solid OpenSCAD_Model
  facet normal 0 0 -1
    outer loop
      vertex -103 -46.5 49.900000000000006
      vertex -103 -41 49.900000000000006
      vertex -95.18973383364857 -43.15663143066406 49.900000000000006
    endloop
  endfacet
  facet normal 0 0 -1
    outer loop
      vertex -103 -46.5 49.900000000000006
      vertex -95.10865543901355 -43.45922011883811 49.900000000000006
      vertex -95.03923048454132 -43.6 49.900000000000006
    endloop
  endfacet
  facet normal 0 0 -1
    outer loop
      vertex -103 -46.5 49.900000000000006
      vertex -95.15911099154688 -43.31058285412303 49.900000000000006
      vertex -95.10865543901355 -43.45922011883811 49.900000000000006
    endloop
  endfacet
  facet normal 0 0 -1
    outer loop
      vertex -103 -46.5 49.900000000000006
      vertex -95.18973383364857 -43.15663143066406 49.900000000000006
      vertex -95.15911099154688 -43.31058285412303 49.900000000000006
    endloop
  endfacet
  facet normal 0 0 -1
    outer loop
      vertex -103 -46.5 49.900000000000006
      vertex -94.73051371481047 -43.95202400834948 49.900000000000006
      vertex -94.6 -44.03923048454133 49.900000000000006
    endloop
  endfacet
  facet normal 0 0 -1
    outer loop
      vertex -103 -46.5 49.900000000000006
      vertex -94.95202400834948 -43.73051371481046 49.900000000000006
      vertex -94.84852813742386 -43.848528137423855 49.900000000000006
    endloop
  endfacet
  facet normal 0 0 -1
    outer loop
      vertex -103 -46.5 49.900000000000006
      vertex -94.84852813742386 -43.848528137423855 49.900000000000006
      vertex -94.73051371481047 -43.95202400834948 49.900000000000006
    endloop
  endfacet
  facet normal 0 0 -1
    outer loop
      vertex -103 -46.5 49.900000000000006
      vertex -94.6 -44.03923048454133 49.900000000000006
      vertex -94.4592201188381 -44.108655439013546 49.900000000000006
    endloop
  endfacet
  facet normal 0 0 -1
    outer loop
      vertex -103 -46.5 49.900000000000006
      vertex -94.4592201188381 -44.108655439013546 49.900000000000006
      vertex -94.31058285412303 -44.15911099154688 49.900000000000006
    endloop
  endfacet
  facet normal 0 0 -1
    outer loop
      vertex -103 -46.5 49.900000000000006
      vertex -95.03923048454132 -43.6 49.900000000000006
      vertex -94.95202400834948 -43.73051371481046 49.900000000000006
    endloop
  endfacet
  facet normal 0 0 -1
    outer loop
      vertex -103 -46.5 49.900000000000006
      vertex -94.31058285412303 -44.15911099154688 49.900000000000006
      vertex -85 -46.5 49.900000000000006
    endloop
  endfacet
  facet normal 0 0 -1
    outer loop
      vertex -103 -41 49.900000000000006
      vertex -95.2 -43 49.900000000000006
      vertex -95.18973383364857 -43.15663143066406 49.900000000000006
    endloop
  endfacet
  facet normal 0 0 -1
    outer loop
      vertex -103 -41 49.900000000000006
      vertex -95.18973383364857 -42.84336856933594 49.900000000000006
      vertex -95.2 -43 49.900000000000006
    endloop
  endfacet
  facet normal 0 0 -1
    outer loop
      vertex -103 -41 49.900000000000006
      vertex -95.15911099154688 -42.68941714587697 49.900000000000006
      vertex -95.18973383364857 -42.84336856933594 49.900000000000006
    endloop
  endfacet
  facet normal 0 0 -1
    outer loop
      vertex -103 -41 49.900000000000006
      vertex -95.10865543901355 -42.54077988116189 49.900000000000006
      vertex -95.15911099154688 -42.68941714587697 49.900000000000006
    endloop
  endfacet
  facet normal 0 0 -1
    outer loop
      vertex -103 -41 49.900000000000006
      vertex -95.03923048454132 -42.4 49.900000000000006
      vertex -95.10865543901355 -42.54077988116189 49.900000000000006
    endloop
  endfacet
  facet normal 0 0 -1
    outer loop
      vertex -103 -41 49.900000000000006
      vertex -94.95202400834948 -42.26948628518954 49.900000000000006
      vertex -95.03923048454132 -42.4 49.900000000000006
    endloop
  endfacet
  facet normal 0 0 -1
    outer loop
      vertex -103 -41 49.900000000000006
      vertex -94.84852813742386 -42.151471862576145 49.900000000000006
      vertex -94.95202400834948 -42.26948628518954 49.900000000000006
    endloop
  endfacet
  facet normal 0 0 -1
    outer loop
      vertex -103 -41 49.900000000000006
      vertex -94.73051371481047 -42.04797599165052 49.900000000000006
      vertex -94.84852813742386 -42.151471862576145 49.900000000000006
    endloop
  endfacet
  facet normal 0 0 -1
    outer loop
      vertex -103 -41 49.900000000000006
      vertex -94.6 -41.96076951545867 49.900000000000006
      vertex -94.73051371481047 -42.04797599165052 49.900000000000006
    endloop
  endfacet
  facet normal 0 0 -1
    outer loop
      vertex -103 -41 49.900000000000006
      vertex -94.4592201188381 -41.891344560986454 49.900000000000006
      vertex -94.6 -41.96076951545867 49.900000000000006
    endloop
  endfacet
  facet normal 0 0 -1
    outer loop
      vertex -103 -41 49.900000000000006
      vertex -94.31058285412303 -41.84088900845312 49.900000000000006
      vertex -94.4592201188381 -41.891344560986454 49.900000000000006
    endloop
  endfacet
  facet normal 0 0 -1
    outer loop
      vertex -103 -41 49.900000000000006
      vertex -94.15663143066406 -41.810266166351425 49.900000000000006
      vertex -94.31058285412303 -41.84088900845312 49.900000000000006
    endloop
  endfacet
  facet normal 0 0 -1
    outer loop
      vertex -103 -41 49.900000000000006
      vertex -94 -41.8 49.900000000000006
      vertex -94.15663143066406 -41.810266166351425 49.900000000000006
    endloop
  endfacet
  facet normal 0 0 -1
    outer loop
      vertex -103 -41 49.900000000000006
      vertex -93.84336856933594 -41.810266166351425 49.900000000000006
      vertex -94 -41.8 49.900000000000006
    endloop
  endfacet
  facet normal 0 0 -1
    outer loop
      vertex -103 -41 49.900000000000006
      vertex -88.85714285714286 -41 49.900000000000006
      vertex -93.84336856933594 -41.810266166351425 49.900000000000006
    endloop
  endfacet
  facet normal 0 0 -1
    outer loop
      vertex -85 -46.5 49.900000000000006
      vertex -94.31058285412303 -44.15911099154688 49.900000000000006
      vertex -94.15663143066406 -44.189733833648575 49.900000000000006
    endloop
  endfacet
  facet normal 0 0 -1
    outer loop
      vertex -85 -46.5 49.900000000000006
      vertex -94.15663143066406 -44.189733833648575 49.900000000000006
      vertex -94 -44.2 49.900000000000006
    endloop
  endfacet
  facet normal 0 0 -1
    outer loop
      vertex -85 -46.5 49.900000000000006
      vertex -94 -44.2 49.900000000000006
      vertex -93.84336856933594 -44.189733833648575 49.900000000000006
    endloop
  endfacet
  facet normal 0 0 -1
    outer loop
      vertex -85 -46.5 49.900000000000006
      vertex -93.84336856933594 -44.189733833648575 49.900000000000006
      vertex -93.68941714587697 -44.15911099154688 49.900000000000006
    endloop
  endfacet
  facet normal 0 0 -1
    outer loop
      vertex -85 -46.5 49.900000000000006
      vertex -93.5407798811619 -44.108655439013546 49.900000000000006
      vertex -93.4 -44.03923048454133 49.900000000000006
    endloop
  endfacet
  facet normal 0 0 -1
    outer loop
      vertex -85 -46.5 49.900000000000006
      vertex -93.68941714587697 -44.15911099154688 49.900000000000006
      vertex -93.5407798811619 -44.108655439013546 49.900000000000006
    endloop
  endfacet
  facet normal 0 0 -1
    outer loop
      vertex -85 -46.5 49.900000000000006
      vertex -93.4 -44.03923048454133 49.900000000000006
      vertex -93.26948628518953 -43.95202400834948 49.900000000000006
    endloop
  endfacet
  facet normal 0 0 -1
    outer loop
      vertex -85 -46.5 49.900000000000006
      vertex -93.26948628518953 -43.95202400834948 49.900000000000006
      vertex -93.15147186257614 -43.848528137423855 49.900000000000006
    endloop
  endfacet
  facet normal 0 0 -1
    outer loop
      vertex -85 -46.5 49.900000000000006
      vertex -93.15147186257614 -43.848528137423855 49.900000000000006
      vertex -93.04797599165052 -43.73051371481046 49.900000000000006
    endloop
  endfacet
  facet normal 0 0 -1
    outer loop
      vertex -85 -46.5 49.900000000000006
      vertex -93.04797599165052 -43.73051371481046 49.900000000000006
      vertex -92.96076951545868 -43.6 49.900000000000006
    endloop
  endfacet
  facet normal 0 0 -1
    outer loop
      vertex -85 -46.5 49.900000000000006
      vertex -92.96076951545868 -43.6 49.900000000000006
      vertex -92.89134456098645 -43.45922011883811 49.900000000000006
    endloop
  endfacet
  facet normal 0 0 -1
    outer loop
      vertex -85 -46.5 49.900000000000006
      vertex -92.89134456098645 -43.45922011883811 49.900000000000006
      vertex -92.84088900845312 -43.31058285412303 49.900000000000006
    endloop
  endfacet
  facet normal 0 0 -1
    outer loop
      vertex -85 -46.5 49.900000000000006
      vertex -92.84088900845312 -43.31058285412303 49.900000000000006
      vertex -92.81026616635143 -43.15663143066406 49.900000000000006
    endloop
  endfacet
  facet normal 0 0 -1
    outer loop
      vertex -85 -46.5 49.900000000000006
      vertex -92.81026616635143 -43.15663143066406 49.900000000000006
      vertex -92.8 -43 49.900000000000006
    endloop
  endfacet
  facet normal 0 0 -1
    outer loop
      vertex -88.85714285714286 -41 49.900000000000006
      vertex -92.81026616635143 -42.84336856933594 49.900000000000006
      vertex -92.84088900845312 -42.68941714587697 49.900000000000006
    endloop
  endfacet
  facet normal 0 0 -1
    outer loop
      vertex -88.85714285714286 -41 49.900000000000006
      vertex -92.84088900845312 -42.68941714587697 49.900000000000006
      vertex -92.89134456098645 -42.54077988116189 49.900000000000006
    endloop
  endfacet
  facet normal 0 0 -1
    outer loop
      vertex -88.85714285714286 -41 49.900000000000006
      vertex -92.8 -43 49.900000000000006
      vertex -92.81026616635143 -42.84336856933594 49.900000000000006
    endloop
  endfacet
  facet normal 0 0 -1
    outer loop
      vertex -88.85714285714286 -41 49.900000000000006
      vertex -93.68941714587697 -41.84088900845312 49.900000000000006
      vertex -93.84336856933594 -41.810266166351425 49.900000000000006
    endloop
  endfacet
  facet normal 0 0 -1
    outer loop
      vertex -88.85714285714286 -41 49.900000000000006
      vertex -93.5407798811619 -41.891344560986454 49.900000000000006
      vertex -93.68941714587697 -41.84088900845312 49.900000000000006
    endloop
  endfacet
  facet normal 0 0 -1
    outer loop
      vertex -88.85714285714286 -41 49.900000000000006
      vertex -93.4 -41.96076951545867 49.900000000000006
      vertex -93.5407798811619 -41.891344560986454 49.900000000000006
    endloop
  endfacet
  facet normal 0 0 -1
    outer loop
      vertex -88.85714285714286 -41 49.900000000000006
      vertex -93.26948628518953 -42.04797599165052 49.900000000000006
      vertex -93.4 -41.96076951545867 49.900000000000006
    endloop
  endfacet
  facet normal 0 0 -1
    outer loop
      vertex -88.85714285714286 -41 49.900000000000006
      vertex -92.89134456098645 -42.54077988116189 49.900000000000006
      vertex -92.96076951545868 -42.4 49.900000000000006
    endloop
  endfacet
  facet normal 0 0 -1
    outer loop
      vertex -88.85714285714286 -41 49.900000000000006
      vertex -92.96076951545868 -42.4 49.900000000000006
      vertex -93.04797599165052 -42.26948628518954 49.900000000000006
    endloop
  endfacet
  facet normal 0 0 -1
    outer loop
      vertex -88.85714285714286 -41 49.900000000000006
      vertex -93.04797599165052 -42.26948628518954 49.900000000000006
      vertex -93.15147186257614 -42.151471862576145 49.900000000000006
    endloop
  endfacet
  facet normal 0 0 -1
    outer loop
      vertex -88.85714285714286 -41 49.900000000000006
      vertex -93.15147186257614 -42.151471862576145 49.900000000000006
      vertex -93.26948628518953 -42.04797599165052 49.900000000000006
    endloop
  endfacet
  facet normal 0 0 -1
    outer loop
      vertex -85 -46.5 49.900000000000006
      vertex -92.8 -43 49.900000000000006
      vertex -88.85714285714286 -41 49.900000000000006
    endloop
  endfacet
  facet normal 0 0 -1
    outer loop
      vertex -85 -46.5 49.900000000000006
      vertex -88.85714285714286 -41 49.900000000000006
      vertex -85 -41 49.900000000000006
    endloop
  endfacet
  facet normal -1 0 0
    outer loop
      vertex -103 -46.5 49.900000000000006
      vertex -103 -41 50.10000000000001
      vertex -103 -41 49.900000000000006
    endloop
  endfacet
  facet normal 0 -1 0
    outer loop
      vertex -103 -46.5 49.900000000000006
      vertex -85 -46.5 49.900000000000006
      vertex -103 -46.5 50.10000000000001
    endloop
  endfacet
  facet normal 1 0 0
    outer loop
      vertex -85 -46.5 49.900000000000006
      vertex -85 -41 49.900000000000006
      vertex -85 -46.5 50.10000000000001
    endloop
  endfacet
  facet normal -1 0 0
    outer loop
      vertex -103 -46.5 49.900000000000006
      vertex -103 -46.5 50.10000000000001
      vertex -103 -41 50.10000000000001
    endloop
  endfacet
  facet normal 0 -1 0
    outer loop
      vertex -85 -46.5 49.900000000000006
      vertex -85 -46.5 50.10000000000001
      vertex -103 -46.5 50.10000000000001
    endloop
  endfacet
  facet normal 1 0 0
    outer loop
      vertex -85 -41 49.900000000000006
      vertex -85 -41 50.10000000000001
      vertex -85 -46.5 50.10000000000001
    endloop
  endfacet
  facet normal 0 0 -1
    outer loop
      vertex 30 -46.5 49.900000000000006
      vertex 30 -41 49.900000000000006
      vertex 37.810266166351425 -43.15663143066406 49.900000000000006
    endloop
  endfacet
  facet normal 0 0 -1
    outer loop
      vertex 30 -46.5 49.900000000000006
      vertex 38.26948628518954 -43.95202400834948 49.900000000000006
      vertex 38.4 -44.03923048454133 49.900000000000006
    endloop
  endfacet
  facet normal 0 0 -1
    outer loop
      vertex 30 -46.5 49.900000000000006
      vertex 38.04797599165052 -43.73051371481046 49.900000000000006
      vertex 38.151471862576145 -43.848528137423855 49.900000000000006
    endloop
  endfacet
  facet normal 0 0 -1
    outer loop
      vertex 30 -46.5 49.900000000000006
      vertex 38.151471862576145 -43.848528137423855 49.900000000000006
      vertex 38.26948628518954 -43.95202400834948 49.900000000000006
    endloop
  endfacet
  facet normal 0 0 -1
    outer loop
      vertex 30 -46.5 49.900000000000006
      vertex 37.891344560986454 -43.45922011883811 49.900000000000006
      vertex 37.96076951545867 -43.6 49.900000000000006
    endloop
  endfacet
  facet normal 0 0 -1
    outer loop
      vertex 30 -46.5 49.900000000000006
      vertex 37.84088900845312 -43.31058285412303 49.900000000000006
      vertex 37.891344560986454 -43.45922011883811 49.900000000000006
    endloop
  endfacet
  facet normal 0 0 -1
    outer loop
      vertex 30 -46.5 49.900000000000006
      vertex 37.810266166351425 -43.15663143066406 49.900000000000006
      vertex 37.84088900845312 -43.31058285412303 49.900000000000006
    endloop
  endfacet
  facet normal 0 0 -1
    outer loop
      vertex 30 -46.5 49.900000000000006
      vertex 37.96076951545867 -43.6 49.900000000000006
      vertex 38.04797599165052 -43.73051371481046 49.900000000000006
    endloop
  endfacet
  facet normal 0 0 -1
    outer loop
      vertex 30 -46.5 49.900000000000006
      vertex 38.4 -44.03923048454133 49.900000000000006
      vertex 38.54077988116189 -44.108655439013546 49.900000000000006
    endloop
  endfacet
  facet normal 0 0 -1
    outer loop
      vertex 30 -46.5 49.900000000000006
      vertex 38.54077988116189 -44.108655439013546 49.900000000000006
      vertex 38.68941714587697 -44.15911099154688 49.900000000000006
    endloop
  endfacet
  facet normal 0 0 -1
    outer loop
      vertex 30 -41 49.900000000000006
      vertex 37.8 -43 49.900000000000006
      vertex 37.810266166351425 -43.15663143066406 49.900000000000006
    endloop
  endfacet
  facet normal 0 0 -1
    outer loop
      vertex 30 -41 49.900000000000006
      vertex 37.810266166351425 -42.84336856933594 49.900000000000006
      vertex 37.8 -43 49.900000000000006
    endloop
  endfacet
  facet normal 0 0 -1
    outer loop
      vertex 30 -41 49.900000000000006
      vertex 37.84088900845312 -42.68941714587697 49.900000000000006
      vertex 37.810266166351425 -42.84336856933594 49.900000000000006
    endloop
  endfacet
  facet normal 0 0 -1
    outer loop
      vertex 30 -41 49.900000000000006
      vertex 37.891344560986454 -42.54077988116189 49.900000000000006
      vertex 37.84088900845312 -42.68941714587697 49.900000000000006
    endloop
  endfacet
  facet normal 0 0 -1
    outer loop
      vertex 30 -41 49.900000000000006
      vertex 37.96076951545867 -42.4 49.900000000000006
      vertex 37.891344560986454 -42.54077988116189 49.900000000000006
    endloop
  endfacet
  facet normal 0 0 -1
    outer loop
      vertex 30 -41 49.900000000000006
      vertex 38.04797599165052 -42.26948628518954 49.900000000000006
      vertex 37.96076951545867 -42.4 49.900000000000006
    endloop
  endfacet
  facet normal 0 0 -1
    outer loop
      vertex 30 -41 49.900000000000006
      vertex 38.151471862576145 -42.151471862576145 49.900000000000006
      vertex 38.04797599165052 -42.26948628518954 49.900000000000006
    endloop
  endfacet
  facet normal 0 0 -1
    outer loop
      vertex 30 -41 49.900000000000006
      vertex 38.26948628518954 -42.04797599165052 49.900000000000006
      vertex 38.151471862576145 -42.151471862576145 49.900000000000006
    endloop
  endfacet
  facet normal 0 0 -1
    outer loop
      vertex 30 -41 49.900000000000006
      vertex 38.4 -41.96076951545867 49.900000000000006
      vertex 38.26948628518954 -42.04797599165052 49.900000000000006
    endloop
  endfacet
  facet normal 0 0 -1
    outer loop
      vertex 30 -41 49.900000000000006
      vertex 38.54077988116189 -41.891344560986454 49.900000000000006
      vertex 38.4 -41.96076951545867 49.900000000000006
    endloop
  endfacet
  facet normal 0 0 -1
    outer loop
      vertex 30 -41 49.900000000000006
      vertex 38.68941714587697 -41.84088900845312 49.900000000000006
      vertex 38.54077988116189 -41.891344560986454 49.900000000000006
    endloop
  endfacet
  facet normal 0 0 -1
    outer loop
      vertex 30 -41 49.900000000000006
      vertex 38.84336856933594 -41.810266166351425 49.900000000000006
      vertex 38.68941714587697 -41.84088900845312 49.900000000000006
    endloop
  endfacet
  facet normal 0 0 -1
    outer loop
      vertex 30 -41 49.900000000000006
      vertex 39.15663143066406 -41.810266166351425 49.900000000000006
      vertex 39 -41.8 49.900000000000006
    endloop
  endfacet
  facet normal 0 0 -1
    outer loop
      vertex 30 -41 49.900000000000006
      vertex 39 -41.8 49.900000000000006
      vertex 38.84336856933594 -41.810266166351425 49.900000000000006
    endloop
  endfacet
  facet normal 0 0 -1
    outer loop
      vertex 30 -41 49.900000000000006
      vertex 44.142857142857146 -41 49.900000000000006
      vertex 39.15663143066406 -41.810266166351425 49.900000000000006
    endloop
  endfacet
  facet normal 0 0 -1
    outer loop
      vertex 30 -46.5 49.900000000000006
      vertex 38.68941714587697 -44.15911099154688 49.900000000000006
      vertex 48 -46.5 49.900000000000006
    endloop
  endfacet
  facet normal 0 0 -1
    outer loop
      vertex 48 -46.5 49.900000000000006
      vertex 38.68941714587697 -44.15911099154688 49.900000000000006
      vertex 38.84336856933594 -44.189733833648575 49.900000000000006
    endloop
  endfacet
  facet normal 0 0 -1
    outer loop
      vertex 48 -46.5 49.900000000000006
      vertex 38.84336856933594 -44.189733833648575 49.900000000000006
      vertex 39 -44.2 49.900000000000006
    endloop
  endfacet
  facet normal 0 0 -1
    outer loop
      vertex 48 -46.5 49.900000000000006
      vertex 39 -44.2 49.900000000000006
      vertex 39.15663143066406 -44.189733833648575 49.900000000000006
    endloop
  endfacet
  facet normal 0 0 -1
    outer loop
      vertex 48 -46.5 49.900000000000006
      vertex 39.15663143066406 -44.189733833648575 49.900000000000006
      vertex 39.31058285412303 -44.15911099154688 49.900000000000006
    endloop
  endfacet
  facet normal 0 0 -1
    outer loop
      vertex 48 -46.5 49.900000000000006
      vertex 39.45922011883811 -44.108655439013546 49.900000000000006
      vertex 39.6 -44.03923048454133 49.900000000000006
    endloop
  endfacet
  facet normal 0 0 -1
    outer loop
      vertex 48 -46.5 49.900000000000006
      vertex 39.31058285412303 -44.15911099154688 49.900000000000006
      vertex 39.45922011883811 -44.108655439013546 49.900000000000006
    endloop
  endfacet
  facet normal 0 0 -1
    outer loop
      vertex 48 -46.5 49.900000000000006
      vertex 39.6 -44.03923048454133 49.900000000000006
      vertex 39.73051371481046 -43.95202400834948 49.900000000000006
    endloop
  endfacet
  facet normal 0 0 -1
    outer loop
      vertex 48 -46.5 49.900000000000006
      vertex 39.73051371481046 -43.95202400834948 49.900000000000006
      vertex 39.848528137423855 -43.848528137423855 49.900000000000006
    endloop
  endfacet
  facet normal 0 0 -1
    outer loop
      vertex 48 -46.5 49.900000000000006
      vertex 39.848528137423855 -43.848528137423855 49.900000000000006
      vertex 39.95202400834948 -43.73051371481046 49.900000000000006
    endloop
  endfacet
  facet normal 0 0 -1
    outer loop
      vertex 48 -46.5 49.900000000000006
      vertex 39.95202400834948 -43.73051371481046 49.900000000000006
      vertex 40.03923048454133 -43.6 49.900000000000006
    endloop
  endfacet
  facet normal 0 0 -1
    outer loop
      vertex 48 -46.5 49.900000000000006
      vertex 40.03923048454133 -43.6 49.900000000000006
      vertex 40.108655439013546 -43.45922011883811 49.900000000000006
    endloop
  endfacet
  facet normal 0 0 -1
    outer loop
      vertex 48 -46.5 49.900000000000006
      vertex 40.108655439013546 -43.45922011883811 49.900000000000006
      vertex 40.15911099154688 -43.31058285412303 49.900000000000006
    endloop
  endfacet
  facet normal 0 0 -1
    outer loop
      vertex 48 -46.5 49.900000000000006
      vertex 40.15911099154688 -43.31058285412303 49.900000000000006
      vertex 40.189733833648575 -43.15663143066406 49.900000000000006
    endloop
  endfacet
  facet normal 0 0 -1
    outer loop
      vertex 48 -46.5 49.900000000000006
      vertex 40.189733833648575 -43.15663143066406 49.900000000000006
      vertex 40.2 -43 49.900000000000006
    endloop
  endfacet
  facet normal 0 0 -1
    outer loop
      vertex 44.142857142857146 -41 49.900000000000006
      vertex 39.31058285412303 -41.84088900845312 49.900000000000006
      vertex 39.15663143066406 -41.810266166351425 49.900000000000006
    endloop
  endfacet
  facet normal 0 0 -1
    outer loop
      vertex 44.142857142857146 -41 49.900000000000006
      vertex 40.2 -43 49.900000000000006
      vertex 40.189733833648575 -42.84336856933594 49.900000000000006
    endloop
  endfacet
  facet normal 0 0 -1
    outer loop
      vertex 44.142857142857146 -41 49.900000000000006
      vertex 40.189733833648575 -42.84336856933594 49.900000000000006
      vertex 40.15911099154688 -42.68941714587697 49.900000000000006
    endloop
  endfacet
  facet normal 0 0 -1
    outer loop
      vertex 44.142857142857146 -41 49.900000000000006
      vertex 40.15911099154688 -42.68941714587697 49.900000000000006
      vertex 40.108655439013546 -42.54077988116189 49.900000000000006
    endloop
  endfacet
  facet normal 0 0 -1
    outer loop
      vertex 44.142857142857146 -41 49.900000000000006
      vertex 40.108655439013546 -42.54077988116189 49.900000000000006
      vertex 40.03923048454133 -42.4 49.900000000000006
    endloop
  endfacet
  facet normal 0 0 -1
    outer loop
      vertex 44.142857142857146 -41 49.900000000000006
      vertex 40.03923048454133 -42.4 49.900000000000006
      vertex 39.95202400834948 -42.26948628518954 49.900000000000006
    endloop
  endfacet
  facet normal 0 0 -1
    outer loop
      vertex 44.142857142857146 -41 49.900000000000006
      vertex 39.95202400834948 -42.26948628518954 49.900000000000006
      vertex 39.848528137423855 -42.151471862576145 49.900000000000006
    endloop
  endfacet
  facet normal 0 0 -1
    outer loop
      vertex 44.142857142857146 -41 49.900000000000006
      vertex 39.848528137423855 -42.151471862576145 49.900000000000006
      vertex 39.73051371481046 -42.04797599165052 49.900000000000006
    endloop
  endfacet
  facet normal 0 0 -1
    outer loop
      vertex 44.142857142857146 -41 49.900000000000006
      vertex 39.6 -41.96076951545867 49.900000000000006
      vertex 39.45922011883811 -41.891344560986454 49.900000000000006
    endloop
  endfacet
  facet normal 0 0 -1
    outer loop
      vertex 44.142857142857146 -41 49.900000000000006
      vertex 39.45922011883811 -41.891344560986454 49.900000000000006
      vertex 39.31058285412303 -41.84088900845312 49.900000000000006
    endloop
  endfacet
  facet normal 0 0 -1
    outer loop
      vertex 44.142857142857146 -41 49.900000000000006
      vertex 39.73051371481046 -42.04797599165052 49.900000000000006
      vertex 39.6 -41.96076951545867 49.900000000000006
    endloop
  endfacet
  facet normal 0 0 -1
    outer loop
      vertex 48 -46.5 49.900000000000006
      vertex 40.2 -43 49.900000000000006
      vertex 44.142857142857146 -41 49.900000000000006
    endloop
  endfacet
  facet normal 0 0 -1
    outer loop
      vertex 48 -46.5 49.900000000000006
      vertex 44.142857142857146 -41 49.900000000000006
      vertex 48 -41 49.900000000000006
    endloop
  endfacet
  facet normal -1 0 0
    outer loop
      vertex 30 -46.5 49.900000000000006
      vertex 30 -41 50.10000000000001
      vertex 30 -41 49.900000000000006
    endloop
  endfacet
  facet normal 0 -1 0
    outer loop
      vertex 30 -46.5 49.900000000000006
      vertex 48 -46.5 49.900000000000006
      vertex 30 -46.5 50.10000000000001
    endloop
  endfacet
  facet normal 1 0 0
    outer loop
      vertex 48 -46.5 49.900000000000006
      vertex 48 -41 49.900000000000006
      vertex 48 -46.5 50.10000000000001
    endloop
  endfacet
  facet normal -1 0 0
    outer loop
      vertex 30 -46.5 49.900000000000006
      vertex 30 -46.5 50.10000000000001
      vertex 30 -41 50.10000000000001
    endloop
  endfacet
  facet normal 0 -1 0
    outer loop
      vertex 48 -46.5 49.900000000000006
      vertex 48 -46.5 50.10000000000001
      vertex 30 -46.5 50.10000000000001
    endloop
  endfacet
  facet normal 1 0 0
    outer loop
      vertex 48 -41 49.900000000000006
      vertex 48 -41 50.10000000000001
      vertex 48 -46.5 50.10000000000001
    endloop
  endfacet
  facet normal 0 0 -1
    outer loop
      vertex -103 43 49.900000000000006
      vertex -103 48.5 49.900000000000006
      vertex -99.14285714285714 43 49.900000000000006
    endloop
  endfacet
  facet normal 0 0 -1
    outer loop
      vertex -99.14285714285714 43 49.900000000000006
      vertex -103 48.5 49.900000000000006
      vertex -95.2 45 49.900000000000006
    endloop
  endfacet
  facet normal 0 0 -1
    outer loop
      vertex -99.14285714285714 43 49.900000000000006
      vertex -94.73051371481047 44.04797599165052 49.900000000000006
      vertex -94.6 43.96076951545867 49.900000000000006
    endloop
  endfacet
  facet normal 0 0 -1
    outer loop
      vertex -99.14285714285714 43 49.900000000000006
      vertex -94.4592201188381 43.891344560986454 49.900000000000006
      vertex -94.31058285412303 43.84088900845312 49.900000000000006
    endloop
  endfacet
  facet normal 0 0 -1
    outer loop
      vertex -99.14285714285714 43 49.900000000000006
      vertex -94.6 43.96076951545867 49.900000000000006
      vertex -94.4592201188381 43.891344560986454 49.900000000000006
    endloop
  endfacet
  facet normal 0 0 -1
    outer loop
      vertex -99.14285714285714 43 49.900000000000006
      vertex -94.84852813742386 44.151471862576145 49.900000000000006
      vertex -94.73051371481047 44.04797599165052 49.900000000000006
    endloop
  endfacet
  facet normal 0 0 -1
    outer loop
      vertex -99.14285714285714 43 49.900000000000006
      vertex -94.95202400834948 44.26948628518954 49.900000000000006
      vertex -94.84852813742386 44.151471862576145 49.900000000000006
    endloop
  endfacet
  facet normal 0 0 -1
    outer loop
      vertex -99.14285714285714 43 49.900000000000006
      vertex -95.03923048454132 44.4 49.900000000000006
      vertex -94.95202400834948 44.26948628518954 49.900000000000006
    endloop
  endfacet
  facet normal 0 0 -1
    outer loop
      vertex -99.14285714285714 43 49.900000000000006
      vertex -95.10865543901355 44.54077988116189 49.900000000000006
      vertex -95.03923048454132 44.4 49.900000000000006
    endloop
  endfacet
  facet normal 0 0 -1
    outer loop
      vertex -99.14285714285714 43 49.900000000000006
      vertex -95.15911099154688 44.68941714587697 49.900000000000006
      vertex -95.10865543901355 44.54077988116189 49.900000000000006
    endloop
  endfacet
  facet normal 0 0 -1
    outer loop
      vertex -99.14285714285714 43 49.900000000000006
      vertex -95.18973383364857 44.84336856933594 49.900000000000006
      vertex -95.15911099154688 44.68941714587697 49.900000000000006
    endloop
  endfacet
  facet normal 0 0 -1
    outer loop
      vertex -99.14285714285714 43 49.900000000000006
      vertex -95.2 45 49.900000000000006
      vertex -95.18973383364857 44.84336856933594 49.900000000000006
    endloop
  endfacet
  facet normal 0 0 -1
    outer loop
      vertex -99.14285714285714 43 49.900000000000006
      vertex -94.31058285412303 43.84088900845312 49.900000000000006
      vertex -94.15663143066406 43.810266166351425 49.900000000000006
    endloop
  endfacet
  facet normal 0 0 -1
    outer loop
      vertex -103 48.5 49.900000000000006
      vertex -95.18973383364857 45.15663143066406 49.900000000000006
      vertex -95.2 45 49.900000000000006
    endloop
  endfacet
  facet normal 0 0 -1
    outer loop
      vertex -103 48.5 49.900000000000006
      vertex -95.15911099154688 45.31058285412303 49.900000000000006
      vertex -95.18973383364857 45.15663143066406 49.900000000000006
    endloop
  endfacet
  facet normal 0 0 -1
    outer loop
      vertex -103 48.5 49.900000000000006
      vertex -95.10865543901355 45.45922011883811 49.900000000000006
      vertex -95.15911099154688 45.31058285412303 49.900000000000006
    endloop
  endfacet
  facet normal 0 0 -1
    outer loop
      vertex -103 48.5 49.900000000000006
      vertex -95.03923048454132 45.6 49.900000000000006
      vertex -95.10865543901355 45.45922011883811 49.900000000000006
    endloop
  endfacet
  facet normal 0 0 -1
    outer loop
      vertex -103 48.5 49.900000000000006
      vertex -94.95202400834948 45.73051371481046 49.900000000000006
      vertex -95.03923048454132 45.6 49.900000000000006
    endloop
  endfacet
  facet normal 0 0 -1
    outer loop
      vertex -103 48.5 49.900000000000006
      vertex -94.84852813742386 45.848528137423855 49.900000000000006
      vertex -94.95202400834948 45.73051371481046 49.900000000000006
    endloop
  endfacet
  facet normal 0 0 -1
    outer loop
      vertex -103 48.5 49.900000000000006
      vertex -94.73051371481047 45.95202400834948 49.900000000000006
      vertex -94.84852813742386 45.848528137423855 49.900000000000006
    endloop
  endfacet
  facet normal 0 0 -1
    outer loop
      vertex -103 48.5 49.900000000000006
      vertex -94.6 46.03923048454133 49.900000000000006
      vertex -94.73051371481047 45.95202400834948 49.900000000000006
    endloop
  endfacet
  facet normal 0 0 -1
    outer loop
      vertex -103 48.5 49.900000000000006
      vertex -94.4592201188381 46.108655439013546 49.900000000000006
      vertex -94.6 46.03923048454133 49.900000000000006
    endloop
  endfacet
  facet normal 0 0 -1
    outer loop
      vertex -103 48.5 49.900000000000006
      vertex -94.31058285412303 46.15911099154688 49.900000000000006
      vertex -94.4592201188381 46.108655439013546 49.900000000000006
    endloop
  endfacet
  facet normal 0 0 -1
    outer loop
      vertex -103 48.5 49.900000000000006
      vertex -94.15663143066406 46.189733833648575 49.900000000000006
      vertex -94.31058285412303 46.15911099154688 49.900000000000006
    endloop
  endfacet
  facet normal 0 0 -1
    outer loop
      vertex -103 48.5 49.900000000000006
      vertex -94 46.2 49.900000000000006
      vertex -94.15663143066406 46.189733833648575 49.900000000000006
    endloop
  endfacet
  facet normal 0 0 -1
    outer loop
      vertex -103 48.5 49.900000000000006
      vertex -93.68941714587697 46.15911099154688 49.900000000000006
      vertex -93.84336856933594 46.189733833648575 49.900000000000006
    endloop
  endfacet
  facet normal 0 0 -1
    outer loop
      vertex -103 48.5 49.900000000000006
      vertex -93.84336856933594 46.189733833648575 49.900000000000006
      vertex -94 46.2 49.900000000000006
    endloop
  endfacet
  facet normal 0 0 -1
    outer loop
      vertex -103 48.5 49.900000000000006
      vertex -85 48.5 49.900000000000006
      vertex -93.68941714587697 46.15911099154688 49.900000000000006
    endloop
  endfacet
  facet normal 0 0 -1
    outer loop
      vertex -99.14285714285714 43 49.900000000000006
      vertex -94.15663143066406 43.810266166351425 49.900000000000006
      vertex -85 43 49.900000000000006
    endloop
  endfacet
  facet normal 0 0 -1
    outer loop
      vertex -85 43 49.900000000000006
      vertex -94.15663143066406 43.810266166351425 49.900000000000006
      vertex -94 43.8 49.900000000000006
    endloop
  endfacet
  facet normal 0 0 -1
    outer loop
      vertex -85 43 49.900000000000006
      vertex -94 43.8 49.900000000000006
      vertex -93.84336856933594 43.810266166351425 49.900000000000006
    endloop
  endfacet
  facet normal 0 0 -1
    outer loop
      vertex -85 43 49.900000000000006
      vertex -93.84336856933594 43.810266166351425 49.900000000000006
      vertex -93.68941714587697 43.84088900845312 49.900000000000006
    endloop
  endfacet
  facet normal 0 0 -1
    outer loop
      vertex -85 43 49.900000000000006
      vertex -93.68941714587697 43.84088900845312 49.900000000000006
      vertex -93.5407798811619 43.891344560986454 49.900000000000006
    endloop
  endfacet
  facet normal 0 0 -1
    outer loop
      vertex -85 43 49.900000000000006
      vertex -93.5407798811619 43.891344560986454 49.900000000000006
      vertex -93.4 43.96076951545867 49.900000000000006
    endloop
  endfacet
  facet normal 0 0 -1
    outer loop
      vertex -85 43 49.900000000000006
      vertex -93.4 43.96076951545867 49.900000000000006
      vertex -93.26948628518953 44.04797599165052 49.900000000000006
    endloop
  endfacet
  facet normal 0 0 -1
    outer loop
      vertex -85 43 49.900000000000006
      vertex -93.26948628518953 44.04797599165052 49.900000000000006
      vertex -93.15147186257614 44.151471862576145 49.900000000000006
    endloop
  endfacet
  facet normal 0 0 -1
    outer loop
      vertex -85 43 49.900000000000006
      vertex -93.15147186257614 44.151471862576145 49.900000000000006
      vertex -93.04797599165052 44.26948628518954 49.900000000000006
    endloop
  endfacet
  facet normal 0 0 -1
    outer loop
      vertex -85 43 49.900000000000006
      vertex -93.04797599165052 44.26948628518954 49.900000000000006
      vertex -92.96076951545868 44.4 49.900000000000006
    endloop
  endfacet
  facet normal 0 0 -1
    outer loop
      vertex -85 43 49.900000000000006
      vertex -92.96076951545868 44.4 49.900000000000006
      vertex -92.89134456098645 44.54077988116189 49.900000000000006
    endloop
  endfacet
  facet normal 0 0 -1
    outer loop
      vertex -85 43 49.900000000000006
      vertex -92.89134456098645 44.54077988116189 49.900000000000006
      vertex -92.84088900845312 44.68941714587697 49.900000000000006
    endloop
  endfacet
  facet normal 0 0 -1
    outer loop
      vertex -85 43 49.900000000000006
      vertex -92.84088900845312 44.68941714587697 49.900000000000006
      vertex -92.81026616635143 44.84336856933594 49.900000000000006
    endloop
  endfacet
  facet normal 0 0 -1
    outer loop
      vertex -85 43 49.900000000000006
      vertex -92.81026616635143 44.84336856933594 49.900000000000006
      vertex -92.8 45 49.900000000000006
    endloop
  endfacet
  facet normal 0 0 -1
    outer loop
      vertex -85 43 49.900000000000006
      vertex -92.8 45 49.900000000000006
      vertex -92.81026616635143 45.15663143066406 49.900000000000006
    endloop
  endfacet
  facet normal 0 0 -1
    outer loop
      vertex -85 48.5 49.900000000000006
      vertex -93.4 46.03923048454133 49.900000000000006
      vertex -93.5407798811619 46.108655439013546 49.900000000000006
    endloop
  endfacet
  facet normal 0 0 -1
    outer loop
      vertex -85 48.5 49.900000000000006
      vertex -93.5407798811619 46.108655439013546 49.900000000000006
      vertex -93.68941714587697 46.15911099154688 49.900000000000006
    endloop
  endfacet
  facet normal 0 0 -1
    outer loop
      vertex -85 48.5 49.900000000000006
      vertex -92.96076951545868 45.6 49.900000000000006
      vertex -93.04797599165052 45.73051371481046 49.900000000000006
    endloop
  endfacet
  facet normal 0 0 -1
    outer loop
      vertex -85 48.5 49.900000000000006
      vertex -92.81026616635143 45.15663143066406 49.900000000000006
      vertex -92.84088900845312 45.31058285412303 49.900000000000006
    endloop
  endfacet
  facet normal 0 0 -1
    outer loop
      vertex -85 48.5 49.900000000000006
      vertex -92.84088900845312 45.31058285412303 49.900000000000006
      vertex -92.89134456098645 45.45922011883811 49.900000000000006
    endloop
  endfacet
  facet normal 0 0 -1
    outer loop
      vertex -85 48.5 49.900000000000006
      vertex -92.89134456098645 45.45922011883811 49.900000000000006
      vertex -92.96076951545868 45.6 49.900000000000006
    endloop
  endfacet
  facet normal 0 0 -1
    outer loop
      vertex -85 48.5 49.900000000000006
      vertex -93.15147186257614 45.848528137423855 49.900000000000006
      vertex -93.26948628518953 45.95202400834948 49.900000000000006
    endloop
  endfacet
  facet normal 0 0 -1
    outer loop
      vertex -85 48.5 49.900000000000006
      vertex -93.04797599165052 45.73051371481046 49.900000000000006
      vertex -93.15147186257614 45.848528137423855 49.900000000000006
    endloop
  endfacet
  facet normal 0 0 -1
    outer loop
      vertex -85 48.5 49.900000000000006
      vertex -93.26948628518953 45.95202400834948 49.900000000000006
      vertex -93.4 46.03923048454133 49.900000000000006
    endloop
  endfacet
  facet normal 0 0 -1
    outer loop
      vertex -85 43 49.900000000000006
      vertex -92.81026616635143 45.15663143066406 49.900000000000006
      vertex -85 48.5 49.900000000000006
    endloop
  endfacet
  facet normal -1 0 0
    outer loop
      vertex -103 43 49.900000000000006
      vertex -103 48.5 50.10000000000001
      vertex -103 48.5 49.900000000000006
    endloop
  endfacet
  facet normal 0 1 0
    outer loop
      vertex -103 48.5 49.900000000000006
      vertex -85 48.5 50.10000000000001
      vertex -85 48.5 49.900000000000006
    endloop
  endfacet
  facet normal 1 0 0
    outer loop
      vertex -85 43 49.900000000000006
      vertex -85 48.5 49.900000000000006
      vertex -85 43 50.10000000000001
    endloop
  endfacet
  facet normal -1 0 0
    outer loop
      vertex -103 43 49.900000000000006
      vertex -103 43 50.10000000000001
      vertex -103 48.5 50.10000000000001
    endloop
  endfacet
  facet normal 0 1 0
    outer loop
      vertex -103 48.5 49.900000000000006
      vertex -103 48.5 50.10000000000001
      vertex -85 48.5 50.10000000000001
    endloop
  endfacet
  facet normal 1 0 0
    outer loop
      vertex -85 48.5 49.900000000000006
      vertex -85 48.5 50.10000000000001
      vertex -85 43 50.10000000000001
    endloop
  endfacet
  facet normal 0 0 -1
    outer loop
      vertex 30 43 49.900000000000006
      vertex 30 48.5 49.900000000000006
      vertex 33.857142857142854 43 49.900000000000006
    endloop
  endfacet
  facet normal 0 0 -1
    outer loop
      vertex 33.857142857142854 43 49.900000000000006
      vertex 30 48.5 49.900000000000006
      vertex 37.8 45 49.900000000000006
    endloop
  endfacet
  facet normal 0 0 -1
    outer loop
      vertex 33.857142857142854 43 49.900000000000006
      vertex 38.151471862576145 44.151471862576145 49.900000000000006
      vertex 38.26948628518954 44.04797599165052 49.900000000000006
    endloop
  endfacet
  facet normal 0 0 -1
    outer loop
      vertex 33.857142857142854 43 49.900000000000006
      vertex 38.04797599165052 44.26948628518954 49.900000000000006
      vertex 38.151471862576145 44.151471862576145 49.900000000000006
    endloop
  endfacet
  facet normal 0 0 -1
    outer loop
      vertex 33.857142857142854 43 49.900000000000006
      vertex 37.96076951545867 44.4 49.900000000000006
      vertex 38.04797599165052 44.26948628518954 49.900000000000006
    endloop
  endfacet
  facet normal 0 0 -1
    outer loop
      vertex 33.857142857142854 43 49.900000000000006
      vertex 37.891344560986454 44.54077988116189 49.900000000000006
      vertex 37.96076951545867 44.4 49.900000000000006
    endloop
  endfacet
  facet normal 0 0 -1
    outer loop
      vertex 33.857142857142854 43 49.900000000000006
      vertex 38.26948628518954 44.04797599165052 49.900000000000006
      vertex 38.4 43.96076951545867 49.900000000000006
    endloop
  endfacet
  facet normal 0 0 -1
    outer loop
      vertex 33.857142857142854 43 49.900000000000006
      vertex 38.4 43.96076951545867 49.900000000000006
      vertex 38.54077988116189 43.891344560986454 49.900000000000006
    endloop
  endfacet
  facet normal 0 0 -1
    outer loop
      vertex 33.857142857142854 43 49.900000000000006
      vertex 38.54077988116189 43.891344560986454 49.900000000000006
      vertex 38.68941714587697 43.84088900845312 49.900000000000006
    endloop
  endfacet
  facet normal 0 0 -1
    outer loop
      vertex 33.857142857142854 43 49.900000000000006
      vertex 38.68941714587697 43.84088900845312 49.900000000000006
      vertex 38.84336856933594 43.810266166351425 49.900000000000006
    endloop
  endfacet
  facet normal 0 0 -1
    outer loop
      vertex 33.857142857142854 43 49.900000000000006
      vertex 37.8 45 49.900000000000006
      vertex 37.810266166351425 44.84336856933594 49.900000000000006
    endloop
  endfacet
  facet normal 0 0 -1
    outer loop
      vertex 33.857142857142854 43 49.900000000000006
      vertex 37.84088900845312 44.68941714587697 49.900000000000006
      vertex 37.891344560986454 44.54077988116189 49.900000000000006
    endloop
  endfacet
  facet normal 0 0 -1
    outer loop
      vertex 33.857142857142854 43 49.900000000000006
      vertex 37.810266166351425 44.84336856933594 49.900000000000006
      vertex 37.84088900845312 44.68941714587697 49.900000000000006
    endloop
  endfacet
  facet normal 0 0 -1
    outer loop
      vertex 30 48.5 49.900000000000006
      vertex 37.810266166351425 45.15663143066406 49.900000000000006
      vertex 37.8 45 49.900000000000006
    endloop
  endfacet
  facet normal 0 0 -1
    outer loop
      vertex 30 48.5 49.900000000000006
      vertex 37.84088900845312 45.31058285412303 49.900000000000006
      vertex 37.810266166351425 45.15663143066406 49.900000000000006
    endloop
  endfacet
  facet normal 0 0 -1
    outer loop
      vertex 30 48.5 49.900000000000006
      vertex 37.891344560986454 45.45922011883811 49.900000000000006
      vertex 37.84088900845312 45.31058285412303 49.900000000000006
    endloop
  endfacet
  facet normal 0 0 -1
    outer loop
      vertex 30 48.5 49.900000000000006
      vertex 37.96076951545867 45.6 49.900000000000006
      vertex 37.891344560986454 45.45922011883811 49.900000000000006
    endloop
  endfacet
  facet normal 0 0 -1
    outer loop
      vertex 30 48.5 49.900000000000006
      vertex 38.04797599165052 45.73051371481046 49.900000000000006
      vertex 37.96076951545867 45.6 49.900000000000006
    endloop
  endfacet
  facet normal 0 0 -1
    outer loop
      vertex 30 48.5 49.900000000000006
      vertex 38.151471862576145 45.848528137423855 49.900000000000006
      vertex 38.04797599165052 45.73051371481046 49.900000000000006
    endloop
  endfacet
  facet normal 0 0 -1
    outer loop
      vertex 30 48.5 49.900000000000006
      vertex 38.26948628518954 45.95202400834948 49.900000000000006
      vertex 38.151471862576145 45.848528137423855 49.900000000000006
    endloop
  endfacet
  facet normal 0 0 -1
    outer loop
      vertex 30 48.5 49.900000000000006
      vertex 38.4 46.03923048454133 49.900000000000006
      vertex 38.26948628518954 45.95202400834948 49.900000000000006
    endloop
  endfacet
  facet normal 0 0 -1
    outer loop
      vertex 30 48.5 49.900000000000006
      vertex 38.54077988116189 46.108655439013546 49.900000000000006
      vertex 38.4 46.03923048454133 49.900000000000006
    endloop
  endfacet
  facet normal 0 0 -1
    outer loop
      vertex 30 48.5 49.900000000000006
      vertex 38.68941714587697 46.15911099154688 49.900000000000006
      vertex 38.54077988116189 46.108655439013546 49.900000000000006
    endloop
  endfacet
  facet normal 0 0 -1
    outer loop
      vertex 30 48.5 49.900000000000006
      vertex 38.84336856933594 46.189733833648575 49.900000000000006
      vertex 38.68941714587697 46.15911099154688 49.900000000000006
    endloop
  endfacet
  facet normal 0 0 -1
    outer loop
      vertex 30 48.5 49.900000000000006
      vertex 39.15663143066406 46.189733833648575 49.900000000000006
      vertex 39 46.2 49.900000000000006
    endloop
  endfacet
  facet normal 0 0 -1
    outer loop
      vertex 30 48.5 49.900000000000006
      vertex 39 46.2 49.900000000000006
      vertex 38.84336856933594 46.189733833648575 49.900000000000006
    endloop
  endfacet
  facet normal 0 0 -1
    outer loop
      vertex 30 48.5 49.900000000000006
      vertex 39.31058285412303 46.15911099154688 49.900000000000006
      vertex 39.15663143066406 46.189733833648575 49.900000000000006
    endloop
  endfacet
  facet normal 0 0 -1
    outer loop
      vertex 33.857142857142854 43 49.900000000000006
      vertex 38.84336856933594 43.810266166351425 49.900000000000006
      vertex 48 43 49.900000000000006
    endloop
  endfacet
  facet normal 0 0 -1
    outer loop
      vertex 48 43 49.900000000000006
      vertex 38.84336856933594 43.810266166351425 49.900000000000006
      vertex 39 43.8 49.900000000000006
    endloop
  endfacet
  facet normal 0 0 -1
    outer loop
      vertex 48 43 49.900000000000006
      vertex 39 43.8 49.900000000000006
      vertex 39.15663143066406 43.810266166351425 49.900000000000006
    endloop
  endfacet
  facet normal 0 0 -1
    outer loop
      vertex 48 43 49.900000000000006
      vertex 39.15663143066406 43.810266166351425 49.900000000000006
      vertex 39.31058285412303 43.84088900845312 49.900000000000006
    endloop
  endfacet
  facet normal 0 0 -1
    outer loop
      vertex 48 43 49.900000000000006
      vertex 39.31058285412303 43.84088900845312 49.900000000000006
      vertex 39.45922011883811 43.891344560986454 49.900000000000006
    endloop
  endfacet
  facet normal 0 0 -1
    outer loop
      vertex 48 43 49.900000000000006
      vertex 39.45922011883811 43.891344560986454 49.900000000000006
      vertex 39.6 43.96076951545867 49.900000000000006
    endloop
  endfacet
  facet normal 0 0 -1
    outer loop
      vertex 48 43 49.900000000000006
      vertex 39.6 43.96076951545867 49.900000000000006
      vertex 39.73051371481046 44.04797599165052 49.900000000000006
    endloop
  endfacet
  facet normal 0 0 -1
    outer loop
      vertex 48 43 49.900000000000006
      vertex 39.73051371481046 44.04797599165052 49.900000000000006
      vertex 39.848528137423855 44.151471862576145 49.900000000000006
    endloop
  endfacet
  facet normal 0 0 -1
    outer loop
      vertex 48 43 49.900000000000006
      vertex 39.848528137423855 44.151471862576145 49.900000000000006
      vertex 39.95202400834948 44.26948628518954 49.900000000000006
    endloop
  endfacet
  facet normal 0 0 -1
    outer loop
      vertex 48 43 49.900000000000006
      vertex 39.95202400834948 44.26948628518954 49.900000000000006
      vertex 40.03923048454133 44.4 49.900000000000006
    endloop
  endfacet
  facet normal 0 0 -1
    outer loop
      vertex 48 43 49.900000000000006
      vertex 40.03923048454133 44.4 49.900000000000006
      vertex 40.108655439013546 44.54077988116189 49.900000000000006
    endloop
  endfacet
  facet normal 0 0 -1
    outer loop
      vertex 48 43 49.900000000000006
      vertex 40.108655439013546 44.54077988116189 49.900000000000006
      vertex 40.15911099154688 44.68941714587697 49.900000000000006
    endloop
  endfacet
  facet normal 0 0 -1
    outer loop
      vertex 48 43 49.900000000000006
      vertex 40.15911099154688 44.68941714587697 49.900000000000006
      vertex 40.189733833648575 44.84336856933594 49.900000000000006
    endloop
  endfacet
  facet normal 0 0 -1
    outer loop
      vertex 48 43 49.900000000000006
      vertex 40.189733833648575 44.84336856933594 49.900000000000006
      vertex 40.2 45 49.900000000000006
    endloop
  endfacet
  facet normal 0 0 -1
    outer loop
      vertex 48 43 49.900000000000006
      vertex 40.2 45 49.900000000000006
      vertex 40.189733833648575 45.15663143066406 49.900000000000006
    endloop
  endfacet
  facet normal 0 0 -1
    outer loop
      vertex 30 48.5 49.900000000000006
      vertex 48 48.5 49.900000000000006
      vertex 39.31058285412303 46.15911099154688 49.900000000000006
    endloop
  endfacet
  facet normal 0 0 -1
    outer loop
      vertex 48 48.5 49.900000000000006
      vertex 40.03923048454133 45.6 49.900000000000006
      vertex 39.95202400834948 45.73051371481046 49.900000000000006
    endloop
  endfacet
  facet normal 0 0 -1
    outer loop
      vertex 48 48.5 49.900000000000006
      vertex 39.6 46.03923048454133 49.900000000000006
      vertex 39.45922011883811 46.108655439013546 49.900000000000006
    endloop
  endfacet
  facet normal 0 0 -1
    outer loop
      vertex 48 48.5 49.900000000000006
      vertex 39.45922011883811 46.108655439013546 49.900000000000006
      vertex 39.31058285412303 46.15911099154688 49.900000000000006
    endloop
  endfacet
  facet normal 0 0 -1
    outer loop
      vertex 48 48.5 49.900000000000006
      vertex 39.848528137423855 45.848528137423855 49.900000000000006
      vertex 39.73051371481046 45.95202400834948 49.900000000000006
    endloop
  endfacet
  facet normal 0 0 -1
    outer loop
      vertex 48 48.5 49.900000000000006
      vertex 39.95202400834948 45.73051371481046 49.900000000000006
      vertex 39.848528137423855 45.848528137423855 49.900000000000006
    endloop
  endfacet
  facet normal 0 0 -1
    outer loop
      vertex 48 48.5 49.900000000000006
      vertex 39.73051371481046 45.95202400834948 49.900000000000006
      vertex 39.6 46.03923048454133 49.900000000000006
    endloop
  endfacet
  facet normal 0 0 -1
    outer loop
      vertex 48 48.5 49.900000000000006
      vertex 40.189733833648575 45.15663143066406 49.900000000000006
      vertex 40.15911099154688 45.31058285412303 49.900000000000006
    endloop
  endfacet
  facet normal 0 0 -1
    outer loop
      vertex 48 48.5 49.900000000000006
      vertex 40.15911099154688 45.31058285412303 49.900000000000006
      vertex 40.108655439013546 45.45922011883811 49.900000000000006
    endloop
  endfacet
  facet normal 0 0 -1
    outer loop
      vertex 48 48.5 49.900000000000006
      vertex 40.108655439013546 45.45922011883811 49.900000000000006
      vertex 40.03923048454133 45.6 49.900000000000006
    endloop
  endfacet
  facet normal 0 0 -1
    outer loop
      vertex 48 43 49.900000000000006
      vertex 40.189733833648575 45.15663143066406 49.900000000000006
      vertex 48 48.5 49.900000000000006
    endloop
  endfacet
  facet normal -1 0 0
    outer loop
      vertex 30 43 49.900000000000006
      vertex 30 48.5 50.10000000000001
      vertex 30 48.5 49.900000000000006
    endloop
  endfacet
  facet normal 0 1 0
    outer loop
      vertex 30 48.5 49.900000000000006
      vertex 48 48.5 50.10000000000001
      vertex 48 48.5 49.900000000000006
    endloop
  endfacet
  facet normal 1 0 0
    outer loop
      vertex 48 43 49.900000000000006
      vertex 48 48.5 49.900000000000006
      vertex 48 43 50.10000000000001
    endloop
  endfacet
  facet normal -1 0 0
    outer loop
      vertex 30 43 49.900000000000006
      vertex 30 43 50.10000000000001
      vertex 30 48.5 50.10000000000001
    endloop
  endfacet
  facet normal 0 1 0
    outer loop
      vertex 30 48.5 49.900000000000006
      vertex 30 48.5 50.10000000000001
      vertex 48 48.5 50.10000000000001
    endloop
  endfacet
  facet normal 1 0 0
    outer loop
      vertex 48 48.5 49.900000000000006
      vertex 48 48.5 50.10000000000001
      vertex 48 43 50.10000000000001
    endloop
  endfacet
  facet normal 0 1 0
    outer loop
      vertex -103 -41 49.900000000000006
      vertex -103 -41 50.10000000000001
      vertex -88.85714285714286 -41 49.900000000000006
    endloop
  endfacet
  facet normal 0 1 0
    outer loop
      vertex -88.85714285714286 -41 49.900000000000006
      vertex -85 -41 50.10000000000001
      vertex -85 -41 49.900000000000006
    endloop
  endfacet
  facet normal 0 1 0
    outer loop
      vertex -88.85714285714286 -41 49.900000000000006
      vertex -103 -41 50.10000000000001
      vertex -85 -41 50.10000000000001
    endloop
  endfacet
  facet normal 0 -1 0
    outer loop
      vertex -103 43 49.900000000000006
      vertex -99.14285714285714 43 49.900000000000006
      vertex -103 43 50.10000000000001
    endloop
  endfacet
  facet normal 0 -1 0
    outer loop
      vertex -99.14285714285714 43 49.900000000000006
      vertex -85 43 49.900000000000006
      vertex -103 43 50.10000000000001
    endloop
  endfacet
  facet normal 0 -1 0
    outer loop
      vertex -85 43 49.900000000000006
      vertex -85 43 50.10000000000001
      vertex -103 43 50.10000000000001
    endloop
  endfacet
  facet normal 0 1 0
    outer loop
      vertex 30 -41 49.900000000000006
      vertex 48 -41 50.10000000000001
      vertex 44.142857142857146 -41 49.900000000000006
    endloop
  endfacet
  facet normal 0 1 0
    outer loop
      vertex 44.142857142857146 -41 49.900000000000006
      vertex 48 -41 50.10000000000001
      vertex 48 -41 49.900000000000006
    endloop
  endfacet
  facet normal 0 1 0
    outer loop
      vertex 30 -41 49.900000000000006
      vertex 30 -41 50.10000000000001
      vertex 48 -41 50.10000000000001
    endloop
  endfacet
  facet normal 0 -1 0
    outer loop
      vertex 30 43 49.900000000000006
      vertex 33.857142857142854 43 49.900000000000006
      vertex 30 43 50.10000000000001
    endloop
  endfacet
  facet normal 0 -1 0
    outer loop
      vertex 33.857142857142854 43 49.900000000000006
      vertex 48 43 49.900000000000006
      vertex 48 43 50.10000000000001
    endloop
  endfacet
  facet normal 0 -1 0
    outer loop
      vertex 33.857142857142854 43 49.900000000000006
      vertex 48 43 50.10000000000001
      vertex 30 43 50.10000000000001
    endloop
  endfacet
  facet normal 0.7518398074789696 0.6593458151000776 0
    outer loop
      vertex -94.95202400834948 -43.73051371481046 50.10000000000001
      vertex -94.84852813742386 -43.848528137423855 49.900000000000006
      vertex -94.95202400834948 -43.73051371481046 49.900000000000006
    endloop
  endfacet
  facet normal 0.6593458151001 0.75183980747895 0
    outer loop
      vertex -94.84852813742386 -43.848528137423855 50.10000000000001
      vertex -94.73051371481047 -43.95202400834948 49.900000000000006
      vertex -94.84852813742386 -43.848528137423855 49.900000000000006
    endloop
  endfacet
  facet normal 0.8314696123025579 0.5555702330195834 0
    outer loop
      vertex -95.03923048454132 -43.6 50.10000000000001
      vertex -94.95202400834948 -43.73051371481046 49.900000000000006
      vertex -95.03923048454132 -43.6 49.900000000000006
    endloop
  endfacet
  facet normal 0.5555702330195728 0.8314696123025648 0
    outer loop
      vertex -94.73051371481047 -43.95202400834948 50.10000000000001
      vertex -94.6 -44.03923048454133 49.900000000000006
      vertex -94.73051371481047 -43.95202400834948 49.900000000000006
    endloop
  endfacet
  facet normal 0.44228869021900913 0.8968727415326845 0
    outer loop
      vertex -94.6 -44.03923048454133 50.10000000000001
      vertex -94.4592201188381 -44.108655439013546 49.900000000000006
      vertex -94.6 -44.03923048454133 49.900000000000006
    endloop
  endfacet
  facet normal 0.32143946530316114 0.9469301294951058 0
    outer loop
      vertex -94.4592201188381 -44.108655439013546 50.10000000000001
      vertex -94.31058285412303 -44.15911099154688 49.900000000000006
      vertex -94.4592201188381 -44.108655439013546 49.900000000000006
    endloop
  endfacet
  facet normal 0.19509032201614018 0.9807852804032281 0
    outer loop
      vertex -94.31058285412303 -44.15911099154688 50.10000000000001
      vertex -94.15663143066406 -44.189733833648575 49.900000000000006
      vertex -94.31058285412303 -44.15911099154688 49.900000000000006
    endloop
  endfacet
  facet normal 0.06540312923014742 0.9978589232386033 0
    outer loop
      vertex -94.15663143066406 -44.189733833648575 50.10000000000001
      vertex -94 -44.2 49.900000000000006
      vertex -94.15663143066406 -44.189733833648575 49.900000000000006
    endloop
  endfacet
  facet normal -0.06540312923014742 0.9978589232386033 0
    outer loop
      vertex -94 -44.2 50.10000000000001
      vertex -93.84336856933594 -44.189733833648575 49.900000000000006
      vertex -94 -44.2 49.900000000000006
    endloop
  endfacet
  facet normal -0.19509032201614018 0.9807852804032281 0
    outer loop
      vertex -93.84336856933594 -44.189733833648575 50.10000000000001
      vertex -93.68941714587697 -44.15911099154688 49.900000000000006
      vertex -93.84336856933594 -44.189733833648575 49.900000000000006
    endloop
  endfacet
  facet normal -0.32143946530316114 0.9469301294951058 0
    outer loop
      vertex -93.68941714587697 -44.15911099154688 50.10000000000001
      vertex -93.5407798811619 -44.108655439013546 49.900000000000006
      vertex -93.68941714587697 -44.15911099154688 49.900000000000006
    endloop
  endfacet
  facet normal 0.8968727415326665 0.44228869021904554 0
    outer loop
      vertex -95.10865543901355 -43.45922011883811 50.10000000000001
      vertex -95.03923048454132 -43.6 49.900000000000006
      vertex -95.10865543901355 -43.45922011883811 49.900000000000006
    endloop
  endfacet
  facet normal 0.9469301294951106 0.3214394653031473 0
    outer loop
      vertex -95.15911099154688 -43.31058285412303 50.10000000000001
      vertex -95.10865543901355 -43.45922011883811 49.900000000000006
      vertex -95.15911099154688 -43.31058285412303 49.900000000000006
    endloop
  endfacet
  facet normal 0.9807852804032281 0.19509032201614018 0
    outer loop
      vertex -95.18973383364857 -43.15663143066406 50.10000000000001
      vertex -95.15911099154688 -43.31058285412303 49.900000000000006
      vertex -95.18973383364857 -43.15663143066406 49.900000000000006
    endloop
  endfacet
  facet normal 0.9978589232386033 0.06540312923014742 0
    outer loop
      vertex -95.2 -43 50.10000000000001
      vertex -95.18973383364857 -43.15663143066406 49.900000000000006
      vertex -95.2 -43 49.900000000000006
    endloop
  endfacet
  facet normal 0.9978589232386033 -0.06540312923014742 0
    outer loop
      vertex -95.18973383364857 -42.84336856933594 50.10000000000001
      vertex -95.2 -43 49.900000000000006
      vertex -95.18973383364857 -42.84336856933594 49.900000000000006
    endloop
  endfacet
  facet normal 0.9807852804032281 -0.19509032201614018 0
    outer loop
      vertex -95.15911099154688 -42.68941714587697 50.10000000000001
      vertex -95.18973383364857 -42.84336856933594 49.900000000000006
      vertex -95.15911099154688 -42.68941714587697 49.900000000000006
    endloop
  endfacet
  facet normal 0.9469301294951106 -0.3214394653031473 0
    outer loop
      vertex -95.10865543901355 -42.54077988116189 50.10000000000001
      vertex -95.15911099154688 -42.68941714587697 49.900000000000006
      vertex -95.10865543901355 -42.54077988116189 49.900000000000006
    endloop
  endfacet
  facet normal 0.8968727415326665 -0.44228869021904554 0
    outer loop
      vertex -95.03923048454132 -42.4 50.10000000000001
      vertex -95.10865543901355 -42.54077988116189 49.900000000000006
      vertex -95.03923048454132 -42.4 49.900000000000006
    endloop
  endfacet
  facet normal 0.8314696123025579 -0.5555702330195834 0
    outer loop
      vertex -94.95202400834948 -42.26948628518954 50.10000000000001
      vertex -95.03923048454132 -42.4 49.900000000000006
      vertex -94.95202400834948 -42.26948628518954 49.900000000000006
    endloop
  endfacet
  facet normal 0.7518398074789696 -0.6593458151000776 0
    outer loop
      vertex -94.84852813742386 -42.151471862576145 50.10000000000001
      vertex -94.95202400834948 -42.26948628518954 49.900000000000006
      vertex -94.84852813742386 -42.151471862576145 49.900000000000006
    endloop
  endfacet
  facet normal 0.6593458151001 -0.75183980747895 0
    outer loop
      vertex -94.73051371481047 -42.04797599165052 50.10000000000001
      vertex -94.84852813742386 -42.151471862576145 49.900000000000006
      vertex -94.73051371481047 -42.04797599165052 49.900000000000006
    endloop
  endfacet
  facet normal 0.5555702330195728 -0.8314696123025648 0
    outer loop
      vertex -94.6 -41.96076951545867 50.10000000000001
      vertex -94.73051371481047 -42.04797599165052 49.900000000000006
      vertex -94.6 -41.96076951545867 49.900000000000006
    endloop
  endfacet
  facet normal 0.44228869021900913 -0.8968727415326845 0
    outer loop
      vertex -94.4592201188381 -41.891344560986454 50.10000000000001
      vertex -94.6 -41.96076951545867 49.900000000000006
      vertex -94.4592201188381 -41.891344560986454 49.900000000000006
    endloop
  endfacet
  facet normal 0.32143946530316114 -0.9469301294951058 0
    outer loop
      vertex -94.31058285412303 -41.84088900845312 50.10000000000001
      vertex -94.4592201188381 -41.891344560986454 49.900000000000006
      vertex -94.31058285412303 -41.84088900845312 49.900000000000006
    endloop
  endfacet
  facet normal 0.19509032201614018 -0.9807852804032281 0
    outer loop
      vertex -94.15663143066406 -41.810266166351425 50.10000000000001
      vertex -94.31058285412303 -41.84088900845312 49.900000000000006
      vertex -94.15663143066406 -41.810266166351425 49.900000000000006
    endloop
  endfacet
  facet normal 0.06540312923014742 -0.9978589232386033 0
    outer loop
      vertex -94 -41.8 50.10000000000001
      vertex -94.15663143066406 -41.810266166351425 49.900000000000006
      vertex -94 -41.8 49.900000000000006
    endloop
  endfacet
  facet normal -0.06540312923014742 -0.9978589232386033 0
    outer loop
      vertex -93.84336856933594 -41.810266166351425 50.10000000000001
      vertex -94 -41.8 49.900000000000006
      vertex -93.84336856933594 -41.810266166351425 49.900000000000006
    endloop
  endfacet
  facet normal -0.32143946530316114 -0.9469301294951058 0
    outer loop
      vertex -93.5407798811619 -41.891344560986454 50.10000000000001
      vertex -93.68941714587697 -41.84088900845312 49.900000000000006
      vertex -93.5407798811619 -41.891344560986454 49.900000000000006
    endloop
  endfacet
  facet normal -0.19509032201614018 -0.9807852804032281 0
    outer loop
      vertex -93.68941714587697 -41.84088900845312 50.10000000000001
      vertex -93.84336856933594 -41.810266166351425 49.900000000000006
      vertex -93.68941714587697 -41.84088900845312 49.900000000000006
    endloop
  endfacet
  facet normal -0.44228869021900913 0.8968727415326845 0
    outer loop
      vertex -93.5407798811619 -44.108655439013546 50.10000000000001
      vertex -93.4 -44.03923048454133 49.900000000000006
      vertex -93.5407798811619 -44.108655439013546 49.900000000000006
    endloop
  endfacet
  facet normal -0.5555702330195728 0.8314696123025648 0
    outer loop
      vertex -93.4 -44.03923048454133 50.10000000000001
      vertex -93.26948628518953 -43.95202400834948 49.900000000000006
      vertex -93.4 -44.03923048454133 49.900000000000006
    endloop
  endfacet
  facet normal -0.6593458151001 0.75183980747895 0
    outer loop
      vertex -93.26948628518953 -43.95202400834948 50.10000000000001
      vertex -93.15147186257614 -43.848528137423855 49.900000000000006
      vertex -93.26948628518953 -43.95202400834948 49.900000000000006
    endloop
  endfacet
  facet normal -0.7518398074789696 0.6593458151000776 0
    outer loop
      vertex -93.15147186257614 -43.848528137423855 50.10000000000001
      vertex -93.04797599165052 -43.73051371481046 49.900000000000006
      vertex -93.15147186257614 -43.848528137423855 49.900000000000006
    endloop
  endfacet
  facet normal -0.8314696123025579 0.5555702330195834 0
    outer loop
      vertex -93.04797599165052 -43.73051371481046 50.10000000000001
      vertex -92.96076951545868 -43.6 49.900000000000006
      vertex -93.04797599165052 -43.73051371481046 49.900000000000006
    endloop
  endfacet
  facet normal -0.8968727415326665 0.44228869021904554 0
    outer loop
      vertex -92.96076951545868 -43.6 50.10000000000001
      vertex -92.89134456098645 -43.45922011883811 49.900000000000006
      vertex -92.96076951545868 -43.6 49.900000000000006
    endloop
  endfacet
  facet normal -0.9469301294951106 0.3214394653031473 0
    outer loop
      vertex -92.89134456098645 -43.45922011883811 50.10000000000001
      vertex -92.84088900845312 -43.31058285412303 49.900000000000006
      vertex -92.89134456098645 -43.45922011883811 49.900000000000006
    endloop
  endfacet
  facet normal -0.9807852804032281 0.19509032201614018 0
    outer loop
      vertex -92.84088900845312 -43.31058285412303 50.10000000000001
      vertex -92.81026616635143 -43.15663143066406 49.900000000000006
      vertex -92.84088900845312 -43.31058285412303 49.900000000000006
    endloop
  endfacet
  facet normal -0.9978589232386033 0.06540312923014742 0
    outer loop
      vertex -92.81026616635143 -43.15663143066406 50.10000000000001
      vertex -92.8 -43 49.900000000000006
      vertex -92.81026616635143 -43.15663143066406 49.900000000000006
    endloop
  endfacet
  facet normal -0.9978589232386033 -0.06540312923014742 0
    outer loop
      vertex -92.8 -43 50.10000000000001
      vertex -92.81026616635143 -42.84336856933594 49.900000000000006
      vertex -92.8 -43 49.900000000000006
    endloop
  endfacet
  facet normal -0.9807852804032281 -0.19509032201614018 0
    outer loop
      vertex -92.81026616635143 -42.84336856933594 50.10000000000001
      vertex -92.84088900845312 -42.68941714587697 49.900000000000006
      vertex -92.81026616635143 -42.84336856933594 49.900000000000006
    endloop
  endfacet
  facet normal -0.8314696123025579 -0.5555702330195834 0
    outer loop
      vertex -92.96076951545868 -42.4 50.10000000000001
      vertex -93.04797599165052 -42.26948628518954 49.900000000000006
      vertex -92.96076951545868 -42.4 49.900000000000006
    endloop
  endfacet
  facet normal -0.6593458151001 -0.75183980747895 0
    outer loop
      vertex -93.15147186257614 -42.151471862576145 50.10000000000001
      vertex -93.26948628518953 -42.04797599165052 49.900000000000006
      vertex -93.15147186257614 -42.151471862576145 49.900000000000006
    endloop
  endfacet
  facet normal -0.7518398074789696 -0.6593458151000776 0
    outer loop
      vertex -93.04797599165052 -42.26948628518954 50.10000000000001
      vertex -93.15147186257614 -42.151471862576145 49.900000000000006
      vertex -93.04797599165052 -42.26948628518954 49.900000000000006
    endloop
  endfacet
  facet normal -0.9469301294951106 -0.3214394653031473 0
    outer loop
      vertex -92.84088900845312 -42.68941714587697 50.10000000000001
      vertex -92.89134456098645 -42.54077988116189 49.900000000000006
      vertex -92.84088900845312 -42.68941714587697 49.900000000000006
    endloop
  endfacet
  facet normal -0.8968727415326665 -0.44228869021904554 0
    outer loop
      vertex -92.89134456098645 -42.54077988116189 50.10000000000001
      vertex -92.96076951545868 -42.4 49.900000000000006
      vertex -92.89134456098645 -42.54077988116189 49.900000000000006
    endloop
  endfacet
  facet normal -0.44228869021900913 -0.8968727415326845 0
    outer loop
      vertex -93.4 -41.96076951545867 50.10000000000001
      vertex -93.5407798811619 -41.891344560986454 49.900000000000006
      vertex -93.4 -41.96076951545867 49.900000000000006
    endloop
  endfacet
  facet normal -0.5555702330195728 -0.8314696123025648 0
    outer loop
      vertex -93.26948628518953 -42.04797599165052 50.10000000000001
      vertex -93.4 -41.96076951545867 49.900000000000006
      vertex -93.26948628518953 -42.04797599165052 49.900000000000006
    endloop
  endfacet
  facet normal 0.6593458151001 0.75183980747895 0
    outer loop
      vertex -94.84852813742386 -43.848528137423855 50.10000000000001
      vertex -94.73051371481047 -43.95202400834948 50.10000000000001
      vertex -94.73051371481047 -43.95202400834948 49.900000000000006
    endloop
  endfacet
  facet normal 0.8968727415326665 0.44228869021904554 0
    outer loop
      vertex -95.03923048454132 -43.6 50.10000000000001
      vertex -95.03923048454132 -43.6 49.900000000000006
      vertex -95.10865543901355 -43.45922011883811 50.10000000000001
    endloop
  endfacet
  facet normal 0.7518398074789696 0.6593458151000776 0
    outer loop
      vertex -94.95202400834948 -43.73051371481046 50.10000000000001
      vertex -94.84852813742386 -43.848528137423855 50.10000000000001
      vertex -94.84852813742386 -43.848528137423855 49.900000000000006
    endloop
  endfacet
  facet normal 0.8314696123025579 0.5555702330195834 0
    outer loop
      vertex -95.03923048454132 -43.6 50.10000000000001
      vertex -94.95202400834948 -43.73051371481046 50.10000000000001
      vertex -94.95202400834948 -43.73051371481046 49.900000000000006
    endloop
  endfacet
  facet normal 0.5555702330195728 0.8314696123025648 0
    outer loop
      vertex -94.6 -44.03923048454133 50.10000000000001
      vertex -94.6 -44.03923048454133 49.900000000000006
      vertex -94.73051371481047 -43.95202400834948 50.10000000000001
    endloop
  endfacet
  facet normal 0.44228869021900913 0.8968727415326845 0
    outer loop
      vertex -94.4592201188381 -44.108655439013546 50.10000000000001
      vertex -94.4592201188381 -44.108655439013546 49.900000000000006
      vertex -94.6 -44.03923048454133 50.10000000000001
    endloop
  endfacet
  facet normal 0.32143946530316114 0.9469301294951058 0
    outer loop
      vertex -94.4592201188381 -44.108655439013546 50.10000000000001
      vertex -94.31058285412303 -44.15911099154688 50.10000000000001
      vertex -94.31058285412303 -44.15911099154688 49.900000000000006
    endloop
  endfacet
  facet normal 0.19509032201614018 0.9807852804032281 0
    outer loop
      vertex -94.31058285412303 -44.15911099154688 50.10000000000001
      vertex -94.15663143066406 -44.189733833648575 50.10000000000001
      vertex -94.15663143066406 -44.189733833648575 49.900000000000006
    endloop
  endfacet
  facet normal 0.06540312923014742 0.9978589232386033 0
    outer loop
      vertex -94.15663143066406 -44.189733833648575 50.10000000000001
      vertex -94 -44.2 50.10000000000001
      vertex -94 -44.2 49.900000000000006
    endloop
  endfacet
  facet normal -0.06540312923014742 0.9978589232386033 0
    outer loop
      vertex -94 -44.2 50.10000000000001
      vertex -93.84336856933594 -44.189733833648575 50.10000000000001
      vertex -93.84336856933594 -44.189733833648575 49.900000000000006
    endloop
  endfacet
  facet normal -0.19509032201614018 0.9807852804032281 0
    outer loop
      vertex -93.84336856933594 -44.189733833648575 50.10000000000001
      vertex -93.68941714587697 -44.15911099154688 50.10000000000001
      vertex -93.68941714587697 -44.15911099154688 49.900000000000006
    endloop
  endfacet
  facet normal -0.32143946530316114 0.9469301294951058 0
    outer loop
      vertex -93.68941714587697 -44.15911099154688 50.10000000000001
      vertex -93.5407798811619 -44.108655439013546 50.10000000000001
      vertex -93.5407798811619 -44.108655439013546 49.900000000000006
    endloop
  endfacet
  facet normal 0.9469301294951106 0.3214394653031473 0
    outer loop
      vertex -95.10865543901355 -43.45922011883811 50.10000000000001
      vertex -95.10865543901355 -43.45922011883811 49.900000000000006
      vertex -95.15911099154688 -43.31058285412303 50.10000000000001
    endloop
  endfacet
  facet normal 0.9807852804032281 0.19509032201614018 0
    outer loop
      vertex -95.15911099154688 -43.31058285412303 50.10000000000001
      vertex -95.15911099154688 -43.31058285412303 49.900000000000006
      vertex -95.18973383364857 -43.15663143066406 50.10000000000001
    endloop
  endfacet
  facet normal 0.9978589232386033 0.06540312923014742 0
    outer loop
      vertex -95.18973383364857 -43.15663143066406 50.10000000000001
      vertex -95.18973383364857 -43.15663143066406 49.900000000000006
      vertex -95.2 -43 50.10000000000001
    endloop
  endfacet
  facet normal 0.9978589232386033 -0.06540312923014742 0
    outer loop
      vertex -95.2 -43 50.10000000000001
      vertex -95.2 -43 49.900000000000006
      vertex -95.18973383364857 -42.84336856933594 50.10000000000001
    endloop
  endfacet
  facet normal 0.9807852804032281 -0.19509032201614018 0
    outer loop
      vertex -95.18973383364857 -42.84336856933594 50.10000000000001
      vertex -95.18973383364857 -42.84336856933594 49.900000000000006
      vertex -95.15911099154688 -42.68941714587697 50.10000000000001
    endloop
  endfacet
  facet normal 0.9469301294951106 -0.3214394653031473 0
    outer loop
      vertex -95.15911099154688 -42.68941714587697 50.10000000000001
      vertex -95.15911099154688 -42.68941714587697 49.900000000000006
      vertex -95.10865543901355 -42.54077988116189 50.10000000000001
    endloop
  endfacet
  facet normal 0.8968727415326665 -0.44228869021904554 0
    outer loop
      vertex -95.10865543901355 -42.54077988116189 50.10000000000001
      vertex -95.10865543901355 -42.54077988116189 49.900000000000006
      vertex -95.03923048454132 -42.4 50.10000000000001
    endloop
  endfacet
  facet normal 0.8314696123025579 -0.5555702330195834 0
    outer loop
      vertex -95.03923048454132 -42.4 50.10000000000001
      vertex -95.03923048454132 -42.4 49.900000000000006
      vertex -94.95202400834948 -42.26948628518954 50.10000000000001
    endloop
  endfacet
  facet normal 0.7518398074789696 -0.6593458151000776 0
    outer loop
      vertex -94.95202400834948 -42.26948628518954 50.10000000000001
      vertex -94.95202400834948 -42.26948628518954 49.900000000000006
      vertex -94.84852813742386 -42.151471862576145 50.10000000000001
    endloop
  endfacet
  facet normal 0.6593458151001 -0.75183980747895 0
    outer loop
      vertex -94.84852813742386 -42.151471862576145 50.10000000000001
      vertex -94.84852813742386 -42.151471862576145 49.900000000000006
      vertex -94.73051371481047 -42.04797599165052 50.10000000000001
    endloop
  endfacet
  facet normal 0.5555702330195728 -0.8314696123025648 0
    outer loop
      vertex -94.73051371481047 -42.04797599165052 50.10000000000001
      vertex -94.73051371481047 -42.04797599165052 49.900000000000006
      vertex -94.6 -41.96076951545867 50.10000000000001
    endloop
  endfacet
  facet normal 0.44228869021900913 -0.8968727415326845 0
    outer loop
      vertex -94.6 -41.96076951545867 50.10000000000001
      vertex -94.6 -41.96076951545867 49.900000000000006
      vertex -94.4592201188381 -41.891344560986454 50.10000000000001
    endloop
  endfacet
  facet normal 0.32143946530316114 -0.9469301294951058 0
    outer loop
      vertex -94.4592201188381 -41.891344560986454 50.10000000000001
      vertex -94.4592201188381 -41.891344560986454 49.900000000000006
      vertex -94.31058285412303 -41.84088900845312 50.10000000000001
    endloop
  endfacet
  facet normal 0.19509032201614018 -0.9807852804032281 0
    outer loop
      vertex -94.31058285412303 -41.84088900845312 50.10000000000001
      vertex -94.31058285412303 -41.84088900845312 49.900000000000006
      vertex -94.15663143066406 -41.810266166351425 50.10000000000001
    endloop
  endfacet
  facet normal 0.06540312923014742 -0.9978589232386033 0
    outer loop
      vertex -94.15663143066406 -41.810266166351425 50.10000000000001
      vertex -94.15663143066406 -41.810266166351425 49.900000000000006
      vertex -94 -41.8 50.10000000000001
    endloop
  endfacet
  facet normal -0.06540312923014742 -0.9978589232386033 0
    outer loop
      vertex -94 -41.8 50.10000000000001
      vertex -94 -41.8 49.900000000000006
      vertex -93.84336856933594 -41.810266166351425 50.10000000000001
    endloop
  endfacet
  facet normal -0.19509032201614018 -0.9807852804032281 0
    outer loop
      vertex -93.84336856933594 -41.810266166351425 50.10000000000001
      vertex -93.84336856933594 -41.810266166351425 49.900000000000006
      vertex -93.68941714587697 -41.84088900845312 50.10000000000001
    endloop
  endfacet
  facet normal -0.32143946530316114 -0.9469301294951058 0
    outer loop
      vertex -93.68941714587697 -41.84088900845312 50.10000000000001
      vertex -93.68941714587697 -41.84088900845312 49.900000000000006
      vertex -93.5407798811619 -41.891344560986454 50.10000000000001
    endloop
  endfacet
  facet normal -0.44228869021900913 0.8968727415326845 0
    outer loop
      vertex -93.5407798811619 -44.108655439013546 50.10000000000001
      vertex -93.4 -44.03923048454133 50.10000000000001
      vertex -93.4 -44.03923048454133 49.900000000000006
    endloop
  endfacet
  facet normal -0.5555702330195728 0.8314696123025648 0
    outer loop
      vertex -93.4 -44.03923048454133 50.10000000000001
      vertex -93.26948628518953 -43.95202400834948 50.10000000000001
      vertex -93.26948628518953 -43.95202400834948 49.900000000000006
    endloop
  endfacet
  facet normal -0.6593458151001 0.75183980747895 0
    outer loop
      vertex -93.26948628518953 -43.95202400834948 50.10000000000001
      vertex -93.15147186257614 -43.848528137423855 50.10000000000001
      vertex -93.15147186257614 -43.848528137423855 49.900000000000006
    endloop
  endfacet
  facet normal -0.7518398074789696 0.6593458151000776 0
    outer loop
      vertex -93.15147186257614 -43.848528137423855 50.10000000000001
      vertex -93.04797599165052 -43.73051371481046 50.10000000000001
      vertex -93.04797599165052 -43.73051371481046 49.900000000000006
    endloop
  endfacet
  facet normal -0.8314696123025579 0.5555702330195834 0
    outer loop
      vertex -93.04797599165052 -43.73051371481046 50.10000000000001
      vertex -92.96076951545868 -43.6 50.10000000000001
      vertex -92.96076951545868 -43.6 49.900000000000006
    endloop
  endfacet
  facet normal -0.8968727415326665 0.44228869021904554 0
    outer loop
      vertex -92.96076951545868 -43.6 50.10000000000001
      vertex -92.89134456098645 -43.45922011883811 50.10000000000001
      vertex -92.89134456098645 -43.45922011883811 49.900000000000006
    endloop
  endfacet
  facet normal -0.9469301294951106 0.3214394653031473 0
    outer loop
      vertex -92.89134456098645 -43.45922011883811 50.10000000000001
      vertex -92.84088900845312 -43.31058285412303 50.10000000000001
      vertex -92.84088900845312 -43.31058285412303 49.900000000000006
    endloop
  endfacet
  facet normal -0.9807852804032281 0.19509032201614018 0
    outer loop
      vertex -92.84088900845312 -43.31058285412303 50.10000000000001
      vertex -92.81026616635143 -43.15663143066406 50.10000000000001
      vertex -92.81026616635143 -43.15663143066406 49.900000000000006
    endloop
  endfacet
  facet normal -0.9978589232386033 0.06540312923014742 0
    outer loop
      vertex -92.81026616635143 -43.15663143066406 50.10000000000001
      vertex -92.8 -43 50.10000000000001
      vertex -92.8 -43 49.900000000000006
    endloop
  endfacet
  facet normal -0.9978589232386033 -0.06540312923014742 0
    outer loop
      vertex -92.8 -43 50.10000000000001
      vertex -92.81026616635143 -42.84336856933594 50.10000000000001
      vertex -92.81026616635143 -42.84336856933594 49.900000000000006
    endloop
  endfacet
  facet normal -0.8314696123025579 -0.5555702330195834 0
    outer loop
      vertex -93.04797599165052 -42.26948628518954 50.10000000000001
      vertex -93.04797599165052 -42.26948628518954 49.900000000000006
      vertex -92.96076951545868 -42.4 50.10000000000001
    endloop
  endfacet
  facet normal -0.6593458151001 -0.75183980747895 0
    outer loop
      vertex -93.26948628518953 -42.04797599165052 50.10000000000001
      vertex -93.26948628518953 -42.04797599165052 49.900000000000006
      vertex -93.15147186257614 -42.151471862576145 50.10000000000001
    endloop
  endfacet
  facet normal -0.7518398074789696 -0.6593458151000776 0
    outer loop
      vertex -93.04797599165052 -42.26948628518954 50.10000000000001
      vertex -93.15147186257614 -42.151471862576145 50.10000000000001
      vertex -93.15147186257614 -42.151471862576145 49.900000000000006
    endloop
  endfacet
  facet normal -0.9807852804032281 -0.19509032201614018 0
    outer loop
      vertex -92.81026616635143 -42.84336856933594 50.10000000000001
      vertex -92.84088900845312 -42.68941714587697 50.10000000000001
      vertex -92.84088900845312 -42.68941714587697 49.900000000000006
    endloop
  endfacet
  facet normal -0.9469301294951106 -0.3214394653031473 0
    outer loop
      vertex -92.84088900845312 -42.68941714587697 50.10000000000001
      vertex -92.89134456098645 -42.54077988116189 50.10000000000001
      vertex -92.89134456098645 -42.54077988116189 49.900000000000006
    endloop
  endfacet
  facet normal -0.8968727415326665 -0.44228869021904554 0
    outer loop
      vertex -92.89134456098645 -42.54077988116189 50.10000000000001
      vertex -92.96076951545868 -42.4 50.10000000000001
      vertex -92.96076951545868 -42.4 49.900000000000006
    endloop
  endfacet
  facet normal -0.44228869021900913 -0.8968727415326845 0
    outer loop
      vertex -93.5407798811619 -41.891344560986454 50.10000000000001
      vertex -93.5407798811619 -41.891344560986454 49.900000000000006
      vertex -93.4 -41.96076951545867 50.10000000000001
    endloop
  endfacet
  facet normal -0.5555702330195728 -0.8314696123025648 0
    outer loop
      vertex -93.26948628518953 -42.04797599165052 50.10000000000001
      vertex -93.4 -41.96076951545867 50.10000000000001
      vertex -93.4 -41.96076951545867 49.900000000000006
    endloop
  endfacet
  facet normal 0.5555702330196147 0.8314696123025369 0
    outer loop
      vertex 38.26948628518954 -43.95202400834948 50.10000000000001
      vertex 38.4 -44.03923048454133 49.900000000000006
      vertex 38.26948628518954 -43.95202400834948 49.900000000000006
    endloop
  endfacet
  facet normal 0.44228869021900913 0.8968727415326845 0
    outer loop
      vertex 38.4 -44.03923048454133 50.10000000000001
      vertex 38.54077988116189 -44.108655439013546 49.900000000000006
      vertex 38.4 -44.03923048454133 49.900000000000006
    endloop
  endfacet
  facet normal 0.7518398074789696 0.6593458151000776 0
    outer loop
      vertex 38.04797599165052 -43.73051371481046 50.10000000000001
      vertex 38.151471862576145 -43.848528137423855 49.900000000000006
      vertex 38.04797599165052 -43.73051371481046 49.900000000000006
    endloop
  endfacet
  facet normal 0.6593458151000776 0.7518398074789696 0
    outer loop
      vertex 38.151471862576145 -43.848528137423855 50.10000000000001
      vertex 38.26948628518954 -43.95202400834948 49.900000000000006
      vertex 38.151471862576145 -43.848528137423855 49.900000000000006
    endloop
  endfacet
  facet normal 0.8314696123025369 0.5555702330196147 0
    outer loop
      vertex 37.96076951545867 -43.6 50.10000000000001
      vertex 38.04797599165052 -43.73051371481046 49.900000000000006
      vertex 37.96076951545867 -43.6 49.900000000000006
    endloop
  endfacet
  facet normal 0.8968727415326845 0.44228869021900913 0
    outer loop
      vertex 37.891344560986454 -43.45922011883811 50.10000000000001
      vertex 37.96076951545867 -43.6 49.900000000000006
      vertex 37.891344560986454 -43.45922011883811 49.900000000000006
    endloop
  endfacet
  facet normal 0.9469301294951106 0.3214394653031473 0
    outer loop
      vertex 37.84088900845312 -43.31058285412303 50.10000000000001
      vertex 37.891344560986454 -43.45922011883811 49.900000000000006
      vertex 37.84088900845312 -43.31058285412303 49.900000000000006
    endloop
  endfacet
  facet normal 0.9807852804032281 0.19509032201614018 0
    outer loop
      vertex 37.810266166351425 -43.15663143066406 50.10000000000001
      vertex 37.84088900845312 -43.31058285412303 49.900000000000006
      vertex 37.810266166351425 -43.15663143066406 49.900000000000006
    endloop
  endfacet
  facet normal 0.9978589232386033 0.06540312923014742 0
    outer loop
      vertex 37.8 -43 50.10000000000001
      vertex 37.810266166351425 -43.15663143066406 49.900000000000006
      vertex 37.8 -43 49.900000000000006
    endloop
  endfacet
  facet normal 0.9978589232386033 -0.06540312923014742 0
    outer loop
      vertex 37.810266166351425 -42.84336856933594 50.10000000000001
      vertex 37.8 -43 49.900000000000006
      vertex 37.810266166351425 -42.84336856933594 49.900000000000006
    endloop
  endfacet
  facet normal 0.9807852804032281 -0.19509032201614018 0
    outer loop
      vertex 37.84088900845312 -42.68941714587697 50.10000000000001
      vertex 37.810266166351425 -42.84336856933594 49.900000000000006
      vertex 37.84088900845312 -42.68941714587697 49.900000000000006
    endloop
  endfacet
  facet normal 0.9469301294951106 -0.3214394653031473 0
    outer loop
      vertex 37.891344560986454 -42.54077988116189 50.10000000000001
      vertex 37.84088900845312 -42.68941714587697 49.900000000000006
      vertex 37.891344560986454 -42.54077988116189 49.900000000000006
    endloop
  endfacet
  facet normal 0.8968727415326845 -0.44228869021900913 0
    outer loop
      vertex 37.96076951545867 -42.4 50.10000000000001
      vertex 37.891344560986454 -42.54077988116189 49.900000000000006
      vertex 37.96076951545867 -42.4 49.900000000000006
    endloop
  endfacet
  facet normal 0.8314696123025369 -0.5555702330196147 0
    outer loop
      vertex 38.04797599165052 -42.26948628518954 50.10000000000001
      vertex 37.96076951545867 -42.4 49.900000000000006
      vertex 38.04797599165052 -42.26948628518954 49.900000000000006
    endloop
  endfacet
  facet normal 0.7518398074789696 -0.6593458151000776 0
    outer loop
      vertex 38.151471862576145 -42.151471862576145 50.10000000000001
      vertex 38.04797599165052 -42.26948628518954 49.900000000000006
      vertex 38.151471862576145 -42.151471862576145 49.900000000000006
    endloop
  endfacet
  facet normal 0.6593458151000776 -0.7518398074789696 0
    outer loop
      vertex 38.26948628518954 -42.04797599165052 50.10000000000001
      vertex 38.151471862576145 -42.151471862576145 49.900000000000006
      vertex 38.26948628518954 -42.04797599165052 49.900000000000006
    endloop
  endfacet
  facet normal 0.5555702330196147 -0.8314696123025369 0
    outer loop
      vertex 38.4 -41.96076951545867 50.10000000000001
      vertex 38.26948628518954 -42.04797599165052 49.900000000000006
      vertex 38.4 -41.96076951545867 49.900000000000006
    endloop
  endfacet
  facet normal 0.44228869021900913 -0.8968727415326845 0
    outer loop
      vertex 38.54077988116189 -41.891344560986454 50.10000000000001
      vertex 38.4 -41.96076951545867 49.900000000000006
      vertex 38.54077988116189 -41.891344560986454 49.900000000000006
    endloop
  endfacet
  facet normal 0.3214394653031473 0.9469301294951106 0
    outer loop
      vertex 38.54077988116189 -44.108655439013546 50.10000000000001
      vertex 38.68941714587697 -44.15911099154688 49.900000000000006
      vertex 38.54077988116189 -44.108655439013546 49.900000000000006
    endloop
  endfacet
  facet normal 0.19509032201614018 0.9807852804032281 0
    outer loop
      vertex 38.68941714587697 -44.15911099154688 50.10000000000001
      vertex 38.84336856933594 -44.189733833648575 49.900000000000006
      vertex 38.68941714587697 -44.15911099154688 49.900000000000006
    endloop
  endfacet
  facet normal 0.06540312923014742 0.9978589232386033 0
    outer loop
      vertex 38.84336856933594 -44.189733833648575 50.10000000000001
      vertex 39 -44.2 49.900000000000006
      vertex 38.84336856933594 -44.189733833648575 49.900000000000006
    endloop
  endfacet
  facet normal -0.06540312923014742 0.9978589232386033 0
    outer loop
      vertex 39 -44.2 50.10000000000001
      vertex 39.15663143066406 -44.189733833648575 49.900000000000006
      vertex 39 -44.2 49.900000000000006
    endloop
  endfacet
  facet normal -0.19509032201614018 0.9807852804032281 0
    outer loop
      vertex 39.15663143066406 -44.189733833648575 50.10000000000001
      vertex 39.31058285412303 -44.15911099154688 49.900000000000006
      vertex 39.15663143066406 -44.189733833648575 49.900000000000006
    endloop
  endfacet
  facet normal -0.3214394653031473 0.9469301294951106 0
    outer loop
      vertex 39.31058285412303 -44.15911099154688 50.10000000000001
      vertex 39.45922011883811 -44.108655439013546 49.900000000000006
      vertex 39.31058285412303 -44.15911099154688 49.900000000000006
    endloop
  endfacet
  facet normal -0.44228869021900913 0.8968727415326845 0
    outer loop
      vertex 39.45922011883811 -44.108655439013546 50.10000000000001
      vertex 39.6 -44.03923048454133 49.900000000000006
      vertex 39.45922011883811 -44.108655439013546 49.900000000000006
    endloop
  endfacet
  facet normal -0.5555702330196147 0.8314696123025369 0
    outer loop
      vertex 39.6 -44.03923048454133 50.10000000000001
      vertex 39.73051371481046 -43.95202400834948 49.900000000000006
      vertex 39.6 -44.03923048454133 49.900000000000006
    endloop
  endfacet
  facet normal -0.6593458151000776 0.7518398074789696 0
    outer loop
      vertex 39.73051371481046 -43.95202400834948 50.10000000000001
      vertex 39.848528137423855 -43.848528137423855 49.900000000000006
      vertex 39.73051371481046 -43.95202400834948 49.900000000000006
    endloop
  endfacet
  facet normal -0.7518398074789696 0.6593458151000776 0
    outer loop
      vertex 39.848528137423855 -43.848528137423855 50.10000000000001
      vertex 39.95202400834948 -43.73051371481046 49.900000000000006
      vertex 39.848528137423855 -43.848528137423855 49.900000000000006
    endloop
  endfacet
  facet normal -0.8314696123025369 0.5555702330196147 0
    outer loop
      vertex 39.95202400834948 -43.73051371481046 50.10000000000001
      vertex 40.03923048454133 -43.6 49.900000000000006
      vertex 39.95202400834948 -43.73051371481046 49.900000000000006
    endloop
  endfacet
  facet normal -0.8968727415326845 0.44228869021900913 0
    outer loop
      vertex 40.03923048454133 -43.6 50.10000000000001
      vertex 40.108655439013546 -43.45922011883811 49.900000000000006
      vertex 40.03923048454133 -43.6 49.900000000000006
    endloop
  endfacet
  facet normal -0.9469301294951106 0.3214394653031473 0
    outer loop
      vertex 40.108655439013546 -43.45922011883811 50.10000000000001
      vertex 40.15911099154688 -43.31058285412303 49.900000000000006
      vertex 40.108655439013546 -43.45922011883811 49.900000000000006
    endloop
  endfacet
  facet normal -0.9807852804032281 0.19509032201614018 0
    outer loop
      vertex 40.15911099154688 -43.31058285412303 50.10000000000001
      vertex 40.189733833648575 -43.15663143066406 49.900000000000006
      vertex 40.15911099154688 -43.31058285412303 49.900000000000006
    endloop
  endfacet
  facet normal -0.9978589232386033 0.06540312923014742 0
    outer loop
      vertex 40.189733833648575 -43.15663143066406 50.10000000000001
      vertex 40.2 -43 49.900000000000006
      vertex 40.189733833648575 -43.15663143066406 49.900000000000006
    endloop
  endfacet
  facet normal -0.9807852804032281 -0.19509032201614018 0
    outer loop
      vertex 40.189733833648575 -42.84336856933594 50.10000000000001
      vertex 40.15911099154688 -42.68941714587697 49.900000000000006
      vertex 40.189733833648575 -42.84336856933594 49.900000000000006
    endloop
  endfacet
  facet normal -0.9978589232386033 -0.06540312923014742 0
    outer loop
      vertex 40.2 -43 50.10000000000001
      vertex 40.189733833648575 -42.84336856933594 49.900000000000006
      vertex 40.2 -43 49.900000000000006
    endloop
  endfacet
  facet normal -0.9469301294951106 -0.3214394653031473 0
    outer loop
      vertex 40.15911099154688 -42.68941714587697 50.10000000000001
      vertex 40.108655439013546 -42.54077988116189 49.900000000000006
      vertex 40.15911099154688 -42.68941714587697 49.900000000000006
    endloop
  endfacet
  facet normal -0.8968727415326845 -0.44228869021900913 0
    outer loop
      vertex 40.108655439013546 -42.54077988116189 50.10000000000001
      vertex 40.03923048454133 -42.4 49.900000000000006
      vertex 40.108655439013546 -42.54077988116189 49.900000000000006
    endloop
  endfacet
  facet normal -0.8314696123025369 -0.5555702330196147 0
    outer loop
      vertex 40.03923048454133 -42.4 50.10000000000001
      vertex 39.95202400834948 -42.26948628518954 49.900000000000006
      vertex 40.03923048454133 -42.4 49.900000000000006
    endloop
  endfacet
  facet normal -0.6593458151000776 -0.7518398074789696 0
    outer loop
      vertex 39.848528137423855 -42.151471862576145 50.10000000000001
      vertex 39.73051371481046 -42.04797599165052 49.900000000000006
      vertex 39.848528137423855 -42.151471862576145 49.900000000000006
    endloop
  endfacet
  facet normal -0.7518398074789696 -0.6593458151000776 0
    outer loop
      vertex 39.95202400834948 -42.26948628518954 50.10000000000001
      vertex 39.848528137423855 -42.151471862576145 49.900000000000006
      vertex 39.95202400834948 -42.26948628518954 49.900000000000006
    endloop
  endfacet
  facet normal 0.3214394653031473 -0.9469301294951106 0
    outer loop
      vertex 38.68941714587697 -41.84088900845312 50.10000000000001
      vertex 38.54077988116189 -41.891344560986454 49.900000000000006
      vertex 38.68941714587697 -41.84088900845312 49.900000000000006
    endloop
  endfacet
  facet normal 0.19509032201614018 -0.9807852804032281 0
    outer loop
      vertex 38.84336856933594 -41.810266166351425 50.10000000000001
      vertex 38.68941714587697 -41.84088900845312 49.900000000000006
      vertex 38.84336856933594 -41.810266166351425 49.900000000000006
    endloop
  endfacet
  facet normal 0.06540312923014742 -0.9978589232386033 0
    outer loop
      vertex 39 -41.8 50.10000000000001
      vertex 38.84336856933594 -41.810266166351425 49.900000000000006
      vertex 39 -41.8 49.900000000000006
    endloop
  endfacet
  facet normal -0.06540312923014742 -0.9978589232386033 0
    outer loop
      vertex 39.15663143066406 -41.810266166351425 50.10000000000001
      vertex 39 -41.8 49.900000000000006
      vertex 39.15663143066406 -41.810266166351425 49.900000000000006
    endloop
  endfacet
  facet normal -0.3214394653031473 -0.9469301294951106 0
    outer loop
      vertex 39.45922011883811 -41.891344560986454 50.10000000000001
      vertex 39.31058285412303 -41.84088900845312 49.900000000000006
      vertex 39.45922011883811 -41.891344560986454 49.900000000000006
    endloop
  endfacet
  facet normal -0.19509032201614018 -0.9807852804032281 0
    outer loop
      vertex 39.31058285412303 -41.84088900845312 50.10000000000001
      vertex 39.15663143066406 -41.810266166351425 49.900000000000006
      vertex 39.31058285412303 -41.84088900845312 49.900000000000006
    endloop
  endfacet
  facet normal -0.44228869021900913 -0.8968727415326845 0
    outer loop
      vertex 39.6 -41.96076951545867 50.10000000000001
      vertex 39.45922011883811 -41.891344560986454 49.900000000000006
      vertex 39.6 -41.96076951545867 49.900000000000006
    endloop
  endfacet
  facet normal -0.5555702330196147 -0.8314696123025369 0
    outer loop
      vertex 39.73051371481046 -42.04797599165052 50.10000000000001
      vertex 39.6 -41.96076951545867 49.900000000000006
      vertex 39.73051371481046 -42.04797599165052 49.900000000000006
    endloop
  endfacet
  facet normal 0.8968727415326845 0.44228869021900913 0
    outer loop
      vertex 37.96076951545867 -43.6 50.10000000000001
      vertex 37.96076951545867 -43.6 49.900000000000006
      vertex 37.891344560986454 -43.45922011883811 50.10000000000001
    endloop
  endfacet
  facet normal 0.6593458151000776 0.7518398074789696 0
    outer loop
      vertex 38.26948628518954 -43.95202400834948 50.10000000000001
      vertex 38.26948628518954 -43.95202400834948 49.900000000000006
      vertex 38.151471862576145 -43.848528137423855 50.10000000000001
    endloop
  endfacet
  facet normal 0.5555702330196147 0.8314696123025369 0
    outer loop
      vertex 38.4 -44.03923048454133 50.10000000000001
      vertex 38.4 -44.03923048454133 49.900000000000006
      vertex 38.26948628518954 -43.95202400834948 50.10000000000001
    endloop
  endfacet
  facet normal 0.44228869021900913 0.8968727415326845 0
    outer loop
      vertex 38.54077988116189 -44.108655439013546 50.10000000000001
      vertex 38.54077988116189 -44.108655439013546 49.900000000000006
      vertex 38.4 -44.03923048454133 50.10000000000001
    endloop
  endfacet
  facet normal 0.7518398074789696 0.6593458151000776 0
    outer loop
      vertex 38.04797599165052 -43.73051371481046 50.10000000000001
      vertex 38.151471862576145 -43.848528137423855 50.10000000000001
      vertex 38.151471862576145 -43.848528137423855 49.900000000000006
    endloop
  endfacet
  facet normal 0.8314696123025369 0.5555702330196147 0
    outer loop
      vertex 37.96076951545867 -43.6 50.10000000000001
      vertex 38.04797599165052 -43.73051371481046 50.10000000000001
      vertex 38.04797599165052 -43.73051371481046 49.900000000000006
    endloop
  endfacet
  facet normal 0.9469301294951106 0.3214394653031473 0
    outer loop
      vertex 37.891344560986454 -43.45922011883811 50.10000000000001
      vertex 37.891344560986454 -43.45922011883811 49.900000000000006
      vertex 37.84088900845312 -43.31058285412303 50.10000000000001
    endloop
  endfacet
  facet normal 0.9807852804032281 0.19509032201614018 0
    outer loop
      vertex 37.84088900845312 -43.31058285412303 50.10000000000001
      vertex 37.84088900845312 -43.31058285412303 49.900000000000006
      vertex 37.810266166351425 -43.15663143066406 50.10000000000001
    endloop
  endfacet
  facet normal 0.9978589232386033 0.06540312923014742 0
    outer loop
      vertex 37.810266166351425 -43.15663143066406 50.10000000000001
      vertex 37.810266166351425 -43.15663143066406 49.900000000000006
      vertex 37.8 -43 50.10000000000001
    endloop
  endfacet
  facet normal 0.9978589232386033 -0.06540312923014742 0
    outer loop
      vertex 37.8 -43 50.10000000000001
      vertex 37.8 -43 49.900000000000006
      vertex 37.810266166351425 -42.84336856933594 50.10000000000001
    endloop
  endfacet
  facet normal 0.9807852804032281 -0.19509032201614018 0
    outer loop
      vertex 37.810266166351425 -42.84336856933594 50.10000000000001
      vertex 37.810266166351425 -42.84336856933594 49.900000000000006
      vertex 37.84088900845312 -42.68941714587697 50.10000000000001
    endloop
  endfacet
  facet normal 0.9469301294951106 -0.3214394653031473 0
    outer loop
      vertex 37.84088900845312 -42.68941714587697 50.10000000000001
      vertex 37.84088900845312 -42.68941714587697 49.900000000000006
      vertex 37.891344560986454 -42.54077988116189 50.10000000000001
    endloop
  endfacet
  facet normal 0.8968727415326845 -0.44228869021900913 0
    outer loop
      vertex 37.891344560986454 -42.54077988116189 50.10000000000001
      vertex 37.891344560986454 -42.54077988116189 49.900000000000006
      vertex 37.96076951545867 -42.4 50.10000000000001
    endloop
  endfacet
  facet normal 0.8314696123025369 -0.5555702330196147 0
    outer loop
      vertex 37.96076951545867 -42.4 50.10000000000001
      vertex 37.96076951545867 -42.4 49.900000000000006
      vertex 38.04797599165052 -42.26948628518954 50.10000000000001
    endloop
  endfacet
  facet normal 0.7518398074789696 -0.6593458151000776 0
    outer loop
      vertex 38.04797599165052 -42.26948628518954 50.10000000000001
      vertex 38.04797599165052 -42.26948628518954 49.900000000000006
      vertex 38.151471862576145 -42.151471862576145 50.10000000000001
    endloop
  endfacet
  facet normal 0.6593458151000776 -0.7518398074789696 0
    outer loop
      vertex 38.151471862576145 -42.151471862576145 50.10000000000001
      vertex 38.151471862576145 -42.151471862576145 49.900000000000006
      vertex 38.26948628518954 -42.04797599165052 50.10000000000001
    endloop
  endfacet
  facet normal 0.5555702330196147 -0.8314696123025369 0
    outer loop
      vertex 38.26948628518954 -42.04797599165052 50.10000000000001
      vertex 38.26948628518954 -42.04797599165052 49.900000000000006
      vertex 38.4 -41.96076951545867 50.10000000000001
    endloop
  endfacet
  facet normal 0.44228869021900913 -0.8968727415326845 0
    outer loop
      vertex 38.4 -41.96076951545867 50.10000000000001
      vertex 38.4 -41.96076951545867 49.900000000000006
      vertex 38.54077988116189 -41.891344560986454 50.10000000000001
    endloop
  endfacet
  facet normal 0.3214394653031473 0.9469301294951106 0
    outer loop
      vertex 38.54077988116189 -44.108655439013546 50.10000000000001
      vertex 38.68941714587697 -44.15911099154688 50.10000000000001
      vertex 38.68941714587697 -44.15911099154688 49.900000000000006
    endloop
  endfacet
  facet normal 0.19509032201614018 0.9807852804032281 0
    outer loop
      vertex 38.68941714587697 -44.15911099154688 50.10000000000001
      vertex 38.84336856933594 -44.189733833648575 50.10000000000001
      vertex 38.84336856933594 -44.189733833648575 49.900000000000006
    endloop
  endfacet
  facet normal 0.06540312923014742 0.9978589232386033 0
    outer loop
      vertex 38.84336856933594 -44.189733833648575 50.10000000000001
      vertex 39 -44.2 50.10000000000001
      vertex 39 -44.2 49.900000000000006
    endloop
  endfacet
  facet normal -0.06540312923014742 0.9978589232386033 0
    outer loop
      vertex 39 -44.2 50.10000000000001
      vertex 39.15663143066406 -44.189733833648575 50.10000000000001
      vertex 39.15663143066406 -44.189733833648575 49.900000000000006
    endloop
  endfacet
  facet normal -0.19509032201614018 0.9807852804032281 0
    outer loop
      vertex 39.15663143066406 -44.189733833648575 50.10000000000001
      vertex 39.31058285412303 -44.15911099154688 50.10000000000001
      vertex 39.31058285412303 -44.15911099154688 49.900000000000006
    endloop
  endfacet
  facet normal -0.3214394653031473 0.9469301294951106 0
    outer loop
      vertex 39.31058285412303 -44.15911099154688 50.10000000000001
      vertex 39.45922011883811 -44.108655439013546 50.10000000000001
      vertex 39.45922011883811 -44.108655439013546 49.900000000000006
    endloop
  endfacet
  facet normal -0.44228869021900913 0.8968727415326845 0
    outer loop
      vertex 39.45922011883811 -44.108655439013546 50.10000000000001
      vertex 39.6 -44.03923048454133 50.10000000000001
      vertex 39.6 -44.03923048454133 49.900000000000006
    endloop
  endfacet
  facet normal -0.5555702330196147 0.8314696123025369 0
    outer loop
      vertex 39.6 -44.03923048454133 50.10000000000001
      vertex 39.73051371481046 -43.95202400834948 50.10000000000001
      vertex 39.73051371481046 -43.95202400834948 49.900000000000006
    endloop
  endfacet
  facet normal -0.6593458151000776 0.7518398074789696 0
    outer loop
      vertex 39.73051371481046 -43.95202400834948 50.10000000000001
      vertex 39.848528137423855 -43.848528137423855 50.10000000000001
      vertex 39.848528137423855 -43.848528137423855 49.900000000000006
    endloop
  endfacet
  facet normal -0.7518398074789696 0.6593458151000776 0
    outer loop
      vertex 39.848528137423855 -43.848528137423855 50.10000000000001
      vertex 39.95202400834948 -43.73051371481046 50.10000000000001
      vertex 39.95202400834948 -43.73051371481046 49.900000000000006
    endloop
  endfacet
  facet normal -0.8314696123025369 0.5555702330196147 0
    outer loop
      vertex 39.95202400834948 -43.73051371481046 50.10000000000001
      vertex 40.03923048454133 -43.6 50.10000000000001
      vertex 40.03923048454133 -43.6 49.900000000000006
    endloop
  endfacet
  facet normal -0.8968727415326845 0.44228869021900913 0
    outer loop
      vertex 40.03923048454133 -43.6 50.10000000000001
      vertex 40.108655439013546 -43.45922011883811 50.10000000000001
      vertex 40.108655439013546 -43.45922011883811 49.900000000000006
    endloop
  endfacet
  facet normal -0.9469301294951106 0.3214394653031473 0
    outer loop
      vertex 40.108655439013546 -43.45922011883811 50.10000000000001
      vertex 40.15911099154688 -43.31058285412303 50.10000000000001
      vertex 40.15911099154688 -43.31058285412303 49.900000000000006
    endloop
  endfacet
  facet normal -0.9807852804032281 0.19509032201614018 0
    outer loop
      vertex 40.15911099154688 -43.31058285412303 50.10000000000001
      vertex 40.189733833648575 -43.15663143066406 50.10000000000001
      vertex 40.189733833648575 -43.15663143066406 49.900000000000006
    endloop
  endfacet
  facet normal -0.9978589232386033 0.06540312923014742 0
    outer loop
      vertex 40.189733833648575 -43.15663143066406 50.10000000000001
      vertex 40.2 -43 50.10000000000001
      vertex 40.2 -43 49.900000000000006
    endloop
  endfacet
  facet normal -0.9978589232386033 -0.06540312923014742 0
    outer loop
      vertex 40.2 -43 50.10000000000001
      vertex 40.189733833648575 -42.84336856933594 50.10000000000001
      vertex 40.189733833648575 -42.84336856933594 49.900000000000006
    endloop
  endfacet
  facet normal -0.9807852804032281 -0.19509032201614018 0
    outer loop
      vertex 40.189733833648575 -42.84336856933594 50.10000000000001
      vertex 40.15911099154688 -42.68941714587697 50.10000000000001
      vertex 40.15911099154688 -42.68941714587697 49.900000000000006
    endloop
  endfacet
  facet normal -0.9469301294951106 -0.3214394653031473 0
    outer loop
      vertex 40.15911099154688 -42.68941714587697 50.10000000000001
      vertex 40.108655439013546 -42.54077988116189 50.10000000000001
      vertex 40.108655439013546 -42.54077988116189 49.900000000000006
    endloop
  endfacet
  facet normal -0.8968727415326845 -0.44228869021900913 0
    outer loop
      vertex 40.108655439013546 -42.54077988116189 50.10000000000001
      vertex 40.03923048454133 -42.4 50.10000000000001
      vertex 40.03923048454133 -42.4 49.900000000000006
    endloop
  endfacet
  facet normal -0.8314696123025369 -0.5555702330196147 0
    outer loop
      vertex 39.95202400834948 -42.26948628518954 50.10000000000001
      vertex 39.95202400834948 -42.26948628518954 49.900000000000006
      vertex 40.03923048454133 -42.4 50.10000000000001
    endloop
  endfacet
  facet normal -0.7518398074789696 -0.6593458151000776 0
    outer loop
      vertex 39.95202400834948 -42.26948628518954 50.10000000000001
      vertex 39.848528137423855 -42.151471862576145 50.10000000000001
      vertex 39.848528137423855 -42.151471862576145 49.900000000000006
    endloop
  endfacet
  facet normal -0.6593458151000776 -0.7518398074789696 0
    outer loop
      vertex 39.73051371481046 -42.04797599165052 50.10000000000001
      vertex 39.73051371481046 -42.04797599165052 49.900000000000006
      vertex 39.848528137423855 -42.151471862576145 50.10000000000001
    endloop
  endfacet
  facet normal 0.3214394653031473 -0.9469301294951106 0
    outer loop
      vertex 38.54077988116189 -41.891344560986454 50.10000000000001
      vertex 38.54077988116189 -41.891344560986454 49.900000000000006
      vertex 38.68941714587697 -41.84088900845312 50.10000000000001
    endloop
  endfacet
  facet normal 0.19509032201614018 -0.9807852804032281 0
    outer loop
      vertex 38.68941714587697 -41.84088900845312 50.10000000000001
      vertex 38.68941714587697 -41.84088900845312 49.900000000000006
      vertex 38.84336856933594 -41.810266166351425 50.10000000000001
    endloop
  endfacet
  facet normal 0.06540312923014742 -0.9978589232386033 0
    outer loop
      vertex 38.84336856933594 -41.810266166351425 50.10000000000001
      vertex 38.84336856933594 -41.810266166351425 49.900000000000006
      vertex 39 -41.8 50.10000000000001
    endloop
  endfacet
  facet normal -0.06540312923014742 -0.9978589232386033 0
    outer loop
      vertex 39 -41.8 50.10000000000001
      vertex 39 -41.8 49.900000000000006
      vertex 39.15663143066406 -41.810266166351425 50.10000000000001
    endloop
  endfacet
  facet normal -0.19509032201614018 -0.9807852804032281 0
    outer loop
      vertex 39.15663143066406 -41.810266166351425 50.10000000000001
      vertex 39.15663143066406 -41.810266166351425 49.900000000000006
      vertex 39.31058285412303 -41.84088900845312 50.10000000000001
    endloop
  endfacet
  facet normal -0.3214394653031473 -0.9469301294951106 0
    outer loop
      vertex 39.31058285412303 -41.84088900845312 50.10000000000001
      vertex 39.31058285412303 -41.84088900845312 49.900000000000006
      vertex 39.45922011883811 -41.891344560986454 50.10000000000001
    endloop
  endfacet
  facet normal -0.44228869021900913 -0.8968727415326845 0
    outer loop
      vertex 39.45922011883811 -41.891344560986454 50.10000000000001
      vertex 39.45922011883811 -41.891344560986454 49.900000000000006
      vertex 39.6 -41.96076951545867 50.10000000000001
    endloop
  endfacet
  facet normal -0.5555702330196147 -0.8314696123025369 0
    outer loop
      vertex 39.73051371481046 -42.04797599165052 50.10000000000001
      vertex 39.6 -41.96076951545867 50.10000000000001
      vertex 39.6 -41.96076951545867 49.900000000000006
    endloop
  endfacet
  facet normal 0.5555702330195728 0.8314696123025648 0
    outer loop
      vertex -94.73051371481047 44.04797599165052 50.10000000000001
      vertex -94.6 43.96076951545867 49.900000000000006
      vertex -94.73051371481047 44.04797599165052 49.900000000000006
    endloop
  endfacet
  facet normal 0.44228869021900913 0.8968727415326845 0
    outer loop
      vertex -94.6 43.96076951545867 50.10000000000001
      vertex -94.4592201188381 43.891344560986454 49.900000000000006
      vertex -94.6 43.96076951545867 49.900000000000006
    endloop
  endfacet
  facet normal 0.19509032201614018 0.9807852804032281 0
    outer loop
      vertex -94.31058285412303 43.84088900845312 50.10000000000001
      vertex -94.15663143066406 43.810266166351425 49.900000000000006
      vertex -94.31058285412303 43.84088900845312 49.900000000000006
    endloop
  endfacet
  facet normal 0.32143946530316114 0.9469301294951058 0
    outer loop
      vertex -94.4592201188381 43.891344560986454 50.10000000000001
      vertex -94.31058285412303 43.84088900845312 49.900000000000006
      vertex -94.4592201188381 43.891344560986454 49.900000000000006
    endloop
  endfacet
  facet normal 0.06540312923014742 0.9978589232386033 0
    outer loop
      vertex -94.15663143066406 43.810266166351425 50.10000000000001
      vertex -94 43.8 49.900000000000006
      vertex -94.15663143066406 43.810266166351425 49.900000000000006
    endloop
  endfacet
  facet normal -0.06540312923014742 0.9978589232386033 0
    outer loop
      vertex -94 43.8 50.10000000000001
      vertex -93.84336856933594 43.810266166351425 49.900000000000006
      vertex -94 43.8 49.900000000000006
    endloop
  endfacet
  facet normal -0.19509032201614018 0.9807852804032281 0
    outer loop
      vertex -93.84336856933594 43.810266166351425 50.10000000000001
      vertex -93.68941714587697 43.84088900845312 49.900000000000006
      vertex -93.84336856933594 43.810266166351425 49.900000000000006
    endloop
  endfacet
  facet normal -0.32143946530316114 0.9469301294951058 0
    outer loop
      vertex -93.68941714587697 43.84088900845312 50.10000000000001
      vertex -93.5407798811619 43.891344560986454 49.900000000000006
      vertex -93.68941714587697 43.84088900845312 49.900000000000006
    endloop
  endfacet
  facet normal 0.7518398074789696 0.6593458151000776 0
    outer loop
      vertex -94.95202400834948 44.26948628518954 50.10000000000001
      vertex -94.84852813742386 44.151471862576145 49.900000000000006
      vertex -94.95202400834948 44.26948628518954 49.900000000000006
    endloop
  endfacet
  facet normal 0.6593458151001 0.75183980747895 0
    outer loop
      vertex -94.84852813742386 44.151471862576145 50.10000000000001
      vertex -94.73051371481047 44.04797599165052 49.900000000000006
      vertex -94.84852813742386 44.151471862576145 49.900000000000006
    endloop
  endfacet
  facet normal 0.8314696123025579 0.5555702330195834 0
    outer loop
      vertex -95.03923048454132 44.4 50.10000000000001
      vertex -94.95202400834948 44.26948628518954 49.900000000000006
      vertex -95.03923048454132 44.4 49.900000000000006
    endloop
  endfacet
  facet normal 0.8968727415326665 0.44228869021904554 0
    outer loop
      vertex -95.10865543901355 44.54077988116189 50.10000000000001
      vertex -95.03923048454132 44.4 49.900000000000006
      vertex -95.10865543901355 44.54077988116189 49.900000000000006
    endloop
  endfacet
  facet normal 0.9469301294951106 0.3214394653031473 0
    outer loop
      vertex -95.15911099154688 44.68941714587697 50.10000000000001
      vertex -95.10865543901355 44.54077988116189 49.900000000000006
      vertex -95.15911099154688 44.68941714587697 49.900000000000006
    endloop
  endfacet
  facet normal 0.9978589232386033 0.06540312923014742 0
    outer loop
      vertex -95.2 45 50.10000000000001
      vertex -95.18973383364857 44.84336856933594 49.900000000000006
      vertex -95.2 45 49.900000000000006
    endloop
  endfacet
  facet normal 0.9807852804032281 0.19509032201614018 0
    outer loop
      vertex -95.18973383364857 44.84336856933594 50.10000000000001
      vertex -95.15911099154688 44.68941714587697 49.900000000000006
      vertex -95.18973383364857 44.84336856933594 49.900000000000006
    endloop
  endfacet
  facet normal 0.9978589232386033 -0.06540312923014742 0
    outer loop
      vertex -95.18973383364857 45.15663143066406 50.10000000000001
      vertex -95.2 45 49.900000000000006
      vertex -95.18973383364857 45.15663143066406 49.900000000000006
    endloop
  endfacet
  facet normal 0.9807852804032281 -0.19509032201614018 0
    outer loop
      vertex -95.15911099154688 45.31058285412303 50.10000000000001
      vertex -95.18973383364857 45.15663143066406 49.900000000000006
      vertex -95.15911099154688 45.31058285412303 49.900000000000006
    endloop
  endfacet
  facet normal 0.9469301294951106 -0.3214394653031473 0
    outer loop
      vertex -95.10865543901355 45.45922011883811 50.10000000000001
      vertex -95.15911099154688 45.31058285412303 49.900000000000006
      vertex -95.10865543901355 45.45922011883811 49.900000000000006
    endloop
  endfacet
  facet normal 0.8968727415326665 -0.44228869021904554 0
    outer loop
      vertex -95.03923048454132 45.6 50.10000000000001
      vertex -95.10865543901355 45.45922011883811 49.900000000000006
      vertex -95.03923048454132 45.6 49.900000000000006
    endloop
  endfacet
  facet normal 0.8314696123025579 -0.5555702330195834 0
    outer loop
      vertex -94.95202400834948 45.73051371481046 50.10000000000001
      vertex -95.03923048454132 45.6 49.900000000000006
      vertex -94.95202400834948 45.73051371481046 49.900000000000006
    endloop
  endfacet
  facet normal 0.7518398074789696 -0.6593458151000776 0
    outer loop
      vertex -94.84852813742386 45.848528137423855 50.10000000000001
      vertex -94.95202400834948 45.73051371481046 49.900000000000006
      vertex -94.84852813742386 45.848528137423855 49.900000000000006
    endloop
  endfacet
  facet normal 0.6593458151001 -0.75183980747895 0
    outer loop
      vertex -94.73051371481047 45.95202400834948 50.10000000000001
      vertex -94.84852813742386 45.848528137423855 49.900000000000006
      vertex -94.73051371481047 45.95202400834948 49.900000000000006
    endloop
  endfacet
  facet normal 0.5555702330195728 -0.8314696123025648 0
    outer loop
      vertex -94.6 46.03923048454133 50.10000000000001
      vertex -94.73051371481047 45.95202400834948 49.900000000000006
      vertex -94.6 46.03923048454133 49.900000000000006
    endloop
  endfacet
  facet normal 0.44228869021900913 -0.8968727415326845 0
    outer loop
      vertex -94.4592201188381 46.108655439013546 50.10000000000001
      vertex -94.6 46.03923048454133 49.900000000000006
      vertex -94.4592201188381 46.108655439013546 49.900000000000006
    endloop
  endfacet
  facet normal 0.32143946530316114 -0.9469301294951058 0
    outer loop
      vertex -94.31058285412303 46.15911099154688 50.10000000000001
      vertex -94.4592201188381 46.108655439013546 49.900000000000006
      vertex -94.31058285412303 46.15911099154688 49.900000000000006
    endloop
  endfacet
  facet normal 0.19509032201614018 -0.9807852804032281 0
    outer loop
      vertex -94.15663143066406 46.189733833648575 50.10000000000001
      vertex -94.31058285412303 46.15911099154688 49.900000000000006
      vertex -94.15663143066406 46.189733833648575 49.900000000000006
    endloop
  endfacet
  facet normal 0.06540312923014742 -0.9978589232386033 0
    outer loop
      vertex -94 46.2 50.10000000000001
      vertex -94.15663143066406 46.189733833648575 49.900000000000006
      vertex -94 46.2 49.900000000000006
    endloop
  endfacet
  facet normal -0.06540312923014742 -0.9978589232386033 0
    outer loop
      vertex -93.84336856933594 46.189733833648575 50.10000000000001
      vertex -94 46.2 49.900000000000006
      vertex -93.84336856933594 46.189733833648575 49.900000000000006
    endloop
  endfacet
  facet normal -0.19509032201614018 -0.9807852804032281 0
    outer loop
      vertex -93.68941714587697 46.15911099154688 50.10000000000001
      vertex -93.84336856933594 46.189733833648575 49.900000000000006
      vertex -93.68941714587697 46.15911099154688 49.900000000000006
    endloop
  endfacet
  facet normal -0.32143946530316114 -0.9469301294951058 0
    outer loop
      vertex -93.5407798811619 46.108655439013546 50.10000000000001
      vertex -93.68941714587697 46.15911099154688 49.900000000000006
      vertex -93.5407798811619 46.108655439013546 49.900000000000006
    endloop
  endfacet
  facet normal -0.44228869021900913 0.8968727415326845 0
    outer loop
      vertex -93.5407798811619 43.891344560986454 50.10000000000001
      vertex -93.4 43.96076951545867 49.900000000000006
      vertex -93.5407798811619 43.891344560986454 49.900000000000006
    endloop
  endfacet
  facet normal -0.5555702330195728 0.8314696123025648 0
    outer loop
      vertex -93.4 43.96076951545867 50.10000000000001
      vertex -93.26948628518953 44.04797599165052 49.900000000000006
      vertex -93.4 43.96076951545867 49.900000000000006
    endloop
  endfacet
  facet normal -0.6593458151001 0.75183980747895 0
    outer loop
      vertex -93.26948628518953 44.04797599165052 50.10000000000001
      vertex -93.15147186257614 44.151471862576145 49.900000000000006
      vertex -93.26948628518953 44.04797599165052 49.900000000000006
    endloop
  endfacet
  facet normal -0.7518398074789696 0.6593458151000776 0
    outer loop
      vertex -93.15147186257614 44.151471862576145 50.10000000000001
      vertex -93.04797599165052 44.26948628518954 49.900000000000006
      vertex -93.15147186257614 44.151471862576145 49.900000000000006
    endloop
  endfacet
  facet normal -0.8314696123025579 0.5555702330195834 0
    outer loop
      vertex -93.04797599165052 44.26948628518954 50.10000000000001
      vertex -92.96076951545868 44.4 49.900000000000006
      vertex -93.04797599165052 44.26948628518954 49.900000000000006
    endloop
  endfacet
  facet normal -0.8968727415326665 0.44228869021904554 0
    outer loop
      vertex -92.96076951545868 44.4 50.10000000000001
      vertex -92.89134456098645 44.54077988116189 49.900000000000006
      vertex -92.96076951545868 44.4 49.900000000000006
    endloop
  endfacet
  facet normal -0.9469301294951106 0.3214394653031473 0
    outer loop
      vertex -92.89134456098645 44.54077988116189 50.10000000000001
      vertex -92.84088900845312 44.68941714587697 49.900000000000006
      vertex -92.89134456098645 44.54077988116189 49.900000000000006
    endloop
  endfacet
  facet normal -0.9807852804032281 0.19509032201614018 0
    outer loop
      vertex -92.84088900845312 44.68941714587697 50.10000000000001
      vertex -92.81026616635143 44.84336856933594 49.900000000000006
      vertex -92.84088900845312 44.68941714587697 49.900000000000006
    endloop
  endfacet
  facet normal -0.9978589232386033 0.06540312923014742 0
    outer loop
      vertex -92.81026616635143 44.84336856933594 50.10000000000001
      vertex -92.8 45 49.900000000000006
      vertex -92.81026616635143 44.84336856933594 49.900000000000006
    endloop
  endfacet
  facet normal -0.9978589232386033 -0.06540312923014742 0
    outer loop
      vertex -92.8 45 50.10000000000001
      vertex -92.81026616635143 45.15663143066406 49.900000000000006
      vertex -92.8 45 49.900000000000006
    endloop
  endfacet
  facet normal -0.9807852804032281 -0.19509032201614018 0
    outer loop
      vertex -92.81026616635143 45.15663143066406 50.10000000000001
      vertex -92.84088900845312 45.31058285412303 49.900000000000006
      vertex -92.81026616635143 45.15663143066406 49.900000000000006
    endloop
  endfacet
  facet normal -0.9469301294951106 -0.3214394653031473 0
    outer loop
      vertex -92.84088900845312 45.31058285412303 50.10000000000001
      vertex -92.89134456098645 45.45922011883811 49.900000000000006
      vertex -92.84088900845312 45.31058285412303 49.900000000000006
    endloop
  endfacet
  facet normal -0.8968727415326665 -0.44228869021904554 0
    outer loop
      vertex -92.89134456098645 45.45922011883811 50.10000000000001
      vertex -92.96076951545868 45.6 49.900000000000006
      vertex -92.89134456098645 45.45922011883811 49.900000000000006
    endloop
  endfacet
  facet normal -0.8314696123025579 -0.5555702330195834 0
    outer loop
      vertex -92.96076951545868 45.6 50.10000000000001
      vertex -93.04797599165052 45.73051371481046 49.900000000000006
      vertex -92.96076951545868 45.6 49.900000000000006
    endloop
  endfacet
  facet normal -0.6593458151001 -0.75183980747895 0
    outer loop
      vertex -93.15147186257614 45.848528137423855 50.10000000000001
      vertex -93.26948628518953 45.95202400834948 49.900000000000006
      vertex -93.15147186257614 45.848528137423855 49.900000000000006
    endloop
  endfacet
  facet normal -0.7518398074789696 -0.6593458151000776 0
    outer loop
      vertex -93.04797599165052 45.73051371481046 50.10000000000001
      vertex -93.15147186257614 45.848528137423855 49.900000000000006
      vertex -93.04797599165052 45.73051371481046 49.900000000000006
    endloop
  endfacet
  facet normal -0.44228869021900913 -0.8968727415326845 0
    outer loop
      vertex -93.4 46.03923048454133 50.10000000000001
      vertex -93.5407798811619 46.108655439013546 49.900000000000006
      vertex -93.4 46.03923048454133 49.900000000000006
    endloop
  endfacet
  facet normal -0.5555702330195728 -0.8314696123025648 0
    outer loop
      vertex -93.26948628518953 45.95202400834948 50.10000000000001
      vertex -93.4 46.03923048454133 49.900000000000006
      vertex -93.26948628518953 45.95202400834948 49.900000000000006
    endloop
  endfacet
  facet normal 0.5555702330195728 0.8314696123025648 0
    outer loop
      vertex -94.6 43.96076951545867 50.10000000000001
      vertex -94.6 43.96076951545867 49.900000000000006
      vertex -94.73051371481047 44.04797599165052 50.10000000000001
    endloop
  endfacet
  facet normal 0.44228869021900913 0.8968727415326845 0
    outer loop
      vertex -94.6 43.96076951545867 50.10000000000001
      vertex -94.4592201188381 43.891344560986454 50.10000000000001
      vertex -94.4592201188381 43.891344560986454 49.900000000000006
    endloop
  endfacet
  facet normal 0.32143946530316114 0.9469301294951058 0
    outer loop
      vertex -94.4592201188381 43.891344560986454 50.10000000000001
      vertex -94.31058285412303 43.84088900845312 50.10000000000001
      vertex -94.31058285412303 43.84088900845312 49.900000000000006
    endloop
  endfacet
  facet normal 0.19509032201614018 0.9807852804032281 0
    outer loop
      vertex -94.31058285412303 43.84088900845312 50.10000000000001
      vertex -94.15663143066406 43.810266166351425 50.10000000000001
      vertex -94.15663143066406 43.810266166351425 49.900000000000006
    endloop
  endfacet
  facet normal 0.06540312923014742 0.9978589232386033 0
    outer loop
      vertex -94.15663143066406 43.810266166351425 50.10000000000001
      vertex -94 43.8 50.10000000000001
      vertex -94 43.8 49.900000000000006
    endloop
  endfacet
  facet normal -0.06540312923014742 0.9978589232386033 0
    outer loop
      vertex -94 43.8 50.10000000000001
      vertex -93.84336856933594 43.810266166351425 50.10000000000001
      vertex -93.84336856933594 43.810266166351425 49.900000000000006
    endloop
  endfacet
  facet normal -0.19509032201614018 0.9807852804032281 0
    outer loop
      vertex -93.84336856933594 43.810266166351425 50.10000000000001
      vertex -93.68941714587697 43.84088900845312 50.10000000000001
      vertex -93.68941714587697 43.84088900845312 49.900000000000006
    endloop
  endfacet
  facet normal -0.32143946530316114 0.9469301294951058 0
    outer loop
      vertex -93.68941714587697 43.84088900845312 50.10000000000001
      vertex -93.5407798811619 43.891344560986454 50.10000000000001
      vertex -93.5407798811619 43.891344560986454 49.900000000000006
    endloop
  endfacet
  facet normal 0.6593458151001 0.75183980747895 0
    outer loop
      vertex -94.84852813742386 44.151471862576145 50.10000000000001
      vertex -94.73051371481047 44.04797599165052 50.10000000000001
      vertex -94.73051371481047 44.04797599165052 49.900000000000006
    endloop
  endfacet
  facet normal 0.7518398074789696 0.6593458151000776 0
    outer loop
      vertex -94.84852813742386 44.151471862576145 50.10000000000001
      vertex -94.84852813742386 44.151471862576145 49.900000000000006
      vertex -94.95202400834948 44.26948628518954 50.10000000000001
    endloop
  endfacet
  facet normal 0.8314696123025579 0.5555702330195834 0
    outer loop
      vertex -95.03923048454132 44.4 50.10000000000001
      vertex -94.95202400834948 44.26948628518954 50.10000000000001
      vertex -94.95202400834948 44.26948628518954 49.900000000000006
    endloop
  endfacet
  facet normal 0.8968727415326665 0.44228869021904554 0
    outer loop
      vertex -95.03923048454132 44.4 50.10000000000001
      vertex -95.03923048454132 44.4 49.900000000000006
      vertex -95.10865543901355 44.54077988116189 50.10000000000001
    endloop
  endfacet
  facet normal 0.9469301294951106 0.3214394653031473 0
    outer loop
      vertex -95.10865543901355 44.54077988116189 50.10000000000001
      vertex -95.10865543901355 44.54077988116189 49.900000000000006
      vertex -95.15911099154688 44.68941714587697 50.10000000000001
    endloop
  endfacet
  facet normal 0.9807852804032281 0.19509032201614018 0
    outer loop
      vertex -95.15911099154688 44.68941714587697 50.10000000000001
      vertex -95.15911099154688 44.68941714587697 49.900000000000006
      vertex -95.18973383364857 44.84336856933594 50.10000000000001
    endloop
  endfacet
  facet normal 0.9978589232386033 0.06540312923014742 0
    outer loop
      vertex -95.18973383364857 44.84336856933594 50.10000000000001
      vertex -95.18973383364857 44.84336856933594 49.900000000000006
      vertex -95.2 45 50.10000000000001
    endloop
  endfacet
  facet normal 0.9978589232386033 -0.06540312923014742 0
    outer loop
      vertex -95.2 45 50.10000000000001
      vertex -95.2 45 49.900000000000006
      vertex -95.18973383364857 45.15663143066406 50.10000000000001
    endloop
  endfacet
  facet normal 0.9807852804032281 -0.19509032201614018 0
    outer loop
      vertex -95.18973383364857 45.15663143066406 50.10000000000001
      vertex -95.18973383364857 45.15663143066406 49.900000000000006
      vertex -95.15911099154688 45.31058285412303 50.10000000000001
    endloop
  endfacet
  facet normal 0.9469301294951106 -0.3214394653031473 0
    outer loop
      vertex -95.15911099154688 45.31058285412303 50.10000000000001
      vertex -95.15911099154688 45.31058285412303 49.900000000000006
      vertex -95.10865543901355 45.45922011883811 50.10000000000001
    endloop
  endfacet
  facet normal 0.8968727415326665 -0.44228869021904554 0
    outer loop
      vertex -95.10865543901355 45.45922011883811 50.10000000000001
      vertex -95.10865543901355 45.45922011883811 49.900000000000006
      vertex -95.03923048454132 45.6 50.10000000000001
    endloop
  endfacet
  facet normal 0.8314696123025579 -0.5555702330195834 0
    outer loop
      vertex -95.03923048454132 45.6 50.10000000000001
      vertex -95.03923048454132 45.6 49.900000000000006
      vertex -94.95202400834948 45.73051371481046 50.10000000000001
    endloop
  endfacet
  facet normal 0.7518398074789696 -0.6593458151000776 0
    outer loop
      vertex -94.95202400834948 45.73051371481046 50.10000000000001
      vertex -94.95202400834948 45.73051371481046 49.900000000000006
      vertex -94.84852813742386 45.848528137423855 50.10000000000001
    endloop
  endfacet
  facet normal 0.6593458151001 -0.75183980747895 0
    outer loop
      vertex -94.84852813742386 45.848528137423855 50.10000000000001
      vertex -94.84852813742386 45.848528137423855 49.900000000000006
      vertex -94.73051371481047 45.95202400834948 50.10000000000001
    endloop
  endfacet
  facet normal 0.5555702330195728 -0.8314696123025648 0
    outer loop
      vertex -94.73051371481047 45.95202400834948 50.10000000000001
      vertex -94.73051371481047 45.95202400834948 49.900000000000006
      vertex -94.6 46.03923048454133 50.10000000000001
    endloop
  endfacet
  facet normal 0.44228869021900913 -0.8968727415326845 0
    outer loop
      vertex -94.6 46.03923048454133 50.10000000000001
      vertex -94.6 46.03923048454133 49.900000000000006
      vertex -94.4592201188381 46.108655439013546 50.10000000000001
    endloop
  endfacet
  facet normal 0.32143946530316114 -0.9469301294951058 0
    outer loop
      vertex -94.4592201188381 46.108655439013546 50.10000000000001
      vertex -94.4592201188381 46.108655439013546 49.900000000000006
      vertex -94.31058285412303 46.15911099154688 50.10000000000001
    endloop
  endfacet
  facet normal 0.19509032201614018 -0.9807852804032281 0
    outer loop
      vertex -94.31058285412303 46.15911099154688 50.10000000000001
      vertex -94.31058285412303 46.15911099154688 49.900000000000006
      vertex -94.15663143066406 46.189733833648575 50.10000000000001
    endloop
  endfacet
  facet normal 0.06540312923014742 -0.9978589232386033 0
    outer loop
      vertex -94.15663143066406 46.189733833648575 50.10000000000001
      vertex -94.15663143066406 46.189733833648575 49.900000000000006
      vertex -94 46.2 50.10000000000001
    endloop
  endfacet
  facet normal -0.06540312923014742 -0.9978589232386033 0
    outer loop
      vertex -94 46.2 50.10000000000001
      vertex -94 46.2 49.900000000000006
      vertex -93.84336856933594 46.189733833648575 50.10000000000001
    endloop
  endfacet
  facet normal -0.19509032201614018 -0.9807852804032281 0
    outer loop
      vertex -93.84336856933594 46.189733833648575 50.10000000000001
      vertex -93.84336856933594 46.189733833648575 49.900000000000006
      vertex -93.68941714587697 46.15911099154688 50.10000000000001
    endloop
  endfacet
  facet normal -0.32143946530316114 -0.9469301294951058 0
    outer loop
      vertex -93.68941714587697 46.15911099154688 50.10000000000001
      vertex -93.68941714587697 46.15911099154688 49.900000000000006
      vertex -93.5407798811619 46.108655439013546 50.10000000000001
    endloop
  endfacet
  facet normal -0.44228869021900913 0.8968727415326845 0
    outer loop
      vertex -93.5407798811619 43.891344560986454 50.10000000000001
      vertex -93.4 43.96076951545867 50.10000000000001
      vertex -93.4 43.96076951545867 49.900000000000006
    endloop
  endfacet
  facet normal -0.5555702330195728 0.8314696123025648 0
    outer loop
      vertex -93.4 43.96076951545867 50.10000000000001
      vertex -93.26948628518953 44.04797599165052 50.10000000000001
      vertex -93.26948628518953 44.04797599165052 49.900000000000006
    endloop
  endfacet
  facet normal -0.6593458151001 0.75183980747895 0
    outer loop
      vertex -93.26948628518953 44.04797599165052 50.10000000000001
      vertex -93.15147186257614 44.151471862576145 50.10000000000001
      vertex -93.15147186257614 44.151471862576145 49.900000000000006
    endloop
  endfacet
  facet normal -0.7518398074789696 0.6593458151000776 0
    outer loop
      vertex -93.15147186257614 44.151471862576145 50.10000000000001
      vertex -93.04797599165052 44.26948628518954 50.10000000000001
      vertex -93.04797599165052 44.26948628518954 49.900000000000006
    endloop
  endfacet
  facet normal -0.8314696123025579 0.5555702330195834 0
    outer loop
      vertex -93.04797599165052 44.26948628518954 50.10000000000001
      vertex -92.96076951545868 44.4 50.10000000000001
      vertex -92.96076951545868 44.4 49.900000000000006
    endloop
  endfacet
  facet normal -0.8968727415326665 0.44228869021904554 0
    outer loop
      vertex -92.96076951545868 44.4 50.10000000000001
      vertex -92.89134456098645 44.54077988116189 50.10000000000001
      vertex -92.89134456098645 44.54077988116189 49.900000000000006
    endloop
  endfacet
  facet normal -0.9469301294951106 0.3214394653031473 0
    outer loop
      vertex -92.89134456098645 44.54077988116189 50.10000000000001
      vertex -92.84088900845312 44.68941714587697 50.10000000000001
      vertex -92.84088900845312 44.68941714587697 49.900000000000006
    endloop
  endfacet
  facet normal -0.9807852804032281 0.19509032201614018 0
    outer loop
      vertex -92.84088900845312 44.68941714587697 50.10000000000001
      vertex -92.81026616635143 44.84336856933594 50.10000000000001
      vertex -92.81026616635143 44.84336856933594 49.900000000000006
    endloop
  endfacet
  facet normal -0.9978589232386033 0.06540312923014742 0
    outer loop
      vertex -92.81026616635143 44.84336856933594 50.10000000000001
      vertex -92.8 45 50.10000000000001
      vertex -92.8 45 49.900000000000006
    endloop
  endfacet
  facet normal -0.9978589232386033 -0.06540312923014742 0
    outer loop
      vertex -92.8 45 50.10000000000001
      vertex -92.81026616635143 45.15663143066406 50.10000000000001
      vertex -92.81026616635143 45.15663143066406 49.900000000000006
    endloop
  endfacet
  facet normal -0.9807852804032281 -0.19509032201614018 0
    outer loop
      vertex -92.81026616635143 45.15663143066406 50.10000000000001
      vertex -92.84088900845312 45.31058285412303 50.10000000000001
      vertex -92.84088900845312 45.31058285412303 49.900000000000006
    endloop
  endfacet
  facet normal -0.9469301294951106 -0.3214394653031473 0
    outer loop
      vertex -92.84088900845312 45.31058285412303 50.10000000000001
      vertex -92.89134456098645 45.45922011883811 50.10000000000001
      vertex -92.89134456098645 45.45922011883811 49.900000000000006
    endloop
  endfacet
  facet normal -0.8314696123025579 -0.5555702330195834 0
    outer loop
      vertex -93.04797599165052 45.73051371481046 50.10000000000001
      vertex -93.04797599165052 45.73051371481046 49.900000000000006
      vertex -92.96076951545868 45.6 50.10000000000001
    endloop
  endfacet
  facet normal -0.7518398074789696 -0.6593458151000776 0
    outer loop
      vertex -93.15147186257614 45.848528137423855 50.10000000000001
      vertex -93.15147186257614 45.848528137423855 49.900000000000006
      vertex -93.04797599165052 45.73051371481046 50.10000000000001
    endloop
  endfacet
  facet normal -0.44228869021900913 -0.8968727415326845 0
    outer loop
      vertex -93.4 46.03923048454133 50.10000000000001
      vertex -93.5407798811619 46.108655439013546 50.10000000000001
      vertex -93.5407798811619 46.108655439013546 49.900000000000006
    endloop
  endfacet
  facet normal -0.5555702330195728 -0.8314696123025648 0
    outer loop
      vertex -93.26948628518953 45.95202400834948 50.10000000000001
      vertex -93.4 46.03923048454133 50.10000000000001
      vertex -93.4 46.03923048454133 49.900000000000006
    endloop
  endfacet
  facet normal -0.6593458151001 -0.75183980747895 0
    outer loop
      vertex -93.15147186257614 45.848528137423855 50.10000000000001
      vertex -93.26948628518953 45.95202400834948 50.10000000000001
      vertex -93.26948628518953 45.95202400834948 49.900000000000006
    endloop
  endfacet
  facet normal -0.8968727415326665 -0.44228869021904554 0
    outer loop
      vertex -92.89134456098645 45.45922011883811 50.10000000000001
      vertex -92.96076951545868 45.6 50.10000000000001
      vertex -92.96076951545868 45.6 49.900000000000006
    endloop
  endfacet
  facet normal 0.5555702330196147 0.8314696123025369 0
    outer loop
      vertex 38.26948628518954 44.04797599165052 50.10000000000001
      vertex 38.4 43.96076951545867 49.900000000000006
      vertex 38.26948628518954 44.04797599165052 49.900000000000006
    endloop
  endfacet
  facet normal 0.44228869021900913 0.8968727415326845 0
    outer loop
      vertex 38.4 43.96076951545867 50.10000000000001
      vertex 38.54077988116189 43.891344560986454 49.900000000000006
      vertex 38.4 43.96076951545867 49.900000000000006
    endloop
  endfacet
  facet normal 0.8968727415326845 0.44228869021900913 0
    outer loop
      vertex 37.891344560986454 44.54077988116189 50.10000000000001
      vertex 37.96076951545867 44.4 49.900000000000006
      vertex 37.891344560986454 44.54077988116189 49.900000000000006
    endloop
  endfacet
  facet normal 0.9469301294951106 0.3214394653031473 0
    outer loop
      vertex 37.84088900845312 44.68941714587697 50.10000000000001
      vertex 37.891344560986454 44.54077988116189 49.900000000000006
      vertex 37.84088900845312 44.68941714587697 49.900000000000006
    endloop
  endfacet
  facet normal 0.7518398074789696 0.6593458151000776 0
    outer loop
      vertex 38.04797599165052 44.26948628518954 50.10000000000001
      vertex 38.151471862576145 44.151471862576145 49.900000000000006
      vertex 38.04797599165052 44.26948628518954 49.900000000000006
    endloop
  endfacet
  facet normal 0.6593458151000776 0.7518398074789696 0
    outer loop
      vertex 38.151471862576145 44.151471862576145 50.10000000000001
      vertex 38.26948628518954 44.04797599165052 49.900000000000006
      vertex 38.151471862576145 44.151471862576145 49.900000000000006
    endloop
  endfacet
  facet normal 0.8314696123025369 0.5555702330196147 0
    outer loop
      vertex 37.96076951545867 44.4 50.10000000000001
      vertex 38.04797599165052 44.26948628518954 49.900000000000006
      vertex 37.96076951545867 44.4 49.900000000000006
    endloop
  endfacet
  facet normal 0.9807852804032281 0.19509032201614018 0
    outer loop
      vertex 37.810266166351425 44.84336856933594 50.10000000000001
      vertex 37.84088900845312 44.68941714587697 49.900000000000006
      vertex 37.810266166351425 44.84336856933594 49.900000000000006
    endloop
  endfacet
  facet normal 0.9978589232386033 0.06540312923014742 0
    outer loop
      vertex 37.8 45 50.10000000000001
      vertex 37.810266166351425 44.84336856933594 49.900000000000006
      vertex 37.8 45 49.900000000000006
    endloop
  endfacet
  facet normal 0.9978589232386033 -0.06540312923014742 0
    outer loop
      vertex 37.810266166351425 45.15663143066406 50.10000000000001
      vertex 37.8 45 49.900000000000006
      vertex 37.810266166351425 45.15663143066406 49.900000000000006
    endloop
  endfacet
  facet normal 0.9807852804032281 -0.19509032201614018 0
    outer loop
      vertex 37.84088900845312 45.31058285412303 50.10000000000001
      vertex 37.810266166351425 45.15663143066406 49.900000000000006
      vertex 37.84088900845312 45.31058285412303 49.900000000000006
    endloop
  endfacet
  facet normal 0.9469301294951106 -0.3214394653031473 0
    outer loop
      vertex 37.891344560986454 45.45922011883811 50.10000000000001
      vertex 37.84088900845312 45.31058285412303 49.900000000000006
      vertex 37.891344560986454 45.45922011883811 49.900000000000006
    endloop
  endfacet
  facet normal 0.8968727415326845 -0.44228869021900913 0
    outer loop
      vertex 37.96076951545867 45.6 50.10000000000001
      vertex 37.891344560986454 45.45922011883811 49.900000000000006
      vertex 37.96076951545867 45.6 49.900000000000006
    endloop
  endfacet
  facet normal 0.8314696123025369 -0.5555702330196147 0
    outer loop
      vertex 38.04797599165052 45.73051371481046 50.10000000000001
      vertex 37.96076951545867 45.6 49.900000000000006
      vertex 38.04797599165052 45.73051371481046 49.900000000000006
    endloop
  endfacet
  facet normal 0.7518398074789696 -0.6593458151000776 0
    outer loop
      vertex 38.151471862576145 45.848528137423855 50.10000000000001
      vertex 38.04797599165052 45.73051371481046 49.900000000000006
      vertex 38.151471862576145 45.848528137423855 49.900000000000006
    endloop
  endfacet
  facet normal 0.6593458151000776 -0.7518398074789696 0
    outer loop
      vertex 38.26948628518954 45.95202400834948 50.10000000000001
      vertex 38.151471862576145 45.848528137423855 49.900000000000006
      vertex 38.26948628518954 45.95202400834948 49.900000000000006
    endloop
  endfacet
  facet normal 0.5555702330196147 -0.8314696123025369 0
    outer loop
      vertex 38.4 46.03923048454133 50.10000000000001
      vertex 38.26948628518954 45.95202400834948 49.900000000000006
      vertex 38.4 46.03923048454133 49.900000000000006
    endloop
  endfacet
  facet normal 0.44228869021900913 -0.8968727415326845 0
    outer loop
      vertex 38.54077988116189 46.108655439013546 50.10000000000001
      vertex 38.4 46.03923048454133 49.900000000000006
      vertex 38.54077988116189 46.108655439013546 49.900000000000006
    endloop
  endfacet
  facet normal 0.19509032201614018 0.9807852804032281 0
    outer loop
      vertex 38.68941714587697 43.84088900845312 50.10000000000001
      vertex 38.84336856933594 43.810266166351425 49.900000000000006
      vertex 38.68941714587697 43.84088900845312 49.900000000000006
    endloop
  endfacet
  facet normal 0.3214394653031473 0.9469301294951106 0
    outer loop
      vertex 38.54077988116189 43.891344560986454 50.10000000000001
      vertex 38.68941714587697 43.84088900845312 49.900000000000006
      vertex 38.54077988116189 43.891344560986454 49.900000000000006
    endloop
  endfacet
  facet normal 0.06540312923014742 0.9978589232386033 0
    outer loop
      vertex 38.84336856933594 43.810266166351425 50.10000000000001
      vertex 39 43.8 49.900000000000006
      vertex 38.84336856933594 43.810266166351425 49.900000000000006
    endloop
  endfacet
  facet normal -0.06540312923014742 0.9978589232386033 0
    outer loop
      vertex 39 43.8 50.10000000000001
      vertex 39.15663143066406 43.810266166351425 49.900000000000006
      vertex 39 43.8 49.900000000000006
    endloop
  endfacet
  facet normal -0.19509032201614018 0.9807852804032281 0
    outer loop
      vertex 39.15663143066406 43.810266166351425 50.10000000000001
      vertex 39.31058285412303 43.84088900845312 49.900000000000006
      vertex 39.15663143066406 43.810266166351425 49.900000000000006
    endloop
  endfacet
  facet normal -0.3214394653031473 0.9469301294951106 0
    outer loop
      vertex 39.31058285412303 43.84088900845312 50.10000000000001
      vertex 39.45922011883811 43.891344560986454 49.900000000000006
      vertex 39.31058285412303 43.84088900845312 49.900000000000006
    endloop
  endfacet
  facet normal -0.44228869021900913 0.8968727415326845 0
    outer loop
      vertex 39.45922011883811 43.891344560986454 50.10000000000001
      vertex 39.6 43.96076951545867 49.900000000000006
      vertex 39.45922011883811 43.891344560986454 49.900000000000006
    endloop
  endfacet
  facet normal -0.5555702330196147 0.8314696123025369 0
    outer loop
      vertex 39.6 43.96076951545867 50.10000000000001
      vertex 39.73051371481046 44.04797599165052 49.900000000000006
      vertex 39.6 43.96076951545867 49.900000000000006
    endloop
  endfacet
  facet normal -0.6593458151000776 0.7518398074789696 0
    outer loop
      vertex 39.73051371481046 44.04797599165052 50.10000000000001
      vertex 39.848528137423855 44.151471862576145 49.900000000000006
      vertex 39.73051371481046 44.04797599165052 49.900000000000006
    endloop
  endfacet
  facet normal -0.7518398074789696 0.6593458151000776 0
    outer loop
      vertex 39.848528137423855 44.151471862576145 50.10000000000001
      vertex 39.95202400834948 44.26948628518954 49.900000000000006
      vertex 39.848528137423855 44.151471862576145 49.900000000000006
    endloop
  endfacet
  facet normal -0.8314696123025369 0.5555702330196147 0
    outer loop
      vertex 39.95202400834948 44.26948628518954 50.10000000000001
      vertex 40.03923048454133 44.4 49.900000000000006
      vertex 39.95202400834948 44.26948628518954 49.900000000000006
    endloop
  endfacet
  facet normal -0.8968727415326845 0.44228869021900913 0
    outer loop
      vertex 40.03923048454133 44.4 50.10000000000001
      vertex 40.108655439013546 44.54077988116189 49.900000000000006
      vertex 40.03923048454133 44.4 49.900000000000006
    endloop
  endfacet
  facet normal -0.9469301294951106 0.3214394653031473 0
    outer loop
      vertex 40.108655439013546 44.54077988116189 50.10000000000001
      vertex 40.15911099154688 44.68941714587697 49.900000000000006
      vertex 40.108655439013546 44.54077988116189 49.900000000000006
    endloop
  endfacet
  facet normal -0.9807852804032281 0.19509032201614018 0
    outer loop
      vertex 40.15911099154688 44.68941714587697 50.10000000000001
      vertex 40.189733833648575 44.84336856933594 49.900000000000006
      vertex 40.15911099154688 44.68941714587697 49.900000000000006
    endloop
  endfacet
  facet normal -0.9978589232386033 0.06540312923014742 0
    outer loop
      vertex 40.189733833648575 44.84336856933594 50.10000000000001
      vertex 40.2 45 49.900000000000006
      vertex 40.189733833648575 44.84336856933594 49.900000000000006
    endloop
  endfacet
  facet normal -0.9978589232386033 -0.06540312923014742 0
    outer loop
      vertex 40.2 45 50.10000000000001
      vertex 40.189733833648575 45.15663143066406 49.900000000000006
      vertex 40.2 45 49.900000000000006
    endloop
  endfacet
  facet normal -0.9807852804032281 -0.19509032201614018 0
    outer loop
      vertex 40.189733833648575 45.15663143066406 50.10000000000001
      vertex 40.15911099154688 45.31058285412303 49.900000000000006
      vertex 40.189733833648575 45.15663143066406 49.900000000000006
    endloop
  endfacet
  facet normal -0.9469301294951106 -0.3214394653031473 0
    outer loop
      vertex 40.15911099154688 45.31058285412303 50.10000000000001
      vertex 40.108655439013546 45.45922011883811 49.900000000000006
      vertex 40.15911099154688 45.31058285412303 49.900000000000006
    endloop
  endfacet
  facet normal -0.8968727415326845 -0.44228869021900913 0
    outer loop
      vertex 40.108655439013546 45.45922011883811 50.10000000000001
      vertex 40.03923048454133 45.6 49.900000000000006
      vertex 40.108655439013546 45.45922011883811 49.900000000000006
    endloop
  endfacet
  facet normal 0.3214394653031473 -0.9469301294951106 0
    outer loop
      vertex 38.68941714587697 46.15911099154688 50.10000000000001
      vertex 38.54077988116189 46.108655439013546 49.900000000000006
      vertex 38.68941714587697 46.15911099154688 49.900000000000006
    endloop
  endfacet
  facet normal 0.19509032201614018 -0.9807852804032281 0
    outer loop
      vertex 38.84336856933594 46.189733833648575 50.10000000000001
      vertex 38.68941714587697 46.15911099154688 49.900000000000006
      vertex 38.84336856933594 46.189733833648575 49.900000000000006
    endloop
  endfacet
  facet normal 0.06540312923014742 -0.9978589232386033 0
    outer loop
      vertex 39 46.2 50.10000000000001
      vertex 38.84336856933594 46.189733833648575 49.900000000000006
      vertex 39 46.2 49.900000000000006
    endloop
  endfacet
  facet normal -0.06540312923014742 -0.9978589232386033 0
    outer loop
      vertex 39.15663143066406 46.189733833648575 50.10000000000001
      vertex 39 46.2 49.900000000000006
      vertex 39.15663143066406 46.189733833648575 49.900000000000006
    endloop
  endfacet
  facet normal -0.19509032201614018 -0.9807852804032281 0
    outer loop
      vertex 39.31058285412303 46.15911099154688 50.10000000000001
      vertex 39.15663143066406 46.189733833648575 49.900000000000006
      vertex 39.31058285412303 46.15911099154688 49.900000000000006
    endloop
  endfacet
  facet normal -0.3214394653031473 -0.9469301294951106 0
    outer loop
      vertex 39.45922011883811 46.108655439013546 50.10000000000001
      vertex 39.31058285412303 46.15911099154688 49.900000000000006
      vertex 39.45922011883811 46.108655439013546 49.900000000000006
    endloop
  endfacet
  facet normal -0.44228869021900913 -0.8968727415326845 0
    outer loop
      vertex 39.6 46.03923048454133 50.10000000000001
      vertex 39.45922011883811 46.108655439013546 49.900000000000006
      vertex 39.6 46.03923048454133 49.900000000000006
    endloop
  endfacet
  facet normal -0.5555702330196147 -0.8314696123025369 0
    outer loop
      vertex 39.73051371481046 45.95202400834948 50.10000000000001
      vertex 39.6 46.03923048454133 49.900000000000006
      vertex 39.73051371481046 45.95202400834948 49.900000000000006
    endloop
  endfacet
  facet normal -0.8314696123025369 -0.5555702330196147 0
    outer loop
      vertex 40.03923048454133 45.6 50.10000000000001
      vertex 39.95202400834948 45.73051371481046 49.900000000000006
      vertex 40.03923048454133 45.6 49.900000000000006
    endloop
  endfacet
  facet normal -0.6593458151000776 -0.7518398074789696 0
    outer loop
      vertex 39.848528137423855 45.848528137423855 50.10000000000001
      vertex 39.73051371481046 45.95202400834948 49.900000000000006
      vertex 39.848528137423855 45.848528137423855 49.900000000000006
    endloop
  endfacet
  facet normal -0.7518398074789696 -0.6593458151000776 0
    outer loop
      vertex 39.95202400834948 45.73051371481046 50.10000000000001
      vertex 39.848528137423855 45.848528137423855 49.900000000000006
      vertex 39.95202400834948 45.73051371481046 49.900000000000006
    endloop
  endfacet
  facet normal 0.5555702330196147 0.8314696123025369 0
    outer loop
      vertex 38.4 43.96076951545867 50.10000000000001
      vertex 38.4 43.96076951545867 49.900000000000006
      vertex 38.26948628518954 44.04797599165052 50.10000000000001
    endloop
  endfacet
  facet normal 0.44228869021900913 0.8968727415326845 0
    outer loop
      vertex 38.4 43.96076951545867 50.10000000000001
      vertex 38.54077988116189 43.891344560986454 50.10000000000001
      vertex 38.54077988116189 43.891344560986454 49.900000000000006
    endloop
  endfacet
  facet normal 0.8968727415326845 0.44228869021900913 0
    outer loop
      vertex 37.96076951545867 44.4 50.10000000000001
      vertex 37.96076951545867 44.4 49.900000000000006
      vertex 37.891344560986454 44.54077988116189 50.10000000000001
    endloop
  endfacet
  facet normal 0.9469301294951106 0.3214394653031473 0
    outer loop
      vertex 37.891344560986454 44.54077988116189 50.10000000000001
      vertex 37.891344560986454 44.54077988116189 49.900000000000006
      vertex 37.84088900845312 44.68941714587697 50.10000000000001
    endloop
  endfacet
  facet normal 0.9807852804032281 0.19509032201614018 0
    outer loop
      vertex 37.84088900845312 44.68941714587697 50.10000000000001
      vertex 37.84088900845312 44.68941714587697 49.900000000000006
      vertex 37.810266166351425 44.84336856933594 50.10000000000001
    endloop
  endfacet
  facet normal 0.7518398074789696 0.6593458151000776 0
    outer loop
      vertex 38.151471862576145 44.151471862576145 50.10000000000001
      vertex 38.151471862576145 44.151471862576145 49.900000000000006
      vertex 38.04797599165052 44.26948628518954 50.10000000000001
    endloop
  endfacet
  facet normal 0.6593458151000776 0.7518398074789696 0
    outer loop
      vertex 38.151471862576145 44.151471862576145 50.10000000000001
      vertex 38.26948628518954 44.04797599165052 50.10000000000001
      vertex 38.26948628518954 44.04797599165052 49.900000000000006
    endloop
  endfacet
  facet normal 0.8314696123025369 0.5555702330196147 0
    outer loop
      vertex 37.96076951545867 44.4 50.10000000000001
      vertex 38.04797599165052 44.26948628518954 50.10000000000001
      vertex 38.04797599165052 44.26948628518954 49.900000000000006
    endloop
  endfacet
  facet normal 0.9978589232386033 0.06540312923014742 0
    outer loop
      vertex 37.810266166351425 44.84336856933594 50.10000000000001
      vertex 37.810266166351425 44.84336856933594 49.900000000000006
      vertex 37.8 45 50.10000000000001
    endloop
  endfacet
  facet normal 0.9978589232386033 -0.06540312923014742 0
    outer loop
      vertex 37.8 45 50.10000000000001
      vertex 37.8 45 49.900000000000006
      vertex 37.810266166351425 45.15663143066406 50.10000000000001
    endloop
  endfacet
  facet normal 0.9807852804032281 -0.19509032201614018 0
    outer loop
      vertex 37.810266166351425 45.15663143066406 50.10000000000001
      vertex 37.810266166351425 45.15663143066406 49.900000000000006
      vertex 37.84088900845312 45.31058285412303 50.10000000000001
    endloop
  endfacet
  facet normal 0.9469301294951106 -0.3214394653031473 0
    outer loop
      vertex 37.84088900845312 45.31058285412303 50.10000000000001
      vertex 37.84088900845312 45.31058285412303 49.900000000000006
      vertex 37.891344560986454 45.45922011883811 50.10000000000001
    endloop
  endfacet
  facet normal 0.8968727415326845 -0.44228869021900913 0
    outer loop
      vertex 37.891344560986454 45.45922011883811 50.10000000000001
      vertex 37.891344560986454 45.45922011883811 49.900000000000006
      vertex 37.96076951545867 45.6 50.10000000000001
    endloop
  endfacet
  facet normal 0.8314696123025369 -0.5555702330196147 0
    outer loop
      vertex 37.96076951545867 45.6 50.10000000000001
      vertex 37.96076951545867 45.6 49.900000000000006
      vertex 38.04797599165052 45.73051371481046 50.10000000000001
    endloop
  endfacet
  facet normal 0.7518398074789696 -0.6593458151000776 0
    outer loop
      vertex 38.04797599165052 45.73051371481046 50.10000000000001
      vertex 38.04797599165052 45.73051371481046 49.900000000000006
      vertex 38.151471862576145 45.848528137423855 50.10000000000001
    endloop
  endfacet
  facet normal 0.6593458151000776 -0.7518398074789696 0
    outer loop
      vertex 38.151471862576145 45.848528137423855 50.10000000000001
      vertex 38.151471862576145 45.848528137423855 49.900000000000006
      vertex 38.26948628518954 45.95202400834948 50.10000000000001
    endloop
  endfacet
  facet normal 0.5555702330196147 -0.8314696123025369 0
    outer loop
      vertex 38.26948628518954 45.95202400834948 50.10000000000001
      vertex 38.26948628518954 45.95202400834948 49.900000000000006
      vertex 38.4 46.03923048454133 50.10000000000001
    endloop
  endfacet
  facet normal 0.44228869021900913 -0.8968727415326845 0
    outer loop
      vertex 38.4 46.03923048454133 50.10000000000001
      vertex 38.4 46.03923048454133 49.900000000000006
      vertex 38.54077988116189 46.108655439013546 50.10000000000001
    endloop
  endfacet
  facet normal 0.3214394653031473 0.9469301294951106 0
    outer loop
      vertex 38.54077988116189 43.891344560986454 50.10000000000001
      vertex 38.68941714587697 43.84088900845312 50.10000000000001
      vertex 38.68941714587697 43.84088900845312 49.900000000000006
    endloop
  endfacet
  facet normal 0.19509032201614018 0.9807852804032281 0
    outer loop
      vertex 38.68941714587697 43.84088900845312 50.10000000000001
      vertex 38.84336856933594 43.810266166351425 50.10000000000001
      vertex 38.84336856933594 43.810266166351425 49.900000000000006
    endloop
  endfacet
  facet normal 0.06540312923014742 0.9978589232386033 0
    outer loop
      vertex 38.84336856933594 43.810266166351425 50.10000000000001
      vertex 39 43.8 50.10000000000001
      vertex 39 43.8 49.900000000000006
    endloop
  endfacet
  facet normal -0.06540312923014742 0.9978589232386033 0
    outer loop
      vertex 39 43.8 50.10000000000001
      vertex 39.15663143066406 43.810266166351425 50.10000000000001
      vertex 39.15663143066406 43.810266166351425 49.900000000000006
    endloop
  endfacet
  facet normal -0.19509032201614018 0.9807852804032281 0
    outer loop
      vertex 39.15663143066406 43.810266166351425 50.10000000000001
      vertex 39.31058285412303 43.84088900845312 50.10000000000001
      vertex 39.31058285412303 43.84088900845312 49.900000000000006
    endloop
  endfacet
  facet normal -0.3214394653031473 0.9469301294951106 0
    outer loop
      vertex 39.31058285412303 43.84088900845312 50.10000000000001
      vertex 39.45922011883811 43.891344560986454 50.10000000000001
      vertex 39.45922011883811 43.891344560986454 49.900000000000006
    endloop
  endfacet
  facet normal -0.44228869021900913 0.8968727415326845 0
    outer loop
      vertex 39.45922011883811 43.891344560986454 50.10000000000001
      vertex 39.6 43.96076951545867 50.10000000000001
      vertex 39.6 43.96076951545867 49.900000000000006
    endloop
  endfacet
  facet normal -0.5555702330196147 0.8314696123025369 0
    outer loop
      vertex 39.6 43.96076951545867 50.10000000000001
      vertex 39.73051371481046 44.04797599165052 50.10000000000001
      vertex 39.73051371481046 44.04797599165052 49.900000000000006
    endloop
  endfacet
  facet normal -0.6593458151000776 0.7518398074789696 0
    outer loop
      vertex 39.73051371481046 44.04797599165052 50.10000000000001
      vertex 39.848528137423855 44.151471862576145 50.10000000000001
      vertex 39.848528137423855 44.151471862576145 49.900000000000006
    endloop
  endfacet
  facet normal -0.7518398074789696 0.6593458151000776 0
    outer loop
      vertex 39.848528137423855 44.151471862576145 50.10000000000001
      vertex 39.95202400834948 44.26948628518954 50.10000000000001
      vertex 39.95202400834948 44.26948628518954 49.900000000000006
    endloop
  endfacet
  facet normal -0.8314696123025369 0.5555702330196147 0
    outer loop
      vertex 39.95202400834948 44.26948628518954 50.10000000000001
      vertex 40.03923048454133 44.4 50.10000000000001
      vertex 40.03923048454133 44.4 49.900000000000006
    endloop
  endfacet
  facet normal -0.8968727415326845 0.44228869021900913 0
    outer loop
      vertex 40.03923048454133 44.4 50.10000000000001
      vertex 40.108655439013546 44.54077988116189 50.10000000000001
      vertex 40.108655439013546 44.54077988116189 49.900000000000006
    endloop
  endfacet
  facet normal -0.9469301294951106 0.3214394653031473 0
    outer loop
      vertex 40.108655439013546 44.54077988116189 50.10000000000001
      vertex 40.15911099154688 44.68941714587697 50.10000000000001
      vertex 40.15911099154688 44.68941714587697 49.900000000000006
    endloop
  endfacet
  facet normal -0.9807852804032281 0.19509032201614018 0
    outer loop
      vertex 40.15911099154688 44.68941714587697 50.10000000000001
      vertex 40.189733833648575 44.84336856933594 50.10000000000001
      vertex 40.189733833648575 44.84336856933594 49.900000000000006
    endloop
  endfacet
  facet normal -0.9978589232386033 0.06540312923014742 0
    outer loop
      vertex 40.189733833648575 44.84336856933594 50.10000000000001
      vertex 40.2 45 50.10000000000001
      vertex 40.2 45 49.900000000000006
    endloop
  endfacet
  facet normal -0.9978589232386033 -0.06540312923014742 0
    outer loop
      vertex 40.2 45 50.10000000000001
      vertex 40.189733833648575 45.15663143066406 50.10000000000001
      vertex 40.189733833648575 45.15663143066406 49.900000000000006
    endloop
  endfacet
  facet normal -0.9807852804032281 -0.19509032201614018 0
    outer loop
      vertex 40.189733833648575 45.15663143066406 50.10000000000001
      vertex 40.15911099154688 45.31058285412303 50.10000000000001
      vertex 40.15911099154688 45.31058285412303 49.900000000000006
    endloop
  endfacet
  facet normal -0.9469301294951106 -0.3214394653031473 0
    outer loop
      vertex 40.15911099154688 45.31058285412303 50.10000000000001
      vertex 40.108655439013546 45.45922011883811 50.10000000000001
      vertex 40.108655439013546 45.45922011883811 49.900000000000006
    endloop
  endfacet
  facet normal 0.3214394653031473 -0.9469301294951106 0
    outer loop
      vertex 38.54077988116189 46.108655439013546 50.10000000000001
      vertex 38.54077988116189 46.108655439013546 49.900000000000006
      vertex 38.68941714587697 46.15911099154688 50.10000000000001
    endloop
  endfacet
  facet normal 0.19509032201614018 -0.9807852804032281 0
    outer loop
      vertex 38.68941714587697 46.15911099154688 50.10000000000001
      vertex 38.68941714587697 46.15911099154688 49.900000000000006
      vertex 38.84336856933594 46.189733833648575 50.10000000000001
    endloop
  endfacet
  facet normal 0.06540312923014742 -0.9978589232386033 0
    outer loop
      vertex 38.84336856933594 46.189733833648575 50.10000000000001
      vertex 38.84336856933594 46.189733833648575 49.900000000000006
      vertex 39 46.2 50.10000000000001
    endloop
  endfacet
  facet normal -0.06540312923014742 -0.9978589232386033 0
    outer loop
      vertex 39 46.2 50.10000000000001
      vertex 39 46.2 49.900000000000006
      vertex 39.15663143066406 46.189733833648575 50.10000000000001
    endloop
  endfacet
  facet normal -0.19509032201614018 -0.9807852804032281 0
    outer loop
      vertex 39.15663143066406 46.189733833648575 50.10000000000001
      vertex 39.15663143066406 46.189733833648575 49.900000000000006
      vertex 39.31058285412303 46.15911099154688 50.10000000000001
    endloop
  endfacet
  facet normal -0.3214394653031473 -0.9469301294951106 0
    outer loop
      vertex 39.31058285412303 46.15911099154688 50.10000000000001
      vertex 39.31058285412303 46.15911099154688 49.900000000000006
      vertex 39.45922011883811 46.108655439013546 50.10000000000001
    endloop
  endfacet
  facet normal -0.44228869021900913 -0.8968727415326845 0
    outer loop
      vertex 39.6 46.03923048454133 50.10000000000001
      vertex 39.45922011883811 46.108655439013546 50.10000000000001
      vertex 39.45922011883811 46.108655439013546 49.900000000000006
    endloop
  endfacet
  facet normal -0.5555702330196147 -0.8314696123025369 0
    outer loop
      vertex 39.73051371481046 45.95202400834948 50.10000000000001
      vertex 39.6 46.03923048454133 50.10000000000001
      vertex 39.6 46.03923048454133 49.900000000000006
    endloop
  endfacet
  facet normal -0.8314696123025369 -0.5555702330196147 0
    outer loop
      vertex 39.95202400834948 45.73051371481046 50.10000000000001
      vertex 39.95202400834948 45.73051371481046 49.900000000000006
      vertex 40.03923048454133 45.6 50.10000000000001
    endloop
  endfacet
  facet normal -0.7518398074789696 -0.6593458151000776 0
    outer loop
      vertex 39.848528137423855 45.848528137423855 50.10000000000001
      vertex 39.848528137423855 45.848528137423855 49.900000000000006
      vertex 39.95202400834948 45.73051371481046 50.10000000000001
    endloop
  endfacet
  facet normal -0.8968727415326845 -0.44228869021900913 0
    outer loop
      vertex 40.108655439013546 45.45922011883811 50.10000000000001
      vertex 40.03923048454133 45.6 50.10000000000001
      vertex 40.03923048454133 45.6 49.900000000000006
    endloop
  endfacet
  facet normal -0.6593458151000776 -0.7518398074789696 0
    outer loop
      vertex 39.73051371481046 45.95202400834948 50.10000000000001
      vertex 39.73051371481046 45.95202400834948 49.900000000000006
      vertex 39.848528137423855 45.848528137423855 50.10000000000001
    endloop
  endfacet
  facet normal 0 0 1
    outer loop
      vertex -95.18973383364857 -43.15663143066406 50.10000000000001
      vertex -103 -41 50.10000000000001
      vertex -103 -46.5 50.10000000000001
    endloop
  endfacet
  facet normal 0 0 1
    outer loop
      vertex -95.03923048454132 -43.6 50.10000000000001
      vertex -95.10865543901355 -43.45922011883811 50.10000000000001
      vertex -103 -46.5 50.10000000000001
    endloop
  endfacet
  facet normal 0 0 1
    outer loop
      vertex -95.10865543901355 -43.45922011883811 50.10000000000001
      vertex -95.15911099154688 -43.31058285412303 50.10000000000001
      vertex -103 -46.5 50.10000000000001
    endloop
  endfacet
  facet normal 0 0 1
    outer loop
      vertex -95.15911099154688 -43.31058285412303 50.10000000000001
      vertex -95.18973383364857 -43.15663143066406 50.10000000000001
      vertex -103 -46.5 50.10000000000001
    endloop
  endfacet
  facet normal 0 0 1
    outer loop
      vertex -94.6 -44.03923048454133 50.10000000000001
      vertex -94.73051371481047 -43.95202400834948 50.10000000000001
      vertex -103 -46.5 50.10000000000001
    endloop
  endfacet
  facet normal 0 0 1
    outer loop
      vertex -94.95202400834948 -43.73051371481046 50.10000000000001
      vertex -103 -46.5 50.10000000000001
      vertex -94.84852813742386 -43.848528137423855 50.10000000000001
    endloop
  endfacet
  facet normal 0 0 1
    outer loop
      vertex -94.84852813742386 -43.848528137423855 50.10000000000001
      vertex -103 -46.5 50.10000000000001
      vertex -94.73051371481047 -43.95202400834948 50.10000000000001
    endloop
  endfacet
  facet normal 0 0 1
    outer loop
      vertex -94.4592201188381 -44.108655439013546 50.10000000000001
      vertex -94.6 -44.03923048454133 50.10000000000001
      vertex -103 -46.5 50.10000000000001
    endloop
  endfacet
  facet normal 0 0 1
    outer loop
      vertex -94.4592201188381 -44.108655439013546 50.10000000000001
      vertex -103 -46.5 50.10000000000001
      vertex -94.31058285412303 -44.15911099154688 50.10000000000001
    endloop
  endfacet
  facet normal 0 0 1
    outer loop
      vertex -95.03923048454132 -43.6 50.10000000000001
      vertex -103 -46.5 50.10000000000001
      vertex -94.95202400834948 -43.73051371481046 50.10000000000001
    endloop
  endfacet
  facet normal 0 0 1
    outer loop
      vertex -94.31058285412303 -44.15911099154688 50.10000000000001
      vertex -103 -46.5 50.10000000000001
      vertex -85 -46.5 50.10000000000001
    endloop
  endfacet
  facet normal 0 0 1
    outer loop
      vertex -95.18973383364857 -43.15663143066406 50.10000000000001
      vertex -95.2 -43 50.10000000000001
      vertex -103 -41 50.10000000000001
    endloop
  endfacet
  facet normal 0 0 1
    outer loop
      vertex -95.2 -43 50.10000000000001
      vertex -95.18973383364857 -42.84336856933594 50.10000000000001
      vertex -103 -41 50.10000000000001
    endloop
  endfacet
  facet normal 0 0 1
    outer loop
      vertex -95.18973383364857 -42.84336856933594 50.10000000000001
      vertex -95.15911099154688 -42.68941714587697 50.10000000000001
      vertex -103 -41 50.10000000000001
    endloop
  endfacet
  facet normal 0 0 1
    outer loop
      vertex -95.15911099154688 -42.68941714587697 50.10000000000001
      vertex -95.10865543901355 -42.54077988116189 50.10000000000001
      vertex -103 -41 50.10000000000001
    endloop
  endfacet
  facet normal 0 0 1
    outer loop
      vertex -95.10865543901355 -42.54077988116189 50.10000000000001
      vertex -95.03923048454132 -42.4 50.10000000000001
      vertex -103 -41 50.10000000000001
    endloop
  endfacet
  facet normal 0 0 1
    outer loop
      vertex -95.03923048454132 -42.4 50.10000000000001
      vertex -94.95202400834948 -42.26948628518954 50.10000000000001
      vertex -103 -41 50.10000000000001
    endloop
  endfacet
  facet normal 0 0 1
    outer loop
      vertex -94.95202400834948 -42.26948628518954 50.10000000000001
      vertex -94.84852813742386 -42.151471862576145 50.10000000000001
      vertex -103 -41 50.10000000000001
    endloop
  endfacet
  facet normal 0 0 1
    outer loop
      vertex -94.84852813742386 -42.151471862576145 50.10000000000001
      vertex -94.73051371481047 -42.04797599165052 50.10000000000001
      vertex -103 -41 50.10000000000001
    endloop
  endfacet
  facet normal 0 0 1
    outer loop
      vertex -94.73051371481047 -42.04797599165052 50.10000000000001
      vertex -94.6 -41.96076951545867 50.10000000000001
      vertex -103 -41 50.10000000000001
    endloop
  endfacet
  facet normal 0 0 1
    outer loop
      vertex -94.6 -41.96076951545867 50.10000000000001
      vertex -94.4592201188381 -41.891344560986454 50.10000000000001
      vertex -103 -41 50.10000000000001
    endloop
  endfacet
  facet normal 0 0 1
    outer loop
      vertex -94.4592201188381 -41.891344560986454 50.10000000000001
      vertex -94.31058285412303 -41.84088900845312 50.10000000000001
      vertex -103 -41 50.10000000000001
    endloop
  endfacet
  facet normal 0 0 1
    outer loop
      vertex -94.31058285412303 -41.84088900845312 50.10000000000001
      vertex -94.15663143066406 -41.810266166351425 50.10000000000001
      vertex -103 -41 50.10000000000001
    endloop
  endfacet
  facet normal 0 0 1
    outer loop
      vertex -94.15663143066406 -41.810266166351425 50.10000000000001
      vertex -85 -41 50.10000000000001
      vertex -103 -41 50.10000000000001
    endloop
  endfacet
  facet normal 0 0 1
    outer loop
      vertex -94.31058285412303 -44.15911099154688 50.10000000000001
      vertex -85 -46.5 50.10000000000001
      vertex -94.15663143066406 -44.189733833648575 50.10000000000001
    endloop
  endfacet
  facet normal 0 0 1
    outer loop
      vertex -94.15663143066406 -44.189733833648575 50.10000000000001
      vertex -85 -46.5 50.10000000000001
      vertex -94 -44.2 50.10000000000001
    endloop
  endfacet
  facet normal 0 0 1
    outer loop
      vertex -94 -44.2 50.10000000000001
      vertex -85 -46.5 50.10000000000001
      vertex -93.84336856933594 -44.189733833648575 50.10000000000001
    endloop
  endfacet
  facet normal 0 0 1
    outer loop
      vertex -93.84336856933594 -44.189733833648575 50.10000000000001
      vertex -85 -46.5 50.10000000000001
      vertex -93.68941714587697 -44.15911099154688 50.10000000000001
    endloop
  endfacet
  facet normal 0 0 1
    outer loop
      vertex -93.5407798811619 -44.108655439013546 50.10000000000001
      vertex -85 -46.5 50.10000000000001
      vertex -93.4 -44.03923048454133 50.10000000000001
    endloop
  endfacet
  facet normal 0 0 1
    outer loop
      vertex -93.68941714587697 -44.15911099154688 50.10000000000001
      vertex -85 -46.5 50.10000000000001
      vertex -93.5407798811619 -44.108655439013546 50.10000000000001
    endloop
  endfacet
  facet normal 0 0 1
    outer loop
      vertex -93.4 -44.03923048454133 50.10000000000001
      vertex -85 -46.5 50.10000000000001
      vertex -93.26948628518953 -43.95202400834948 50.10000000000001
    endloop
  endfacet
  facet normal 0 0 1
    outer loop
      vertex -93.26948628518953 -43.95202400834948 50.10000000000001
      vertex -85 -46.5 50.10000000000001
      vertex -93.15147186257614 -43.848528137423855 50.10000000000001
    endloop
  endfacet
  facet normal 0 0 1
    outer loop
      vertex -93.15147186257614 -43.848528137423855 50.10000000000001
      vertex -85 -46.5 50.10000000000001
      vertex -93.04797599165052 -43.73051371481046 50.10000000000001
    endloop
  endfacet
  facet normal 0 0 1
    outer loop
      vertex -93.04797599165052 -43.73051371481046 50.10000000000001
      vertex -85 -46.5 50.10000000000001
      vertex -92.96076951545868 -43.6 50.10000000000001
    endloop
  endfacet
  facet normal 0 0 1
    outer loop
      vertex -92.96076951545868 -43.6 50.10000000000001
      vertex -85 -46.5 50.10000000000001
      vertex -92.89134456098645 -43.45922011883811 50.10000000000001
    endloop
  endfacet
  facet normal 0 0 1
    outer loop
      vertex -92.89134456098645 -43.45922011883811 50.10000000000001
      vertex -85 -41 50.10000000000001
      vertex -92.84088900845312 -43.31058285412303 50.10000000000001
    endloop
  endfacet
  facet normal 0 0 1
    outer loop
      vertex -92.84088900845312 -43.31058285412303 50.10000000000001
      vertex -85 -41 50.10000000000001
      vertex -92.81026616635143 -43.15663143066406 50.10000000000001
    endloop
  endfacet
  facet normal 0 0 1
    outer loop
      vertex -92.81026616635143 -43.15663143066406 50.10000000000001
      vertex -85 -41 50.10000000000001
      vertex -92.8 -43 50.10000000000001
    endloop
  endfacet
  facet normal 0 0 1
    outer loop
      vertex -92.8 -43 50.10000000000001
      vertex -85 -41 50.10000000000001
      vertex -92.81026616635143 -42.84336856933594 50.10000000000001
    endloop
  endfacet
  facet normal 0 0 1
    outer loop
      vertex -92.81026616635143 -42.84336856933594 50.10000000000001
      vertex -85 -41 50.10000000000001
      vertex -92.84088900845312 -42.68941714587697 50.10000000000001
    endloop
  endfacet
  facet normal 0 0 1
    outer loop
      vertex -92.84088900845312 -42.68941714587697 50.10000000000001
      vertex -85 -41 50.10000000000001
      vertex -92.89134456098645 -42.54077988116189 50.10000000000001
    endloop
  endfacet
  facet normal 0 0 1
    outer loop
      vertex -94.15663143066406 -41.810266166351425 50.10000000000001
      vertex -94 -41.8 50.10000000000001
      vertex -85 -41 50.10000000000001
    endloop
  endfacet
  facet normal 0 0 1
    outer loop
      vertex -94 -41.8 50.10000000000001
      vertex -93.84336856933594 -41.810266166351425 50.10000000000001
      vertex -85 -41 50.10000000000001
    endloop
  endfacet
  facet normal 0 0 1
    outer loop
      vertex -93.84336856933594 -41.810266166351425 50.10000000000001
      vertex -93.68941714587697 -41.84088900845312 50.10000000000001
      vertex -85 -41 50.10000000000001
    endloop
  endfacet
  facet normal 0 0 1
    outer loop
      vertex -93.5407798811619 -41.891344560986454 50.10000000000001
      vertex -93.4 -41.96076951545867 50.10000000000001
      vertex -85 -41 50.10000000000001
    endloop
  endfacet
  facet normal 0 0 1
    outer loop
      vertex -93.68941714587697 -41.84088900845312 50.10000000000001
      vertex -93.5407798811619 -41.891344560986454 50.10000000000001
      vertex -85 -41 50.10000000000001
    endloop
  endfacet
  facet normal 0 0 1
    outer loop
      vertex -93.04797599165052 -42.26948628518954 50.10000000000001
      vertex -92.96076951545868 -42.4 50.10000000000001
      vertex -85 -41 50.10000000000001
    endloop
  endfacet
  facet normal 0 0 1
    outer loop
      vertex -93.26948628518953 -42.04797599165052 50.10000000000001
      vertex -93.15147186257614 -42.151471862576145 50.10000000000001
      vertex -85 -41 50.10000000000001
    endloop
  endfacet
  facet normal 0 0 1
    outer loop
      vertex -93.04797599165052 -42.26948628518954 50.10000000000001
      vertex -85 -41 50.10000000000001
      vertex -93.15147186257614 -42.151471862576145 50.10000000000001
    endloop
  endfacet
  facet normal 0 0 1
    outer loop
      vertex -92.89134456098645 -42.54077988116189 50.10000000000001
      vertex -85 -41 50.10000000000001
      vertex -92.96076951545868 -42.4 50.10000000000001
    endloop
  endfacet
  facet normal 0 0 1
    outer loop
      vertex -93.26948628518953 -42.04797599165052 50.10000000000001
      vertex -85 -41 50.10000000000001
      vertex -93.4 -41.96076951545867 50.10000000000001
    endloop
  endfacet
  facet normal 0 0 1
    outer loop
      vertex -92.89134456098645 -43.45922011883811 50.10000000000001
      vertex -85 -46.5 50.10000000000001
      vertex -85 -41 50.10000000000001
    endloop
  endfacet
  facet normal 0 0 1
    outer loop
      vertex -95.18973383364857 45.15663143066406 50.10000000000001
      vertex -103 48.5 50.10000000000001
      vertex -103 43 50.10000000000001
    endloop
  endfacet
  facet normal 0 0 1
    outer loop
      vertex -95.03923048454132 44.4 50.10000000000001
      vertex -95.10865543901355 44.54077988116189 50.10000000000001
      vertex -103 43 50.10000000000001
    endloop
  endfacet
  facet normal 0 0 1
    outer loop
      vertex -94.6 43.96076951545867 50.10000000000001
      vertex -94.73051371481047 44.04797599165052 50.10000000000001
      vertex -103 43 50.10000000000001
    endloop
  endfacet
  facet normal 0 0 1
    outer loop
      vertex -94.4592201188381 43.891344560986454 50.10000000000001
      vertex -103 43 50.10000000000001
      vertex -94.31058285412303 43.84088900845312 50.10000000000001
    endloop
  endfacet
  facet normal 0 0 1
    outer loop
      vertex -94.6 43.96076951545867 50.10000000000001
      vertex -103 43 50.10000000000001
      vertex -94.4592201188381 43.891344560986454 50.10000000000001
    endloop
  endfacet
  facet normal 0 0 1
    outer loop
      vertex -94.31058285412303 43.84088900845312 50.10000000000001
      vertex -103 43 50.10000000000001
      vertex -94.15663143066406 43.810266166351425 50.10000000000001
    endloop
  endfacet
  facet normal 0 0 1
    outer loop
      vertex -94.84852813742386 44.151471862576145 50.10000000000001
      vertex -94.95202400834948 44.26948628518954 50.10000000000001
      vertex -103 43 50.10000000000001
    endloop
  endfacet
  facet normal 0 0 1
    outer loop
      vertex -94.84852813742386 44.151471862576145 50.10000000000001
      vertex -103 43 50.10000000000001
      vertex -94.73051371481047 44.04797599165052 50.10000000000001
    endloop
  endfacet
  facet normal 0 0 1
    outer loop
      vertex -95.03923048454132 44.4 50.10000000000001
      vertex -103 43 50.10000000000001
      vertex -94.95202400834948 44.26948628518954 50.10000000000001
    endloop
  endfacet
  facet normal 0 0 1
    outer loop
      vertex -95.10865543901355 44.54077988116189 50.10000000000001
      vertex -95.15911099154688 44.68941714587697 50.10000000000001
      vertex -103 43 50.10000000000001
    endloop
  endfacet
  facet normal 0 0 1
    outer loop
      vertex -95.15911099154688 44.68941714587697 50.10000000000001
      vertex -95.18973383364857 44.84336856933594 50.10000000000001
      vertex -103 43 50.10000000000001
    endloop
  endfacet
  facet normal 0 0 1
    outer loop
      vertex -95.18973383364857 44.84336856933594 50.10000000000001
      vertex -95.2 45 50.10000000000001
      vertex -103 43 50.10000000000001
    endloop
  endfacet
  facet normal 0 0 1
    outer loop
      vertex -95.2 45 50.10000000000001
      vertex -95.18973383364857 45.15663143066406 50.10000000000001
      vertex -103 43 50.10000000000001
    endloop
  endfacet
  facet normal 0 0 1
    outer loop
      vertex -94.15663143066406 43.810266166351425 50.10000000000001
      vertex -103 43 50.10000000000001
      vertex -85 43 50.10000000000001
    endloop
  endfacet
  facet normal 0 0 1
    outer loop
      vertex -95.18973383364857 45.15663143066406 50.10000000000001
      vertex -95.15911099154688 45.31058285412303 50.10000000000001
      vertex -103 48.5 50.10000000000001
    endloop
  endfacet
  facet normal 0 0 1
    outer loop
      vertex -95.15911099154688 45.31058285412303 50.10000000000001
      vertex -95.10865543901355 45.45922011883811 50.10000000000001
      vertex -103 48.5 50.10000000000001
    endloop
  endfacet
  facet normal 0 0 1
    outer loop
      vertex -95.10865543901355 45.45922011883811 50.10000000000001
      vertex -95.03923048454132 45.6 50.10000000000001
      vertex -103 48.5 50.10000000000001
    endloop
  endfacet
  facet normal 0 0 1
    outer loop
      vertex -95.03923048454132 45.6 50.10000000000001
      vertex -94.95202400834948 45.73051371481046 50.10000000000001
      vertex -103 48.5 50.10000000000001
    endloop
  endfacet
  facet normal 0 0 1
    outer loop
      vertex -94.95202400834948 45.73051371481046 50.10000000000001
      vertex -94.84852813742386 45.848528137423855 50.10000000000001
      vertex -103 48.5 50.10000000000001
    endloop
  endfacet
  facet normal 0 0 1
    outer loop
      vertex -94.84852813742386 45.848528137423855 50.10000000000001
      vertex -94.73051371481047 45.95202400834948 50.10000000000001
      vertex -103 48.5 50.10000000000001
    endloop
  endfacet
  facet normal 0 0 1
    outer loop
      vertex -94.73051371481047 45.95202400834948 50.10000000000001
      vertex -94.6 46.03923048454133 50.10000000000001
      vertex -103 48.5 50.10000000000001
    endloop
  endfacet
  facet normal 0 0 1
    outer loop
      vertex -94.6 46.03923048454133 50.10000000000001
      vertex -94.4592201188381 46.108655439013546 50.10000000000001
      vertex -103 48.5 50.10000000000001
    endloop
  endfacet
  facet normal 0 0 1
    outer loop
      vertex -94.4592201188381 46.108655439013546 50.10000000000001
      vertex -94.31058285412303 46.15911099154688 50.10000000000001
      vertex -103 48.5 50.10000000000001
    endloop
  endfacet
  facet normal 0 0 1
    outer loop
      vertex -94.31058285412303 46.15911099154688 50.10000000000001
      vertex -85 48.5 50.10000000000001
      vertex -103 48.5 50.10000000000001
    endloop
  endfacet
  facet normal 0 0 1
    outer loop
      vertex -94.15663143066406 43.810266166351425 50.10000000000001
      vertex -85 43 50.10000000000001
      vertex -94 43.8 50.10000000000001
    endloop
  endfacet
  facet normal 0 0 1
    outer loop
      vertex -94 43.8 50.10000000000001
      vertex -85 43 50.10000000000001
      vertex -93.84336856933594 43.810266166351425 50.10000000000001
    endloop
  endfacet
  facet normal 0 0 1
    outer loop
      vertex -93.84336856933594 43.810266166351425 50.10000000000001
      vertex -85 43 50.10000000000001
      vertex -93.68941714587697 43.84088900845312 50.10000000000001
    endloop
  endfacet
  facet normal 0 0 1
    outer loop
      vertex -93.68941714587697 43.84088900845312 50.10000000000001
      vertex -85 43 50.10000000000001
      vertex -93.5407798811619 43.891344560986454 50.10000000000001
    endloop
  endfacet
  facet normal 0 0 1
    outer loop
      vertex -93.5407798811619 43.891344560986454 50.10000000000001
      vertex -85 43 50.10000000000001
      vertex -93.4 43.96076951545867 50.10000000000001
    endloop
  endfacet
  facet normal 0 0 1
    outer loop
      vertex -93.4 43.96076951545867 50.10000000000001
      vertex -85 43 50.10000000000001
      vertex -93.26948628518953 44.04797599165052 50.10000000000001
    endloop
  endfacet
  facet normal 0 0 1
    outer loop
      vertex -93.26948628518953 44.04797599165052 50.10000000000001
      vertex -85 43 50.10000000000001
      vertex -93.15147186257614 44.151471862576145 50.10000000000001
    endloop
  endfacet
  facet normal 0 0 1
    outer loop
      vertex -93.15147186257614 44.151471862576145 50.10000000000001
      vertex -85 43 50.10000000000001
      vertex -93.04797599165052 44.26948628518954 50.10000000000001
    endloop
  endfacet
  facet normal 0 0 1
    outer loop
      vertex -93.04797599165052 44.26948628518954 50.10000000000001
      vertex -85 43 50.10000000000001
      vertex -92.96076951545868 44.4 50.10000000000001
    endloop
  endfacet
  facet normal 0 0 1
    outer loop
      vertex -92.96076951545868 44.4 50.10000000000001
      vertex -85 43 50.10000000000001
      vertex -92.89134456098645 44.54077988116189 50.10000000000001
    endloop
  endfacet
  facet normal 0 0 1
    outer loop
      vertex -92.89134456098645 44.54077988116189 50.10000000000001
      vertex -85 43 50.10000000000001
      vertex -92.84088900845312 44.68941714587697 50.10000000000001
    endloop
  endfacet
  facet normal 0 0 1
    outer loop
      vertex -92.84088900845312 44.68941714587697 50.10000000000001
      vertex -85 43 50.10000000000001
      vertex -92.81026616635143 44.84336856933594 50.10000000000001
    endloop
  endfacet
  facet normal 0 0 1
    outer loop
      vertex -92.81026616635143 44.84336856933594 50.10000000000001
      vertex -85 43 50.10000000000001
      vertex -92.8 45 50.10000000000001
    endloop
  endfacet
  facet normal 0 0 1
    outer loop
      vertex -92.8 45 50.10000000000001
      vertex -85 43 50.10000000000001
      vertex -92.81026616635143 45.15663143066406 50.10000000000001
    endloop
  endfacet
  facet normal 0 0 1
    outer loop
      vertex -92.81026616635143 45.15663143066406 50.10000000000001
      vertex -85 43 50.10000000000001
      vertex -92.84088900845312 45.31058285412303 50.10000000000001
    endloop
  endfacet
  facet normal 0 0 1
    outer loop
      vertex -94.31058285412303 46.15911099154688 50.10000000000001
      vertex -94.15663143066406 46.189733833648575 50.10000000000001
      vertex -85 48.5 50.10000000000001
    endloop
  endfacet
  facet normal 0 0 1
    outer loop
      vertex -94.15663143066406 46.189733833648575 50.10000000000001
      vertex -94 46.2 50.10000000000001
      vertex -85 48.5 50.10000000000001
    endloop
  endfacet
  facet normal 0 0 1
    outer loop
      vertex -94 46.2 50.10000000000001
      vertex -93.84336856933594 46.189733833648575 50.10000000000001
      vertex -85 48.5 50.10000000000001
    endloop
  endfacet
  facet normal 0 0 1
    outer loop
      vertex -93.84336856933594 46.189733833648575 50.10000000000001
      vertex -93.68941714587697 46.15911099154688 50.10000000000001
      vertex -85 48.5 50.10000000000001
    endloop
  endfacet
  facet normal 0 0 1
    outer loop
      vertex -93.4 46.03923048454133 50.10000000000001
      vertex -85 48.5 50.10000000000001
      vertex -93.5407798811619 46.108655439013546 50.10000000000001
    endloop
  endfacet
  facet normal 0 0 1
    outer loop
      vertex -93.68941714587697 46.15911099154688 50.10000000000001
      vertex -93.5407798811619 46.108655439013546 50.10000000000001
      vertex -85 48.5 50.10000000000001
    endloop
  endfacet
  facet normal 0 0 1
    outer loop
      vertex -93.04797599165052 45.73051371481046 50.10000000000001
      vertex -92.96076951545868 45.6 50.10000000000001
      vertex -85 48.5 50.10000000000001
    endloop
  endfacet
  facet normal 0 0 1
    outer loop
      vertex -92.84088900845312 45.31058285412303 50.10000000000001
      vertex -85 48.5 50.10000000000001
      vertex -92.89134456098645 45.45922011883811 50.10000000000001
    endloop
  endfacet
  facet normal 0 0 1
    outer loop
      vertex -92.89134456098645 45.45922011883811 50.10000000000001
      vertex -85 48.5 50.10000000000001
      vertex -92.96076951545868 45.6 50.10000000000001
    endloop
  endfacet
  facet normal 0 0 1
    outer loop
      vertex -93.15147186257614 45.848528137423855 50.10000000000001
      vertex -85 48.5 50.10000000000001
      vertex -93.26948628518953 45.95202400834948 50.10000000000001
    endloop
  endfacet
  facet normal 0 0 1
    outer loop
      vertex -93.15147186257614 45.848528137423855 50.10000000000001
      vertex -93.04797599165052 45.73051371481046 50.10000000000001
      vertex -85 48.5 50.10000000000001
    endloop
  endfacet
  facet normal 0 0 1
    outer loop
      vertex -93.26948628518953 45.95202400834948 50.10000000000001
      vertex -85 48.5 50.10000000000001
      vertex -93.4 46.03923048454133 50.10000000000001
    endloop
  endfacet
  facet normal 0 0 1
    outer loop
      vertex -92.84088900845312 45.31058285412303 50.10000000000001
      vertex -85 43 50.10000000000001
      vertex -85 48.5 50.10000000000001
    endloop
  endfacet
  facet normal 0 0 1
    outer loop
      vertex 37.84088900845312 -43.31058285412303 50.10000000000001
      vertex 30 -41 50.10000000000001
      vertex 30 -46.5 50.10000000000001
    endloop
  endfacet
  facet normal 0 0 1
    outer loop
      vertex 38.4 -44.03923048454133 50.10000000000001
      vertex 38.26948628518954 -43.95202400834948 50.10000000000001
      vertex 30 -46.5 50.10000000000001
    endloop
  endfacet
  facet normal 0 0 1
    outer loop
      vertex 38.04797599165052 -43.73051371481046 50.10000000000001
      vertex 30 -46.5 50.10000000000001
      vertex 38.151471862576145 -43.848528137423855 50.10000000000001
    endloop
  endfacet
  facet normal 0 0 1
    outer loop
      vertex 38.26948628518954 -43.95202400834948 50.10000000000001
      vertex 38.151471862576145 -43.848528137423855 50.10000000000001
      vertex 30 -46.5 50.10000000000001
    endloop
  endfacet
  facet normal 0 0 1
    outer loop
      vertex 37.96076951545867 -43.6 50.10000000000001
      vertex 37.891344560986454 -43.45922011883811 50.10000000000001
      vertex 30 -46.5 50.10000000000001
    endloop
  endfacet
  facet normal 0 0 1
    outer loop
      vertex 37.891344560986454 -43.45922011883811 50.10000000000001
      vertex 37.84088900845312 -43.31058285412303 50.10000000000001
      vertex 30 -46.5 50.10000000000001
    endloop
  endfacet
  facet normal 0 0 1
    outer loop
      vertex 37.96076951545867 -43.6 50.10000000000001
      vertex 30 -46.5 50.10000000000001
      vertex 38.04797599165052 -43.73051371481046 50.10000000000001
    endloop
  endfacet
  facet normal 0 0 1
    outer loop
      vertex 38.54077988116189 -44.108655439013546 50.10000000000001
      vertex 38.4 -44.03923048454133 50.10000000000001
      vertex 30 -46.5 50.10000000000001
    endloop
  endfacet
  facet normal 0 0 1
    outer loop
      vertex 38.54077988116189 -44.108655439013546 50.10000000000001
      vertex 30 -46.5 50.10000000000001
      vertex 38.68941714587697 -44.15911099154688 50.10000000000001
    endloop
  endfacet
  facet normal 0 0 1
    outer loop
      vertex 38.68941714587697 -44.15911099154688 50.10000000000001
      vertex 30 -46.5 50.10000000000001
      vertex 38.84336856933594 -44.189733833648575 50.10000000000001
    endloop
  endfacet
  facet normal 0 0 1
    outer loop
      vertex 39 -44.2 50.10000000000001
      vertex 30 -46.5 50.10000000000001
      vertex 39.15663143066406 -44.189733833648575 50.10000000000001
    endloop
  endfacet
  facet normal 0 0 1
    outer loop
      vertex 38.84336856933594 -44.189733833648575 50.10000000000001
      vertex 30 -46.5 50.10000000000001
      vertex 39 -44.2 50.10000000000001
    endloop
  endfacet
  facet normal 0 0 1
    outer loop
      vertex 39.15663143066406 -44.189733833648575 50.10000000000001
      vertex 30 -46.5 50.10000000000001
      vertex 39.31058285412303 -44.15911099154688 50.10000000000001
    endloop
  endfacet
  facet normal 0 0 1
    outer loop
      vertex 37.84088900845312 -43.31058285412303 50.10000000000001
      vertex 37.810266166351425 -43.15663143066406 50.10000000000001
      vertex 30 -41 50.10000000000001
    endloop
  endfacet
  facet normal 0 0 1
    outer loop
      vertex 37.810266166351425 -43.15663143066406 50.10000000000001
      vertex 37.8 -43 50.10000000000001
      vertex 30 -41 50.10000000000001
    endloop
  endfacet
  facet normal 0 0 1
    outer loop
      vertex 37.8 -43 50.10000000000001
      vertex 37.810266166351425 -42.84336856933594 50.10000000000001
      vertex 30 -41 50.10000000000001
    endloop
  endfacet
  facet normal 0 0 1
    outer loop
      vertex 37.810266166351425 -42.84336856933594 50.10000000000001
      vertex 37.84088900845312 -42.68941714587697 50.10000000000001
      vertex 30 -41 50.10000000000001
    endloop
  endfacet
  facet normal 0 0 1
    outer loop
      vertex 37.84088900845312 -42.68941714587697 50.10000000000001
      vertex 37.891344560986454 -42.54077988116189 50.10000000000001
      vertex 30 -41 50.10000000000001
    endloop
  endfacet
  facet normal 0 0 1
    outer loop
      vertex 37.891344560986454 -42.54077988116189 50.10000000000001
      vertex 37.96076951545867 -42.4 50.10000000000001
      vertex 30 -41 50.10000000000001
    endloop
  endfacet
  facet normal 0 0 1
    outer loop
      vertex 37.96076951545867 -42.4 50.10000000000001
      vertex 38.04797599165052 -42.26948628518954 50.10000000000001
      vertex 30 -41 50.10000000000001
    endloop
  endfacet
  facet normal 0 0 1
    outer loop
      vertex 38.04797599165052 -42.26948628518954 50.10000000000001
      vertex 38.151471862576145 -42.151471862576145 50.10000000000001
      vertex 30 -41 50.10000000000001
    endloop
  endfacet
  facet normal 0 0 1
    outer loop
      vertex 38.151471862576145 -42.151471862576145 50.10000000000001
      vertex 38.26948628518954 -42.04797599165052 50.10000000000001
      vertex 30 -41 50.10000000000001
    endloop
  endfacet
  facet normal 0 0 1
    outer loop
      vertex 38.26948628518954 -42.04797599165052 50.10000000000001
      vertex 38.4 -41.96076951545867 50.10000000000001
      vertex 30 -41 50.10000000000001
    endloop
  endfacet
  facet normal 0 0 1
    outer loop
      vertex 38.4 -41.96076951545867 50.10000000000001
      vertex 38.54077988116189 -41.891344560986454 50.10000000000001
      vertex 30 -41 50.10000000000001
    endloop
  endfacet
  facet normal 0 0 1
    outer loop
      vertex 38.54077988116189 -41.891344560986454 50.10000000000001
      vertex 38.68941714587697 -41.84088900845312 50.10000000000001
      vertex 30 -41 50.10000000000001
    endloop
  endfacet
  facet normal 0 0 1
    outer loop
      vertex 38.68941714587697 -41.84088900845312 50.10000000000001
      vertex 38.84336856933594 -41.810266166351425 50.10000000000001
      vertex 30 -41 50.10000000000001
    endloop
  endfacet
  facet normal 0 0 1
    outer loop
      vertex 39 -41.8 50.10000000000001
      vertex 39.15663143066406 -41.810266166351425 50.10000000000001
      vertex 30 -41 50.10000000000001
    endloop
  endfacet
  facet normal 0 0 1
    outer loop
      vertex 38.84336856933594 -41.810266166351425 50.10000000000001
      vertex 39 -41.8 50.10000000000001
      vertex 30 -41 50.10000000000001
    endloop
  endfacet
  facet normal 0 0 1
    outer loop
      vertex 39.31058285412303 -44.15911099154688 50.10000000000001
      vertex 30 -46.5 50.10000000000001
      vertex 48 -46.5 50.10000000000001
    endloop
  endfacet
  facet normal 0 0 1
    outer loop
      vertex 39.45922011883811 -44.108655439013546 50.10000000000001
      vertex 48 -46.5 50.10000000000001
      vertex 39.6 -44.03923048454133 50.10000000000001
    endloop
  endfacet
  facet normal 0 0 1
    outer loop
      vertex 39.31058285412303 -44.15911099154688 50.10000000000001
      vertex 48 -46.5 50.10000000000001
      vertex 39.45922011883811 -44.108655439013546 50.10000000000001
    endloop
  endfacet
  facet normal 0 0 1
    outer loop
      vertex 39.6 -44.03923048454133 50.10000000000001
      vertex 48 -46.5 50.10000000000001
      vertex 39.73051371481046 -43.95202400834948 50.10000000000001
    endloop
  endfacet
  facet normal 0 0 1
    outer loop
      vertex 39.73051371481046 -43.95202400834948 50.10000000000001
      vertex 48 -46.5 50.10000000000001
      vertex 39.848528137423855 -43.848528137423855 50.10000000000001
    endloop
  endfacet
  facet normal 0 0 1
    outer loop
      vertex 39.848528137423855 -43.848528137423855 50.10000000000001
      vertex 48 -46.5 50.10000000000001
      vertex 39.95202400834948 -43.73051371481046 50.10000000000001
    endloop
  endfacet
  facet normal 0 0 1
    outer loop
      vertex 39.95202400834948 -43.73051371481046 50.10000000000001
      vertex 48 -46.5 50.10000000000001
      vertex 40.03923048454133 -43.6 50.10000000000001
    endloop
  endfacet
  facet normal 0 0 1
    outer loop
      vertex 40.03923048454133 -43.6 50.10000000000001
      vertex 48 -46.5 50.10000000000001
      vertex 40.108655439013546 -43.45922011883811 50.10000000000001
    endloop
  endfacet
  facet normal 0 0 1
    outer loop
      vertex 40.108655439013546 -43.45922011883811 50.10000000000001
      vertex 48 -46.5 50.10000000000001
      vertex 40.15911099154688 -43.31058285412303 50.10000000000001
    endloop
  endfacet
  facet normal 0 0 1
    outer loop
      vertex 40.15911099154688 -43.31058285412303 50.10000000000001
      vertex 48 -46.5 50.10000000000001
      vertex 40.189733833648575 -43.15663143066406 50.10000000000001
    endloop
  endfacet
  facet normal 0 0 1
    outer loop
      vertex 39.15663143066406 -41.810266166351425 50.10000000000001
      vertex 48 -41 50.10000000000001
      vertex 30 -41 50.10000000000001
    endloop
  endfacet
  facet normal 0 0 1
    outer loop
      vertex 40.189733833648575 -43.15663143066406 50.10000000000001
      vertex 48 -41 50.10000000000001
      vertex 40.2 -43 50.10000000000001
    endloop
  endfacet
  facet normal 0 0 1
    outer loop
      vertex 40.2 -43 50.10000000000001
      vertex 48 -41 50.10000000000001
      vertex 40.189733833648575 -42.84336856933594 50.10000000000001
    endloop
  endfacet
  facet normal 0 0 1
    outer loop
      vertex 40.189733833648575 -42.84336856933594 50.10000000000001
      vertex 48 -41 50.10000000000001
      vertex 40.15911099154688 -42.68941714587697 50.10000000000001
    endloop
  endfacet
  facet normal 0 0 1
    outer loop
      vertex 40.15911099154688 -42.68941714587697 50.10000000000001
      vertex 48 -41 50.10000000000001
      vertex 40.108655439013546 -42.54077988116189 50.10000000000001
    endloop
  endfacet
  facet normal 0 0 1
    outer loop
      vertex 39.95202400834948 -42.26948628518954 50.10000000000001
      vertex 40.03923048454133 -42.4 50.10000000000001
      vertex 48 -41 50.10000000000001
    endloop
  endfacet
  facet normal 0 0 1
    outer loop
      vertex 39.73051371481046 -42.04797599165052 50.10000000000001
      vertex 39.848528137423855 -42.151471862576145 50.10000000000001
      vertex 48 -41 50.10000000000001
    endloop
  endfacet
  facet normal 0 0 1
    outer loop
      vertex 39.95202400834948 -42.26948628518954 50.10000000000001
      vertex 48 -41 50.10000000000001
      vertex 39.848528137423855 -42.151471862576145 50.10000000000001
    endloop
  endfacet
  facet normal 0 0 1
    outer loop
      vertex 39.15663143066406 -41.810266166351425 50.10000000000001
      vertex 39.31058285412303 -41.84088900845312 50.10000000000001
      vertex 48 -41 50.10000000000001
    endloop
  endfacet
  facet normal 0 0 1
    outer loop
      vertex 39.45922011883811 -41.891344560986454 50.10000000000001
      vertex 39.6 -41.96076951545867 50.10000000000001
      vertex 48 -41 50.10000000000001
    endloop
  endfacet
  facet normal 0 0 1
    outer loop
      vertex 39.31058285412303 -41.84088900845312 50.10000000000001
      vertex 39.45922011883811 -41.891344560986454 50.10000000000001
      vertex 48 -41 50.10000000000001
    endloop
  endfacet
  facet normal 0 0 1
    outer loop
      vertex 39.73051371481046 -42.04797599165052 50.10000000000001
      vertex 48 -41 50.10000000000001
      vertex 39.6 -41.96076951545867 50.10000000000001
    endloop
  endfacet
  facet normal 0 0 1
    outer loop
      vertex 40.108655439013546 -42.54077988116189 50.10000000000001
      vertex 48 -41 50.10000000000001
      vertex 40.03923048454133 -42.4 50.10000000000001
    endloop
  endfacet
  facet normal 0 0 1
    outer loop
      vertex 40.189733833648575 -43.15663143066406 50.10000000000001
      vertex 48 -46.5 50.10000000000001
      vertex 48 -41 50.10000000000001
    endloop
  endfacet
  facet normal 0 0 1
    outer loop
      vertex 37.891344560986454 45.45922011883811 50.10000000000001
      vertex 30 48.5 50.10000000000001
      vertex 30 43 50.10000000000001
    endloop
  endfacet
  facet normal 0 0 1
    outer loop
      vertex 38.4 43.96076951545867 50.10000000000001
      vertex 38.26948628518954 44.04797599165052 50.10000000000001
      vertex 30 43 50.10000000000001
    endloop
  endfacet
  facet normal 0 0 1
    outer loop
      vertex 37.96076951545867 44.4 50.10000000000001
      vertex 37.891344560986454 44.54077988116189 50.10000000000001
      vertex 30 43 50.10000000000001
    endloop
  endfacet
  facet normal 0 0 1
    outer loop
      vertex 38.151471862576145 44.151471862576145 50.10000000000001
      vertex 38.04797599165052 44.26948628518954 50.10000000000001
      vertex 30 43 50.10000000000001
    endloop
  endfacet
  facet normal 0 0 1
    outer loop
      vertex 38.151471862576145 44.151471862576145 50.10000000000001
      vertex 30 43 50.10000000000001
      vertex 38.26948628518954 44.04797599165052 50.10000000000001
    endloop
  endfacet
  facet normal 0 0 1
    outer loop
      vertex 37.96076951545867 44.4 50.10000000000001
      vertex 30 43 50.10000000000001
      vertex 38.04797599165052 44.26948628518954 50.10000000000001
    endloop
  endfacet
  facet normal 0 0 1
    outer loop
      vertex 38.54077988116189 43.891344560986454 50.10000000000001
      vertex 30 43 50.10000000000001
      vertex 38.68941714587697 43.84088900845312 50.10000000000001
    endloop
  endfacet
  facet normal 0 0 1
    outer loop
      vertex 38.4 43.96076951545867 50.10000000000001
      vertex 30 43 50.10000000000001
      vertex 38.54077988116189 43.891344560986454 50.10000000000001
    endloop
  endfacet
  facet normal 0 0 1
    outer loop
      vertex 38.68941714587697 43.84088900845312 50.10000000000001
      vertex 30 43 50.10000000000001
      vertex 38.84336856933594 43.810266166351425 50.10000000000001
    endloop
  endfacet
  facet normal 0 0 1
    outer loop
      vertex 39 43.8 50.10000000000001
      vertex 30 43 50.10000000000001
      vertex 39.15663143066406 43.810266166351425 50.10000000000001
    endloop
  endfacet
  facet normal 0 0 1
    outer loop
      vertex 38.84336856933594 43.810266166351425 50.10000000000001
      vertex 30 43 50.10000000000001
      vertex 39 43.8 50.10000000000001
    endloop
  endfacet
  facet normal 0 0 1
    outer loop
      vertex 37.891344560986454 44.54077988116189 50.10000000000001
      vertex 37.84088900845312 44.68941714587697 50.10000000000001
      vertex 30 43 50.10000000000001
    endloop
  endfacet
  facet normal 0 0 1
    outer loop
      vertex 37.84088900845312 44.68941714587697 50.10000000000001
      vertex 37.810266166351425 44.84336856933594 50.10000000000001
      vertex 30 43 50.10000000000001
    endloop
  endfacet
  facet normal 0 0 1
    outer loop
      vertex 37.810266166351425 44.84336856933594 50.10000000000001
      vertex 37.8 45 50.10000000000001
      vertex 30 43 50.10000000000001
    endloop
  endfacet
  facet normal 0 0 1
    outer loop
      vertex 37.8 45 50.10000000000001
      vertex 37.810266166351425 45.15663143066406 50.10000000000001
      vertex 30 43 50.10000000000001
    endloop
  endfacet
  facet normal 0 0 1
    outer loop
      vertex 37.810266166351425 45.15663143066406 50.10000000000001
      vertex 37.84088900845312 45.31058285412303 50.10000000000001
      vertex 30 43 50.10000000000001
    endloop
  endfacet
  facet normal 0 0 1
    outer loop
      vertex 37.84088900845312 45.31058285412303 50.10000000000001
      vertex 37.891344560986454 45.45922011883811 50.10000000000001
      vertex 30 43 50.10000000000001
    endloop
  endfacet
  facet normal 0 0 1
    outer loop
      vertex 37.891344560986454 45.45922011883811 50.10000000000001
      vertex 37.96076951545867 45.6 50.10000000000001
      vertex 30 48.5 50.10000000000001
    endloop
  endfacet
  facet normal 0 0 1
    outer loop
      vertex 37.96076951545867 45.6 50.10000000000001
      vertex 38.04797599165052 45.73051371481046 50.10000000000001
      vertex 30 48.5 50.10000000000001
    endloop
  endfacet
  facet normal 0 0 1
    outer loop
      vertex 38.04797599165052 45.73051371481046 50.10000000000001
      vertex 38.151471862576145 45.848528137423855 50.10000000000001
      vertex 30 48.5 50.10000000000001
    endloop
  endfacet
  facet normal 0 0 1
    outer loop
      vertex 38.151471862576145 45.848528137423855 50.10000000000001
      vertex 38.26948628518954 45.95202400834948 50.10000000000001
      vertex 30 48.5 50.10000000000001
    endloop
  endfacet
  facet normal 0 0 1
    outer loop
      vertex 38.26948628518954 45.95202400834948 50.10000000000001
      vertex 38.4 46.03923048454133 50.10000000000001
      vertex 30 48.5 50.10000000000001
    endloop
  endfacet
  facet normal 0 0 1
    outer loop
      vertex 38.4 46.03923048454133 50.10000000000001
      vertex 38.54077988116189 46.108655439013546 50.10000000000001
      vertex 30 48.5 50.10000000000001
    endloop
  endfacet
  facet normal 0 0 1
    outer loop
      vertex 38.54077988116189 46.108655439013546 50.10000000000001
      vertex 38.68941714587697 46.15911099154688 50.10000000000001
      vertex 30 48.5 50.10000000000001
    endloop
  endfacet
  facet normal 0 0 1
    outer loop
      vertex 39.15663143066406 43.810266166351425 50.10000000000001
      vertex 30 43 50.10000000000001
      vertex 48 43 50.10000000000001
    endloop
  endfacet
  facet normal 0 0 1
    outer loop
      vertex 39.15663143066406 43.810266166351425 50.10000000000001
      vertex 48 43 50.10000000000001
      vertex 39.31058285412303 43.84088900845312 50.10000000000001
    endloop
  endfacet
  facet normal 0 0 1
    outer loop
      vertex 39.31058285412303 43.84088900845312 50.10000000000001
      vertex 48 43 50.10000000000001
      vertex 39.45922011883811 43.891344560986454 50.10000000000001
    endloop
  endfacet
  facet normal 0 0 1
    outer loop
      vertex 39.45922011883811 43.891344560986454 50.10000000000001
      vertex 48 43 50.10000000000001
      vertex 39.6 43.96076951545867 50.10000000000001
    endloop
  endfacet
  facet normal 0 0 1
    outer loop
      vertex 39.6 43.96076951545867 50.10000000000001
      vertex 48 43 50.10000000000001
      vertex 39.73051371481046 44.04797599165052 50.10000000000001
    endloop
  endfacet
  facet normal 0 0 1
    outer loop
      vertex 39.73051371481046 44.04797599165052 50.10000000000001
      vertex 48 43 50.10000000000001
      vertex 39.848528137423855 44.151471862576145 50.10000000000001
    endloop
  endfacet
  facet normal 0 0 1
    outer loop
      vertex 39.848528137423855 44.151471862576145 50.10000000000001
      vertex 48 43 50.10000000000001
      vertex 39.95202400834948 44.26948628518954 50.10000000000001
    endloop
  endfacet
  facet normal 0 0 1
    outer loop
      vertex 39.95202400834948 44.26948628518954 50.10000000000001
      vertex 48 43 50.10000000000001
      vertex 40.03923048454133 44.4 50.10000000000001
    endloop
  endfacet
  facet normal 0 0 1
    outer loop
      vertex 40.03923048454133 44.4 50.10000000000001
      vertex 48 43 50.10000000000001
      vertex 40.108655439013546 44.54077988116189 50.10000000000001
    endloop
  endfacet
  facet normal 0 0 1
    outer loop
      vertex 40.108655439013546 44.54077988116189 50.10000000000001
      vertex 48 43 50.10000000000001
      vertex 40.15911099154688 44.68941714587697 50.10000000000001
    endloop
  endfacet
  facet normal 0 0 1
    outer loop
      vertex 40.15911099154688 44.68941714587697 50.10000000000001
      vertex 48 43 50.10000000000001
      vertex 40.189733833648575 44.84336856933594 50.10000000000001
    endloop
  endfacet
  facet normal 0 0 1
    outer loop
      vertex 40.189733833648575 44.84336856933594 50.10000000000001
      vertex 48 43 50.10000000000001
      vertex 40.2 45 50.10000000000001
    endloop
  endfacet
  facet normal 0 0 1
    outer loop
      vertex 40.2 45 50.10000000000001
      vertex 48 43 50.10000000000001
      vertex 40.189733833648575 45.15663143066406 50.10000000000001
    endloop
  endfacet
  facet normal 0 0 1
    outer loop
      vertex 38.68941714587697 46.15911099154688 50.10000000000001
      vertex 48 48.5 50.10000000000001
      vertex 30 48.5 50.10000000000001
    endloop
  endfacet
  facet normal 0 0 1
    outer loop
      vertex 38.68941714587697 46.15911099154688 50.10000000000001
      vertex 38.84336856933594 46.189733833648575 50.10000000000001
      vertex 48 48.5 50.10000000000001
    endloop
  endfacet
  facet normal 0 0 1
    outer loop
      vertex 38.84336856933594 46.189733833648575 50.10000000000001
      vertex 39 46.2 50.10000000000001
      vertex 48 48.5 50.10000000000001
    endloop
  endfacet
  facet normal 0 0 1
    outer loop
      vertex 39 46.2 50.10000000000001
      vertex 39.15663143066406 46.189733833648575 50.10000000000001
      vertex 48 48.5 50.10000000000001
    endloop
  endfacet
  facet normal 0 0 1
    outer loop
      vertex 39.95202400834948 45.73051371481046 50.10000000000001
      vertex 40.03923048454133 45.6 50.10000000000001
      vertex 48 48.5 50.10000000000001
    endloop
  endfacet
  facet normal 0 0 1
    outer loop
      vertex 39.15663143066406 46.189733833648575 50.10000000000001
      vertex 39.31058285412303 46.15911099154688 50.10000000000001
      vertex 48 48.5 50.10000000000001
    endloop
  endfacet
  facet normal 0 0 1
    outer loop
      vertex 39.6 46.03923048454133 50.10000000000001
      vertex 48 48.5 50.10000000000001
      vertex 39.45922011883811 46.108655439013546 50.10000000000001
    endloop
  endfacet
  facet normal 0 0 1
    outer loop
      vertex 39.31058285412303 46.15911099154688 50.10000000000001
      vertex 39.45922011883811 46.108655439013546 50.10000000000001
      vertex 48 48.5 50.10000000000001
    endloop
  endfacet
  facet normal 0 0 1
    outer loop
      vertex 39.73051371481046 45.95202400834948 50.10000000000001
      vertex 39.848528137423855 45.848528137423855 50.10000000000001
      vertex 48 48.5 50.10000000000001
    endloop
  endfacet
  facet normal 0 0 1
    outer loop
      vertex 39.848528137423855 45.848528137423855 50.10000000000001
      vertex 39.95202400834948 45.73051371481046 50.10000000000001
      vertex 48 48.5 50.10000000000001
    endloop
  endfacet
  facet normal 0 0 1
    outer loop
      vertex 39.73051371481046 45.95202400834948 50.10000000000001
      vertex 48 48.5 50.10000000000001
      vertex 39.6 46.03923048454133 50.10000000000001
    endloop
  endfacet
  facet normal 0 0 1
    outer loop
      vertex 40.189733833648575 45.15663143066406 50.10000000000001
      vertex 48 48.5 50.10000000000001
      vertex 40.15911099154688 45.31058285412303 50.10000000000001
    endloop
  endfacet
  facet normal 0 0 1
    outer loop
      vertex 40.15911099154688 45.31058285412303 50.10000000000001
      vertex 48 48.5 50.10000000000001
      vertex 40.108655439013546 45.45922011883811 50.10000000000001
    endloop
  endfacet
  facet normal 0 0 1
    outer loop
      vertex 40.108655439013546 45.45922011883811 50.10000000000001
      vertex 48 48.5 50.10000000000001
      vertex 40.03923048454133 45.6 50.10000000000001
    endloop
  endfacet
  facet normal 0 0 1
    outer loop
      vertex 40.189733833648575 45.15663143066406 50.10000000000001
      vertex 48 43 50.10000000000001
      vertex 48 48.5 50.10000000000001
    endloop
  endfacet
endsolid OpenSCAD_Model
