solid OpenSCAD_Model
  facet normal -1.4555196227177915e-14 -0.9659258262890515 -0.25881904510258336
    outer loop
      vertex -103 -57.56094822251731 64.80766251765974
      vertex -95.58824099977969 -57.12794770210735 63.191682575786
      vertex -95.56962946771974 -57.152164491737416 63.28206086508159
    endloop
  endfacet
  facet normal 1.0703872584847097e-14 -0.9659258262890804 -0.2588190451024753
    outer loop
      vertex -103 -57.56094822251731 64.80766251765974
      vertex -95.79785504209929 -57.12099709759488 63.165742566602134
      vertex -95.58824099977969 -57.12794770210735 63.191682575786
    endloop
  endfacet
  facet normal -2.346281473216142e-14 -0.965925826289073 -0.258819045102503
    outer loop
      vertex -94.99264065865628 -57.29830974558269 63.8274823777172
      vertex -95.04427245033237 -57.32543458445583 63.928713654538875
      vertex -95.26936534446598 -57.29540461511432 63.81664028320665
    endloop
  endfacet
  facet normal -2.3596971709622545e-14 -0.9659258262890731 -0.25881904510250275
    outer loop
      vertex -95.26936534446598 -57.29540461511432 63.81664028320665
      vertex -95.04427245033237 -57.32543458445583 63.928713654538875
      vertex -95.13137084989847 -57.33613045533982 63.96863118810914
    endloop
  endfacet
  facet normal -7.388284142633292e-15 -0.9659258262890672 -0.2588190451025248
    outer loop
      vertex -94.6 -57.31228277396269 63.879630429566966
      vertex -94.82940937153079 -57.32613751912564 63.931337042441
      vertex -94.89224056555969 -57.320933980072304 63.911917170314794
    endloop
  endfacet
  facet normal 2.9785983870498255e-13 -0.9659258262894057 -0.2588190451012615
    outer loop
      vertex -94.6 -57.31228277396269 63.879630429566966
      vertex -94.80511779451116 -57.32543553660293 63.92871720800025
      vertex -94.82940937153079 -57.32613751912564 63.931337042441
    endloop
  endfacet
  facet normal -1.7386731898278602e-14 -0.9659258262890391 -0.25881904510262954
    outer loop
      vertex -94.32938420712159 -57.361470844742776 64.06320280884452
      vertex -94.64863382729311 -57.36290328935066 64.0685487649002
      vertex -94.40236886034873 -57.360106488917225 64.05811096358397
    endloop
  endfacet
  facet normal -2.516361493664121e-14 -0.9659258262889933 -0.2588190451028008
    outer loop
      vertex -94.64863382729311 -57.36290328935066 64.0685487649002
      vertex -94.4631202254978 -57.35850400567548 64.0521304147075
      vertex -94.40236886034873 -57.360106488917225 64.05811096358397
    endloop
  endfacet
  facet normal -1.507570971781621e-14 -0.9659258262890736 -0.2588190451025008
    outer loop
      vertex -94.78683156209493 -57.37199494141822 64.10247927234109
      vertex -94.64863382729311 -57.36290328935066 64.0685487649002
      vertex -94.32938420712159 -57.361470844742776 64.06320280884452
    endloop
  endfacet
  facet normal 3.902428657157416e-14 -0.9659258262892311 -0.25881904510191295
    outer loop
      vertex -94.78683156209493 -57.37199494141822 64.10247927234109
      vertex -94.32938420712159 -57.361470844742776 64.06320280884452
      vertex -94.64477620957771 -57.36959036996057 64.0935052894907
    endloop
  endfacet
  facet normal 8.577668390109867e-13 -0.9659258262913615 -0.25881904509396214
    outer loop
      vertex -94.32938420712159 -57.361470844742776 64.06320280884452
      vertex -94.4028626491761 -57.363605585135986 64.07116976845299
      vertex -94.64477620957771 -57.36959036996057 64.0935052894907
    endloop
  endfacet
  facet normal -3.0944873873374765e-13 -0.965925826288201 -0.25881904510575754
    outer loop
      vertex -94.64477620957771 -57.36959036996057 64.0935052894907
      vertex -94.4028626491761 -57.363605585135986 64.07116976845299
      vertex -94.45916998622761 -57.36533947145536 64.07764072029141
    endloop
  endfacet
  facet normal -8.775970368702876e-15 -0.9659258262890641 -0.2588190451025365
    outer loop
      vertex -94.73051371481047 -57.28971207706796 63.7953954419936
      vertex -94.6 -57.31228277396269 63.879630429566966
      vertex -94.89224056555969 -57.320933980072304 63.911917170314794
    endloop
  endfacet
  facet normal -2.538091133374563e-14 -0.9659258262890782 -0.25881904510248405
    outer loop
      vertex -94.6 -57.31228277396269 63.879630429566966
      vertex -94.61849582295584 -57.33455350665967 63.96274593551387
      vertex -94.71823359169535 -57.33724754621833 63.97280022802441
    endloop
  endfacet
  facet normal -3.1353934798465936e-14 -0.9659258262890618 -0.25881904510254483
    outer loop
      vertex -94.6 -57.31228277396269 63.879630429566966
      vertex -94.76902528912804 -57.33150300076657 63.951361292532034
      vertex -94.80511779451116 -57.32543553660293 63.92871720800025
    endloop
  endfacet
  facet normal 7.538172467963134e-15 -0.9659258262890875 -0.2588190451024486
    outer loop
      vertex -94.4592201188381 -57.330251274385475 63.946689786080626
      vertex -94.61849582295584 -57.33455350665967 63.96274593551387
      vertex -94.48105838802005 -57.327463937545936 63.936287303377654
    endloop
  endfacet
  facet normal 8.307082921234207e-16 -0.9659258262890711 -0.25881904510251064
    outer loop
      vertex -94.61849582295584 -57.33455350665967 63.96274593551387
      vertex -94.4592201188381 -57.330251274385475 63.946689786080626
      vertex -94.47595750657216 -57.336290466320364 63.96922835721829
    endloop
  endfacet
  facet normal -1.880577324990393e-14 -0.9659258262890944 -0.2588190451024234
    outer loop
      vertex -94.71823359169535 -57.33724754621833 63.97280022802441
      vertex -94.61849582295584 -57.33455350665967 63.96274593551387
      vertex -94.65496086055607 -57.35193554071083 64.02761656973175
    endloop
  endfacet
  facet normal -1.7741902209963042e-15 -0.9659258262890852 -0.25881904510245723
    outer loop
      vertex -94.61849582295584 -57.33455350665967 63.96274593551387
      vertex -94.47595750657216 -57.336290466320364 63.96922835721829
      vertex -94.56248913679558 -57.34961946254134 64.01897284832889
    endloop
  endfacet
  facet normal -5.340951599649574e-14 -0.965925826288903 -0.2588190451031377
    outer loop
      vertex -94.32938420712159 -57.361470844742776 64.06320280884452
      vertex -94.24411653079036 -57.35744330870997 64.04817183974079
      vertex -94.08984254896541 -57.355959916455994 64.04263574448139
    endloop
  endfacet
  facet normal 7.437704978713268e-14 -0.965925826289275 -0.25881904510174897
    outer loop
      vertex -94.32938420712159 -57.361470844742776 64.06320280884452
      vertex -94.08984254896541 -57.355959916455994 64.04263574448139
      vertex -94.24303886016979 -57.36038946781805 64.05916705521933
    endloop
  endfacet
  facet normal -1.1105299018355258e-12 -0.9659258262865307 -0.25881904511199105
    outer loop
      vertex -94.08984254896541 -57.355959916455994 64.04263574448139
      vertex -94.16008879753636 -57.35803283388856 64.05037197765961
      vertex -94.24303886016979 -57.36038946781805 64.05916705521933
    endloop
  endfacet
  facet normal -3.7446440904234234e-14 -0.9659258262890141 -0.2588190451027225
    outer loop
      vertex -94.15663143066406 -57.351235907063355 64.02500550141265
      vertex -94.08984254896541 -57.355959916455994 64.04263574448139
      vertex -94.24411653079036 -57.35744330870997 64.04817183974079
    endloop
  endfacet
  facet normal -5.5712165819797005e-14 -0.9659258262890315 -0.258819045102658
    outer loop
      vertex -94.15663143066406 -57.351235907063355 64.02500550141265
      vertex -94.09307085010474 -57.35231414217081 64.02902952961617
      vertex -94.08984254896541 -57.355959916455994 64.04263574448139
    endloop
  endfacet
  facet normal -3.837663423520792e-11 -0.9659258262928855 -0.25881904508827497
    outer loop
      vertex -95.43522828698441 -57.21662600814708 63.522634519455416
      vertex -95.38564064605511 -57.25008385745146 63.64750091297133
      vertex -95.38571120651385 -57.250086738157655 63.647511663913235
    endloop
  endfacet
  facet normal -2.2881946631975378e-14 -0.9659258262890705 -0.25881904510251263
    outer loop
      vertex -95.43522828698441 -57.21662600814708 63.522634519455416
      vertex -95.29097799757574 -57.210060234458595 63.498130718458974
      vertex -95.38564064605511 -57.25008385745146 63.64750091297133
    endloop
  endfacet
  facet normal -3.8630099703197846e-14 -0.9659258262890709 -0.25881904510251114
    outer loop
      vertex -95.38564064605511 -57.17616228461423 63.371621847367386
      vertex -95.29097799757574 -57.210060234458595 63.498130718458974
      vertex -95.40419443292342 -57.17709988631516 63.375121024552534
    endloop
  endfacet
  facet normal -5.854615145274496e-14 -0.9659258262890565 -0.2588190451025644
    outer loop
      vertex -95.55668090945248 -57.10626470445639 63.11076052689223
      vertex -95.47820725201805 -57.12148029820254 63.167545895820155
      vertex -95.54934935307827 -57.14545683870018 63.25702756314706
    endloop
  endfacet
  facet normal 4.1045799873434864e-14 -0.9659258262891168 -0.2588190451023393
    outer loop
      vertex -95.15911099154688 -57.12369489004161 63.175810865081594
      vertex -95.54548132206251 -57.15048980928472 63.275810865081596
      vertex -95.54934935307827 -57.14545683870018 63.25702756314706
    endloop
  endfacet
  facet normal -3.335658731854179e-14 -0.965925826289045 -0.2588190451026076
    outer loop
      vertex -95.15911099154688 -57.12369489004161 63.175810865081594
      vertex -95.488353691212 -57.16171693232192 63.31771105867924
      vertex -95.54548132206251 -57.15048980928472 63.275810865081596
    endloop
  endfacet
  facet normal 6.468719797256817e-16 -0.9659258262890683 -0.2588190451025206
    outer loop
      vertex -95.15911099154688 -57.12369489004161 63.175810865081594
      vertex -95.54934935307827 -57.14545683870018 63.25702756314706
      vertex -95.47820725201805 -57.12148029820254 63.167545895820155
    endloop
  endfacet
  facet normal -5.381024207785379e-13 -0.9659258262887523 -0.25881904510370024
    outer loop
      vertex -95.15911099154688 -57.12369489004161 63.175810865081594
      vertex -95.47820725201805 -57.16116480608878 63.315650495524935
      vertex -95.488353691212 -57.16171693232192 63.31771105867924
    endloop
  endfacet
  facet normal 6.793474834188102e-14 -0.965925826289098 -0.25881904510241
    outer loop
      vertex -95.15911099154688 -57.12369489004161 63.175810865081594
      vertex -95.40419443292342 -57.17709988631516 63.375121024552534
      vertex -95.47820725201805 -57.16116480608878 63.315650495524935
    endloop
  endfacet
  facet normal -2.478499745392687e-14 -0.9659258262890676 -0.25881904510252307
    outer loop
      vertex -95.43522828698441 -57.21662600814708 63.522634519455416
      vertex -95.40419443292342 -57.17709988631516 63.375121024552534
      vertex -95.29097799757574 -57.210060234458595 63.498130718458974
    endloop
  endfacet
  facet normal -2.3648731804347886e-14 -0.9659258262890709 -0.25881904510251097
    outer loop
      vertex -95.38564064605511 -57.250365368394284 63.64855152611285
      vertex -95.14714456203826 -57.273842975576216 63.73617114895594
      vertex -95.26936534446598 -57.29540461511432 63.81664028320665
    endloop
  endfacet
  facet normal -2.315757598822265e-14 -0.9659258262890711 -0.2588190451025103
    outer loop
      vertex -95.26936534446598 -57.29540461511432 63.81664028320665
      vertex -95.14714456203826 -57.273842975576216 63.73617114895594
      vertex -94.99264065865628 -57.29830974558269 63.8274823777172
    endloop
  endfacet
  facet normal 1.6233001797581641e-13 -0.9659258262889927 -0.2588190451028033
    outer loop
      vertex -94.99264065865628 -57.29830974558269 63.8274823777172
      vertex -95.14714456203826 -57.273842975576216 63.73617114895594
      vertex -95.13137084989847 -57.27326627891411 63.73401888771241
    endloop
  endfacet
  facet normal -1.518343096275101e-14 -0.9659258262890652 -0.25881904510253245
    outer loop
      vertex -95.38564064605511 -57.250365368394284 63.64855152611285
      vertex -95.26936534446598 -57.245336793894154 63.62978463058871
      vertex -95.14714456203826 -57.273842975576216 63.73617114895594
    endloop
  endfacet
  facet normal 3.198064018231637e-12 -0.9659258262940422 -0.25881904508395787
    outer loop
      vertex -95.38564064605511 -57.250365368394284 63.64855152611285
      vertex -95.28191479777679 -57.24584913874867 63.63169672761674
      vertex -95.26936534446598 -57.245336793894154 63.62978463058871
    endloop
  endfacet
  facet normal 5.177330898178499e-15 -0.9659258262890406 -0.25881904510262427
    outer loop
      vertex -94.73051371481047 -57.28971207706796 63.7953954419936
      vertex -94.94085731844169 -57.29661127083905 63.821143583678555
      vertex -94.84798974825341 -57.278246505293 63.752605345591626
    endloop
  endfacet
  facet normal -8.860768409548885e-14 -0.965925826289105 -0.25881904510238407
    outer loop
      vertex -94.73051371481047 -57.28971207706796 63.7953954419936
      vertex -94.84798974825341 -57.278246505293 63.752605345591626
      vertex -94.82861136661887 -57.26744604758376 63.71229748867572
    endloop
  endfacet
  facet normal -5.410782380958794e-16 -0.9659258262890656 -0.2588190451025308
    outer loop
      vertex -95.38564064605511 -57.17616228461423 63.371621847367386
      vertex -95.16802868099616 -57.19137544190731 63.428398123328705
      vertex -95.26936534446598 -57.20907650132566 63.49445937642578
    endloop
  endfacet
  facet normal -7.823357421026874e-15 -0.9659258262890726 -0.25881904510250475
    outer loop
      vertex -95.10865543901355 -57.16216504496182 63.31938343781886
      vertex -95.16802868099616 -57.19137544190731 63.428398123328705
      vertex -95.38564064605511 -57.17616228461423 63.371621847367386
    endloop
  endfacet
  facet normal 1.4088871207459224e-15 -0.965925826289061 -0.258819045102548
    outer loop
      vertex -95.15911099154688 -57.12369489004161 63.175810865081594
      vertex -95.47820725201805 -57.12148029820254 63.167545895820155
      vertex -95.32091047497128 -57.091862402297835 63.057010403490516
    endloop
  endfacet
  facet normal -6.460902591847233e-15 -0.9659258262890743 -0.258819045102498
    outer loop
      vertex -95.15911099154688 -57.12369489004161 63.175810865081594
      vertex -95.10865543901355 -57.16216504496182 63.31938343781886
      vertex -95.38564064605511 -57.17616228461423 63.371621847367386
    endloop
  endfacet
  facet normal -4.424464467561179e-14 -0.9659258262890634 -0.2588190451025388
    outer loop
      vertex -95.15911099154688 -57.12369489004161 63.175810865081594
      vertex -95.38564064605511 -57.17616228461423 63.371621847367386
      vertex -95.40419443292342 -57.17709988631516 63.375121024552534
    endloop
  endfacet
  facet normal 3.697329674014447e-14 -0.9659258262890567 -0.2588190451025641
    outer loop
      vertex -95.38564064605511 -57.17616228461423 63.371621847367386
      vertex -95.26936534446598 -57.20907650132566 63.49445937642578
      vertex -95.29097799757574 -57.210060234458595 63.498130718458974
    endloop
  endfacet
  facet normal 1.3105963317895003e-14 -0.9659258262890675 -0.25881904510252374
    outer loop
      vertex -95.61797549706422 -57.0710485987293 62.97933223107399
      vertex -95.9851679196098 -57.09541690441446 63.070275985985376
      vertex -95.84349744414692 -57.067988535274026 62.967911918784516
    endloop
  endfacet
  facet normal -2.1663165110509736e-14 -0.9659258262890323 -0.2588190451026547
    outer loop
      vertex -95.61797549706422 -57.0710485987293 62.97933223107399
      vertex -95.68140325845636 -57.089065303249015 63.046571487726496
      vertex -95.9851679196098 -57.09541690441446 63.070275985985376
    endloop
  endfacet
  facet normal 1.477048923837653e-14 -0.9659258262890593 -0.25881904510255455
    outer loop
      vertex -95.80441525188476 -57.04670045025247 62.88846370388825
      vertex -95.61797549706422 -57.0710485987293 62.97933223107399
      vertex -95.84349744414692 -57.067988535274026 62.967911918784516
    endloop
  endfacet
  facet normal -1.3497612447226496e-13 -0.9659258262890791 -0.2588190451024808
    outer loop
      vertex -95.50322340066879 -57.10299919240931 63.098573470019744
      vertex -95.55668090945248 -57.10626470445639 63.11076052689223
      vertex -95.5863117781981 -57.08315483379896 63.024513315442334
    endloop
  endfacet
  facet normal 5.31453905171548e-14 -0.9659258262890977 -0.25881904510241077
    outer loop
      vertex -95.59338870311927 -57.06941692423418 62.973242738956785
      vertex -95.51307750218454 -57.06408716312214 62.95335179969444
      vertex -95.5863117781981 -57.08315483379896 63.024513315442334
    endloop
  endfacet
  facet normal -7.985318492968667e-14 -0.9659258262890635 -0.2588190451025385
    outer loop
      vertex -95.51307750218454 -57.06408716312214 62.95335179969444
      vertex -95.50322340066879 -57.10299919240931 63.098573470019744
      vertex -95.5863117781981 -57.08315483379896 63.024513315442334
    endloop
  endfacet
  facet normal -2.0139994690622093e-17 -0.9659258262890659 -0.25881904510252934
    outer loop
      vertex -95.43414044816427 -57.05884859570041 62.93380119991768
      vertex -95.33100421682494 -57.05200407751818 62.908257110308256
      vertex -95.32091047497128 -57.091862402297835 63.057010403490516
    endloop
  endfacet
  facet normal 2.783288160279657e-14 -0.9659258262890597 -0.25881904510255327
    outer loop
      vertex -95.43414044816427 -57.05884859570041 62.93380119991768
      vertex -95.32091047497128 -57.091862402297835 63.057010403490516
      vertex -95.45119485183791 -57.099820969988066 63.08671218246592
    endloop
  endfacet
  facet normal -8.157323818094376e-15 -0.9659258262890672 -0.2588190451025253
    outer loop
      vertex -95.5863117781981 -57.03111322150141 62.83029137424006
      vertex -95.54548132206251 -57.02819518608896 62.819401117822515
      vertex -95.51307750218454 -57.06408716312214 62.95335179969444
    endloop
  endfacet
  facet normal -1.7369742987491012e-14 -0.9659258262890584 -0.2588190451025575
    outer loop
      vertex -95.54548132206251 -57.02819518608896 62.819401117822515
      vertex -95.5863117781981 -57.03111322150141 62.83029137424006
      vertex -95.59343425321865 -57.01738320933106 62.77905027123179
    endloop
  endfacet
  facet normal -6.1056209404860375e-15 -0.9659258262890599 -0.2588190451025524
    outer loop
      vertex -95.43414044816427 -57.05884859570041 62.93380119991768
      vertex -95.38564064605511 -57.036200896929515 62.84927883743019
      vertex -95.33100421682494 -57.05200407751818 62.908257110308256
    endloop
  endfacet
  facet normal 1.8765979853308998e-14 -0.965925826289063 -0.25881904510254017
    outer loop
      vertex -95.5863117781981 -57.03111322150141 62.83029137424006
      vertex -95.51307750218454 -57.06408716312214 62.95335179969444
      vertex -95.59338870311927 -57.06941692423418 62.973242738956785
    endloop
  endfacet
  facet normal 6.545350999951889e-15 -0.9659258262890698 -0.25881904510251524
    outer loop
      vertex -95.5863117781981 -56.98925786922225 62.67408507296556
      vertex -95.53150315930493 -56.99132764178389 62.681809569325715
      vertex -95.59343425321865 -57.01738320933106 62.77905027123179
    endloop
  endfacet
  facet normal 6.241861458958929e-15 -0.9659258262890703 -0.25881904510251325
    outer loop
      vertex -95.53150315930493 -56.99132764178389 62.681809569325715
      vertex -95.5863117781981 -56.98925786922225 62.67408507296556
      vertex -95.54548132206251 -56.93613045533982 62.47581086508159
    endloop
  endfacet
  facet normal 6.261893779565856e-15 -0.9659258262890721 -0.2588190451025067
    outer loop
      vertex -95.22461628070096 -56.96792144831035 62.59445646607066
      vertex -95.45276037296833 -56.98532194711221 62.65939601167625
      vertex -95.35588519848568 -56.95375367026097 62.54158159856002
    endloop
  endfacet
  facet normal -9.686694263126577e-15 -0.9659258262890581 -0.25881904510255893
    outer loop
      vertex -95.22461628070096 -56.96792144831035 62.59445646607066
      vertex -95.38564064605511 -56.9984872863519 62.70852972661765
      vertex -95.45276037296833 -56.98532194711221 62.65939601167625
    endloop
  endfacet
  facet normal 8.873180070061946e-14 -0.9659258262890694 -0.2588190451025167
    outer loop
      vertex -95.42613575289839 -56.93481324250908 62.47089495987288
      vertex -95.45276037296833 -56.98532194711221 62.65939601167625
      vertex -95.47820725201805 -56.92933120086948 62.450435701944656
    endloop
  endfacet
  facet normal 9.061017991478666e-14 -0.9659258262890681 -0.2588190451025211
    outer loop
      vertex -95.42613575289839 -56.93481324250908 62.47089495987288
      vertex -95.47820725201805 -56.92933120086948 62.450435701944656
      vertex -95.44687324283713 -56.890724417263854 62.306353224011666
    endloop
  endfacet
  facet normal -8.720050840248117e-14 -0.9659258262890528 -0.2588190451025783
    outer loop
      vertex -95.35588519848568 -56.95375367026097 62.54158159856002
      vertex -95.45276037296833 -56.98532194711221 62.65939601167625
      vertex -95.38564064605511 -56.95278526802569 62.537967472215804
    endloop
  endfacet
  facet normal -3.386580451625415e-14 -0.9659258262890633 -0.2588190451025393
    outer loop
      vertex -95.53150315930493 -56.99132764178389 62.681809569325715
      vertex -95.54548132206251 -57.02819518608896 62.819401117822515
      vertex -95.59343425321865 -57.01738320933106 62.77905027123179
    endloop
  endfacet
  facet normal 3.823129721151993e-15 -0.9659258262890664 -0.258819045102528
    outer loop
      vertex -95.18973383364857 -57.083849329629786 63.02710520916862
      vertex -95.26936534446598 -57.06831359709586 62.9691250660192
      vertex -95.23739942107275 -57.0457921021711 62.885073702697596
    endloop
  endfacet
  facet normal 4.760727001070053e-15 -0.965925826289066 -0.2588190451025291
    outer loop
      vertex -95.18973383364857 -57.083849329629786 63.02710520916862
      vertex -95.32091047497128 -57.091862402297835 63.057010403490516
      vertex -95.26936534446598 -57.06831359709586 62.9691250660192
    endloop
  endfacet
  facet normal 3.2037787102697825e-15 -0.9659258262890744 -0.2588190451024978
    outer loop
      vertex -95.18973383364857 -57.00277093499476 62.72451652099457
      vertex -95.26936534446598 -57.03476297955111 62.8439124567169
      vertex -95.31694784348863 -57.011862554849316 62.758446908214886
    endloop
  endfacet
  facet normal -3.790857572722782e-14 -0.9659258262890676 -0.2588190451025234
    outer loop
      vertex -95.18973383364857 -57.00277093499476 62.72451652099457
      vertex -95.23739942107275 -57.0457921021711 62.885073702697596
      vertex -95.26936534446598 -57.03476297955111 62.8439124567169
    endloop
  endfacet
  facet normal -5.692578827746035e-14 -0.9659258262890661 -0.25881904510252873
    outer loop
      vertex -95.18973383364857 -57.00277093499476 62.72451652099457
      vertex -95.2 -57.04331013231227 62.87581086508159
      vertex -95.23739942107275 -57.0457921021711 62.885073702697596
    endloop
  endfacet
  facet normal -5.212253854280524e-14 -0.9659258262890711 -0.25881904510251047
    outer loop
      vertex -95.2 -57.04331013231227 62.87581086508159
      vertex -95.18973383364857 -57.083849329629786 63.02710520916862
      vertex -95.23739942107275 -57.0457921021711 62.885073702697596
    endloop
  endfacet
  facet normal -9.923804729356615e-16 -0.9659258262890705 -0.2588190451025125
    outer loop
      vertex -95.18973383364857 -57.00277093499476 62.72451652099457
      vertex -95.31694784348863 -57.011862554849316 62.758446908214886
      vertex -95.22461628070096 -56.96792144831035 62.59445646607066
    endloop
  endfacet
  facet normal -1.7365924942742504e-14 -0.9659258262890681 -0.2588190451025211
    outer loop
      vertex -95.22461628070096 -56.96792144831035 62.59445646607066
      vertex -95.31694784348863 -57.011862554849316 62.758446908214886
      vertex -95.3437853835299 -57.001533607698825 62.71989875266056
    endloop
  endfacet
  facet normal 9.386119363005024e-14 -0.9659258262890946 -0.25881904510242254
    outer loop
      vertex -95.22461628070096 -56.96792144831035 62.59445646607066
      vertex -95.3437853835299 -57.001533607698825 62.71989875266056
      vertex -95.38564064605511 -56.9984872863519 62.70852972661765
    endloop
  endfacet
  facet normal 1.876294337774862e-15 -0.9659258262890698 -0.2588190451025146
    outer loop
      vertex -95.10865543901355 -56.924455219662725 62.43223829234432
      vertex -95.22771041371905 -56.955703287737755 62.54885767003871
      vertex -95.30287782880825 -56.905085225009756 62.3599484881571
    endloop
  endfacet
  facet normal 5.66793300761302e-14 -0.9659258262890645 -0.25881904510253495
    outer loop
      vertex -95.3141270799498 -56.94660541710522 62.51490395459737
      vertex -95.30287782880825 -56.905085225009756 62.3599484881571
      vertex -95.22771041371905 -56.955703287737755 62.54885767003871
    endloop
  endfacet
  facet normal -2.623534909877114e-14 -0.9659258262890627 -0.25881904510254133
    outer loop
      vertex -95.10865543901355 -56.924455219662725 62.43223829234432
      vertex -95.15911099154688 -56.96292537458294 62.57581086508159
      vertex -95.22771041371905 -56.955703287737755 62.54885767003871
    endloop
  endfacet
  facet normal 5.90056746927544e-14 -0.9659258262890631 -0.25881904510254056
    outer loop
      vertex -95.3141270799498 -56.94660541710522 62.51490395459737
      vertex -95.22771041371905 -56.955703287737755 62.54885767003871
      vertex -95.22461628070096 -56.96792144831035 62.59445646607066
    endloop
  endfacet
  facet normal -1.076622909513218e-14 -0.9659258262890826 -0.2588190451024673
    outer loop
      vertex -95.3141270799498 -56.94660541710522 62.51490395459737
      vertex -95.22461628070096 -56.96792144831035 62.59445646607066
      vertex -95.35588519848568 -56.95375367026097 62.54158159856002
    endloop
  endfacet
  facet normal -1.322201404910811e-13 -0.9659258262890821 -0.2588190451024695
    outer loop
      vertex -95.55668090945248 -57.10626470445639 63.11076052689223
      vertex -95.50322340066879 -57.10299919240931 63.098573470019744
      vertex -95.47820725201805 -57.12148029820254 63.167545895820155
    endloop
  endfacet
  facet normal 4.2432642037052676e-14 -0.9659258262890756 -0.25881904510249354
    outer loop
      vertex -95.32091047497128 -57.091862402297835 63.057010403490516
      vertex -95.47820725201805 -57.12148029820254 63.167545895820155
      vertex -95.45119485183791 -57.099820969988066 63.08671218246592
    endloop
  endfacet
  facet normal 4.512612271042277e-16 -0.9659258262890613 -0.2588190451025468
    outer loop
      vertex -95.18973383364857 -57.083849329629786 63.02710520916862
      vertex -95.15911099154688 -57.12369489004161 63.175810865081594
      vertex -95.32091047497128 -57.091862402297835 63.057010403490516
    endloop
  endfacet
  facet normal 2.1907292366160735e-14 -0.9659258262890746 -0.25881904510249676
    outer loop
      vertex -94.73051371481047 -57.28971207706796 63.7953954419936
      vertex -94.89224056555969 -57.320933980072304 63.911917170314794
      vertex -94.94085731844169 -57.29661127083905 63.821143583678555
    endloop
  endfacet
  facet normal -9.664162426104138e-15 -0.9659258262890794 -0.25881904510247933
    outer loop
      vertex -103 -56.13744347445345 59.49507047306985
      vertex -94.21210506235758 -56.62632731233685 61.31960979504995
      vertex -94.4205809482916 -56.63706013231227 61.359665224506735
    endloop
  endfacet
  facet normal 4.459444284316135e-15 -0.9659258262890622 -0.25881904510254294
    outer loop
      vertex -103 -56.13744347445345 59.49507047306985
      vertex -94 -56.62272918402068 61.306181397361854
      vertex -94.21210506235758 -56.62632731233685 61.31960979504995
    endloop
  endfacet
  facet normal 7.970425135792952e-14 -0.9659258262890675 -0.25881904510252335
    outer loop
      vertex -95.47820725201805 -56.92933120086948 62.450435701944656
      vertex -95.47820725201805 -56.884836915446215 62.28438076809857
      vertex -95.44687324283713 -56.890724417263854 62.306353224011666
    endloop
  endfacet
  facet normal 3.118816025767813e-15 -0.9659258262890642 -0.2588190451025359
    outer loop
      vertex -95.30287782880825 -56.905085225009756 62.3599484881571
      vertex -95.26936534446598 -56.887374035025736 62.29384942727424
      vertex -95.13137084989847 -56.90076055415102 62.34380859678629
    endloop
  endfacet
  facet normal 8.786655490680538e-15 -0.9659258262890604 -0.25881904510255055
    outer loop
      vertex -95.24988049508036 -56.8681577257348 62.222133184666504
      vertex -95.13137084989847 -56.90076055415102 62.34380859678629
      vertex -95.26936534446598 -56.887374035025736 62.29384942727424
    endloop
  endfacet
  facet normal -1.837043112124147e-15 -0.9659258262890629 -0.2588190451025406
    outer loop
      vertex -94.84852813742386 -56.82369489004161 62.05619562281093
      vertex -94.91709092991988 -56.843929591008184 62.13171255489415
      vertex -94.9289956123192 -56.81692054063739 62.03091340664617
    endloop
  endfacet
  facet normal 7.211462762032998e-14 -0.9659258262890703 -0.25881904510251347
    outer loop
      vertex -95.19647955118398 -56.794401756939465 61.946872161760865
      vertex -95.30584559036367 -56.80534627547239 61.987717660990086
      vertex -95.26936534446598 -56.79121564951022 61.934981446956535
    endloop
  endfacet
  facet normal 6.615426643767999e-14 -0.9659258262890663 -0.2588190451025284
    outer loop
      vertex -95.19647955118398 -56.794401756939465 61.946872161760865
      vertex -95.26936534446598 -56.82597515314772 62.06470568057757
      vertex -95.30584559036367 -56.80534627547239 61.987717660990086
    endloop
  endfacet
  facet normal -1.2082386323073755e-13 -0.9659258262890374 -0.258819045102636
    outer loop
      vertex -95.19647955118398 -56.794401756939465 61.946872161760865
      vertex -95.26035970890875 -56.826777243227546 62.06769912150771
      vertex -95.26936534446598 -56.82597515314772 62.06470568057757
    endloop
  endfacet
  facet normal -1.7469777891231226e-16 -0.9659258262890617 -0.2588190451025455
    outer loop
      vertex -94.84852813742386 -56.82369489004161 62.05619562281093
      vertex -94.9289956123192 -56.81692054063739 62.03091340664617
      vertex -94.88978732435066 -56.80225580480932 61.97618386745624
    endloop
  endfacet
  facet normal 7.25050813023569e-15 -0.9659258262890796 -0.2588190451024783
    outer loop
      vertex -94.6 -56.77433749066186 61.87199130059623
      vertex -94.677551627641 -56.78774906417901 61.9220439743717
      vertex -94.76611172766493 -56.761742780498544 61.82498720236013
    endloop
  endfacet
  facet normal 2.288200789448767e-14 -0.9659258262890631 -0.25881904510254056
    outer loop
      vertex -94.31058285412303 -56.74331013231227 61.75619562281093
      vertex -94.56226607282659 -56.737342440180676 61.73392389257188
      vertex -94.65272727706699 -56.71945422868214 61.6671641784028
    endloop
  endfacet
  facet normal 2.7395072725903544e-14 -0.9659258262890444 -0.25881904510260945
    outer loop
      vertex -94.6 -56.77433749066186 61.87199130059623
      vertex -94.70997365484757 -56.76045829851005 61.82019345031769
      vertex -94.62498568606658 -56.76313671402056 61.830189433086694
    endloop
  endfacet
  facet normal 7.658516967392225e-14 -0.9659258262890184 -0.25881904510270687
    outer loop
      vertex -94.6 -56.77433749066186 61.87199130059623
      vertex -94.76611172766493 -56.761742780498544 61.82498720236013
      vertex -94.70997365484757 -56.76045829851005 61.82019345031769
    endloop
  endfacet
  facet normal 2.0502752105969813e-14 -0.9659258262890699 -0.25881904510251547
    outer loop
      vertex -94.31058285412303 -56.74331013231227 61.75619562281093
      vertex -94.45922011883812 -56.75636899023907 61.80493194408256
      vertex -94.56226607282659 -56.737342440180676 61.73392389257188
    endloop
  endfacet
  facet normal 1.1645353707584986e-13 -0.965925826289207 -0.25881904510200315
    outer loop
      vertex -94.17745577779861 -56.73645644303476 61.730617306207975
      vertex -94.22134970405149 -56.73750347216531 61.73452487212017
      vertex -94.08953276114033 -56.73031049961424 61.70768033310214
    endloop
  endfacet
  facet normal -1.3824145489347773e-12 -0.9659258262874597 -0.25881904510852355
    outer loop
      vertex -94.15663143066406 -56.73538435756119 61.72661622875053
      vertex -94.17745577779861 -56.73645644303476 61.730617306207975
      vertex -94.12340738289855 -56.73321478061449 61.718519257354544
    endloop
  endfacet
  facet normal -3.525714842910038e-13 -0.9659258262887741 -0.25881904510361897
    outer loop
      vertex -94.31058285412303 -56.74331013231227 61.75619562281093
      vertex -94.22134970405149 -56.73750347216531 61.73452487212017
      vertex -94.24959726608616 -56.74017045342537 61.74447818168555
    endloop
  endfacet
  facet normal 5.852425242683493e-13 -0.9659258262897151 -0.2588190451001073
    outer loop
      vertex -94.22134970405149 -56.73750347216531 61.73452487212017
      vertex -93.92052926454562 -56.71894728629569 61.66527224366004
      vertex -94 -56.72447060497014 61.68588554957953
    endloop
  endfacet
  facet normal -1.6240167479670545e-13 -0.9659258262888646 -0.25881904510328096
    outer loop
      vertex -94.22134970405149 -56.73750347216531 61.73452487212017
      vertex -94 -56.72447060497014 61.68588554957953
      vertex -94.08953276114033 -56.73031049961424 61.70768033310214
    endloop
  endfacet
  facet normal 5.775227488515174e-13 -0.9659258262896488 -0.25881904510035414
    outer loop
      vertex -94.17745577779861 -56.73645644303476 61.730617306207975
      vertex -94.08953276114033 -56.73031049961424 61.70768033310214
      vertex -94.12340738289855 -56.73321478061449 61.718519257354544
    endloop
  endfacet
  facet normal -1.231593662897232e-13 -0.9659258262887517 -0.2588190451037028
    outer loop
      vertex -94.15663143066406 -56.73538435756119 61.72661622875053
      vertex -94.12340738289855 -56.73321478061449 61.718519257354544
      vertex -94.13544457047762 -56.735024945858704 61.725274886016024
    endloop
  endfacet
  facet normal -2.0344406670788346e-13 -0.9659258262888587 -0.25881904510330284
    outer loop
      vertex -94.22134970405149 -56.73750347216531 61.73452487212017
      vertex -93.83154376429296 -56.71213766793637 61.63985840196292
      vertex -93.92052926454562 -56.71894728629569 61.66527224366004
    endloop
  endfacet
  facet normal -1.5692212382631028e-14 -0.9659258262890504 -0.25881904510258735
    outer loop
      vertex -93.68941714587697 -56.74331013231227 61.75619562281093
      vertex -93.52785652691989 -56.743730022028615 61.7577626725659
      vertex -93.58099092862105 -56.752836159109115 61.79174723881101
    endloop
  endfacet
  facet normal 2.2494115070776627e-14 -0.9659258262890901 -0.258819045102439
    outer loop
      vertex -93.84336856933594 -56.73538435756119 61.72661622875053
      vertex -93.36335845563265 -56.7029286627614 61.60548992676278
      vertex -93.68941714587697 -56.74331013231227 61.75619562281093
    endloop
  endfacet
  facet normal 1.5648557672117452e-14 -0.96592582628907 -0.2588190451025145
    outer loop
      vertex -94.31058285412303 -56.74331013231227 61.75619562281093
      vertex -94.65272727706699 -56.71945422868214 61.6671641784028
      vertex -94.61229349178414 -56.66072194288134 61.44797230374955
    endloop
  endfacet
  facet normal -5.99851433183786e-14 -0.9659258262890752 -0.25881904510249487
    outer loop
      vertex -94.31058285412303 -56.74331013231227 61.75619562281093
      vertex -94.41411047216403 -56.64331013231227 61.382990542054046
      vertex -94.22134970405149 -56.73750347216531 61.73452487212017
    endloop
  endfacet
  facet normal 1.54914275617307e-14 -0.96592582628907 -0.2588190451025144
    outer loop
      vertex -94.31058285412303 -56.74331013231227 61.75619562281093
      vertex -94.61229349178414 -56.66072194288134 61.44797230374955
      vertex -94.41411047216403 -56.64331013231227 61.382990542054046
    endloop
  endfacet
  facet normal 3.4468232992696675e-15 -0.9659258262890719 -0.25881904510250786
    outer loop
      vertex -94.22134970405149 -56.73750347216531 61.73452487212017
      vertex -94 -56.629199660148245 61.33032954301908
      vertex -93.83154376429296 -56.71213766793637 61.63985840196292
    endloop
  endfacet
  facet normal -6.580206421799589e-15 -0.9659258262890705 -0.2588190451025129
    outer loop
      vertex -94.22134970405149 -56.73750347216531 61.73452487212017
      vertex -94.20884190755208 -56.632742432644164 61.34355134997352
      vertex -94 -56.629199660148245 61.33032954301908
    endloop
  endfacet
  facet normal 3.769593069113945e-14 -0.9659258262891272 -0.25881904510230086
    outer loop
      vertex -93.83260552523265 -56.71422501118905 61.64764847303476
      vertex -93.65482478386673 -56.70989647645423 61.6314941614821
      vertex -93.7603821663687 -56.71687832091736 61.65755075974904
    endloop
  endfacet
  facet normal 2.7052719917466934e-14 -0.96592582628907 -0.2588190451025146
    outer loop
      vertex -93.79115809244792 -56.632742432644164 61.34355134997352
      vertex -93.59369534098767 -56.69862384086428 61.5894241127252
      vertex -93.83260552523265 -56.71422501118905 61.64764847303476
    endloop
  endfacet
  facet normal 1.0840821172894558e-14 -0.9659258262890532 -0.25881904510257664
    outer loop
      vertex -93.83260552523265 -56.71422501118905 61.64764847303476
      vertex -93.59369534098767 -56.69862384086428 61.5894241127252
      vertex -93.65482478386673 -56.70989647645423 61.6314941614821
    endloop
  endfacet
  facet normal -2.2032745881474488e-14 -0.9659258262890799 -0.2588190451024778
    outer loop
      vertex -93.79115809244792 -56.632742432644164 61.34355134997352
      vertex -93.47987586131978 -56.69119126910437 61.56168537728631
      vertex -93.59369534098767 -56.69862384086428 61.5894241127252
    endloop
  endfacet
  facet normal -5.013915876675566e-14 -0.9659258262891227 -0.2588190451023174
    outer loop
      vertex -93.79115809244792 -56.632742432644164 61.34355134997352
      vertex -93.58588952783597 -56.64331013231228 61.382990542054046
      vertex -93.38770650821586 -56.66072194288134 61.44797230374955
    endloop
  endfacet
  facet normal -2.037438030198864e-15 -0.9659258262890659 -0.2588190451025297
    outer loop
      vertex -93.84336856933594 -56.73538435756119 61.72661622875053
      vertex -93.65482478386673 -56.70989647645423 61.6314941614821
      vertex -93.36335845563265 -56.7029286627614 61.60548992676278
    endloop
  endfacet
  facet normal 0 -0.9659258262890679 -0.25881904510252224
    outer loop
      vertex -103 -56.13744347445345 59.49507047306985
      vertex -85 -56.13744347445345 59.49507047306985
      vertex -94 -56.62272918402068 61.306181397361854
    endloop
  endfacet
  facet normal 4.584684574016529e-15 -0.9659258262890682 -0.2588190451025214
    outer loop
      vertex -95.10865543901355 -56.924455219662725 62.43223829234432
      vertex -95.30287782880825 -56.905085225009756 62.3599484881571
      vertex -95.13137084989847 -56.90076055415102 62.34380859678629
    endloop
  endfacet
  facet normal -4.21248263589257e-15 -0.96592582628908 -0.25881904510247755
    outer loop
      vertex -93.54077988116188 -57.330251274385475 63.94668978608062
      vertex -93.4 -57.31228277396269 63.87963042956696
      vertex -93.34832102580924 -57.33544982430581 63.966091038509
    endloop
  endfacet
  facet normal -8.592330776445916e-15 -0.9659258262890906 -0.2588190451024369
    outer loop
      vertex -93.54077988116188 -57.330251274385475 63.94668978608062
      vertex -93.34832102580924 -57.33544982430581 63.966091038509
      vertex -93.43751086320442 -57.34961946254134 64.01897284832889
    endloop
  endfacet
  facet normal 6.156391809028642e-14 -0.9659258262890656 -0.25881904510253045
    outer loop
      vertex -93.54077988116188 -57.330251274385475 63.94668978608062
      vertex -93.43751086320442 -57.34961946254134 64.01897284832889
      vertex -93.5314535889622 -57.33607875629515 63.96843824464772
    endloop
  endfacet
  facet normal -2.4501946325794842e-14 -0.9659258262890704 -0.25881904510251236
    outer loop
      vertex -93.26948628518953 -57.28971207706796 63.7953954419936
      vertex -93.11646360094238 -57.32067631037379 63.910955533908364
      vertex -93.30310751287429 -57.315151085126104 63.89033511256075
    endloop
  endfacet
  facet normal -7.636677815145137e-15 -0.9659258262890649 -0.2588190451025332
    outer loop
      vertex -93.26948628518953 -57.28971207706796 63.7953954419936
      vertex -93.08687137380949 -57.308606547924995 63.86591056721417
      vertex -93.11646360094238 -57.32067631037379 63.910955533908364
    endloop
  endfacet
  facet normal -2.5407466460260047e-14 -0.9659258262890726 -0.25881904510250486
    outer loop
      vertex -93.30310751287429 -57.315151085126104 63.89033511256075
      vertex -93.11646360094238 -57.32067631037379 63.910955533908364
      vertex -93.23097471087196 -57.33150300076657 63.951361292532034
    endloop
  endfacet
  facet normal -6.504680879977727e-15 -0.9659258262890791 -0.2588190451024805
    outer loop
      vertex -92.86862915010153 -57.33613045533982 63.96863118810914
      vertex -93.03484871528943 -57.29740810410549 63.82411740591409
      vertex -92.89961683355051 -57.28697050319164 63.78516374899445
    endloop
  endfacet
  facet normal 9.666236120599901e-14 -0.9659258262890494 -0.2588190451025912
    outer loop
      vertex -92.86862915010153 -57.33613045533982 63.96863118810914
      vertex -92.99300467403307 -57.32433106864022 63.92459527744805
      vertex -93.03484871528943 -57.29740810410549 63.82411740591409
    endloop
  endfacet
  facet normal -2.1780001122592133e-14 -0.9659258262891247 -0.2588190451023098
    outer loop
      vertex -91.40613156785983 -57.38791074554217 64.16187786197499
      vertex -92.88315208465688 -57.34801460838674 64.01298345108518
      vertex -92.85095148057187 -57.340705772887134 63.98570650565645
    endloop
  endfacet
  facet normal 4.5685693272405576e-15 -0.9659258262890595 -0.2588190451025539
    outer loop
      vertex -91.40613156785983 -57.38791074554217 64.16187786197499
      vertex -92.06672740181965 -57.38395257022993 64.14710575060442
      vertex -92.88315208465688 -57.34801460838674 64.01298345108518
    endloop
  endfacet
  facet normal 1.0098818388462328e-14 -0.9659258262890594 -0.25881904510255394
    outer loop
      vertex -92.71080082202674 -57.2993435914081 63.83134074286485
      vertex -91.40613156785983 -57.38791074554217 64.16187786197499
      vertex -92.85095148057187 -57.340705772887134 63.98570650565645
    endloop
  endfacet
  facet normal -3.3313435761967643e-15 -0.9659258262890725 -0.2588190451025046
    outer loop
      vertex -92.71080082202674 -57.2993435914081 63.83134074286485
      vertex -91.02491501112735 -57.38259248516666 64.1420298440457
      vertex -91.40613156785983 -57.38791074554217 64.16187786197499
    endloop
  endfacet
  facet normal -1.6388441472070982e-14 -0.9659258262890904 -0.25881904510243825
    outer loop
      vertex -92.71080082202674 -57.2993435914081 63.83134074286485
      vertex -91.41417694971332 -57.350565549147845 64.0225036916127
      vertex -91.02491501112735 -57.38259248516666 64.1420298440457
    endloop
  endfacet
  facet normal -1.244091606773985e-15 -0.9659258262890803 -0.25881904510247605
    outer loop
      vertex -90.92794139030644 -57.420372569123515 64.2830270368869
      vertex -92.17374367441467 -57.39082951892158 64.1727708725227
      vertex -92.06672740181965 -57.38395257022993 64.14710575060442
    endloop
  endfacet
  facet normal -7.400040846597014e-15 -0.9659258262890714 -0.2588190451025093
    outer loop
      vertex -93.26948628518953 -57.28971207706796 63.7953954419936
      vertex -93.175416817889 -57.26836035769584 63.71570974046789
      vertex -93.1098355146369 -57.284756176205235 63.77689976817663
    endloop
  endfacet
  facet normal -6.123347319784274e-14 -0.9659258262890316 -0.2588190451026577
    outer loop
      vertex -93.03484871528943 -57.29740810410549 63.82411740591409
      vertex -92.92154058631088 -57.28123791001709 63.763769420007925
      vertex -92.89961683355051 -57.28697050319164 63.78516374899445
    endloop
  endfacet
  facet normal -7.225794152715073e-14 -0.9659258262890205 -0.2588190451026989
    outer loop
      vertex -92.86862915010153 -57.27326627891411 63.73401888771241
      vertex -92.89961683355051 -57.28697050319164 63.78516374899445
      vertex -92.89712774431695 -57.27222435270085 63.73013036614682
    endloop
  endfacet
  facet normal 4.372629022120759e-11 -0.9659258262932044 -0.2588190450870845
    outer loop
      vertex -92.56702468154575 -57.21652346082079 63.5222518076235
      vertex -92.61435935394489 -57.25008385745146 63.64750091297133
      vertex -92.6144313886687 -57.25008091655681 63.64748993740308
    endloop
  endfacet
  facet normal -4.653362362589001e-15 -0.9659258262890679 -0.25881904510252257
    outer loop
      vertex -92.56702468154575 -57.21652346082079 63.5222518076235
      vertex -92.6144313886687 -57.25008091655681 63.64748993740308
      vertex -92.73063465553402 -57.20907650132566 63.49445937642578
    endloop
  endfacet
  facet normal -3.3456149322237514e-15 -0.9659258262890701 -0.258819045102514
    outer loop
      vertex -92.86862915010153 -57.18963463024139 63.4219013257451
      vertex -92.61435935394489 -57.17616228461423 63.371621847367386
      vertex -92.75275136079556 -57.208069825484124 63.49070241103842
    endloop
  endfacet
  facet normal 7.581109647468892e-15 -0.9659258262890729 -0.25881904510250353
    outer loop
      vertex -92.89134456098645 -57.16216504496182 63.31938343781886
      vertex -92.61435935394489 -57.17616228461423 63.371621847367386
      vertex -92.91018073905758 -57.172050894783 63.3562779316275
    endloop
  endfacet
  facet normal 5.775886817195896e-15 -0.9659258262890817 -0.258819045102471
    outer loop
      vertex -92.91018073905758 -57.172050894783 63.3562779316275
      vertex -92.61435935394489 -57.17616228461423 63.371621847367386
      vertex -92.86862915010153 -57.18963463024139 63.4219013257451
    endloop
  endfacet
  facet normal -4.25087083571801e-15 -0.965925826289085 -0.2588190451024585
    outer loop
      vertex -92.84088900845312 -57.123694890041605 63.175810865081594
      vertex -92.78114021249314 -57.0959674864814 63.07233078623291
      vertex -92.54243766502776 -57.120260379739236 63.162993098134024
    endloop
  endfacet
  facet normal 1.4917374485763317e-14 -0.9659258262890632 -0.25881904510253984
    outer loop
      vertex -92.84088900845312 -57.123694890041605 63.175810865081594
      vertex -92.61435935394489 -57.17616228461423 63.371621847367386
      vertex -92.89134456098645 -57.16216504496182 63.31938343781886
    endloop
  endfacet
  facet normal -2.673357290965156e-15 -0.9659258262890497 -0.25881904510259035
    outer loop
      vertex -92.84088900845312 -57.123694890041605 63.175810865081594
      vertex -92.45065064692173 -57.14545683870018 63.25702756314706
      vertex -92.53222274310127 -57.16059722227479 63.313532243893576
    endloop
  endfacet
  facet normal -4.501776624563877e-14 -0.9659258262888476 -0.258819045103344
    outer loop
      vertex -92.84088900845312 -57.123694890041605 63.175810865081594
      vertex -92.54243766502776 -57.120260379739236 63.162993098134024
      vertex -92.52179274798195 -57.12148029820254 63.167545895820155
    endloop
  endfacet
  facet normal -2.172142201920538e-14 -0.9659258262890724 -0.2588190451025049
    outer loop
      vertex -92.84088900845312 -57.123694890041605 63.175810865081594
      vertex -92.52179274798195 -57.12148029820254 63.167545895820155
      vertex -92.45065064692173 -57.14545683870018 63.25702756314706
    endloop
  endfacet
  facet normal 2.3609323973940305e-13 -0.9659258262890591 -0.2588190451025551
    outer loop
      vertex -92.46607021337584 -57.104874926530506 63.10557380506156
      vertex -92.44352974968744 -57.106251836105905 63.110712501554396
      vertex -92.45065064692173 -57.14545683870018 63.25702756314706
    endloop
  endfacet
  facet normal 1.8058167038885285e-14 -0.9659258262890646 -0.25881904510253445
    outer loop
      vertex -92.46607021337584 -57.104874926530506 63.10557380506156
      vertex -92.45065064692173 -57.14545683870018 63.25702756314706
      vertex -92.52179274798195 -57.12148029820254 63.167545895820155
    endloop
  endfacet
  facet normal -7.136852300300448e-14 -0.9659258262890881 -0.2588190451024467
    outer loop
      vertex -92.84088900845312 -57.123694890041605 63.175810865081594
      vertex -92.53222274310127 -57.16059722227479 63.313532243893576
      vertex -92.61435935394489 -57.17616228461423 63.371621847367386
    endloop
  endfacet
  facet normal 2.2107029051662372e-13 -0.9659258262891304 -0.25881904510228904
    outer loop
      vertex -92.45065064692173 -57.14545683870018 63.25702756314706
      vertex -92.45451867793749 -57.15048980928472 63.275810865081596
      vertex -92.53222274310127 -57.16059722227479 63.313532243893576
    endloop
  endfacet
  facet normal -2.820336103867017e-14 -0.965925826289002 -0.2588190451027681
    outer loop
      vertex -92.53222274310127 -57.16059722227479 63.313532243893576
      vertex -92.45451867793749 -57.15048980928472 63.275810865081596
      vertex -92.52179274798195 -57.16116480608878 63.315650495524935
    endloop
  endfacet
  facet normal -1.0351034018087541e-13 -0.965925826289041 -0.2588190451026227
    outer loop
      vertex -92.75275136079556 -57.208069825484124 63.49070241103842
      vertex -92.61435935394489 -57.17616228461423 63.371621847367386
      vertex -92.73063465553402 -57.20907650132566 63.49445937642578
    endloop
  endfacet
  facet normal -2.6485586838152374e-15 -0.9659258262890649 -0.25881904510253356
    outer loop
      vertex -92.56702468154575 -57.21652346082079 63.5222518076235
      vertex -92.73063465553402 -57.20907650132566 63.49445937642578
      vertex -92.61435935394489 -57.17616228461423 63.371621847367386
    endloop
  endfacet
  facet normal 1.8957591603465283e-14 -0.9659258262890208 -0.25881904510269804
    outer loop
      vertex -92.75721712598465 -57.08708988992423 63.03919914483248
      vertex -92.58097719265766 -57.097855704466525 63.079377711689176
      vertex -92.78114021249314 -57.0959674864814 63.07233078623291
    endloop
  endfacet
  facet normal -2.8925110534117366e-14 -0.9659258262890733 -0.2588190451025021
    outer loop
      vertex -92.75721712598465 -57.08708988992423 63.03919914483248
      vertex -92.73063465553402 -57.06831359709586 62.9691250660192
      vertex -92.58097719265766 -57.097855704466525 63.079377711689176
    endloop
  endfacet
  facet normal 5.7217886268228506e-15 -0.9659258262890636 -0.258819045102538
    outer loop
      vertex -92.70859550303777 -57.04937608734351 62.89844931745461
      vertex -92.73063465553402 -57.03476297955111 62.8439124567169
      vertex -92.61435935394489 -57.036200896929515 62.84927883743019
    endloop
  endfacet
  facet normal 2.993730638031277e-15 -0.9659258262890666 -0.2588190451025268
    outer loop
      vertex -92.77997123190659 -57.00493602693579 62.732596754121566
      vertex -92.65452314817921 -57.013901441123785 62.76605613538207
      vertex -92.73063465553402 -57.03476297955111 62.8439124567169
    endloop
  endfacet
  facet normal -2.1162989253400443e-14 -0.9659258262890706 -0.25881904510251186
    outer loop
      vertex -92.58610722321083 -57.057504882118145 62.92878639255783
      vertex -92.58097719265766 -57.097855704466525 63.079377711689176
      vertex -92.73063465553402 -57.06831359709586 62.9691250660192
    endloop
  endfacet
  facet normal -2.3579134597289976e-14 -0.9659258262891041 -0.25881904510238735
    outer loop
      vertex -92.47621945115228 -57.06479745858805 62.95600265846161
      vertex -92.40661129688073 -57.06941692423418 62.973242738956785
      vertex -92.41734765216523 -57.082911979882994 63.023606972289144
    endloop
  endfacet
  facet normal -3.033261021375828e-13 -0.9659258262890892 -0.2588190451024429
    outer loop
      vertex -92.40661129688073 -57.06941692423418 62.973242738956785
      vertex -92.4136882218019 -57.08315483379896 63.024513315442334
      vertex -92.41734765216523 -57.082911979882994 63.023606972289144
    endloop
  endfacet
  facet normal 1.3914627185558083e-13 -0.9659258262890685 -0.2588190451025196
    outer loop
      vertex -92.47621945115228 -57.06479745858805 62.95600265846161
      vertex -92.41734765216523 -57.082911979882994 63.023606972289144
      vertex -92.46607021337584 -57.104874926530506 63.10557380506156
    endloop
  endfacet
  facet normal -2.0858731999571327e-14 -0.9659258262890509 -0.2588190451025856
    outer loop
      vertex -92.58610722321083 -57.057504882118145 62.92878639255783
      vertex -92.70859550303777 -57.04937608734351 62.89844931745461
      vertex -92.61435935394489 -57.036200896929515 62.84927883743019
    endloop
  endfacet
  facet normal 5.069589808132179e-15 -0.9659258262890671 -0.25881904510252496
    outer loop
      vertex -92.65452314817921 -57.013901441123785 62.76605613538207
      vertex -92.61435935394489 -57.036200896929515 62.84927883743019
      vertex -92.73063465553402 -57.03476297955111 62.8439124567169
    endloop
  endfacet
  facet normal -2.844176243365151e-13 -0.9659258262890664 -0.25881904510252796
    outer loop
      vertex -92.40661129688073 -57.06941692423418 62.973242738956785
      vertex -92.42751864605029 -57.04274860108051 62.87371520199464
      vertex -92.4136882218019 -57.03111322150141 62.83029137424006
    endloop
  endfacet
  facet normal 1.4967900330641643e-13 -0.9659258262890675 -0.25881904510252357
    outer loop
      vertex -92.47621945115228 -57.06479745858805 62.95600265846161
      vertex -92.45451867793749 -57.02819518608896 62.819401117822515
      vertex -92.42751864605029 -57.04274860108051 62.87371520199464
    endloop
  endfacet
  facet normal 8.293230142848749e-14 -0.9659258262890608 -0.25881904510254905
    outer loop
      vertex -92.40656574678135 -57.01738320933106 62.77905027123179
      vertex -92.4136882218019 -57.03111322150141 62.83029137424006
      vertex -92.43538217162714 -57.01169698901242 62.7578290080996
    endloop
  endfacet
  facet normal -3.134851902848209e-14 -0.9659258262890617 -0.2588190451025461
    outer loop
      vertex -92.58610722321083 -57.057504882118145 62.92878639255783
      vertex -92.73063465553402 -57.06831359709586 62.9691250660192
      vertex -92.70859550303777 -57.04937608734351 62.89844931745461
    endloop
  endfacet
  facet normal 3.009830257068598e-14 -0.9659258262890498 -0.2588190451025896
    outer loop
      vertex -92.47621945115228 -57.06479745858805 62.95600265846161
      vertex -92.42751864605029 -57.04274860108051 62.87371520199464
      vertex -92.40661129688073 -57.06941692423418 62.973242738956785
    endloop
  endfacet
  facet normal -4.344258441982919e-14 -0.9659258262890712 -0.2588190451025098
    outer loop
      vertex -92.77997123190659 -57.00493602693579 62.732596754121566
      vertex -92.8078659024692 -56.990432666345214 62.678469475517055
      vertex -92.61435935394489 -56.9984872863519 62.70852972661765
    endloop
  endfacet
  facet normal -3.3711702227187683e-13 -0.9659258262895439 -0.2588190451007458
    outer loop
      vertex -92.82047378038533 -56.98948908152415 62.67494796902358
      vertex -92.61435935394489 -56.9984872863519 62.70852972661765
      vertex -92.8078659024692 -56.990432666345214 62.678469475517055
    endloop
  endfacet
  facet normal -2.3472727711224107e-14 -0.9659258262890797 -0.2588190451024776
    outer loop
      vertex -92.84088900845312 -56.96292537458294 62.57581086508159
      vertex -92.57718798069766 -56.983037792888 62.65087143205915
      vertex -92.82047378038533 -56.98948908152415 62.67494796902358
    endloop
  endfacet
  facet normal -1.4519108247146949e-15 -0.9659258262890621 -0.2588190451025438
    outer loop
      vertex -92.84088900845312 -56.96292537458294 62.57581086508159
      vertex -92.82318179519925 -56.92995303098543 62.45275640353109
      vertex -92.69283838428869 -56.940466153099365 62.491991909406465
    endloop
  endfacet
  facet normal 1.3610015528538626e-14 -0.9659258262890689 -0.25881904510251896
    outer loop
      vertex -92.84088900845312 -56.96292537458294 62.57581086508159
      vertex -92.69283838428869 -56.940466153099365 62.491991909406465
      vertex -92.61435935394489 -56.957931609826474 62.55717388128944
    endloop
  endfacet
  facet normal -1.3754606314408335e-14 -0.9659258262890698 -0.25881904510251513
    outer loop
      vertex -92.70168307805037 -56.90554008884681 62.36164606310752
      vertex -92.73063465553402 -56.93741761530004 62.4806146114506
      vertex -92.82318179519925 -56.92995303098543 62.45275640353109
    endloop
  endfacet
  facet normal 4.150119459601134e-15 -0.9659258262890748 -0.2588190451024963
    outer loop
      vertex -92.89134456098645 -56.924455219662725 62.43223829234432
      vertex -92.70168307805037 -56.90554008884681 62.36164606310752
      vertex -92.86862915010153 -56.924238583888425 62.431429796627896
    endloop
  endfacet
  facet normal 7.685014228537171e-15 -0.9659258262890769 -0.25881904510248854
    outer loop
      vertex -92.70168307805037 -56.90554008884681 62.36164606310752
      vertex -92.82318179519925 -56.92995303098543 62.45275640353109
      vertex -92.86862915010153 -56.924238583888425 62.431429796627896
    endloop
  endfacet
  facet normal -2.7721587366794565e-14 -0.9659258262890692 -0.2588190451025177
    outer loop
      vertex -92.82047378038533 -56.98948908152415 62.67494796902358
      vertex -92.57718798069766 -56.983037792888 62.65087143205915
      vertex -92.61435935394489 -56.9984872863519 62.70852972661765
    endloop
  endfacet
  facet normal 8.120328201471737e-15 -0.965925826289052 -0.2588190451025812
    outer loop
      vertex -92.84088900845312 -56.96292537458294 62.57581086508159
      vertex -92.61435935394489 -56.957931609826474 62.55717388128944
      vertex -92.57718798069766 -56.983037792888 62.65087143205915
    endloop
  endfacet
  facet normal -5.808081807937975e-15 -0.9659258262890861 -0.2588190451024543
    outer loop
      vertex -92.40656574678135 -57.01738320933106 62.77905027123179
      vertex -92.46812695747097 -56.991355852694525 62.68191485387751
      vertex -92.4136882218019 -56.98925786922226 62.67408507296556
    endloop
  endfacet
  facet normal -8.84883334907848e-14 -0.9659258262890559 -0.2588190451025669
    outer loop
      vertex -92.44842847363084 -56.96017954880269 62.565563303760996
      vertex -92.46812695747097 -56.991355852694525 62.68191485387751
      vertex -92.45451867793749 -56.95968833055754 62.563730052312486
    endloop
  endfacet
  facet normal -2.1547467975685286e-14 -0.9659258262890589 -0.2588190451025564
    outer loop
      vertex -92.4136882218019 -56.98925786922226 62.67408507296556
      vertex -92.46812695747097 -56.991355852694525 62.68191485387751
      vertex -92.44842847363084 -56.96017954880269 62.565563303760996
    endloop
  endfacet
  facet normal -2.877981037704644e-14 -0.9659258262890965 -0.2588190451024157
    outer loop
      vertex -92.77997123190659 -57.00493602693579 62.732596754121566
      vertex -92.61435935394489 -56.9984872863519 62.70852972661765
      vertex -92.65452314817921 -57.013901441123785 62.76605613538207
    endloop
  endfacet
  facet normal 1.0023068545003718e-13 -0.9659258262890733 -0.25881904510250187
    outer loop
      vertex -92.46812695747097 -56.991355852694525 62.68191485387751
      vertex -92.43538217162714 -57.01169698901242 62.7578290080996
      vertex -92.45451867793749 -57.02819518608896 62.819401117822515
    endloop
  endfacet
  facet normal 2.0486493373007234e-14 -0.965925826289082 -0.25881904510246984
    outer loop
      vertex -92.40656574678135 -57.01738320933106 62.77905027123179
      vertex -92.43538217162714 -57.01169698901242 62.7578290080996
      vertex -92.46812695747097 -56.991355852694525 62.68191485387751
    endloop
  endfacet
  facet normal 1.1366156259970627e-14 -0.9659258262890748 -0.2588190451024969
    outer loop
      vertex -92.58097719265766 -57.097855704466525 63.079377711689176
      vertex -92.54243766502776 -57.120260379739236 63.162993098134024
      vertex -92.78114021249314 -57.0959674864814 63.07233078623291
    endloop
  endfacet
  facet normal 2.1688304357308167e-13 -0.96592582628908 -0.2588190451024765
    outer loop
      vertex -92.46607021337584 -57.104874926530506 63.10557380506156
      vertex -92.41734765216523 -57.082911979882994 63.023606972289144
      vertex -92.44352974968744 -57.106251836105905 63.110712501554396
    endloop
  endfacet
  facet normal 4.4261402944706674e-14 -0.965925826289053 -0.25881904510257775
    outer loop
      vertex -92.41175900022031 -57.12794770210735 63.191682575786
      vertex -92.16970982002022 -57.18198455027071 63.39335083861255
      vertex -92.43037053228026 -57.152164491737416 63.28206086508159
    endloop
  endfacet
  facet normal 1.943777042286622e-14 -0.9659258262890681 -0.2588190451025218
    outer loop
      vertex -92.43037053228026 -57.152164491737416 63.28206086508159
      vertex -92.19018701322689 -57.19759751565191 63.45161921867198
      vertex -92.20548272935581 -57.232979598598426 63.583666949906004
    endloop
  endfacet
  facet normal 3.386117978790064e-15 -0.9659258262890711 -0.25881904510251047
    outer loop
      vertex -92.43037053228026 -57.152164491737416 63.28206086508159
      vertex -92.20548272935581 -57.232979598598426 63.583666949906004
      vertex -92.49869575966916 -57.20425949319186 63.47648205732997
    endloop
  endfacet
  facet normal 1.3196937419523677e-14 -0.9659258262890595 -0.25881904510255344
    outer loop
      vertex -92.375 -57.04331013231227 62.87581086508159
      vertex -92.0148320803902 -57.09541690441446 63.070275985985376
      vertex -92.31859674154364 -57.089065303249015 63.046571487726496
    endloop
  endfacet
  facet normal 2.2837137831434875e-14 -0.965925826289055 -0.2588190451025703
    outer loop
      vertex -92.375 -57.04331013231227 62.87581086508159
      vertex -92.15650255585308 -57.067988535274026 62.967911918784516
      vertex -92.0148320803902 -57.09541690441446 63.070275985985376
    endloop
  endfacet
  facet normal -1.3651662682901977e-14 -0.9659258262890579 -0.25881904510255965
    outer loop
      vertex -93.26948628518953 -57.28971207706796 63.7953954419936
      vertex -93.1098355146369 -57.284756176205235 63.77689976817663
      vertex -93.05914268155831 -57.29661127083905 63.821143583678555
    endloop
  endfacet
  facet normal -2.1523243234873208e-14 -0.965925826289074 -0.25881904510249965
    outer loop
      vertex -93.26948628518953 -57.28971207706796 63.7953954419936
      vertex -93.05914268155831 -57.29661127083905 63.821143583678555
      vertex -93.08687137380949 -57.308606547924995 63.86591056721417
    endloop
  endfacet
  facet normal 2.4430930628235955e-13 -0.9659258262890685 -0.25881904510251996
    outer loop
      vertex -92.86862915010153 -57.27326627891411 63.73401888771241
      vertex -92.86862915010153 -57.33613045533982 63.96863118810914
      vertex -92.89961683355051 -57.28697050319164 63.78516374899445
    endloop
  endfacet
  facet normal 5.287592106959909e-15 -0.9659258262890619 -0.2588190451025447
    outer loop
      vertex -90.92794139030644 -57.420372569123515 64.2830270368869
      vertex -88.85714285714286 -57.56094822251731 64.80766251765974
      vertex -92.17374367441467 -57.39082951892158 64.1727708725227
    endloop
  endfacet
  facet normal -4.712467142522783e-16 -0.9659258262890724 -0.258819045102505
    outer loop
      vertex -91.02491501112735 -57.38259248516666 64.1420298440457
      vertex -90.79901412646291 -57.37074266623201 64.09780571772109
      vertex -88.57072544180836 -57.455243931606276 64.41316873340172
    endloop
  endfacet
  facet normal 1.2166680040786901e-14 -0.9659258262890439 -0.2588190451026117
    outer loop
      vertex -91.02491501112735 -57.38259248516666 64.1420298440457
      vertex -88.57072544180836 -57.455243931606276 64.41316873340172
      vertex -90.32582796306032 -57.417091071946885 64.2707803226988
    endloop
  endfacet
  facet normal -2.107724084090534e-14 -0.9659258262891464 -0.2588190451022294
    outer loop
      vertex -90.32582796306032 -57.417091071946885 64.2707803226988
      vertex -88.57072544180836 -57.455243931606276 64.41316873340172
      vertex -90.04933261417808 -57.42455955070963 64.29865306489663
    endloop
  endfacet
  facet normal -6.168884832240482e-14 -0.9659258262891803 -0.2588190451021022
    outer loop
      vertex -88.57072544180836 -57.455243931606276 64.41316873340172
      vertex -90.79901412646291 -57.37074266623201 64.09780571772109
      vertex -90.40750446606228 -57.383584040838734 64.14573038019239
    endloop
  endfacet
  facet normal 1.6456741523990264e-15 -0.9659258262890659 -0.25881904510253007
    outer loop
      vertex -92.41175900022031 -57.12794770210735 63.191682575786
      vertex -88.39260047209024 -57.38950570268045 64.16783032305094
      vertex -92.16970982002022 -57.18198455027071 63.39335083861255
    endloop
  endfacet
  facet normal -6.03487017456556e-15 -0.9659258262890752 -0.25881904510249465
    outer loop
      vertex -85 -57.56094822251731 64.80766251765974
      vertex -92.20214495790071 -57.12099709759488 63.165742566602134
      vertex -92.0148320803902 -57.09541690441446 63.070275985985376
    endloop
  endfacet
  facet normal -1.0703872584847097e-14 -0.9659258262890804 -0.2588190451024753
    outer loop
      vertex -85 -57.56094822251731 64.80766251765974
      vertex -92.41175900022031 -57.12794770210735 63.191682575786
      vertex -92.20214495790071 -57.12099709759488 63.165742566602134
    endloop
  endfacet
  facet normal -2.709016231059706e-15 -0.965925826289072 -0.25881904510250753
    outer loop
      vertex -85 -57.56094822251731 64.80766251765974
      vertex -92.0148320803902 -57.09541690441446 63.070275985985376
      vertex -90.03706983286301 -57.20096331080174 63.464180537179004
    endloop
  endfacet
  facet normal -1.9279769554100973e-13 -0.9659258262890738 -0.2588190451025003
    outer loop
      vertex -93.00648180997904 -56.850543576411276 62.156396284459014
      vertex -93.0079252049386 -56.83113380586909 62.0839580346323
      vertex -92.99192767890231 -56.849247307637924 62.15155854353659
    endloop
  endfacet
  facet normal -2.1672466400394958e-13 -0.9659258262890557 -0.25881904510256776
    outer loop
      vertex -93.01223488433352 -56.86808359078868 62.22185650928096
      vertex -93.00648180997904 -56.850543576411276 62.156396284459014
      vertex -92.99192767890231 -56.849247307637924 62.15155854353659
    endloop
  endfacet
  facet normal 5.3106165645877843e-14 -0.9659258262890752 -0.25881904510249504
    outer loop
      vertex -93.01223488433352 -56.86808359078868 62.22185650928096
      vertex -92.99192767890231 -56.849247307637924 62.15155854353659
      vertex -93.00154908631245 -56.87222273544704 62.23730400744584
    endloop
  endfacet
  facet normal -1.3844279470419277e-14 -0.9659258262890705 -0.2588190451025124
    outer loop
      vertex -93.68941714587697 -56.74331013231227 61.75619562281093
      vertex -93.36335845563265 -56.7029286627614 61.60548992676278
      vertex -93.35357188189627 -56.719893435400415 61.668803320190435
    endloop
  endfacet
  facet normal -2.3491557206653852e-14 -0.9659258262890613 -0.258819045102547
    outer loop
      vertex -93.68941714587697 -56.74331013231227 61.75619562281093
      vertex -93.35357188189627 -56.719893435400415 61.668803320190435
      vertex -93.43773392717341 -56.737342440180676 61.73392389257188
    endloop
  endfacet
  facet normal -1.6841561444042575e-14 -0.9659258262890801 -0.25881904510247683
    outer loop
      vertex -93.68941714587697 -56.74331013231227 61.75619562281093
      vertex -93.43773392717341 -56.737342440180676 61.73392389257188
      vertex -93.52785652691989 -56.743730022028615 61.7577626725659
    endloop
  endfacet
  facet normal -9.165231229892414e-14 -0.9659258262890392 -0.25881904510262915
    outer loop
      vertex -93.35357188189627 -56.719893435400415 61.668803320190435
      vertex -93.38277010476278 -56.73342281100928 61.71929563735738
      vertex -93.43773392717341 -56.737342440180676 61.73392389257188
    endloop
  endfacet
  facet normal 5.464890870413986e-15 -0.9659258262890783 -0.25881904510248344
    outer loop
      vertex -93.23388827233507 -56.761742780498544 61.82498720236013
      vertex -93.17399287960093 -56.75171342620879 61.787557142583644
      vertex -93.04021135125647 -56.747058057627996 61.77018307051217
    endloop
  endfacet
  facet normal -1.5710693578606534e-13 -0.9659258262890134 -0.258819045102726
    outer loop
      vertex -93.23388827233507 -56.761742780498544 61.82498720236013
      vertex -93.19549930766904 -56.75195980325094 61.78847663422279
      vertex -93.17399287960093 -56.75171342620879 61.787557142583644
    endloop
  endfacet
  facet normal 1.1763375747088415e-14 -0.9659258262890839 -0.2588190451024626
    outer loop
      vertex -93.23388827233507 -56.761742780498544 61.82498720236013
      vertex -93.04021135125647 -56.747058057627996 61.77018307051217
      vertex -93.16890604868047 -56.76482475832075 61.8364893001804
    endloop
  endfacet
  facet normal 1.1508339444189066e-14 -0.9659258262890842 -0.2588190451024613
    outer loop
      vertex -93.23388827233507 -56.761742780498544 61.82498720236013
      vertex -93.16890604868047 -56.76482475832075 61.8364893001804
      vertex -93.19397147138933 -56.77479909177487 61.87371401940281
    endloop
  endfacet
  facet normal -1.6120325262116984e-14 -0.9659258262890649 -0.2588190451025335
    outer loop
      vertex -92.70168307805037 -56.90554008884681 62.36164606310752
      vertex -92.83149050574845 -56.8971434655763 62.33030943844996
      vertex -92.73063465553402 -56.887374035025736 62.29384942727424
    endloop
  endfacet
  facet normal 2.136982793354662e-14 -0.965925826289054 -0.2588190451025738
    outer loop
      vertex -92.79739681317639 -56.79388622383121 61.94494816600784
      vertex -92.73063465553402 -56.79121564951022 61.934981446956535
      vertex -92.69415440963633 -56.80534627547239 61.987717660990086
    endloop
  endfacet
  facet normal -1.6149784169340148e-14 -0.9659258262890766 -0.25881904510248926
    outer loop
      vertex -92.79739681317639 -56.79388622383121 61.94494816600784
      vertex -92.69415440963633 -56.80534627547239 61.987717660990086
      vertex -92.72202630266044 -56.825208447189034 62.06184429498528
    endloop
  endfacet
  facet normal 1.179288428808662e-13 -0.9659258262890552 -0.25881904510256987
    outer loop
      vertex -92.79739681317639 -56.79388622383121 61.94494816600784
      vertex -92.72202630266044 -56.825208447189034 62.06184429498528
      vertex -92.73063465553402 -56.82597515314772 62.06470568057757
    endloop
  endfacet
  facet normal -4.60952482951718e-14 -0.9659258262890552 -0.2588190451025698
    outer loop
      vertex -93.47987586131978 -56.69119126910437 61.56168537728631
      vertex -93.55136375072745 -56.7030532900825 61.605955042257136
      vertex -93.59369534098767 -56.69862384086428 61.5894241127252
    endloop
  endfacet
  facet normal -3.823400839169543e-15 -0.9659258262890609 -0.25881904510254844
    outer loop
      vertex -93.36335845563265 -56.7029286627614 61.60548992676278
      vertex -93.65482478386673 -56.70989647645423 61.6314941614821
      vertex -93.55136375072745 -56.7030532900825 61.605955042257136
    endloop
  endfacet
  facet normal -5.960134012507266e-15 -0.9659258262888449 -0.25881904510335424
    outer loop
      vertex -93.36335845563265 -56.7029286627614 61.60548992676278
      vertex -93.55136375072745 -56.7030532900825 61.605955042257136
      vertex -93.41484325937223 -56.70228377861092 61.603083186348194
    endloop
  endfacet
  facet normal -4.4623826910798596e-14 -0.9659258262890517 -0.25881904510258263
    outer loop
      vertex -93.36335845563265 -56.7029286627614 61.60548992676278
      vertex -93.41484325937223 -56.70228377861092 61.603083186348194
      vertex -93.38502058130594 -56.700278923978125 61.59560096699681
    endloop
  endfacet
  facet normal 1.4569048750614177e-13 -0.9659258262890591 -0.258819045102555
    outer loop
      vertex -93.37517753595574 -56.68244059248423 61.52902740753932
      vertex -93.3860536405783 -56.685064546417095 61.538820136933495
      vertex -93.40372709654878 -56.68525859639405 61.53954434130669
    endloop
  endfacet
  facet normal 7.392371003729682e-15 -0.9659258262890672 -0.2588190451025247
    outer loop
      vertex -93.79115809244792 -56.632742432644164 61.34355134997352
      vertex -93.38770650821586 -56.66072194288134 61.44797230374955
      vertex -93.37517753595574 -56.68244059248423 61.52902740753932
    endloop
  endfacet
  facet normal 8.95846530512047e-14 -0.9659258262890211 -0.2588190451026971
    outer loop
      vertex -93.79115809244792 -56.632742432644164 61.34355134997352
      vertex -93.37517753595574 -56.68244059248423 61.52902740753932
      vertex -93.40372709654878 -56.68525859639405 61.53954434130669
    endloop
  endfacet
  facet normal -4.748206765676055e-14 -0.9659258262890889 -0.2588190451024439
    outer loop
      vertex -93.79115809244792 -56.632742432644164 61.34355134997352
      vertex -93.40372709654878 -56.68525859639405 61.53954434130669
      vertex -93.47987586131978 -56.69119126910437 61.56168537728631
    endloop
  endfacet
  facet normal 4.487970833786173e-14 -0.9659258262890712 -0.2588190451025094
    outer loop
      vertex -92.89134456098645 -56.924455219662725 62.43223829234432
      vertex -92.86862915010153 -56.90076055415102 62.34380859678629
      vertex -92.83149050574845 -56.8971434655763 62.33030943844996
    endloop
  endfacet
  facet normal -1.3975702281912412e-14 -0.9659258262890627 -0.2588190451025418
    outer loop
      vertex -92.89134456098645 -56.924455219662725 62.43223829234432
      vertex -92.83149050574845 -56.8971434655763 62.33030943844996
      vertex -92.70168307805037 -56.90554008884681 62.36164606310752
    endloop
  endfacet
  facet normal 5.578646717743948e-15 -0.9659258262890617 -0.25881904510254533
    outer loop
      vertex -92.41175900022031 -57.12794770210735 63.191682575786
      vertex -85 -57.56094822251731 64.80766251765974
      vertex -88.39260047209024 -57.38950570268045 64.16783032305094
    endloop
  endfacet
  facet normal 2.0908623273111674e-14 -0.9659258262890498 -0.25881904510258985
    outer loop
      vertex -85 -57.56094822251731 64.80766251765974
      vertex -90.03706983286301 -57.20096331080174 63.464180537179004
      vertex -89.9424410829049 -57.18398934847124 63.40083284735586
    endloop
  endfacet
  facet normal 5.726635016521383e-15 -0.9659258262890602 -0.2588190451025508
    outer loop
      vertex -85 -57.56094822251731 64.80766251765974
      vertex -90.99741316471251 -57.316097415138486 63.893866864247684
      vertex -88.43366219190251 -57.40465980904397 64.2243862179429
    endloop
  endfacet
  facet normal 3.2006274171726117e-16 -0.965925826289069 -0.2588190451025179
    outer loop
      vertex -85 -57.56094822251731 64.80766251765974
      vertex -88.50947649821279 -57.43263959330423 64.328808194387
      vertex -90.99741316471251 -57.316097415138486 63.893866864247684
    endloop
  endfacet
  facet normal 1.1529632209254313e-14 -0.9659258262890412 -0.25881904510262177
    outer loop
      vertex -85 -57.56094822251731 64.80766251765974
      vertex -90.04933261417808 -57.42455955070963 64.29865306489663
      vertex -88.57072544180836 -57.455243931606276 64.41316873340172
    endloop
  endfacet
  facet normal -4.6887837909676254e-14 -0.9659258262891096 -0.25881904510236675
    outer loop
      vertex -85 -57.56094822251731 64.80766251765974
      vertex -89.9424410829049 -57.18398934847124 63.40083284735586
      vertex -88.18094885445348 -57.311394236810486 63.87631436377053
    endloop
  endfacet
  facet normal 4.510328047355939e-16 -0.9659258262890684 -0.25881904510252013
    outer loop
      vertex -85 -57.56094822251731 64.80766251765974
      vertex -88.61201080307777 -57.47048057436731 64.47003265832265
      vertex -90.04933261417808 -57.42455955070963 64.29865306489663
    endloop
  endfacet
  facet normal -4.815650483380578e-16 -0.9659258262890684 -0.25881904510252013
    outer loop
      vertex 30 -56.13744347445345 59.49507047306985
      vertex 37.377432583742035 -57.03370430780738 62.839961439980755
      vertex 30 -57.56094822251731 64.80766251765974
    endloop
  endfacet
  facet normal -2.3462814732162667e-14 -0.965925826289073 -0.258819045102503
    outer loop
      vertex 38.00735934134371 -57.29830974558269 63.8274823777172
      vertex 37.95572754966763 -57.32543458445583 63.928713654538875
      vertex 37.730634655534026 -57.29540461511432 63.81664028320665
    endloop
  endfacet
  facet normal -2.3596971709622905e-14 -0.9659258262890731 -0.25881904510250275
    outer loop
      vertex 37.730634655534026 -57.29540461511432 63.81664028320665
      vertex 37.95572754966763 -57.32543458445583 63.928713654538875
      vertex 37.868629150101526 -57.33613045533982 63.96863118810914
    endloop
  endfacet
  facet normal 1.127508775846627e-14 -0.9659258262890563 -0.25881904510256554
    outer loop
      vertex 38.26948628518954 -57.28971207706795 63.7953954419936
      vertex 38.4 -57.312282773962686 63.879630429566966
      vertex 38.10775943444031 -57.320933980072304 63.911917170314794
    endloop
  endfacet
  facet normal 9.909952419466438e-15 -0.9659258262890532 -0.2588190451025771
    outer loop
      vertex 38.4 -57.312282773962686 63.879630429566966
      vertex 38.1705906284692 -57.32613751912564 63.931337042441
      vertex 38.10775943444031 -57.320933980072304 63.911917170314794
    endloop
  endfacet
  facet normal 2.7036016492192305e-13 -0.9659258262893421 -0.2588190451014993
    outer loop
      vertex 38.4 -57.312282773962686 63.879630429566966
      vertex 38.19488220548884 -57.32543553660293 63.92871720800025
      vertex 38.1705906284692 -57.32613751912564 63.931337042441
    endloop
  endfacet
  facet normal -9.35708537516483e-15 -0.9659258262890498 -0.2588190451025895
    outer loop
      vertex 38.4 -57.312282773962686 63.879630429566966
      vertex 38.22780762477792 -57.33870503919412 63.97823966586171
      vertex 38.19488220548884 -57.32543553660293 63.92871720800025
    endloop
  endfacet
  facet normal 1.3015263594996888e-14 -0.9659258262890597 -0.25881904510255305
    outer loop
      vertex 38.4 -57.312282773962686 63.879630429566966
      vertex 38.381504177044164 -57.33455350665967 63.96274593551387
      vertex 38.22780762477792 -57.33870503919412 63.97823966586171
    endloop
  endfacet
  facet normal 2.977402624696343e-14 -0.9659258262891013 -0.25881904510239784
    outer loop
      vertex 38.381504177044164 -57.33455350665967 63.96274593551387
      vertex 38.34503913944392 -57.35193554071083 64.02761656973175
      vertex 38.22780762477792 -57.33870503919412 63.97823966586171
    endloop
  endfacet
  facet normal -3.087806776101907e-14 -0.965925826289077 -0.25881904510248815
    outer loop
      vertex 37.56477171301559 -57.21662600814708 63.522634519455416
      vertex 37.78294137950891 -57.206695680369165 63.48557403165239
      vertex 37.61428879348616 -57.250086738157655 63.647511663913235
    endloop
  endfacet
  facet normal -2.3648731804347886e-14 -0.9659258262890709 -0.25881904510251097
    outer loop
      vertex 37.6143593539449 -57.250365368394284 63.64855152611285
      vertex 37.85285543796174 -57.273842975576216 63.73617114895594
      vertex 37.730634655534026 -57.29540461511432 63.81664028320665
    endloop
  endfacet
  facet normal -2.315757598822377e-14 -0.9659258262890712 -0.2588190451025103
    outer loop
      vertex 37.730634655534026 -57.29540461511432 63.81664028320665
      vertex 37.85285543796174 -57.273842975576216 63.73617114895594
      vertex 38.00735934134371 -57.29830974558269 63.8274823777172
    endloop
  endfacet
  facet normal 1.6233001797587866e-13 -0.9659258262889926 -0.2588190451028033
    outer loop
      vertex 38.00735934134371 -57.29830974558269 63.8274823777172
      vertex 37.85285543796174 -57.273842975576216 63.73617114895594
      vertex 37.868629150101526 -57.27326627891411 63.73401888771241
    endloop
  endfacet
  facet normal -3.5782798563451665e-14 -0.9659258262890759 -0.258819045102493
    outer loop
      vertex 37.78294137950891 -57.206695680369165 63.48557403165239
      vertex 37.730634655534026 -57.245336793894154 63.62978463058871
      vertex 37.61428879348616 -57.250086738157655 63.647511663913235
    endloop
  endfacet
  facet normal -1.518343096275101e-14 -0.9659258262890652 -0.25881904510253245
    outer loop
      vertex 37.6143593539449 -57.250365368394284 63.64855152611285
      vertex 37.730634655534026 -57.245336793894154 63.62978463058871
      vertex 37.85285543796174 -57.273842975576216 63.73617114895594
    endloop
  endfacet
  facet normal 3.1980640181992874e-12 -0.9659258262940413 -0.25881904508396103
    outer loop
      vertex 37.6143593539449 -57.250365368394284 63.64855152611285
      vertex 37.71808520222321 -57.24584913874867 63.63169672761674
      vertex 37.730634655534026 -57.245336793894154 63.62978463058871
    endloop
  endfacet
  facet normal -1.1839718349071908e-13 -0.9659258262890574 -0.25881904510256165
    outer loop
      vertex 37.44331909054752 -57.10626470445639 63.11076052689223
      vertex 37.50175657014536 -57.12266417859401 63.17196419759118
      vertex 37.45065064692174 -57.14545683870018 63.25702756314706
    endloop
  endfacet
  facet normal 7.926788392421364e-14 -0.9659258262890871 -0.2588190451024509
    outer loop
      vertex 37.45065064692174 -57.14545683870018 63.25702756314706
      vertex 37.50175657014536 -57.12266417859401 63.17196419759118
      vertex 37.52179274798194 -57.12815004665885 63.19243773593281
    endloop
  endfacet
  facet normal -1.190712981713492e-14 -0.9659258262890533 -0.25881904510257686
    outer loop
      vertex 37.84088900845312 -57.12369489004161 63.175810865081594
      vertex 37.52179274798194 -57.15460638524968 63.29117413573601
      vertex 37.45065064692174 -57.14545683870018 63.25702756314706
    endloop
  endfacet
  facet normal -2.565925519578316e-15 -0.9659258262890644 -0.258819045102535
    outer loop
      vertex 37.84088900845312 -57.12369489004161 63.175810865081594
      vertex 37.45065064692174 -57.14545683870018 63.25702756314706
      vertex 37.52179274798194 -57.12815004665885 63.19243773593281
    endloop
  endfacet
  facet normal 4.193508326605291e-15 -0.9659258262890449 -0.2588190451026081
    outer loop
      vertex 37.45065064692174 -57.14545683870018 63.25702756314706
      vertex 37.52179274798194 -57.15460638524968 63.29117413573601
      vertex 37.510009719511835 -57.155254343140854 63.29359234750704
    endloop
  endfacet
  facet normal -2.043902843331559e-13 -0.9659258262891295 -0.2588190451022922
    outer loop
      vertex 37.45065064692174 -57.14545683870018 63.25702756314706
      vertex 37.510009719511835 -57.155254343140854 63.29359234750704
      vertex 37.45451867793749 -57.15048980928472 63.275810865081596
    endloop
  endfacet
  facet normal 4.408071795913941e-14 -0.9659258262890921 -0.2588190451024324
    outer loop
      vertex 37.84088900845312 -57.12369489004161 63.175810865081594
      vertex 37.57113462737837 -57.17834661374546 63.3797738746656
      vertex 37.52179274798194 -57.15460638524968 63.29117413573601
    endloop
  endfacet
  facet normal 1.0946270018546989e-14 -0.9659258262890438 -0.2588190451026123
    outer loop
      vertex 37.57113462737837 -57.17834661374546 63.3797738746656
      vertex 37.831971319003834 -57.19137544190731 63.428398123328705
      vertex 37.78294137950891 -57.206695680369165 63.48557403165239
    endloop
  endfacet
  facet normal -1.0291366722664513e-14 -0.9659258262890721 -0.258819045102506
    outer loop
      vertex 37.891344560986454 -57.16216504496182 63.31938343781886
      vertex 37.831971319003834 -57.19137544190731 63.428398123328705
      vertex 37.57113462737837 -57.17834661374546 63.3797738746656
    endloop
  endfacet
  facet normal -1.60105438722226e-15 -0.9659258262890691 -0.25881904510251763
    outer loop
      vertex 37.84088900845312 -57.12369489004161 63.175810865081594
      vertex 37.52179274798194 -57.12815004665885 63.19243773593281
      vertex 37.81001011928184 -57.10465471496959 63.104751964327804
    endloop
  endfacet
  facet normal -8.511312930790436e-15 -0.9659258262890745 -0.25881904510249726
    outer loop
      vertex 37.84088900845312 -57.12369489004161 63.175810865081594
      vertex 37.891344560986454 -57.16216504496182 63.31938343781886
      vertex 37.57113462737837 -57.17834661374546 63.3797738746656
    endloop
  endfacet
  facet normal -3.7134094510919835e-14 -0.965925826289068 -0.2588190451025225
    outer loop
      vertex 37.57113462737837 -57.17834661374546 63.3797738746656
      vertex 37.78294137950891 -57.206695680369165 63.48557403165239
      vertex 37.56477171301559 -57.21662600814708 63.522634519455416
    endloop
  endfacet
  facet normal 4.42925230414373e-14 -0.9659258262890538 -0.2588190451025748
    outer loop
      vertex 38.26948628518954 -57.28971207706795 63.7953954419936
      vertex 38.059142681558306 -57.29661127083905 63.821143583678555
      vertex 38.15201025174659 -57.278246505293 63.752605345591626
    endloop
  endfacet
  facet normal 8.737651263581745e-15 -0.9659258262890782 -0.25881904510248366
    outer loop
      vertex 38.26948628518954 -57.28971207706795 63.7953954419936
      vertex 38.15201025174659 -57.278246505293 63.752605345591626
      vertex 38.191305404186124 -57.27196672058457 63.729168869999185
    endloop
  endfacet
  facet normal 2.2735507003427745e-13 -0.9659258262890917 -0.25881904510243325
    outer loop
      vertex 37.406611296880726 -57.06941692423418 62.973242738956785
      vertex 37.43353525599403 -57.06763014644236 62.96657439345589
      vertex 37.413688221801905 -57.08315483379896 63.024513315442334
    endloop
  endfacet
  facet normal 4.3388690817873254e-14 -0.965925826289069 -0.2588190451025183
    outer loop
      vertex 37.557809281555464 -57.09927094237289 63.08465945146051
      vertex 37.6143593539449 -57.075723239666814 62.99677822855992
      vertex 37.679089525028715 -57.091862402297835 63.057010403490516
    endloop
  endfacet
  facet normal -6.173714436619805e-14 -0.9659258262890521 -0.25881904510258136
    outer loop
      vertex 37.557809281555464 -57.09927094237289 63.08465945146051
      vertex 37.57083855008898 -57.07850974142147 63.00717759468368
      vertex 37.6143593539449 -57.075723239666814 62.99677822855992
    endloop
  endfacet
  facet normal -8.18338827186122e-14 -0.965925826289074 -0.2588190451024996
    outer loop
      vertex 37.413688221801905 -56.98925786922225 62.67408507296556
      vertex 37.47741874197717 -57.02655858429364 62.813293236770626
      vertex 37.45451867793749 -57.04087599259732 62.86672653199269
    endloop
  endfacet
  facet normal 6.533885584062612e-14 -0.9659258262890661 -0.2588190451025287
    outer loop
      vertex 37.413688221801905 -56.98925786922225 62.67408507296556
      vertex 37.45451867793749 -57.04087599259732 62.86672653199269
      vertex 37.4 -57.04331013231227 62.87581086508159
    endloop
  endfacet
  facet normal 1.9557543516321876e-13 -0.9659258262890597 -0.258819045102553
    outer loop
      vertex 37.43353525599403 -57.06763014644236 62.96657439345589
      vertex 37.406611296880726 -57.06941692423418 62.973242738956785
      vertex 37.4 -57.04331013231227 62.87581086508159
    endloop
  endfacet
  facet normal 6.882105448505074e-14 -0.9659258262890714 -0.2588190451025093
    outer loop
      vertex 37.43353525599403 -57.06763014644236 62.96657439345589
      vertex 37.4 -57.04331013231227 62.87581086508159
      vertex 37.45451867793749 -57.04087599259732 62.86672653199269
    endloop
  endfacet
  facet normal -2.847270986693249e-14 -0.9659258262890698 -0.2588190451025149
    outer loop
      vertex 37.679089525028715 -57.091862402297835 63.057010403490516
      vertex 37.7553649427684 -57.08720303261913 63.03962139911833
      vertex 37.81001011928184 -57.10465471496959 63.104751964327804
    endloop
  endfacet
  facet normal -3.2460996091599555e-14 -0.9659258262890655 -0.25881904510253134
    outer loop
      vertex 37.730634655534026 -57.04791348416301 62.89299080807367
      vertex 37.7553649427684 -57.08720303261913 63.03962139911833
      vertex 37.679089525028715 -57.091862402297835 63.057010403490516
    endloop
  endfacet
  facet normal -1.1234378138805239e-14 -0.9659258262890632 -0.25881904510254
    outer loop
      vertex 37.8 -57.04331013231227 62.87581086508159
      vertex 37.730634655534026 -57.04791348416301 62.89299080807367
      vertex 37.79126841124122 -57.03064716684328 62.82855203457683
    endloop
  endfacet
  facet normal 1.697796105404867e-14 -0.9659258262890916 -0.25881904510243375
    outer loop
      vertex 37.8 -57.04331013231227 62.87581086508159
      vertex 37.79798617395937 -57.057174372719444 62.92755291468953
      vertex 37.730634655534026 -57.04791348416301 62.89299080807367
    endloop
  endfacet
  facet normal -1.0467901165533314e-14 -0.9659258262890512 -0.25881904510258447
    outer loop
      vertex 37.413688221801905 -56.98925786922225 62.67408507296556
      vertex 37.65469147120514 -56.99551898799308 62.697451886330505
      vertex 37.52179274798194 -57.005325038213535 62.73404856397481
    endloop
  endfacet
  facet normal 1.9945069249824363e-15 -0.9659258262890625 -0.25881904510254233
    outer loop
      vertex 37.65469147120514 -56.99551898799308 62.697451886330505
      vertex 37.6143593539449 -57.00458213494299 62.73127601122404
      vertex 37.52179274798194 -57.005325038213535 62.73404856397481
    endloop
  endfacet
  facet normal -7.720182661292345e-15 -0.9659258262890441 -0.258819045102611
    outer loop
      vertex 37.413688221801905 -56.98925786922225 62.67408507296556
      vertex 37.730634655534026 -56.98989820985253 62.67647485673189
      vertex 37.65469147120514 -56.99551898799308 62.697451886330505
    endloop
  endfacet
  facet normal -1.409842857439726e-14 -0.9659258262890646 -0.2588190451025339
    outer loop
      vertex 37.84088900845312 -56.96292537458294 62.57581086508159
      vertex 37.413688221801905 -56.98925786922225 62.67408507296556
      vertex 37.730634655534026 -56.95131789325689 62.53249115502489
    endloop
  endfacet
  facet normal 5.971743585856173e-15 -0.9659258262890866 -0.2588190451024525
    outer loop
      vertex 37.84088900845312 -56.96292537458294 62.57581086508159
      vertex 37.77847988922693 -56.98014765226405 62.640085280409586
      vertex 37.413688221801905 -56.98925786922225 62.67408507296556
    endloop
  endfacet
  facet normal -7.879749262640303e-15 -0.9659258262890493 -0.2588190451025912
    outer loop
      vertex 37.413688221801905 -56.98925786922225 62.67408507296556
      vertex 37.77847988922693 -56.98014765226405 62.640085280409586
      vertex 37.730634655534026 -56.98989820985253 62.67647485673189
    endloop
  endfacet
  facet normal -3.9277868740506606e-14 -0.9659258262890741 -0.25881904510249887
    outer loop
      vertex 37.48253447984269 -56.914769630110634 62.39609118003465
      vertex 37.587362616049376 -56.93623433892247 62.47619856389008
      vertex 37.45451867793749 -56.93613045533982 62.47581086508159
    endloop
  endfacet
  facet normal -3.4950675021461905e-14 -0.9659258262890728 -0.25881904510250425
    outer loop
      vertex 37.48253447984269 -56.914769630110634 62.39609118003465
      vertex 37.52179274798194 -56.91889826189031 62.41149944360215
      vertex 37.587362616049376 -56.93623433892247 62.47619856389008
    endloop
  endfacet
  facet normal 7.863795912592435e-14 -0.9659258262890439 -0.2588190451026115
    outer loop
      vertex 37.587362616049376 -56.93623433892247 62.47619856389008
      vertex 37.52179274798194 -56.91889826189031 62.41149944360215
      vertex 37.52902566766374 -56.913398381150614 62.39097360924604
    endloop
  endfacet
  facet normal -3.920263526176708e-14 -0.9659258262890681 -0.25881904510252196
    outer loop
      vertex 37.587362616049376 -56.93623433892247 62.47619856389008
      vertex 37.413688221801905 -56.98925786922225 62.67408507296556
      vertex 37.45451867793749 -56.93613045533982 62.47581086508159
    endloop
  endfacet
  facet normal 3.3001428376323223e-14 -0.9659258262890837 -0.2588190451024628
    outer loop
      vertex 37.587362616049376 -56.93623433892247 62.47619856389008
      vertex 37.6143593539449 -56.95278526802569 62.537967472215804
      vertex 37.413688221801905 -56.98925786922225 62.67408507296556
    endloop
  endfacet
  facet normal -8.175454915080405e-14 -0.9659258262890414 -0.2588190451026205
    outer loop
      vertex 37.413688221801905 -56.98925786922225 62.67408507296556
      vertex 37.6143593539449 -56.95278526802569 62.537967472215804
      vertex 37.644114801514334 -56.95375367026097 62.54158159856002
    endloop
  endfacet
  facet normal 3.529237845604148e-14 -0.9659258262890924 -0.25881904510243076
    outer loop
      vertex 37.730634655534026 -56.95131789325689 62.53249115502489
      vertex 37.413688221801905 -56.98925786922225 62.67408507296556
      vertex 37.644114801514334 -56.95375367026097 62.54158159856002
    endloop
  endfacet
  facet normal -1.2812268962297058e-14 -0.965925826289064 -0.258819045102537
    outer loop
      vertex 37.891344560986454 -56.924455219662725 62.43223829234432
      vertex 37.84088900845312 -56.96292537458294 62.57581086508159
      vertex 37.730634655534026 -56.95131789325689 62.53249115502489
    endloop
  endfacet
  facet normal -4.8739090805612274e-14 -0.9659258262892215 -0.25881904510194886
    outer loop
      vertex 37.891344560986454 -56.924455219662725 62.43223829234432
      vertex 37.63560419353679 -56.920146849147514 62.41615923468373
      vertex 37.6143593539449 -56.917953868797255 62.40797492059655
    endloop
  endfacet
  facet normal -9.456688568310156e-15 -0.9659258262890652 -0.25881904510253195
    outer loop
      vertex 37.891344560986454 -56.924455219662725 62.43223829234432
      vertex 37.730634655534026 -56.95131789325689 62.53249115502489
      vertex 37.63560419353679 -56.920146849147514 62.41615923468373
    endloop
  endfacet
  facet normal -5.383890549671384e-14 -0.9659258262890706 -0.2588190451025115
    outer loop
      vertex 37.413688221801905 -56.98925786922225 62.67408507296556
      vertex 37.52179274798194 -57.005325038213535 62.73404856397481
      vertex 37.47741874197717 -57.02655858429364 62.813293236770626
    endloop
  endfacet
  facet normal 5.499290044340229e-15 -0.9659258262890918 -0.258819045102433
    outer loop
      vertex 37.55625559481488 -57.02092434088419 62.79226595410437
      vertex 37.52179274798194 -57.005325038213535 62.73404856397481
      vertex 37.6143593539449 -57.00458213494299 62.73127601122404
    endloop
  endfacet
  facet normal -1.1964178171600932e-13 -0.9659258262890843 -0.2588190451024608
    outer loop
      vertex 37.44331909054752 -57.10626470445639 63.11076052689223
      vertex 37.45451867793749 -57.09246624524778 63.05926397605949
      vertex 37.47564763863435 -57.10428987873697 63.103390376971234
    endloop
  endfacet
  facet normal -1.396649414316111e-13 -0.9659258262890624 -0.2588190451025428
    outer loop
      vertex 37.44331909054752 -57.10626470445639 63.11076052689223
      vertex 37.47564763863435 -57.10428987873697 63.103390376971234
      vertex 37.50175657014536 -57.12266417859401 63.17196419759118
    endloop
  endfacet
  facet normal 5.205266723805766e-14 -0.9659258262890784 -0.25881904510248277
    outer loop
      vertex 37.679089525028715 -57.091862402297835 63.057010403490516
      vertex 37.52179274798194 -57.12815004665885 63.19243773593281
      vertex 37.557809281555464 -57.09927094237289 63.08465945146051
    endloop
  endfacet
  facet normal -1.3335633821812042e-14 -0.9659258262890593 -0.25881904510255366
    outer loop
      vertex 37.679089525028715 -57.091862402297835 63.057010403490516
      vertex 37.81001011928184 -57.10465471496959 63.104751964327804
      vertex 37.52179274798194 -57.12815004665885 63.19243773593281
    endloop
  endfacet
  facet normal 5.252396882149602e-14 -0.9659258262890706 -0.25881904510251214
    outer loop
      vertex 38.26948628518954 -57.28971207706795 63.7953954419936
      vertex 38.10775943444031 -57.320933980072304 63.911917170314794
      vertex 38.059142681558306 -57.29661127083905 63.821143583678555
    endloop
  endfacet
  facet normal -9.799483241980514e-15 -0.9659258262890739 -0.25881904510250003
    outer loop
      vertex 30 -56.13744347445345 59.49507047306985
      vertex 37.430370532280264 -56.934455772887134 62.4695608650816
      vertex 37.38890210026756 -56.98841330261147 62.670933107463746
    endloop
  endfacet
  facet normal 5.005882793528127e-15 -0.9659258262890656 -0.2588190451025303
    outer loop
      vertex 30 -56.13744347445345 59.49507047306985
      vertex 37.38890210026756 -56.98841330261147 62.670933107463746
      vertex 37.377432583742035 -57.03370430780738 62.839961439980755
    endloop
  endfacet
  facet normal 1.6253364080266067e-14 -0.9659258262890489 -0.2588190451025926
    outer loop
      vertex 30 -56.13744347445345 59.49507047306985
      vertex 38.71840297566441 -56.62990491899532 61.33296160486888
      vertex 38.579419051708406 -56.63706013231228 61.359665224506735
    endloop
  endfacet
  facet normal 1.6870688864934413e-13 -0.9659258262890708 -0.25881904510251125
    outer loop
      vertex 37.591397130151634 -56.89454116012725 62.32059750229726
      vertex 37.6143593539449 -56.85535768090835 62.17436276703502
      vertex 37.61931528327216 -56.85582494701766 62.17610662789563
    endloop
  endfacet
  facet normal 2.2440756593524925e-14 -0.9659258262890639 -0.2588190451025376
    outer loop
      vertex 37.591397130151634 -56.89454116012725 62.32059750229726
      vertex 37.61931528327216 -56.85582494701766 62.17610662789563
      vertex 37.730634655534026 -56.89439184296512 62.320040243061776
    endloop
  endfacet
  facet normal 2.2422594879225976e-14 -0.9659258262890624 -0.25881904510254283
    outer loop
      vertex 37.891344560986454 -56.924455219662725 62.43223829234432
      vertex 37.591397130151634 -56.89454116012725 62.32059750229726
      vertex 37.730634655534026 -56.89439184296512 62.320040243061776
    endloop
  endfacet
  facet normal 5.860459785335922e-14 -0.9659258262889927 -0.2588190451028027
    outer loop
      vertex 37.755603013572156 -56.88981108996511 62.30294464012883
      vertex 37.868629150101526 -56.90076055415102 62.34380859678629
      vertex 37.730634655534026 -56.89439184296512 62.320040243061776
    endloop
  endfacet
  facet normal -1.837043112124105e-15 -0.9659258262890629 -0.2588190451025406
    outer loop
      vertex 38.151471862576145 -56.82369489004161 62.05619562281093
      vertex 38.08290907008011 -56.843929591008184 62.13171255489415
      vertex 38.0710043876808 -56.81692054063739 62.03091340664617
    endloop
  endfacet
  facet normal -7.670827442133034e-15 -0.9659258262890831 -0.2588190451024655
    outer loop
      vertex 38.4 -56.77433749066186 61.87199130059622
      vertex 38.322448372359 -56.78774906417901 61.9220439743717
      vertex 38.23388827233506 -56.761742780498544 61.82498720236013
    endloop
  endfacet
  facet normal -1.5573975616712792e-14 -0.9659258262890761 -0.2588190451024919
    outer loop
      vertex 38.34727272293301 -56.71945422868214 61.6671641784028
      vertex 38.59977406930079 -56.74169904645074 61.75018296852033
      vertex 38.437733927173426 -56.737342440180676 61.73392389257188
    endloop
  endfacet
  facet normal 7.606246642943979e-15 -0.9659258262890584 -0.2588190451025576
    outer loop
      vertex 38.68941714587697 -56.743310132312274 61.75619562281093
      vertex 38.59977406930079 -56.74169904645074 61.75018296852033
      vertex 38.34727272293301 -56.71945422868214 61.6671641784028
    endloop
  endfacet
  facet normal -1.8770442307449855e-14 -0.965925826289084 -0.2588190451024623
    outer loop
      vertex 38.54077988116189 -56.75636899023907 61.80493194408256
      vertex 38.437733927173426 -56.737342440180676 61.73392389257188
      vertex 38.59977406930079 -56.74169904645074 61.75018296852033
    endloop
  endfacet
  facet normal 1.9756046954102205e-14 -0.9659258262890589 -0.25881904510255604
    outer loop
      vertex 38.4 -56.77433749066186 61.87199130059622
      vertex 38.23388827233506 -56.761742780498544 61.82498720236013
      vertex 38.279174787813126 -56.75132415934587 61.786104378873546
    endloop
  endfacet
  facet normal 1.552869145887027e-14 -0.9659258262890491 -0.2588190451025922
    outer loop
      vertex 38.151471862576145 -56.82369489004161 62.05619562281093
      vertex 38.0710043876808 -56.81692054063739 62.03091340664617
      vertex 38.11962460746283 -56.81203096139106 62.01266524847124
    endloop
  endfacet
  facet normal 1.2029528772182048e-13 -0.9659258262888754 -0.2588190451032412
    outer loop
      vertex 38.318292097475506 -56.6998815187027 61.59411783031773
      vertex 38.414843259372226 -56.70228377861092 61.603083186348194
      vertex 38.46082832248989 -56.706411702623015 61.618488808491094
    endloop
  endfacet
  facet normal 5.083951424646364e-13 -0.9659258262885607 -0.258819045104415
    outer loop
      vertex 38.270773597120915 -56.675646725066876 61.50367234915788
      vertex 38.42796212031615 -56.68587543863875 61.541846427904204
      vertex 38.40372709654878 -56.68525859639405 61.53954434130669
    endloop
  endfacet
  facet normal 8.89668416210308e-15 -0.9659258262890749 -0.2588190451024961
    outer loop
      vertex 38.270773597120915 -56.675646725066876 61.50367234915788
      vertex 38.38770650821586 -56.66072194288134 61.44797230374955
      vertex 38.42796212031615 -56.68587543863875 61.541846427904204
    endloop
  endfacet
  facet normal -3.3414461450078504e-14 -0.9659258262891 -0.2588190451024024
    outer loop
      vertex 38.318292097475506 -56.6998815187027 61.59411783031773
      vertex 38.46082832248989 -56.706411702623015 61.618488808491094
      vertex 38.71611531155098 -56.72678017865112 61.69450499590073
    endloop
  endfacet
  facet normal -9.843738828701511e-15 -0.9659258262890766 -0.25881904510248954
    outer loop
      vertex 38.34727272293301 -56.71945422868214 61.6671641784028
      vertex 38.318292097475506 -56.6998815187027 61.59411783031773
      vertex 38.71611531155098 -56.72678017865112 61.69450499590073
    endloop
  endfacet
  facet normal 2.2721136630644216e-15 -0.965925826289076 -0.2588190451024923
    outer loop
      vertex 37.891344560986454 -56.924455219662725 62.43223829234432
      vertex 37.6143593539449 -56.917953868797255 62.40797492059655
      vertex 37.591397130151634 -56.89454116012725 62.32059750229726
    endloop
  endfacet
  facet normal 6.752509750225829e-15 -0.9659258262890681 -0.2588190451025219
    outer loop
      vertex 37.891344560986454 -56.924455219662725 62.43223829234432
      vertex 37.730634655534026 -56.89439184296512 62.320040243061776
      vertex 37.868629150101526 -56.90076055415102 62.34380859678629
    endloop
  endfacet
  facet normal 5.570832386642692e-14 -0.9659258262890315 -0.2588190451026581
    outer loop
      vertex 39.08984254896541 -57.355959916455994 64.04263574448139
      vertex 39.09307085010474 -57.35231414217081 64.02902952961617
      vertex 39.15663143066406 -57.351235907063355 64.02500550141265
    endloop
  endfacet
  facet normal -2.068977710912493e-13 -0.965925826289661 -0.25881904510030895
    outer loop
      vertex 39.3293842071216 -57.361470844742776 64.06320280884452
      vertex 39.244486371413814 -57.36042261984966 64.05929078028568
      vertex 39.08984254896541 -57.355959916455994 64.04263574448139
    endloop
  endfacet
  facet normal 2.5329422851126037e-12 -0.9659258262833003 -0.25881904512404724
    outer loop
      vertex 39.08984254896541 -57.355959916455994 64.04263574448139
      vertex 39.244486371413814 -57.36042261984966 64.05929078028568
      vertex 39.16008879753636 -57.35803283388856 64.05037197765961
    endloop
  endfacet
  facet normal 4.7383173128126535e-14 -0.9659258262889205 -0.25881904510307213
    outer loop
      vertex 39.3293842071216 -57.361470844742776 64.06320280884452
      vertex 39.08984254896541 -57.355959916455994 64.04263574448139
      vertex 39.23587570749751 -57.35621498361449 64.04358766807627
    endloop
  endfacet
  facet normal 4.216317657569862e-14 -0.965925826289128 -0.2588190451022982
    outer loop
      vertex 39.3293842071216 -57.361470844742776 64.06320280884452
      vertex 39.40236886034873 -57.360106488917225 64.05811096358397
      vertex 39.56994408285463 -57.36103723476079 64.06158455436113
    endloop
  endfacet
  facet normal 4.4760051940336613e-14 -0.9659258262890211 -0.2588190451026967
    outer loop
      vertex 39.08984254896541 -57.355959916455994 64.04263574448139
      vertex 39.15663143066406 -57.351235907063355 64.02500550141265
      vertex 39.23587570749751 -57.35621498361449 64.04358766807627
    endloop
  endfacet
  facet normal 3.692871623675075e-14 -0.9659258262891911 -0.2588190451020626
    outer loop
      vertex 39.50606560384395 -57.35952241564679 64.05593117246339
      vertex 39.56994408285463 -57.36103723476079 64.06158455436113
      vertex 39.40236886034873 -57.360106488917225 64.05811096358397
    endloop
  endfacet
  facet normal -4.165961300264491e-13 -0.9659258262903443 -0.2588190450977586
    outer loop
      vertex 39.3293842071216 -57.361470844742776 64.06320280884452
      vertex 39.7302993006094 -57.37069435244621 64.09762540821777
      vertex 39.4028626491761 -57.363605585135986 64.07116976845299
    endloop
  endfacet
  facet normal 3.185880937741626e-13 -0.9659258262880698 -0.258819045106247
    outer loop
      vertex 39.7302993006094 -57.37069435244621 64.09762540821777
      vertex 39.51678534193995 -57.3662205844896 64.08092907890241
      vertex 39.4028626491761 -57.363605585135986 64.07116976845299
    endloop
  endfacet
  facet normal 3.9185073083280776e-14 -0.9659258262890172 -0.2588190451027113
    outer loop
      vertex 39.3293842071216 -57.361470844742776 64.06320280884452
      vertex 39.56994408285463 -57.36103723476079 64.06158455436113
      vertex 39.7302993006094 -57.37069435244621 64.09762540821777
    endloop
  endfacet
  facet normal -5.5821981910569716e-14 -0.9659258262892666 -0.25881904510178105
    outer loop
      vertex 39.7302993006094 -57.37069435244621 64.09762540821777
      vertex 39.57447740277945 -57.36798033185224 64.08749654546828
      vertex 39.51678534193995 -57.3662205844896 64.08092907890241
    endloop
  endfacet
  facet normal 6.820316358975878e-14 -0.9659258262890439 -0.258819045102612
    outer loop
      vertex 39.45922011883811 -57.330251274385475 63.946689786080626
      vertex 39.55147011593116 -57.332743060040954 63.95598925674847
      vertex 39.4685464110378 -57.33607875629515 63.96843824464772
    endloop
  endfacet
  facet normal 5.207718959843656e-14 -0.9659258262890839 -0.25881904510246273
    outer loop
      vertex 39.45922011883811 -57.330251274385475 63.946689786080626
      vertex 39.6 -57.312282773962686 63.879630429566966
      vertex 39.55147011593116 -57.332743060040954 63.95598925674847
    endloop
  endfacet
  facet normal -1.6835134894232883e-14 -0.9659258262890532 -0.2588190451025773
    outer loop
      vertex 39.73051371481046 -57.28971207706795 63.7953954419936
      vertex 39.88353639905762 -57.32067631037379 63.910955533908364
      vertex 39.696892487125716 -57.315151085126104 63.89033511256075
    endloop
  endfacet
  facet normal -3.761470030225607e-14 -0.9659258262890601 -0.25881904510255155
    outer loop
      vertex 39.73051371481046 -57.28971207706795 63.7953954419936
      vertex 39.91312862619051 -57.308606547924995 63.86591056721417
      vertex 39.88353639905762 -57.32067631037379 63.910955533908364
    endloop
  endfacet
  facet normal -2.1771281700809843e-14 -0.9659258262890643 -0.2588190451025356
    outer loop
      vertex 39.696892487125716 -57.315151085126104 63.89033511256075
      vertex 39.88353639905762 -57.32067631037379 63.910955533908364
      vertex 39.77219237522208 -57.33870503919412 63.97823966586171
    endloop
  endfacet
  facet normal 3.194556375020113e-14 -0.9659258262890561 -0.25881904510256604
    outer loop
      vertex 40.131370849898474 -57.33613045533983 63.96863118810914
      vertex 40.00699532596692 -57.32433106864022 63.92459527744805
      vertex 39.965151284710565 -57.29740810410549 63.82411740591409
    endloop
  endfacet
  facet normal -1.677692444786235e-14 -0.9659258262890702 -0.25881904510251375
    outer loop
      vertex 40.131370849898474 -57.33613045533983 63.96863118810914
      vertex 39.965151284710565 -57.29740810410549 63.82411740591409
      vertex 40.10038316644949 -57.28697050319164 63.78516374899445
    endloop
  endfacet
  facet normal 8.920136978535509e-16 -0.9659258262890684 -0.2588190451025198
    outer loop
      vertex 41.59386843214018 -57.38791074554217 64.16187786197499
      vertex 40.11684791534312 -57.34801460838674 64.01298345108518
      vertex 40.14904851942814 -57.34070577288713 63.98570650565645
    endloop
  endfacet
  facet normal 4.5685693272405576e-15 -0.9659258262890595 -0.2588190451025539
    outer loop
      vertex 41.59386843214018 -57.38791074554217 64.16187786197499
      vertex 40.93327259818036 -57.38395257022993 64.14710575060442
      vertex 40.11684791534312 -57.34801460838674 64.01298345108518
    endloop
  endfacet
  facet normal 9.402114909553138e-16 -0.9659258262890684 -0.2588190451025202
    outer loop
      vertex 40.28919917797326 -57.2993435914081 63.83134074286485
      vertex 41.59386843214018 -57.38791074554217 64.16187786197499
      vertex 40.14904851942814 -57.34070577288713 63.98570650565645
    endloop
  endfacet
  facet normal -5.055347251735305e-14 -0.9659258262890665 -0.2588190451025271
    outer loop
      vertex 39.73051371481046 -57.28971207706795 63.7953954419936
      vertex 39.885097640036776 -57.279493791455565 63.757260280921884
      vertex 39.940857318441694 -57.29661127083905 63.821143583678555
    endloop
  endfacet
  facet normal -5.2118399882839755e-14 -0.965925826289065 -0.25881904510253295
    outer loop
      vertex 39.73051371481046 -57.28971207706795 63.7953954419936
      vertex 39.800638226798135 -57.27379534080874 63.735993373583526
      vertex 39.885097640036776 -57.279493791455565 63.757260280921884
    endloop
  endfacet
  facet normal -6.123347319783573e-14 -0.9659258262890315 -0.2588190451026577
    outer loop
      vertex 39.965151284710565 -57.29740810410549 63.82411740591409
      vertex 40.07845941368911 -57.28123791001709 63.763769420007925
      vertex 40.10038316644949 -57.28697050319164 63.78516374899445
    endloop
  endfacet
  facet normal -7.225794152715073e-14 -0.9659258262890205 -0.2588190451026989
    outer loop
      vertex 40.131370849898474 -57.27326627891411 63.73401888771241
      vertex 40.10038316644949 -57.28697050319164 63.78516374899445
      vertex 40.10287225568305 -57.27222435270085 63.73013036614682
    endloop
  endfacet
  facet normal 1.845375997825228e-15 -0.9659258262890781 -0.2588190451024842
    outer loop
      vertex 40.18930974455146 -57.20543264762048 63.4808603292627
      vertex 40.43297531845426 -57.21652346082079 63.5222518076235
      vertex 40.25655368735077 -57.24481374428887 63.62783258288692
    endloop
  endfacet
  facet normal -2.4677559593742483e-14 -0.9659258262890511 -0.25881904510258485
    outer loop
      vertex 40.18930974455146 -57.20543264762048 63.4808603292627
      vertex 40.131370849898474 -57.18963463024139 63.4219013257451
      vertex 40.414705368197595 -57.17763104854428 63.37710334897864
    endloop
  endfacet
  facet normal -6.9806899422328584e-15 -0.9659258262890791 -0.2588190451024804
    outer loop
      vertex 40.108655439013546 -57.16216504496182 63.31938343781886
      vertex 40.414705368197595 -57.17763104854428 63.37710334897864
      vertex 40.131370849898474 -57.18963463024139 63.4219013257451
    endloop
  endfacet
  facet normal 5.650629277433933e-15 -0.9659258262890624 -0.2588190451025429
    outer loop
      vertex 40.15911099154688 -57.123694890041605 63.175810865081594
      vertex 40.414705368197595 -57.17763104854428 63.37710334897864
      vertex 40.108655439013546 -57.16216504496182 63.31938343781886
    endloop
  endfacet
  facet normal -7.4720997400115e-15 -0.9659258262890741 -0.25881904510249876
    outer loop
      vertex 40.43297531845426 -57.21652346082079 63.5222518076235
      vertex 40.3856406460551 -57.25008385745146 63.64750091297133
      vertex 40.25655368735077 -57.24481374428887 63.62783258288692
    endloop
  endfacet
  facet normal -1.0890644045981504e-14 -0.9659258262890595 -0.25881904510255355
    outer loop
      vertex 40.15911099154688 -57.123694890041605 63.175810865081594
      vertex 40.54934935307826 -57.14545683870018 63.25702756314706
      vertex 40.46609140503746 -57.15394010423159 63.28868754112438
    endloop
  endfacet
  facet normal -1.666038315269559e-14 -0.9659258262890625 -0.2588190451025423
    outer loop
      vertex 40.15911099154688 -57.123694890041605 63.175810865081594
      vertex 40.4078954202466 -57.097175975510936 63.07684092869155
      vertex 40.45928145708646 -57.12704887587456 63.188328110618016
    endloop
  endfacet
  facet normal -2.0252483565243268e-14 -0.9659258262890708 -0.2588190451025116
    outer loop
      vertex 40.15911099154688 -57.123694890041605 63.175810865081594
      vertex 40.47820725201806 -57.12815004665885 63.19243773593281
      vertex 40.54934935307826 -57.14545683870018 63.25702756314706
    endloop
  endfacet
  facet normal -9.141416538509758e-15 -0.9659258262890175 -0.2588190451027103
    outer loop
      vertex 40.15911099154688 -57.123694890041605 63.175810865081594
      vertex 40.45928145708646 -57.12704887587456 63.188328110618016
      vertex 40.47820725201806 -57.12815004665885 63.19243773593281
    endloop
  endfacet
  facet normal 2.3609323973947666e-13 -0.965925826289059 -0.2588190451025551
    outer loop
      vertex 40.53392978662416 -57.104874926530506 63.10557380506156
      vertex 40.55647025031255 -57.106251836105905 63.110712501554396
      vertex 40.54934935307826 -57.14545683870018 63.25702756314706
    endloop
  endfacet
  facet normal 3.855417095545736e-16 -0.9659258262890651 -0.25881904510253273
    outer loop
      vertex 40.53392978662416 -57.104874926530506 63.10557380506156
      vertex 40.54934935307826 -57.14545683870018 63.25702756314706
      vertex 40.47820725201806 -57.12815004665885 63.19243773593281
    endloop
  endfacet
  facet normal -3.3265886375442194e-14 -0.9659258262890749 -0.2588190451024968
    outer loop
      vertex 40.15911099154688 -57.123694890041605 63.175810865081594
      vertex 40.46609140503746 -57.15394010423159 63.28868754112438
      vertex 40.414705368197595 -57.17763104854428 63.37710334897864
    endloop
  endfacet
  facet normal -1.4344889522611883e-13 -0.9659258262889724 -0.2588190451028789
    outer loop
      vertex 40.54934935307826 -57.14545683870018 63.25702756314706
      vertex 40.47820725201806 -57.15460638524968 63.29117413573601
      vertex 40.46609140503746 -57.15394010423159 63.28868754112438
    endloop
  endfacet
  facet normal 1.532792155835812e-13 -0.9659258262891269 -0.258819045102302
    outer loop
      vertex 40.54934935307826 -57.14545683870018 63.25702756314706
      vertex 40.54548132206251 -57.15048980928472 63.275810865081596
      vertex 40.47820725201806 -57.15460638524968 63.29117413573601
    endloop
  endfacet
  facet normal 4.4261402944705576e-14 -0.965925826289053 -0.2588190451025778
    outer loop
      vertex 40.588240999779686 -57.12794770210735 63.191682575786
      vertex 40.83029017997979 -57.18198455027071 63.39335083861255
      vertex 40.569629467719736 -57.152164491737416 63.28206086508159
    endloop
  endfacet
  facet normal 8.078772256209685e-15 -0.9659258262890689 -0.25881904510251846
    outer loop
      vertex 40.18930974455146 -57.20543264762048 63.4808603292627
      vertex 40.414705368197595 -57.17763104854428 63.37710334897864
      vertex 40.43297531845426 -57.21652346082079 63.5222518076235
    endloop
  endfacet
  facet normal 3.3861179787899906e-15 -0.965925826289071 -0.2588190451025104
    outer loop
      vertex 40.569629467719736 -57.152164491737416 63.28206086508159
      vertex 40.7945172706442 -57.232979598598426 63.583666949906004
      vertex 40.50130424033084 -57.20425949319186 63.47648205732997
    endloop
  endfacet
  facet normal 1.9437770422866895e-14 -0.9659258262890679 -0.25881904510252174
    outer loop
      vertex 40.569629467719736 -57.152164491737416 63.28206086508159
      vertex 40.80981298677311 -57.19759751565191 63.45161921867198
      vertex 40.7945172706442 -57.232979598598426 63.583666949906004
    endloop
  endfacet
  facet normal -2.1410546760523926e-14 -0.9659258262890655 -0.25881904510253084
    outer loop
      vertex 40.189733833648575 -57.083849329629786 63.02710520916862
      vertex 40.33548280195471 -57.05230129370451 62.90936633621647
      vertex 40.3856406460551 -57.075723239666814 62.99677822855992
    endloop
  endfacet
  facet normal -1.015587870433695e-14 -0.9659258262890839 -0.25881904510246306
    outer loop
      vertex 40.189733833648575 -57.083849329629786 63.02710520916862
      vertex 40.3856406460551 -57.075723239666814 62.99677822855992
      vertex 40.4078954202466 -57.097175975510936 63.07684092869155
    endloop
  endfacet
  facet normal 1.489076586315258e-13 -0.9659258262890646 -0.25881904510253456
    outer loop
      vertex 40.189733833648575 -57.00277093499476 62.72451652099457
      vertex 40.23236291218656 -57.005817512783665 62.73588650409201
      vertex 40.2 -57.04331013231227 62.87581086508159
    endloop
  endfacet
  facet normal 1.2033936610558795e-13 -0.965925826289063 -0.2588190451025407
    outer loop
      vertex 40.2 -57.04331013231227 62.87581086508159
      vertex 40.23236291218656 -57.005817512783665 62.73588650409201
      vertex 40.205619250340774 -57.04368304744237 62.87720260329404
    endloop
  endfacet
  facet normal -1.0945521779115513e-14 -0.9659258262890688 -0.2588190451025188
    outer loop
      vertex 40.189733833648575 -57.083849329629786 63.02710520916862
      vertex 40.205619250340774 -57.04368304744237 62.87720260329404
      vertex 40.33548280195471 -57.05230129370451 62.90936633621647
    endloop
  endfacet
  facet normal 9.757612734785472e-14 -0.9659258262891127 -0.2588190451023549
    outer loop
      vertex 40.189733833648575 -57.00277093499476 62.72451652099457
      vertex 40.269365344465974 -56.98989820985253 62.67647485673189
      vertex 40.23236291218656 -57.005817512783665 62.73588650409201
    endloop
  endfacet
  facet normal -2.886190227440713e-14 -0.965925826289073 -0.25881904510250286
    outer loop
      vertex 40.269365344465974 -56.98989820985253 62.67647485673189
      vertex 40.3856406460551 -57.00458213494299 62.73127601122404
      vertex 40.32301548441549 -57.003070156350866 62.72563323029827
    endloop
  endfacet
  facet normal 1.2586462946180437e-15 -0.9659258262890729 -0.25881904510250386
    outer loop
      vertex 40.15911099154688 -56.96292537458294 62.57581086508159
      vertex 40.269365344465974 -56.98989820985253 62.67647485673189
      vertex 40.189733833648575 -57.00277093499476 62.72451652099457
    endloop
  endfacet
  facet normal -5.207594878727238e-14 -0.9659258262890874 -0.25881904510244946
    outer loop
      vertex 40.15911099154688 -56.96292537458294 62.57581086508159
      vertex 40.42750473279487 -57.0015684528945 62.72002879670121
      vertex 40.269365344465974 -56.98989820985253 62.67647485673189
    endloop
  endfacet
  facet normal -1.6718897697961399e-15 -0.9659258262890621 -0.2588190451025438
    outer loop
      vertex 40.15911099154688 -56.96292537458294 62.57581086508159
      vertex 40.17681820480075 -56.92995303098543 62.45275640353109
      vertex 40.3856406460551 -56.9467960444504 62.51561538553492
    endloop
  endfacet
  facet normal -8.328494974813324e-15 -0.9659258262890676 -0.2588190451025231
    outer loop
      vertex 40.40060312919962 -56.895338982323516 62.32357501526916
      vertex 40.3856406460551 -56.9467960444504 62.51561538553492
      vertex 40.17681820480075 -56.92995303098543 62.45275640353109
    endloop
  endfacet
  facet normal -3.593458212766531e-15 -0.9659258262890603 -0.25881904510255055
    outer loop
      vertex 40.15911099154688 -56.96292537458294 62.57581086508159
      vertex 40.3856406460551 -56.9467960444504 62.51561538553492
      vertex 40.418514934064234 -56.966069395884226 62.587544512318075
    endloop
  endfacet
  facet normal -7.981263509266554e-15 -0.9659258262890738 -0.25881904510250037
    outer loop
      vertex 40.56782238566847 -57.06772024478049 62.96691064503144
      vertex 40.593388703119274 -57.06941692423418 62.973242738956785
      vertex 40.58143253771367 -57.0780951747099 63.00563041065298
    endloop
  endfacet
  facet normal 4.3427226356471546e-13 -0.9659258262891145 -0.258819045102348
    outer loop
      vertex 40.593388703119274 -57.06941692423418 62.973242738956785
      vertex 40.586311778198095 -57.08315483379896 63.024513315442334
      vertex 40.58143253771367 -57.0780951747099 63.00563041065298
    endloop
  endfacet
  facet normal -6.626128533056574e-14 -0.9659258262890674 -0.2588190451025235
    outer loop
      vertex 40.586311778198095 -57.03111322150141 62.83029137424006
      vertex 40.6 -57.04331013231227 62.87581086508159
      vertex 40.54548132206251 -57.04087599259732 62.86672653199269
    endloop
  endfacet
  facet normal 3.8708895023161016e-14 -0.9659258262890784 -0.2588190451024832
    outer loop
      vertex 40.586311778198095 -56.98925786922226 62.67408507296556
      vertex 40.56922557218884 -57.02989211943892 62.82573415930163
      vertex 40.51394053441627 -57.0259410565984 62.8109885920369
    endloop
  endfacet
  facet normal 2.9099560388373144e-14 -0.9659258262890875 -0.2588190451024494
    outer loop
      vertex 40.51394053441627 -57.0259410565984 62.8109885920369
      vertex 40.56922557218884 -57.02989211943892 62.82573415930163
      vertex 40.54548132206251 -57.04087599259732 62.86672653199269
    endloop
  endfacet
  facet normal -2.1515378144909026e-14 -0.9659258262890801 -0.2588190451024767
    outer loop
      vertex 40.586311778198095 -57.03111322150141 62.83029137424006
      vertex 40.54548132206251 -57.04087599259732 62.86672653199269
      vertex 40.56922557218884 -57.02989211943892 62.82573415930163
    endloop
  endfacet
  facet normal 2.6565613124899445e-15 -0.965925826289063 -0.25881904510254045
    outer loop
      vertex 40.56782238566847 -57.06772024478049 62.96691064503144
      vertex 40.6 -57.04331013231227 62.87581086508159
      vertex 40.593388703119274 -57.06941692423418 62.973242738956785
    endloop
  endfacet
  facet normal -5.958218914890863e-14 -0.9659258262890575 -0.258819045102561
    outer loop
      vertex 40.56782238566847 -57.06772024478049 62.96691064503144
      vertex 40.54548132206251 -57.04087599259732 62.86672653199269
      vertex 40.6 -57.04331013231227 62.87581086508159
    endloop
  endfacet
  facet normal 1.3196937419523677e-14 -0.9659258262890595 -0.25881904510255344
    outer loop
      vertex 40.625 -57.04331013231227 62.87581086508159
      vertex 40.98516791960979 -57.09541690441446 63.070275985985376
      vertex 40.681403258456356 -57.089065303249015 63.046571487726496
    endloop
  endfacet
  facet normal 2.283713783142809e-14 -0.965925826289055 -0.2588190451025702
    outer loop
      vertex 40.625 -57.04331013231227 62.87581086508159
      vertex 40.843497444146934 -57.067988535274026 62.967911918784516
      vertex 40.98516791960979 -57.09541690441446 63.070275985985376
    endloop
  endfacet
  facet normal -4.678100811719181e-14 -0.9659258262890825 -0.2588190451024673
    outer loop
      vertex 40.269365344465974 -56.98989820985253 62.67647485673189
      vertex 40.42750473279487 -57.0015684528945 62.72002879670121
      vertex 40.3856406460551 -57.00458213494299 62.73127601122404
    endloop
  endfacet
  facet normal 2.7263090174677702e-14 -0.965925826289033 -0.25881904510265247
    outer loop
      vertex 40.15911099154688 -56.96292537458294 62.57581086508159
      vertex 40.47820725201806 -56.97626258287074 62.6255860040428
      vertex 40.586311778198095 -56.98925786922226 62.67408507296556
    endloop
  endfacet
  facet normal -9.23292199058785e-15 -0.9659258262890914 -0.2588190451024342
    outer loop
      vertex 40.15911099154688 -56.96292537458294 62.57581086508159
      vertex 40.418514934064234 -56.966069395884226 62.587544512318075
      vertex 40.47820725201806 -56.97626258287074 62.6255860040428
    endloop
  endfacet
  facet normal -9.03582396875993e-16 -0.9659258262890636 -0.2588190451025382
    outer loop
      vertex 40.15911099154688 -56.96292537458294 62.57581086508159
      vertex 40.586311778198095 -56.98925786922226 62.67408507296556
      vertex 40.42750473279487 -57.0015684528945 62.72002879670121
    endloop
  endfacet
  facet normal 2.5975162793751537e-14 -0.9659258262890869 -0.25881904510245163
    outer loop
      vertex 40.586311778198095 -56.98925786922226 62.67408507296556
      vertex 40.47820725201806 -57.005325038213535 62.73404856397481
      vertex 40.42750473279487 -57.0015684528945 62.72002879670121
    endloop
  endfacet
  facet normal 4.9658022405929163e-14 -0.965925826289053 -0.2588190451025776
    outer loop
      vertex 40.551571526369145 -56.96017954880269 62.565563303760996
      vertex 40.586311778198095 -56.98925786922226 62.67408507296556
      vertex 40.500405812888545 -56.97249493777784 62.611524961131195
    endloop
  endfacet
  facet normal -1.0244026355074459e-13 -0.9659258262891053 -0.25881904510238274
    outer loop
      vertex 40.586311778198095 -56.98925786922226 62.67408507296556
      vertex 40.47820725201806 -56.97626258287074 62.6255860040428
      vertex 40.500405812888545 -56.97249493777784 62.611524961131195
    endloop
  endfacet
  facet normal -5.123810483829941e-14 -0.965925826289025 -0.2588190451026824
    outer loop
      vertex 40.551571526369145 -56.96017954880269 62.565563303760996
      vertex 40.500405812888545 -56.97249493777784 62.611524961131195
      vertex 40.54548132206251 -56.95968833055754 62.563730052312486
    endloop
  endfacet
  facet normal -5.886931684523803e-15 -0.9659258262890725 -0.2588190451025052
    outer loop
      vertex 40.586311778198095 -56.98925786922226 62.67408507296556
      vertex 40.51394053441627 -57.0259410565984 62.8109885920369
      vertex 40.47820725201806 -57.005325038213535 62.73404856397481
    endloop
  endfacet
  facet normal -2.343350024551077e-16 -0.9659258262890729 -0.25881904510250364
    outer loop
      vertex 40.189733833648575 -57.083849329629786 63.02710520916862
      vertex 40.4078954202466 -57.097175975510936 63.07684092869155
      vertex 40.15911099154688 -57.123694890041605 63.175810865081594
    endloop
  endfacet
  facet normal 2.1868030473488942e-13 -0.9659258262890781 -0.25881904510248377
    outer loop
      vertex 40.53392978662416 -57.104874926530506 63.10557380506156
      vertex 40.54548132206251 -57.09246624524778 63.05926397605949
      vertex 40.55647025031255 -57.106251836105905 63.110712501554396
    endloop
  endfacet
  facet normal -5.185426900389758e-14 -0.9659258262890691 -0.2588190451025173
    outer loop
      vertex 39.73051371481046 -57.28971207706795 63.7953954419936
      vertex 39.940857318441694 -57.29661127083905 63.821143583678555
      vertex 39.91312862619051 -57.308606547924995 63.86591056721417
    endloop
  endfacet
  facet normal 1.960236462199483e-13 -0.9659258262890612 -0.2588190451025473
    outer loop
      vertex 40.131370849898474 -57.27326627891411 63.73401888771241
      vertex 40.131370849898474 -57.33613045533983 63.96863118810914
      vertex 40.10038316644949 -57.28697050319164 63.78516374899445
    endloop
  endfacet
  facet normal -2.0907798611223469e-13 -0.9659258262896749 -0.2588190451002572
    outer loop
      vertex 42.65499417894564 -57.43853272994934 64.35080167976247
      vertex 40.939589440486834 -57.399245192565424 64.20417859414145
      vertex 40.45431966186881 -57.387351264316074 64.15978984961328
    endloop
  endfacet
  facet normal -3.33134357619676e-15 -0.9659258262890728 -0.25881904510250436
    outer loop
      vertex 40.28919917797326 -57.2993435914081 63.83134074286485
      vertex 41.97508498887266 -57.38259248516666 64.1420298440457
      vertex 41.59386843214018 -57.38791074554217 64.16187786197499
    endloop
  endfacet
  facet normal -1.6388441472070802e-14 -0.9659258262890905 -0.25881904510243825
    outer loop
      vertex 40.28919917797326 -57.2993435914081 63.83134074286485
      vertex 41.585823050286685 -57.350565549147845 64.0225036916127
      vertex 41.97508498887266 -57.38259248516666 64.1420298440457
    endloop
  endfacet
  facet normal 2.92506127236184e-14 -0.9659258262889943 -0.25881904510279735
    outer loop
      vertex 40.45431966186881 -57.387351264316074 64.15978984961328
      vertex 40.826256325585334 -57.39082951892158 64.1727708725227
      vertex 42.07205860969356 -57.420372569123515 64.2830270368869
    endloop
  endfacet
  facet normal -1.2440916067739572e-15 -0.9659258262890802 -0.258819045102476
    outer loop
      vertex 42.07205860969356 -57.420372569123515 64.2830270368869
      vertex 40.826256325585334 -57.39082951892158 64.1727708725227
      vertex 40.93327259818036 -57.38395257022993 64.14710575060442
    endloop
  endfacet
  facet normal 5.256755174244853e-14 -0.9659258262889175 -0.2588190451030832
    outer loop
      vertex 40.45431966186881 -57.387351264316074 64.15978984961328
      vertex 42.07205860969356 -57.420372569123515 64.2830270368869
      vertex 42.61330988602807 -57.435103110842185 64.33800216700398
    endloop
  endfacet
  facet normal 7.072411402736905e-13 -0.9659258262870359 -0.2588190451101055
    outer loop
      vertex 42.65499417894564 -57.43853272994934 64.35080167976247
      vertex 40.45431966186881 -57.387351264316074 64.15978984961328
      vertex 42.965735063020446 -57.445649560063 64.37736205133552
    endloop
  endfacet
  facet normal -3.1998506643708164e-15 -0.9659258262890733 -0.258819045102502
    outer loop
      vertex 42.65499417894564 -57.43853272994934 64.35080167976247
      vertex 44.142857142857146 -57.56094822251731 64.80766251765974
      vertex 40.939589440486834 -57.399245192565424 64.20417859414145
    endloop
  endfacet
  facet normal 8.987188129658609e-14 -0.9659258262888046 -0.25881904510350506
    outer loop
      vertex 40.45431966186881 -57.387351264316074 64.15978984961328
      vertex 42.61330988602807 -57.435103110842185 64.33800216700398
      vertex 44.372465276819156 -57.47620978243498 64.49141435391832
    endloop
  endfacet
  facet normal 1.2166680040786718e-14 -0.965925826289044 -0.2588190451026117
    outer loop
      vertex 41.97508498887266 -57.38259248516666 64.1420298440457
      vertex 44.42927455819164 -57.455243931606276 64.41316873340172
      vertex 42.67417203693968 -57.417091071946885 64.2707803226988
    endloop
  endfacet
  facet normal -4.737139745363273e-16 -0.9659258262890725 -0.2588190451025052
    outer loop
      vertex 44.42927455819164 -57.455243931606276 64.41316873340172
      vertex 41.97508498887266 -57.38259248516666 64.1420298440457
      vertex 42.20098587353709 -57.37074266623201 64.09780571772109
    endloop
  endfacet
  facet normal -6.168884832240608e-14 -0.9659258262891807 -0.258819045102101
    outer loop
      vertex 44.42927455819164 -57.455243931606276 64.41316873340172
      vertex 42.20098587353709 -57.37074266623201 64.09780571772109
      vertex 42.59249553393772 -57.383584040838734 64.14573038019239
    endloop
  endfacet
  facet normal 1.6456741523990465e-15 -0.9659258262890659 -0.25881904510253007
    outer loop
      vertex 40.588240999779686 -57.12794770210735 63.191682575786
      vertex 44.60739952790976 -57.38950570268045 64.16783032305094
      vertex 40.83029017997979 -57.18198455027071 63.39335083861255
    endloop
  endfacet
  facet normal -1.0703872584847097e-14 -0.9659258262890804 -0.2588190451024753
    outer loop
      vertex 48 -57.56094822251731 64.80766251765974
      vertex 40.588240999779686 -57.12794770210735 63.191682575786
      vertex 40.797855042099286 -57.12099709759488 63.165742566602134
    endloop
  endfacet
  facet normal -6.03487017456556e-15 -0.9659258262890752 -0.25881904510249465
    outer loop
      vertex 48 -57.56094822251731 64.80766251765974
      vertex 40.797855042099286 -57.12099709759488 63.165742566602134
      vertex 40.98516791960979 -57.09541690441446 63.070275985985376
    endloop
  endfacet
  facet normal -9.23104444328837e-15 -0.9659258262890745 -0.25881904510249726
    outer loop
      vertex 38.68941714587697 -56.743310132312274 61.75619562281093
      vertex 38.34727272293301 -56.71945422868214 61.6671641784028
      vertex 38.71611531155098 -56.72678017865112 61.69450499590073
    endloop
  endfacet
  facet normal -7.884902998685267e-15 -0.9659258262891162 -0.2588190451023422
    outer loop
      vertex 38.68941714587697 -56.743310132312274 61.75619562281093
      vertex 38.645256799113795 -56.747189937928205 61.770675254493085
      vertex 38.59977406930079 -56.74169904645074 61.75018296852033
    endloop
  endfacet
  facet normal -1.0582328795668412e-14 -0.9659258262891018 -0.25881904510239556
    outer loop
      vertex 38.84336856933594 -56.73538435756119 61.72661622875053
      vertex 38.81213204863411 -56.73699248577155 61.7326178449367
      vertex 38.80329636147975 -56.73267489100829 61.71650436191369
    endloop
  endfacet
  facet normal 5.041891722797213e-14 -0.9659258262890414 -0.25881904510262105
    outer loop
      vertex 38.84336856933594 -56.73538435756119 61.72661622875053
      vertex 38.80329636147975 -56.73267489100829 61.71650436191369
      vertex 38.83994262668326 -56.728649208420904 61.70148030996245
    endloop
  endfacet
  facet normal -1.895825644215752e-12 -0.9659258262909785 -0.25881904509539194
    outer loop
      vertex 39 -56.72447060497014 61.68588554957953
      vertex 38.920529264545635 -56.71894728629569 61.66527224366004
      vertex 39.08953276114034 -56.73031049961424 61.70768033310214
    endloop
  endfacet
  facet normal 1.231593662897232e-13 -0.9659258262887517 -0.2588190451037028
    outer loop
      vertex 39.15663143066406 -56.73538435756119 61.72661622875053
      vertex 39.13544457047762 -56.735024945858704 61.725274886016024
      vertex 39.12340738289855 -56.73321478061449 61.718519257354544
    endloop
  endfacet
  facet normal 1.9083943558076758e-13 -0.9659258262888697 -0.2588190451032624
    outer loop
      vertex 39.31058285412303 -56.743310132312274 61.75619562281093
      vertex 38.920529264545635 -56.71894728629569 61.66527224366004
      vertex 38.83154376429296 -56.71213766793637 61.63985840196292
    endloop
  endfacet
  facet normal -1.307531744808857e-12 -0.9659258262902193 -0.25881904509822545
    outer loop
      vertex 39.15663143066406 -56.73538435756119 61.72661622875053
      vertex 39.12340738289855 -56.73321478061449 61.718519257354544
      vertex 39.08953276114034 -56.73031049961424 61.70768033310214
    endloop
  endfacet
  facet normal -1.9892471636142467e-13 -0.965925826289288 -0.2588190451017006
    outer loop
      vertex 39.31058285412303 -56.743310132312274 61.75619562281093
      vertex 39.08953276114034 -56.73031049961424 61.70768033310214
      vertex 38.920529264545635 -56.71894728629569 61.66527224366004
    endloop
  endfacet
  facet normal 1.322481162523595e-15 -0.9659258262890597 -0.2588190451025529
    outer loop
      vertex 39.15663143066406 -56.73538435756119 61.72661622875053
      vertex 39.08953276114034 -56.73031049961424 61.70768033310214
      vertex 39.31058285412303 -56.743310132312274 61.75619562281093
    endloop
  endfacet
  facet normal 7.884902998685267e-15 -0.9659258262891162 -0.2588190451023422
    outer loop
      vertex 39.31058285412303 -56.743310132312274 61.75619562281093
      vertex 39.40022593069921 -56.74169904645074 61.75018296852033
      vertex 39.354743200886205 -56.747189937928205 61.770675254493085
    endloop
  endfacet
  facet normal 4.7435395984927386e-14 -0.9659258262890842 -0.25881904510246145
    outer loop
      vertex 39.64642811810373 -56.719893435400415 61.668803320190435
      vertex 39.562266072826574 -56.737342440180676 61.73392389257188
      vertex 39.4699797904457 -56.73998600107332 61.74378979613611
    endloop
  endfacet
  facet normal -8.149638509917691e-15 -0.9659258262890564 -0.25881904510256526
    outer loop
      vertex 39.31058285412303 -56.743310132312274 61.75619562281093
      vertex 39.64642811810373 -56.719893435400415 61.668803320190435
      vertex 39.40022593069921 -56.74169904645074 61.75018296852033
    endloop
  endfacet
  facet normal -3.726962108728275e-14 -0.9659258262890343 -0.2588190451026474
    outer loop
      vertex 39.64642811810373 -56.719893435400415 61.668803320190435
      vertex 39.4699797904457 -56.73998600107332 61.74378979613611
      vertex 39.40022593069921 -56.74169904645074 61.75018296852033
    endloop
  endfacet
  facet normal -9.165231229889615e-14 -0.9659258262890393 -0.25881904510262915
    outer loop
      vertex 39.64642811810373 -56.719893435400415 61.668803320190435
      vertex 39.617229895237216 -56.73342281100928 61.71929563735738
      vertex 39.562266072826574 -56.737342440180676 61.73392389257188
    endloop
  endfacet
  facet normal -6.559715947324387e-14 -0.9659258262890812 -0.2588190451024726
    outer loop
      vertex 38.620217979515445 -56.700355806382795 61.595887896037254
      vertex 38.71534182213056 -56.70656752680516 61.61907035225591
      vertex 38.65078270095498 -56.70599212417777 61.616922920415696
    endloop
  endfacet
  facet normal 8.398652457104697e-14 -0.9659258262889768 -0.2588190451028625
    outer loop
      vertex 38.71534182213056 -56.70656752680516 61.61907035225591
      vertex 38.42796212031615 -56.68587543863875 61.541846427904204
      vertex 38.83154376429296 -56.71213766793637 61.63985840196292
    endloop
  endfacet
  facet normal -2.8168657315025093e-14 -0.9659258262890429 -0.25881904510261583
    outer loop
      vertex 38.620217979515445 -56.700355806382795 61.595887896037254
      vertex 38.5936021149863 -56.697963220917394 61.58695864551893
      vertex 38.71534182213056 -56.70656752680516 61.61907035225591
    endloop
  endfacet
  facet normal -4.231662860700875e-15 -0.9659258262890675 -0.2588190451025234
    outer loop
      vertex 38.42796212031615 -56.68587543863875 61.541846427904204
      vertex 38.58588952783597 -56.64331013231227 61.382990542054046
      vertex 38.83154376429296 -56.71213766793637 61.63985840196292
    endloop
  endfacet
  facet normal -2.2232992394166813e-12 -0.9659258262911233 -0.2588190450948513
    outer loop
      vertex 38.71534182213056 -56.70656752680516 61.61907035225591
      vertex 38.5936021149863 -56.697963220917394 61.58695864551893
      vertex 38.42796212031615 -56.68587543863875 61.541846427904204
    endloop
  endfacet
  facet normal 5.8524734838810706e-15 -0.9659258262890651 -0.2588190451025324
    outer loop
      vertex 38.83154376429296 -56.71213766793637 61.63985840196292
      vertex 38.58588952783597 -56.64331013231227 61.382990542054046
      vertex 38.791158092447915 -56.63274243264416 61.34355134997352
    endloop
  endfacet
  facet normal -5.120443331869647e-15 -0.9659258262890715 -0.25881904510250864
    outer loop
      vertex 39.31058285412303 -56.743310132312274 61.75619562281093
      vertex 38.83154376429296 -56.71213766793637 61.63985840196292
      vertex 39 -56.629199660148245 61.33032954301908
    endloop
  endfacet
  facet normal -9.96767457055081e-15 -0.9659258262890659 -0.2588190451025302
    outer loop
      vertex 39.31058285412303 -56.743310132312274 61.75619562281093
      vertex 39.41411047216403 -56.64331013231227 61.382990542054046
      vertex 39.61229349178414 -56.66072194288134 61.44797230374955
    endloop
  endfacet
  facet normal 6.794721407490092e-15 -0.9659258262890693 -0.25881904510251674
    outer loop
      vertex 39.31058285412303 -56.743310132312274 61.75619562281093
      vertex 39 -56.629199660148245 61.33032954301908
      vertex 39.208841907552085 -56.632742432644164 61.34355134997352
    endloop
  endfacet
  facet normal 2.5251442245395337e-14 -0.9659258262890682 -0.258819045102521
    outer loop
      vertex 39.31058285412303 -56.743310132312274 61.75619562281093
      vertex 39.208841907552085 -56.632742432644164 61.34355134997352
      vertex 39.41411047216403 -56.64331013231227 61.382990542054046
    endloop
  endfacet
  facet normal 5.603613820686316e-15 -0.9659258262890695 -0.2588190451025159
    outer loop
      vertex 39.31058285412303 -56.743310132312274 61.75619562281093
      vertex 39.61229349178414 -56.66072194288134 61.44797230374955
      vertex 39.64642811810373 -56.719893435400415 61.668803320190435
    endloop
  endfacet
  facet normal 1.54777203436133e-13 -0.9659258262889523 -0.25881904510295356
    outer loop
      vertex 38.71611531155098 -56.72678017865112 61.69450499590073
      vertex 38.59592682782736 -56.71443664733169 61.64843830987181
      vertex 38.66191562667255 -56.716745704650535 61.657055829103356
    endloop
  endfacet
  facet normal 9.957909476002017e-14 -0.9659258262889884 -0.25881904510281906
    outer loop
      vertex 38.71611531155098 -56.72678017865112 61.69450499590073
      vertex 38.46082832248989 -56.706411702623015 61.618488808491094
      vertex 38.59592682782736 -56.71443664733169 61.64843830987181
    endloop
  endfacet
  facet normal -1.6280488705036536e-13 -0.9659258262890963 -0.2588190451024161
    outer loop
      vertex 39.99351819002096 -56.850543576411276 62.156396284459014
      vertex 39.99307166014775 -56.8375577954046 62.10793268996611
      vertex 40.008072321097686 -56.849247307637924 62.15155854353659
    endloop
  endfacet
  facet normal -2.479863983966022e-13 -0.9659258262890323 -0.2588190451026552
    outer loop
      vertex 39.99351819002096 -56.850543576411276 62.156396284459014
      vertex 40.008072321097686 -56.849247307637924 62.15155854353659
      vertex 39.99675815200399 -56.86131425496133 62.19659300403978
    endloop
  endfacet
  facet normal -2.700095912987103e-14 -0.9659258262890607 -0.25881904510254894
    outer loop
      vertex 40.108655439013546 -56.924455219662725 62.43223829234432
      vertex 40.16850949425155 -56.8971434655763 62.33030943844996
      vertex 40.269365344465974 -56.89439184296512 62.320040243061776
    endloop
  endfacet
  facet normal 4.026681803445848e-15 -0.9659258262890719 -0.2588190451025075
    outer loop
      vertex 40.108655439013546 -56.924455219662725 62.43223829234432
      vertex 40.269365344465974 -56.89439184296512 62.320040243061776
      vertex 40.40060312919962 -56.895338982323516 62.32357501526916
    endloop
  endfacet
  facet normal 6.556281413187445e-15 -0.9659258262890484 -0.25881904510259496
    outer loop
      vertex 40.40060312919962 -56.895338982323516 62.32357501526916
      vertex 40.269365344465974 -56.89439184296512 62.320040243061776
      vertex 40.293129175220045 -56.88505463389656 62.28519330441702
    endloop
  endfacet
  facet normal -2.602027266609066e-14 -0.9659258262890504 -0.25881904510258713
    outer loop
      vertex 39.76611172766494 -56.761742780498544 61.82498720236013
      vertex 39.8229045747773 -56.74371659936793 61.757712578514244
      vertex 39.95978864874352 -56.747058057627996 61.77018307051217
    endloop
  endfacet
  facet normal -6.207051312243565e-15 -0.9659258262890681 -0.25881904510252185
    outer loop
      vertex 39.76611172766494 -56.761742780498544 61.82498720236013
      vertex 39.95978864874352 -56.747058057627996 61.77018307051217
      vertex 39.80549331200343 -56.766798256424835 61.843854495373485
    endloop
  endfacet
  facet normal 1.8049917619897082e-13 -0.9659258262891656 -0.2588190451021575
    outer loop
      vertex 39.95978864874352 -56.747058057627996 61.77018307051217
      vertex 39.831093951319524 -56.76482475832075 61.8364893001804
      vertex 39.80549331200343 -56.766798256424835 61.843854495373485
    endloop
  endfacet
  facet normal 3.708405048795625e-14 -0.9659258262890638 -0.25881904510253745
    outer loop
      vertex 39.76611172766494 -56.761742780498544 61.82498720236013
      vertex 39.803128483135346 -56.731446949779375 61.711921622858696
      vertex 39.8229045747773 -56.74371659936793 61.757712578514244
    endloop
  endfacet
  facet normal -2.5954329944795466e-14 -0.9659258262890712 -0.25881904510251
    outer loop
      vertex 40.40060312919962 -56.895338982323516 62.32357501526916
      vertex 40.293129175220045 -56.88505463389656 62.28519330441702
      vertex 40.3856406460551 -56.85535768090835 62.17436276703502
    endloop
  endfacet
  facet normal 0 -0.965925826289068 -0.25881904510252224
    outer loop
      vertex 30 -56.13744347445345 59.49507047306985
      vertex 48 -56.13744347445345 59.49507047306985
      vertex 38.71840297566441 -56.62990491899532 61.33296160486888
    endloop
  endfacet
  facet normal 4.487970833786173e-14 -0.9659258262890712 -0.2588190451025094
    outer loop
      vertex 40.108655439013546 -56.924455219662725 62.43223829234432
      vertex 40.131370849898474 -56.90076055415102 62.34380859678629
      vertex 40.16850949425155 -56.8971434655763 62.33030943844996
    endloop
  endfacet
  facet normal 3.6930155345406765e-15 -0.9659258262890716 -0.25881904510250836
    outer loop
      vertex 40.108655439013546 -56.924455219662725 62.43223829234432
      vertex 40.40060312919962 -56.895338982323516 62.32357501526916
      vertex 40.131370849898474 -56.924238583888425 62.431429796627896
    endloop
  endfacet
  facet normal 1.0154259151996435e-14 -0.9659258262890756 -0.2588190451024933
    outer loop
      vertex 40.40060312919962 -56.895338982323516 62.32357501526916
      vertex 40.17681820480075 -56.92995303098543 62.45275640353109
      vertex 40.131370849898474 -56.924238583888425 62.431429796627896
    endloop
  endfacet
  facet normal 5.226817617696207e-13 -0.9659258262876408 -0.25881904510784837
    outer loop
      vertex 43.134246930925244 -57.44556138383221 64.37703297316217
      vertex 44.372465276819156 -57.47620978243498 64.49141435391832
      vertex 42.91071722135507 -57.44026058328328 64.35725011619279
    endloop
  endfacet
  facet normal -2.1088207147275982e-14 -0.9659258262891462 -0.2588190451022295
    outer loop
      vertex 42.95066738582192 -57.42455955070963 64.29865306489663
      vertex 42.67417203693968 -57.417091071946885 64.2707803226988
      vertex 44.42927455819164 -57.455243931606276 64.41316873340172
    endloop
  endfacet
  facet normal -1.3823083324678592e-14 -0.965925826289102 -0.258819045102395
    outer loop
      vertex 42.91071722135507 -57.44026058328328 64.35725011619279
      vertex 44.372465276819156 -57.47620978243498 64.49141435391832
      vertex 42.61330988602807 -57.435103110842185 64.33800216700398
    endloop
  endfacet
  facet normal -2.1772973484581644e-13 -0.965925826289704 -0.2588190451001482
    outer loop
      vertex 48 -57.56094822251731 64.80766251765974
      vertex 42.965735063020446 -57.445649560063 64.37736205133552
      vertex 40.45431966186881 -57.387351264316074 64.15978984961328
    endloop
  endfacet
  facet normal -3.209584480901036e-14 -0.9659258262891651 -0.25881904510215964
    outer loop
      vertex 48 -57.56094822251731 64.80766251765974
      vertex 40.45431966186881 -57.387351264316074 64.15978984961328
      vertex 44.372465276819156 -57.47620978243498 64.49141435391832
    endloop
  endfacet
  facet normal 5.578646717743948e-15 -0.9659258262890617 -0.25881904510254533
    outer loop
      vertex 40.588240999779686 -57.12794770210735 63.191682575786
      vertex 48 -57.56094822251731 64.80766251765974
      vertex 44.60739952790976 -57.38950570268045 64.16783032305094
    endloop
  endfacet
  facet normal 0 -0.9659258262890685 -0.2588190451025195
    outer loop
      vertex 48 -57.56094822251731 64.80766251765974
      vertex 44.142857142857146 -57.56094822251731 64.80766251765974
      vertex 42.965735063020446 -57.445649560063 64.37736205133552
    endloop
  endfacet
  facet normal 5.726635016521178e-15 -0.9659258262890601 -0.2588190451025511
    outer loop
      vertex 48 -57.56094822251731 64.80766251765974
      vertex 42.00258683528749 -57.316097415138486 63.893866864247684
      vertex 44.5663378080975 -57.40465980904397 64.2243862179429
    endloop
  endfacet
  facet normal -2.4324768370509057e-14 -0.9659258262891093 -0.25881904510236786
    outer loop
      vertex 48 -57.56094822251731 64.80766251765974
      vertex 44.50878421017527 -57.42590035494668 64.3036570144323
      vertex 42.00258683528749 -57.316097415138486 63.893866864247684
    endloop
  endfacet
  facet normal 8.072993219550772e-15 -0.9659258262890612 -0.25881904510254716
    outer loop
      vertex 48 -57.56094822251731 64.80766251765974
      vertex 40.98516791960979 -57.09541690441446 63.070275985985376
      vertex 44.76860959672037 -57.33001003272811 63.945789459958455
    endloop
  endfacet
  facet normal 1.1529632209254268e-14 -0.9659258262890411 -0.2588190451026217
    outer loop
      vertex 48 -57.56094822251731 64.80766251765974
      vertex 42.95066738582192 -57.42455955070963 64.29865306489663
      vertex 44.42927455819164 -57.455243931606276 64.41316873340172
    endloop
  endfacet
  facet normal 8.054399853569484e-15 -0.9659258262890613 -0.25881904510254705
    outer loop
      vertex 43.05755891709509 -57.18398934847124 63.40083284735586
      vertex 48 -57.56094822251731 64.80766251765974
      vertex 44.76860959672037 -57.33001003272811 63.945789459958455
    endloop
  endfacet
  facet normal 4.510328047355858e-16 -0.9659258262890685 -0.25881904510251985
    outer loop
      vertex 48 -57.56094822251731 64.80766251765974
      vertex 44.387989196922234 -57.47048057436731 64.47003265832265
      vertex 42.95066738582192 -57.42455955070963 64.29865306489663
    endloop
  endfacet
  facet normal 8.999214680304425e-15 -0.9659258262890603 -0.2588190451025505
    outer loop
      vertex 48 -57.56094822251731 64.80766251765974
      vertex 43.05755891709509 -57.18398934847124 63.40083284735586
      vertex 43.14069532865017 -57.16901077787148 63.344932060852784
    endloop
  endfacet
  facet normal -8.97278294054658e-16 -0.9659258262890684 -0.25881904510252013
    outer loop
      vertex 48 -56.13744347445345 59.49507047306985
      vertex 48 -57.56094822251731 64.80766251765974
      vertex 43.14069532865017 -57.16901077787148 63.344932060852784
    endloop
  endfacet
  facet normal 1.6017471262479813e-15 -0.9659258262890674 -0.2588190451025241
    outer loop
      vertex -103 -79.30174801112905 145.94543192594148
      vertex -96.44674706825325 -79.83031441762134 147.91806861014481
      vertex -103 -80.72525275919293 151.25802397053133
    endloop
  endfacet
  facet normal -2.5478767545293973e-14 -0.9659258262890897 -0.2588190451024403
    outer loop
      vertex -103 -79.30174801112905 145.94543192594148
      vertex -98.0575589170951 -79.67870688517512 147.35226159624534
      vertex -96.44674706825325 -79.83031441762134 147.91806861014481
    endloop
  endfacet
  facet normal 4.052004762648512e-15 -0.9659258262890545 -0.2588190451025714
    outer loop
      vertex -99.56633780809749 -79.45803642460238 146.5287082256583
      vertex -96.3861661289527 -79.57176485317748 146.9531484993655
      vertex -95.79451727064408 -79.62971663504796 147.16942749369522
    endloop
  endfacet
  facet normal -1.3097792647313407e-14 -0.9659258262890871 -0.2588190451024507
    outer loop
      vertex -96.89340446191189 -79.50204212595644 146.69293973893429
      vertex -95.28919917797326 -79.56335264223827 146.92175370073636
      vertex -96.05813259143356 -79.55554697283337 146.8926225459302
    endloop
  endfacet
  facet normal -3.063706948983152e-14 -0.9659258262891178 -0.258819045102336
    outer loop
      vertex -96.89340446191189 -79.50204212595644 146.69293973893429
      vertex -95.84856223111888 -79.52538041779394 146.78003942983366
      vertex -95.28919917797326 -79.56335264223827 146.92175370073636
    endloop
  endfacet
  facet normal -2.2497036040393404e-14 -0.9659258262890938 -0.2588190451024255
    outer loop
      vertex -99.56633780809749 -79.45803642460238 146.5287082256583
      vertex -95.79451727064408 -79.62971663504796 147.16942749369522
      vertex -96.09095089223985 -79.65089162484234 147.2484536314577
    endloop
  endfacet
  facet normal -9.00656542526869e-15 -0.9659258262890607 -0.2588190451025491
    outer loop
      vertex -95.26936534446598 -79.92527861834633 148.2724798321506
      vertex -95.13137084989847 -79.94050644480161 148.32931085417056
      vertex -95.26936534446598 -79.95426877480249 148.38067256896434
    endloop
  endfacet
  facet normal -2.19524486158988e-14 -0.965925826289052 -0.2588190451025816
    outer loop
      vertex -95.13137084989847 -79.94050644480161 148.32931085417056
      vertex -95.17026670502199 -79.95861386685684 148.39688867327473
      vertex -95.26936534446598 -79.95426877480249 148.38067256896434
    endloop
  endfacet
  facet normal -3.774294993439106e-15 -0.9659258262890658 -0.2588190451025303
    outer loop
      vertex -95.15911099154688 -79.89977085906344 148.17728357851962
      vertex -95.26936534446598 -79.92527861834633 148.2724798321506
      vertex -95.38564064605511 -79.91590018919597 148.23747905806627
    endloop
  endfacet
  facet normal 1.7167445057686745e-14 -0.9659258262890447 -0.25881904510260834
    outer loop
      vertex -95.10865543901355 -79.93824101398364 148.32085615125686
      vertex -95.13137084989847 -79.94050644480161 148.32931085417056
      vertex -95.26936534446598 -79.92527861834633 148.2724798321506
    endloop
  endfacet
  facet normal -6.933445301328231e-15 -0.9659258262890649 -0.2588190451025337
    outer loop
      vertex -95.10865543901355 -79.93824101398364 148.32085615125686
      vertex -95.26936534446598 -79.92527861834633 148.2724798321506
      vertex -95.15911099154688 -79.89977085906344 148.17728357851962
    endloop
  endfacet
  facet normal -9.234201882707806e-14 -0.9659258262890796 -0.25881904510247833
    outer loop
      vertex -95.20734142213122 -79.54898671181036 146.8681393184814
      vertex -95.11913919511242 -79.56023738203096 146.9101273913639
      vertex -95.13137084989847 -79.58942995473225 147.01907555588878
    endloop
  endfacet
  facet normal -6.541157424446055e-14 -0.9659258262890863 -0.2588190451024539
    outer loop
      vertex -95.11631384740744 -79.5603300524091 146.91047324192346
      vertex -95.09825417907402 -79.56092240296849 146.91268392430698
      vertex -95.09081003505447 -79.5909128831847 147.0246099202173
    endloop
  endfacet
  facet normal -5.159308535988046e-13 -0.9659258262890499 -0.2588190451025895
    outer loop
      vertex -95.11913919511242 -79.56023738203096 146.9101273913639
      vertex -95.13137084989847 -79.5514518830292 146.8773394627195
      vertex -95.12608725499334 -79.54742972002273 146.86232854602304
    endloop
  endfacet
  facet normal 6.81620906927265e-14 -0.9659258262889954 -0.25881904510279286
    outer loop
      vertex -95.11913919511242 -79.56023738203096 146.9101273913639
      vertex -95.20734142213122 -79.54898671181036 146.8681393184814
      vertex -95.13137084989847 -79.5514518830292 146.8773394627195
    endloop
  endfacet
  facet normal -2.247291352431336e-14 -0.9659258262889985 -0.25881904510278114
    outer loop
      vertex -95.11631384740744 -79.5603300524091 146.91047324192346
      vertex -95.11535644516671 -79.55197159386522 146.87927904996477
      vertex -95.09825417907402 -79.56092240296849 146.91268392430698
    endloop
  endfacet
  facet normal 1.338886538443609e-14 -0.9659258262890567 -0.25881904510256437
    outer loop
      vertex -94.73051371481047 -79.5729841565784 146.95769900160758
      vertex -94.96515128471057 -79.56528812954087 146.9289770376871
      vertex -94.94660987080046 -79.55303371362594 146.88324293487548
    endloop
  endfacet
  facet normal -2.8410841104536833e-14 -0.9659258262891277 -0.25881904510229853
    outer loop
      vertex -94.76269111693993 -79.54559730973492 146.85548989772855
      vertex -94.94660987080046 -79.55303371362594 146.88324293487548
      vertex -94.92595907636526 -79.54076408350097 146.837452051859
    endloop
  endfacet
  facet normal -4.5568161821505766e-14 -0.9659258262890994 -0.25881904510240467
    outer loop
      vertex -94.73051371481047 -79.5729841565784 146.95769900160758
      vertex -94.94660987080046 -79.55303371362594 146.88324293487548
      vertex -94.76269111693993 -79.54559730973492 146.85548989772855
    endloop
  endfacet
  facet normal -2.1216075108635982e-13 -0.9659258262890769 -0.2588190451024889
    outer loop
      vertex -95.50396804352444 -79.68055436276644 147.359156476482
      vertex -95.4627197013149 -79.72207036550118 147.5140963080152
      vertex -95.47820725201805 -79.7212066900749 147.51087302744307
    endloop
  endfacet
  facet normal -7.620619932999723e-15 -0.9659258262890807 -0.2588190451024744
    outer loop
      vertex -95.4627197013149 -79.72207036550118 147.5140963080152
      vertex -95.3458876607196 -79.76930807186554 147.69038982820004
      vertex -95.45240496862958 -79.76280134231307 147.6661063829191
    endloop
  endfacet
  facet normal 1.691067244750262e-13 -0.9659258262890514 -0.25881904510258374
    outer loop
      vertex -95.50396804352444 -79.68055436276644 147.359156476482
      vertex -95.3458876607196 -79.76930807186554 147.69038982820004
      vertex -95.4627197013149 -79.72207036550118 147.5140963080152
    endloop
  endfacet
  facet normal -1.8158924738518383e-14 -0.965925826289084 -0.258819045102462
    outer loop
      vertex -95.36660582581389 -79.68749585939372 147.38506249457555
      vertex -95.13137084989847 -79.7178506972806 147.4983482918249
      vertex -95.22683793933332 -79.73522449718006 147.56318819577024
    endloop
  endfacet
  facet normal 1.456673914946718e-13 -0.9659258262890519 -0.258819045102582
    outer loop
      vertex -95.36660582581389 -79.68749585939372 147.38506249457555
      vertex -95.22683793933332 -79.73522449718006 147.56318819577024
      vertex -95.26936534446598 -79.73285292303895 147.55433736058168
    endloop
  endfacet
  facet normal -4.964378340151598e-15 -0.965925826289072 -0.2588190451025069
    outer loop
      vertex -95.73075800159312 -79.8880640225876 148.1335930699959
      vertex -96.09975412187396 -79.82802821826319 147.9095363979839
      vertex -95.61341808204098 -79.86512095905833 148.04796839122338
    endloop
  endfacet
  facet normal 4.630022561461152e-15 -0.9659258262890635 -0.25881904510253845
    outer loop
      vertex -96.09975412187396 -79.82802821826319 147.9095363979839
      vertex -95.67354423265593 -79.82534875920452 147.89953652064017
      vertex -95.61341808204098 -79.86512095905833 148.04796839122338
    endloop
  endfacet
  facet normal 5.864291909471662e-14 -0.965925826289059 -0.25881904510255505
    outer loop
      vertex -95.42281201930234 -79.87965844075838 148.10222301154207
      vertex -95.38564064605511 -79.86420894729447 148.0445647169836
      vertex -95.31904970060195 -79.87528622608255 148.0859056842303
    endloop
  endfacet
  facet normal 8.063259674818963e-15 -0.9659258262890634 -0.2588190451025385
    outer loop
      vertex -95.45240496862958 -79.76280134231307 147.6661063829191
      vertex -95.3458876607196 -79.76930807186554 147.69038982820004
      vertex -95.38564064605511 -79.8070662719125 147.83130534917765
    endloop
  endfacet
  facet normal -7.033549227591613e-14 -0.9659258262890732 -0.258819045102502
    outer loop
      vertex -95.15911099154688 -79.89977085906344 148.17728357851962
      vertex -95.31904970060195 -79.87528622608255 148.0859056842303
      vertex -95.26936534446598 -79.8789859439521 148.09971321929314
    endloop
  endfacet
  facet normal -1.7874964447657307e-13 -0.9659258262891118 -0.25881904510235815
    outer loop
      vertex -95.15911099154688 -79.89977085906344 148.17728357851962
      vertex -95.26936534446598 -79.8789859439521 148.09971321929314
      vertex -95.18890771515447 -79.88500395619597 148.1221727467478
    endloop
  endfacet
  facet normal 3.7814889011652525e-14 -0.965925826289026 -0.25881904510267845
    outer loop
      vertex -95.15911099154688 -79.89977085906344 148.17728357851962
      vertex -95.42281201930234 -79.87965844075838 148.10222301154207
      vertex -95.31904970060195 -79.87528622608255 148.0859056842303
    endloop
  endfacet
  facet normal -5.523447720448783e-15 -0.9659258262890641 -0.25881904510253645
    outer loop
      vertex -95.15911099154688 -79.89977085906344 148.17728357851962
      vertex -95.38564064605511 -79.91590018919597 148.23747905806627
      vertex -95.42281201930234 -79.87965844075838 148.10222301154207
    endloop
  endfacet
  facet normal -9.951786205007995e-15 -0.9659258262890729 -0.2588190451025039
    outer loop
      vertex -95.50396804352444 -79.68055436276644 147.359156476482
      vertex -95.47820725201805 -79.66091288446803 147.28585348153658
      vertex -95.3458876607196 -79.76930807186554 147.69038982820004
    endloop
  endfacet
  facet normal 2.6564367608835985e-14 -0.9659258262890698 -0.2588190451025151
    outer loop
      vertex -95.38564064605511 -79.61233086525208 147.10454291748835
      vertex -95.3458876607196 -79.76930807186554 147.69038982820004
      vertex -95.47820725201805 -79.66091288446803 147.28585348153658
    endloop
  endfacet
  facet normal -1.4983192457743483e-13 -0.9659258262890578 -0.25881904510256
    outer loop
      vertex -95.08757212982101 -79.62478134218904 147.1510087299955
      vertex -95.13137084989847 -79.62299321259405 147.14433533949654
      vertex -95.10822723419724 -79.59027609962229 147.02223341160894
    endloop
  endfacet
  facet normal -1.6134676521310403e-13 -0.965925826289077 -0.2588190451024887
    outer loop
      vertex -95.06419718302016 -79.6771980241539 147.34663045025255
      vertex -95.13137084989847 -79.62299321259405 147.14433533949654
      vertex -95.08757212982101 -79.62478134218904 147.1510087299955
    endloop
  endfacet
  facet normal -3.4770823274339503e-14 -0.9659258262890663 -0.25881904510252796
    outer loop
      vertex -95.18930974455145 -79.65726358602589 147.27223411433852
      vertex -95.13137084989847 -79.62299321259405 147.14433533949654
      vertex -95.06419718302016 -79.6771980241539 147.34663045025255
    endloop
  endfacet
  facet normal 1.4370256840474275e-13 -0.9659258262890588 -0.2588190451025563
    outer loop
      vertex -94.95202400834948 -79.63031523923254 147.1716615149258
      vertex -95.04484130890702 -79.66383928897568 147.29677497184258
      vertex -95.08757212982101 -79.62478134218904 147.1510087299955
    endloop
  endfacet
  facet normal 1.5582592619216744e-13 -0.9659258262890388 -0.2588190451026306
    outer loop
      vertex -94.95202400834948 -79.63031523923254 147.1716615149258
      vertex -95.08757212982101 -79.62478134218904 147.1510087299955
      vertex -95.05158900990534 -79.60933480862403 147.09336148193012
    endloop
  endfacet
  facet normal 3.286828257644668e-14 -0.9659258262890398 -0.2588190451026271
    outer loop
      vertex -95.10865543901355 -79.70053118868455 147.43371100578233
      vertex -95.36660582581389 -79.68749585939372 147.38506249457555
      vertex -95.26936534446598 -79.67301478324632 147.3310183826452
    endloop
  endfacet
  facet normal 1.086827417003425e-14 -0.9659258262890689 -0.25881904510251835
    outer loop
      vertex -95.10865543901355 -79.70053118868455 147.43371100578233
      vertex -95.13137084989847 -79.7178506972806 147.4983482918249
      vertex -95.36660582581389 -79.68749585939372 147.38506249457555
    endloop
  endfacet
  facet normal -2.2190997046550026e-13 -0.9659258262891395 -0.25881904510225556
    outer loop
      vertex -95.10865543901355 -79.70053118868455 147.43371100578233
      vertex -95.26936534446598 -79.67301478324632 147.3310183826452
      vertex -95.24225912278258 -79.67432908819107 147.33592343547565
    endloop
  endfacet
  facet normal -4.707443397157268e-14 -0.9659258262890715 -0.2588190451025086
    outer loop
      vertex -95.10865543901355 -79.70053118868455 147.43371100578233
      vertex -95.18930974455145 -79.65726358602589 147.27223411433852
      vertex -95.06419718302016 -79.6771980241539 147.34663045025255
    endloop
  endfacet
  facet normal -9.243049726959022e-15 -0.9659258262890669 -0.2588190451025263
    outer loop
      vertex -95.10865543901355 -79.70053118868455 147.43371100578233
      vertex -95.24225912278258 -79.67432908819107 147.33592343547565
      vertex -95.18930974455145 -79.65726358602589 147.27223411433852
    endloop
  endfacet
  facet normal 1.8543698492701496e-13 -0.9659258262890436 -0.2588190451026134
    outer loop
      vertex -95.08757212982101 -79.62478134218904 147.1510087299955
      vertex -95.09081003505447 -79.5909128831847 147.0246099202173
      vertex -95.05158900990534 -79.60933480862403 147.09336148193012
    endloop
  endfacet
  facet normal 6.835004858422798e-13 -0.9659258262890973 -0.25881904510241255
    outer loop
      vertex -95.13137084989847 -79.62299321259405 147.14433533949654
      vertex -95.11530232227645 -79.59001743003056 147.0212680435502
      vertex -95.10822723419724 -79.59027609962229 147.02223341160894
    endloop
  endfacet
  facet normal -4.423640863621389e-13 -0.9659258262890699 -0.258819045102515
    outer loop
      vertex -95.11913919511242 -79.56023738203096 146.9101273913639
      vertex -95.11530232227645 -79.59001743003056 147.0212680435502
      vertex -95.13137084989847 -79.58942995473225 147.01907555588878
    endloop
  endfacet
  facet normal -3.675772841178463e-13 -0.9659258262891433 -0.2588190451022413
    outer loop
      vertex -94.96515128471057 -79.56528812954087 146.9289770376871
      vertex -94.88509764003678 -79.58320244219081 146.9958341626793
      vertex -94.93406803346285 -79.58148832543594 146.9894369918601
    endloop
  endfacet
  facet normal 1.0146594812635176e-13 -0.9659258262890977 -0.25881904510241094
    outer loop
      vertex -94.73051371481047 -79.5729841565784 146.95769900160758
      vertex -94.82458318211098 -79.59433587595052 147.03738470313328
      vertex -94.88509764003678 -79.58320244219081 146.9958341626793
    endloop
  endfacet
  facet normal 2.9142466573966896e-14 -0.9659258262890245 -0.2588190451026845
    outer loop
      vertex -94.73051371481047 -79.5729841565784 146.95769900160758
      vertex -94.88509764003678 -79.58320244219081 146.9958341626793
      vertex -94.96515128471057 -79.56528812954087 146.9289770376871
    endloop
  endfacet
  facet normal 2.698692854155593e-15 -0.9659258262890688 -0.2588190451025187
    outer loop
      vertex -96.09975412187396 -79.82802821826319 147.9095363979839
      vertex -95.73075800159312 -79.8880640225876 148.1335930699959
      vertex -103 -80.72525275919293 151.25802397053133
    endloop
  endfacet
  facet normal 1.7532784616762322e-14 -0.9659258262890611 -0.2588190451025477
    outer loop
      vertex -95.07707330926976 -80.12453078298054 149.01609903408357
      vertex -94.82807548414692 -80.10565158954367 148.94564092497126
      vertex -94.98834095545303 -80.14467109388366 149.09126369765423
    endloop
  endfacet
  facet normal 2.365504427705741e-13 -0.9659258262891212 -0.25881904510232334
    outer loop
      vertex -94.82807548414692 -80.10565158954367 148.94564092497126
      vertex -94.97206552957682 -80.14349166103382 149.08686199433453
      vertex -94.98834095545303 -80.14467109388366 149.09126369765423
    endloop
  endfacet
  facet normal -1.722445536445613e-13 -0.9659258262890279 -0.25881904510267123
    outer loop
      vertex -94.98958594478114 -80.08644821625253 148.87397296017204
      vertex -94.98143312867506 -80.09629569730994 148.91072425980482
      vertex -95.07707330926976 -80.12453078298054 149.01609903408357
    endloop
  endfacet
  facet normal 3.2739824771445477e-14 -0.9659258262890745 -0.2588190451024976
    outer loop
      vertex -94.82807548414692 -80.10565158954367 148.94564092497126
      vertex -95.07707330926976 -80.12453078298054 149.01609903408357
      vertex -94.98143312867506 -80.09629569730994 148.91072425980482
    endloop
  endfacet
  facet normal -5.671431478422995e-14 -0.9659258262890241 -0.25881904510268494
    outer loop
      vertex -94.97401828641395 -80.14792202767501 149.1033963477356
      vertex -94.77865435133303 -80.12947571460751 149.03455377015538
      vertex -94.6527708312913 -80.13180786886207 149.04325748832446
    endloop
  endfacet
  facet normal 1.0306630706755043e-12 -0.9659258262897956 -0.2588190450998066
    outer loop
      vertex -94.97401828641395 -80.14792202767501 149.1033963477356
      vertex -94.81773366540769 -80.1323076790132 149.0451228052026
      vertex -94.77865435133303 -80.12947571460751 149.03455377015538
    endloop
  endfacet
  facet normal -3.0237078202605975e-14 -0.9659258262890715 -0.25881904510250825
    outer loop
      vertex -94.97401828641395 -80.14792202767501 149.1033963477356
      vertex -94.5701881381381 -80.13748699154897 149.06445226273436
      vertex -94.8 -80.17801629020131 149.21570966450008
    endloop
  endfacet
  facet normal -5.058023491492264e-13 -0.9659258262890466 -0.2588190451026022
    outer loop
      vertex -94.98958594478114 -80.08644821625253 148.87397296017204
      vertex -94.9836313880457 -80.08597335966365 148.87220077125602
      vertex -94.98143312867506 -80.09629569730994 148.91072425980482
    endloop
  endfacet
  facet normal 1.272177503265256e-13 -0.9659258262890353 -0.2588190451026435
    outer loop
      vertex -94.98143312867506 -80.09629569730994 148.91072425980482
      vertex -94.97787400200956 -80.08551422679861 148.87048726407625
      vertex -94.9453684638655 -80.08292201554785 148.8608129999845
    endloop
  endfacet
  facet normal 7.666281899098058e-14 -0.9659258262890263 -0.2588190451026776
    outer loop
      vertex -94.82807548414692 -80.10565158954367 148.94564092497126
      vertex -94.98143312867506 -80.09629569730994 148.91072425980482
      vertex -94.9453684638655 -80.08292201554785 148.8608129999845
    endloop
  endfacet
  facet normal -5.512880733001731e-15 -0.9659258262890134 -0.2588190451027254
    outer loop
      vertex -94.5701881381381 -80.13748699154897 149.06445226273436
      vertex -94.6527708312913 -80.13180786886207 149.04325748832446
      vertex -94.61800663154182 -80.11783404087103 148.99110645228572
    endloop
  endfacet
  facet normal -3.9808514598678657e-14 -0.9659258262890469 -0.2588190451026008
    outer loop
      vertex -94.97401828641395 -80.14792202767501 149.1033963477356
      vertex -94.6527708312913 -80.13180786886207 149.04325748832446
      vertex -94.5701881381381 -80.13748699154897 149.06445226273436
    endloop
  endfacet
  facet normal -7.807928584092368e-15 -0.9659258262890621 -0.2588190451025442
    outer loop
      vertex -94.31058285412303 -80.1193861013341 148.99689882079025
      vertex -94.5701881381381 -80.13748699154897 149.06445226273436
      vertex -94.47214347308011 -80.11896621161776 148.9953317710353
    endloop
  endfacet
  facet normal 1.8854379077331807e-15 -0.9659258262890713 -0.25881904510250947
    outer loop
      vertex -94.5701881381381 -80.13748699154897 149.06445226273436
      vertex -94.31058285412303 -80.1193861013341 148.99689882079025
      vertex -94.22831678824627 -80.17671295352932 149.2108455458208
    endloop
  endfacet
  facet normal -4.4434459936820146e-15 -0.9659258262889753 -0.25881904510286785
    outer loop
      vertex -94.31058285412303 -80.1193861013341 148.99689882079025
      vertex -94.47214347308011 -80.11896621161776 148.9953317710353
      vertex -94.39890354764938 -80.11162649010222 148.96793955742595
    endloop
  endfacet
  facet normal 6.478206762098609e-13 -0.9659258262884348 -0.2588190451048848
    outer loop
      vertex -94.20272663908129 -80.12640461838727 149.02309228302647
      vertex -94.15714651994308 -80.12832450340164 149.03025739144485
      vertex -94.08888218714765 -80.13312043808568 149.04815606335546
    endloop
  endfacet
  facet normal 1.0068779850340654e-12 -0.9659258262880273 -0.25881904510640646
    outer loop
      vertex -94.20272663908129 -80.12640461838727 149.02309228302647
      vertex -94.08888218714765 -80.13312043808568 149.04815606335546
      vertex -93.40307233829976 -80.17844044538627 149.2172926332006
    endloop
  endfacet
  facet normal 4.5105365826621024e-14 -0.9659258262890459 -0.2588190451026045
    outer loop
      vertex -93.68941714587697 -80.1193861013341 148.99689882079025
      vertex -93.49858621201149 -80.1326917233541 149.0465560781952
      vertex -93.5978202710574 -80.13484223120383 149.05458188275247
    endloop
  endfacet
  facet normal 6.806806220321873e-14 -0.9659258262890238 -0.2588190451026869
    outer loop
      vertex -93.68941714587697 -80.1193861013341 148.99689882079025
      vertex -93.60109645235062 -80.11162649010222 148.96793955742595
      vertex -93.49858621201149 -80.1326917233541 149.0465560781952
    endloop
  endfacet
  facet normal -5.1151721779609953e-14 -0.9659258262890636 -0.25881904510253784
    outer loop
      vertex -94.5701881381381 -80.13748699154897 149.06445226273436
      vertex -94.61229349178414 -80.20197429076504 149.30512213985162
      vertex -94.8 -80.17801629020131 149.21570966450008
    endloop
  endfacet
  facet normal 4.066705184929428e-14 -0.9659258262890678 -0.2588190451025229
    outer loop
      vertex -94.5701881381381 -80.13748699154897 149.06445226273436
      vertex -94.41411047216403 -80.2193861013341 149.37010390154714
      vertex -94.61229349178414 -80.20197429076504 149.30512213985162
    endloop
  endfacet
  facet normal -1.067207234716515e-15 -0.965925826289073 -0.258819045102503
    outer loop
      vertex -94.5701881381381 -80.13748699154897 149.06445226273436
      vertex -94.22831678824627 -80.17671295352932 149.2108455458208
      vertex -94.41411047216403 -80.2193861013341 149.37010390154714
    endloop
  endfacet
  facet normal 1.1047731618516721e-14 -0.9659258262890704 -0.2588190451025129
    outer loop
      vertex -94.20272663908129 -80.12640461838727 149.02309228302647
      vertex -93.79115809244792 -80.22995380100221 149.4095430936277
      vertex -94 -80.23349657349813 149.4227649005821
    endloop
  endfacet
  facet normal -1.2859997007207911e-14 -0.9659258262890774 -0.2588190451024864
    outer loop
      vertex -94.20884190755208 -80.22995380100221 149.4095430936277
      vertex -94.22831678824627 -80.17671295352932 149.2108455458208
      vertex -94 -80.23349657349813 149.4227649005821
    endloop
  endfacet
  facet normal 1.5614458058730065e-14 -0.9659258262890699 -0.2588190451025151
    outer loop
      vertex -94.20272663908129 -80.12640461838727 149.02309228302647
      vertex -94 -80.23349657349813 149.4227649005821
      vertex -94.22831678824627 -80.17671295352932 149.2108455458208
    endloop
  endfacet
  facet normal -6.775533399747167e-14 -0.9659258262890915 -0.25881904510243464
    outer loop
      vertex -94.20272663908129 -80.12640461838727 149.02309228302647
      vertex -93.58588952783597 -80.21938610133411 149.37010390154714
      vertex -93.79115809244792 -80.22995380100221 149.4095430936277
    endloop
  endfacet
  facet normal 4.016390489520697e-15 -0.9659258262890595 -0.25881904510255366
    outer loop
      vertex -94.20272663908129 -80.12640461838727 149.02309228302647
      vertex -93.40307233829976 -80.17844044538627 149.2172926332006
      vertex -93.58588952783597 -80.21938610133411 149.37010390154714
    endloop
  endfacet
  facet normal -1.90404577946438e-12 -0.9659258262909787 -0.25881904509539116
    outer loop
      vertex -93.40307233829976 -80.17844044538627 149.2172926332006
      vertex -94.08888218714765 -80.13312043808568 149.04815606335546
      vertex -94 -80.13891112902375 149.06976721614726
    endloop
  endfacet
  facet normal -7.859310164291967e-12 -0.9659258262971006 -0.2588190450725439
    outer loop
      vertex -94 -80.13891112902375 149.06976721614726
      vertex -93.92081367021744 -80.14407013141626 149.08902087519243
      vertex -93.59348558248456 -80.16555878766258 149.1692176320901
    endloop
  endfacet
  facet normal -7.13770642383987e-12 -0.9659258262963659 -0.2588190450752859
    outer loop
      vertex -93.92081367021744 -80.14407013141626 149.08902087519243
      vertex -93.64527846206305 -80.16202079596839 149.15601366733057
      vertex -93.59348558248456 -80.16555878766258 149.1692176320901
    endloop
  endfacet
  facet normal 1.4504800949397532e-9 -0.9659258247981211 -0.2588190506668117
    outer loop
      vertex -93.92081367021744 -80.14407013141626 149.08902087519243
      vertex -93.71220750514205 -80.15766030369154 149.1397400886074
      vertex -93.64527846206305 -80.16202079596839 149.15601366733057
    endloop
  endfacet
  facet normal -4.557055438992981e-13 -0.965925826289515 -0.258819045100854
    outer loop
      vertex -93.92081367021744 -80.14407013141626 149.08902087519243
      vertex -93.8320746447628 -80.14951489408367 149.10934100610234
      vertex -93.71220750514205 -80.15766030369154 149.1397400886074
    endloop
  endfacet
  facet normal 1.838602708776146e-12 -0.965925826287192 -0.258819045109523
    outer loop
      vertex -93.40307233829976 -80.17844044538627 149.2172926332006
      vertex -94 -80.13891112902375 149.06976721614726
      vertex -93.59348558248456 -80.16555878766258 149.1692176320901
    endloop
  endfacet
  facet normal 2.1395605250932657e-14 -0.9659258262890049 -0.25881904510275716
    outer loop
      vertex -103 -79.30174801112905 145.94543192594148
      vertex -97.8177136714854 -79.43154531289271 146.42984205080876
      vertex -99.39694876576029 -79.39552224896318 146.29540214597944
    endloop
  endfacet
  facet normal 4.795177587245033e-14 -0.9659258262890249 -0.258819045102682
    outer loop
      vertex -103 -79.30174801112905 145.94543192594148
      vertex -99.78603414938317 -79.5391168503308 146.83130449397606
      vertex -98.0575589170951 -79.67870688517512 147.35226159624534
    endloop
  endfacet
  facet normal -1.710704352893342e-15 -0.9659258262890668 -0.2588190451025261
    outer loop
      vertex -103 -79.30174801112905 145.94543192594148
      vertex -98.13424693092523 -79.41713484981416 146.37606147043903
      vertex -97.8177136714854 -79.43154531289271 146.42984205080876
    endloop
  endfacet
  facet normal 4.002978508747149e-14 -0.9659258262890198 -0.2588190451027016
    outer loop
      vertex -103 -79.30174801112905 145.94543192594148
      vertex -99.6282888481204 -79.48089987635575 146.61403578923827
      vertex -95.59862506462687 -79.7144914961988 147.48581158271483
    endloop
  endfacet
  facet normal 5.5124996050602575e-15 -0.965925826289061 -0.2588190451025479
    outer loop
      vertex -103 -79.30174801112905 145.94543192594148
      vertex -95.59862506462687 -79.7144914961988 147.48581158271483
      vertex -99.69062371848733 -79.50390498330245 146.69989201719687
    endloop
  endfacet
  facet normal -2.2623133985591227e-15 -0.9659258262890746 -0.25881904510249726
    outer loop
      vertex -97.8177136714854 -79.43154531289271 146.42984205080876
      vertex -98.00618370325418 -79.4317855154707 146.4307384990339
      vertex -99.39694876576029 -79.39552224896318 146.29540214597944
    endloop
  endfacet
  facet normal -2.5956923325390655e-14 -0.965925826289111 -0.2588190451023616
    outer loop
      vertex -99.56633780809749 -79.45803642460238 146.5287082256583
      vertex -99.52704491856333 -79.44353511705724 146.4745886091236
      vertex -96.3861661289527 -79.57176485317748 146.9531484993655
    endloop
  endfacet
  facet normal 1.1729049320568983e-14 -0.9659258262890491 -0.25881904510259246
    outer loop
      vertex -99.52704491856333 -79.44353511705724 146.4745886091236
      vertex -97.33122613424318 -79.50900188628809 146.71891391810055
      vertex -96.3861661289527 -79.57176485317748 146.9531484993655
    endloop
  endfacet
  facet normal -7.71234655429498e-15 -0.9659258262890491 -0.25881904510259246
    outer loop
      vertex -96.89340446191189 -79.50204212595644 146.69293973893429
      vertex -96.97508498887252 -79.4801037484797 146.61106459955553
      vertex -95.84856223111888 -79.52538041779394 146.78003942983366
    endloop
  endfacet
  facet normal -1.7117780425937036e-14 -0.965925826289063 -0.2588190451025405
    outer loop
      vertex -94.73029930060942 -79.49200188120015 146.65546903538342
      vertex -94.75666674569439 -79.49723104344474 146.67498453456125
      vertex -94.78553964817812 -79.4936391390052 146.66157936469693
    endloop
  endfacet
  facet normal -4.981726289772426e-14 -0.965925826288989 -0.2588190451028163
    outer loop
      vertex -94.86905601846908 -79.48880962509187 146.6435553733966
      vertex -94.73029930060942 -79.49200188120015 146.65546903538342
      vertex -94.78553964817812 -79.4936391390052 146.66157936469693
    endloop
  endfacet
  facet normal -4.0342015700027665e-13 -0.9659258262900188 -0.2588190450989739
    outer loop
      vertex -94.86905601846908 -79.48880962509187 146.6435553733966
      vertex -94.78702011036071 -79.49027252843226 146.64901500298942
      vertex -94.73029930060942 -79.49200188120015 146.65546903538342
    endloop
  endfacet
  facet normal 2.308919686229131e-13 -0.965925826288625 -0.25881904510417497
    outer loop
      vertex -94.73029930060942 -79.49200188120015 146.65546903538342
      vertex -94.78702011036071 -79.49027252843226 146.64901500298942
      vertex -94.76483420816339 -79.49035620175358 146.64932727607587
    endloop
  endfacet
  facet normal -1.204914456287725e-13 -0.9659258262890686 -0.2588190451025198
    outer loop
      vertex -92.58079949048829 -79.87993388980095 148.10325100136384
      vertex -92.61435935394489 -79.92361970189714 148.26628867167673
      vertex -92.64111118456637 -79.92080329269282 148.25577768943134
    endloop
  endfacet
  facet normal 3.5499588661333864e-14 -0.965925826289052 -0.25881904510258175
    outer loop
      vertex -92.61435935394489 -79.96586502780109 148.42395037433255
      vertex -92.73063465553402 -79.95426877480249 148.38067256896434
      vertex -92.64111118456637 -79.92080329269282 148.25577768943134
    endloop
  endfacet
  facet normal 4.439860405632825e-14 -0.9659258262890551 -0.25881904510256987
    outer loop
      vertex -93.26948628518953 -79.57298415657841 146.95769900160758
      vertex -93.1938266691792 -79.55303967718913 146.8832651911963
      vertex -93.03484871528943 -79.56528812954087 146.9289770376871
    endloop
  endfacet
  facet normal 1.0476483332487416e-13 -0.9659258262890704 -0.2588190451025126
    outer loop
      vertex -93.26948628518953 -79.57298415657841 146.95769900160758
      vertex -93.23730888306007 -79.54559730973492 146.85548989772855
      vertex -93.1938266691792 -79.55303967718913 146.8832651911963
    endloop
  endfacet
  facet normal 5.013161690001748e-14 -0.9659258262890876 -0.25881904510244874
    outer loop
      vertex -93.05339012919954 -79.55303371362594 146.88324293487548
      vertex -93.1938266691792 -79.55303967718913 146.8832651911963
      vertex -93.16788129203985 -79.54354204270359 146.84781953674454
    endloop
  endfacet
  facet normal 5.010354146290292e-14 -0.9659258262890502 -0.2588190451025884
    outer loop
      vertex -93.03484871528943 -79.56528812954087 146.9289770376871
      vertex -93.1938266691792 -79.55303967718913 146.8832651911963
      vertex -93.05339012919954 -79.55303371362594 146.88324293487548
    endloop
  endfacet
  facet normal 3.980986077880133e-14 -0.9659258262890607 -0.25881904510254916
    outer loop
      vertex -93.03484871528943 -79.56528812954087 146.9289770376871
      vertex -93.02299127038218 -79.53925285910518 146.8318120856323
      vertex -93.0172144452715 -79.55189286133322 146.87898521615512
    endloop
  endfacet
  facet normal -9.629181246197495e-12 -0.9659258262882082 -0.25881904510573056
    outer loop
      vertex -93.03484871528943 -79.56528812954087 146.9289770376871
      vertex -93.0172144452715 -79.55189286133322 146.87898521615512
      vertex -93.01651263517734 -79.55187072977208 146.87890262004447
    endloop
  endfacet
  facet normal -7.724180161744869e-13 -0.9659258262890187 -0.25881904510270537
    outer loop
      vertex -93.03484871528943 -79.56528812954087 146.9289770376871
      vertex -93.01651263517734 -79.55187072977208 146.87890262004447
      vertex -93.01057624536104 -79.55168352746031 146.87820397150566
    endloop
  endfacet
  facet normal -5.5928584967675724e-15 -0.9659258262891098 -0.25881904510236564
    outer loop
      vertex -92.73063465553402 -79.56729161853204 146.93645416039453
      vertex -92.85656428983734 -79.57420768611473 146.96226527600174
      vertex -93.03484871528943 -79.56528812954087 146.9289770376871
    endloop
  endfacet
  facet normal 8.161096056193144e-14 -0.9659258262891208 -0.25881904510232445
    outer loop
      vertex -93.03484871528943 -79.56528812954087 146.9289770376871
      vertex -93.01057624536104 -79.55168352746031 146.87820397150566
      vertex -92.86862915010153 -79.5514518830292 146.8773394627195
    endloop
  endfacet
  facet normal -5.0117641916750476e-15 -0.9659258262891038 -0.2588190451023877
    outer loop
      vertex -92.73063465553402 -79.56729161853204 146.93645416039453
      vertex -93.03484871528943 -79.56528812954087 146.9289770376871
      vertex -92.86237835044813 -79.55124903317183 146.87658241674544
    endloop
  endfacet
  facet normal -2.905030483583889e-12 -0.9659258262867175 -0.2588190451112937
    outer loop
      vertex -93.03484871528943 -79.56528812954087 146.9289770376871
      vertex -92.86862915010153 -79.5514518830292 146.8773394627195
      vertex -92.86237835044813 -79.55124903317183 146.87658241674544
    endloop
  endfacet
  facet normal 1.0938972307487232e-13 -0.9659258262890411 -0.25881904510262255
    outer loop
      vertex -92.73063465553402 -79.56729161853204 146.93645416039453
      vertex -92.86237835044813 -79.55124903317183 146.87658241674544
      vertex -92.79265857786878 -79.54898671181036 146.8681393184814
    endloop
  endfacet
  facet normal -2.536852328114196e-15 -0.9659258262890679 -0.2588190451025223
    outer loop
      vertex -92.73063465553402 -79.73285292303895 147.55433736058168
      vertex -92.59508845114357 -79.76570253127522 147.6769337675282
      vertex -92.73063465553402 -79.77398252361766 147.70783511963646
    endloop
  endfacet
  facet normal 2.34149980261336e-13 -0.9659258262890473 -0.25881904510259857
    outer loop
      vertex -92.89134456098645 -79.70053118868455 147.43371100578233
      vertex -92.82030623568521 -79.71738405412844 147.4966067558721
      vertex -92.86862915010153 -79.7178506972806 147.4983482918249
    endloop
  endfacet
  facet normal -9.188791861721215e-15 -0.9659258262890232 -0.2588190451026894
    outer loop
      vertex -92.58588250086795 -79.72478070546993 147.52421143448436
      vertex -92.73063465553402 -79.73285292303895 147.55433736058168
      vertex -92.82030623568521 -79.71738405412844 147.4966067558721
    endloop
  endfacet
  facet normal 2.5598163444611102e-14 -0.9659258262890895 -0.2588190451024409
    outer loop
      vertex -92.58588250086795 -79.72478070546993 147.52421143448436
      vertex -92.51164630878799 -79.70097930132445 147.43538338492195
      vertex -92.52179274798195 -79.7212066900749 147.51087302744307
    endloop
  endfacet
  facet normal -3.4614574291743615e-14 -0.9659258262890771 -0.25881904510248793
    outer loop
      vertex -92.58588250086795 -79.72478070546993 147.52421143448436
      vertex -92.82030623568521 -79.71738405412844 147.4966067558721
      vertex -92.51164630878799 -79.70097930132445 147.43538338492195
    endloop
  endfacet
  facet normal 2.23656516966121e-14 -0.965925826289061 -0.2588190451025479
    outer loop
      vertex -92.73063465553402 -79.73285292303895 147.55433736058168
      vertex -92.58588250086795 -79.72478070546993 147.52421143448436
      vertex -92.59508845114357 -79.76570253127522 147.6769337675282
    endloop
  endfacet
  facet normal 5.3596315961039164e-14 -0.9659258262890571 -0.25881904510256226
    outer loop
      vertex -92.75300918741652 -79.89306828480233 148.15226923083566
      vertex -92.73063465553402 -79.8789859439521 148.09971321929314
      vertex -92.65316832594017 -79.87319186535903 148.07808942360077
    endloop
  endfacet
  facet normal -2.4584789024935296e-15 -0.9659258262890793 -0.25881904510247955
    outer loop
      vertex -92.75300918741652 -79.89306828480233 148.15226923083566
      vertex -92.58079949048829 -79.87993388980095 148.10325100136384
      vertex -92.73063465553402 -79.90137006232905 148.18325188635853
    endloop
  endfacet
  facet normal -7.818102107859493e-14 -0.9659258262890128 -0.2588190451027278
    outer loop
      vertex -92.75300918741652 -79.89306828480233 148.15226923083566
      vertex -92.65316832594017 -79.87319186535903 148.07808942360077
      vertex -92.58079949048829 -79.87993388980095 148.10325100136384
    endloop
  endfacet
  facet normal -4.647029922702805e-17 -0.9659258262890805 -0.25881904510247533
    outer loop
      vertex -92.58079949048829 -79.87993388980095 148.10325100136384
      vertex -92.64111118456637 -79.92080329269282 148.25577768943134
      vertex -92.73063465553402 -79.90137006232905 148.18325188635853
    endloop
  endfacet
  facet normal -1.4242446949299759e-13 -0.965925826289059 -0.2588190451025554
    outer loop
      vertex -92.58079949048829 -79.87993388980095 148.10325100136384
      vertex -92.65316832594017 -79.87319186535903 148.07808942360077
      vertex -92.61435935394489 -79.86420894729447 148.0445647169836
    endloop
  endfacet
  facet normal -1.3088294515583038e-13 -0.9659258262890753 -0.2588190451024946
    outer loop
      vertex -92.59508845114357 -79.76570253127522 147.6769337675282
      vertex -92.61435935394489 -79.8070662719125 147.83130534917765
      vertex -92.6740426541019 -79.79076299373835 147.77046068670182
    endloop
  endfacet
  facet normal 3.641775916717012e-14 -0.9659258262891106 -0.25881904510236275
    outer loop
      vertex -92.73063465553402 -79.77398252361766 147.70783511963646
      vertex -92.59508845114357 -79.76570253127522 147.6769337675282
      vertex -92.6740426541019 -79.79076299373835 147.77046068670182
    endloop
  endfacet
  facet normal 1.4490196943811988e-13 -0.9659258262890229 -0.2588190451026903
    outer loop
      vertex -93.04797599165052 -79.63031523923256 147.1716615149258
      vertex -93.11413807376661 -79.61078905165752 147.09878879081765
      vertex -93.07781516079805 -79.60844862404728 147.09005419606484
    endloop
  endfacet
  facet normal -2.334315248083213e-13 -0.9659258262890574 -0.2588190451025613
    outer loop
      vertex -93.04797599165052 -79.63031523923256 147.1716615149258
      vertex -93.07781516079805 -79.60844862404728 147.09005419606484
      vertex -93.04051626183966 -79.61286684742261 147.1065432301807
    endloop
  endfacet
  facet normal -1.2259273489107162e-13 -0.9659258262891018 -0.2588190451023955
    outer loop
      vertex -93.04797599165052 -79.63031523923256 147.1716615149258
      vertex -93.0048356481306 -79.63808105633643 147.20064393891974
      vertex -93.01661467765275 -79.6424630465425 147.21699774900708
    endloop
  endfacet
  facet normal 2.5376643327506403e-14 -0.9659258262890928 -0.25881904510242953
    outer loop
      vertex -93.04797599165052 -79.63031523923256 147.1716615149258
      vertex -93.01849625725845 -79.61200819517853 147.10333869637975
      vertex -92.86862915010153 -79.62299321259405 147.14433533949654
    endloop
  endfacet
  facet normal 2.5578882778631692e-15 -0.9659258262890553 -0.2588190451025693
    outer loop
      vertex -93.04797599165052 -79.63031523923256 147.1716615149258
      vertex -92.86862915010153 -79.62299321259405 147.14433533949654
      vertex -93.0048356481306 -79.63808105633643 147.20064393891974
    endloop
  endfacet
  facet normal 7.323468995862694e-14 -0.9659258262890874 -0.25881904510244946
    outer loop
      vertex -93.26948628518953 -79.57298415657841 146.95769900160758
      vertex -93.15005406333921 -79.58949181374676 147.01930641687383
      vertex -93.17138863338113 -79.5952501860626 147.04079695492544
    endloop
  endfacet
  facet normal 8.227344037457283e-14 -0.965925826289083 -0.2588190451024659
    outer loop
      vertex -93.26948628518953 -79.57298415657841 146.95769900160758
      vertex -93.06593196653715 -79.58148832543594 146.9894369918601
      vertex -93.15005406333921 -79.58949181374676 147.01930641687383
    endloop
  endfacet
  facet normal 6.869645235384176e-14 -0.9659258262891047 -0.2588190451023846
    outer loop
      vertex -93.26948628518953 -79.57298415657841 146.95769900160758
      vertex -93.03484871528943 -79.56528812954087 146.9289770376871
      vertex -93.06593196653715 -79.58148832543594 146.9894369918601
    endloop
  endfacet
  facet normal -1.082333846388886e-12 -0.9659258262890347 -0.2588190451026465
    outer loop
      vertex -92.99552641221103 -79.61111254261343 147.09999607550083
      vertex -93.00863559162767 -79.6116236980489 147.10190373355664
      vertex -93.00988285893561 -79.59459427760518 147.03834907123726
    endloop
  endfacet
  facet normal 5.929562653186506e-13 -0.965925826289115 -0.258819045102346
    outer loop
      vertex -93.00358108718177 -79.57930611684657 146.9812928785318
      vertex -93.00988285893561 -79.59459427760518 147.03834907123726
      vertex -93.01322871775301 -79.57964375317538 146.98255295446538
    endloop
  endfacet
  facet normal -7.518130659060749e-13 -0.9659258262891183 -0.25881904510233394
    outer loop
      vertex -93.03484871528943 -79.56528812954087 146.9289770376871
      vertex -93.01322871775301 -79.57964375317538 146.98255295446538
      vertex -93.02048013705499 -79.57989753446338 146.98350007912626
    endloop
  endfacet
  facet normal 5.273599423477376e-13 -0.9659258262889894 -0.2588190451028157
    outer loop
      vertex -93.03484871528943 -79.56528812954087 146.9289770376871
      vertex -93.00358108718177 -79.57930611684657 146.9812928785318
      vertex -93.01322871775301 -79.57964375317538 146.98255295446538
    endloop
  endfacet
  facet normal 5.838228742083377e-13 -0.9659258262885823 -0.2588190451043346
    outer loop
      vertex -92.86862915010153 -79.62299321259405 147.14433533949654
      vertex -93.01849625725845 -79.61200819517853 147.10333869637975
      vertex -93.00863559162767 -79.6116236980489 147.10190373355664
    endloop
  endfacet
  facet normal -7.19687790296683e-13 -0.9659258262896577 -0.25881904510032105
    outer loop
      vertex -92.86862915010153 -79.62299321259405 147.14433533949654
      vertex -93.00863559162767 -79.6116236980489 147.10190373355664
      vertex -92.99552641221103 -79.61111254261343 147.09999607550083
    endloop
  endfacet
  facet normal 1.921631517038193e-14 -0.9659258262890653 -0.25881904510253173
    outer loop
      vertex -93.00154908631245 -79.64829870446887 147.23877672088386
      vertex -93.0048356481306 -79.63808105633643 147.20064393891974
      vertex -92.86862915010153 -79.62299321259405 147.14433533949654
    endloop
  endfacet
  facet normal -4.888177757053151e-15 -0.9659258262890659 -0.2588190451025295
    outer loop
      vertex -92.96076951545868 -79.66409467427259 147.29772808274618
      vertex -92.86862915010153 -79.62299321259405 147.14433533949654
      vertex -92.8352481034838 -79.65838137423371 147.2764057567222
    endloop
  endfacet
  facet normal 3.658563320324508e-14 -0.9659258262890904 -0.25881904510243825
    outer loop
      vertex -92.66169067818458 -79.65048164119926 147.2469235516714
      vertex -92.52179274798195 -79.66091288446803 147.28585348153658
      vertex -92.70418600936068 -79.67173244379231 147.32623262665027
    endloop
  endfacet
  facet normal 4.920268867984208e-14 -0.9659258262890791 -0.25881904510248055
    outer loop
      vertex -92.61435935394489 -79.61233086525209 147.10454291748835
      vertex -92.52179274798195 -79.66091288446803 147.28585348153658
      vertex -92.66169067818458 -79.65048164119926 147.2469235516714
    endloop
  endfacet
  facet normal -2.6422734674164237e-15 -0.9659258262890693 -0.25881904510251724
    outer loop
      vertex -92.96076951545868 -79.66409467427259 147.29772808274618
      vertex -92.8352481034838 -79.65838137423371 147.2764057567222
      vertex -92.89134456098645 -79.70053118868455 147.43371100578233
    endloop
  endfacet
  facet normal 1.3175812873362812e-15 -0.9659258262890532 -0.2588190451025772
    outer loop
      vertex -92.89134456098645 -79.70053118868455 147.43371100578233
      vertex -92.73063465553402 -79.67301478324632 147.3310183826452
      vertex -92.49603195647556 -79.68055436276644 147.359156476482
    endloop
  endfacet
  facet normal 3.8640610794027645e-14 -0.9659258262891026 -0.25881904510239256
    outer loop
      vertex -92.89134456098645 -79.70053118868455 147.43371100578233
      vertex -92.49603195647556 -79.68055436276644 147.359156476482
      vertex -92.82030623568521 -79.71738405412844 147.4966067558721
    endloop
  endfacet
  facet normal 5.57112543759821e-14 -0.9659258262890743 -0.2588190451024978
    outer loop
      vertex -92.89134456098645 -79.70053118868455 147.43371100578233
      vertex -92.8352481034838 -79.65838137423371 147.2764057567222
      vertex -92.73063465553402 -79.67301478324632 147.3310183826452
    endloop
  endfacet
  facet normal -6.094565503410522e-14 -0.9659258262890439 -0.25881904510261183
    outer loop
      vertex -92.49603195647556 -79.68055436276644 147.359156476482
      vertex -92.51164630878799 -79.70097930132445 147.43538338492195
      vertex -92.82030623568521 -79.71738405412844 147.4966067558721
    endloop
  endfacet
  facet normal 2.0203644171344317e-14 -0.9659258262890719 -0.2588190451025073
    outer loop
      vertex -92.49603195647556 -79.68055436276644 147.359156476482
      vertex -92.70418600936068 -79.67173244379231 147.32623262665027
      vertex -92.52179274798195 -79.66091288446803 147.28585348153658
    endloop
  endfacet
  facet normal -9.510765899791133e-14 -0.9659258262892542 -0.2588190451018271
    outer loop
      vertex -92.49603195647556 -79.68055436276644 147.359156476482
      vertex -92.73063465553402 -79.67301478324632 147.3310183826452
      vertex -92.70418600936068 -79.67173244379231 147.32623262665027
    endloop
  endfacet
  facet normal 2.160273614973268e-14 -0.9659258262890497 -0.25881904510258996
    outer loop
      vertex -93.00358108718177 -79.57930611684657 146.9812928785318
      vertex -92.85656428983734 -79.57420768611473 146.96226527600174
      vertex -92.86862915010153 -79.58942995473225 147.01907555588878
    endloop
  endfacet
  facet normal 2.885370911743477e-14 -0.9659258262890636 -0.2588190451025378
    outer loop
      vertex -93.03484871528943 -79.56528812954087 146.9289770376871
      vertex -92.85656428983734 -79.57420768611473 146.96226527600174
      vertex -93.00358108718177 -79.57930611684657 146.9812928785318
    endloop
  endfacet
  facet normal 1.3597526144335362e-14 -0.9659258262890742 -0.25881904510249915
    outer loop
      vertex -93.4 -80.08835874298451 148.88110314300496
      vertex -93.23388827233507 -80.10095345314782 148.92810724124107
      vertex -93.26108885891432 -80.12659563957413 149.02380518380122
    endloop
  endfacet
  facet normal 8.349428542771802e-14 -0.9659258262890394 -0.2588190451026283
    outer loop
      vertex -92.92292669073024 -80.12453078298054 149.01609903408357
      vertex -93.08039031058122 -80.09141369701992 148.8925043866799
      vertex -93.03352396470109 -80.08460527591731 148.86709501320567
    endloop
  endfacet
  facet normal 2.9983283905254837e-14 -0.9659258262890722 -0.2588190451025057
    outer loop
      vertex -93.02598171358605 -80.14792202767501 149.1033963477356
      vertex -93.4298118618619 -80.13748699154897 149.06445226273436
      vertex -93.30493982253489 -80.1309730547321 149.0401419195765
    endloop
  endfacet
  facet normal 1.0093982252210916e-13 -0.965925826288994 -0.2588190451027977
    outer loop
      vertex -93.02598171358605 -80.14792202767501 149.1033963477356
      vertex -93.30493982253489 -80.1309730547321 149.0401419195765
      vertex -93.26108885891432 -80.12659563957413 149.02380518380122
    endloop
  endfacet
  facet normal 1.4157955516379633e-13 -0.9659258262889641 -0.2588190451029098
    outer loop
      vertex -93.02598171358605 -80.14792202767501 149.1033963477356
      vertex -93.26108885891432 -80.12659563957413 149.02380518380122
      vertex -93.22134564866697 -80.12947571460751 149.03455377015538
    endloop
  endfacet
  facet normal -8.093291047803843e-14 -0.9659258262890452 -0.2588190451026067
    outer loop
      vertex -92.92292669073024 -80.12453078298054 149.01609903408357
      vertex -93.03042094938691 -80.14331147312399 149.08618952390012
      vertex -93.0621919867796 -80.12744422135842 149.02697213413455
    endloop
  endfacet
  facet normal -1.1393064865826018e-13 -0.9659258262890327 -0.2588190451026538
    outer loop
      vertex -92.92292669073024 -80.12453078298054 149.01609903408357
      vertex -93.01165904454697 -80.14467109388366 149.09126369765423
      vertex -93.03042094938691 -80.14331147312399 149.08618952390012
    endloop
  endfacet
  facet normal -6.043635300772925e-14 -0.965925826289111 -0.2588190451023618
    outer loop
      vertex -92.92292669073024 -80.12453078298054 149.01609903408357
      vertex -93.0621919867796 -80.12744422135842 149.02697213413455
      vertex -93.23388827233507 -80.10095345314782 148.92810724124107
    endloop
  endfacet
  facet normal -2.2705755478537524e-14 -0.9659258262890775 -0.25881904510248616
    outer loop
      vertex -92.92292669073024 -80.12453078298054 149.01609903408357
      vertex -93.23388827233507 -80.10095345314782 148.92810724124107
      vertex -93.1223941228182 -80.09339842239265 148.89991148261
    endloop
  endfacet
  facet normal 1.5879053019768183e-14 -0.9659258262890611 -0.25881904510254794
    outer loop
      vertex -92.92292669073024 -80.12453078298054 149.01609903408357
      vertex -93.1223941228182 -80.09339842239265 148.89991148261
      vertex -93.08039031058122 -80.09141369701992 148.8925043866799
    endloop
  endfacet
  facet normal 2.669811413650355e-14 -0.9659258262890663 -0.25881904510252834
    outer loop
      vertex -93.40307233829976 -80.17844044538627 149.2172926332006
      vertex -93.38770650821586 -80.20197429076504 149.30512213985162
      vertex -93.58588952783597 -80.21938610133411 149.37010390154714
    endloop
  endfacet
  facet normal 2.201333156195555e-13 -0.9659258262887945 -0.2588190451035423
    outer loop
      vertex -93.40307233829976 -80.17844044538627 149.2172926332006
      vertex -93.59348558248456 -80.16555878766258 149.1692176320901
      vertex -93.42910936021511 -80.17610394852521 149.2085727082034
    endloop
  endfacet
  facet normal 1.0392576060972735e-13 -0.9659258262891002 -0.25881904510240167
    outer loop
      vertex -93.02598171358605 -80.14792202767501 149.1033963477356
      vertex -93.2 -80.17801629020131 149.21570966450008
      vertex -93.21892253775462 -80.16953354859034 149.18405164182042
    endloop
  endfacet
  facet normal 3.5108107153713184e-14 -0.9659258262890591 -0.2588190451025553
    outer loop
      vertex -93.02598171358605 -80.14792202767501 149.1033963477356
      vertex -93.21892253775462 -80.16953354859034 149.18405164182042
      vertex -93.4298118618619 -80.13748699154897 149.06445226273436
    endloop
  endfacet
  facet normal 2.8576129256831464e-14 -0.9659258262890609 -0.25881904510254855
    outer loop
      vertex -93.26948628518953 -80.06578804608978 148.7968681554316
      vertex -93.23388827233507 -80.10095345314782 148.92810724124107
      vertex -93.4 -80.08835874298451 148.88110314300496
    endloop
  endfacet
  facet normal -6.210946240274888e-14 -0.9659258262889723 -0.25881904510287895
    outer loop
      vertex -93.0546315361345 -80.08292201554785 148.8608129999845
      vertex -93.03352396470109 -80.08460527591731 148.86709501320567
      vertex -93.08039031058122 -80.09141369701992 148.8925043866799
    endloop
  endfacet
  facet normal -4.786183729900575e-13 -0.9659258262891361 -0.25881904510226794
    outer loop
      vertex -92.89137048496488 -80.02240508764739 148.63496075034192
      vertex -92.89435948849732 -80.04137530843227 148.70575857814197
      vertex -92.90548618563707 -80.0211478678313 148.63026874211204
    endloop
  endfacet
  facet normal -3.990820089276723e-13 -0.9659258262890762 -0.25881904510249126
    outer loop
      vertex -92.89137048496488 -80.02240508764739 148.63496075034192
      vertex -92.90548618563707 -80.0211478678313 148.63026874211204
      vertex -92.90933671095954 -80.00014563767537 148.55188735209785
    endloop
  endfacet
  facet normal 4.11716964770635e-15 -0.9659258262890731 -0.25881904510250303
    outer loop
      vertex -92.61435935394489 -79.96586502780109 148.42395037433255
      vertex -92.61931528327216 -80.00687128662871 148.57698781570556
      vertex -92.73063465553402 -79.95426877480249 148.38067256896434
    endloop
  endfacet
  facet normal 1.853956289023322e-15 -0.9659258262890662 -0.2588190451025287
    outer loop
      vertex -85 -80.72525275919293 151.25802397053133
      vertex -92.43037053228026 -79.92824046075924 148.2835335785196
      vertex -92.38890210026756 -79.8742829310349 148.08216133613746
    endloop
  endfacet
  facet normal -2.950471224705189e-16 -0.9659258262890675 -0.2588190451025242
    outer loop
      vertex -85 -79.30174801112905 145.94543192594148
      vertex -85 -80.72525275919293 151.25802397053133
      vertex -92.38890210026756 -79.8742829310349 148.08216133613746
    endloop
  endfacet
  facet normal 1.0788310678803502e-14 -0.9659258262890553 -0.2588190451025692
    outer loop
      vertex 30 -79.30174801112905 145.94543192594148
      vertex 33.30937628151267 -79.50390498330245 146.69989201719687
      vertex 37.014832080390214 -79.76727932923191 147.6828184576158
    endloop
  endfacet
  facet normal -7.551353657673828e-14 -0.9659258262891425 -0.25881904510224407
    outer loop
      vertex 30 -79.30174801112905 145.94543192594148
      vertex 37.014832080390214 -79.76727932923191 147.6828184576158
      vertex 33.25032686971771 -79.52569756946627 146.78122305598862
    endloop
  endfacet
  facet normal 4.052004762648526e-15 -0.9659258262890547 -0.2588190451025713
    outer loop
      vertex 33.433662191902506 -79.45803642460238 146.5287082256583
      vertex 36.613833871047305 -79.57176485317748 146.9531484993655
      vertex 37.20548272935593 -79.62971663504796 147.16942749369522
    endloop
  endfacet
  facet normal -2.2497036040393136e-14 -0.9659258262890937 -0.2588190451024255
    outer loop
      vertex 33.433662191902506 -79.45803642460238 146.5287082256583
      vertex 37.20548272935593 -79.62971663504796 147.16942749369522
      vertex 36.909049107760154 -79.65089162484234 147.2484536314577
    endloop
  endfacet
  facet normal -9.006565425269155e-15 -0.9659258262890607 -0.2588190451025491
    outer loop
      vertex 37.730634655534026 -79.92527861834633 148.2724798321506
      vertex 37.868629150101526 -79.94050644480161 148.32931085417056
      vertex 37.730634655534026 -79.95426877480249 148.38067256896434
    endloop
  endfacet
  facet normal -2.1952448615900234e-14 -0.965925826289052 -0.25881904510258164
    outer loop
      vertex 37.868629150101526 -79.94050644480161 148.32931085417056
      vertex 37.82973329497801 -79.95861386685684 148.39688867327473
      vertex 37.730634655534026 -79.95426877480249 148.38067256896434
    endloop
  endfacet
  facet normal -4.860736855239768e-15 -0.9659258262890843 -0.25881904510246123
    outer loop
      vertex 37.868629150101526 -79.9209215053876 148.2562188652143
      vertex 37.730634655534026 -79.92527861834633 148.2724798321506
      vertex 37.814318667221876 -79.89774434509079 148.1697205254114
    endloop
  endfacet
  facet normal -2.1892136273266693e-14 -0.9659258262890809 -0.2588190451024741
    outer loop
      vertex 37.6143593539449 -79.91590018919597 148.23747905806627
      vertex 37.814318667221876 -79.89774434509079 148.1697205254114
      vertex 37.730634655534026 -79.92527861834633 148.2724798321506
    endloop
  endfacet
  facet normal -1.2029599906172524e-14 -0.9659258262890691 -0.25881904510251796
    outer loop
      vertex 37.891344560986454 -79.93824101398364 148.32085615125686
      vertex 37.730634655534026 -79.92527861834633 148.2724798321506
      vertex 37.868629150101526 -79.9209215053876 148.2562188652143
    endloop
  endfacet
  facet normal 1.7167445057687164e-14 -0.9659258262890447 -0.2588190451026084
    outer loop
      vertex 37.891344560986454 -79.93824101398364 148.32085615125686
      vertex 37.868629150101526 -79.94050644480161 148.32931085417056
      vertex 37.730634655534026 -79.92527861834633 148.2724798321506
    endloop
  endfacet
  facet normal -2.455469028473454e-14 -0.9659258262891119 -0.2588190451023582
    outer loop
      vertex 35.79901412646291 -79.49195356741436 146.6552887258801
      vertex 37.15143776888112 -79.52538041779394 146.78003942983366
      vertex 37.71080082202674 -79.56335264223827 146.92175370073636
    endloop
  endfacet
  facet normal -1.3970820049811122e-14 -0.9659258262890928 -0.25881904510242926
    outer loop
      vertex 35.79901412646291 -79.49195356741436 146.6552887258801
      vertex 37.71080082202674 -79.56335264223827 146.92175370073636
      vertex 36.94186740856644 -79.55554697283337 146.8926225459302
    endloop
  endfacet
  facet normal -9.234201882709491e-14 -0.9659258262890797 -0.2588190451024784
    outer loop
      vertex 37.792658577868785 -79.54898671181036 146.8681393184814
      vertex 37.88086080488757 -79.56023738203096 146.9101273913639
      vertex 37.868629150101526 -79.58942995473225 147.01907555588878
    endloop
  endfacet
  facet normal -6.541157424448702e-14 -0.9659258262890863 -0.2588190451024539
    outer loop
      vertex 37.88368615259256 -79.5603300524091 146.91047324192346
      vertex 37.901745820925974 -79.56092240296849 146.91268392430698
      vertex 37.909189964945526 -79.5909128831847 147.0246099202173
    endloop
  endfacet
  facet normal -5.159308535992958e-13 -0.9659258262890499 -0.2588190451025895
    outer loop
      vertex 37.88086080488757 -79.56023738203096 146.9101273913639
      vertex 37.868629150101526 -79.5514518830292 146.8773394627195
      vertex 37.873912745006656 -79.54742972002273 146.86232854602304
    endloop
  endfacet
  facet normal 6.816209069273132e-14 -0.9659258262889955 -0.2588190451027929
    outer loop
      vertex 37.88086080488757 -79.56023738203096 146.9101273913639
      vertex 37.792658577868785 -79.54898671181036 146.8681393184814
      vertex 37.868629150101526 -79.5514518830292 146.8773394627195
    endloop
  endfacet
  facet normal -2.2472913524321544e-14 -0.9659258262889985 -0.25881904510278114
    outer loop
      vertex 37.88368615259256 -79.5603300524091 146.91047324192346
      vertex 37.884643554833296 -79.55197159386522 146.87927904996477
      vertex 37.901745820925974 -79.56092240296849 146.91268392430698
    endloop
  endfacet
  facet normal -1.0353676303992866e-13 -0.965925826289077 -0.25881904510248854
    outer loop
      vertex 38.16516628714437 -79.56956249854704 146.94492919998837
      vertex 38.059142681558306 -79.56608496280732 146.93195085992264
      vertex 38.07404092363474 -79.54076408350097 146.837452051859
    endloop
  endfacet
  facet normal -4.964378340151703e-15 -0.965925826289072 -0.258819045102507
    outer loop
      vertex 37.269241998406876 -79.8880640225876 148.1335930699959
      vertex 36.90024587812605 -79.82802821826319 147.9095363979839
      vertex 37.38658191795901 -79.86512095905833 148.04796839122338
    endloop
  endfacet
  facet normal 4.630022561461305e-15 -0.9659258262890634 -0.25881904510253845
    outer loop
      vertex 36.90024587812605 -79.82802821826319 147.9095363979839
      vertex 37.326455767344065 -79.82534875920452 147.89953652064017
      vertex 37.38658191795901 -79.86512095905833 148.04796839122338
    endloop
  endfacet
  facet normal 4.713392972912438e-14 -0.9659258262890763 -0.2588190451024902
    outer loop
      vertex 37.633394174186115 -79.68749585939372 147.38506249457555
      vertex 37.643652037370344 -79.72800226903549 147.53623447339083
      vertex 37.49981746350519 -79.71998122108035 147.50629951489228
    endloop
  endfacet
  facet normal -3.0121531103475256e-13 -0.965925826289138 -0.25881904510226017
    outer loop
      vertex 37.49981746350519 -79.71998122108035 147.50629951489228
      vertex 37.54243766502776 -79.74243585390712 147.59010134546716
      vertex 37.52179274798194 -79.74121593544382 147.58554854778103
    endloop
  endfacet
  facet normal -1.3678429087838054e-14 -0.9659258262890748 -0.25881904510249615
    outer loop
      vertex 37.643652037370344 -79.72800226903549 147.53623447339083
      vertex 37.6143593539449 -79.7668797160466 147.6813270809049
      vertex 37.54243766502776 -79.74243585390712 147.59010134546716
    endloop
  endfacet
  facet normal 3.0987018758394475e-14 -0.965925826289096 -0.2588190451024178
    outer loop
      vertex 37.49981746350519 -79.71998122108035 147.50629951489228
      vertex 37.643652037370344 -79.72800226903549 147.53623447339083
      vertex 37.54243766502776 -79.74243585390712 147.59010134546716
    endloop
  endfacet
  facet normal -1.815892473851927e-14 -0.9659258262890841 -0.25881904510246206
    outer loop
      vertex 37.633394174186115 -79.68749585939372 147.38506249457555
      vertex 37.868629150101526 -79.7178506972806 147.4983482918249
      vertex 37.773162060666685 -79.73522449718006 147.56318819577024
    endloop
  endfacet
  facet normal 1.456673914946718e-13 -0.9659258262890519 -0.258819045102582
    outer loop
      vertex 37.633394174186115 -79.68749585939372 147.38506249457555
      vertex 37.773162060666685 -79.73522449718006 147.56318819577024
      vertex 37.730634655534026 -79.73285292303895 147.55433736058168
    endloop
  endfacet
  facet normal -4.120402214576047e-14 -0.9659258262890665 -0.25881904510252723
    outer loop
      vertex 37.57718798069766 -79.87965844075838 148.10222301154207
      vertex 37.814318667221876 -79.89774434509079 148.1697205254114
      vertex 37.6143593539449 -79.91590018919597 148.23747905806627
    endloop
  endfacet
  facet normal 5.864291909471342e-14 -0.9659258262890591 -0.258819045102555
    outer loop
      vertex 37.57718798069766 -79.87965844075838 148.10222301154207
      vertex 37.6143593539449 -79.86420894729447 148.0445647169836
      vertex 37.680950299398056 -79.87528622608255 148.0859056842303
    endloop
  endfacet
  facet normal 2.6121183354540453e-14 -0.9659258262890074 -0.25881904510274795
    outer loop
      vertex 37.57718798069766 -79.87965844075838 148.10222301154207
      vertex 37.680950299398056 -79.87528622608255 148.0859056842303
      vertex 37.814318667221876 -79.89774434509079 148.1697205254114
    endloop
  endfacet
  facet normal -1.5419443970346108e-14 -0.965925826289024 -0.2588190451026862
    outer loop
      vertex 37.814318667221876 -79.89774434509079 148.1697205254114
      vertex 37.680950299398056 -79.87528622608255 148.0859056842303
      vertex 37.730634655534026 -79.8789859439521 148.09971321929314
    endloop
  endfacet
  facet normal -6.2434620578635946e-15 -0.9659258262890539 -0.2588190451025743
    outer loop
      vertex 37.633394174186115 -79.68749585939372 147.38506249457555
      vertex 37.52179274798194 -79.66091288446803 147.28585348153658
      vertex 37.6143593539449 -79.64832728321073 147.23888337820054
    endloop
  endfacet
  facet normal -1.4983192457741118e-13 -0.9659258262890577 -0.25881904510256
    outer loop
      vertex 37.912427870178995 -79.62478134218904 147.1510087299955
      vertex 37.868629150101526 -79.62299321259405 147.14433533949654
      vertex 37.891772765802756 -79.59027609962229 147.02223341160894
    endloop
  endfacet
  facet normal -1.6134676521307641e-13 -0.965925826289077 -0.25881904510248865
    outer loop
      vertex 37.935802816979844 -79.6771980241539 147.34663045025255
      vertex 37.868629150101526 -79.62299321259405 147.14433533949654
      vertex 37.912427870178995 -79.62478134218904 147.1510087299955
    endloop
  endfacet
  facet normal -3.477082327433705e-14 -0.9659258262890664 -0.25881904510252796
    outer loop
      vertex 37.935802816979844 -79.6771980241539 147.34663045025255
      vertex 37.81069025544854 -79.65726358602589 147.27223411433852
      vertex 37.868629150101526 -79.62299321259405 147.14433533949654
    endloop
  endfacet
  facet normal 1.558259261921749e-13 -0.9659258262890389 -0.2588190451026306
    outer loop
      vertex 38.04797599165052 -79.63031523923254 147.1716615149258
      vertex 37.912427870178995 -79.62478134218904 147.1510087299955
      vertex 37.948410990094665 -79.60933480862403 147.09336148193012
    endloop
  endfacet
  facet normal 1.467651458249197e-13 -0.9659258262890537 -0.25881904510257514
    outer loop
      vertex 38.04797599165052 -79.63031523923254 147.1716615149258
      vertex 37.94308791126107 -79.64468977881931 147.22530802699896
      vertex 37.912427870178995 -79.62478134218904 147.1510087299955
    endloop
  endfacet
  facet normal -4.502720909390697e-14 -0.9659258262890511 -0.25881904510258497
    outer loop
      vertex 37.496031956475555 -79.68055436276644 147.359156476482
      vertex 37.633394174186115 -79.68749585939372 147.38506249457555
      vertex 37.49981746350519 -79.71998122108035 147.50629951489228
    endloop
  endfacet
  facet normal -5.821344665561556e-14 -0.9659258262890684 -0.2588190451025197
    outer loop
      vertex 37.496031956475555 -79.68055436276644 147.359156476482
      vertex 37.52179274798194 -79.66091288446803 147.28585348153658
      vertex 37.633394174186115 -79.68749585939372 147.38506249457555
    endloop
  endfacet
  facet normal 3.286828257644736e-14 -0.9659258262890398 -0.2588190451026271
    outer loop
      vertex 37.891344560986454 -79.70053118868455 147.43371100578233
      vertex 37.633394174186115 -79.68749585939372 147.38506249457555
      vertex 37.730634655534026 -79.67301478324632 147.3310183826452
    endloop
  endfacet
  facet normal 1.086827417003453e-14 -0.965925826289069 -0.2588190451025183
    outer loop
      vertex 37.891344560986454 -79.70053118868455 147.43371100578233
      vertex 37.868629150101526 -79.7178506972806 147.4983482918249
      vertex 37.633394174186115 -79.68749585939372 147.38506249457555
    endloop
  endfacet
  facet normal -9.243049726960264e-15 -0.9659258262890668 -0.2588190451025263
    outer loop
      vertex 37.891344560986454 -79.70053118868455 147.43371100578233
      vertex 37.75774087721742 -79.67432908819107 147.33592343547565
      vertex 37.81069025544854 -79.65726358602589 147.27223411433852
    endloop
  endfacet
  facet normal -2.2190997046549627e-13 -0.9659258262891396 -0.25881904510225506
    outer loop
      vertex 37.891344560986454 -79.70053118868455 147.43371100578233
      vertex 37.730634655534026 -79.67301478324632 147.3310183826452
      vertex 37.75774087721742 -79.67432908819107 147.33592343547565
    endloop
  endfacet
  facet normal -4.707443397157064e-14 -0.9659258262890716 -0.25881904510250864
    outer loop
      vertex 37.891344560986454 -79.70053118868455 147.43371100578233
      vertex 37.81069025544854 -79.65726358602589 147.27223411433852
      vertex 37.935802816979844 -79.6771980241539 147.34663045025255
    endloop
  endfacet
  facet normal 1.8543698492699888e-13 -0.9659258262890436 -0.25881904510261333
    outer loop
      vertex 37.912427870178995 -79.62478134218904 147.1510087299955
      vertex 37.909189964945526 -79.5909128831847 147.0246099202173
      vertex 37.948410990094665 -79.60933480862403 147.09336148193012
    endloop
  endfacet
  facet normal 6.835004858429488e-13 -0.9659258262890973 -0.2588190451024125
    outer loop
      vertex 37.868629150101526 -79.62299321259405 147.14433533949654
      vertex 37.88469767772356 -79.59001743003056 147.0212680435502
      vertex 37.891772765802756 -79.59027609962229 147.02223341160894
    endloop
  endfacet
  facet normal -4.4236408636195e-13 -0.9659258262890699 -0.25881904510251497
    outer loop
      vertex 37.88086080488757 -79.56023738203096 146.9101273913639
      vertex 37.88469767772356 -79.59001743003056 147.0212680435502
      vertex 37.868629150101526 -79.58942995473225 147.01907555588878
    endloop
  endfacet
  facet normal -9.820373561994269e-14 -0.9659258262891197 -0.2588190451023293
    outer loop
      vertex 38.04797599165052 -79.63031523923254 147.1716615149258
      vertex 37.948410990094665 -79.60933480862403 147.09336148193012
      vertex 38.040516261839656 -79.61286684742261 147.1065432301807
    endloop
  endfacet
  facet normal 1.0027630237954472e-13 -0.965925826289031 -0.25881904510266
    outer loop
      vertex 38.04797599165052 -79.63031523923254 147.1716615149258
      vertex 37.99020441605069 -79.65269306333867 147.25517669145265
      vertex 37.94308791126107 -79.64468977881931 147.22530802699896
    endloop
  endfacet
  facet normal -1.002643469185242e-13 -0.9659258262890702 -0.25881904510251347
    outer loop
      vertex 38.16516628714437 -79.56956249854704 146.94492919998837
      vertex 38.114902359963224 -79.58320244219081 146.9958341626793
      vertex 38.059142681558306 -79.56608496280732 146.93195085992264
    endloop
  endfacet
  facet normal 3.304295572657261e-14 -0.9659258262891032 -0.2588190451023907
    outer loop
      vertex 38.151471862576145 -79.59977085906343 147.05766833624892
      vertex 38.114902359963224 -79.58320244219081 146.9958341626793
      vertex 38.16516628714437 -79.56956249854704 146.94492919998837
    endloop
  endfacet
  facet normal 1.407626120870014e-13 -0.9659258262891064 -0.2588190451023785
    outer loop
      vertex 38.26948628518954 -79.5729841565784 146.95769900160758
      vertex 38.151471862576145 -79.59977085906343 147.05766833624892
      vertex 38.16516628714437 -79.56956249854704 146.94492919998837
    endloop
  endfacet
  facet normal 2.698692854155638e-15 -0.9659258262890689 -0.2588190451025188
    outer loop
      vertex 36.90024587812605 -79.82802821826319 147.9095363979839
      vertex 37.269241998406876 -79.8880640225876 148.1335930699959
      vertex 30 -80.72525275919293 151.25802397053133
    endloop
  endfacet
  facet normal -6.025313352502613e-12 -0.9659258262891258 -0.2588190451023061
    outer loop
      vertex 38.02516620533736 -80.13472238285277 149.05413460261718
      vertex 38.027934470423176 -80.14349166103382 149.08686199433453
      vertex 38.026497047868425 -80.14359582687212 149.0872507465355
    endloop
  endfacet
  facet normal -2.2688000258075094e-13 -0.9659258262890033 -0.25881904510276377
    outer loop
      vertex 38.17192451585308 -80.10565158954367 148.94564092497126
      vertex 38.027934470423176 -80.14349166103382 149.08686199433453
      vertex 38.02516620533736 -80.13472238285277 149.05413460261718
    endloop
  endfacet
  facet normal -2.721615034916512e-13 -0.9659258262889623 -0.25881904510291626
    outer loop
      vertex 38.01165904454697 -80.14467109388366 149.09126369765423
      vertex 38.02516620533736 -80.13472238285277 149.05413460261718
      vertex 38.02537207098421 -80.14367735068002 149.08755499752857
    endloop
  endfacet
  facet normal 2.0506266244290594e-13 -0.9659258262890058 -0.2588190451027543
    outer loop
      vertex 37.922926690730236 -80.12453078298054 149.01609903408357
      vertex 38.02516620533736 -80.13472238285277 149.05413460261718
      vertex 38.01165904454697 -80.14467109388366 149.09126369765423
    endloop
  endfacet
  facet normal -1.7224455364453184e-13 -0.965925826289028 -0.25881904510267123
    outer loop
      vertex 38.01041405521885 -80.08644821625253 148.87397296017204
      vertex 38.018566871324936 -80.09629569730994 148.91072425980482
      vertex 37.922926690730236 -80.12453078298054 149.01609903408357
    endloop
  endfacet
  facet normal 3.2739824771445477e-14 -0.9659258262890745 -0.2588190451024976
    outer loop
      vertex 38.17192451585308 -80.10565158954367 148.94564092497126
      vertex 37.922926690730236 -80.12453078298054 149.01609903408357
      vertex 38.018566871324936 -80.09629569730994 148.91072425980482
    endloop
  endfacet
  facet normal 6.296977513275558e-14 -0.9659258262891012 -0.2588190451023979
    outer loop
      vertex 37.922926690730236 -80.12453078298054 149.01609903408357
      vertex 38.17192451585308 -80.10565158954367 148.94564092497126
      vertex 38.02516620533736 -80.13472238285277 149.05413460261718
    endloop
  endfacet
  facet normal -5.671431478422995e-14 -0.9659258262890241 -0.25881904510268494
    outer loop
      vertex 38.02598171358605 -80.14792202767501 149.1033963477356
      vertex 38.22134564866697 -80.12947571460751 149.03455377015538
      vertex 38.347229168708694 -80.13180786886207 149.04325748832446
    endloop
  endfacet
  facet normal 1.0306630706755043e-12 -0.9659258262897956 -0.2588190450998066
    outer loop
      vertex 38.02598171358605 -80.14792202767501 149.1033963477356
      vertex 38.18226633459231 -80.1323076790132 149.0451228052026
      vertex 38.22134564866697 -80.12947571460751 149.03455377015538
    endloop
  endfacet
  facet normal -5.512880733001731e-15 -0.9659258262890134 -0.2588190451027254
    outer loop
      vertex 38.42981186186189 -80.13748699154897 149.06445226273436
      vertex 38.347229168708694 -80.13180786886207 149.04325748832446
      vertex 38.38199336845818 -80.11783404087103 148.99110645228572
    endloop
  endfacet
  facet normal -3.9808514598678657e-14 -0.9659258262890469 -0.2588190451026008
    outer loop
      vertex 38.02598171358605 -80.14792202767501 149.1033963477356
      vertex 38.347229168708694 -80.13180786886207 149.04325748832446
      vertex 38.42981186186189 -80.13748699154897 149.06445226273436
    endloop
  endfacet
  facet normal 1.985611777455603e-14 -0.965925826289049 -0.2588190451025928
    outer loop
      vertex 38.42981186186189 -80.13748699154897 149.06445226273436
      vertex 38.52569284428547 -80.11522219066245 148.9813588946055
      vertex 38.601096452350625 -80.11162649010222 148.96793955742595
    endloop
  endfacet
  facet normal -3.0237078202605975e-14 -0.9659258262890715 -0.25881904510250825
    outer loop
      vertex 38.02598171358605 -80.14792202767501 149.1033963477356
      vertex 38.42981186186189 -80.13748699154897 149.06445226273436
      vertex 38.2 -80.17801629020131 149.21570966450008
    endloop
  endfacet
  facet normal -5.1151721779609953e-14 -0.9659258262890636 -0.25881904510253784
    outer loop
      vertex 38.42981186186189 -80.13748699154897 149.06445226273436
      vertex 38.38770650821586 -80.20197429076504 149.30512213985162
      vertex 38.2 -80.17801629020131 149.21570966450008
    endloop
  endfacet
  facet normal -5.058023491480666e-13 -0.9659258262890464 -0.2588190451026021
    outer loop
      vertex 38.01041405521885 -80.08644821625253 148.87397296017204
      vertex 38.01636861195431 -80.08597335966365 148.87220077125602
      vertex 38.018566871324936 -80.09629569730994 148.91072425980482
    endloop
  endfacet
  facet normal 1.272177503265256e-13 -0.9659258262890353 -0.2588190451026435
    outer loop
      vertex 38.018566871324936 -80.09629569730994 148.91072425980482
      vertex 38.02212599799044 -80.08551422679861 148.87048726407625
      vertex 38.054631536134494 -80.08292201554785 148.8608129999845
    endloop
  endfacet
  facet normal 7.666281899098058e-14 -0.9659258262890263 -0.2588190451026776
    outer loop
      vertex 38.17192451585308 -80.10565158954367 148.94564092497126
      vertex 38.018566871324936 -80.09629569730994 148.91072425980482
      vertex 38.054631536134494 -80.08292201554785 148.8608129999845
    endloop
  endfacet
  facet normal 2.1395605250932314e-14 -0.9659258262890051 -0.25881904510275694
    outer loop
      vertex 30 -79.30174801112905 145.94543192594148
      vertex 35.1822863285146 -79.43154531289271 146.42984205080876
      vertex 33.60305123423971 -79.39552224896318 146.29540214597944
    endloop
  endfacet
  facet normal 4.795177587245689e-14 -0.9659258262890251 -0.2588190451026814
    outer loop
      vertex 30 -79.30174801112905 145.94543192594148
      vertex 33.213965850616816 -79.5391168503308 146.83130449397606
      vertex 34.94244108290491 -79.67870688517512 147.35226159624534
    endloop
  endfacet
  facet normal 3.767772689170903e-15 -0.9659258262890643 -0.25881904510253523
    outer loop
      vertex 30 -79.30174801112905 145.94543192594148
      vertex 34.94244108290491 -79.67870688517512 147.35226159624534
      vertex 33.16535641095297 -79.55705649392841 146.89825615535202
    endloop
  endfacet
  facet normal 4.0029785087476863e-14 -0.9659258262890198 -0.25881904510270215
    outer loop
      vertex 30 -79.30174801112905 145.94543192594148
      vertex 33.37171115187957 -79.48089987635575 146.61403578923827
      vertex 37.40137493537313 -79.7144914961988 147.48581158271483
    endloop
  endfacet
  facet normal 5.5124996050602575e-15 -0.965925826289061 -0.2588190451025479
    outer loop
      vertex 30 -79.30174801112905 145.94543192594148
      vertex 37.40137493537313 -79.7144914961988 147.48581158271483
      vertex 33.30937628151267 -79.50390498330245 146.69989201719687
    endloop
  endfacet
  facet normal -1.710704352893391e-15 -0.9659258262890671 -0.258819045102525
    outer loop
      vertex 30 -79.30174801112905 145.94543192594148
      vertex 34.865753069074756 -79.41713484981416 146.37606147043903
      vertex 35.1822863285146 -79.43154531289271 146.42984205080876
    endloop
  endfacet
  facet normal -2.2623133985592036e-15 -0.9659258262890746 -0.25881904510249726
    outer loop
      vertex 35.1822863285146 -79.43154531289271 146.42984205080876
      vertex 34.99381629674582 -79.4317855154707 146.4307384990339
      vertex 33.60305123423971 -79.39552224896318 146.29540214597944
    endloop
  endfacet
  facet normal -2.3516049550071704e-14 -0.9659258262891044 -0.25881904510238624
    outer loop
      vertex 33.54232174958345 -79.41793487741833 146.3790472141053
      vertex 35.79901412646291 -79.49195356741436 146.6552887258801
      vertex 35.66877386575681 -79.50900188628809 146.71891391810055
    endloop
  endfacet
  facet normal 5.980339882906133e-17 -0.9659258262890563 -0.25881904510256576
    outer loop
      vertex 33.54232174958345 -79.41793487741833 146.3790472141053
      vertex 35.2036611336745 -79.45579214564471 146.52033246256187
      vertex 35.79901412646291 -79.49195356741436 146.6552887258801
    endloop
  endfacet
  facet normal -2.595692332539019e-14 -0.965925826289111 -0.25881904510236164
    outer loop
      vertex 33.433662191902506 -79.45803642460238 146.5287082256583
      vertex 33.472955081436666 -79.44353511705724 146.4745886091236
      vertex 36.613833871047305 -79.57176485317748 146.9531484993655
    endloop
  endfacet
  facet normal 1.1729049320569122e-14 -0.9659258262890491 -0.2588190451025923
    outer loop
      vertex 33.472955081436666 -79.44353511705724 146.4745886091236
      vertex 35.66877386575681 -79.50900188628809 146.71891391810055
      vertex 36.613833871047305 -79.57176485317748 146.9531484993655
    endloop
  endfacet
  facet normal 8.659807724963241e-15 -0.9659258262890219 -0.2588190451026943
    outer loop
      vertex 35.79901412646291 -79.49195356741436 146.6552887258801
      vertex 36.024915011127476 -79.4801037484797 146.61106459955553
      vertex 37.15143776888112 -79.52538041779394 146.78003942983366
    endloop
  endfacet
  facet normal -4.0342015700027665e-13 -0.9659258262900188 -0.2588190450989739
    outer loop
      vertex 38.13094398153092 -79.48880962509187 146.6435553733966
      vertex 38.212979889639286 -79.49027252843226 146.64901500298942
      vertex 38.26970069939058 -79.49200188120015 146.65546903538342
    endloop
  endfacet
  facet normal 2.308919686229131e-13 -0.965925826288625 -0.25881904510417497
    outer loop
      vertex 38.26970069939058 -79.49200188120015 146.65546903538342
      vertex 38.212979889639286 -79.49027252843226 146.64901500298942
      vertex 38.23516579183661 -79.49035620175358 146.64932727607587
    endloop
  endfacet
  facet normal -1.7117780425937036e-14 -0.965925826289063 -0.2588190451025405
    outer loop
      vertex 38.26970069939058 -79.49200188120015 146.65546903538342
      vertex 38.24333325430561 -79.49723104344474 146.67498453456125
      vertex 38.214460351821884 -79.4936391390052 146.66157936469693
    endloop
  endfacet
  facet normal -4.981726289772426e-14 -0.965925826288989 -0.2588190451028163
    outer loop
      vertex 38.13094398153092 -79.48880962509187 146.6435553733966
      vertex 38.26970069939058 -79.49200188120015 146.65546903538342
      vertex 38.214460351821884 -79.4936391390052 146.66157936469693
    endloop
  endfacet
  facet normal -1.2049144562876868e-13 -0.9659258262890686 -0.2588190451025198
    outer loop
      vertex 40.41920050951172 -79.87993388980095 148.10325100136384
      vertex 40.3856406460551 -79.92361970189714 148.26628867167673
      vertex 40.35888881543362 -79.92080329269282 148.25577768943134
    endloop
  endfacet
  facet normal 3.5499588661333864e-14 -0.965925826289052 -0.25881904510258175
    outer loop
      vertex 40.3856406460551 -79.96586502780109 148.42395037433255
      vertex 40.269365344465974 -79.95426877480249 148.38067256896434
      vertex 40.35888881543362 -79.92080329269282 148.25577768943134
    endloop
  endfacet
  facet normal 2.772352851017944e-14 -0.965925826289051 -0.25881904510258563
    outer loop
      vertex 39.73051371481046 -79.57298415657841 146.95769900160758
      vertex 39.8061733308208 -79.55303967718913 146.8832651911963
      vertex 39.940857318441694 -79.56608496280732 146.93195085992264
    endloop
  endfacet
  facet normal 1.047648333248599e-13 -0.9659258262890704 -0.2588190451025126
    outer loop
      vertex 39.73051371481046 -79.57298415657841 146.95769900160758
      vertex 39.762691116939926 -79.54559730973492 146.85548989772855
      vertex 39.8061733308208 -79.55303967718913 146.8832651911963
    endloop
  endfacet
  facet normal -9.54083102415167e-15 -0.9659258262890766 -0.2588190451024895
    outer loop
      vertex 39.940857318441694 -79.56608496280732 146.93195085992264
      vertex 39.8061733308208 -79.55303967718913 146.8832651911963
      vertex 39.83211870796014 -79.54354204270359 146.84781953674454
    endloop
  endfacet
  facet normal 3.980986077880204e-14 -0.9659258262890608 -0.25881904510254916
    outer loop
      vertex 39.965151284710565 -79.56528812954087 146.9289770376871
      vertex 39.97700872961783 -79.53925285910518 146.8318120856323
      vertex 39.982785554728494 -79.55189286133322 146.87898521615512
    endloop
  endfacet
  facet normal -9.629181246299384e-12 -0.965925826288208 -0.25881904510573095
    outer loop
      vertex 39.965151284710565 -79.56528812954087 146.9289770376871
      vertex 39.982785554728494 -79.55189286133322 146.87898521615512
      vertex 39.98348736482266 -79.55187072977208 146.87890262004447
    endloop
  endfacet
  facet normal -7.724180161735206e-13 -0.9659258262890188 -0.2588190451027054
    outer loop
      vertex 39.965151284710565 -79.56528812954087 146.9289770376871
      vertex 39.98348736482266 -79.55187072977208 146.87890262004447
      vertex 39.98942375463896 -79.55168352746031 146.87820397150566
    endloop
  endfacet
  facet normal 8.161096056193152e-14 -0.9659258262891209 -0.2588190451023245
    outer loop
      vertex 39.965151284710565 -79.56528812954087 146.9289770376871
      vertex 39.98942375463896 -79.55168352746031 146.87820397150566
      vertex 40.131370849898474 -79.5514518830292 146.8773394627195
    endloop
  endfacet
  facet normal -5.592858496767606e-15 -0.9659258262891098 -0.25881904510236564
    outer loop
      vertex 40.269365344465974 -79.56729161853204 146.93645416039453
      vertex 40.14343571016266 -79.57420768611473 146.96226527600174
      vertex 39.965151284710565 -79.56528812954087 146.9289770376871
    endloop
  endfacet
  facet normal -5.0117641916750326e-15 -0.965925826289104 -0.25881904510238773
    outer loop
      vertex 40.269365344465974 -79.56729161853204 146.93645416039453
      vertex 39.965151284710565 -79.56528812954087 146.9289770376871
      vertex 40.137621649551875 -79.55124903317183 146.87658241674544
    endloop
  endfacet
  facet normal -2.9050304835839663e-12 -0.9659258262867175 -0.25881904511129417
    outer loop
      vertex 39.965151284710565 -79.56528812954087 146.9289770376871
      vertex 40.131370849898474 -79.5514518830292 146.8773394627195
      vertex 40.137621649551875 -79.55124903317183 146.87658241674544
    endloop
  endfacet
  facet normal 1.0938972307488238e-13 -0.9659258262890411 -0.2588190451026226
    outer loop
      vertex 40.269365344465974 -79.56729161853204 146.93645416039453
      vertex 40.137621649551875 -79.55124903317183 146.87658241674544
      vertex 40.207341422131215 -79.54898671181036 146.8681393184814
    endloop
  endfacet
  facet normal -6.163857939670632e-14 -0.9659258262890954 -0.25881904510241965
    outer loop
      vertex 40.269365344465974 -79.73285292303895 147.55433736058168
      vertex 40.3856406460551 -79.7668797160466 147.6813270809049
      vertex 40.320910474971285 -79.77083383134853 147.6960840401107
    endloop
  endfacet
  facet normal -6.166312254937763e-14 -0.9659258262890434 -0.25881904510261333
    outer loop
      vertex 40.503968043524445 -79.68055436276644 147.359156476482
      vertex 40.269365344465974 -79.73285292303895 147.55433736058168
      vertex 40.17969376431479 -79.71738405412844 147.4966067558721
    endloop
  endfacet
  facet normal 3.755841465303892e-14 -0.9659258262890733 -0.25881904510250214
    outer loop
      vertex 40.503968043524445 -79.68055436276644 147.359156476482
      vertex 40.49326345904048 -79.72036706886766 147.50773951843857
      vertex 40.269365344465974 -79.73285292303895 147.55433736058168
    endloop
  endfacet
  facet normal 9.67785901717343e-14 -0.9659258262890814 -0.2588190451024716
    outer loop
      vertex 40.49326345904048 -79.72036706886766 147.50773951843857
      vertex 40.47820725201806 -79.74121593544382 147.58554854778103
      vertex 40.4191499753949 -79.74465302598688 147.59837594431792
    endloop
  endfacet
  facet normal 3.360721727918566e-14 -0.9659258262890686 -0.2588190451025198
    outer loop
      vertex 40.49326345904048 -79.72036706886766 147.50773951843857
      vertex 40.4191499753949 -79.74465302598688 147.59837594431792
      vertex 40.269365344465974 -79.73285292303895 147.55433736058168
    endloop
  endfacet
  facet normal 2.554012702586571e-14 -0.9659258262890754 -0.25881904510249415
    outer loop
      vertex 40.269365344465974 -79.73285292303895 147.55433736058168
      vertex 40.4191499753949 -79.74465302598688 147.59837594431792
      vertex 40.3856406460551 -79.7668797160466 147.6813270809049
    endloop
  endfacet
  facet normal 4.798063325597386e-14 -0.9659258262890522 -0.258819045102581
    outer loop
      vertex 40.22461628070096 -79.89477478533603 148.15863797753056
      vertex 40.269365344465974 -79.8789859439521 148.09971321929314
      vertex 40.34683167405983 -79.87319186535903 148.07808942360077
    endloop
  endfacet
  facet normal -7.040267605089238e-14 -0.9659258262890071 -0.2588190451027487
    outer loop
      vertex 40.22461628070096 -79.89477478533603 148.15863797753056
      vertex 40.34683167405983 -79.87319186535903 148.07808942360077
      vertex 40.41920050951172 -79.87993388980095 148.10325100136384
    endloop
  endfacet
  facet normal 2.7867369312437524e-14 -0.9659258262890936 -0.25881904510242654
    outer loop
      vertex 40.22461628070096 -79.89477478533603 148.15863797753056
      vertex 40.41920050951172 -79.87993388980095 148.10325100136384
      vertex 40.269365344465974 -79.90137006232905 148.18325188635853
    endloop
  endfacet
  facet normal -4.630022561461305e-15 -0.9659258262890634 -0.25881904510253845
    outer loop
      vertex 41.09975412187395 -79.82802821826319 147.9095363979839
      vertex 40.61341808204099 -79.86512095905833 148.04796839122338
      vertex 40.673544232655935 -79.82534875920452 147.89953652064017
    endloop
  endfacet
  facet normal -4.647029922702539e-17 -0.9659258262890804 -0.2588190451024753
    outer loop
      vertex 40.41920050951172 -79.87993388980095 148.10325100136384
      vertex 40.35888881543362 -79.92080329269282 148.25577768943134
      vertex 40.269365344465974 -79.90137006232905 148.18325188635853
    endloop
  endfacet
  facet normal -1.4242446949299509e-13 -0.965925826289059 -0.2588190451025553
    outer loop
      vertex 40.41920050951172 -79.87993388980095 148.10325100136384
      vertex 40.34683167405983 -79.87319186535903 148.07808942360077
      vertex 40.3856406460551 -79.86420894729447 148.0445647169836
    endloop
  endfacet
  facet normal 1.4490196943811988e-13 -0.9659258262890229 -0.2588190451026903
    outer loop
      vertex 39.95202400834948 -79.63031523923256 147.1716615149258
      vertex 39.88586192623339 -79.61078905165752 147.09878879081765
      vertex 39.92218483920195 -79.60844862404728 147.09005419606484
    endloop
  endfacet
  facet normal -2.334315248083213e-13 -0.9659258262890574 -0.2588190451025613
    outer loop
      vertex 39.95202400834948 -79.63031523923256 147.1716615149258
      vertex 39.92218483920195 -79.60844862404728 147.09005419606484
      vertex 39.959483738160344 -79.61286684742261 147.1065432301807
    endloop
  endfacet
  facet normal -3.269527431246353e-13 -0.9659258262890548 -0.25881904510257137
    outer loop
      vertex 39.95202400834948 -79.63031523923256 147.1716615149258
      vertex 39.959483738160344 -79.61286684742261 147.1065432301807
      vertex 39.98150374274154 -79.61200819517853 147.10333869637975
    endloop
  endfacet
  facet normal 5.838228742072193e-13 -0.9659258262885824 -0.2588190451043343
    outer loop
      vertex 40.131370849898474 -79.62299321259405 147.14433533949654
      vertex 39.98150374274154 -79.61200819517853 147.10333869637975
      vertex 39.99136440837235 -79.6116236980489 147.10190373355664
    endloop
  endfacet
  facet normal 2.537664332750554e-14 -0.9659258262890928 -0.25881904510242953
    outer loop
      vertex 39.95202400834948 -79.63031523923256 147.1716615149258
      vertex 39.98150374274154 -79.61200819517853 147.10333869637975
      vertex 40.131370849898474 -79.62299321259405 147.14433533949654
    endloop
  endfacet
  facet normal -7.196877902972334e-13 -0.9659258262896577 -0.25881904510032105
    outer loop
      vertex 40.131370849898474 -79.62299321259405 147.14433533949654
      vertex 39.99136440837235 -79.6116236980489 147.10190373355664
      vertex 40.004473587788965 -79.61111254261343 147.09999607550083
    endloop
  endfacet
  facet normal 1.0446332491511197e-14 -0.9659258262890682 -0.25881904510252096
    outer loop
      vertex 39.95202400834948 -79.63031523923256 147.1716615149258
      vertex 40.131370849898474 -79.62299321259405 147.14433533949654
      vertex 40.03923048454133 -79.66409467427259 147.29772808274618
    endloop
  endfacet
  facet normal -4.888177757053418e-15 -0.965925826289066 -0.2588190451025296
    outer loop
      vertex 40.03923048454133 -79.66409467427259 147.29772808274618
      vertex 40.131370849898474 -79.62299321259405 147.14433533949654
      vertex 40.164751896516194 -79.65838137423371 147.2764057567222
    endloop
  endfacet
  facet normal -2.642273467416583e-15 -0.9659258262890692 -0.25881904510251724
    outer loop
      vertex 40.03923048454133 -79.66409467427259 147.29772808274618
      vertex 40.164751896516194 -79.65838137423371 147.2764057567222
      vertex 40.108655439013546 -79.70053118868455 147.43371100578233
    endloop
  endfacet
  facet normal 5.571125437598529e-14 -0.9659258262890744 -0.2588190451024978
    outer loop
      vertex 40.108655439013546 -79.70053118868455 147.43371100578233
      vertex 40.164751896516194 -79.65838137423371 147.2764057567222
      vertex 40.269365344465974 -79.67301478324632 147.3310183826452
    endloop
  endfacet
  facet normal 1.3175812873362232e-15 -0.9659258262890531 -0.2588190451025772
    outer loop
      vertex 40.108655439013546 -79.70053118868455 147.43371100578233
      vertex 40.269365344465974 -79.67301478324632 147.3310183826452
      vertex 40.503968043524445 -79.68055436276644 147.359156476482
    endloop
  endfacet
  facet normal 3.864061079402708e-14 -0.9659258262891026 -0.2588190451023926
    outer loop
      vertex 40.108655439013546 -79.70053118868455 147.43371100578233
      vertex 40.503968043524445 -79.68055436276644 147.359156476482
      vertex 40.17969376431479 -79.71738405412844 147.4966067558721
    endloop
  endfacet
  facet normal 4.765844127886527e-14 -0.9659258262890915 -0.25881904510243375
    outer loop
      vertex 39.73051371481046 -79.57298415657841 146.95769900160758
      vertex 39.940857318441694 -79.56608496280732 146.93195085992264
      vertex 39.84798974825341 -79.58444972835336 147.00048909800955
    endloop
  endfacet
  facet normal 3.910933890196689e-14 -0.9659258262890974 -0.2588190451024119
    outer loop
      vertex 39.73051371481046 -79.57298415657841 146.95769900160758
      vertex 39.84798974825341 -79.58444972835336 147.00048909800955
      vertex 39.828611366618865 -79.5952501860626 147.04079695492544
    endloop
  endfacet
  facet normal -1.0823338463900032e-12 -0.9659258262890347 -0.2588190451026465
    outer loop
      vertex 39.99136440837235 -79.6116236980489 147.10190373355664
      vertex 39.99011714106438 -79.59459427760518 147.03834907123726
      vertex 40.004473587788965 -79.61111254261343 147.09999607550083
    endloop
  endfacet
  facet normal 5.929562653186603e-13 -0.965925826289115 -0.258819045102346
    outer loop
      vertex 39.98677128224699 -79.57964375317538 146.98255295446538
      vertex 39.99641891281823 -79.57930611684657 146.9812928785318
      vertex 39.99011714106438 -79.59459427760518 147.03834907123726
    endloop
  endfacet
  facet normal -7.518130659060628e-13 -0.9659258262891183 -0.2588190451023341
    outer loop
      vertex 39.965151284710565 -79.56528812954087 146.9289770376871
      vertex 39.98677128224699 -79.57964375317538 146.98255295446538
      vertex 39.97951986294501 -79.57989753446338 146.98350007912626
    endloop
  endfacet
  facet normal 5.273599423477289e-13 -0.9659258262889894 -0.2588190451028157
    outer loop
      vertex 39.965151284710565 -79.56528812954087 146.9289770376871
      vertex 39.99641891281823 -79.57930611684657 146.9812928785318
      vertex 39.98677128224699 -79.57964375317538 146.98255295446538
    endloop
  endfacet
  facet normal 2.88537091174343e-14 -0.9659258262890638 -0.25881904510253784
    outer loop
      vertex 39.965151284710565 -79.56528812954087 146.9289770376871
      vertex 40.14343571016266 -79.57420768611473 146.96226527600174
      vertex 39.99641891281823 -79.57930611684657 146.9812928785318
    endloop
  endfacet
  facet normal 2.160273614973268e-14 -0.9659258262890497 -0.25881904510258996
    outer loop
      vertex 39.99641891281823 -79.57930611684657 146.9812928785318
      vertex 40.14343571016266 -79.57420768611473 146.96226527600174
      vertex 40.131370849898474 -79.58942995473225 147.01907555588878
    endloop
  endfacet
  facet normal 4.3106894419160216e-15 -0.9659258262890539 -0.25881904510257425
    outer loop
      vertex 40.29581399063932 -79.67173244379231 147.32623262665027
      vertex 40.394652520175725 -79.64791709390555 147.23735253087287
      vertex 40.47820725201806 -79.66091288446803 147.28585348153658
    endloop
  endfacet
  facet normal 2.261380799550955e-12 -0.9659258262927777 -0.2588190450886774
    outer loop
      vertex 40.28191479777679 -79.6168470948977 147.12139771598444
      vertex 40.3856406460551 -79.61233086525209 147.10454291748835
      vertex 40.38571120651384 -79.6126094954887 147.10558277968795
    endloop
  endfacet
  facet normal 2.901576690687251e-14 -0.9659258262890608 -0.2588190451025492
    outer loop
      vertex 40.29581399063932 -79.67173244379231 147.32623262665027
      vertex 40.3856406460551 -79.64832728321073 147.23888337820054
      vertex 40.394652520175725 -79.64791709390555 147.23735253087287
    endloop
  endfacet
  facet normal -4.768866905373352e-16 -0.9659258262890661 -0.2588190451025284
    outer loop
      vertex 40.28191479777679 -79.6168470948977 147.12139771598444
      vertex 40.38571120651384 -79.6126094954887 147.10558277968795
      vertex 40.3856406460551 -79.64832728321073 147.23888337820054
    endloop
  endfacet
  facet normal -9.510765899789768e-14 -0.9659258262892542 -0.2588190451018271
    outer loop
      vertex 40.503968043524445 -79.68055436276644 147.359156476482
      vertex 40.269365344465974 -79.67301478324632 147.3310183826452
      vertex 40.29581399063932 -79.67173244379231 147.32623262665027
    endloop
  endfacet
  facet normal 2.0203644171343585e-14 -0.9659258262890719 -0.25881904510250725
    outer loop
      vertex 40.503968043524445 -79.68055436276644 147.359156476482
      vertex 40.29581399063932 -79.67173244379231 147.32623262665027
      vertex 40.47820725201806 -79.66091288446803 147.28585348153658
    endloop
  endfacet
  facet normal -5.664093594968185e-14 -0.9659258262890151 -0.25881904510271936
    outer loop
      vertex 38.68941714587697 -80.1193861013341 148.99689882079025
      vertex 38.42981186186189 -80.13748699154897 149.06445226273436
      vertex 38.601096452350625 -80.11162649010222 148.96793955742595
    endloop
  endfacet
  facet normal 7.690022973841173e-13 -0.9659258262883192 -0.258819045105316
    outer loop
      vertex 38.75204925917007 -80.12303723190563 149.01052502558827
      vertex 38.84285348005692 -80.12832450340164 149.03025739144485
      vertex 38.91111781285236 -80.13312043808568 149.04815606335546
    endloop
  endfacet
  facet normal 1.1537577253359964e-11 -0.9659258262771027 -0.2588190451471775
    outer loop
      vertex 38.75204925917007 -80.12303723190563 149.01052502558827
      vertex 39.28779249485796 -80.15766030369154 149.1397400886074
      vertex 39.35472153793695 -80.16202079596839 149.15601366733057
    endloop
  endfacet
  facet normal 5.705603584472156e-13 -0.9659258262884614 -0.2588190451047859
    outer loop
      vertex 38.68941714587697 -80.1193861013341 148.99689882079025
      vertex 38.75204925917007 -80.12303723190563 149.01052502558827
      vertex 39.35472153793695 -80.16202079596839 149.15601366733057
    endloop
  endfacet
  facet normal 3.848124324267441e-12 -0.9659258262850644 -0.2588190451174636
    outer loop
      vertex 38.75204925917007 -80.12303723190563 149.01052502558827
      vertex 39 -80.13891112902375 149.06976721614726
      vertex 39.07918632978256 -80.14407013141626 149.08902087519243
    endloop
  endfacet
  facet normal 3.912885152674567e-12 -0.9659258262849953 -0.25881904511772147
    outer loop
      vertex 38.75204925917007 -80.12303723190563 149.01052502558827
      vertex 38.91111781285236 -80.13312043808568 149.04815606335546
      vertex 39 -80.13891112902375 149.06976721614726
    endloop
  endfacet
  facet normal 2.0519684106450363e-12 -0.9659258262869356 -0.25881904511048026
    outer loop
      vertex 38.75204925917007 -80.12303723190563 149.01052502558827
      vertex 39.07918632978256 -80.14407013141626 149.08902087519243
      vertex 39.28779249485796 -80.15766030369154 149.1397400886074
    endloop
  endfacet
  facet normal 4.510536582662882e-14 -0.9659258262890459 -0.2588190451026045
    outer loop
      vertex 39.31058285412303 -80.1193861013341 148.99689882079025
      vertex 39.501413787988504 -80.1326917233541 149.0465560781952
      vertex 39.40217972894261 -80.13484223120383 149.05458188275247
    endloop
  endfacet
  facet normal 6.806806220322256e-14 -0.9659258262890238 -0.25881904510268683
    outer loop
      vertex 39.31058285412303 -80.1193861013341 148.99689882079025
      vertex 39.398903547649375 -80.11162649010222 148.96793955742595
      vertex 39.501413787988504 -80.1326917233541 149.0465560781952
    endloop
  endfacet
  facet normal 1.3597526144336169e-14 -0.9659258262890741 -0.25881904510249926
    outer loop
      vertex 39.6 -80.08835874298451 148.88110314300496
      vertex 39.766111727664935 -80.10095345314782 148.92810724124107
      vertex 39.73891114108569 -80.12659563957413 149.02380518380122
    endloop
  endfacet
  facet normal 1.4785383946316413e-14 -0.9659258262890733 -0.258819045102502
    outer loop
      vertex 38.68941714587697 -80.1193861013341 148.99689882079025
      vertex 38.791158092447915 -80.22995380100221 149.4095430936277
      vertex 38.58588952783597 -80.2193861013341 149.37010390154714
    endloop
  endfacet
  facet normal 3.1315583891279173e-15 -0.9659258262890724 -0.258819045102505
    outer loop
      vertex 38.68941714587697 -80.1193861013341 148.99689882079025
      vertex 38.58588952783597 -80.2193861013341 149.37010390154714
      vertex 38.42981186186189 -80.13748699154897 149.06445226273436
    endloop
  endfacet
  facet normal -1.224630021117301e-14 -0.9659258262890751 -0.25881904510249576
    outer loop
      vertex 38.68941714587697 -80.1193861013341 148.99689882079025
      vertex 39 -80.23349657349813 149.4227649005821
      vertex 38.791158092447915 -80.22995380100221 149.4095430936277
    endloop
  endfacet
  facet normal 1.1165340665851441e-14 -0.9659258262890708 -0.2588190451025117
    outer loop
      vertex 38.68941714587697 -80.1193861013341 148.99689882079025
      vertex 39.208841907552085 -80.22995380100221 149.4095430936277
      vertex 39 -80.23349657349813 149.4227649005821
    endloop
  endfacet
  facet normal -1.1341888976153448e-14 -0.9659258262890779 -0.2588190451024853
    outer loop
      vertex 38.68941714587697 -80.1193861013341 148.99689882079025
      vertex 39.41411047216403 -80.2193861013341 149.37010390154714
      vertex 39.208841907552085 -80.22995380100221 149.4095430936277
    endloop
  endfacet
  facet normal -4.771268503535757e-12 -0.9659258262940449 -0.25881904508394815
    outer loop
      vertex 38.68941714587697 -80.1193861013341 148.99689882079025
      vertex 39.35472153793695 -80.16202079596839 149.15601366733057
      vertex 39.406514417515424 -80.16555878766258 149.1692176320901
    endloop
  endfacet
  facet normal -3.880672174146651e-14 -0.9659258262890691 -0.25881904510251763
    outer loop
      vertex 39.596927661700235 -80.17844044538627 149.2172926332006
      vertex 39.61229349178414 -80.20197429076504 149.30512213985162
      vertex 39.41411047216403 -80.2193861013341 149.37010390154714
    endloop
  endfacet
  facet normal -1.0766947161180052e-14 -0.9659258262890775 -0.25881904510248627
    outer loop
      vertex 38.68941714587697 -80.1193861013341 148.99689882079025
      vertex 39.596927661700235 -80.17844044538627 149.2172926332006
      vertex 39.41411047216403 -80.2193861013341 149.37010390154714
    endloop
  endfacet
  facet normal 1.3743685145721392e-12 -0.9659258262876518 -0.2588190451078071
    outer loop
      vertex 39.596927661700235 -80.17844044538627 149.2172926332006
      vertex 38.68941714587697 -80.1193861013341 148.99689882079025
      vertex 39.406514417515424 -80.16555878766258 149.1692176320901
    endloop
  endfacet
  facet normal -4.5570554389955e-13 -0.9659258262895147 -0.25881904510085474
    outer loop
      vertex 39.07918632978256 -80.14407013141626 149.08902087519243
      vertex 39.1679253552372 -80.14951489408367 149.10934100610234
      vertex 39.28779249485796 -80.15766030369154 149.1397400886074
    endloop
  endfacet
  facet normal 2.201333156196729e-13 -0.9659258262887945 -0.25881904510354237
    outer loop
      vertex 39.596927661700235 -80.17844044538627 149.2172926332006
      vertex 39.406514417515424 -80.16555878766258 149.1692176320901
      vertex 39.570890639784885 -80.17610394852521 149.2085727082034
    endloop
  endfacet
  facet normal 3.423851061500204e-14 -0.9659258262890559 -0.2588190451025672
    outer loop
      vertex 39.766111727664935 -80.10095345314782 148.92810724124107
      vertex 39.6 -80.08835874298451 148.88110314300496
      vertex 39.677551627641 -80.07494716946735 148.8310504692295
    endloop
  endfacet
  facet normal 1.5548947012125187e-13 -0.9659258262890165 -0.2588190451027139
    outer loop
      vertex 40.077073309269764 -80.12453078298054 149.01609903408357
      vertex 39.91960968941878 -80.09141369701992 148.8925043866799
      vertex 39.945368463865506 -80.08292201554785 148.8608129999845
    endloop
  endfacet
  facet normal 2.9983283905254837e-14 -0.9659258262890722 -0.2588190451025057
    outer loop
      vertex 39.97401828641395 -80.14792202767501 149.1033963477356
      vertex 39.57018813813811 -80.13748699154897 149.06445226273436
      vertex 39.69506017746511 -80.1309730547321 149.0401419195765
    endloop
  endfacet
  facet normal 1.0093982252210297e-13 -0.9659258262889941 -0.25881904510279774
    outer loop
      vertex 39.97401828641395 -80.14792202767501 149.1033963477356
      vertex 39.69506017746511 -80.1309730547321 149.0401419195765
      vertex 39.73891114108569 -80.12659563957413 149.02380518380122
    endloop
  endfacet
  facet normal 1.415795551639052e-13 -0.9659258262889641 -0.25881904510291
    outer loop
      vertex 39.97401828641395 -80.14792202767501 149.1033963477356
      vertex 39.73891114108569 -80.12659563957413 149.02380518380122
      vertex 39.77865435133303 -80.12947571460751 149.03455377015538
    endloop
  endfacet
  facet normal -8.093291047803843e-14 -0.9659258262890452 -0.2588190451026067
    outer loop
      vertex 40.077073309269764 -80.12453078298054 149.01609903408357
      vertex 39.96957905061309 -80.14331147312399 149.08618952390012
      vertex 39.937808013220405 -80.12744422135842 149.02697213413455
    endloop
  endfacet
  facet normal -1.1393064865822971e-13 -0.9659258262890327 -0.2588190451026538
    outer loop
      vertex 40.077073309269764 -80.12453078298054 149.01609903408357
      vertex 39.98834095545303 -80.14467109388366 149.09126369765423
      vertex 39.96957905061309 -80.14331147312399 149.08618952390012
    endloop
  endfacet
  facet normal -6.043635300772925e-14 -0.965925826289111 -0.2588190451023618
    outer loop
      vertex 40.077073309269764 -80.12453078298054 149.01609903408357
      vertex 39.937808013220405 -80.12744422135842 149.02697213413455
      vertex 39.766111727664935 -80.10095345314782 148.92810724124107
    endloop
  endfacet
  facet normal -1.515217242299239e-14 -0.9659258262890709 -0.258819045102511
    outer loop
      vertex 40.077073309269764 -80.12453078298054 149.01609903408357
      vertex 39.766111727664935 -80.10095345314782 148.92810724124107
      vertex 39.91960968941878 -80.09141369701992 148.8925043866799
    endloop
  endfacet
  facet normal 1.0392576060973823e-13 -0.9659258262891003 -0.25881904510240167
    outer loop
      vertex 39.97401828641395 -80.14792202767501 149.1033963477356
      vertex 39.8 -80.17801629020131 149.21570966450008
      vertex 39.781077462245385 -80.16953354859034 149.18405164182042
    endloop
  endfacet
  facet normal 3.5108107153713424e-14 -0.965925826289059 -0.2588190451025553
    outer loop
      vertex 39.97401828641395 -80.14792202767501 149.1033963477356
      vertex 39.781077462245385 -80.16953354859034 149.18405164182042
      vertex 39.57018813813811 -80.13748699154897 149.06445226273436
    endloop
  endfacet
  facet normal -4.786183729895825e-13 -0.9659258262891361 -0.258819045102268
    outer loop
      vertex 40.10862951503512 -80.02240508764739 148.63496075034192
      vertex 40.105640511502685 -80.04137530843227 148.70575857814197
      vertex 40.09451381436291 -80.0211478678313 148.63026874211204
    endloop
  endfacet
  facet normal -3.990820089272638e-13 -0.9659258262890763 -0.2588190451024912
    outer loop
      vertex 40.10862951503512 -80.02240508764739 148.63496075034192
      vertex 40.09451381436291 -80.0211478678313 148.63026874211204
      vertex 40.09066328904045 -80.00014563767537 148.55188735209785
    endloop
  endfacet
  facet normal -3.582804635359627e-14 -0.9659258262890487 -0.25881904510259424
    outer loop
      vertex 39.766111727664935 -80.10095345314782 148.92810724124107
      vertex 39.84491552676614 -80.07491121958545 148.8309163024437
      vertex 39.91960968941878 -80.09141369701992 148.8925043866799
    endloop
  endfacet
  facet normal -2.061745680869453e-13 -0.9659258262890932 -0.25881904510242754
    outer loop
      vertex 40.077073309269764 -80.12453078298054 149.01609903408357
      vertex 39.945368463865506 -80.08292201554785 148.8608129999845
      vertex 39.96647603529892 -80.08460527591731 148.86709501320567
    endloop
  endfacet
  facet normal 4.11716964770642e-15 -0.9659258262890731 -0.25881904510250303
    outer loop
      vertex 40.3856406460551 -79.96586502780109 148.42395037433255
      vertex 40.38068471672784 -80.00687128662871 148.57698781570556
      vertex 40.269365344465974 -79.95426877480249 148.38067256896434
    endloop
  endfacet
  facet normal -1.348945635229715e-16 -0.9659258262890675 -0.2588190451025237
    outer loop
      vertex 41.09975412187395 -79.82802821826319 147.9095363979839
      vertex 48 -80.72525275919293 151.25802397053133
      vertex 40.61341808204099 -79.86512095905833 148.04796839122338
    endloop
  endfacet
  facet normal 3.4335555886800514e-16 -0.25881904510251913 0.9659258262890686
    outer loop
      vertex -103 -79.30174801112905 145.94543192594148
      vertex -103 -79.8813035069025 145.79014049887996
      vertex -99.17080370320676 -79.31644491018999 145.94149390370686
    endloop
  endfacet
  facet normal 0 -0.2588190451026026 0.9659258262890464
    outer loop
      vertex -103 -79.30174801112905 145.94543192594148
      vertex -99.17080370320676 -79.31644491018999 145.94149390370686
      vertex -99.14285714285714 -79.30174801112905 145.94543192594148
    endloop
  endfacet
  facet normal 1.276050984404727e-15 -0.9659258262890681 -0.25881904510252124
    outer loop
      vertex -49.5 -73.593413542399 116.52786072121604
      vertex -54.5 -67.59454392990534 94.13977453940869
      vertex -51.79747550866617 -69.68401785926815 101.93779740488128
    endloop
  endfacet
  facet normal -2.7416587878159414e-15 -0.9659258262890682 -0.2588190451025208
    outer loop
      vertex -78.5 -69.30379185192467 100.51877462711636
      vertex -73.5 -80.0360970208235 140.57228279978082
      vertex -78.5 -80.03609702082349 140.57228279978082
    endloop
  endfacet
  facet normal 6.8107623057809106e-15 -0.9659258262890679 -0.25881904510252185
    outer loop
      vertex -78.5 -69.30379185192467 100.51877462711636
      vertex -73.5 -77.01190938643767 129.2858608966314
      vertex -73.5 -80.0360970208235 140.57228279978082
    endloop
  endfacet
  facet normal -2.3502312667516322e-15 -0.9659258262890685 -0.25881904510252046
    outer loop
      vertex -73.5 -77.01190938643767 129.2858608966314
      vertex -78.5 -69.30379185192467 100.51877462711636
      vertex -75.68655802562171 -69.25914601497637 100.35215409527882
    endloop
  endfacet
  facet normal -2.8380044097207625e-15 -0.9659258262890683 -0.25881904510252085
    outer loop
      vertex -54.5 -67.59454392990534 94.13977453940869
      vertex -49.5 -80.0360970208235 140.57228279978082
      vertex -54.5 -80.03609702082349 140.57228279978082
    endloop
  endfacet
  facet normal -2.7453263166110794e-15 -0.9659258262890683 -0.2588190451025207
    outer loop
      vertex -30.5 -80.03609702082349 140.57228279978082
      vertex -30.5 -70.88710433253506 106.42777724901222
      vertex -25.5 -80.0360970208235 140.57228279978082
    endloop
  endfacet
  facet normal 4.567090542065462e-16 -0.9659258262890682 -0.25881904510252113
    outer loop
      vertex -54.5 -67.59454392990534 94.13977453940869
      vertex -49.5 -73.593413542399 116.52786072121604
      vertex -49.5 -80.0360970208235 140.57228279978082
    endloop
  endfacet
  facet normal 8.645358469681576e-16 -0.9659258262890681 -0.25881904510252113
    outer loop
      vertex -28.019310474755088 -70.53376154785173 105.10908402408616
      vertex -25.5 -80.0360970208235 140.57228279978082
      vertex -30.5 -70.88710433253506 106.42777724901222
    endloop
  endfacet
  facet normal 1.8046247553790996e-14 -0.9659258262892667 -0.2588190451017804
    outer loop
      vertex -60.827544975977396 -81.07137320123358 144.43598610493711
      vertex -4.4395098585479715 -80.7269635517222 143.15063179434364
      vertex 24.5 -80.55373511102854 142.50413445235898
    endloop
  endfacet
  facet normal 0 -0.9659258262890683 -0.25881904510252046
    outer loop
      vertex -1.3333333333332404 -81.07137320123358 144.43598610493711
      vertex -60.827544975977396 -81.07137320123358 144.43598610493711
      vertex 24.5 -80.55373511102854 142.50413445235898
    endloop
  endfacet
  facet normal 4.074091107674161e-15 0.9659258262890642 0.258819045102536
    outer loop
      vertex -95.56962946771974 -57.152164491737416 63.28206086508159
      vertex -95.79785504209929 -57.12099709759488 63.165742566602134
      vertex -103 -57.56094822251731 64.80766251765974
    endloop
  endfacet
  facet normal -2.6139246372444347e-14 0.9659258262890494 0.25881904510259135
    outer loop
      vertex -95.56962946771974 -57.152164491737416 63.28206086508159
      vertex -95.58824099977969 -57.12794770210735 63.191682575786
      vertex -95.79785504209929 -57.12099709759488 63.165742566602134
    endloop
  endfacet
  facet normal 9.663602117858959e-15 0.9659258262890561 0.2588190451025657
    outer loop
      vertex -95.80441525188476 -57.04670045025247 62.88846370388825
      vertex -95.84349744414692 -57.067988535274026 62.967911918784516
      vertex -95.68140325845636 -57.089065303249015 63.046571487726496
    endloop
  endfacet
  facet normal 1.3588967298957489e-14 0.9659258262890582 0.2588190451025582
    outer loop
      vertex -95.9851679196098 -57.09541690441446 63.070275985985376
      vertex -95.68140325845636 -57.089065303249015 63.046571487726496
      vertex -95.84349744414692 -57.067988535274026 62.967911918784516
    endloop
  endfacet
  facet normal -3.9155624310074817e-14 0.9659258262890468 0.2588190451026012
    outer loop
      vertex -95.61797549706422 -57.0710485987293 62.97933223107399
      vertex -95.80441525188476 -57.04670045025247 62.88846370388825
      vertex -95.68140325845636 -57.089065303249015 63.046571487726496
    endloop
  endfacet
  facet normal 0 0.9659258262890681 0.25881904510252085
    outer loop
      vertex -94.4205809482916 -56.63706013231227 61.359665224506735
      vertex -85 -56.13744347445345 59.49507047306985
      vertex -103 -56.13744347445345 59.49507047306985
    endloop
  endfacet
  facet normal 3.5669614452199306e-14 0.9659258262891206 0.2588190451023253
    outer loop
      vertex -92.85095148057187 -57.340705772887134 63.98570650565645
      vertex -92.88315208465688 -57.34801460838674 64.01298345108518
      vertex -92.06672740181965 -57.38395257022993 64.14710575060442
    endloop
  endfacet
  facet normal -1.4023944335291698e-14 0.9659258262890603 0.25881904510255066
    outer loop
      vertex -92.85095148057187 -57.340705772887134 63.98570650565645
      vertex -92.06672740181965 -57.38395257022993 64.14710575060442
      vertex -92.71080082202674 -57.2993435914081 63.83134074286485
    endloop
  endfacet
  facet normal -4.040084253256181e-15 0.9659258262890653 0.2588190451025316
    outer loop
      vertex -92.71080082202674 -57.2993435914081 63.83134074286485
      vertex -92.06672740181965 -57.38395257022993 64.14710575060442
      vertex -91.40613156785983 -57.38791074554217 64.16187786197499
    endloop
  endfacet
  facet normal 9.594822797559122e-15 0.9659258262890789 0.25881904510248144
    outer loop
      vertex -92.71080082202674 -57.2993435914081 63.83134074286485
      vertex -91.40613156785983 -57.38791074554217 64.16187786197499
      vertex -91.41417694971332 -57.350565549147845 64.0225036916127
    endloop
  endfacet
  facet normal 2.0712728808086713e-15 0.9659258262890787 0.25881904510248177
    outer loop
      vertex -91.02491501112735 -57.38259248516666 64.1420298440457
      vertex -91.41417694971332 -57.350565549147845 64.0225036916127
      vertex -91.40613156785983 -57.38791074554217 64.16187786197499
    endloop
  endfacet
  facet normal -8.23117923446345e-15 0.9659258262890678 0.25881904510252285
    outer loop
      vertex -92.49869575966916 -57.20425949319186 63.47648205732997
      vertex -92.20548272935581 -57.232979598598426 63.583666949906004
      vertex -92.19018701322689 -57.19759751565191 63.45161921867198
    endloop
  endfacet
  facet normal -9.458807465817286e-15 0.9659258262890715 0.25881904510250847
    outer loop
      vertex -92.43037053228026 -57.152164491737416 63.28206086508159
      vertex -92.49869575966916 -57.20425949319186 63.47648205732997
      vertex -92.19018701322689 -57.19759751565191 63.45161921867198
    endloop
  endfacet
  facet normal 2.6139246372444347e-14 0.9659258262890494 0.25881904510259135
    outer loop
      vertex -92.43037053228026 -57.152164491737416 63.28206086508159
      vertex -92.20214495790071 -57.12099709759488 63.165742566602134
      vertex -92.41175900022031 -57.12794770210735 63.191682575786
    endloop
  endfacet
  facet normal 1.4766370984528522e-14 0.9659258262890709 0.258819045102511
    outer loop
      vertex -92.0148320803902 -57.09541690441446 63.070275985985376
      vertex -92.20214495790071 -57.12099709759488 63.165742566602134
      vertex -92.16970982002022 -57.18198455027071 63.39335083861255
    endloop
  endfacet
  facet normal -1.5532536462981237e-14 0.9659258262890698 0.258819045102515
    outer loop
      vertex -92.43037053228026 -57.152164491737416 63.28206086508159
      vertex -92.16970982002022 -57.18198455027071 63.39335083861255
      vertex -92.20214495790071 -57.12099709759488 63.165742566602134
    endloop
  endfacet
  facet normal 3.0078465555460546e-15 0.9659258262890723 0.25881904510250575
    outer loop
      vertex -90.03706983286301 -57.20096331080174 63.464180537179004
      vertex -92.0148320803902 -57.09541690441446 63.070275985985376
      vertex -92.16970982002022 -57.18198455027071 63.39335083861255
    endloop
  endfacet
  facet normal -1.5678250565694006e-14 0.9659258262890593 0.25881904510255416
    outer loop
      vertex -92.375 -57.04331013231227 62.87581086508159
      vertex -92.31859674154364 -57.089065303249015 63.046571487726496
      vertex -92.15650255585308 -57.067988535274026 62.967911918784516
    endloop
  endfacet
  facet normal -1.3588967298957489e-14 0.9659258262890582 0.2588190451025582
    outer loop
      vertex -92.0148320803902 -57.09541690441446 63.070275985985376
      vertex -92.15650255585308 -57.067988535274026 62.967911918784516
      vertex -92.31859674154364 -57.089065303249015 63.046571487726496
    endloop
  endfacet
  facet normal 5.4516545343894344e-15 0.9659258262890759 0.2588190451024923
    outer loop
      vertex -92.17374367441467 -57.39082951892158 64.1727708725227
      vertex -88.85714285714286 -57.56094822251731 64.80766251765974
      vertex -92.06672740181965 -57.38395257022993 64.14710575060442
    endloop
  endfacet
  facet normal -9.587606256411665e-15 0.9659258262890577 0.2588190451025605
    outer loop
      vertex -90.92794139030644 -57.420372569123515 64.2830270368869
      vertex -92.06672740181965 -57.38395257022993 64.14710575060442
      vertex -88.85714285714286 -57.56094822251731 64.80766251765974
    endloop
  endfacet
  facet normal 4.813790792796053e-15 0.9659258262890669 0.2588190451025257
    outer loop
      vertex -91.02491501112735 -57.38259248516666 64.1420298440457
      vertex -90.32582796306032 -57.417091071946885 64.2707803226988
      vertex -90.79901412646291 -57.37074266623201 64.09780571772109
    endloop
  endfacet
  facet normal -1.1643350416608107e-14 0.9659258262890652 0.25881904510253223
    outer loop
      vertex -90.32582796306032 -57.417091071946885 64.2707803226988
      vertex -90.04933261417808 -57.42455955070963 64.29865306489663
      vertex -90.40750446606228 -57.383584040838734 64.14573038019239
    endloop
  endfacet
  facet normal 6.602919518091003e-15 0.9659258262890682 0.2588190451025212
    outer loop
      vertex -90.32582796306032 -57.417091071946885 64.2707803226988
      vertex -90.40750446606228 -57.383584040838734 64.14573038019239
      vertex -90.79901412646291 -57.37074266623201 64.09780571772109
    endloop
  endfacet
  facet normal -2.3808501938873172e-15 0.9659258262890706 0.258819045102512
    outer loop
      vertex -88.57072544180836 -57.455243931606276 64.41316873340172
      vertex -90.40750446606228 -57.383584040838734 64.14573038019239
      vertex -90.04933261417808 -57.42455955070963 64.29865306489663
    endloop
  endfacet
  facet normal -7.764179355788043e-15 0.9659258262890532 0.2588190451025768
    outer loop
      vertex -88.57072544180836 -57.455243931606276 64.41316873340172
      vertex -90.04933261417808 -57.42455955070963 64.29865306489663
      vertex -88.61201080307777 -57.47048057436731 64.47003265832265
    endloop
  endfacet
  facet normal -3.456880299961428e-15 0.9659258262890645 0.25881904510253484
    outer loop
      vertex -90.99741316471251 -57.316097415138486 63.893866864247684
      vertex -88.50947649821279 -57.43263959330423 64.328808194387
      vertex -88.43366219190251 -57.40465980904397 64.2243862179429
    endloop
  endfacet
  facet normal 2.871469321209347e-15 0.9659258262890713 0.2588190451025095
    outer loop
      vertex -90.03706983286301 -57.20096331080174 63.464180537179004
      vertex -92.16970982002022 -57.18198455027071 63.39335083861255
      vertex -88.39260047209024 -57.38950570268045 64.16783032305094
    endloop
  endfacet
  facet normal -2.9134062615032406e-14 0.9659258262890527 0.25881904510257936
    outer loop
      vertex -89.9424410829049 -57.18398934847124 63.40083284735586
      vertex -90.03706983286301 -57.20096331080174 63.464180537179004
      vertex -88.39260047209024 -57.38950570268045 64.16783032305094
    endloop
  endfacet
  facet normal 6.235527400643706e-13 0.9659258262882806 0.2588190451054605
    outer loop
      vertex -94.4205809482916 -56.63706013231227 61.359665224506735
      vertex -94.21210506235758 -56.62632731233685 61.31960979504995
      vertex -85 -56.13744347445345 59.49507047306985
    endloop
  endfacet
  facet normal -8.521575371255273e-15 0.9659258262890785 0.2588190451024827
    outer loop
      vertex -94.21210506235758 -56.62632731233685 61.31960979504995
      vertex -94 -56.62272918402068 61.306181397361854
      vertex -85 -56.13744347445345 59.49507047306985
    endloop
  endfacet
  facet normal -2.8622320402587535e-15 0.9659258262890644 0.25881904510253523
    outer loop
      vertex -85 -57.56094822251731 64.80766251765974
      vertex -88.43366219190251 -57.40465980904397 64.2243862179429
      vertex -88.50947649821279 -57.43263959330423 64.328808194387
    endloop
  endfacet
  facet normal 3.576491654137865e-16 0.9659258262890695 0.25881904510251585
    outer loop
      vertex -85 -57.56094822251731 64.80766251765974
      vertex -88.18094885445348 -57.311394236810486 63.87631436377053
      vertex -88.39260047209024 -57.38950570268045 64.16783032305094
    endloop
  endfacet
  facet normal -6.295042822375151e-15 0.965925826289053 0.25881904510257764
    outer loop
      vertex -85 -57.56094822251731 64.80766251765974
      vertex -88.57072544180836 -57.455243931606276 64.41316873340172
      vertex -88.61201080307777 -57.47048057436731 64.47003265832265
    endloop
  endfacet
  facet normal 3.383207754880689e-15 0.965925826289069 0.258819045102518
    outer loop
      vertex -89.9424410829049 -57.18398934847124 63.40083284735586
      vertex -88.39260047209024 -57.38950570268045 64.16783032305094
      vertex -88.18094885445348 -57.311394236810486 63.87631436377053
    endloop
  endfacet
  facet normal 8.802014489435995e-16 0.9659258262890683 0.2588190451025202
    outer loop
      vertex 37.430370532280264 -56.934455772887134 62.4695608650816
      vertex 30 -56.13744347445345 59.49507047306985
      vertex 30 -57.56094822251731 64.80766251765974
    endloop
  endfacet
  facet normal -7.165570286970288e-15 0.965925826289075 0.25881904510249626
    outer loop
      vertex 37.430370532280264 -56.934455772887134 62.4695608650816
      vertex 30 -57.56094822251731 64.80766251765974
      vertex 37.38890210026756 -56.98841330261147 62.670933107463746
    endloop
  endfacet
  facet normal 3.7113420458765946e-15 0.9659258262890654 0.2588190451025314
    outer loop
      vertex 37.38890210026756 -56.98841330261147 62.670933107463746
      vertex 30 -57.56094822251731 64.80766251765974
      vertex 37.377432583742035 -57.03370430780738 62.839961439980755
    endloop
  endfacet
  facet normal 1.0477161488830056e-15 0.965925826289068 0.2588190451025219
    outer loop
      vertex 40.14904851942814 -57.34070577288713 63.98570650565645
      vertex 40.11684791534312 -57.34801460838674 64.01298345108518
      vertex 40.93327259818036 -57.38395257022993 64.14710575060442
    endloop
  endfacet
  facet normal 1.0612714632112805e-15 0.965925826289068 0.2588190451025219
    outer loop
      vertex 40.28919917797326 -57.2993435914081 63.83134074286485
      vertex 40.14904851942814 -57.34070577288713 63.98570650565645
      vertex 40.93327259818036 -57.38395257022993 64.14710575060442
    endloop
  endfacet
  facet normal -2.2492903875416426e-14 0.9659258262890426 0.25881904510261666
    outer loop
      vertex 40.939589440486834 -57.399245192565424 64.20417859414145
      vertex 40.826256325585334 -57.39082951892158 64.1727708725227
      vertex 40.45431966186881 -57.387351264316074 64.15978984961328
    endloop
  endfacet
  facet normal 9.620988484640745e-15 0.9659258262890716 0.2588190451025086
    outer loop
      vertex 40.939589440486834 -57.399245192565424 64.20417859414145
      vertex 40.93327259818036 -57.38395257022993 64.14710575060442
      vertex 40.826256325585334 -57.39082951892158 64.1727708725227
    endloop
  endfacet
  facet normal -8.231179234463414e-15 0.9659258262890678 0.25881904510252285
    outer loop
      vertex 40.50130424033084 -57.20425949319186 63.47648205732997
      vertex 40.7945172706442 -57.232979598598426 63.583666949906004
      vertex 40.80981298677311 -57.19759751565191 63.45161921867198
    endloop
  endfacet
  facet normal -9.480370096818387e-15 0.9659258262890715 0.2588190451025084
    outer loop
      vertex 40.50130424033084 -57.20425949319186 63.47648205732997
      vertex 40.80981298677311 -57.19759751565191 63.45161921867198
      vertex 40.569629467719736 -57.152164491737416 63.28206086508159
    endloop
  endfacet
  facet normal 2.6139246372444347e-14 0.9659258262890494 0.25881904510259135
    outer loop
      vertex 40.569629467719736 -57.152164491737416 63.28206086508159
      vertex 40.797855042099286 -57.12099709759488 63.165742566602134
      vertex 40.588240999779686 -57.12794770210735 63.191682575786
    endloop
  endfacet
  facet normal 1.4766370984528305e-14 0.9659258262890709 0.25881904510251097
    outer loop
      vertex 40.98516791960979 -57.09541690441446 63.070275985985376
      vertex 40.797855042099286 -57.12099709759488 63.165742566602134
      vertex 40.83029017997979 -57.18198455027071 63.39335083861255
    endloop
  endfacet
  facet normal -1.5532536462981006e-14 0.9659258262890699 0.258819045102515
    outer loop
      vertex 40.569629467719736 -57.152164491737416 63.28206086508159
      vertex 40.83029017997979 -57.18198455027071 63.39335083861255
      vertex 40.797855042099286 -57.12099709759488 63.165742566602134
    endloop
  endfacet
  facet normal -1.5678250565692823e-14 0.9659258262890593 0.25881904510255427
    outer loop
      vertex 40.625 -57.04331013231227 62.87581086508159
      vertex 40.681403258456356 -57.089065303249015 63.046571487726496
      vertex 40.843497444146934 -57.067988535274026 62.967911918784516
    endloop
  endfacet
  facet normal -1.3588967298957325e-14 0.9659258262890583 0.2588190451025582
    outer loop
      vertex 40.98516791960979 -57.09541690441446 63.070275985985376
      vertex 40.843497444146934 -57.067988535274026 62.967911918784516
      vertex 40.681403258456356 -57.089065303249015 63.046571487726496
    endloop
  endfacet
  facet normal -4.040084253256183e-15 0.9659258262890654 0.25881904510253156
    outer loop
      vertex 40.28919917797326 -57.2993435914081 63.83134074286485
      vertex 40.93327259818036 -57.38395257022993 64.14710575060442
      vertex 41.59386843214018 -57.38791074554217 64.16187786197499
    endloop
  endfacet
  facet normal 9.594822797559067e-15 0.9659258262890787 0.2588190451024813
    outer loop
      vertex 40.28919917797326 -57.2993435914081 63.83134074286485
      vertex 41.59386843214018 -57.38791074554217 64.16187786197499
      vertex 41.585823050286685 -57.350565549147845 64.0225036916127
    endloop
  endfacet
  facet normal 1.6942653197707395e-15 0.9659258262890714 0.2588190451025094
    outer loop
      vertex 40.939589440486834 -57.399245192565424 64.20417859414145
      vertex 44.142857142857146 -57.56094822251731 64.80766251765974
      vertex 40.93327259818036 -57.38395257022993 64.14710575060442
    endloop
  endfacet
  facet normal 2.0712728808086713e-15 0.9659258262890787 0.25881904510248177
    outer loop
      vertex 41.97508498887266 -57.38259248516666 64.1420298440457
      vertex 41.585823050286685 -57.350565549147845 64.0225036916127
      vertex 41.59386843214018 -57.38791074554217 64.16187786197499
    endloop
  endfacet
  facet normal -9.587606256411665e-15 0.9659258262890577 0.2588190451025605
    outer loop
      vertex 42.07205860969356 -57.420372569123515 64.2830270368869
      vertex 40.93327259818036 -57.38395257022993 64.14710575060442
      vertex 44.142857142857146 -57.56094822251731 64.80766251765974
    endloop
  endfacet
  facet normal -1.4327049107033634e-14 0.9659258262890117 0.2588190451027316
    outer loop
      vertex 42.65499417894564 -57.43853272994934 64.35080167976247
      vertex 42.61330988602807 -57.435103110842185 64.33800216700398
      vertex 42.07205860969356 -57.420372569123515 64.2830270368869
    endloop
  endfacet
  facet normal 4.8137907927961525e-15 0.965925826289067 0.25881904510252574
    outer loop
      vertex 41.97508498887266 -57.38259248516666 64.1420298440457
      vertex 42.67417203693968 -57.417091071946885 64.2707803226988
      vertex 42.20098587353709 -57.37074266623201 64.09780571772109
    endloop
  endfacet
  facet normal 6.607569461413603e-15 0.9659258262890682 0.25881904510252113
    outer loop
      vertex 42.59249553393772 -57.383584040838734 64.14573038019239
      vertex 42.20098587353709 -57.37074266623201 64.09780571772109
      vertex 42.67417203693968 -57.417091071946885 64.2707803226988
    endloop
  endfacet
  facet normal 2.107161594189897e-14 0.965925826289088 0.2588190451024477
    outer loop
      vertex 42.65499417894564 -57.43853272994934 64.35080167976247
      vertex 42.07205860969356 -57.420372569123515 64.2830270368869
      vertex 44.142857142857146 -57.56094822251731 64.80766251765974
    endloop
  endfacet
  facet normal -1.1646592786537225e-14 0.9659258262890653 0.2588190451025323
    outer loop
      vertex 42.95066738582192 -57.42455955070963 64.29865306489663
      vertex 42.59249553393772 -57.383584040838734 64.14573038019239
      vertex 42.67417203693968 -57.417091071946885 64.2707803226988
    endloop
  endfacet
  facet normal -8.233093761907944e-15 0.9659258262890168 0.25881904510271314
    outer loop
      vertex 42.91071722135507 -57.44026058328328 64.35725011619279
      vertex 42.61330988602807 -57.435103110842185 64.33800216700398
      vertex 42.65499417894564 -57.43853272994934 64.35080167976247
    endloop
  endfacet
  facet normal 9.185893966689174e-16 0.9659258262891075 0.2588190451023744
    outer loop
      vertex 42.965735063020446 -57.445649560063 64.37736205133552
      vertex 42.91071722135507 -57.44026058328328 64.35725011619279
      vertex 42.65499417894564 -57.43853272994934 64.35080167976247
    endloop
  endfacet
  facet normal -4.764112645227905e-15 0.9659258262891035 0.2588190451023889
    outer loop
      vertex 42.965735063020446 -57.445649560063 64.37736205133552
      vertex 43.134246930925244 -57.44556138383221 64.37703297316217
      vertex 42.91071722135507 -57.44026058328328 64.35725011619279
    endloop
  endfacet
  facet normal 3.640686283029676e-15 0.9659258262890722 0.25881904510250603
    outer loop
      vertex 40.98516791960979 -57.09541690441446 63.070275985985376
      vertex 40.83029017997979 -57.18198455027071 63.39335083861255
      vertex 44.60739952790976 -57.38950570268045 64.16783032305094
    endloop
  endfacet
  facet normal 0 0.9659258262890673 0.25881904510252435
    outer loop
      vertex 38.579419051708406 -56.63706013231228 61.359665224506735
      vertex 48 -56.13744347445345 59.49507047306985
      vertex 30 -56.13744347445345 59.49507047306985
    endloop
  endfacet
  facet normal -1.039598203149293e-12 0.96592582629038 0.25881904509762543
    outer loop
      vertex 38.579419051708406 -56.63706013231228 61.359665224506735
      vertex 38.71840297566441 -56.62990491899532 61.33296160486888
      vertex 48 -56.13744347445345 59.49507047306985
    endloop
  endfacet
  facet normal -2.380850193887328e-15 0.9659258262890706 0.258819045102512
    outer loop
      vertex 44.42927455819164 -57.455243931606276 64.41316873340172
      vertex 42.59249553393772 -57.383584040838734 64.14573038019239
      vertex 42.95066738582192 -57.42455955070963 64.29865306489663
    endloop
  endfacet
  facet normal 2.5030191592740215e-15 0.9659258262890761 0.2588190451024917
    outer loop
      vertex 42.00258683528749 -57.316097415138486 63.893866864247684
      vertex 44.50878421017527 -57.42590035494668 64.3036570144323
      vertex 44.5663378080975 -57.40465980904397 64.2243862179429
    endloop
  endfacet
  facet normal -7.764179355787972e-15 0.9659258262890532 0.25881904510257686
    outer loop
      vertex 44.42927455819164 -57.455243931606276 64.41316873340172
      vertex 42.95066738582192 -57.42455955070963 64.29865306489663
      vertex 44.387989196922234 -57.47048057436731 64.47003265832265
    endloop
  endfacet
  facet normal -4.4669484588304885e-15 0.9659258262890655 0.2588190451025309
    outer loop
      vertex 42.965735063020446 -57.445649560063 64.37736205133552
      vertex 44.142857142857146 -57.56094822251731 64.80766251765974
      vertex 43.134246930925244 -57.44556138383221 64.37703297316217
    endloop
  endfacet
  facet normal 6.13547224580343e-15 0.9659258262890718 0.25881904510250775
    outer loop
      vertex 43.134246930925244 -57.44556138383221 64.37703297316217
      vertex 44.142857142857146 -57.56094822251731 64.80766251765974
      vertex 44.372465276819156 -57.47620978243498 64.49141435391832
    endloop
  endfacet
  facet normal 0 0.965925826289073 0.2588190451025036
    outer loop
      vertex 48 -57.56094822251731 64.80766251765974
      vertex 44.372465276819156 -57.47620978243498 64.49141435391832
      vertex 44.142857142857146 -57.56094822251731 64.80766251765974
    endloop
  endfacet
  facet normal -6.295042822375082e-15 0.9659258262890531 0.2588190451025777
    outer loop
      vertex 48 -57.56094822251731 64.80766251765974
      vertex 44.42927455819164 -57.455243931606276 64.41316873340172
      vertex 44.387989196922234 -57.47048057436731 64.47003265832265
    endloop
  endfacet
  facet normal -2.131189756339392e-15 0.9659258262890675 0.2588190451025238
    outer loop
      vertex 40.98516791960979 -57.09541690441446 63.070275985985376
      vertex 44.60739952790976 -57.38950570268045 64.16783032305094
      vertex 44.76860959672037 -57.33001003272811 63.945789459958455
    endloop
  endfacet
  facet normal -9.08212497274939e-15 0.9659258262890603 0.25881904510255066
    outer loop
      vertex 43.14069532865017 -57.16901077787148 63.344932060852784
      vertex 43.05755891709509 -57.18398934847124 63.40083284735586
      vertex 44.76860959672037 -57.33001003272811 63.945789459958455
    endloop
  endfacet
  facet normal 4.82256133719649e-15 0.9659258262890756 0.2588190451024933
    outer loop
      vertex 48 -57.56094822251731 64.80766251765974
      vertex 44.5663378080975 -57.40465980904397 64.2243862179429
      vertex 44.50878421017527 -57.42590035494668 64.3036570144323
    endloop
  endfacet
  facet normal -1.3460582098393565e-15 0.9659258262890674 0.25881904510252424
    outer loop
      vertex 48 -57.56094822251731 64.80766251765974
      vertex 44.76860959672037 -57.33001003272811 63.945789459958455
      vertex 44.60739952790976 -57.38950570268045 64.16783032305094
    endloop
  endfacet
  facet normal -1.6241698991784005e-16 0.9659258262890684 0.25881904510252013
    outer loop
      vertex 44.76860959672037 -57.33001003272811 63.945789459958455
      vertex 48 -57.56094822251731 64.80766251765974
      vertex 48 -56.13744347445345 59.49507047306985
    endloop
  endfacet
  facet normal 2.3345897878553124e-15 0.9659258262890681 0.2588190451025218
    outer loop
      vertex 43.14069532865017 -57.16901077787148 63.344932060852784
      vertex 44.76860959672037 -57.33001003272811 63.945789459958455
      vertex 48 -56.13744347445345 59.49507047306985
    endloop
  endfacet
  facet normal -1.632975354885458e-15 0.9659258262890673 0.2588190451025241
    outer loop
      vertex -103 -79.30174801112905 145.94543192594148
      vertex -103 -80.72525275919293 151.25802397053133
      vertex -99.78603414938317 -79.5391168503308 146.83130449397606
    endloop
  endfacet
  facet normal -1.620723242933098e-14 0.9659258262890471 0.2588190451025999
    outer loop
      vertex -95.59862506462687 -79.7144914961988 147.48581158271483
      vertex -99.6282888481204 -79.48089987635575 146.61403578923827
      vertex -99.69062371848733 -79.50390498330245 146.69989201719687
    endloop
  endfacet
  facet normal 1.9203649102406028e-15 0.9659258262890668 0.25881904510252657
    outer loop
      vertex -98.0575589170951 -79.67870688517512 147.35226159624534
      vertex -99.78603414938317 -79.5391168503308 146.83130449397606
      vertex -103 -80.72525275919293 151.25802397053133
    endloop
  endfacet
  facet normal -4.2834758428528026e-15 0.9659258262890686 0.2588190451025192
    outer loop
      vertex -96.44674706825325 -79.83031441762134 147.91806861014481
      vertex -98.0575589170951 -79.67870688517512 147.35226159624534
      vertex -103 -80.72525275919293 151.25802397053133
    endloop
  endfacet
  facet normal 1.5135239534454593e-15 0.9659258262890684 0.2588190451025202
    outer loop
      vertex -99.56633780809749 -79.45803642460238 146.5287082256583
      vertex -96.09095089223985 -79.65089162484234 147.2484536314577
      vertex -97.33122613424318 -79.50900188628809 146.71891391810055
    endloop
  endfacet
  facet normal 3.464019566130531e-14 0.965925826289094 0.2588190451024249
    outer loop
      vertex -95.84856223111888 -79.52538041779394 146.78003942983366
      vertex -96.97508498887252 -79.4801037484797 146.61106459955553
      vertex -96.05813259143356 -79.55554697283337 146.8926225459302
    endloop
  endfacet
  facet normal 1.5723989667984884e-14 0.9659258262890767 0.25881904510248904
    outer loop
      vertex -96.3861661289527 -79.57176485317748 146.9531484993655
      vertex -97.33122613424318 -79.50900188628809 146.71891391810055
      vertex -96.09095089223985 -79.65089162484234 147.2484536314577
    endloop
  endfacet
  facet normal 3.5380900557662585e-14 0.9659258262890817 0.2588190451024707
    outer loop
      vertex -95.79451727064408 -79.62971663504796 147.16942749369522
      vertex -96.3861661289527 -79.57176485317748 146.9531484993655
      vertex -96.09095089223985 -79.65089162484234 147.2484536314577
    endloop
  endfacet
  facet normal 1.5486160074986996e-14 0.9659258262891028 0.2588190451023916
    outer loop
      vertex -95.84856223111888 -79.52538041779394 146.78003942983366
      vertex -96.05813259143356 -79.55554697283337 146.8926225459302
      vertex -95.28919917797326 -79.56335264223827 146.92175370073636
    endloop
  endfacet
  facet normal -5.248335306764868e-15 0.9659258262890701 0.25881904510251386
    outer loop
      vertex -96.09975412187396 -79.82802821826319 147.9095363979839
      vertex -103 -80.72525275919293 151.25802397053133
      vertex -95.67354423265593 -79.82534875920452 147.89953652064017
    endloop
  endfacet
  facet normal 5.03173222521461e-15 0.9659258262890645 0.2588190451025348
    outer loop
      vertex -95.61341808204098 -79.86512095905833 148.04796839122338
      vertex -95.67354423265593 -79.82534875920452 147.89953652064017
      vertex -103 -80.72525275919293 151.25802397053133
    endloop
  endfacet
  facet normal -2.6934960585291116e-14 0.965925826289083 0.25881904510246634
    outer loop
      vertex -95.73075800159312 -79.8880640225876 148.1335930699959
      vertex -95.61341808204098 -79.86512095905833 148.04796839122338
      vertex -103 -80.72525275919293 151.25802397053133
    endloop
  endfacet
  facet normal -1.7952300815777752e-14 0.9659258262890474 0.2588190451025987
    outer loop
      vertex -99.69062371848733 -79.50390498330245 146.69989201719687
      vertex -99.6282888481204 -79.48089987635575 146.61403578923827
      vertex -103 -79.30174801112905 145.94543192594148
    endloop
  endfacet
  facet normal -7.575732291988533e-15 0.9659258262890406 0.25881904510262427
    outer loop
      vertex -103 -79.30174801112905 145.94543192594148
      vertex -99.39694876576029 -79.39552224896318 146.29540214597944
      vertex -98.13424693092523 -79.41713484981416 146.37606147043903
    endloop
  endfacet
  facet normal 1.6552345293475183e-14 0.9659258262891127 0.2588190451023553
    outer loop
      vertex -99.56633780809749 -79.45803642460238 146.5287082256583
      vertex -97.33122613424318 -79.50900188628809 146.71891391810055
      vertex -99.52704491856333 -79.44353511705724 146.4745886091236
    endloop
  endfacet
  facet normal -1.14159588814106e-15 0.9659258262890659 0.2588190451025299
    outer loop
      vertex -99.39694876576029 -79.39552224896318 146.29540214597944
      vertex -98.00618370325418 -79.4317855154707 146.4307384990339
      vertex -98.13424693092523 -79.41713484981416 146.37606147043903
    endloop
  endfacet
  facet normal 2.389548704907438e-15 0.965925826289068 0.2588190451025222
    outer loop
      vertex -97.8177136714854 -79.43154531289271 146.42984205080876
      vertex -98.13424693092523 -79.41713484981416 146.37606147043903
      vertex -98.00618370325418 -79.4317855154707 146.4307384990339
    endloop
  endfacet
  facet normal -3.293132605217635e-14 0.9659258262890389 0.25881904510263026
    outer loop
      vertex -96.89340446191189 -79.50204212595644 146.69293973893429
      vertex -96.05813259143356 -79.55554697283337 146.8926225459302
      vertex -96.97508498887252 -79.4801037484797 146.61106459955553
    endloop
  endfacet
  facet normal 2.0308835572696342e-15 0.9659258262890658 0.2588190451025298
    outer loop
      vertex -92.43037053228026 -79.92824046075924 148.2835335785196
      vertex -85 -79.30174801112905 145.94543192594148
      vertex -92.38890210026756 -79.8742829310349 148.08216133613746
    endloop
  endfacet
  facet normal 1.4126689921317104e-16 0.9659258262890673 0.25881904510252407
    outer loop
      vertex -92.43037053228026 -79.92824046075924 148.2835335785196
      vertex -85 -80.72525275919293 151.25802397053133
      vertex -85 -79.30174801112905 145.94543192594148
    endloop
  endfacet
  facet normal -1.8152285516910053e-14 0.9659258262890501 0.25881904510258874
    outer loop
      vertex 34.94244108290491 -79.67870688517512 147.35226159624534
      vertex 33.213965850616816 -79.5391168503308 146.83130449397606
      vertex 33.16535641095297 -79.55705649392841 146.89825615535202
    endloop
  endfacet
  facet normal -1.6207232429331645e-14 0.9659258262890472 0.25881904510259957
    outer loop
      vertex 37.40137493537313 -79.7144914961988 147.48581158271483
      vertex 33.37171115187957 -79.48089987635575 146.61403578923827
      vertex 33.30937628151267 -79.50390498330245 146.69989201719687
    endloop
  endfacet
  facet normal 1.5135239534454613e-15 0.9659258262890684 0.2588190451025202
    outer loop
      vertex 33.433662191902506 -79.45803642460238 146.5287082256583
      vertex 36.909049107760154 -79.65089162484234 147.2484536314577
      vertex 35.66877386575681 -79.50900188628809 146.71891391810055
    endloop
  endfacet
  facet normal 1.864850895817366e-14 0.965925826289083 0.2588190451024661
    outer loop
      vertex 37.014832080390214 -79.76727932923191 147.6828184576158
      vertex 33.30937628151267 -79.50390498330245 146.69989201719687
      vertex 33.25032686971771 -79.52569756946627 146.78122305598862
    endloop
  endfacet
  facet normal 3.464019566130574e-14 0.9659258262890941 0.258819045102425
    outer loop
      vertex 36.024915011127476 -79.4801037484797 146.61106459955553
      vertex 36.94186740856644 -79.55554697283337 146.8926225459302
      vertex 37.15143776888112 -79.52538041779394 146.78003942983366
    endloop
  endfacet
  facet normal 1.5483899981572704e-14 0.9659258262891028 0.25881904510239173
    outer loop
      vertex 36.94186740856644 -79.55554697283337 146.8926225459302
      vertex 37.71080082202674 -79.56335264223827 146.92175370073636
      vertex 37.15143776888112 -79.52538041779394 146.78003942983366
    endloop
  endfacet
  facet normal 1.5723989667984726e-14 0.9659258262890769 0.25881904510248904
    outer loop
      vertex 36.613833871047305 -79.57176485317748 146.9531484993655
      vertex 35.66877386575681 -79.50900188628809 146.71891391810055
      vertex 36.909049107760154 -79.65089162484234 147.2484536314577
    endloop
  endfacet
  facet normal 3.5380900557661916e-14 0.9659258262890816 0.25881904510247067
    outer loop
      vertex 37.20548272935593 -79.62971663504796 147.16942749369522
      vertex 36.613833871047305 -79.57176485317748 146.9531484993655
      vertex 36.909049107760154 -79.65089162484234 147.2484536314577
    endloop
  endfacet
  facet normal -5.2483353067650515e-15 0.9659258262890701 0.25881904510251386
    outer loop
      vertex 36.90024587812605 -79.82802821826319 147.9095363979839
      vertex 30 -80.72525275919293 151.25802397053133
      vertex 37.326455767344065 -79.82534875920452 147.89953652064017
    endloop
  endfacet
  facet normal 5.031732225214614e-15 0.9659258262890645 0.2588190451025348
    outer loop
      vertex 37.38658191795901 -79.86512095905833 148.04796839122338
      vertex 37.326455767344065 -79.82534875920452 147.89953652064017
      vertex 30 -80.72525275919293 151.25802397053133
    endloop
  endfacet
  facet normal -2.6934960585291173e-14 0.9659258262890829 0.2588190451024662
    outer loop
      vertex 37.269241998406876 -79.8880640225876 148.1335930699959
      vertex 37.38658191795901 -79.86512095905833 148.04796839122338
      vertex 30 -80.72525275919293 151.25802397053133
    endloop
  endfacet
  facet normal -2.0244243177592548e-14 0.9659258262890507 0.25881904510258696
    outer loop
      vertex 30 -79.30174801112905 145.94543192594148
      vertex 33.16535641095297 -79.55705649392841 146.89825615535202
      vertex 33.213965850616816 -79.5391168503308 146.83130449397606
    endloop
  endfacet
  facet normal 1.5041274632578437e-14 0.9659258262890836 0.25881904510246356
    outer loop
      vertex 30 -79.30174801112905 145.94543192594148
      vertex 33.25032686971771 -79.52569756946627 146.78122305598862
      vertex 33.30937628151267 -79.50390498330245 146.69989201719687
    endloop
  endfacet
  facet normal -1.7972540162808813e-14 0.9659258262890474 0.25881904510259834
    outer loop
      vertex 30 -79.30174801112905 145.94543192594148
      vertex 33.30937628151267 -79.50390498330245 146.69989201719687
      vertex 33.37171115187957 -79.48089987635575 146.61403578923827
    endloop
  endfacet
  facet normal -7.575732291988621e-15 0.9659258262890406 0.2588190451026241
    outer loop
      vertex 30 -79.30174801112905 145.94543192594148
      vertex 33.60305123423971 -79.39552224896318 146.29540214597944
      vertex 34.865753069074756 -79.41713484981416 146.37606147043903
    endloop
  endfacet
  facet normal 1.6552345293475007e-14 0.9659258262891126 0.25881904510235526
    outer loop
      vertex 33.433662191902506 -79.45803642460238 146.5287082256583
      vertex 35.66877386575681 -79.50900188628809 146.71891391810055
      vertex 33.472955081436666 -79.44353511705724 146.4745886091236
    endloop
  endfacet
  facet normal 2.3895487049075236e-15 0.9659258262890679 0.2588190451025221
    outer loop
      vertex 35.1822863285146 -79.43154531289271 146.42984205080876
      vertex 34.865753069074756 -79.41713484981416 146.37606147043903
      vertex 34.99381629674582 -79.4317855154707 146.4307384990339
    endloop
  endfacet
  facet normal 8.13079758857856e-15 0.9659258262890804 0.2588190451024759
    outer loop
      vertex 33.54232174958345 -79.41793487741833 146.3790472141053
      vertex 35.66877386575681 -79.50900188628809 146.71891391810055
      vertex 35.2036611336745 -79.45579214564471 146.52033246256187
    endloop
  endfacet
  facet normal -1.14159588814109e-15 0.9659258262890658 0.25881904510252995
    outer loop
      vertex 33.60305123423971 -79.39552224896318 146.29540214597944
      vertex 34.99381629674582 -79.4317855154707 146.4307384990339
      vertex 34.865753069074756 -79.41713484981416 146.37606147043903
    endloop
  endfacet
  facet normal 3.72174484314797e-14 0.9659258262890973 0.2588190451024123
    outer loop
      vertex 35.79901412646291 -79.49195356741436 146.6552887258801
      vertex 35.2036611336745 -79.45579214564471 146.52033246256187
      vertex 35.66877386575681 -79.50900188628809 146.71891391810055
    endloop
  endfacet
  facet normal -2.631529877373659e-14 0.9659258262890444 0.25881904510261017
    outer loop
      vertex 35.79901412646291 -79.49195356741436 146.6552887258801
      vertex 36.94186740856644 -79.55554697283337 146.8926225459302
      vertex 36.024915011127476 -79.4801037484797 146.61106459955553
    endloop
  endfacet
  facet normal -5.031732225214614e-15 0.9659258262890645 0.2588190451025348
    outer loop
      vertex 40.61341808204099 -79.86512095905833 148.04796839122338
      vertex 48 -80.72525275919293 151.25802397053133
      vertex 40.673544232655935 -79.82534875920452 147.89953652064017
    endloop
  endfacet
  facet normal 5.2483353067650515e-15 0.9659258262890701 0.25881904510251386
    outer loop
      vertex 41.09975412187395 -79.82802821826319 147.9095363979839
      vertex 40.673544232655935 -79.82534875920452 147.89953652064017
      vertex 48 -80.72525275919293 151.25802397053133
    endloop
  endfacet
  facet normal 0 0.2588190451025192 -0.9659258262890689
    outer loop
      vertex -99.14285714285714 -79.30174801112905 145.94543192594148
      vertex -103 -79.8813035069025 145.79014049887996
      vertex -103 -79.30174801112905 145.94543192594148
    endloop
  endfacet
  facet normal -1.8818428000481156e-14 0.258819045102636 -0.9659258262890374
    outer loop
      vertex -99.14285714285714 -79.30174801112905 145.94543192594148
      vertex -99.17080370320676 -79.31644491018999 145.94149390370686
      vertex -103 -79.8813035069025 145.79014049887996
    endloop
  endfacet
  facet normal 1.1799361633567804e-16 0.965925826289068 0.25881904510252196
    outer loop
      vertex -33.11796733212337 -80.90462045892615 143.81365639834434
      vertex -1.3333333333332404 -81.07137320123358 144.43598610493711
      vertex 24.5 -80.55373511102854 142.50413445235898
    endloop
  endfacet
  facet normal -2.4316880021745033e-16 0.9659258262890684 0.2588190451025207
    outer loop
      vertex -78.5 -80.03609702082349 140.57228279978082
      vertex -73.5 -77.01190938643767 129.2858608966314
      vertex -75.68655802562171 -69.25914601497637 100.35215409527882
    endloop
  endfacet
  facet normal 2.7453263166110787e-15 0.9659258262890679 0.25881904510252185
    outer loop
      vertex -78.5 -80.03609702082349 140.57228279978082
      vertex -73.5 -80.0360970208235 140.57228279978082
      vertex -73.5 -77.01190938643767 129.2858608966314
    endloop
  endfacet
  facet normal 2.436214086503229e-15 0.9659258262890683 0.2588190451025208
    outer loop
      vertex -78.5 -80.03609702082349 140.57228279978082
      vertex -75.68655802562171 -69.25914601497637 100.35215409527882
      vertex -78.5 -69.30379185192467 100.51877462711636
    endloop
  endfacet
  facet normal 2.745326316611079e-15 0.9659258262890682 0.25881904510252113
    outer loop
      vertex -54.5 -80.03609702082349 140.57228279978082
      vertex -49.5 -80.0360970208235 140.57228279978082
      vertex -49.5 -73.593413542399 116.52786072121604
    endloop
  endfacet
  facet normal -1.977488720743506e-14 0.9659258262892871 0.25881904510170434
    outer loop
      vertex -33.11796733212337 -80.90462045892615 143.81365639834434
      vertex -4.4395098585479715 -80.7269635517222 143.15063179434364
      vertex -60.827544975977396 -81.07137320123358 144.43598610493711
    endloop
  endfacet
  facet normal 0 0.9659258262890665 0.25881904510252757
    outer loop
      vertex -33.11796733212337 -80.90462045892615 143.81365639834434
      vertex -60.827544975977396 -81.07137320123358 144.43598610493711
      vertex -1.3333333333332404 -81.07137320123358 144.43598610493711
    endloop
  endfacet
  facet normal 2.74532631661108e-15 0.9659258262890683 0.25881904510252096
    outer loop
      vertex -30.5 -80.03609702082349 140.57228279978082
      vertex -25.5 -80.0360970208235 140.57228279978082
      vertex -28.019310474755088 -70.53376154785173 105.10908402408616
    endloop
  endfacet
  facet normal 4.3755453139298883e-16 0.9659258262890682 0.2588190451025208
    outer loop
      vertex -54.5 -80.03609702082349 140.57228279978082
      vertex -51.79747550866617 -69.68401785926815 101.93779740488128
      vertex -54.5 -67.59454392990534 94.13977453940869
    endloop
  endfacet
  facet normal 1.4991041627522175e-15 0.9659258262890683 0.25881904510252085
    outer loop
      vertex -54.5 -80.03609702082349 140.57228279978082
      vertex -49.5 -73.593413542399 116.52786072121604
      vertex -51.79747550866617 -69.68401785926815 101.93779740488128
    endloop
  endfacet
  facet normal -1.2964647815654768e-15 0.9659258262890683 0.2588190451025207
    outer loop
      vertex -30.5 -80.03609702082349 140.57228279978082
      vertex -28.019310474755088 -70.53376154785173 105.10908402408616
      vertex -30.5 -70.88710433253506 106.42777724901222
    endloop
  endfacet
  facet normal -1.8686400208513685e-14 0.9659258262892745 0.2588190451017512
    outer loop
      vertex -33.11796733212337 -80.90462045892615 143.81365639834434
      vertex 24.5 -80.55373511102854 142.50413445235898
      vertex -4.4395098585479715 -80.7269635517222 143.15063179434364
    endloop
  endfacet
  facet normal 3.2102942992730556e-14 0.9659258262890685 0.25881904510252
    outer loop
      vertex -95.13137084989847 -57.33613045533982 63.96863118810914
      vertex -95.04427245033237 -57.32543458445583 63.928713654538875
      vertex -95.13137084989847 -57.27326627891411 63.73401888771241
    endloop
  endfacet
  facet normal 6.97487811636643e-14 0.9659258262890772 0.25881904510248754
    outer loop
      vertex -94.82861136661887 -57.26744604758376 63.71229748867572
      vertex -94.80511779451116 -57.32543553660293 63.92871720800025
      vertex -94.76902528912804 -57.33150300076657 63.951361292532034
    endloop
  endfacet
  facet normal -1.4732008755560608e-13 0.9659258262890572 0.25881904510256243
    outer loop
      vertex -94.84798974825341 -57.278246505293 63.752605345591626
      vertex -94.82940937153079 -57.32613751912564 63.931337042441
      vertex -94.80511779451116 -57.32543553660293 63.92871720800025
    endloop
  endfacet
  facet normal 2.429303145106622e-14 0.9659258262890809 0.2588190451024738
    outer loop
      vertex -94.94085731844169 -57.29661127083905 63.821143583678555
      vertex -94.89224056555969 -57.320933980072304 63.911917170314794
      vertex -94.82940937153079 -57.32613751912564 63.931337042441
    endloop
  endfacet
  facet normal -4.1687608952076465e-15 0.9659258262890933 0.2588190451024276
    outer loop
      vertex -94.78683156209493 -57.37199494141822 64.10247927234109
      vertex -94.64477620957771 -57.36959036996057 64.0935052894907
      vertex -94.64863382729311 -57.36290328935066 64.0685487649002
    endloop
  endfacet
  facet normal -1.014208300255605e-14 0.9659258262890931 0.25881904510242854
    outer loop
      vertex -94.64863382729311 -57.36290328935066 64.0685487649002
      vertex -94.64477620957771 -57.36959036996057 64.0935052894907
      vertex -94.4631202254978 -57.35850400567548 64.0521304147075
    endloop
  endfacet
  facet normal 1.3293909273114148e-14 0.9659258262890673 0.25881904510252446
    outer loop
      vertex -94.4631202254978 -57.35850400567548 64.0521304147075
      vertex -94.64477620957771 -57.36959036996057 64.0935052894907
      vertex -94.45916998622761 -57.36533947145536 64.07764072029141
    endloop
  endfacet
  facet normal -4.5693988538382886e-15 0.9659258262890877 0.2588190451024486
    outer loop
      vertex -94.71823359169535 -57.33724754621833 63.97280022802441
      vertex -94.65496086055607 -57.35193554071083 64.02761656973175
      vertex -94.6 -57.31228277396269 63.879630429566966
    endloop
  endfacet
  facet normal 2.0590851540228748e-13 0.9659258262890681 0.2588190451025214
    outer loop
      vertex -94.6 -57.31228277396269 63.879630429566966
      vertex -94.65496086055607 -57.35193554071083 64.02761656973175
      vertex -94.61849582295584 -57.33455350665967 63.96274593551387
    endloop
  endfacet
  facet normal 2.012892268331366e-14 0.9659258262890684 0.2588190451025201
    outer loop
      vertex -94.73051371481047 -57.28971207706796 63.7953954419936
      vertex -94.76902528912804 -57.33150300076657 63.951361292532034
      vertex -94.6 -57.31228277396269 63.879630429566966
    endloop
  endfacet
  facet normal -4.542895595271573e-15 0.9659258262890839 0.2588190451024632
    outer loop
      vertex -94.61849582295584 -57.33455350665967 63.96274593551387
      vertex -94.56248913679558 -57.34961946254134 64.01897284832889
      vertex -94.48105838802005 -57.327463937545936 63.936287303377654
    endloop
  endfacet
  facet normal 1.8352934599190064e-14 0.9659258262890782 0.25881904510248416
    outer loop
      vertex -94.48105838802005 -57.327463937545936 63.936287303377654
      vertex -94.56248913679558 -57.34961946254134 64.01897284832889
      vertex -94.47595750657216 -57.336290466320364 63.96922835721829
    endloop
  endfacet
  facet normal -2.921435110518055e-14 0.9659258262890763 0.258819045102491
    outer loop
      vertex -94.4592201188381 -57.330251274385475 63.946689786080626
      vertex -94.48105838802005 -57.327463937545936 63.936287303377654
      vertex -94.47595750657216 -57.336290466320364 63.96922835721829
    endloop
  endfacet
  facet normal 1.16014184659626e-13 0.9659258262892241 0.25881904510193965
    outer loop
      vertex -94.4631202254978 -57.35850400567548 64.0521304147075
      vertex -94.4028626491761 -57.363605585135986 64.07116976845299
      vertex -94.40236886034873 -57.360106488917225 64.05811096358397
    endloop
  endfacet
  facet normal 6.910055055763876e-14 0.9659258262892243 0.25881904510193793
    outer loop
      vertex -94.32938420712159 -57.361470844742776 64.06320280884452
      vertex -94.40236886034873 -57.360106488917225 64.05811096358397
      vertex -94.4028626491761 -57.363605585135986 64.07116976845299
    endloop
  endfacet
  facet normal -8.696240646899289e-14 0.9659258262890634 0.258819045102539
    outer loop
      vertex -94.4631202254978 -57.35850400567548 64.0521304147075
      vertex -94.45916998622761 -57.36533947145536 64.07764072029141
      vertex -94.4028626491761 -57.363605585135986 64.07116976845299
    endloop
  endfacet
  facet normal -2.5821585082696244e-14 0.9659258262890152 0.2588190451027183
    outer loop
      vertex -94.32938420712159 -57.361470844742776 64.06320280884452
      vertex -94.24303886016979 -57.36038946781805 64.05916705521933
      vertex -94.24411653079036 -57.35744330870997 64.04817183974079
    endloop
  endfacet
  facet normal 5.557509816884339e-14 0.9659258262890174 0.25881904510271087
    outer loop
      vertex -94.24411653079036 -57.35744330870997 64.04817183974079
      vertex -94.24303886016979 -57.36038946781805 64.05916705521933
      vertex -94.16008879753636 -57.35803283388856 64.05037197765961
    endloop
  endfacet
  facet normal 5.3643492443661805e-14 0.9659258262889989 0.25881904510277964
    outer loop
      vertex -94.24411653079036 -57.35744330870997 64.04817183974079
      vertex -94.16008879753636 -57.35803283388856 64.05037197765961
      vertex -94.15663143066406 -57.351235907063355 64.02500550141265
    endloop
  endfacet
  facet normal 9.743701790371736e-15 0.9659258262890288 0.2588190451026681
    outer loop
      vertex -94.09307085010474 -57.35231414217081 64.02902952961617
      vertex -94.16008879753636 -57.35803283388856 64.05037197765961
      vertex -94.08984254896541 -57.355959916455994 64.04263574448139
    endloop
  endfacet
  facet normal 4.751188203738767e-14 0.9659258262889991 0.25881904510277887
    outer loop
      vertex -94.09307085010474 -57.35231414217081 64.02902952961617
      vertex -94.15663143066406 -57.351235907063355 64.02500550141265
      vertex -94.16008879753636 -57.35803283388856 64.05037197765961
    endloop
  endfacet
  facet normal -3.2823275110452394e-14 0.9659258262890706 0.25881904510251175
    outer loop
      vertex -95.43522828698441 -57.21662600814708 63.522634519455416
      vertex -95.38571120651385 -57.250086738157655 63.647511663913235
      vertex -95.40419443292342 -57.17709988631516 63.375121024552534
    endloop
  endfacet
  facet normal 3.028437638829061e-14 0.9659258262890693 0.25881904510251696
    outer loop
      vertex -95.29097799757574 -57.210060234458595 63.498130718458974
      vertex -95.38564064605511 -57.17616228461423 63.371621847367386
      vertex -95.38564064605511 -57.25008385745146 63.64750091297133
    endloop
  endfacet
  facet normal 4.021048749875157e-11 0.9659258262897564 0.2588190450999524
    outer loop
      vertex -95.40419443292342 -57.17709988631516 63.375121024552534
      vertex -95.38571120651385 -57.250086738157655 63.647511663913235
      vertex -95.38564064605511 -57.25008385745146 63.64750091297133
    endloop
  endfacet
  facet normal 1.015586288603278e-13 0.9659258262890682 0.2588190451025209
    outer loop
      vertex -95.50322340066879 -57.10299919240931 63.098573470019744
      vertex -95.54548132206251 -57.15048980928472 63.275810865081596
      vertex -95.488353691212 -57.16171693232192 63.31771105867924
    endloop
  endfacet
  facet normal -4.756445043622307e-14 0.9659258262890659 0.2588190451025304
    outer loop
      vertex -95.50322340066879 -57.10299919240931 63.098573470019744
      vertex -95.488353691212 -57.16171693232192 63.31771105867924
      vertex -95.47820725201805 -57.12148029820254 63.167545895820155
    endloop
  endfacet
  facet normal -1.6215762943383877e-12 0.9659258262890356 0.25881904510264303
    outer loop
      vertex -95.54934935307827 -57.14545683870018 63.25702756314706
      vertex -95.54548132206251 -57.15048980928472 63.275810865081596
      vertex -95.55668090945248 -57.10626470445639 63.11076052689223
    endloop
  endfacet
  facet normal 3.879419276787471e-14 0.9659258262890704 0.2588190451025127
    outer loop
      vertex -95.43414044816427 -57.05884859570041 62.93380119991768
      vertex -95.40419443292342 -57.17709988631516 63.375121024552534
      vertex -95.38564064605511 -57.17616228461423 63.371621847367386
    endloop
  endfacet
  facet normal -2.4458346656931864e-13 0.9659258262890656 0.25881904510253073
    outer loop
      vertex -95.45119485183791 -57.099820969988066 63.08671218246592
      vertex -95.40419443292342 -57.17709988631516 63.375121024552534
      vertex -95.43414044816427 -57.05884859570041 62.93380119991768
    endloop
  endfacet
  facet normal -2.855380168755291e-14 0.9659258262890744 0.25881904510249787
    outer loop
      vertex -95.45119485183791 -57.099820969988066 63.08671218246592
      vertex -95.47820725201805 -57.12148029820254 63.167545895820155
      vertex -95.40419443292342 -57.17709988631516 63.375121024552534
    endloop
  endfacet
  facet normal 2.8809937746073494e-13 0.9659258262890601 0.2588190451025515
    outer loop
      vertex -95.488353691212 -57.16171693232192 63.31771105867924
      vertex -95.47820725201805 -57.16116480608878 63.315650495524935
      vertex -95.47820725201805 -57.12148029820254 63.167545895820155
    endloop
  endfacet
  facet normal -1.8970130663945188e-13 0.9659258262890601 0.2588190451025515
    outer loop
      vertex -95.40419443292342 -57.17709988631516 63.375121024552534
      vertex -95.47820725201805 -57.12148029820254 63.167545895820155
      vertex -95.47820725201805 -57.16116480608878 63.315650495524935
    endloop
  endfacet
  facet normal 2.94781131105396e-14 0.9659258262890691 0.2588190451025175
    outer loop
      vertex -95.32091047497128 -57.091862402297835 63.057010403490516
      vertex -95.38564064605511 -57.17616228461423 63.371621847367386
      vertex -95.29097799757574 -57.210060234458595 63.498130718458974
    endloop
  endfacet
  facet normal 3.980466531021987e-14 0.9659258262890693 0.25881904510251696
    outer loop
      vertex -95.40419443292342 -57.17709988631516 63.375121024552534
      vertex -95.38564064605511 -57.25008385745146 63.64750091297133
      vertex -95.38564064605511 -57.17616228461423 63.371621847367386
    endloop
  endfacet
  facet normal -1.67208689788129e-13 0.9659258262890691 0.2588190451025181
    outer loop
      vertex -95.26936534446598 -57.29540461511432 63.81664028320665
      vertex -95.26936534446598 -57.245336793894154 63.62978463058871
      vertex -95.28191479777679 -57.24584913874867 63.63169672761674
    endloop
  endfacet
  facet normal 3.222510178898027e-14 0.9659258262890724 0.2588190451025055
    outer loop
      vertex -95.26936534446598 -57.29540461511432 63.81664028320665
      vertex -95.28191479777679 -57.24584913874867 63.63169672761674
      vertex -95.38564064605511 -57.250365368394284 63.64855152611285
    endloop
  endfacet
  facet normal 2.861457770625066e-14 0.9659258262890691 0.2588190451025181
    outer loop
      vertex -95.26936534446598 -57.29540461511432 63.81664028320665
      vertex -95.14714456203826 -57.273842975576216 63.73617114895594
      vertex -95.26936534446598 -57.245336793894154 63.62978463058871
    endloop
  endfacet
  facet normal -4.517570296314628e-14 0.9659258262890678 0.2588190451025222
    outer loop
      vertex -95.32091047497128 -57.091862402297835 63.057010403490516
      vertex -95.29097799757574 -57.210060234458595 63.498130718458974
      vertex -95.26936534446598 -57.20907650132566 63.49445937642578
    endloop
  endfacet
  facet normal -2.196741614478287e-14 0.9659258262890686 0.25881904510251974
    outer loop
      vertex -95.32091047497128 -57.091862402297835 63.057010403490516
      vertex -95.26936534446598 -57.20907650132566 63.49445937642578
      vertex -95.26936534446598 -57.06831359709586 62.9691250660192
    endloop
  endfacet
  facet normal 2.0600637961318037e-13 0.965925826289072 0.25881904510250714
    outer loop
      vertex -95.18973383364857 -57.083849329629786 63.02710520916862
      vertex -95.16802868099616 -57.19137544190731 63.428398123328705
      vertex -95.15911099154688 -57.12369489004161 63.175810865081594
    endloop
  endfacet
  facet normal -7.144922525713641e-15 0.9659258262890685 0.25881904510251974
    outer loop
      vertex -95.16802868099616 -57.19137544190731 63.428398123328705
      vertex -95.26936534446598 -57.06831359709586 62.9691250660192
      vertex -95.26936534446598 -57.20907650132566 63.49445937642578
    endloop
  endfacet
  facet normal -7.168522987826782e-16 0.9659258262890738 0.25881904510250037
    outer loop
      vertex -95.15911099154688 -57.12369489004161 63.175810865081594
      vertex -95.16802868099616 -57.19137544190731 63.428398123328705
      vertex -95.10865543901355 -57.16216504496182 63.31938343781886
    endloop
  endfacet
  facet normal 3.0387630321185114e-13 0.9659258262890682 0.2588190451025212
    outer loop
      vertex -95.55668090945248 -57.10626470445639 63.11076052689223
      vertex -95.54548132206251 -57.15048980928472 63.275810865081596
      vertex -95.54548132206251 -57.02819518608896 62.819401117822515
    endloop
  endfacet
  facet normal 5.968775162544322e-14 0.9659258262890725 0.25881904510250486
    outer loop
      vertex -95.55668090945248 -57.10626470445639 63.11076052689223
      vertex -95.5863117781981 -57.03111322150141 62.83029137424006
      vertex -95.5863117781981 -57.08315483379896 63.024513315442334
    endloop
  endfacet
  facet normal 2.6285176562837493e-14 0.9659258262890682 0.2588190451025212
    outer loop
      vertex -95.51307750218454 -57.06408716312214 62.95335179969444
      vertex -95.54548132206251 -57.02819518608896 62.819401117822515
      vertex -95.54548132206251 -57.15048980928472 63.275810865081596
    endloop
  endfacet
  facet normal -5.0532599362902906e-14 0.965925826289068 0.258819045102522
    outer loop
      vertex -95.43414044816427 -57.05884859570041 62.93380119991768
      vertex -95.38564064605511 -57.17616228461423 63.371621847367386
      vertex -95.38564064605511 -57.036200896929515 62.84927883743019
    endloop
  endfacet
  facet normal 7.508399335194156e-14 0.9659258262890704 0.25881904510251297
    outer loop
      vertex -95.5863117781981 -56.98925786922225 62.67408507296556
      vertex -95.55668090945248 -57.10626470445639 63.11076052689223
      vertex -95.54548132206251 -57.02819518608896 62.819401117822515
    endloop
  endfacet
  facet normal -1.9693821615814633e-13 0.9659258262890656 0.2588190451025301
    outer loop
      vertex -95.5863117781981 -56.98925786922225 62.67408507296556
      vertex -95.5863117781981 -57.03111322150141 62.83029137424006
      vertex -95.55668090945248 -57.10626470445639 63.11076052689223
    endloop
  endfacet
  facet normal -7.838665427767329e-13 0.9659258262890726 0.25881904510250486
    outer loop
      vertex -95.59338870311927 -57.06941692423418 62.973242738956785
      vertex -95.5863117781981 -57.08315483379896 63.024513315442334
      vertex -95.5863117781981 -57.03111322150141 62.83029137424006
    endloop
  endfacet
  facet normal 3.5260692520982833e-14 0.9659258262890665 0.2588190451025272
    outer loop
      vertex -95.33100421682494 -57.05200407751818 62.908257110308256
      vertex -95.38564064605511 -57.036200896929515 62.84927883743019
      vertex -95.32091047497128 -57.091862402297835 63.057010403490516
    endloop
  endfacet
  facet normal 4.013176354800871e-14 0.965925826289068 0.2588190451025221
    outer loop
      vertex -95.54548132206251 -56.93613045533982 62.47581086508159
      vertex -95.5863117781981 -56.98925786922225 62.67408507296556
      vertex -95.54548132206251 -57.02819518608896 62.819401117822515
    endloop
  endfacet
  facet normal -1.472297440271795e-13 0.965925826289068 0.2588190451025221
    outer loop
      vertex -95.54548132206251 -56.93613045533982 62.47581086508159
      vertex -95.54548132206251 -57.02819518608896 62.819401117822515
      vertex -95.53150315930493 -56.99132764178389 62.681809569325715
    endloop
  endfacet
  facet normal 3.2918157334745524e-14 0.965925826289074 0.2588190451024996
    outer loop
      vertex -95.3141270799498 -56.94660541710522 62.51490395459737
      vertex -95.35588519848568 -56.95375367026097 62.54158159856002
      vertex -95.3437853835299 -57.001533607698825 62.71989875266056
    endloop
  endfacet
  facet normal 9.163491069879187e-14 0.965925826289062 0.2588190451025443
    outer loop
      vertex -95.35588519848568 -56.95375367026097 62.54158159856002
      vertex -95.38564064605511 -56.95278526802569 62.537967472215804
      vertex -95.38564064605511 -56.9984872863519 62.70852972661765
    endloop
  endfacet
  facet normal 2.1131626340136746e-14 0.965925826289062 0.25881904510254433
    outer loop
      vertex -95.45276037296833 -56.98532194711221 62.65939601167625
      vertex -95.38564064605511 -56.9984872863519 62.70852972661765
      vertex -95.38564064605511 -56.95278526802569 62.537967472215804
    endloop
  endfacet
  facet normal -1.1916477971251775e-13 0.9659258262890714 0.2588190451025093
    outer loop
      vertex -95.35588519848568 -56.95375367026097 62.54158159856002
      vertex -95.38564064605511 -56.9984872863519 62.70852972661765
      vertex -95.3437853835299 -57.001533607698825 62.71989875266056
    endloop
  endfacet
  facet normal -7.357039823207969e-14 0.9659258262890689 0.2588190451025187
    outer loop
      vertex -95.42613575289839 -56.93481324250908 62.47089495987288
      vertex -95.47820725201805 -56.884836915446215 62.28438076809857
      vertex -95.45276037296833 -56.98532194711221 62.65939601167625
    endloop
  endfacet
  facet normal -1.4790966594380578e-13 0.9659258262890675 0.2588190451025233
    outer loop
      vertex -95.47820725201805 -56.92933120086948 62.450435701944656
      vertex -95.45276037296833 -56.98532194711221 62.65939601167625
      vertex -95.47820725201805 -56.884836915446215 62.28438076809857
    endloop
  endfacet
  facet normal 2.2816928573980713e-13 0.9659258262890656 0.25881904510253007
    outer loop
      vertex -95.5863117781981 -56.98925786922225 62.67408507296556
      vertex -95.59343425321865 -57.01738320933106 62.77905027123179
      vertex -95.5863117781981 -57.03111322150141 62.83029137424006
    endloop
  endfacet
  facet normal 4.450876055263507e-14 0.9659258262890699 0.2588190451025147
    outer loop
      vertex -95.22461628070096 -56.96792144831035 62.59445646607066
      vertex -95.23739942107275 -57.0457921021711 62.885073702697596
      vertex -95.16802868099616 -57.19137544190731 63.428398123328705
    endloop
  endfacet
  facet normal -5.818898143297095e-15 0.9659258262890692 0.2588190451025178
    outer loop
      vertex -95.18973383364857 -57.083849329629786 63.02710520916862
      vertex -95.22461628070096 -56.96792144831035 62.59445646607066
      vertex -95.16802868099616 -57.19137544190731 63.428398123328705
    endloop
  endfacet
  facet normal 4.950358737704304e-14 0.9659258262890699 0.2588190451025149
    outer loop
      vertex -95.22461628070096 -56.96792144831035 62.59445646607066
      vertex -95.26936534446598 -57.03476297955111 62.8439124567169
      vertex -95.23739942107275 -57.0457921021711 62.885073702697596
    endloop
  endfacet
  facet normal 3.06708052818744e-13 0.9659258262890754 0.2588190451024943
    outer loop
      vertex -95.2 -57.04331013231227 62.87581086508159
      vertex -95.22461628070096 -56.96792144831035 62.59445646607066
      vertex -95.18973383364857 -57.083849329629786 63.02710520916862
    endloop
  endfacet
  facet normal -9.348738944796445e-15 0.9659258262890735 0.2588190451025009
    outer loop
      vertex -95.3141270799498 -56.94660541710522 62.51490395459737
      vertex -95.31694784348863 -57.011862554849316 62.758446908214886
      vertex -95.26936534446598 -57.03476297955111 62.8439124567169
    endloop
  endfacet
  facet normal 4.7407611368987484e-14 0.9659258262890734 0.2588190451025016
    outer loop
      vertex -95.3141270799498 -56.94660541710522 62.51490395459737
      vertex -95.3437853835299 -57.001533607698825 62.71989875266056
      vertex -95.31694784348863 -57.011862554849316 62.758446908214886
    endloop
  endfacet
  facet normal 1.3107709691434805e-13 0.9659258262890662 0.2588190451025285
    outer loop
      vertex -95.22461628070096 -56.96792144831035 62.59445646607066
      vertex -95.22771041371905 -56.955703287737755 62.54885767003871
      vertex -95.26936534446598 -57.03476297955111 62.8439124567169
    endloop
  endfacet
  facet normal -4.672163932551171e-14 0.9659258262890698 0.2588190451025153
    outer loop
      vertex -95.30287782880825 -56.905085225009756 62.3599484881571
      vertex -95.26936534446598 -57.03476297955111 62.8439124567169
      vertex -95.26936534446598 -56.887374035025736 62.29384942727424
    endloop
  endfacet
  facet normal -2.196739610803037e-14 0.965925826289067 0.2588190451025255
    outer loop
      vertex -95.10865543901355 -56.924455219662725 62.43223829234432
      vertex -95.13137084989847 -56.90076055415102 62.34380859678629
      vertex -95.15911099154688 -56.96292537458294 62.57581086508159
    endloop
  endfacet
  facet normal 3.0381550013107534e-14 0.9659258262890655 0.25881904510253145
    outer loop
      vertex -95.22771041371905 -56.955703287737755 62.54885767003871
      vertex -95.15911099154688 -56.96292537458294 62.57581086508159
      vertex -95.13137084989847 -56.90076055415102 62.34380859678629
    endloop
  endfacet
  facet normal -2.0021346676109932e-13 0.9659258262890671 0.2588190451025252
    outer loop
      vertex -95.3141270799498 -56.94660541710522 62.51490395459737
      vertex -95.26936534446598 -57.03476297955111 62.8439124567169
      vertex -95.30287782880825 -56.905085225009756 62.3599484881571
    endloop
  endfacet
  facet normal 3.0714570818269785e-14 0.9659258262890698 0.2588190451025153
    outer loop
      vertex -95.22771041371905 -56.955703287737755 62.54885767003871
      vertex -95.26936534446598 -56.887374035025736 62.29384942727424
      vertex -95.26936534446598 -57.03476297955111 62.8439124567169
    endloop
  endfacet
  facet normal -3.9402456771735215e-14 0.9659258262890678 0.25881904510252257
    outer loop
      vertex -95.18973383364857 -57.00277093499476 62.72451652099457
      vertex -95.22461628070096 -56.96792144831035 62.59445646607066
      vertex -95.2 -57.04331013231227 62.87581086508159
    endloop
  endfacet
  facet normal 1.5835190328579236e-13 0.9659258262890649 0.25881904510253356
    outer loop
      vertex -95.51307750218454 -57.06408716312214 62.95335179969444
      vertex -95.54548132206251 -57.15048980928472 63.275810865081596
      vertex -95.50322340066879 -57.10299919240931 63.098573470019744
    endloop
  endfacet
  facet normal 5.2927666185554195e-14 0.9659258262890679 0.258819045102522
    outer loop
      vertex -95.32091047497128 -57.091862402297835 63.057010403490516
      vertex -95.38564064605511 -57.036200896929515 62.84927883743019
      vertex -95.38564064605511 -57.17616228461423 63.371621847367386
    endloop
  endfacet
  facet normal -1.9718570470610077e-14 0.9659258262890679 0.25881904510252235
    outer loop
      vertex -95.23739942107275 -57.0457921021711 62.885073702697596
      vertex -95.26936534446598 -57.06831359709586 62.9691250660192
      vertex -95.16802868099616 -57.19137544190731 63.428398123328705
    endloop
  endfacet
  facet normal -2.0420477211391616e-13 0.9659258262890685 0.25881904510252
    outer loop
      vertex -95.13137084989847 -57.33613045533982 63.96863118810914
      vertex -95.13137084989847 -57.27326627891411 63.73401888771241
      vertex -95.14714456203826 -57.273842975576216 63.73617114895594
    endloop
  endfacet
  facet normal 1.9984923986235274e-14 0.9659258262890723 0.25881904510250586
    outer loop
      vertex -95.26936534446598 -57.29540461511432 63.81664028320665
      vertex -95.13137084989847 -57.33613045533982 63.96863118810914
      vertex -95.14714456203826 -57.273842975576216 63.73617114895594
    endloop
  endfacet
  facet normal 4.646461851429152e-14 0.9659258262890701 0.25881904510251397
    outer loop
      vertex -94.99264065865628 -57.29830974558269 63.8274823777172
      vertex -95.13137084989847 -57.27326627891411 63.73401888771241
      vertex -95.04427245033237 -57.32543458445583 63.928713654538875
    endloop
  endfacet
  facet normal -6.077810817755827e-14 0.9659258262890594 0.258819045102554
    outer loop
      vertex -94.94085731844169 -57.29661127083905 63.821143583678555
      vertex -94.82940937153079 -57.32613751912564 63.931337042441
      vertex -94.84798974825341 -57.278246505293 63.752605345591626
    endloop
  endfacet
  facet normal -2.5405774057301688e-14 0.9659258262890714 0.25881904510250964
    outer loop
      vertex -94.73051371481047 -57.28971207706796 63.7953954419936
      vertex -94.82861136661887 -57.26744604758376 63.71229748867572
      vertex -94.76902528912804 -57.33150300076657 63.951361292532034
    endloop
  endfacet
  facet normal 2.7326141428831394e-13 0.9659258262890826 0.2588190451024668
    outer loop
      vertex -94.84798974825341 -57.278246505293 63.752605345591626
      vertex -94.80511779451116 -57.32543553660293 63.92871720800025
      vertex -94.82861136661887 -57.26744604758376 63.71229748867572
    endloop
  endfacet
  facet normal -7.664882784696976e-14 0.9659258262890686 0.2588190451025194
    outer loop
      vertex -95.42613575289839 -56.93481324250908 62.47089495987288
      vertex -95.44687324283713 -56.890724417263854 62.306353224011666
      vertex -95.47820725201805 -56.884836915446215 62.28438076809857
    endloop
  endfacet
  facet normal -8.076764216284761e-14 0.9659258262890652 0.2588190451025323
    outer loop
      vertex -95.24988049508036 -56.8681577257348 62.222133184666504
      vertex -95.26936534446598 -56.887374035025736 62.29384942727424
      vertex -95.22771041371905 -56.955703287737755 62.54885767003871
    endloop
  endfacet
  facet normal -5.9145322166940534e-15 0.9659258262890628 0.2588190451025415
    outer loop
      vertex -94.9289956123192 -56.81692054063739 62.03091340664617
      vertex -94.91709092991988 -56.843929591008184 62.13171255489415
      vertex -94.88978732435066 -56.80225580480932 61.97618386745624
    endloop
  endfacet
  facet normal 4.943118410989347e-15 0.9659258262890622 0.2588190451025432
    outer loop
      vertex -94.84852813742386 -56.82369489004161 62.05619562281093
      vertex -94.88978732435066 -56.80225580480932 61.97618386745624
      vertex -94.91709092991988 -56.843929591008184 62.13171255489415
    endloop
  endfacet
  facet normal -5.5988096402887495e-14 0.9659258262890673 0.25881904510252385
    outer loop
      vertex -95.26936534446598 -56.79121564951022 61.934981446956535
      vertex -95.30584559036367 -56.80534627547239 61.987717660990086
      vertex -95.26936534446598 -56.82597515314772 62.06470568057757
    endloop
  endfacet
  facet normal -7.656168174737745e-14 0.9659258262890634 0.2588190451025389
    outer loop
      vertex -95.26936534446598 -56.79121564951022 61.934981446956535
      vertex -95.26035970890875 -56.826777243227546 62.06769912150771
      vertex -95.19647955118398 -56.794401756939465 61.946872161760865
    endloop
  endfacet
  facet normal 1.6064106514611748e-13 0.9659258262890674 0.2588190451025239
    outer loop
      vertex -95.26936534446598 -56.79121564951022 61.934981446956535
      vertex -95.26936534446598 -56.82597515314772 62.06470568057757
      vertex -95.26035970890875 -56.826777243227546 62.06769912150771
    endloop
  endfacet
  facet normal 5.2614673152083024e-14 0.9659258262890565 0.2588190451025648
    outer loop
      vertex -94.6 -56.77433749066186 61.87199130059623
      vertex -94.62498568606658 -56.76313671402056 61.830189433086694
      vertex -94.677551627641 -56.78774906417901 61.9220439743717
    endloop
  endfacet
  facet normal -9.099365145713657e-14 0.9659258262890607 0.25881904510254955
    outer loop
      vertex -94.76611172766493 -56.761742780498544 61.82498720236013
      vertex -94.677551627641 -56.78774906417901 61.9220439743717
      vertex -94.70997365484757 -56.76045829851005 61.82019345031769
    endloop
  endfacet
  facet normal -1.709404276086064e-14 0.9659258262890664 0.2588190451025277
    outer loop
      vertex -94.62498568606658 -56.76313671402056 61.830189433086694
      vertex -94.70997365484757 -56.76045829851005 61.82019345031769
      vertex -94.677551627641 -56.78774906417901 61.9220439743717
    endloop
  endfacet
  facet normal -2.925626940288426e-14 0.9659258262890813 0.2588190451024719
    outer loop
      vertex -93.84336856933594 -56.73538435756119 61.72661622875053
      vertex -93.68941714587697 -56.74331013231227 61.75619562281093
      vertex -93.65482478386673 -56.70989647645423 61.6314941614821
    endloop
  endfacet
  facet normal 3.8712640032659805e-14 0.965925826289068 0.2588190451025219
    outer loop
      vertex -93.58099092862105 -56.752836159109115 61.79174723881101
      vertex -93.55136375072745 -56.7030532900825 61.605955042257136
      vertex -93.68941714587697 -56.74331013231227 61.75619562281093
    endloop
  endfacet
  facet normal -3.942147574958901e-15 0.9659258262890694 0.2588190451025165
    outer loop
      vertex -94.65272727706699 -56.71945422868214 61.6671641784028
      vertex -94.56226607282659 -56.737342440180676 61.73392389257188
      vertex -94.61229349178414 -56.66072194288134 61.44797230374955
    endloop
  endfacet
  facet normal -1.4868447901071193e-14 0.9659258262890695 0.25881904510251624
    outer loop
      vertex -94.45922011883812 -56.75636899023907 61.80493194408256
      vertex -94.41411047216403 -56.64331013231227 61.382990542054046
      vertex -94.61229349178414 -56.66072194288134 61.44797230374955
    endloop
  endfacet
  facet normal 1.1800070477314586e-13 0.9659258262890793 0.2588190451024799
    outer loop
      vertex -94.31058285412303 -56.74331013231227 61.75619562281093
      vertex -94.24959726608616 -56.74017045342537 61.74447818168555
      vertex -94.41411047216403 -56.64331013231227 61.382990542054046
    endloop
  endfacet
  facet normal -5.0601416330685876e-14 0.9659258262890601 0.25881904510255144
    outer loop
      vertex -94.24959726608616 -56.74017045342537 61.74447818168555
      vertex -94.22134970405149 -56.73750347216531 61.73452487212017
      vertex -94.41411047216403 -56.64331013231227 61.382990542054046
    endloop
  endfacet
  facet normal -6.775899783669993e-14 0.965925826289071 0.2588190451025107
    outer loop
      vertex -94.20884190755208 -56.632742432644164 61.34355134997352
      vertex -94.22134970405149 -56.73750347216531 61.73452487212017
      vertex -94.17745577779861 -56.73645644303476 61.730617306207975
    endloop
  endfacet
  facet normal 1.4082900214675515e-13 0.9659258262890752 0.2588190451024949
    outer loop
      vertex -94.20884190755208 -56.632742432644164 61.34355134997352
      vertex -94.17745577779861 -56.73645644303476 61.730617306207975
      vertex -94.15663143066406 -56.73538435756119 61.72661622875053
    endloop
  endfacet
  facet normal 4.1757436683051015e-14 0.9659258262890718 0.2588190451025074
    outer loop
      vertex -94.20884190755208 -56.632742432644164 61.34355134997352
      vertex -94.15663143066406 -56.73538435756119 61.72661622875053
      vertex -94.13544457047762 -56.735024945858704 61.725274886016024
    endloop
  endfacet
  facet normal -5.345404754955152e-13 0.9659258262890441 0.25881904510261095
    outer loop
      vertex -94.20884190755208 -56.632742432644164 61.34355134997352
      vertex -94.13544457047762 -56.735024945858704 61.725274886016024
      vertex -94.12340738289855 -56.73321478061449 61.718519257354544
    endloop
  endfacet
  facet normal 1.4705365298664872e-13 0.965925826289083 0.25881904510246617
    outer loop
      vertex -94.20884190755208 -56.632742432644164 61.34355134997352
      vertex -94.12340738289855 -56.73321478061449 61.718519257354544
      vertex -94.08953276114033 -56.73031049961424 61.70768033310214
    endloop
  endfacet
  facet normal -4.168782313833423e-14 0.9659258262890743 0.2588190451024984
    outer loop
      vertex -94 -56.629199660148245 61.33032954301908
      vertex -94.08953276114033 -56.73031049961424 61.70768033310214
      vertex -94 -56.72447060497014 61.68588554957953
    endloop
  endfacet
  facet normal -3.4960512344461977e-14 0.9659258262890674 0.2588190451025238
    outer loop
      vertex -94 -56.629199660148245 61.33032954301908
      vertex -93.92052926454562 -56.71894728629569 61.66527224366004
      vertex -93.83154376429296 -56.71213766793637 61.63985840196292
    endloop
  endfacet
  facet normal 7.969995032503971e-14 0.9659258262890743 0.2588190451024984
    outer loop
      vertex -94 -56.629199660148245 61.33032954301908
      vertex -94 -56.72447060497014 61.68588554957953
      vertex -93.92052926454562 -56.71894728629569 61.66527224366004
    endloop
  endfacet
  facet normal 6.284399961889363e-15 0.9659258262890715 0.2588190451025091
    outer loop
      vertex -94.20884190755208 -56.632742432644164 61.34355134997352
      vertex -94.08953276114033 -56.73031049961424 61.70768033310214
      vertex -94 -56.629199660148245 61.33032954301908
    endloop
  endfacet
  facet normal -6.830272797588244e-14 0.9659258262890713 0.2588190451025093
    outer loop
      vertex -93.79115809244792 -56.632742432644164 61.34355134997352
      vertex -93.83260552523265 -56.71422501118905 61.64764847303476
      vertex -93.7603821663687 -56.71687832091736 61.65755075974904
    endloop
  endfacet
  facet normal 1.5400288912676724e-14 0.9659258262890734 0.2588190451025017
    outer loop
      vertex -93.79115809244792 -56.632742432644164 61.34355134997352
      vertex -93.7603821663687 -56.71687832091736 61.65755075974904
      vertex -93.65482478386673 -56.70989647645423 61.6314941614821
    endloop
  endfacet
  facet normal -8.302558496971497e-14 0.9659258262890796 0.25881904510247866
    outer loop
      vertex -93.58588952783597 -56.64331013231228 61.382990542054046
      vertex -93.65482478386673 -56.70989647645423 61.6314941614821
      vertex -93.59369534098767 -56.69862384086428 61.5894241127252
    endloop
  endfacet
  facet normal 8.18184038544825e-14 0.965925826289078 0.2588190451024845
    outer loop
      vertex -93.58588952783597 -56.64331013231228 61.382990542054046
      vertex -93.59369534098767 -56.69862384086428 61.5894241127252
      vertex -93.55136375072745 -56.7030532900825 61.605955042257136
    endloop
  endfacet
  facet normal 1.18508919559585e-14 0.9659258262890731 0.25881904510250325
    outer loop
      vertex -93.79115809244792 -56.632742432644164 61.34355134997352
      vertex -93.65482478386673 -56.70989647645423 61.6314941614821
      vertex -93.58588952783597 -56.64331013231228 61.382990542054046
    endloop
  endfacet
  facet normal -2.3698280256897713e-14 0.9659258262890685 0.2588190451025198
    outer loop
      vertex -94.56226607282659 -56.737342440180676 61.73392389257188
      vertex -94.45922011883812 -56.75636899023907 61.80493194408256
      vertex -94.61229349178414 -56.66072194288134 61.44797230374955
    endloop
  endfacet
  facet normal -2.0406044884709923e-14 0.9659258262890695 0.25881904510251563
    outer loop
      vertex -94.45922011883812 -56.75636899023907 61.80493194408256
      vertex -94.31058285412303 -56.74331013231227 61.75619562281093
      vertex -94.41411047216403 -56.64331013231227 61.382990542054046
    endloop
  endfacet
  facet normal -1.547585193471774e-14 0.9659258262890804 0.25881904510247544
    outer loop
      vertex -93.68941714587697 -56.74331013231227 61.75619562281093
      vertex -93.55136375072745 -56.7030532900825 61.605955042257136
      vertex -93.65482478386673 -56.70989647645423 61.6314941614821
    endloop
  endfacet
  facet normal 1.8234206348603786e-14 0.965925826289067 0.25881904510252607
    outer loop
      vertex -95.22771041371905 -56.955703287737755 62.54885767003871
      vertex -95.13137084989847 -56.90076055415102 62.34380859678629
      vertex -95.24988049508036 -56.8681577257348 62.222133184666504
    endloop
  endfacet
  facet normal -1.7498803315278698e-14 0.9659258262890862 0.25881904510245396
    outer loop
      vertex -93.5314535889622 -57.33607875629515 63.96843824464772
      vertex -93.43751086320442 -57.34961946254134 64.01897284832889
      vertex -93.4 -57.31228277396269 63.87963042956696
    endloop
  endfacet
  facet normal 1.5507958979796925e-14 0.9659258262890739 0.25881904510249953
    outer loop
      vertex -93.54077988116188 -57.330251274385475 63.94668978608062
      vertex -93.5314535889622 -57.33607875629515 63.96843824464772
      vertex -93.4 -57.31228277396269 63.87963042956696
    endloop
  endfacet
  facet normal 2.6471542590779008e-14 0.9659258262890832 0.258819045102465
    outer loop
      vertex -93.4 -57.31228277396269 63.87963042956696
      vertex -93.43751086320442 -57.34961946254134 64.01897284832889
      vertex -93.34832102580924 -57.33544982430581 63.966091038509
    endloop
  endfacet
  facet normal 1.9956664790155052e-14 0.9659258262890709 0.2588190451025108
    outer loop
      vertex -93.26948628518953 -57.28971207706796 63.7953954419936
      vertex -93.30310751287429 -57.315151085126104 63.89033511256075
      vertex -93.23097471087196 -57.33150300076657 63.951361292532034
    endloop
  endfacet
  facet normal 3.007182128878872e-14 0.9659258262890692 0.2588190451025173
    outer loop
      vertex -93.175416817889 -57.26836035769584 63.71570974046789
      vertex -93.23097471087196 -57.33150300076657 63.951361292532034
      vertex -93.11646360094238 -57.32067631037379 63.910955533908364
    endloop
  endfacet
  facet normal -7.080711524127865e-14 0.9659258262890676 0.25881904510252307
    outer loop
      vertex -92.86862915010153 -57.33613045533982 63.96863118810914
      vertex -92.92154058631088 -57.28123791001709 63.763769420007925
      vertex -92.99300467403307 -57.32433106864022 63.92459527744805
    endloop
  endfacet
  facet normal -1.8146349843275834e-14 0.9659258262890644 0.2588190451025349
    outer loop
      vertex -93.175416817889 -57.26836035769584 63.71570974046789
      vertex -93.08687137380949 -57.308606547924995 63.86591056721417
      vertex -93.1098355146369 -57.284756176205235 63.77689976817663
    endloop
  endfacet
  facet normal 5.928132300131829e-14 0.9659258262890692 0.25881904510251696
    outer loop
      vertex -92.56702468154575 -57.21652346082079 63.5222518076235
      vertex -92.61435935394489 -57.17616228461423 63.371621847367386
      vertex -92.61435935394489 -57.25008385745146 63.64750091297133
    endloop
  endfacet
  facet normal -4.630209936398198e-11 0.9659258262890693 0.25881904510251696
    outer loop
      vertex -92.6144313886687 -57.25008091655681 63.64748993740308
      vertex -92.61435935394489 -57.25008385745146 63.64750091297133
      vertex -92.61435935394489 -57.17616228461423 63.371621847367386
    endloop
  endfacet
  facet normal -3.713846539923601e-14 0.9659258262890766 0.2588190451024895
    outer loop
      vertex -92.89134456098645 -57.16216504496182 63.31938343781886
      vertex -92.91018073905758 -57.172050894783 63.3562779316275
      vertex -92.86862915010153 -57.18963463024139 63.4219013257451
    endloop
  endfacet
  facet normal 4.4058920938811853e-16 0.9659258262890689 0.2588190451025186
    outer loop
      vertex -92.84088900845312 -57.123694890041605 63.175810865081594
      vertex -92.86862915010153 -57.18963463024139 63.4219013257451
      vertex -92.75275136079556 -57.208069825484124 63.49070241103842
    endloop
  endfacet
  facet normal 1.2677467410669936e-13 0.9659258262890752 0.2588190451024952
    outer loop
      vertex -92.78114021249314 -57.0959674864814 63.07233078623291
      vertex -92.75275136079556 -57.208069825484124 63.49070241103842
      vertex -92.73063465553402 -57.20907650132566 63.49445937642578
    endloop
  endfacet
  facet normal 8.673752240039811e-15 0.9659258262890685 0.25881904510251974
    outer loop
      vertex -92.73063465553402 -57.20907650132566 63.49445937642578
      vertex -92.6144313886687 -57.25008091655681 63.64748993740308
      vertex -92.73063465553402 -57.06831359709586 62.9691250660192
    endloop
  endfacet
  facet normal 7.815767233131674e-14 0.9659258262890744 0.2588190451024983
    outer loop
      vertex -92.84088900845312 -57.123694890041605 63.175810865081594
      vertex -92.75275136079556 -57.208069825484124 63.49070241103842
      vertex -92.78114021249314 -57.0959674864814 63.07233078623291
    endloop
  endfacet
  facet normal 7.871305478954813e-14 0.9659258262890685 0.25881904510251974
    outer loop
      vertex -92.75721712598465 -57.08708988992423 63.03919914483248
      vertex -92.73063465553402 -57.20907650132566 63.49445937642578
      vertex -92.73063465553402 -57.06831359709586 62.9691250660192
    endloop
  endfacet
  facet normal -2.565670434488794e-13 0.9659258262890635 0.25881904510253795
    outer loop
      vertex -92.75721712598465 -57.08708988992423 63.03919914483248
      vertex -92.78114021249314 -57.0959674864814 63.07233078623291
      vertex -92.73063465553402 -57.20907650132566 63.49445937642578
    endloop
  endfacet
  facet normal -3.493976566970041e-14 0.9659258262890666 0.2588190451025267
    outer loop
      vertex -92.70859550303777 -57.04937608734351 62.89844931745461
      vertex -92.73063465553402 -57.06831359709586 62.9691250660192
      vertex -92.6144313886687 -57.25008091655681 63.64748993740308
    endloop
  endfacet
  facet normal -1.1761614757179791e-13 0.9659258262890722 0.2588190451025062
    outer loop
      vertex -92.89134456098645 -57.16216504496182 63.31938343781886
      vertex -92.86862915010153 -57.18963463024139 63.4219013257451
      vertex -92.84088900845312 -57.123694890041605 63.175810865081594
    endloop
  endfacet
  facet normal 2.2992672622546317e-13 0.9659258262890572 0.2588190451025618
    outer loop
      vertex -92.54243766502776 -57.120260379739236 63.162993098134024
      vertex -92.53222274310127 -57.16059722227479 63.313532243893576
      vertex -92.52179274798195 -57.12148029820254 63.167545895820155
    endloop
  endfacet
  facet normal -2.9388973571214216e-14 0.9659258262890726 0.2588190451025046
    outer loop
      vertex -92.58097719265766 -57.097855704466525 63.079377711689176
      vertex -92.61435935394489 -57.17616228461423 63.371621847367386
      vertex -92.54243766502776 -57.120260379739236 63.162993098134024
    endloop
  endfacet
  facet normal -1.0922874394766242e-13 0.96592582628906 0.2588190451025515
    outer loop
      vertex -92.45451867793749 -57.15048980928472 63.275810865081596
      vertex -92.52179274798195 -57.12148029820254 63.167545895820155
      vertex -92.52179274798195 -57.16116480608878 63.315650495524935
    endloop
  endfacet
  facet normal 1.5973102086581317e-12 0.9659258262890368 0.2588190451026384
    outer loop
      vertex -92.44352974968744 -57.106251836105905 63.110712501554396
      vertex -92.45451867793749 -57.15048980928472 63.275810865081596
      vertex -92.45065064692173 -57.14545683870018 63.25702756314706
    endloop
  endfacet
  facet normal -4.3278582340658174e-14 0.9659258262890702 0.2588190451025132
    outer loop
      vertex -92.46607021337584 -57.104874926530506 63.10557380506156
      vertex -92.52179274798195 -57.12148029820254 63.167545895820155
      vertex -92.45451867793749 -57.15048980928472 63.275810865081596
    endloop
  endfacet
  facet normal -9.881780555209559e-14 0.9659258262890663 0.25881904510252823
    outer loop
      vertex -92.65452314817921 -57.013901441123785 62.76605613538207
      vertex -92.6144313886687 -57.25008091655681 63.64748993740308
      vertex -92.61435935394489 -57.17616228461423 63.371621847367386
    endloop
  endfacet
  facet normal 1.618956422250574e-13 0.9659258262890561 0.2588190451025661
    outer loop
      vertex -92.54243766502776 -57.120260379739236 63.162993098134024
      vertex -92.61435935394489 -57.17616228461423 63.371621847367386
      vertex -92.53222274310127 -57.16059722227479 63.313532243893576
    endloop
  endfacet
  facet normal 7.534631599576023e-14 0.9659258262890601 0.2588190451025515
    outer loop
      vertex -92.53222274310127 -57.16059722227479 63.313532243893576
      vertex -92.52179274798195 -57.16116480608878 63.315650495524935
      vertex -92.52179274798195 -57.12148029820254 63.167545895820155
    endloop
  endfacet
  facet normal -2.029743638233066e-13 0.9659258262890651 0.2588190451025326
    outer loop
      vertex -92.65452314817921 -57.013901441123785 62.76605613538207
      vertex -92.69283838428869 -56.940466153099365 62.491991909406465
      vertex -92.6144313886687 -57.25008091655681 63.64748993740308
    endloop
  endfacet
  facet normal 2.663715790188781e-13 0.9659258262890728 0.25881904510250414
    outer loop
      vertex -92.58610722321083 -57.057504882118145 62.92878639255783
      vertex -92.61435935394489 -57.036200896929515 62.84927883743019
      vertex -92.58097719265766 -57.097855704466525 63.079377711689176
    endloop
  endfacet
  facet normal 1.3577894646031312e-15 0.965925826289068 0.25881904510252196
    outer loop
      vertex -92.65452314817921 -57.013901441123785 62.76605613538207
      vertex -92.61435935394489 -57.17616228461423 63.371621847367386
      vertex -92.61435935394489 -57.036200896929515 62.84927883743019
    endloop
  endfacet
  facet normal 5.1931688586928725e-14 0.9659258262890694 0.2588190451025165
    outer loop
      vertex -92.70859550303777 -57.04937608734351 62.89844931745461
      vertex -92.6144313886687 -57.25008091655681 63.64748993740308
      vertex -92.69283838428869 -56.940466153099365 62.491991909406465
    endloop
  endfacet
  facet normal -1.6812607737042152e-13 0.9659258262890681 0.25881904510252113
    outer loop
      vertex -92.46607021337584 -57.104874926530506 63.10557380506156
      vertex -92.45451867793749 -57.15048980928472 63.275810865081596
      vertex -92.45451867793749 -57.02819518608896 62.819401117822515
    endloop
  endfacet
  facet normal -2.906585067108843e-13 0.9659258262890682 0.2588190451025212
    outer loop
      vertex -92.44352974968744 -57.106251836105905 63.110712501554396
      vertex -92.45451867793749 -57.02819518608896 62.819401117822515
      vertex -92.45451867793749 -57.15048980928472 63.275810865081596
    endloop
  endfacet
  facet normal -1.651301889016749e-13 0.9659258262890681 0.2588190451025213
    outer loop
      vertex -92.47621945115228 -57.06479745858805 62.95600265846161
      vertex -92.46607021337584 -57.104874926530506 63.10557380506156
      vertex -92.45451867793749 -57.02819518608896 62.819401117822515
    endloop
  endfacet
  facet normal 2.889525250354513e-13 0.9659258262890743 0.2588190451024979
    outer loop
      vertex -92.42751864605029 -57.04274860108051 62.87371520199464
      vertex -92.41734765216523 -57.082911979882994 63.023606972289144
      vertex -92.4136882218019 -57.08315483379896 63.024513315442334
    endloop
  endfacet
  facet normal -8.36407612043484e-14 0.9659258262890701 0.25881904510251386
    outer loop
      vertex -92.44352974968744 -57.106251836105905 63.110712501554396
      vertex -92.41734765216523 -57.082911979882994 63.023606972289144
      vertex -92.45451867793749 -57.02819518608896 62.819401117822515
    endloop
  endfacet
  facet normal 2.0694320586507436e-13 0.9659258262890726 0.2588190451025049
    outer loop
      vertex -92.42751864605029 -57.04274860108051 62.87371520199464
      vertex -92.4136882218019 -57.08315483379896 63.024513315442334
      vertex -92.4136882218019 -57.03111322150141 62.83029137424006
    endloop
  endfacet
  facet normal -1.549916634527057e-13 0.9659258262890669 0.25881904510252596
    outer loop
      vertex -92.42751864605029 -57.04274860108051 62.87371520199464
      vertex -92.45451867793749 -57.02819518608896 62.819401117822515
      vertex -92.41734765216523 -57.082911979882994 63.023606972289144
    endloop
  endfacet
  facet normal 7.838665427767329e-13 0.9659258262890726 0.25881904510250486
    outer loop
      vertex -92.40661129688073 -57.06941692423418 62.973242738956785
      vertex -92.4136882218019 -57.03111322150141 62.83029137424006
      vertex -92.4136882218019 -57.08315483379896 63.024513315442334
    endloop
  endfacet
  facet normal 2.773285959669905e-14 0.96592582628907 0.2588190451025141
    outer loop
      vertex -92.77997123190659 -57.00493602693579 62.732596754121566
      vertex -92.73063465553402 -57.03476297955111 62.8439124567169
      vertex -92.69283838428869 -56.940466153099365 62.491991909406465
    endloop
  endfacet
  facet normal -1.9380246748946525e-13 0.9659258262890686 0.25881904510251935
    outer loop
      vertex -92.84088900845312 -56.96292537458294 62.57581086508159
      vertex -92.82047378038533 -56.98948908152415 62.67494796902358
      vertex -92.8078659024692 -56.990432666345214 62.678469475517055
    endloop
  endfacet
  facet normal 3.16710889102317e-14 0.9659258262890698 0.25881904510251547
    outer loop
      vertex -92.77997123190659 -57.00493602693579 62.732596754121566
      vertex -92.69283838428869 -56.940466153099365 62.491991909406465
      vertex -92.8078659024692 -56.990432666345214 62.678469475517055
    endloop
  endfacet
  facet normal -2.5910826908604866e-14 0.9659258262890673 0.25881904510252474
    outer loop
      vertex -92.86862915010153 -56.924238583888425 62.431429796627896
      vertex -92.82318179519925 -56.92995303098543 62.45275640353109
      vertex -92.83149050574845 -56.8971434655763 62.33030943844996
    endloop
  endfacet
  facet normal 1.389596573869785e-14 0.9659258262890725 0.25881904510250525
    outer loop
      vertex -92.82318179519925 -56.92995303098543 62.45275640353109
      vertex -92.8078659024692 -56.990432666345214 62.678469475517055
      vertex -92.69283838428869 -56.940466153099365 62.491991909406465
    endloop
  endfacet
  facet normal 1.1499827827661842e-14 0.965925826289068 0.2588190451025222
    outer loop
      vertex -92.82318179519925 -56.92995303098543 62.45275640353109
      vertex -92.73063465553402 -56.93741761530004 62.4806146114506
      vertex -92.73063465553402 -56.887374035025736 62.29384942727424
    endloop
  endfacet
  facet normal -1.8960008974406938e-13 0.9659258262890691 0.25881904510251813
    outer loop
      vertex -92.84088900845312 -56.96292537458294 62.57581086508159
      vertex -92.8078659024692 -56.990432666345214 62.678469475517055
      vertex -92.82318179519925 -56.92995303098543 62.45275640353109
    endloop
  endfacet
  facet normal -4.020370406494777e-14 0.9659258262890609 0.25881904510254883
    outer loop
      vertex -92.69283838428869 -56.940466153099365 62.491991909406465
      vertex -92.61435935394489 -56.9984872863519 62.70852972661765
      vertex -92.61435935394489 -56.957931609826474 62.55717388128944
    endloop
  endfacet
  facet normal 1.3976560442847262e-13 0.965925826289077 0.25881904510248793
    outer loop
      vertex -92.65452314817921 -57.013901441123785 62.76605613538207
      vertex -92.61435935394489 -56.9984872863519 62.70852972661765
      vertex -92.69283838428869 -56.940466153099365 62.491991909406465
    endloop
  endfacet
  facet normal 7.940851941200393e-14 0.9659258262890608 0.2588190451025488
    outer loop
      vertex -92.57718798069766 -56.983037792888 62.65087143205915
      vertex -92.61435935394489 -56.957931609826474 62.55717388128944
      vertex -92.61435935394489 -56.9984872863519 62.70852972661765
    endloop
  endfacet
  facet normal -3.2411885427836355e-13 0.9659258262890678 0.2588190451025226
    outer loop
      vertex -92.46812695747097 -56.991355852694525 62.68191485387751
      vertex -92.45451867793749 -57.02819518608896 62.819401117822515
      vertex -92.45451867793749 -56.95968833055754 62.563730052312486
    endloop
  endfacet
  facet normal -2.8939199155061756e-14 0.9659258262890679 0.2588190451025226
    outer loop
      vertex -92.43538217162714 -57.01169698901242 62.7578290080996
      vertex -92.45451867793749 -56.95968833055754 62.563730052312486
      vertex -92.45451867793749 -57.02819518608896 62.819401117822515
    endloop
  endfacet
  facet normal 1.0681258344370381e-13 0.9659258262890712 0.25881904510251014
    outer loop
      vertex -92.44842847363084 -56.96017954880269 62.565563303760996
      vertex -92.45451867793749 -56.95968833055754 62.563730052312486
      vertex -92.43538217162714 -57.01169698901242 62.7578290080996
    endloop
  endfacet
  facet normal 1.950646177796166e-13 0.9659258262890728 0.25881904510250453
    outer loop
      vertex -92.4136882218019 -56.98925786922226 62.67408507296556
      vertex -92.44842847363084 -56.96017954880269 62.565563303760996
      vertex -92.43538217162714 -57.01169698901242 62.7578290080996
    endloop
  endfacet
  facet normal 5.1374493850484e-14 0.9659258262890695 0.2588190451025165
    outer loop
      vertex -92.70859550303777 -57.04937608734351 62.89844931745461
      vertex -92.69283838428869 -56.940466153099365 62.491991909406465
      vertex -92.73063465553402 -57.03476297955111 62.8439124567169
    endloop
  endfacet
  facet normal 1.314044662935318e-13 0.9659258262890767 0.2588190451024891
    outer loop
      vertex -92.4136882218019 -56.98925786922226 62.67408507296556
      vertex -92.43538217162714 -57.01169698901242 62.7578290080996
      vertex -92.4136882218019 -57.03111322150141 62.83029137424006
    endloop
  endfacet
  facet normal -5.444435432009322e-13 0.9659258262890767 0.25881904510248915
    outer loop
      vertex -92.4136882218019 -56.98925786922226 62.67408507296556
      vertex -92.4136882218019 -57.03111322150141 62.83029137424006
      vertex -92.40656574678135 -57.01738320933106 62.77905027123179
    endloop
  endfacet
  facet normal 1.341495480282366e-13 0.9659258262890679 0.258819045102522
    outer loop
      vertex -92.58097719265766 -57.097855704466525 63.079377711689176
      vertex -92.61435935394489 -57.036200896929515 62.84927883743019
      vertex -92.61435935394489 -57.17616228461423 63.371621847367386
    endloop
  endfacet
  facet normal 1.0743873794520627e-14 0.9659258262890704 0.258819045102513
    outer loop
      vertex -93.26948628518953 -57.28971207706796 63.7953954419936
      vertex -93.23097471087196 -57.33150300076657 63.951361292532034
      vertex -93.175416817889 -57.26836035769584 63.71570974046789
    endloop
  endfacet
  facet normal -3.179042129761666e-15 0.9659258262890666 0.25881904510252657
    outer loop
      vertex -93.175416817889 -57.26836035769584 63.71570974046789
      vertex -93.11646360094238 -57.32067631037379 63.910955533908364
      vertex -93.08687137380949 -57.308606547924995 63.86591056721417
    endloop
  endfacet
  facet normal 1.5057463543879117e-15 0.9659258262890597 0.25881904510255305
    outer loop
      vertex -92.99300467403307 -57.32433106864022 63.92459527744805
      vertex -92.92154058631088 -57.28123791001709 63.763769420007925
      vertex -93.03484871528943 -57.29740810410549 63.82411740591409
    endloop
  endfacet
  facet normal 5.283939161002555e-14 0.9659258262890691 0.2588190451025178
    outer loop
      vertex -93.05914268155831 -57.29661127083905 63.821143583678555
      vertex -93.1098355146369 -57.284756176205235 63.77689976817663
      vertex -93.08687137380949 -57.308606547924995 63.86591056721417
    endloop
  endfacet
  facet normal 9.849005248941595e-14 0.9659258262890685 0.25881904510251996
    outer loop
      vertex -92.86862915010153 -57.33613045533982 63.96863118810914
      vertex -92.86862915010153 -57.27326627891411 63.73401888771241
      vertex -92.89712774431695 -57.27222435270085 63.73013036614682
    endloop
  endfacet
  facet normal -1.072629257255209e-12 0.9659258262890336 0.2588190451026506
    outer loop
      vertex -92.86862915010153 -57.33613045533982 63.96863118810914
      vertex -92.89712774431695 -57.27222435270085 63.73013036614682
      vertex -92.89961683355051 -57.28697050319164 63.78516374899445
    endloop
  endfacet
  facet normal 2.9378940713427134e-13 0.9659258262890913 0.2588190451024352
    outer loop
      vertex -92.86862915010153 -57.33613045533982 63.96863118810914
      vertex -92.89961683355051 -57.28697050319164 63.78516374899445
      vertex -92.92154058631088 -57.28123791001709 63.763769420007925
    endloop
  endfacet
  facet normal 7.601828720722973e-13 0.9659258262890766 0.2588190451024899
    outer loop
      vertex -93.00648180997904 -56.850543576411276 62.156396284459014
      vertex -93.00154908631245 -56.87222273544704 62.23730400744584
      vertex -93.0079252049386 -56.83113380586909 62.0839580346323
    endloop
  endfacet
  facet normal 1.298892128149024e-13 0.96592582628907 0.25881904510251424
    outer loop
      vertex -93.00154908631245 -56.87222273544704 62.23730400744584
      vertex -92.99192767890231 -56.849247307637924 62.15155854353659
      vertex -93.0079252049386 -56.83113380586909 62.0839580346323
    endloop
  endfacet
  facet normal -1.2274349816608087e-13 0.9659258262890631 0.25881904510254
    outer loop
      vertex -93.01223488433352 -56.86808359078868 62.22185650928096
      vertex -93.00154908631245 -56.87222273544704 62.23730400744584
      vertex -93.00648180997904 -56.850543576411276 62.156396284459014
    endloop
  endfacet
  facet normal 2.3942922957050595e-14 0.9659258262890734 0.2588190451025018
    outer loop
      vertex -93.55136375072745 -56.7030532900825 61.605955042257136
      vertex -93.52785652691989 -56.743730022028615 61.7577626725659
      vertex -93.43773392717341 -56.737342440180676 61.73392389257188
    endloop
  endfacet
  facet normal -3.6951972526214363e-14 0.965925826289071 0.2588190451025107
    outer loop
      vertex -93.58099092862105 -56.752836159109115 61.79174723881101
      vertex -93.52785652691989 -56.743730022028615 61.7577626725659
      vertex -93.55136375072745 -56.7030532900825 61.605955042257136
    endloop
  endfacet
  facet normal 6.769265015590325e-14 0.9659258262890617 0.2588190451025452
    outer loop
      vertex -93.41484325937223 -56.70228377861092 61.603083186348194
      vertex -93.43773392717341 -56.737342440180676 61.73392389257188
      vertex -93.38277010476278 -56.73342281100928 61.71929563735738
    endloop
  endfacet
  facet normal -7.197874892943169e-15 0.9659258262890816 0.25881904510247083
    outer loop
      vertex -93.04021135125647 -56.747058057627996 61.77018307051217
      vertex -93.17399287960093 -56.75171342620879 61.787557142583644
      vertex -93.16890604868047 -56.76482475832075 61.8364893001804
    endloop
  endfacet
  facet normal 1.4472734603561715e-13 0.9659258262890855 0.2588190451024561
    outer loop
      vertex -93.17399287960093 -56.75171342620879 61.787557142583644
      vertex -93.19549930766904 -56.75195980325094 61.78847663422279
      vertex -93.16890604868047 -56.76482475832075 61.8364893001804
    endloop
  endfacet
  facet normal -6.84440324119568e-14 0.9659258262890725 0.2588190451025048
    outer loop
      vertex -93.23388827233507 -56.761742780498544 61.82498720236013
      vertex -93.19397147138933 -56.77479909177487 61.87371401940281
      vertex -93.19549930766904 -56.75195980325094 61.78847663422279
    endloop
  endfacet
  facet normal 5.447847625191297e-14 0.9659258262890731 0.25881904510250275
    outer loop
      vertex -93.16890604868047 -56.76482475832075 61.8364893001804
      vertex -93.19549930766904 -56.75195980325094 61.78847663422279
      vertex -93.19397147138933 -56.77479909177487 61.87371401940281
    endloop
  endfacet
  facet normal 1.1770089294789805e-14 0.9659258262890678 0.2588190451025223
    outer loop
      vertex -92.83149050574845 -56.8971434655763 62.33030943844996
      vertex -92.82318179519925 -56.92995303098543 62.45275640353109
      vertex -92.73063465553402 -56.887374035025736 62.29384942727424
    endloop
  endfacet
  facet normal -2.935967583091538e-14 0.9659258262890674 0.2588190451025239
    outer loop
      vertex -92.73063465553402 -56.79121564951022 61.934981446956535
      vertex -92.79739681317639 -56.79388622383121 61.94494816600784
      vertex -92.73063465553402 -56.82597515314772 62.06470568057757
    endloop
  endfacet
  facet normal 7.667491385282256e-14 0.965925826289071 0.25881904510251047
    outer loop
      vertex -92.73063465553402 -56.79121564951022 61.934981446956535
      vertex -92.72202630266044 -56.825208447189034 62.06184429498528
      vertex -92.69415440963633 -56.80534627547239 61.987717660990086
    endloop
  endfacet
  facet normal -1.342937787931145e-13 0.9659258262890674 0.2588190451025239
    outer loop
      vertex -92.73063465553402 -56.79121564951022 61.934981446956535
      vertex -92.73063465553402 -56.82597515314772 62.06470568057757
      vertex -92.72202630266044 -56.825208447189034 62.06184429498528
    endloop
  endfacet
  facet normal -2.494086463671754e-15 0.9659258262890748 0.2588190451024967
    outer loop
      vertex -93.58588952783597 -56.64331013231228 61.382990542054046
      vertex -93.55136375072745 -56.7030532900825 61.605955042257136
      vertex -93.47987586131978 -56.69119126910437 61.56168537728631
    endloop
  endfacet
  facet normal 5.424469336838953e-14 0.9659258262890832 0.25881904510246534
    outer loop
      vertex -93.58588952783597 -56.64331013231228 61.382990542054046
      vertex -93.47987586131978 -56.69119126910437 61.56168537728631
      vertex -93.40372709654878 -56.68525859639405 61.53954434130669
    endloop
  endfacet
  facet normal 3.6703213772812786e-14 0.9659258262890597 0.25881904510255316
    outer loop
      vertex -93.41484325937223 -56.70228377861092 61.603083186348194
      vertex -93.38277010476278 -56.73342281100928 61.71929563735738
      vertex -93.38502058130594 -56.700278923978125 61.59560096699681
    endloop
  endfacet
  facet normal 8.392210689206754e-14 0.9659258262890733 0.2588190451025023
    outer loop
      vertex -93.36335845563265 -56.7029286627614 61.60548992676278
      vertex -93.38502058130594 -56.700278923978125 61.59560096699681
      vertex -93.35357188189627 -56.719893435400415 61.668803320190435
    endloop
  endfacet
  facet normal -1.4599647040795532e-13 0.9659258262890615 0.25881904510254583
    outer loop
      vertex -93.38770650821586 -56.66072194288134 61.44797230374955
      vertex -93.40372709654878 -56.68525859639405 61.53954434130669
      vertex -93.3860536405783 -56.685064546417095 61.538820136933495
    endloop
  endfacet
  facet normal -1.5444164004532068e-13 0.9659258262890615 0.25881904510254594
    outer loop
      vertex -93.37517753595574 -56.68244059248423 61.52902740753932
      vertex -93.38770650821586 -56.66072194288134 61.44797230374955
      vertex -93.3860536405783 -56.685064546417095 61.538820136933495
    endloop
  endfacet
  facet normal -3.6456637500937936e-14 0.9659258262890567 0.2588190451025637
    outer loop
      vertex -93.58588952783597 -56.64331013231228 61.382990542054046
      vertex -93.40372709654878 -56.68525859639405 61.53954434130669
      vertex -93.38770650821586 -56.66072194288134 61.44797230374955
    endloop
  endfacet
  facet normal -1.2577528967182443e-14 0.9659258262890652 0.25881904510253206
    outer loop
      vertex -93.55136375072745 -56.7030532900825 61.605955042257136
      vertex -93.43773392717341 -56.737342440180676 61.73392389257188
      vertex -93.41484325937223 -56.70228377861092 61.603083186348194
    endloop
  endfacet
  facet normal -4.655363094559068e-14 0.9659258262890592 0.2588190451025546
    outer loop
      vertex -93.35357188189627 -56.719893435400415 61.668803320190435
      vertex -93.38502058130594 -56.700278923978125 61.59560096699681
      vertex -93.38277010476278 -56.73342281100928 61.71929563735738
    endloop
  endfacet
  facet normal -3.2671731193032402e-15 0.9659258262890686 0.2588190451025196
    outer loop
      vertex -92.89134456098645 -56.924455219662725 62.43223829234432
      vertex -92.86862915010153 -56.924238583888425 62.431429796627896
      vertex -92.86862915010153 -56.90076055415102 62.34380859678629
    endloop
  endfacet
  facet normal -4.1080869544231335e-14 0.9659258262890688 0.2588190451025195
    outer loop
      vertex -92.86862915010153 -56.90076055415102 62.34380859678629
      vertex -92.86862915010153 -56.924238583888425 62.431429796627896
      vertex -92.83149050574845 -56.8971434655763 62.33030943844996
    endloop
  endfacet
  facet normal 4.470145951579707e-14 0.9659258262890679 0.2588190451025221
    outer loop
      vertex -92.70168307805037 -56.90554008884681 62.36164606310752
      vertex -92.73063465553402 -56.887374035025736 62.29384942727424
      vertex -92.73063465553402 -56.93741761530004 62.4806146114506
    endloop
  endfacet
  facet normal 3.2102942992730556e-14 0.9659258262890685 0.25881904510252
    outer loop
      vertex 37.868629150101526 -57.33613045533982 63.96863118810914
      vertex 37.95572754966763 -57.32543458445583 63.928713654538875
      vertex 37.868629150101526 -57.27326627891411 63.73401888771241
    endloop
  endfacet
  facet normal 2.42930314510735e-14 0.9659258262890809 0.2588190451024736
    outer loop
      vertex 38.059142681558306 -57.29661127083905 63.821143583678555
      vertex 38.10775943444031 -57.320933980072304 63.911917170314794
      vertex 38.1705906284692 -57.32613751912564 63.931337042441
    endloop
  endfacet
  facet normal -1.4732008755552212e-13 0.9659258262890572 0.2588190451025625
    outer loop
      vertex 38.15201025174659 -57.278246505293 63.752605345591626
      vertex 38.1705906284692 -57.32613751912564 63.931337042441
      vertex 38.19488220548884 -57.32543553660293 63.92871720800025
    endloop
  endfacet
  facet normal 3.9173824355565325e-14 0.9659258262890548 0.25881904510257103
    outer loop
      vertex 38.26948628518954 -57.28971207706795 63.7953954419936
      vertex 38.19488220548884 -57.32543553660293 63.92871720800025
      vertex 38.22780762477792 -57.33870503919412 63.97823966586171
    endloop
  endfacet
  facet normal 4.4899495719638087e-13 0.965925826289034 0.2588190451026489
    outer loop
      vertex 38.381504177044164 -57.33455350665967 63.96274593551387
      vertex 38.4 -57.312282773962686 63.879630429566966
      vertex 38.34503913944392 -57.35193554071083 64.02761656973175
    endloop
  endfacet
  facet normal -6.303670161592572e-14 0.9659258262890814 0.2588190451024715
    outer loop
      vertex 38.22780762477792 -57.33870503919412 63.97823966586171
      vertex 38.34503913944392 -57.35193554071083 64.02761656973175
      vertex 38.4 -57.312282773962686 63.879630429566966
    endloop
  endfacet
  facet normal -8.141038179688628e-15 0.9659258262890574 0.258819045102561
    outer loop
      vertex 38.26948628518954 -57.28971207706795 63.7953954419936
      vertex 38.22780762477792 -57.33870503919412 63.97823966586171
      vertex 38.4 -57.312282773962686 63.879630429566966
    endloop
  endfacet
  facet normal -5.195950832862006e-14 0.9659258262890688 0.25881904510251874
    outer loop
      vertex 37.57113462737837 -57.17834661374546 63.3797738746656
      vertex 37.56477171301559 -57.21662600814708 63.522634519455416
      vertex 37.61428879348616 -57.250086738157655 63.647511663913235
    endloop
  endfacet
  facet normal -1.6720868978803433e-13 0.9659258262890691 0.2588190451025181
    outer loop
      vertex 37.730634655534026 -57.29540461511432 63.81664028320665
      vertex 37.730634655534026 -57.245336793894154 63.62978463058871
      vertex 37.71808520222321 -57.24584913874867 63.63169672761674
    endloop
  endfacet
  facet normal 3.2225101788982254e-14 0.9659258262890724 0.2588190451025054
    outer loop
      vertex 37.730634655534026 -57.29540461511432 63.81664028320665
      vertex 37.71808520222321 -57.24584913874867 63.63169672761674
      vertex 37.6143593539449 -57.250365368394284 63.64855152611285
    endloop
  endfacet
  facet normal 2.861457770625066e-14 0.9659258262890691 0.2588190451025181
    outer loop
      vertex 37.730634655534026 -57.29540461511432 63.81664028320665
      vertex 37.85285543796174 -57.273842975576216 63.73617114895594
      vertex 37.730634655534026 -57.245336793894154 63.62978463058871
    endloop
  endfacet
  facet normal 2.0735971170808775e-14 0.9659258262890718 0.25881904510250786
    outer loop
      vertex 37.57113462737837 -57.17834661374546 63.3797738746656
      vertex 37.61428879348616 -57.250086738157655 63.647511663913235
      vertex 37.57083855008898 -57.07850974142147 63.00717759468368
    endloop
  endfacet
  facet normal 1.2638446215971157e-13 0.9659258262890686 0.25881904510251924
    outer loop
      vertex 37.50175657014536 -57.12266417859401 63.17196419759118
      vertex 37.45451867793749 -57.15048980928472 63.275810865081596
      vertex 37.510009719511835 -57.155254343140854 63.29359234750704
    endloop
  endfacet
  facet normal 3.901901499139051e-13 0.9659258262890696 0.2588190451025157
    outer loop
      vertex 37.44331909054752 -57.10626470445639 63.11076052689223
      vertex 37.45451867793749 -57.15048980928472 63.275810865081596
      vertex 37.45451867793749 -57.09246624524778 63.05926397605949
    endloop
  endfacet
  facet normal -3.112883557415282e-15 0.9659258262890695 0.25881904510251563
    outer loop
      vertex 37.47564763863435 -57.10428987873697 63.103390376971234
      vertex 37.45451867793749 -57.09246624524778 63.05926397605949
      vertex 37.45451867793749 -57.15048980928472 63.275810865081596
    endloop
  endfacet
  facet normal -1.7519021507207871e-13 0.9659258262890636 0.25881904510253845
    outer loop
      vertex 37.50175657014536 -57.12266417859401 63.17196419759118
      vertex 37.510009719511835 -57.155254343140854 63.29359234750704
      vertex 37.52179274798194 -57.12815004665885 63.19243773593281
    endloop
  endfacet
  facet normal -1.6215762943388931e-12 0.9659258262890354 0.25881904510264303
    outer loop
      vertex 37.45065064692174 -57.14545683870018 63.25702756314706
      vertex 37.45451867793749 -57.15048980928472 63.275810865081596
      vertex 37.44331909054752 -57.10626470445639 63.11076052689223
    endloop
  endfacet
  facet normal 1.6254612236243587e-13 0.9659258262890645 0.2588190451025346
    outer loop
      vertex 37.47564763863435 -57.10428987873697 63.103390376971234
      vertex 37.45451867793749 -57.15048980928472 63.275810865081596
      vertex 37.50175657014536 -57.12266417859401 63.17196419759118
    endloop
  endfacet
  facet normal -3.162186417542196e-14 0.9659258262890721 0.2588190451025065
    outer loop
      vertex 37.679089525028715 -57.091862402297835 63.057010403490516
      vertex 37.6143593539449 -57.075723239666814 62.99677822855992
      vertex 37.61428879348616 -57.250086738157655 63.647511663913235
    endloop
  endfacet
  facet normal -4.050250369339416e-13 0.9659258262890716 0.2588190451025082
    outer loop
      vertex 37.557809281555464 -57.09927094237289 63.08465945146051
      vertex 37.57113462737837 -57.17834661374546 63.3797738746656
      vertex 37.57083855008898 -57.07850974142147 63.00717759468368
    endloop
  endfacet
  facet normal 4.2586007864465856e-14 0.9659258262890721 0.2588190451025065
    outer loop
      vertex 37.57083855008898 -57.07850974142147 63.00717759468368
      vertex 37.61428879348616 -57.250086738157655 63.647511663913235
      vertex 37.6143593539449 -57.075723239666814 62.99677822855992
    endloop
  endfacet
  facet normal -2.2359704125574948e-14 0.965925826289076 0.25881904510249204
    outer loop
      vertex 37.557809281555464 -57.09927094237289 63.08465945146051
      vertex 37.52179274798194 -57.12815004665885 63.19243773593281
      vertex 37.57113462737837 -57.17834661374546 63.3797738746656
    endloop
  endfacet
  facet normal -1.5707796562500956e-14 0.9659258262890589 0.2588190451025557
    outer loop
      vertex 37.510009719511835 -57.155254343140854 63.29359234750704
      vertex 37.52179274798194 -57.15460638524968 63.29117413573601
      vertex 37.52179274798194 -57.12815004665885 63.19243773593281
    endloop
  endfacet
  facet normal -2.8134186532621706e-13 0.965925826289059 0.2588190451025557
    outer loop
      vertex 37.57113462737837 -57.17834661374546 63.3797738746656
      vertex 37.52179274798194 -57.12815004665885 63.19243773593281
      vertex 37.52179274798194 -57.15460638524968 63.29117413573601
    endloop
  endfacet
  facet normal -1.3518223563316114e-13 0.9659258262890704 0.2588190451025129
    outer loop
      vertex 37.78294137950891 -57.206695680369165 63.48557403165239
      vertex 37.831971319003834 -57.19137544190731 63.428398123328705
      vertex 37.81001011928184 -57.10465471496959 63.104751964327804
    endloop
  endfacet
  facet normal 1.0948543699789507e-13 0.9659258262890692 0.25881904510251785
    outer loop
      vertex 37.7553649427684 -57.08720303261913 63.03962139911833
      vertex 37.730634655534026 -57.245336793894154 63.62978463058871
      vertex 37.78294137950891 -57.206695680369165 63.48557403165239
    endloop
  endfacet
  facet normal -1.2706703676728607e-14 0.965925826289069 0.258819045102518
    outer loop
      vertex 37.679089525028715 -57.091862402297835 63.057010403490516
      vertex 37.730634655534026 -57.245336793894154 63.62978463058871
      vertex 37.730634655534026 -57.04791348416301 62.89299080807367
    endloop
  endfacet
  facet normal 1.8112267347876312e-14 0.9659258262890676 0.25881904510252307
    outer loop
      vertex 37.7553649427684 -57.08720303261913 63.03962139911833
      vertex 37.78294137950891 -57.206695680369165 63.48557403165239
      vertex 37.81001011928184 -57.10465471496959 63.104751964327804
    endloop
  endfacet
  facet normal 1.1660526249167204e-13 0.965925826289069 0.2588190451025181
    outer loop
      vertex 37.7553649427684 -57.08720303261913 63.03962139911833
      vertex 37.730634655534026 -57.04791348416301 62.89299080807367
      vertex 37.730634655534026 -57.245336793894154 63.62978463058871
    endloop
  endfacet
  facet normal 4.0830863009656885e-14 0.9659258262890734 0.25881904510250175
    outer loop
      vertex 37.84088900845312 -57.12369489004161 63.175810865081594
      vertex 37.81001011928184 -57.10465471496959 63.104751964327804
      vertex 37.831971319003834 -57.19137544190731 63.428398123328705
    endloop
  endfacet
  facet normal -7.16852298782626e-16 0.9659258262890738 0.25881904510250037
    outer loop
      vertex 37.84088900845312 -57.12369489004161 63.175810865081594
      vertex 37.831971319003834 -57.19137544190731 63.428398123328705
      vertex 37.891344560986454 -57.16216504496182 63.31938343781886
    endloop
  endfacet
  facet normal 3.9289849888802537e-14 0.9659258262890701 0.2588190451025137
    outer loop
      vertex 37.679089525028715 -57.091862402297835 63.057010403490516
      vertex 37.61428879348616 -57.250086738157655 63.647511663913235
      vertex 37.730634655534026 -57.245336793894154 63.62978463058871
    endloop
  endfacet
  facet normal -8.712678558492739e-13 0.9659258262890695 0.25881904510251613
    outer loop
      vertex 37.406611296880726 -57.06941692423418 62.973242738956785
      vertex 37.413688221801905 -57.08315483379896 63.024513315442334
      vertex 37.413688221801905 -56.98925786922225 62.67408507296556
    endloop
  endfacet
  facet normal 3.204283669975963e-14 0.9659258262890695 0.25881904510251613
    outer loop
      vertex 37.43353525599403 -57.06763014644236 62.96657439345589
      vertex 37.413688221801905 -56.98925786922225 62.67408507296556
      vertex 37.413688221801905 -57.08315483379896 63.024513315442334
    endloop
  endfacet
  facet normal -1.7748596650300097e-14 0.9659258262890689 0.2588190451025193
    outer loop
      vertex 37.413688221801905 -56.98925786922225 62.67408507296556
      vertex 37.43353525599403 -57.06763014644236 62.96657439345589
      vertex 37.45451867793749 -57.04087599259732 62.86672653199269
    endloop
  endfacet
  facet normal 6.124922034722596e-14 0.965925826289064 0.2588190451025367
    outer loop
      vertex 37.4 -57.04331013231227 62.87581086508159
      vertex 37.406611296880726 -57.06941692423418 62.973242738956785
      vertex 37.413688221801905 -56.98925786922225 62.67408507296556
    endloop
  endfacet
  facet normal 5.154332824585502e-13 0.9659258262890864 0.25881904510245307
    outer loop
      vertex 37.8 -57.04331013231227 62.87581086508159
      vertex 37.79126841124122 -57.03064716684328 62.82855203457683
      vertex 37.79798617395937 -57.057174372719444 62.92755291468953
    endloop
  endfacet
  facet normal -4.722337765351724e-14 0.965925826289077 0.25881904510248865
    outer loop
      vertex 37.79126841124122 -57.03064716684328 62.82855203457683
      vertex 37.730634655534026 -57.04791348416301 62.89299080807367
      vertex 37.79798617395937 -57.057174372719444 62.92755291468953
    endloop
  endfacet
  facet normal 1.205424816631629e-13 0.9659258262890698 0.2588190451025151
    outer loop
      vertex 37.45451867793749 -56.93613045533982 62.47581086508159
      vertex 37.45451867793749 -57.04087599259732 62.86672653199269
      vertex 37.47741874197717 -57.02655858429364 62.813293236770626
    endloop
  endfacet
  facet normal 6.706387701103829e-14 0.9659258262890689 0.25881904510251846
    outer loop
      vertex 37.45451867793749 -56.93613045533982 62.47581086508159
      vertex 37.47741874197717 -57.02655858429364 62.813293236770626
      vertex 37.52179274798194 -57.005325038213535 62.73404856397481
    endloop
  endfacet
  facet normal 3.3593612193727396e-15 0.9659258262890698 0.25881904510251513
    outer loop
      vertex 37.45451867793749 -56.93613045533982 62.47581086508159
      vertex 37.413688221801905 -56.98925786922225 62.67408507296556
      vertex 37.45451867793749 -57.04087599259732 62.86672653199269
    endloop
  endfacet
  facet normal 1.1024609186388178e-13 0.9659258262890643 0.258819045102536
    outer loop
      vertex 37.55625559481488 -57.02092434088419 62.79226595410437
      vertex 37.6143593539449 -57.00458213494299 62.73127601122404
      vertex 37.6143593539449 -56.95278526802569 62.537967472215804
    endloop
  endfacet
  facet normal -1.0153794862425326e-13 0.9659258262890763 0.25881904510249076
    outer loop
      vertex 37.587362616049376 -56.93623433892247 62.47619856389008
      vertex 37.55625559481488 -57.02092434088419 62.79226595410437
      vertex 37.6143593539449 -56.95278526802569 62.537967472215804
    endloop
  endfacet
  facet normal 9.590308308267033e-14 0.9659258262890708 0.2588190451025116
    outer loop
      vertex 37.644114801514334 -56.95375367026097 62.54158159856002
      vertex 37.6143593539449 -56.95278526802569 62.537967472215804
      vertex 37.65469147120514 -56.99551898799308 62.697451886330505
    endloop
  endfacet
  facet normal -1.9522415376057386e-14 0.9659258262890688 0.2588190451025188
    outer loop
      vertex 37.644114801514334 -56.95375367026097 62.54158159856002
      vertex 37.65469147120514 -56.99551898799308 62.697451886330505
      vertex 37.730634655534026 -56.98989820985253 62.67647485673189
    endloop
  endfacet
  facet normal -1.7023785920616662e-13 0.9659258262890674 0.2588190451025239
    outer loop
      vertex 37.52902566766374 -56.913398381150614 62.39097360924604
      vertex 37.52179274798194 -57.005325038213535 62.73404856397481
      vertex 37.55625559481488 -57.02092434088419 62.79226595410437
    endloop
  endfacet
  facet normal -7.656439360881233e-15 0.9659258262890642 0.25881904510253595
    outer loop
      vertex 37.65469147120514 -56.99551898799308 62.697451886330505
      vertex 37.6143593539449 -56.95278526802569 62.537967472215804
      vertex 37.6143593539449 -57.00458213494299 62.73127601122404
    endloop
  endfacet
  facet normal 5.984559256281853e-14 0.9659258262890685 0.25881904510252024
    outer loop
      vertex 37.45451867793749 -56.93613045533982 62.47581086508159
      vertex 37.52179274798194 -57.005325038213535 62.73404856397481
      vertex 37.52179274798194 -56.91889826189031 62.41149944360215
    endloop
  endfacet
  facet normal -3.566917853810075e-13 0.9659258262890684 0.25881904510252024
    outer loop
      vertex 37.52902566766374 -56.913398381150614 62.39097360924604
      vertex 37.52179274798194 -56.91889826189031 62.41149944360215
      vertex 37.52179274798194 -57.005325038213535 62.73404856397481
    endloop
  endfacet
  facet normal 3.7404921315616926e-14 0.9659258262890743 0.25881904510249837
    outer loop
      vertex 37.45451867793749 -56.93613045533982 62.47581086508159
      vertex 37.52179274798194 -56.91889826189031 62.41149944360215
      vertex 37.48253447984269 -56.914769630110634 62.39609118003465
    endloop
  endfacet
  facet normal 8.386214321551557e-14 0.9659258262890718 0.25881904510250786
    outer loop
      vertex 37.587362616049376 -56.93623433892247 62.47619856389008
      vertex 37.52902566766374 -56.913398381150614 62.39097360924604
      vertex 37.55625559481488 -57.02092434088419 62.79226595410437
    endloop
  endfacet
  facet normal -4.8464121981719006e-14 0.9659258262890679 0.25881904510252207
    outer loop
      vertex 37.77847988922693 -56.98014765226405 62.640085280409586
      vertex 37.730634655534026 -56.95131789325689 62.53249115502489
      vertex 37.730634655534026 -56.98989820985253 62.67647485673189
    endloop
  endfacet
  facet normal 7.395136370885697e-14 0.9659258262890672 0.25881904510252496
    outer loop
      vertex 37.84088900845312 -56.96292537458294 62.57581086508159
      vertex 37.755603013572156 -56.88981108996511 62.30294464012883
      vertex 37.77847988922693 -56.98014765226405 62.640085280409586
    endloop
  endfacet
  facet normal 3.143440433664585e-14 0.9659258262890699 0.2588190451025152
    outer loop
      vertex 37.63560419353679 -56.920146849147514 62.41615923468373
      vertex 37.730634655534026 -56.95131789325689 62.53249115502489
      vertex 37.730634655534026 -56.89439184296512 62.320040243061776
    endloop
  endfacet
  facet normal 4.586273909638008e-14 0.9659258262890649 0.2588190451025331
    outer loop
      vertex 37.755603013572156 -56.88981108996511 62.30294464012883
      vertex 37.84088900845312 -56.96292537458294 62.57581086508159
      vertex 37.868629150101526 -56.90076055415102 62.34380859678629
    endloop
  endfacet
  facet normal -7.869866847678249e-14 0.9659258262890646 0.2588190451025346
    outer loop
      vertex 37.755603013572156 -56.88981108996511 62.30294464012883
      vertex 37.730634655534026 -56.95131789325689 62.53249115502489
      vertex 37.77847988922693 -56.98014765226405 62.640085280409586
    endloop
  endfacet
  facet normal -2.196739610803037e-14 0.965925826289067 0.2588190451025255
    outer loop
      vertex 37.891344560986454 -56.924455219662725 62.43223829234432
      vertex 37.868629150101526 -56.90076055415102 62.34380859678629
      vertex 37.84088900845312 -56.96292537458294 62.57581086508159
    endloop
  endfacet
  facet normal -2.500569396934255e-14 0.9659258262890679 0.25881904510252207
    outer loop
      vertex 37.644114801514334 -56.95375367026097 62.54158159856002
      vertex 37.730634655534026 -56.98989820985253 62.67647485673189
      vertex 37.730634655534026 -56.95131789325689 62.53249115502489
    endloop
  endfacet
  facet normal 1.998492398623566e-14 0.9659258262890723 0.2588190451025058
    outer loop
      vertex 37.730634655534026 -57.29540461511432 63.81664028320665
      vertex 37.868629150101526 -57.33613045533982 63.96863118810914
      vertex 37.85285543796174 -57.273842975576216 63.73617114895594
    endloop
  endfacet
  facet normal -2.0420477211400817e-13 0.9659258262890685 0.25881904510252
    outer loop
      vertex 37.868629150101526 -57.33613045533982 63.96863118810914
      vertex 37.868629150101526 -57.27326627891411 63.73401888771241
      vertex 37.85285543796174 -57.273842975576216 63.73617114895594
    endloop
  endfacet
  facet normal 4.646461851429492e-14 0.9659258262890701 0.25881904510251397
    outer loop
      vertex 38.00735934134371 -57.29830974558269 63.8274823777172
      vertex 37.868629150101526 -57.27326627891411 63.73401888771241
      vertex 37.95572754966763 -57.32543458445583 63.928713654538875
    endloop
  endfacet
  facet normal -6.077810817755725e-14 0.9659258262890592 0.258819045102554
    outer loop
      vertex 38.059142681558306 -57.29661127083905 63.821143583678555
      vertex 38.1705906284692 -57.32613751912564 63.931337042441
      vertex 38.15201025174659 -57.278246505293 63.752605345591626
    endloop
  endfacet
  facet normal -4.71144244232393e-14 0.9659258262890669 0.25881904510252596
    outer loop
      vertex 38.26948628518954 -57.28971207706795 63.7953954419936
      vertex 38.191305404186124 -57.27196672058457 63.729168869999185
      vertex 38.19488220548884 -57.32543553660293 63.92871720800025
    endloop
  endfacet
  facet normal 1.7628062563531325e-14 0.9659258262890672 0.2588190451025249
    outer loop
      vertex 38.15201025174659 -57.278246505293 63.752605345591626
      vertex 38.19488220548884 -57.32543553660293 63.92871720800025
      vertex 38.191305404186124 -57.27196672058457 63.729168869999185
    endloop
  endfacet
  facet normal -1.869078859611538e-13 0.9659258262890686 0.2588190451025192
    outer loop
      vertex 37.61931528327216 -56.85582494701766 62.17610662789563
      vertex 37.6143593539449 -56.917953868797255 62.40797492059655
      vertex 37.63560419353679 -56.920146849147514 62.41615923468373
    endloop
  endfacet
  facet normal -1.7122037702707495e-13 0.9659258262890686 0.25881904510251946
    outer loop
      vertex 37.61931528327216 -56.85582494701766 62.17610662789563
      vertex 37.6143593539449 -56.85535768090835 62.17436276703502
      vertex 37.6143593539449 -56.917953868797255 62.40797492059655
    endloop
  endfacet
  facet normal 2.1445236726344488e-14 0.9659258262890722 0.2588190451025059
    outer loop
      vertex 37.61931528327216 -56.85582494701766 62.17610662789563
      vertex 37.63560419353679 -56.920146849147514 62.41615923468373
      vertex 37.730634655534026 -56.89439184296512 62.320040243061776
    endloop
  endfacet
  facet normal -1.1299863449795221e-13 0.9659258262890686 0.2588190451025194
    outer loop
      vertex 37.591397130151634 -56.89454116012725 62.32059750229726
      vertex 37.6143593539449 -56.917953868797255 62.40797492059655
      vertex 37.6143593539449 -56.85535768090835 62.17436276703502
    endloop
  endfacet
  facet normal 2.7825493130286235e-14 0.9659258262890571 0.25881904510256265
    outer loop
      vertex 38.151471862576145 -56.82369489004161 62.05619562281093
      vertex 38.11962460746283 -56.81203096139106 62.01266524847124
      vertex 38.08290907008011 -56.843929591008184 62.13171255489415
    endloop
  endfacet
  facet normal -3.468276322667873e-14 0.9659258262890619 0.2588190451025446
    outer loop
      vertex 38.0710043876808 -56.81692054063739 62.03091340664617
      vertex 38.08290907008011 -56.843929591008184 62.13171255489415
      vertex 38.11962460746283 -56.81203096139106 62.01266524847124
    endloop
  endfacet
  facet normal 2.740873496408706e-14 0.9659258262890754 0.25881904510249415
    outer loop
      vertex 38.4 -56.77433749066186 61.87199130059622
      vertex 38.279174787813126 -56.75132415934587 61.786104378873546
      vertex 38.322448372359 -56.78774906417901 61.9220439743717
    endloop
  endfacet
  facet normal 3.007672187098766e-14 0.965925826289081 0.25881904510247367
    outer loop
      vertex 38.54077988116189 -56.75636899023907 61.80493194408256
      vertex 38.59977406930079 -56.74169904645074 61.75018296852033
      vertex 38.46082832248989 -56.706411702623015 61.618488808491094
    endloop
  endfacet
  facet normal 2.0736257662583634e-15 0.9659258262890779 0.2588190451024848
    outer loop
      vertex 38.54077988116189 -56.75636899023907 61.80493194408256
      vertex 38.46082832248989 -56.706411702623015 61.618488808491094
      vertex 38.437733927173426 -56.737342440180676 61.73392389257188
    endloop
  endfacet
  facet normal -5.43747444124049e-14 0.9659258262890689 0.2588190451025184
    outer loop
      vertex 38.23388827233506 -56.761742780498544 61.82498720236013
      vertex 38.322448372359 -56.78774906417901 61.9220439743717
      vertex 38.279174787813126 -56.75132415934587 61.786104378873546
    endloop
  endfacet
  facet normal -4.7607664747190877e-14 0.965925826289071 0.25881904510251086
    outer loop
      vertex 38.34727272293301 -56.71945422868214 61.6671641784028
      vertex 38.414843259372226 -56.70228377861092 61.603083186348194
      vertex 38.318292097475506 -56.6998815187027 61.59411783031773
    endloop
  endfacet
  facet normal 2.6497152777630078e-14 0.9659258262890562 0.25881904510256537
    outer loop
      vertex 38.270773597120915 -56.675646725066876 61.50367234915788
      vertex 38.40372709654878 -56.68525859639405 61.53954434130669
      vertex 38.38770650821586 -56.66072194288134 61.44797230374955
    endloop
  endfacet
  facet normal -3.259352956758123e-13 0.9659258262890409 0.2588190451026229
    outer loop
      vertex 38.42796212031615 -56.68587543863875 61.541846427904204
      vertex 38.38770650821586 -56.66072194288134 61.44797230374955
      vertex 38.40372709654878 -56.68525859639405 61.53954434130669
    endloop
  endfacet
  facet normal -1.1876558469068568e-14 0.9659258262890718 0.2588190451025086
    outer loop
      vertex 38.58588952783597 -56.64331013231227 61.382990542054046
      vertex 38.42796212031615 -56.68587543863875 61.541846427904204
      vertex 38.5936021149863 -56.697963220917394 61.58695864551893
    endloop
  endfacet
  facet normal -2.052286695243892e-14 0.9659258262890638 0.2588190451025375
    outer loop
      vertex 38.34727272293301 -56.71945422868214 61.6671641784028
      vertex 38.437733927173426 -56.737342440180676 61.73392389257188
      vertex 38.414843259372226 -56.70228377861092 61.603083186348194
    endloop
  endfacet
  facet normal -3.203935676401492e-14 0.9659258262890645 0.25881904510253484
    outer loop
      vertex 38.46082832248989 -56.706411702623015 61.618488808491094
      vertex 38.59977406930079 -56.74169904645074 61.75018296852033
      vertex 38.59592682782736 -56.71443664733169 61.64843830987181
    endloop
  endfacet
  facet normal 1.4189767767782025e-13 0.965925826289071 0.25881904510251097
    outer loop
      vertex 38.46082832248989 -56.706411702623015 61.618488808491094
      vertex 38.414843259372226 -56.70228377861092 61.603083186348194
      vertex 38.437733927173426 -56.737342440180676 61.73392389257188
    endloop
  endfacet
  facet normal -2.696056419885628e-13 0.9659258262890698 0.25881904510251524
    outer loop
      vertex 37.755603013572156 -56.88981108996511 62.30294464012883
      vertex 37.730634655534026 -56.89439184296512 62.320040243061776
      vertex 37.730634655534026 -56.95131789325689 62.53249115502489
    endloop
  endfacet
  facet normal -9.74036490619695e-15 0.9659258262890288 0.2588190451026682
    outer loop
      vertex 39.08984254896541 -57.355959916455994 64.04263574448139
      vertex 39.16008879753636 -57.35803283388856 64.05037197765961
      vertex 39.09307085010474 -57.35231414217081 64.02902952961617
    endloop
  endfacet
  facet normal -4.751188203738767e-14 0.9659258262889991 0.25881904510277887
    outer loop
      vertex 39.15663143066406 -57.351235907063355 64.02500550141265
      vertex 39.09307085010474 -57.35231414217081 64.02902952961617
      vertex 39.16008879753636 -57.35803283388856 64.05037197765961
    endloop
  endfacet
  facet normal 1.0359458670665207e-13 0.9659258262891005 0.25881904510240056
    outer loop
      vertex 39.3293842071216 -57.361470844742776 64.06320280884452
      vertex 39.23587570749751 -57.35621498361449 64.04358766807627
      vertex 39.244486371413814 -57.36042261984966 64.05929078028568
    endloop
  endfacet
  facet normal -6.59917758496478e-14 0.9659258262889986 0.2588190451027812
    outer loop
      vertex 39.23587570749751 -57.35621498361449 64.04358766807627
      vertex 39.15663143066406 -57.351235907063355 64.02500550141265
      vertex 39.16008879753636 -57.35803283388856 64.05037197765961
    endloop
  endfacet
  facet normal -9.2871824814282e-14 0.9659258262890735 0.25881904510250114
    outer loop
      vertex 39.244486371413814 -57.36042261984966 64.05929078028568
      vertex 39.23587570749751 -57.35621498361449 64.04358766807627
      vertex 39.16008879753636 -57.35803283388856 64.05037197765961
    endloop
  endfacet
  facet normal -6.910055055764548e-14 0.9659258262892245 0.258819045101938
    outer loop
      vertex 39.3293842071216 -57.361470844742776 64.06320280884452
      vertex 39.4028626491761 -57.363605585135986 64.07116976845299
      vertex 39.40236886034873 -57.360106488917225 64.05811096358397
    endloop
  endfacet
  facet normal -3.9759325225230764e-14 0.9659258262892247 0.25881904510193693
    outer loop
      vertex 39.50606560384395 -57.35952241564679 64.05593117246339
      vertex 39.40236886034873 -57.360106488917225 64.05811096358397
      vertex 39.4028626491761 -57.363605585135986 64.07116976845299
    endloop
  endfacet
  facet normal -7.348824082637533e-14 0.9659258262890879 0.25881904510244796
    outer loop
      vertex 39.51678534193995 -57.3662205844896 64.08092907890241
      vertex 39.56994408285463 -57.36103723476079 64.06158455436113
      vertex 39.50606560384395 -57.35952241564679 64.05593117246339
    endloop
  endfacet
  facet normal -3.697658421324185e-14 0.9659258262890628 0.25881904510254156
    outer loop
      vertex 39.51678534193995 -57.3662205844896 64.08092907890241
      vertex 39.57447740277945 -57.36798033185224 64.08749654546828
      vertex 39.56994408285463 -57.36103723476079 64.06158455436113
    endloop
  endfacet
  facet normal 3.429193362434214e-14 0.9659258262890994 0.25881904510240483
    outer loop
      vertex 39.51678534193995 -57.3662205844896 64.08092907890241
      vertex 39.50606560384395 -57.35952241564679 64.05593117246339
      vertex 39.4028626491761 -57.363605585135986 64.07116976845299
    endloop
  endfacet
  facet normal 3.28601642286359e-15 0.9659258262890644 0.25881904510253495
    outer loop
      vertex 39.7302993006094 -57.37069435244621 64.09762540821777
      vertex 39.56994408285463 -57.36103723476079 64.06158455436113
      vertex 39.57447740277945 -57.36798033185224 64.08749654546828
    endloop
  endfacet
  facet normal -9.644683811229023e-14 0.965925826289091 0.2588190451024364
    outer loop
      vertex 39.4685464110378 -57.33607875629515 63.96843824464772
      vertex 39.55147011593116 -57.332743060040954 63.95598925674847
      vertex 39.6 -57.312282773962686 63.879630429566966
    endloop
  endfacet
  facet normal 8.464050871758692e-15 0.965925826289052 0.2588190451025813
    outer loop
      vertex 39.45922011883811 -57.330251274385475 63.946689786080626
      vertex 39.4685464110378 -57.33607875629515 63.96843824464772
      vertex 39.6 -57.312282773962686 63.879630429566966
    endloop
  endfacet
  facet normal -1.6583006246104384e-14 0.965925826289056 0.2588190451025662
    outer loop
      vertex 39.73051371481046 -57.28971207706795 63.7953954419936
      vertex 39.696892487125716 -57.315151085126104 63.89033511256075
      vertex 39.77219237522208 -57.33870503919412 63.97823966586171
    endloop
  endfacet
  facet normal 2.7415676299820143e-14 0.9659258262890619 0.2588190451025444
    outer loop
      vertex 39.800638226798135 -57.27379534080874 63.735993373583526
      vertex 39.77219237522208 -57.33870503919412 63.97823966586171
      vertex 39.88353639905762 -57.32067631037379 63.910955533908364
    endloop
  endfacet
  facet normal -2.314395614454138e-14 0.9659258262890623 0.25881904510254283
    outer loop
      vertex 40.131370849898474 -57.33613045533983 63.96863118810914
      vertex 40.07845941368911 -57.28123791001709 63.763769420007925
      vertex 40.00699532596692 -57.32433106864022 63.92459527744805
    endloop
  endfacet
  facet normal 8.702920107823143e-14 0.9659258262890665 0.2588190451025277
    outer loop
      vertex 40.18930974455146 -57.20543264762048 63.4808603292627
      vertex 40.15911099154688 -57.123694890041605 63.175810865081594
      vertex 40.131370849898474 -57.18963463024139 63.4219013257451
    endloop
  endfacet
  facet normal -9.777051887198577e-14 0.9659258262890671 0.25881904510252507
    outer loop
      vertex 40.189733833648575 -57.083849329629786 63.02710520916862
      vertex 40.18930974455146 -57.20543264762048 63.4808603292627
      vertex 40.25655368735077 -57.24481374428887 63.62783258288692
    endloop
  endfacet
  facet normal 1.1265889949999966e-13 0.9659258262890671 0.2588190451025253
    outer loop
      vertex 40.189733833648575 -57.083849329629786 63.02710520916862
      vertex 40.15911099154688 -57.123694890041605 63.175810865081594
      vertex 40.18930974455146 -57.20543264762048 63.4808603292627
    endloop
  endfacet
  facet normal 1.2010978140428228e-14 0.9659258262890699 0.25881904510251474
    outer loop
      vertex 40.205619250340774 -57.04368304744237 62.87720260329404
      vertex 40.25655368735077 -57.24481374428887 63.62783258288692
      vertex 40.33548280195471 -57.05230129370451 62.90936633621647
    endloop
  endfacet
  facet normal -1.353562679617201e-14 0.9659258262890694 0.25881904510251635
    outer loop
      vertex 40.189733833648575 -57.083849329629786 63.02710520916862
      vertex 40.25655368735077 -57.24481374428887 63.62783258288692
      vertex 40.205619250340774 -57.04368304744237 62.87720260329404
    endloop
  endfacet
  facet normal 4.519187821724376e-14 0.965925826289069 0.2588190451025182
    outer loop
      vertex 40.33548280195471 -57.05230129370451 62.90936633621647
      vertex 40.25655368735077 -57.24481374428887 63.62783258288692
      vertex 40.3856406460551 -57.075723239666814 62.99677822855992
    endloop
  endfacet
  facet normal -1.1761614757179791e-13 0.9659258262890722 0.2588190451025062
    outer loop
      vertex 40.108655439013546 -57.16216504496182 63.31938343781886
      vertex 40.131370849898474 -57.18963463024139 63.4219013257451
      vertex 40.15911099154688 -57.123694890041605 63.175810865081594
    endloop
  endfacet
  facet normal 4.555462234307987e-14 0.9659258262890706 0.25881904510251214
    outer loop
      vertex 40.43297531845426 -57.21652346082079 63.5222518076235
      vertex 40.414705368197595 -57.17763104854428 63.37710334897864
      vertex 40.3856406460551 -57.25008385745146 63.64750091297133
    endloop
  endfacet
  facet normal 5.5305366309668476e-15 0.965925826289071 0.25881904510251064
    outer loop
      vertex 40.25655368735077 -57.24481374428887 63.62783258288692
      vertex 40.3856406460551 -57.25008385745146 63.64750091297133
      vertex 40.3856406460551 -57.075723239666814 62.99677822855992
    endloop
  endfacet
  facet normal 3.029967832484212e-14 0.965925826289071 0.25881904510251064
    outer loop
      vertex 40.414705368197595 -57.17763104854428 63.37710334897864
      vertex 40.3856406460551 -57.075723239666814 62.99677822855992
      vertex 40.3856406460551 -57.25008385745146 63.64750091297133
    endloop
  endfacet
  facet normal 4.965173625231767e-14 0.9659258262890641 0.25881904510253634
    outer loop
      vertex 40.45928145708646 -57.12704887587456 63.188328110618016
      vertex 40.46609140503746 -57.15394010423159 63.28868754112438
      vertex 40.47820725201806 -57.12815004665885 63.19243773593281
    endloop
  endfacet
  facet normal 2.1450300558295824e-13 0.9659258262890589 0.2588190451025557
    outer loop
      vertex 40.46609140503746 -57.15394010423159 63.28868754112438
      vertex 40.47820725201806 -57.15460638524968 63.29117413573601
      vertex 40.47820725201806 -57.12815004665885 63.19243773593281
    endloop
  endfacet
  facet normal -2.500978040488255e-13 0.9659258262890658 0.2588190451025306
    outer loop
      vertex 40.4078954202466 -57.097175975510936 63.07684092869155
      vertex 40.3856406460551 -57.075723239666814 62.99677822855992
      vertex 40.414705368197595 -57.17763104854428 63.37710334897864
    endloop
  endfacet
  facet normal 5.893746259106528e-14 0.9659258262890674 0.25881904510252407
    outer loop
      vertex 40.4078954202466 -57.097175975510936 63.07684092869155
      vertex 40.414705368197595 -57.17763104854428 63.37710334897864
      vertex 40.45928145708646 -57.12704887587456 63.188328110618016
    endloop
  endfacet
  facet normal -9.11842437386537e-14 0.9659258262890589 0.25881904510255577
    outer loop
      vertex 40.54548132206251 -57.15048980928472 63.275810865081596
      vertex 40.47820725201806 -57.12815004665885 63.19243773593281
      vertex 40.47820725201806 -57.15460638524968 63.29117413573601
    endloop
  endfacet
  facet normal -8.189006918345292e-14 0.9659258262890695 0.25881904510251574
    outer loop
      vertex 40.53392978662416 -57.104874926530506 63.10557380506156
      vertex 40.54548132206251 -57.15048980928472 63.275810865081596
      vertex 40.54548132206251 -57.09246624524778 63.05926397605949
    endloop
  endfacet
  facet normal -3.78481987693751e-13 0.9659258262890696 0.25881904510251574
    outer loop
      vertex 40.55647025031255 -57.106251836105905 63.110712501554396
      vertex 40.54548132206251 -57.09246624524778 63.05926397605949
      vertex 40.54548132206251 -57.15048980928472 63.275810865081596
    endloop
  endfacet
  facet normal 1.5973102086581317e-12 0.9659258262890368 0.2588190451026384
    outer loop
      vertex 40.55647025031255 -57.106251836105905 63.110712501554396
      vertex 40.54548132206251 -57.15048980928472 63.275810865081596
      vertex 40.54934935307826 -57.14545683870018 63.25702756314706
    endloop
  endfacet
  facet normal -3.394533963143553e-14 0.9659258262890704 0.25881904510251263
    outer loop
      vertex 40.53392978662416 -57.104874926530506 63.10557380506156
      vertex 40.47820725201806 -57.12815004665885 63.19243773593281
      vertex 40.54548132206251 -57.15048980928472 63.275810865081596
    endloop
  endfacet
  facet normal 1.0037659127569536e-13 0.965925826289065 0.2588190451025332
    outer loop
      vertex 40.414705368197595 -57.17763104854428 63.37710334897864
      vertex 40.46609140503746 -57.15394010423159 63.28868754112438
      vertex 40.45928145708646 -57.12704887587456 63.188328110618016
    endloop
  endfacet
  facet normal -1.1727072607768227e-13 0.9659258262890651 0.25881904510253273
    outer loop
      vertex 40.189733833648575 -57.00277093499476 62.72451652099457
      vertex 40.2 -57.04331013231227 62.87581086508159
      vertex 40.205619250340774 -57.04368304744237 62.87720260329404
    endloop
  endfacet
  facet normal -1.6852523020807682e-13 0.9659258262890653 0.25881904510253223
    outer loop
      vertex 40.23236291218656 -57.005817512783665 62.73588650409201
      vertex 40.17681820480075 -56.92995303098543 62.45275640353109
      vertex 40.205619250340774 -57.04368304744237 62.87720260329404
    endloop
  endfacet
  facet normal -1.2147382663523255e-14 0.9659258262890679 0.25881904510252224
    outer loop
      vertex 40.189733833648575 -57.00277093499476 62.72451652099457
      vertex 40.205619250340774 -57.04368304744237 62.87720260329404
      vertex 40.17681820480075 -56.92995303098543 62.45275640353109
    endloop
  endfacet
  facet normal 1.1731058854086215e-13 0.9659258262890792 0.25881904510247983
    outer loop
      vertex 40.23236291218656 -57.005817512783665 62.73588650409201
      vertex 40.269365344465974 -56.98989820985253 62.67647485673189
      vertex 40.17681820480075 -56.92995303098543 62.45275640353109
    endloop
  endfacet
  facet normal 9.665182612339388e-15 0.9659258262890679 0.2588190451025224
    outer loop
      vertex 40.269365344465974 -56.98989820985253 62.67647485673189
      vertex 40.32301548441549 -57.003070156350866 62.72563323029827
      vertex 40.3856406460551 -56.9467960444504 62.51561538553492
    endloop
  endfacet
  facet normal -2.5891388928928495e-14 0.9659258262890673 0.25881904510252474
    outer loop
      vertex 40.16850949425155 -56.8971434655763 62.33030943844996
      vertex 40.131370849898474 -56.924238583888425 62.431429796627896
      vertex 40.17681820480075 -56.92995303098543 62.45275640353109
    endloop
  endfacet
  facet normal 1.1480906047432098e-14 0.9659258262890702 0.25881904510251336
    outer loop
      vertex 40.17681820480075 -56.92995303098543 62.45275640353109
      vertex 40.3856406460551 -56.9467960444504 62.51561538553492
      vertex 40.269365344465974 -56.89439184296512 62.320040243061776
    endloop
  endfacet
  facet normal -1.2223996811906715e-13 0.9659258262890666 0.2588190451025272
    outer loop
      vertex 40.15911099154688 -56.96292537458294 62.57581086508159
      vertex 40.189733833648575 -57.00277093499476 62.72451652099457
      vertex 40.17681820480075 -56.92995303098543 62.45275640353109
    endloop
  endfacet
  facet normal 8.787753530460859e-15 0.965925826289068 0.25881904510252174
    outer loop
      vertex 40.17681820480075 -56.92995303098543 62.45275640353109
      vertex 40.269365344465974 -56.98989820985253 62.67647485673189
      vertex 40.3856406460551 -56.9467960444504 62.51561538553492
    endloop
  endfacet
  facet normal -1.0851025822694003e-12 0.9659258262890726 0.25881904510250486
    outer loop
      vertex 40.58143253771367 -57.0780951747099 63.00563041065298
      vertex 40.586311778198095 -57.08315483379896 63.024513315442334
      vertex 40.586311778198095 -57.03111322150141 62.83029137424006
    endloop
  endfacet
  facet normal 5.378361837614572e-15 0.965925826289065 0.2588190451025332
    outer loop
      vertex 40.56922557218884 -57.02989211943892 62.82573415930163
      vertex 40.58143253771367 -57.0780951747099 63.00563041065298
      vertex 40.586311778198095 -57.03111322150141 62.83029137424006
    endloop
  endfacet
  facet normal 1.4456744829313618e-13 0.9659258262890622 0.2588190451025432
    outer loop
      vertex 40.56782238566847 -57.06772024478049 62.96691064503144
      vertex 40.56922557218884 -57.02989211943892 62.82573415930163
      vertex 40.54548132206251 -57.04087599259732 62.86672653199269
    endloop
  endfacet
  facet normal 4.3566060440270256e-15 0.9659258262890629 0.2588190451025409
    outer loop
      vertex 40.6 -57.04331013231227 62.87581086508159
      vertex 40.586311778198095 -57.03111322150141 62.83029137424006
      vertex 40.593388703119274 -57.06941692423418 62.973242738956785
    endloop
  endfacet
  facet normal -1.1544543145978012e-13 0.9659258262890628 0.25881904510254083
    outer loop
      vertex 40.56782238566847 -57.06772024478049 62.96691064503144
      vertex 40.58143253771367 -57.0780951747099 63.00563041065298
      vertex 40.56922557218884 -57.02989211943892 62.82573415930163
    endloop
  endfacet
  facet normal 7.838665427767329e-13 0.9659258262890726 0.25881904510250486
    outer loop
      vertex 40.593388703119274 -57.06941692423418 62.973242738956785
      vertex 40.586311778198095 -57.03111322150141 62.83029137424006
      vertex 40.586311778198095 -57.08315483379896 63.024513315442334
    endloop
  endfacet
  facet normal -5.2217023570418085e-14 0.9659258262890631 0.2588190451025402
    outer loop
      vertex 40.42750473279487 -57.0015684528945 62.72002879670121
      vertex 40.47820725201806 -57.005325038213535 62.73404856397481
      vertex 40.47820725201806 -56.97626258287074 62.6255860040428
    endloop
  endfacet
  facet normal 6.438457784505908e-14 0.9659258262890662 0.25881904510252823
    outer loop
      vertex 40.418514934064234 -56.966069395884226 62.587544512318075
      vertex 40.3856406460551 -57.00458213494299 62.73127601122404
      vertex 40.42750473279487 -57.0015684528945 62.72002879670121
    endloop
  endfacet
  facet normal 5.867270007056082e-14 0.9659258262890666 0.25881904510252707
    outer loop
      vertex 40.418514934064234 -56.966069395884226 62.587544512318075
      vertex 40.3856406460551 -56.9467960444504 62.51561538553492
      vertex 40.3856406460551 -57.00458213494299 62.73127601122404
    endloop
  endfacet
  facet normal 2.6523078174308395e-14 0.9659258262890668 0.25881904510252707
    outer loop
      vertex 40.32301548441549 -57.003070156350866 62.72563323029827
      vertex 40.3856406460551 -57.00458213494299 62.73127601122404
      vertex 40.3856406460551 -56.9467960444504 62.51561538553492
    endloop
  endfacet
  facet normal -6.040247558908352e-14 0.9659258262890641 0.2588190451025361
    outer loop
      vertex 40.418514934064234 -56.966069395884226 62.587544512318075
      vertex 40.42750473279487 -57.0015684528945 62.72002879670121
      vertex 40.47820725201806 -56.97626258287074 62.6255860040428
    endloop
  endfacet
  facet normal 1.8702750832393154e-13 0.965925826289072 0.2588190451025069
    outer loop
      vertex 40.586311778198095 -56.98925786922226 62.67408507296556
      vertex 40.551571526369145 -56.96017954880269 62.565563303760996
      vertex 40.56922557218884 -57.02989211943892 62.82573415930163
    endloop
  endfacet
  facet normal 4.818046335444094e-15 0.9659258262890723 0.25881904510250564
    outer loop
      vertex 40.500405812888545 -56.97249493777784 62.611524961131195
      vertex 40.47820725201806 -57.005325038213535 62.73404856397481
      vertex 40.51394053441627 -57.0259410565984 62.8109885920369
    endloop
  endfacet
  facet normal -1.3926049724596712e-13 0.9659258262890698 0.25881904510251474
    outer loop
      vertex 40.51394053441627 -57.0259410565984 62.8109885920369
      vertex 40.54548132206251 -56.95968833055754 62.563730052312486
      vertex 40.500405812888545 -56.97249493777784 62.611524961131195
    endloop
  endfacet
  facet normal 1.0620155244415358e-13 0.9659258262890706 0.258819045102512
    outer loop
      vertex 40.551571526369145 -56.96017954880269 62.565563303760996
      vertex 40.54548132206251 -56.95968833055754 62.563730052312486
      vertex 40.56922557218884 -57.02989211943892 62.82573415930163
    endloop
  endfacet
  facet normal 2.0936802527740637e-13 0.965925826289063 0.2588190451025402
    outer loop
      vertex 40.500405812888545 -56.97249493777784 62.611524961131195
      vertex 40.47820725201806 -56.97626258287074 62.6255860040428
      vertex 40.47820725201806 -57.005325038213535 62.73404856397481
    endloop
  endfacet
  facet normal -1.5039196834083267e-13 0.9659258262890702 0.25881904510251347
    outer loop
      vertex 40.51394053441627 -57.0259410565984 62.8109885920369
      vertex 40.54548132206251 -57.04087599259732 62.86672653199269
      vertex 40.54548132206251 -56.95968833055754 62.563730052312486
    endloop
  endfacet
  facet normal 8.937712511048041e-14 0.9659258262890702 0.2588190451025134
    outer loop
      vertex 40.56922557218884 -57.02989211943892 62.82573415930163
      vertex 40.54548132206251 -56.95968833055754 62.563730052312486
      vertex 40.54548132206251 -57.04087599259732 62.86672653199269
    endloop
  endfacet
  facet normal 6.626807989307043e-14 0.9659258262890608 0.2588190451025486
    outer loop
      vertex 39.73051371481046 -57.28971207706795 63.7953954419936
      vertex 39.77219237522208 -57.33870503919412 63.97823966586171
      vertex 39.800638226798135 -57.27379534080874 63.735993373583526
    endloop
  endfacet
  facet normal 5.198387348868419e-14 0.9659258262890649 0.25881904510253356
    outer loop
      vertex 39.800638226798135 -57.27379534080874 63.735993373583526
      vertex 39.88353639905762 -57.32067631037379 63.910955533908364
      vertex 39.885097640036776 -57.279493791455565 63.757260280921884
    endloop
  endfacet
  facet normal 1.5057463543879117e-15 0.9659258262890597 0.25881904510255305
    outer loop
      vertex 40.00699532596692 -57.32433106864022 63.92459527744805
      vertex 40.07845941368911 -57.28123791001709 63.763769420007925
      vertex 39.965151284710565 -57.29740810410549 63.82411740591409
    endloop
  endfacet
  facet normal 7.483997537004248e-15 0.9659258262890649 0.25881904510253306
    outer loop
      vertex 39.88353639905762 -57.32067631037379 63.910955533908364
      vertex 39.91312862619051 -57.308606547924995 63.86591056721417
      vertex 39.885097640036776 -57.279493791455565 63.757260280921884
    endloop
  endfacet
  facet normal 5.820841008641892e-14 0.9659258262890682 0.25881904510252085
    outer loop
      vertex 39.940857318441694 -57.29661127083905 63.821143583678555
      vertex 39.885097640036776 -57.279493791455565 63.757260280921884
      vertex 39.91312862619051 -57.308606547924995 63.86591056721417
    endloop
  endfacet
  facet normal 9.448027936007514e-14 0.9659258262890612 0.2588190451025473
    outer loop
      vertex 40.131370849898474 -57.33613045533983 63.96863118810914
      vertex 40.131370849898474 -57.27326627891411 63.73401888771241
      vertex 40.10287225568305 -57.27222435270085 63.73013036614682
    endloop
  endfacet
  facet normal -8.98249500837272e-13 0.9659258262890315 0.25881904510265796
    outer loop
      vertex 40.131370849898474 -57.33613045533983 63.96863118810914
      vertex 40.10287225568305 -57.27222435270085 63.73013036614682
      vertex 40.10038316644949 -57.28697050319164 63.78516374899445
    endloop
  endfacet
  facet normal 2.5039436737070496e-13 0.96592582628908 0.2588190451024769
    outer loop
      vertex 40.131370849898474 -57.33613045533983 63.96863118810914
      vertex 40.10038316644949 -57.28697050319164 63.78516374899445
      vertex 40.07845941368911 -57.28123791001709 63.763769420007925
    endloop
  endfacet
  facet normal -9.649852444190601e-14 0.965925826289064 0.2588190451025371
    outer loop
      vertex 38.59977406930079 -56.74169904645074 61.75018296852033
      vertex 38.66191562667255 -56.716745704650535 61.657055829103356
      vertex 38.59592682782736 -56.71443664733169 61.64843830987181
    endloop
  endfacet
  facet normal 8.652133548959823e-14 0.9659258262890561 0.2588190451025659
    outer loop
      vertex 38.645256799113795 -56.747189937928205 61.770675254493085
      vertex 38.68941714587697 -56.743310132312274 61.75619562281093
      vertex 38.66191562667255 -56.716745704650535 61.657055829103356
    endloop
  endfacet
  facet normal -8.858483578730057e-14 0.9659258262890625 0.25881904510254194
    outer loop
      vertex 38.645256799113795 -56.747189937928205 61.770675254493085
      vertex 38.66191562667255 -56.716745704650535 61.657055829103356
      vertex 38.59977406930079 -56.74169904645074 61.75018296852033
    endloop
  endfacet
  facet normal 1.4305232252931214e-13 0.9659258262890602 0.2588190451025513
    outer loop
      vertex 38.71611531155098 -56.72678017865112 61.69450499590073
      vertex 38.66191562667255 -56.716745704650535 61.657055829103356
      vertex 38.68941714587697 -56.743310132312274 61.75619562281093
    endloop
  endfacet
  facet normal 5.4290203764500826e-14 0.965925826289045 0.2588190451026078
    outer loop
      vertex 38.81213204863411 -56.73699248577155 61.7326178449367
      vertex 38.84336856933594 -56.73538435756119 61.72661622875053
      vertex 38.83994262668326 -56.728649208420904 61.70148030996245
    endloop
  endfacet
  facet normal -1.201113155770798e-13 0.965925826289084 0.2588190451024624
    outer loop
      vertex 38.81213204863411 -56.73699248577155 61.7326178449367
      vertex 38.83994262668326 -56.728649208420904 61.70148030996245
      vertex 38.80329636147975 -56.73267489100829 61.71650436191369
    endloop
  endfacet
  facet normal 3.794358181081356e-14 0.9659258262890711 0.2588190451025102
    outer loop
      vertex 38.58588952783597 -56.64331013231227 61.382990542054046
      vertex 38.620217979515445 -56.700355806382795 61.595887896037254
      vertex 38.65078270095498 -56.70599212417777 61.616922920415696
    endloop
  endfacet
  facet normal 6.783838141826806e-14 0.9659258262890723 0.2588190451025057
    outer loop
      vertex 38.58588952783597 -56.64331013231227 61.382990542054046
      vertex 38.5936021149863 -56.697963220917394 61.58695864551893
      vertex 38.620217979515445 -56.700355806382795 61.595887896037254
    endloop
  endfacet
  facet normal 6.4502196035501e-14 0.965925826289073 0.2588190451025032
    outer loop
      vertex 38.58588952783597 -56.64331013231227 61.382990542054046
      vertex 38.65078270095498 -56.70599212417777 61.616922920415696
      vertex 38.71534182213056 -56.70656752680516 61.61907035225591
    endloop
  endfacet
  facet normal -2.1149744270541336e-14 0.9659258262890646 0.25881904510253434
    outer loop
      vertex 38.791158092447915 -56.63274243264416 61.34355134997352
      vertex 38.71534182213056 -56.70656752680516 61.61907035225591
      vertex 38.83154376429296 -56.71213766793637 61.63985840196292
    endloop
  endfacet
  facet normal -4.567133340398557e-15 0.9659258262890635 0.2588190451025386
    outer loop
      vertex 38.791158092447915 -56.63274243264416 61.34355134997352
      vertex 38.58588952783597 -56.64331013231227 61.382990542054046
      vertex 38.71534182213056 -56.70656752680516 61.61907035225591
    endloop
  endfacet
  facet normal 3.496051234445715e-14 0.9659258262890675 0.25881904510252385
    outer loop
      vertex 39 -56.629199660148245 61.33032954301908
      vertex 38.83154376429296 -56.71213766793637 61.63985840196292
      vertex 38.920529264545635 -56.71894728629569 61.66527224366004
    endloop
  endfacet
  facet normal -7.969995032505397e-14 0.9659258262890743 0.2588190451024984
    outer loop
      vertex 39 -56.629199660148245 61.33032954301908
      vertex 38.920529264545635 -56.71894728629569 61.66527224366004
      vertex 39 -56.72447060497014 61.68588554957953
    endloop
  endfacet
  facet normal -1.4705365298667747e-13 0.9659258262890829 0.2588190451024661
    outer loop
      vertex 39.208841907552085 -56.632742432644164 61.34355134997352
      vertex 39.08953276114034 -56.73031049961424 61.70768033310214
      vertex 39.12340738289855 -56.73321478061449 61.718519257354544
    endloop
  endfacet
  facet normal 4.168782313833092e-14 0.9659258262890743 0.2588190451024985
    outer loop
      vertex 39 -56.629199660148245 61.33032954301908
      vertex 39 -56.72447060497014 61.68588554957953
      vertex 39.08953276114034 -56.73031049961424 61.70768033310214
    endloop
  endfacet
  facet normal -6.287098287334577e-15 0.9659258262890714 0.25881904510250897
    outer loop
      vertex 39 -56.629199660148245 61.33032954301908
      vertex 39.08953276114034 -56.73031049961424 61.70768033310214
      vertex 39.208841907552085 -56.632742432644164 61.34355134997352
    endloop
  endfacet
  facet normal -4.1757436683051015e-14 0.9659258262890718 0.2588190451025074
    outer loop
      vertex 39.208841907552085 -56.632742432644164 61.34355134997352
      vertex 39.13544457047762 -56.735024945858704 61.725274886016024
      vertex 39.15663143066406 -56.73538435756119 61.72661622875053
    endloop
  endfacet
  facet normal 5.345404754955152e-13 0.9659258262890441 0.25881904510261095
    outer loop
      vertex 39.208841907552085 -56.632742432644164 61.34355134997352
      vertex 39.12340738289855 -56.73321478061449 61.718519257354544
      vertex 39.13544457047762 -56.735024945858704 61.725274886016024
    endloop
  endfacet
  facet normal 3.6548140092018976e-15 0.9659258262890662 0.25881904510252846
    outer loop
      vertex 39.41411047216403 -56.64331013231227 61.382990542054046
      vertex 39.15663143066406 -56.73538435756119 61.72661622875053
      vertex 39.31058285412303 -56.743310132312274 61.75619562281093
    endloop
  endfacet
  facet normal -6.69247296432754e-14 0.965925826289071 0.2588190451025102
    outer loop
      vertex 39.31058285412303 -56.743310132312274 61.75619562281093
      vertex 39.354743200886205 -56.747189937928205 61.770675254493085
      vertex 39.41411047216403 -56.64331013231227 61.382990542054046
    endloop
  endfacet
  facet normal 8.36460400781238e-14 0.9659258262890654 0.2588190451025318
    outer loop
      vertex 39.354743200886205 -56.747189937928205 61.770675254493085
      vertex 39.40022593069921 -56.74169904645074 61.75018296852033
      vertex 39.41411047216403 -56.64331013231227 61.382990542054046
    endloop
  endfacet
  facet normal 2.5733915668574706e-14 0.9659258262890659 0.25881904510252973
    outer loop
      vertex 39.41411047216403 -56.64331013231227 61.382990542054046
      vertex 39.40022593069921 -56.74169904645074 61.75018296852033
      vertex 39.4699797904457 -56.73998600107332 61.74378979613611
    endloop
  endfacet
  facet normal -2.2956800495299944e-14 0.9659258262890712 0.2588190451025099
    outer loop
      vertex 39.208841907552085 -56.632742432644164 61.34355134997352
      vertex 39.15663143066406 -56.73538435756119 61.72661622875053
      vertex 39.41411047216403 -56.64331013231227 61.382990542054046
    endloop
  endfacet
  facet normal -4.1994137987069105e-14 0.9659258262890714 0.2588190451025091
    outer loop
      vertex 39.4699797904457 -56.73998600107332 61.74378979613611
      vertex 39.562266072826574 -56.737342440180676 61.73392389257188
      vertex 39.61229349178414 -56.66072194288134 61.44797230374955
    endloop
  endfacet
  facet normal 9.2947316770978e-15 0.9659258262890652 0.25881904510253206
    outer loop
      vertex 39.41411047216403 -56.64331013231227 61.382990542054046
      vertex 39.4699797904457 -56.73998600107332 61.74378979613611
      vertex 39.61229349178414 -56.66072194288134 61.44797230374955
    endloop
  endfacet
  facet normal 6.239450052888109e-14 0.9659258262890669 0.25881904510252607
    outer loop
      vertex 39.61229349178414 -56.66072194288134 61.44797230374955
      vertex 39.562266072826574 -56.737342440180676 61.73392389257188
      vertex 39.617229895237216 -56.73342281100928 61.71929563735738
    endloop
  endfacet
  facet normal -9.448054649794912e-14 0.9659258262890661 0.2588190451025287
    outer loop
      vertex 39.64642811810373 -56.719893435400415 61.668803320190435
      vertex 39.61229349178414 -56.66072194288134 61.44797230374955
      vertex 39.617229895237216 -56.73342281100928 61.71929563735738
    endloop
  endfacet
  facet normal 3.848777732870967e-12 0.9659258262891048 0.2588190451023844
    outer loop
      vertex 39.99351819002096 -56.850543576411276 62.156396284459014
      vertex 39.99675815200399 -56.86131425496133 62.19659300403978
      vertex 39.99307166014775 -56.8375577954046 62.10793268996611
    endloop
  endfacet
  facet normal -2.3191066040730595e-13 0.9659258262890624 0.2588190451025427
    outer loop
      vertex 40.008072321097686 -56.849247307637924 62.15155854353659
      vertex 39.99307166014775 -56.8375577954046 62.10793268996611
      vertex 39.99675815200399 -56.86131425496133 62.19659300403978
    endloop
  endfacet
  facet normal -6.587163411932634e-15 0.9659258262890613 0.2588190451025468
    outer loop
      vertex 39.76611172766494 -56.761742780498544 61.82498720236013
      vertex 39.80549331200343 -56.766798256424835 61.843854495373485
      vertex 39.803128483135346 -56.731446949779375 61.711921622858696
    endloop
  endfacet
  facet normal 3.0671666034071035e-14 0.9659258262890632 0.25881904510253945
    outer loop
      vertex 39.95978864874352 -56.747058057627996 61.77018307051217
      vertex 39.8229045747773 -56.74371659936793 61.757712578514244
      vertex 39.831093951319524 -56.76482475832075 61.8364893001804
    endloop
  endfacet
  facet normal -5.979868350315899e-14 0.965925826289061 0.2588190451025483
    outer loop
      vertex 39.8229045747773 -56.74371659936793 61.757712578514244
      vertex 39.80549331200343 -56.766798256424835 61.843854495373485
      vertex 39.831093951319524 -56.76482475832075 61.8364893001804
    endloop
  endfacet
  facet normal -6.247969655881473e-14 0.9659258262890611 0.2588190451025477
    outer loop
      vertex 39.8229045747773 -56.74371659936793 61.757712578514244
      vertex 39.803128483135346 -56.731446949779375 61.711921622858696
      vertex 39.80549331200343 -56.766798256424835 61.843854495373485
    endloop
  endfacet
  facet normal 3.633087922021692e-14 0.9659258262890691 0.2588190451025182
    outer loop
      vertex 40.293129175220045 -56.88505463389656 62.28519330441702
      vertex 40.3856406460551 -56.9467960444504 62.51561538553492
      vertex 40.3856406460551 -56.85535768090835 62.17436276703502
    endloop
  endfacet
  facet normal -6.054673626884756e-14 0.965925826289069 0.25881904510251813
    outer loop
      vertex 40.40060312919962 -56.895338982323516 62.32357501526916
      vertex 40.3856406460551 -56.85535768090835 62.17436276703502
      vertex 40.3856406460551 -56.9467960444504 62.51561538553492
    endloop
  endfacet
  facet normal -3.2671731193032402e-15 0.9659258262890686 0.2588190451025196
    outer loop
      vertex 40.108655439013546 -56.924455219662725 62.43223829234432
      vertex 40.131370849898474 -56.924238583888425 62.431429796627896
      vertex 40.131370849898474 -56.90076055415102 62.34380859678629
    endloop
  endfacet
  facet normal -4.1080869544231335e-14 0.9659258262890688 0.2588190451025195
    outer loop
      vertex 40.16850949425155 -56.8971434655763 62.33030943844996
      vertex 40.131370849898474 -56.90076055415102 62.34380859678629
      vertex 40.131370849898474 -56.924238583888425 62.431429796627896
    endloop
  endfacet
  facet normal 2.399424661582457e-14 0.9659258262890681 0.25881904510252157
    outer loop
      vertex 40.16850949425155 -56.8971434655763 62.33030943844996
      vertex 40.17681820480075 -56.92995303098543 62.45275640353109
      vertex 40.269365344465974 -56.89439184296512 62.320040243061776
    endloop
  endfacet
  facet normal -6.666763703205655e-14 0.9659258262890587 0.25881904510255677
    outer loop
      vertex 40.269365344465974 -56.89439184296512 62.320040243061776
      vertex 40.3856406460551 -56.9467960444504 62.51561538553492
      vertex 40.293129175220045 -56.88505463389656 62.28519330441702
    endloop
  endfacet
  facet normal -4.900434755678157e-15 0.9659258262890584 0.25881904510255715
    outer loop
      vertex -95.38564064605511 -79.91590018919597 148.23747905806627
      vertex -95.26936534446598 -79.92527861834633 148.2724798321506
      vertex -95.26936534446598 -79.8789859439521 148.09971321929314
    endloop
  endfacet
  facet normal 2.7661867810469775e-14 0.9659258262890607 0.2588190451025491
    outer loop
      vertex -95.26936534446598 -79.92527861834633 148.2724798321506
      vertex -95.26936534446598 -79.95426877480249 148.38067256896434
      vertex -95.17026670502199 -79.95861386685684 148.39688867327473
    endloop
  endfacet
  facet normal 5.796222788103754e-14 0.9659258262890668 0.2588190451025266
    outer loop
      vertex -95.26936534446598 -79.92527861834633 148.2724798321506
      vertex -95.17026670502199 -79.95861386685684 148.39688867327473
      vertex -95.18890771515447 -79.88500395619597 148.1221727467478
    endloop
  endfacet
  facet normal -3.89435086777489e-14 0.9659258262890608 0.25881904510254894
    outer loop
      vertex -95.15911099154688 -79.89977085906344 148.17728357851962
      vertex -95.17026670502199 -79.95861386685684 148.39688867327473
      vertex -95.13137084989847 -79.94050644480161 148.32931085417056
    endloop
  endfacet
  facet normal -1.8574207088233117e-13 0.9659258262890625 0.258819045102542
    outer loop
      vertex -95.15911099154688 -79.89977085906344 148.17728357851962
      vertex -95.18890771515447 -79.88500395619597 148.1221727467478
      vertex -95.17026670502199 -79.95861386685684 148.39688867327473
    endloop
  endfacet
  facet normal -4.0735763207602585e-14 0.9659258262890607 0.2588190451025493
    outer loop
      vertex -95.10865543901355 -79.93824101398364 148.32085615125686
      vertex -95.15911099154688 -79.89977085906344 148.17728357851962
      vertex -95.13137084989847 -79.94050644480161 148.32931085417056
    endloop
  endfacet
  facet normal -1.320118670493612e-12 0.9659258262890089 0.25881904510274273
    outer loop
      vertex -95.11631384740744 -79.5603300524091 146.91047324192346
      vertex -95.09081003505447 -79.5909128831847 147.0246099202173
      vertex -95.11535644516671 -79.55197159386522 146.87927904996477
    endloop
  endfacet
  facet normal 8.034664425641012e-13 0.9659258262890985 0.25881904510240805
    outer loop
      vertex -95.09825417907402 -79.56092240296849 146.91268392430698
      vertex -95.11535644516671 -79.55197159386522 146.87927904996477
      vertex -95.09081003505447 -79.5909128831847 147.0246099202173
    endloop
  endfacet
  facet normal -3.510064346583215e-14 0.9659258262890636 0.25881904510253817
    outer loop
      vertex -95.20734142213122 -79.54898671181036 146.8681393184814
      vertex -95.13137084989847 -79.58942995473225 147.01907555588878
      vertex -95.13137084989847 -79.5514518830292 146.8773394627195
    endloop
  endfacet
  facet normal 1.260309494421509e-12 0.965925826289077 0.2588190451024887
    outer loop
      vertex -95.11913919511242 -79.56023738203096 146.9101273913639
      vertex -95.12608725499334 -79.54742972002273 146.86232854602304
      vertex -95.11530232227645 -79.59001743003056 147.0212680435502
    endloop
  endfacet
  facet normal 3.7858261277224706e-13 0.965925826289062 0.2588190451025445
    outer loop
      vertex -95.12608725499334 -79.54742972002273 146.86232854602304
      vertex -95.13137084989847 -79.5514518830292 146.8773394627195
      vertex -95.11530232227645 -79.59001743003056 147.0212680435502
    endloop
  endfacet
  facet normal -1.7702974281530762e-13 0.9659258262890732 0.2588190451025025
    outer loop
      vertex -94.96515128471057 -79.56528812954087 146.9289770376871
      vertex -94.93406803346285 -79.58148832543594 146.9894369918601
      vertex -94.94660987080046 -79.55303371362594 146.88324293487548
    endloop
  endfacet
  facet normal 3.3898504206971135e-13 0.9659258262890885 0.25881904510244563
    outer loop
      vertex -94.88509764003678 -79.58320244219081 146.9958341626793
      vertex -94.94660987080046 -79.55303371362594 146.88324293487548
      vertex -94.93406803346285 -79.58148832543594 146.9894369918601
    endloop
  endfacet
  facet normal -7.498334253496508e-14 0.96592582628909 0.25881904510244014
    outer loop
      vertex -94.73051371481047 -79.5729841565784 146.95769900160758
      vertex -94.76269111693993 -79.54559730973492 146.85548989772855
      vertex -94.82458318211098 -79.59433587595052 147.03738470313328
    endloop
  endfacet
  facet normal 3.566360284239595e-13 0.9659258262890908 0.2588190451024366
    outer loop
      vertex -94.92595907636526 -79.54076408350097 146.837452051859
      vertex -94.94660987080046 -79.55303371362594 146.88324293487548
      vertex -94.88509764003678 -79.58320244219081 146.9958341626793
    endloop
  endfacet
  facet normal 1.94680474078276e-15 0.965925826289068 0.258819045102522
    outer loop
      vertex -94.76269111693993 -79.54559730973492 146.85548989772855
      vertex -94.92595907636526 -79.54076408350097 146.837452051859
      vertex -94.88509764003678 -79.58320244219081 146.9958341626793
    endloop
  endfacet
  facet normal 4.447879170096849e-14 0.9659258262890689 0.25881904510251863
    outer loop
      vertex -95.38564064605511 -79.61233086525208 147.10454291748835
      vertex -95.45240496862958 -79.76280134231307 147.6661063829191
      vertex -95.38564064605511 -79.8070662719125 147.83130534917765
    endloop
  endfacet
  facet normal -8.351688893423782e-14 0.9659258262890688 0.2588190451025187
    outer loop
      vertex -95.38564064605511 -79.61233086525208 147.10454291748835
      vertex -95.38564064605511 -79.8070662719125 147.83130534917765
      vertex -95.3458876607196 -79.76930807186554 147.69038982820004
    endloop
  endfacet
  facet normal 4.702838478155193e-14 0.9659258262890734 0.2588190451025016
    outer loop
      vertex -95.24225912278258 -79.67432908819107 147.33592343547565
      vertex -95.22683793933332 -79.73522449718006 147.56318819577024
      vertex -95.13137084989847 -79.7178506972806 147.4983482918249
    endloop
  endfacet
  facet normal -1.3013126840189386e-13 0.9659258262890704 0.2588190451025129
    outer loop
      vertex -95.24225912278258 -79.67432908819107 147.33592343547565
      vertex -95.26936534446598 -79.73285292303895 147.55433736058168
      vertex -95.22683793933332 -79.73522449718006 147.56318819577024
    endloop
  endfacet
  facet normal -6.11044173598605e-14 0.9659258262890595 0.2588190451025535
    outer loop
      vertex -95.42281201930234 -79.87965844075838 148.10222301154207
      vertex -95.38564064605511 -79.91590018919597 148.23747905806627
      vertex -95.38564064605511 -79.86420894729447 148.0445647169836
    endloop
  endfacet
  facet normal -5.765229608147573e-14 0.9659258262890594 0.2588190451025535
    outer loop
      vertex -95.31904970060195 -79.87528622608255 148.0859056842303
      vertex -95.38564064605511 -79.86420894729447 148.0445647169836
      vertex -95.38564064605511 -79.91590018919597 148.23747905806627
    endloop
  endfacet
  facet normal 4.271929893709017e-14 0.9659258262890486 0.2588190451025947
    outer loop
      vertex -95.31904970060195 -79.87528622608255 148.0859056842303
      vertex -95.38564064605511 -79.91590018919597 148.23747905806627
      vertex -95.26936534446598 -79.8789859439521 148.09971321929314
    endloop
  endfacet
  facet normal 1.192183960963825e-13 0.9659258262890585 0.2588190451025572
    outer loop
      vertex -95.26936534446598 -79.92527861834633 148.2724798321506
      vertex -95.18890771515447 -79.88500395619597 148.1221727467478
      vertex -95.26936534446598 -79.8789859439521 148.09971321929314
    endloop
  endfacet
  facet normal 1.4000950741219916e-15 0.9659258262890662 0.2588190451025284
    outer loop
      vertex -95.38564064605511 -79.61233086525208 147.10454291748835
      vertex -95.47820725201805 -79.66091288446803 147.28585348153658
      vertex -95.4627197013149 -79.72207036550118 147.5140963080152
    endloop
  endfacet
  facet normal 4.5021778048644996e-14 0.9659258262890698 0.25881904510251547
    outer loop
      vertex -95.50396804352444 -79.68055436276644 147.359156476482
      vertex -95.47820725201805 -79.7212066900749 147.51087302744307
      vertex -95.47820725201805 -79.66091288446803 147.28585348153658
    endloop
  endfacet
  facet normal -2.2325788603705507e-13 0.9659258262890767 0.25881904510248904
    outer loop
      vertex -95.38564064605511 -79.61233086525208 147.10454291748835
      vertex -95.4627197013149 -79.72207036550118 147.5140963080152
      vertex -95.45240496862958 -79.76280134231307 147.6661063829191
    endloop
  endfacet
  facet normal 2.065142460435682e-13 0.9659258262890698 0.2588190451025154
    outer loop
      vertex -95.4627197013149 -79.72207036550118 147.5140963080152
      vertex -95.47820725201805 -79.66091288446803 147.28585348153658
      vertex -95.47820725201805 -79.7212066900749 147.51087302744307
    endloop
  endfacet
  facet normal 2.242471980285758e-14 0.9659258262890678 0.25881904510252274
    outer loop
      vertex -95.18930974455145 -79.65726358602589 147.27223411433852
      vertex -95.13137084989847 -79.7178506972806 147.4983482918249
      vertex -95.13137084989847 -79.62299321259405 147.14433533949654
    endloop
  endfacet
  facet normal 6.677301834771916e-14 0.965925826289069 0.25881904510251796
    outer loop
      vertex -95.10865543901355 -79.70053118868455 147.43371100578233
      vertex -95.06419718302016 -79.6771980241539 147.34663045025255
      vertex -95.13137084989847 -79.62299321259405 147.14433533949654
    endloop
  endfacet
  facet normal -7.140932658206301e-13 0.9659258262890399 0.2588190451026272
    outer loop
      vertex -95.06419718302016 -79.6771980241539 147.34663045025255
      vertex -95.10822723419724 -79.59027609962229 147.02223341160894
      vertex -95.11530232227645 -79.59001743003056 147.0212680435502
    endloop
  endfacet
  facet normal -3.6798499786005914e-13 0.9659258262890423 0.25881904510261766
    outer loop
      vertex -95.08757212982101 -79.62478134218904 147.1510087299955
      vertex -95.04484130890702 -79.66383928897568 147.29677497184258
      vertex -95.09081003505447 -79.5909128831847 147.0246099202173
    endloop
  endfacet
  facet normal -1.2019371171750528e-13 0.9659258262890528 0.2588190451025787
    outer loop
      vertex -95.04484130890702 -79.66383928897568 147.29677497184258
      vertex -95.05158900990534 -79.60933480862403 147.09336148193012
      vertex -95.09081003505447 -79.5909128831847 147.0246099202173
    endloop
  endfacet
  facet normal 1.985427321083987e-12 0.9659258262891314 0.25881904510228554
    outer loop
      vertex -95.08757212982101 -79.62478134218904 147.1510087299955
      vertex -95.10822723419724 -79.59027609962229 147.02223341160894
      vertex -95.06419718302016 -79.6771980241539 147.34663045025255
    endloop
  endfacet
  facet normal 9.922051235555857e-14 0.9659258262890718 0.258819045102508
    outer loop
      vertex -95.06419718302016 -79.6771980241539 147.34663045025255
      vertex -95.11530232227645 -79.59001743003056 147.0212680435502
      vertex -95.13137084989847 -79.62299321259405 147.14433533949654
    endloop
  endfacet
  facet normal -1.1183776282787317e-13 0.9659258262890528 0.25881904510257847
    outer loop
      vertex -95.04484130890702 -79.66383928897568 147.29677497184258
      vertex -94.95202400834948 -79.63031523923254 147.1716615149258
      vertex -95.05158900990534 -79.60933480862403 147.09336148193012
    endloop
  endfacet
  facet normal -8.055672485793981e-14 0.9659258262890612 0.25881904510254705
    outer loop
      vertex -95.36660582581389 -79.68749585939372 147.38506249457555
      vertex -95.26936534446598 -79.73285292303895 147.55433736058168
      vertex -95.26936534446598 -79.67301478324632 147.3310183826452
    endloop
  endfacet
  facet normal 1.652287216633417e-13 0.9659258262890612 0.25881904510254705
    outer loop
      vertex -95.24225912278258 -79.67432908819107 147.33592343547565
      vertex -95.26936534446598 -79.67301478324632 147.3310183826452
      vertex -95.26936534446598 -79.73285292303895 147.55433736058168
    endloop
  endfacet
  facet normal 8.825951160824027e-15 0.9659258262890671 0.258819045102526
    outer loop
      vertex -95.18930974455145 -79.65726358602589 147.27223411433852
      vertex -95.24225912278258 -79.67432908819107 147.33592343547565
      vertex -95.13137084989847 -79.7178506972806 147.4983482918249
    endloop
  endfacet
  facet normal 2.6046195626571093e-15 0.9659258262890679 0.2588190451025227
    outer loop
      vertex -95.10865543901355 -79.70053118868455 147.43371100578233
      vertex -95.13137084989847 -79.62299321259405 147.14433533949654
      vertex -95.13137084989847 -79.7178506972806 147.4983482918249
    endloop
  endfacet
  facet normal 4.38919441035247e-13 0.9659258262890635 0.2588190451025381
    outer loop
      vertex -95.11530232227645 -79.59001743003056 147.0212680435502
      vertex -95.13137084989847 -79.5514518830292 146.8773394627195
      vertex -95.13137084989847 -79.58942995473225 147.01907555588878
    endloop
  endfacet
  facet normal -1.1383488186297246e-13 0.9659258262890932 0.25881904510242776
    outer loop
      vertex -94.82458318211098 -79.59433587595052 147.03738470313328
      vertex -94.76269111693993 -79.54559730973492 146.85548989772855
      vertex -94.88509764003678 -79.58320244219081 146.9958341626793
    endloop
  endfacet
  facet normal -2.4423349931117056e-13 0.9659258262890689 0.2588190451025186
    outer loop
      vertex -94.8 -80.17801629020131 149.21570966450008
      vertex -94.77865435133303 -80.12947571460751 149.03455377015538
      vertex -94.81773366540769 -80.1323076790132 149.0451228052026
    endloop
  endfacet
  facet normal 6.646969741522367e-14 0.9659258262890597 0.2588190451025527
    outer loop
      vertex -94.8 -80.17801629020131 149.21570966450008
      vertex -94.6527708312913 -80.13180786886207 149.04325748832446
      vertex -94.77865435133303 -80.12947571460751 149.03455377015538
    endloop
  endfacet
  facet normal -1.7313509631314431e-13 0.9659258262890631 0.2588190451025403
    outer loop
      vertex -94.9453684638655 -80.08292201554785 148.8608129999845
      vertex -94.98834095545303 -80.14467109388366 149.09126369765423
      vertex -94.97206552957682 -80.14349166103382 149.08686199433453
    endloop
  endfacet
  facet normal 4.905908618063782e-13 0.9659258262890592 0.25881904510255443
    outer loop
      vertex -94.98958594478114 -80.08644821625253 148.87397296017204
      vertex -94.98834095545303 -80.14467109388366 149.09126369765423
      vertex -94.9836313880457 -80.08597335966365 148.87220077125602
    endloop
  endfacet
  facet normal -2.6199020693830512e-14 0.9659258262890585 0.25881904510255727
    outer loop
      vertex -94.98958594478114 -80.08644821625253 148.87397296017204
      vertex -95.07707330926976 -80.12453078298054 149.01609903408357
      vertex -94.98834095545303 -80.14467109388366 149.09126369765423
    endloop
  endfacet
  facet normal 1.1518509641294827e-12 0.9659258262890557 0.25881904510256776
    outer loop
      vertex -94.9836313880457 -80.08597335966365 148.87220077125602
      vertex -94.98834095545303 -80.14467109388366 149.09126369765423
      vertex -94.98143312867506 -80.09629569730994 148.91072425980482
    endloop
  endfacet
  facet normal -1.5931214040196058e-13 0.9659258262890623 0.2588190451025427
    outer loop
      vertex -94.97787400200956 -80.08551422679861 148.87048726407625
      vertex -94.98834095545303 -80.14467109388366 149.09126369765423
      vertex -94.9453684638655 -80.08292201554785 148.8608129999845
    endloop
  endfacet
  facet normal -2.721171046730044e-12 0.9659258262890927 0.2588190451024294
    outer loop
      vertex -94.98143312867506 -80.09629569730994 148.91072425980482
      vertex -94.98834095545303 -80.14467109388366 149.09126369765423
      vertex -94.97787400200956 -80.08551422679861 148.87048726407625
    endloop
  endfacet
  facet normal 1.3740929788890863e-14 0.9659258262890575 0.258819045102561
    outer loop
      vertex -94.82807548414692 -80.10565158954367 148.94564092497126
      vertex -94.9453684638655 -80.08292201554785 148.8608129999845
      vertex -94.97206552957682 -80.14349166103382 149.08686199433453
    endloop
  endfacet
  facet normal 4.229346489731037e-14 0.9659258262890763 0.25881904510249076
    outer loop
      vertex -94.8 -80.17801629020131 149.21570966450008
      vertex -94.81773366540769 -80.1323076790132 149.0451228052026
      vertex -94.97401828641395 -80.14792202767501 149.1033963477356
    endloop
  endfacet
  facet normal -2.4366469857235273e-13 0.9659258262890776 0.2588190451024861
    outer loop
      vertex -94.20272663908129 -80.12640461838727 149.02309228302647
      vertex -94.22831678824627 -80.17671295352932 149.2108455458208
      vertex -94.15714651994308 -80.12832450340164 149.03025739144485
    endloop
  endfacet
  facet normal -7.922856435072776e-14 0.9659258262890322 0.258819045102655
    outer loop
      vertex -93.68941714587697 -80.1193861013341 148.99689882079025
      vertex -93.5978202710574 -80.13484223120383 149.05458188275247
      vertex -93.60109645235062 -80.11162649010222 148.96793955742595
    endloop
  endfacet
  facet normal -4.0847057306929317e-14 0.9659258262890326 0.25881904510265363
    outer loop
      vertex -93.49858621201149 -80.1326917233541 149.0465560781952
      vertex -93.60109645235062 -80.11162649010222 148.96793955742595
      vertex -93.5978202710574 -80.13484223120383 149.05458188275247
    endloop
  endfacet
  facet normal 5.0193518369562e-14 0.9659258262890632 0.2588190451025398
    outer loop
      vertex -94.8 -80.17801629020131 149.21570966450008
      vertex -94.61229349178414 -80.20197429076504 149.30512213985162
      vertex -94.6527708312913 -80.13180786886207 149.04325748832446
    endloop
  endfacet
  facet normal -2.2838179843434083e-13 0.9659258262890525 0.25881904510257997
    outer loop
      vertex -94.6527708312913 -80.13180786886207 149.04325748832446
      vertex -94.61229349178414 -80.20197429076504 149.30512213985162
      vertex -94.61800663154182 -80.11783404087103 148.99110645228572
    endloop
  endfacet
  facet normal 2.582288065743309e-13 0.9659258262890547 0.25881904510257164
    outer loop
      vertex -94.5701881381381 -80.13748699154897 149.06445226273436
      vertex -94.61800663154182 -80.11783404087103 148.99110645228572
      vertex -94.61229349178414 -80.20197429076504 149.30512213985162
    endloop
  endfacet
  facet normal -3.7741635665077006e-14 0.96592582628907 0.2588190451025146
    outer loop
      vertex -94.41411047216403 -80.2193861013341 149.37010390154714
      vertex -94.47214347308011 -80.11896621161776 148.9953317710353
      vertex -94.61229349178414 -80.20197429076504 149.30512213985162
    endloop
  endfacet
  facet normal -3.76659839609744e-15 0.9659258262890662 0.2588190451025289
    outer loop
      vertex -94.5701881381381 -80.13748699154897 149.06445226273436
      vertex -94.61229349178414 -80.20197429076504 149.30512213985162
      vertex -94.47214347308011 -80.11896621161776 148.9953317710353
    endloop
  endfacet
  facet normal 4.819036698290418e-15 0.965925826289072 0.25881904510250703
    outer loop
      vertex -94.41411047216403 -80.2193861013341 149.37010390154714
      vertex -94.22831678824627 -80.17671295352932 149.2108455458208
      vertex -94.31058285412303 -80.1193861013341 148.99689882079025
    endloop
  endfacet
  facet normal -1.3179665894589705e-13 0.9659258262890662 0.2588190451025281
    outer loop
      vertex -94.41411047216403 -80.2193861013341 149.37010390154714
      vertex -94.39890354764938 -80.11162649010222 148.96793955742595
      vertex -94.47214347308011 -80.11896621161776 148.9953317710353
    endloop
  endfacet
  facet normal 1.20779042113402e-13 0.965925826289064 0.25881904510253706
    outer loop
      vertex -94.41411047216403 -80.2193861013341 149.37010390154714
      vertex -94.31058285412303 -80.1193861013341 148.99689882079025
      vertex -94.39890354764938 -80.11162649010222 148.96793955742595
    endloop
  endfacet
  facet normal -1.9167997538682561e-13 0.9659258262890726 0.2588190451025052
    outer loop
      vertex -94.20884190755208 -80.22995380100221 149.4095430936277
      vertex -94.15714651994308 -80.12832450340164 149.03025739144485
      vertex -94.22831678824627 -80.17671295352932 149.2108455458208
    endloop
  endfacet
  facet normal 9.896514218331653e-15 0.9659258262890658 0.2588190451025301
    outer loop
      vertex -94.20884190755208 -80.22995380100221 149.4095430936277
      vertex -94 -80.23349657349813 149.4227649005821
      vertex -94.08888218714765 -80.13312043808568 149.04815606335546
    endloop
  endfacet
  facet normal -1.1297433787227122e-14 0.9659258262890714 0.2588190451025095
    outer loop
      vertex -94 -80.23349657349813 149.4227649005821
      vertex -93.79115809244792 -80.22995380100221 149.4095430936277
      vertex -93.92081367021744 -80.14407013141626 149.08902087519243
    endloop
  endfacet
  facet normal 8.316627500342628e-14 0.9659258262890713 0.25881904510250936
    outer loop
      vertex -93.79115809244792 -80.22995380100221 149.4095430936277
      vertex -93.58588952783597 -80.21938610133411 149.37010390154714
      vertex -93.71220750514205 -80.15766030369154 149.1397400886074
    endloop
  endfacet
  facet normal 4.6356129740950593e-14 0.9659258262890681 0.258819045102522
    outer loop
      vertex -94 -80.23349657349813 149.4227649005821
      vertex -94 -80.13891112902375 149.06976721614726
      vertex -94.08888218714765 -80.13312043808568 149.04815606335546
    endloop
  endfacet
  facet normal 1.3496407209190456e-14 0.9659258262890655 0.2588190451025312
    outer loop
      vertex -94.20884190755208 -80.22995380100221 149.4095430936277
      vertex -94.08888218714765 -80.13312043808568 149.04815606335546
      vertex -94.15714651994308 -80.12832450340164 149.03025739144485
    endloop
  endfacet
  facet normal 4.531831550304766e-14 0.9659258262890679 0.25881904510252196
    outer loop
      vertex -94 -80.23349657349813 149.4227649005821
      vertex -93.92081367021744 -80.14407013141626 149.08902087519243
      vertex -94 -80.13891112902375 149.06976721614726
    endloop
  endfacet
  facet normal 5.5836036781937546e-14 0.9659258262890781 0.25881904510248416
    outer loop
      vertex -93.79115809244792 -80.22995380100221 149.4095430936277
      vertex -93.8320746447628 -80.14951489408367 149.10934100610234
      vertex -93.92081367021744 -80.14407013141626 149.08902087519243
    endloop
  endfacet
  facet normal 1.1286345164973819e-14 0.9659258262890766 0.2588190451024898
    outer loop
      vertex -93.79115809244792 -80.22995380100221 149.4095430936277
      vertex -93.71220750514205 -80.15766030369154 149.1397400886074
      vertex -93.8320746447628 -80.14951489408367 149.10934100610234
    endloop
  endfacet
  facet normal -3.2864489996728896e-13 0.9659258262890442 0.25881904510261056
    outer loop
      vertex -93.58588952783597 -80.21938610133411 149.37010390154714
      vertex -93.59348558248456 -80.16555878766258 149.1692176320901
      vertex -93.64527846206305 -80.16202079596839 149.15601366733057
    endloop
  endfacet
  facet normal 1.0458180570827475e-13 0.9659258262890743 0.2588190451024985
    outer loop
      vertex -93.58588952783597 -80.21938610133411 149.37010390154714
      vertex -93.64527846206305 -80.16202079596839 149.15601366733057
      vertex -93.71220750514205 -80.15766030369154 149.1397400886074
    endloop
  endfacet
  facet normal 1.6479170894576475e-13 0.9659258262891223 0.2588190451023193
    outer loop
      vertex -94.86905601846908 -79.48880962509187 146.6435553733966
      vertex -94.78553964817812 -79.4936391390052 146.66157936469693
      vertex -94.78702011036071 -79.49027252843226 146.64901500298942
    endloop
  endfacet
  facet normal -2.949656206114387e-14 0.965925826289038 0.25881904510263415
    outer loop
      vertex -94.78553964817812 -79.4936391390052 146.66157936469693
      vertex -94.75666674569439 -79.49723104344474 146.67498453456125
      vertex -94.76483420816339 -79.49035620175358 146.64932727607587
    endloop
  endfacet
  facet normal -2.0349508685949135e-13 0.9659258262891115 0.2588190451023598
    outer loop
      vertex -94.78553964817812 -79.4936391390052 146.66157936469693
      vertex -94.76483420816339 -79.49035620175358 146.64932727607587
      vertex -94.78702011036071 -79.49027252843226 146.64901500298942
    endloop
  endfacet
  facet normal 6.835020804798981e-14 0.9659258262890458 0.2588190451026051
    outer loop
      vertex -94.73029930060942 -79.49200188120015 146.65546903538342
      vertex -94.76483420816339 -79.49035620175358 146.64932727607587
      vertex -94.75666674569439 -79.49723104344474 146.67498453456125
    endloop
  endfacet
  facet normal 1.1480396504963365e-13 0.9659258262890649 0.25881904510253356
    outer loop
      vertex -92.65316832594017 -79.87319186535903 148.07808942360077
      vertex -92.64111118456637 -79.92080329269282 148.25577768943134
      vertex -92.61435935394489 -79.92361970189714 148.26628867167673
    endloop
  endfacet
  facet normal -1.2510688711538404e-13 0.9659258262890721 0.2588190451025066
    outer loop
      vertex -93.26948628518953 -79.57298415657841 146.95769900160758
      vertex -93.17138863338113 -79.5952501860626 147.04079695492544
      vertex -93.23730888306007 -79.54559730973492 146.85548989772855
    endloop
  endfacet
  facet normal -7.439451175610611e-14 0.9659258262890774 0.25881904510248654
    outer loop
      vertex -93.06593196653715 -79.58148832543594 146.9894369918601
      vertex -93.16788129203985 -79.54354204270359 146.84781953674454
      vertex -93.15005406333921 -79.58949181374676 147.01930641687383
    endloop
  endfacet
  facet normal -9.364871773517885e-14 0.9659258262890749 0.25881904510249615
    outer loop
      vertex -93.17138863338113 -79.5952501860626 147.04079695492544
      vertex -93.1938266691792 -79.55303967718913 146.8832651911963
      vertex -93.23730888306007 -79.54559730973492 146.85548989772855
    endloop
  endfacet
  facet normal -4.616753337774436e-15 0.9659258262890792 0.2588190451024798
    outer loop
      vertex -93.16788129203985 -79.54354204270359 146.84781953674454
      vertex -93.1938266691792 -79.55303967718913 146.8832651911963
      vertex -93.15005406333921 -79.58949181374676 147.01930641687383
    endloop
  endfacet
  facet normal 1.7702974281530762e-13 0.9659258262890732 0.2588190451025025
    outer loop
      vertex -93.03484871528943 -79.56528812954087 146.9289770376871
      vertex -93.05339012919954 -79.55303371362594 146.88324293487548
      vertex -93.06593196653715 -79.58148832543594 146.9894369918601
    endloop
  endfacet
  facet normal 7.838436122633806e-13 0.9659258262890571 0.2588190451025625
    outer loop
      vertex -93.02048013705499 -79.57989753446338 146.98350007912626
      vertex -93.01322871775301 -79.57964375317538 146.98255295446538
      vertex -93.0172144452715 -79.55189286133322 146.87898521615512
    endloop
  endfacet
  facet normal -9.64905490163583e-14 0.9659258262890625 0.2588190451025427
    outer loop
      vertex -93.03484871528943 -79.56528812954087 146.9289770376871
      vertex -93.02048013705499 -79.57989753446338 146.98350007912626
      vertex -93.02299127038218 -79.53925285910518 146.8318120856323
    endloop
  endfacet
  facet normal 3.454854185426867e-14 0.965925826289063 0.25881904510254067
    outer loop
      vertex -93.02299127038218 -79.53925285910518 146.8318120856323
      vertex -93.02048013705499 -79.57989753446338 146.98350007912626
      vertex -93.0172144452715 -79.55189286133322 146.87898521615512
    endloop
  endfacet
  facet normal -5.933263581260877e-14 0.9659258262890801 0.2588190451024764
    outer loop
      vertex -93.05339012919954 -79.55303371362594 146.88324293487548
      vertex -93.16788129203985 -79.54354204270359 146.84781953674454
      vertex -93.06593196653715 -79.58148832543594 146.9894369918601
    endloop
  endfacet
  facet normal 9.191626770568578e-12 0.965925826289138 0.2588190451022606
    outer loop
      vertex -93.0172144452715 -79.55189286133322 146.87898521615512
      vertex -93.01322871775301 -79.57964375317538 146.98255295446538
      vertex -93.01651263517734 -79.55187072977208 146.87890262004447
    endloop
  endfacet
  facet normal 7.334349069598979e-13 0.9659258262891016 0.25881904510239606
    outer loop
      vertex -93.01057624536104 -79.55168352746031 146.87820397150566
      vertex -93.01651263517734 -79.55187072977208 146.87890262004447
      vertex -93.00358108718177 -79.57930611684657 146.9812928785318
    endloop
  endfacet
  facet normal -2.833067524565668e-13 0.9659258262890635 0.25881904510253817
    outer loop
      vertex -92.85656428983734 -79.57420768611473 146.96226527600174
      vertex -92.86862915010153 -79.5514518830292 146.8773394627195
      vertex -92.86862915010153 -79.58942995473225 147.01907555588878
    endloop
  endfacet
  facet normal 3.514205545548453e-14 0.9659258262890739 0.2588190451025001
    outer loop
      vertex -92.79265857786878 -79.54898671181036 146.8681393184814
      vertex -92.85656428983734 -79.57420768611473 146.96226527600174
      vertex -92.73063465553402 -79.56729161853204 146.93645416039453
    endloop
  endfacet
  facet normal -8.081613789296375e-14 0.965925826289088 0.2588190451024476
    outer loop
      vertex -93.01057624536104 -79.55168352746031 146.87820397150566
      vertex -93.00358108718177 -79.57930611684657 146.9812928785318
      vertex -92.86862915010153 -79.5514518830292 146.8773394627195
    endloop
  endfacet
  facet normal -1.3963009729457776e-13 0.9659258262891035 0.2588190451023894
    outer loop
      vertex -92.79265857786878 -79.54898671181036 146.8681393184814
      vertex -92.86237835044813 -79.55124903317183 146.87658241674544
      vertex -92.85656428983734 -79.57420768611473 146.96226527600174
    endloop
  endfacet
  facet normal 1.7338886584862707e-12 0.9659258262891353 0.2588190451022708
    outer loop
      vertex -92.86237835044813 -79.55124903317183 146.87658241674544
      vertex -92.86862915010153 -79.5514518830292 146.8773394627195
      vertex -92.85656428983734 -79.57420768611473 146.96226527600174
    endloop
  endfacet
  facet normal -1.5465071470124525e-13 0.9659258262890725 0.258819045102505
    outer loop
      vertex -92.73063465553402 -79.73285292303895 147.55433736058168
      vertex -92.6740426541019 -79.79076299373835 147.77046068670182
      vertex -92.70418600936068 -79.67173244379231 147.32623262665027
    endloop
  endfacet
  facet normal 1.398668684210803e-13 0.9659258262890775 0.25881904510248627
    outer loop
      vertex -92.70418600936068 -79.67173244379231 147.32623262665027
      vertex -92.6740426541019 -79.79076299373835 147.77046068670182
      vertex -92.61435935394489 -79.8070662719125 147.83130534917765
    endloop
  endfacet
  facet normal 7.953910843631537e-14 0.9659258262890748 0.2588190451024963
    outer loop
      vertex -92.66169067818458 -79.65048164119926 147.2469235516714
      vertex -92.70418600936068 -79.67173244379231 147.32623262665027
      vertex -92.61435935394489 -79.8070662719125 147.83130534917765
    endloop
  endfacet
  facet normal 1.8663973192677866e-13 0.9659258262890736 0.25881904510250103
    outer loop
      vertex -92.61435935394489 -79.61233086525209 147.10454291748835
      vertex -92.61435935394489 -79.8070662719125 147.83130534917765
      vertex -92.59508845114357 -79.76570253127522 147.6769337675282
    endloop
  endfacet
  facet normal -5.859790041631739e-14 0.9659258262890617 0.2588190451025456
    outer loop
      vertex -92.65316832594017 -79.87319186535903 148.07808942360077
      vertex -92.73063465553402 -79.8789859439521 148.09971321929314
      vertex -92.73063465553402 -79.90137006232905 148.18325188635853
    endloop
  endfacet
  facet normal -9.555738925195684e-14 0.9659258262890617 0.25881904510254555
    outer loop
      vertex -92.75300918741652 -79.89306828480233 148.15226923083566
      vertex -92.73063465553402 -79.90137006232905 148.18325188635853
      vertex -92.73063465553402 -79.8789859439521 148.09971321929314
    endloop
  endfacet
  facet normal 1.2109671912847626e-13 0.9659258262890652 0.2588190451025323
    outer loop
      vertex -92.65316832594017 -79.87319186535903 148.07808942360077
      vertex -92.61435935394489 -79.92361970189714 148.26628867167673
      vertex -92.61435935394489 -79.86420894729447 148.0445647169836
    endloop
  endfacet
  facet normal -6.007896529191803e-14 0.965925826289062 0.25881904510254455
    outer loop
      vertex -92.65316832594017 -79.87319186535903 148.07808942360077
      vertex -92.73063465553402 -79.90137006232905 148.18325188635853
      vertex -92.64111118456637 -79.92080329269282 148.25577768943134
    endloop
  endfacet
  facet normal 1.856094947153137e-13 0.9659258262890652 0.25881904510253223
    outer loop
      vertex -92.58079949048829 -79.87993388980095 148.10325100136384
      vertex -92.61435935394489 -79.86420894729447 148.0445647169836
      vertex -92.61435935394489 -79.92361970189714 148.26628867167673
    endloop
  endfacet
  facet normal -2.2549216278713337e-13 0.9659258262890679 0.25881904510252224
    outer loop
      vertex -92.73063465553402 -79.73285292303895 147.55433736058168
      vertex -92.73063465553402 -79.77398252361766 147.70783511963646
      vertex -92.6740426541019 -79.79076299373835 147.77046068670182
    endloop
  endfacet
  facet normal 3.276480026227396e-14 0.9659258262890631 0.2588190451025399
    outer loop
      vertex -93.04797599165052 -79.63031523923256 147.1716615149258
      vertex -93.04051626183966 -79.61286684742261 147.1065432301807
      vertex -93.11413807376661 -79.61078905165752 147.09878879081765
    endloop
  endfacet
  facet normal -3.3164962968562805e-14 0.9659258262889067 0.25881904510312387
    outer loop
      vertex -93.11413807376661 -79.61078905165752 147.09878879081765
      vertex -93.04051626183966 -79.61286684742261 147.1065432301807
      vertex -93.07781516079805 -79.60844862404728 147.09005419606484
    endloop
  endfacet
  facet normal -8.560213022180276e-13 0.9659258262890499 0.25881904510258935
    outer loop
      vertex -93.01849625725845 -79.61200819517853 147.10333869637975
      vertex -93.0048356481306 -79.63808105633643 147.20064393891974
      vertex -93.00863559162767 -79.6116236980489 147.10190373355664
    endloop
  endfacet
  facet normal -3.855557505465863e-12 0.9659258262890104 0.2588190451027369
    outer loop
      vertex -93.00863559162767 -79.6116236980489 147.10190373355664
      vertex -93.00154908631245 -79.64829870446887 147.23877672088386
      vertex -93.00988285893561 -79.59459427760518 147.03834907123726
    endloop
  endfacet
  facet normal 1.6489050934478647e-12 0.9659258262890675 0.2588190451025234
    outer loop
      vertex -92.99552641221103 -79.61111254261343 147.09999607550083
      vertex -93.00988285893561 -79.59459427760518 147.03834907123726
      vertex -93.00154908631245 -79.64829870446887 147.23877672088386
    endloop
  endfacet
  facet normal 3.3291287735795846e-14 0.9659258262890864 0.25881904510245307
    outer loop
      vertex -93.04797599165052 -79.63031523923256 147.1716615149258
      vertex -93.01661467765275 -79.6424630465425 147.21699774900708
      vertex -93.01849625725845 -79.61200819517853 147.10333869637975
    endloop
  endfacet
  facet normal 2.0431867714315338e-13 0.9659258262890872 0.2588190451024505
    outer loop
      vertex -93.01661467765275 -79.6424630465425 147.21699774900708
      vertex -93.0048356481306 -79.63808105633643 147.20064393891974
      vertex -93.01849625725845 -79.61200819517853 147.10333869637975
    endloop
  endfacet
  facet normal -6.413691555084256e-13 0.965925826289052 0.25881904510258175
    outer loop
      vertex -93.00863559162767 -79.6116236980489 147.10190373355664
      vertex -93.0048356481306 -79.63808105633643 147.20064393891974
      vertex -93.00154908631245 -79.64829870446887 147.23877672088386
    endloop
  endfacet
  facet normal -3.163785870627169e-14 0.9659258262890772 0.25881904510248793
    outer loop
      vertex -93.15005406333921 -79.58949181374676 147.01930641687383
      vertex -93.1938266691792 -79.55303967718913 146.8832651911963
      vertex -93.17138863338113 -79.5952501860626 147.04079695492544
    endloop
  endfacet
  facet normal -8.315605635554665e-12 0.9659258262889994 0.25881904510277803
    outer loop
      vertex -93.01322871775301 -79.57964375317538 146.98255295446538
      vertex -93.00988285893561 -79.59459427760518 147.03834907123726
      vertex -93.01651263517734 -79.55187072977208 146.87890262004447
    endloop
  endfacet
  facet normal 3.4089212743885857e-13 0.9659258262890894 0.2588190451024423
    outer loop
      vertex -93.00358108718177 -79.57930611684657 146.9812928785318
      vertex -93.01651263517734 -79.55187072977208 146.87890262004447
      vertex -93.00988285893561 -79.59459427760518 147.03834907123726
    endloop
  endfacet
  facet normal -8.06042507059978e-15 0.9659258262890678 0.25881904510252224
    outer loop
      vertex -92.96076951545868 -79.66409467427259 147.29772808274618
      vertex -92.89134456098645 -79.70053118868455 147.43371100578233
      vertex -92.86862915010153 -79.62299321259405 147.14433533949654
    endloop
  endfacet
  facet normal 3.403033108730586e-14 0.9659258262890678 0.2588190451025227
    outer loop
      vertex -92.86862915010153 -79.7178506972806 147.4983482918249
      vertex -92.8352481034838 -79.65838137423371 147.2764057567222
      vertex -92.86862915010153 -79.62299321259405 147.14433533949654
    endloop
  endfacet
  facet normal -7.879956173443469e-14 0.9659258262890863 0.25881904510245346
    outer loop
      vertex -92.86862915010153 -79.62299321259405 147.14433533949654
      vertex -92.99552641221103 -79.61111254261343 147.09999607550083
      vertex -93.00154908631245 -79.64829870446887 147.23877672088386
    endloop
  endfacet
  facet normal -8.337246395798608e-14 0.9659258262890748 0.25881904510249676
    outer loop
      vertex -92.61435935394489 -79.61233086525209 147.10454291748835
      vertex -92.58588250086795 -79.72478070546993 147.52421143448436
      vertex -92.52179274798195 -79.66091288446803 147.28585348153658
    endloop
  endfacet
  facet normal -2.385578130421041e-13 0.9659258262890781 0.2588190451024845
    outer loop
      vertex -92.86862915010153 -79.7178506972806 147.4983482918249
      vertex -92.82030623568521 -79.71738405412844 147.4966067558721
      vertex -92.8352481034838 -79.65838137423371 147.2764057567222
    endloop
  endfacet
  facet normal -2.6046195626571093e-15 0.9659258262890679 0.2588190451025227
    outer loop
      vertex -92.89134456098645 -79.70053118868455 147.43371100578233
      vertex -92.86862915010153 -79.7178506972806 147.4983482918249
      vertex -92.86862915010153 -79.62299321259405 147.14433533949654
    endloop
  endfacet
  facet normal 2.346121315192832e-13 0.9659258262890611 0.25881904510254705
    outer loop
      vertex -92.73063465553402 -79.73285292303895 147.55433736058168
      vertex -92.70418600936068 -79.67173244379231 147.32623262665027
      vertex -92.73063465553402 -79.67301478324632 147.3310183826452
    endloop
  endfacet
  facet normal 1.0739633295026737e-13 0.9659258262890612 0.25881904510254705
    outer loop
      vertex -92.82030623568521 -79.71738405412844 147.4966067558721
      vertex -92.73063465553402 -79.73285292303895 147.55433736058168
      vertex -92.73063465553402 -79.67301478324632 147.3310183826452
    endloop
  endfacet
  facet normal -4.12494222413584e-14 0.9659258262890813 0.25881904510247195
    outer loop
      vertex -92.8352481034838 -79.65838137423371 147.2764057567222
      vertex -92.82030623568521 -79.71738405412844 147.4966067558721
      vertex -92.73063465553402 -79.67301478324632 147.3310183826452
    endloop
  endfacet
  facet normal 1.704908019337695e-14 0.9659258262890736 0.2588190451025011
    outer loop
      vertex -92.61435935394489 -79.61233086525209 147.10454291748835
      vertex -92.66169067818458 -79.65048164119926 147.2469235516714
      vertex -92.61435935394489 -79.8070662719125 147.83130534917765
    endloop
  endfacet
  facet normal -8.990127581234612e-15 0.9659258262890698 0.2588190451025154
    outer loop
      vertex -92.58588250086795 -79.72478070546993 147.52421143448436
      vertex -92.52179274798195 -79.7212066900749 147.51087302744307
      vertex -92.52179274798195 -79.66091288446803 147.28585348153658
    endloop
  endfacet
  facet normal -4.815159864883287e-13 0.9659258262890681 0.2588190451025221
    outer loop
      vertex -92.61435935394489 -79.61233086525209 147.10454291748835
      vertex -92.59508845114357 -79.76570253127522 147.6769337675282
      vertex -92.58588250086795 -79.72478070546993 147.52421143448436
    endloop
  endfacet
  facet normal 5.680428446486702e-13 0.9659258262890696 0.2588190451025154
    outer loop
      vertex -92.51164630878799 -79.70097930132445 147.43538338492195
      vertex -92.52179274798195 -79.66091288446803 147.28585348153658
      vertex -92.52179274798195 -79.7212066900749 147.51087302744307
    endloop
  endfacet
  facet normal -1.9171282816368886e-13 0.9659258262890568 0.2588190451025636
    outer loop
      vertex -92.49603195647556 -79.68055436276644 147.359156476482
      vertex -92.52179274798195 -79.66091288446803 147.28585348153658
      vertex -92.51164630878799 -79.70097930132445 147.43538338492195
    endloop
  endfacet
  facet normal -6.044544013890995e-15 0.9659258262890636 0.25881904510253817
    outer loop
      vertex -93.00358108718177 -79.57930611684657 146.9812928785318
      vertex -92.86862915010153 -79.58942995473225 147.01907555588878
      vertex -92.86862915010153 -79.5514518830292 146.8773394627195
    endloop
  endfacet
  facet normal -2.3579939342762004e-14 0.9659258262890642 0.2588190451025364
    outer loop
      vertex -93.4298118618619 -80.13748699154897 149.06445226273436
      vertex -93.21892253775462 -80.16953354859034 149.18405164182042
      vertex -93.30493982253489 -80.1309730547321 149.0401419195765
    endloop
  endfacet
  facet normal 7.445640605197885e-14 0.9659258262890678 0.25881904510252257
    outer loop
      vertex -93.23388827233507 -80.10095345314782 148.92810724124107
      vertex -93.26948628518953 -80.06578804608978 148.7968681554316
      vertex -93.26108885891432 -80.12659563957413 149.02380518380122
    endloop
  endfacet
  facet normal -3.720098074605353e-14 0.9659258262890605 0.25881904510254955
    outer loop
      vertex -93.26108885891432 -80.12659563957413 149.02380518380122
      vertex -93.2 -80.17801629020131 149.21570966450008
      vertex -93.22134564866697 -80.12947571460751 149.03455377015538
    endloop
  endfacet
  facet normal -1.722126465134534e-13 0.9659258262890419 0.25881904510261927
    outer loop
      vertex -93.21892253775462 -80.16953354859034 149.18405164182042
      vertex -93.26108885891432 -80.12659563957413 149.02380518380122
      vertex -93.30493982253489 -80.1309730547321 149.0401419195765
    endloop
  endfacet
  facet normal 1.0793445123415296e-14 0.9659258262890894 0.2588190451024422
    outer loop
      vertex -93.23388827233507 -80.10095345314782 148.92810724124107
      vertex -93.0621919867796 -80.12744422135842 149.02697213413455
      vertex -93.1223941228182 -80.09339842239265 148.89991148261
    endloop
  endfacet
  facet normal 1.460449231805689e-13 0.9659258262890621 0.2588190451025431
    outer loop
      vertex -93.01165904454697 -80.14467109388366 149.09126369765423
      vertex -93.03352396470109 -80.08460527591731 148.86709501320567
      vertex -93.03042094938691 -80.14331147312399 149.08618952390012
    endloop
  endfacet
  facet normal 1.6956049335540488e-13 0.9659258262890625 0.2588190451025428
    outer loop
      vertex -93.03042094938691 -80.14331147312399 149.08618952390012
      vertex -93.03352396470109 -80.08460527591731 148.86709501320567
      vertex -93.0546315361345 -80.08292201554785 148.8608129999845
    endloop
  endfacet
  facet normal -3.168852362953844e-13 0.9659258262890492 0.25881904510259146
    outer loop
      vertex -93.03042094938691 -80.14331147312399 149.08618952390012
      vertex -93.0546315361345 -80.08292201554785 148.8608129999845
      vertex -93.08039031058122 -80.09141369701992 148.8925043866799
    endloop
  endfacet
  facet normal -3.2243801248224235e-14 0.9659258262890843 0.25881904510246123
    outer loop
      vertex -93.08039031058122 -80.09141369701992 148.8925043866799
      vertex -93.1223941228182 -80.09339842239265 148.89991148261
      vertex -93.0621919867796 -80.12744422135842 149.02697213413455
    endloop
  endfacet
  facet normal 5.077423940834711e-13 0.9659258262891025 0.258819045102393
    outer loop
      vertex -93.03042094938691 -80.14331147312399 149.08618952390012
      vertex -93.08039031058122 -80.09141369701992 148.8925043866799
      vertex -93.0621919867796 -80.12744422135842 149.02697213413455
    endloop
  endfacet
  facet normal 2.349884405459551e-14 0.9659258262890593 0.2588190451025543
    outer loop
      vertex -93.01165904454697 -80.14467109388366 149.09126369765423
      vertex -92.92292669073024 -80.12453078298054 149.01609903408357
      vertex -93.03352396470109 -80.08460527591731 148.86709501320567
    endloop
  endfacet
  facet normal -1.3474080189533973e-14 0.9659258262890562 0.2588190451025659
    outer loop
      vertex -93.58588952783597 -80.21938610133411 149.37010390154714
      vertex -93.38770650821586 -80.20197429076504 149.30512213985162
      vertex -93.42910936021511 -80.17610394852521 149.2085727082034
    endloop
  endfacet
  facet normal 2.2121683226505652e-14 0.9659258262890476 0.2588190451025982
    outer loop
      vertex -93.58588952783597 -80.21938610133411 149.37010390154714
      vertex -93.42910936021511 -80.17610394852521 149.2085727082034
      vertex -93.59348558248456 -80.16555878766258 149.1692176320901
    endloop
  endfacet
  facet normal 1.5446221510366096e-13 0.9659258262890741 0.25881904510249876
    outer loop
      vertex -93.40307233829976 -80.17844044538627 149.2172926332006
      vertex -93.42910936021511 -80.17610394852521 149.2085727082034
      vertex -93.38770650821586 -80.20197429076504 149.30512213985162
    endloop
  endfacet
  facet normal -7.474218492199601e-13 0.965925826289004 0.25881904510276044
    outer loop
      vertex -93.21892253775462 -80.16953354859034 149.18405164182042
      vertex -93.2 -80.17801629020131 149.21570966450008
      vertex -93.26108885891432 -80.12659563957413 149.02380518380122
    endloop
  endfacet
  facet normal -4.18633861276126e-15 0.9659258262890615 0.25881904510254594
    outer loop
      vertex -93.22134564866697 -80.12947571460751 149.03455377015538
      vertex -93.2 -80.17801629020131 149.21570966450008
      vertex -93.02598171358605 -80.14792202767501 149.1033963477356
    endloop
  endfacet
  facet normal -4.3802480998285214e-14 0.9659258262890666 0.2588190451025266
    outer loop
      vertex -93.4 -80.08835874298451 148.88110314300496
      vertex -93.26108885891432 -80.12659563957413 149.02380518380122
      vertex -93.26948628518953 -80.06578804608978 148.7968681554316
    endloop
  endfacet
  facet normal 1.3377677046631418e-12 0.965925826289127 0.2588190451023018
    outer loop
      vertex -92.89137048496488 -80.02240508764739 148.63496075034192
      vertex -92.90933671095954 -80.00014563767537 148.55188735209785
      vertex -92.89435948849732 -80.04137530843227 148.70575857814197
    endloop
  endfacet
  facet normal -1.9167460868366157e-12 0.9659258262890478 0.25881904510259734
    outer loop
      vertex -92.90548618563707 -80.0211478678313 148.63026874211204
      vertex -92.89435948849732 -80.04137530843227 148.70575857814197
      vertex -92.90933671095954 -80.00014563767537 148.55188735209785
    endloop
  endfacet
  facet normal 4.1027605236756094e-13 0.9659258262890696 0.2588190451025156
    outer loop
      vertex -92.61435935394489 -79.96586502780109 148.42395037433255
      vertex -92.64111118456637 -79.92080329269282 148.25577768943134
      vertex -92.61931528327216 -80.00687128662871 148.57698781570556
    endloop
  endfacet
  facet normal -8.729918175267094e-14 0.9659258262890613 0.25881904510254705
    outer loop
      vertex -92.73063465553402 -79.95426877480249 148.38067256896434
      vertex -92.61931528327216 -80.00687128662871 148.57698781570556
      vertex -92.64111118456637 -79.92080329269282 148.25577768943134
    endloop
  endfacet
  facet normal -4.900434755678157e-15 0.9659258262890584 0.25881904510255715
    outer loop
      vertex 37.6143593539449 -79.91590018919597 148.23747905806627
      vertex 37.730634655534026 -79.92527861834633 148.2724798321506
      vertex 37.730634655534026 -79.8789859439521 148.09971321929314
    endloop
  endfacet
  facet normal 7.463008042478786e-14 0.96592582628907 0.2588190451025142
    outer loop
      vertex 37.730634655534026 -79.92527861834633 148.2724798321506
      vertex 37.82973329497801 -79.95861386685684 148.39688867327473
      vertex 37.814318667221876 -79.89774434509079 148.1697205254114
    endloop
  endfacet
  facet normal 2.766186781047176e-14 0.9659258262890607 0.2588190451025491
    outer loop
      vertex 37.730634655534026 -79.92527861834633 148.2724798321506
      vertex 37.730634655534026 -79.95426877480249 148.38067256896434
      vertex 37.82973329497801 -79.95861386685684 148.39688867327473
    endloop
  endfacet
  facet normal -8.464937327414874e-14 0.9659258262890674 0.25881904510252435
    outer loop
      vertex 37.814318667221876 -79.89774434509079 148.1697205254114
      vertex 37.82973329497801 -79.95861386685684 148.39688867327473
      vertex 37.868629150101526 -79.94050644480161 148.32931085417056
    endloop
  endfacet
  facet normal -4.5714281520593514e-14 0.965925826289064 0.2588190451025369
    outer loop
      vertex 37.891344560986454 -79.93824101398364 148.32085615125686
      vertex 37.868629150101526 -79.9209215053876 148.2562188652143
      vertex 37.868629150101526 -79.94050644480161 148.32931085417056
    endloop
  endfacet
  facet normal -1.2430994919437796e-13 0.965925826289064 0.2588190451025367
    outer loop
      vertex 37.814318667221876 -79.89774434509079 148.1697205254114
      vertex 37.868629150101526 -79.94050644480161 148.32931085417056
      vertex 37.868629150101526 -79.9209215053876 148.2562188652143
    endloop
  endfacet
  facet normal -1.3201186704924288e-12 0.9659258262890088 0.25881904510274273
    outer loop
      vertex 37.88368615259256 -79.5603300524091 146.91047324192346
      vertex 37.909189964945526 -79.5909128831847 147.0246099202173
      vertex 37.884643554833296 -79.55197159386522 146.87927904996477
    endloop
  endfacet
  facet normal 8.03466442564983e-13 0.9659258262890985 0.25881904510240805
    outer loop
      vertex 37.901745820925974 -79.56092240296849 146.91268392430698
      vertex 37.884643554833296 -79.55197159386522 146.87927904996477
      vertex 37.909189964945526 -79.5909128831847 147.0246099202173
    endloop
  endfacet
  facet normal -3.510064346583543e-14 0.9659258262890638 0.2588190451025381
    outer loop
      vertex 37.792658577868785 -79.54898671181036 146.8681393184814
      vertex 37.868629150101526 -79.58942995473225 147.01907555588878
      vertex 37.868629150101526 -79.5514518830292 146.8773394627195
    endloop
  endfacet
  facet normal 1.2603094944229627e-12 0.965925826289077 0.25881904510248865
    outer loop
      vertex 37.88086080488757 -79.56023738203096 146.9101273913639
      vertex 37.873912745006656 -79.54742972002273 146.86232854602304
      vertex 37.88469767772356 -79.59001743003056 147.0212680435502
    endloop
  endfacet
  facet normal 3.7858261277259325e-13 0.965925826289062 0.25881904510254444
    outer loop
      vertex 37.873912745006656 -79.54742972002273 146.86232854602304
      vertex 37.868629150101526 -79.5514518830292 146.8773394627195
      vertex 37.88469767772356 -79.59001743003056 147.0212680435502
    endloop
  endfacet
  facet normal 8.721458466058991e-14 0.9659258262890734 0.2588190451025015
    outer loop
      vertex 38.16516628714437 -79.56956249854704 146.94492919998837
      vertex 38.07404092363474 -79.54076408350097 146.837452051859
      vertex 38.114902359963224 -79.58320244219081 146.9958341626793
    endloop
  endfacet
  facet normal 1.2669515719313735e-13 0.9659258262890761 0.25881904510249193
    outer loop
      vertex 38.059142681558306 -79.56608496280732 146.93195085992264
      vertex 38.114902359963224 -79.58320244219081 146.9958341626793
      vertex 38.07404092363474 -79.54076408350097 146.837452051859
    endloop
  endfacet
  facet normal 2.4461848302573307e-13 0.965925826289074 0.2588190451024996
    outer loop
      vertex 37.54243766502776 -79.74243585390712 147.59010134546716
      vertex 37.52179274798194 -79.66091288446803 147.28585348153658
      vertex 37.52179274798194 -79.74121593544382 147.58554854778103
    endloop
  endfacet
  facet normal -1.6428984977921417e-14 0.9659258262890688 0.2588190451025183
    outer loop
      vertex 37.54243766502776 -79.74243585390712 147.59010134546716
      vertex 37.6143593539449 -79.7668797160466 147.6813270809049
      vertex 37.6143593539449 -79.64832728321073 147.23888337820054
    endloop
  endfacet
  facet normal -2.5205412580792878e-14 0.9659258262890769 0.2588190451024888
    outer loop
      vertex 37.633394174186115 -79.68749585939372 147.38506249457555
      vertex 37.6143593539449 -79.7668797160466 147.6813270809049
      vertex 37.643652037370344 -79.72800226903549 147.53623447339083
    endloop
  endfacet
  facet normal 4.702838478155528e-14 0.9659258262890733 0.25881904510250164
    outer loop
      vertex 37.75774087721742 -79.67432908819107 147.33592343547565
      vertex 37.773162060666685 -79.73522449718006 147.56318819577024
      vertex 37.868629150101526 -79.7178506972806 147.4983482918249
    endloop
  endfacet
  facet normal -1.3013126840189386e-13 0.9659258262890704 0.2588190451025129
    outer loop
      vertex 37.75774087721742 -79.67432908819107 147.33592343547565
      vertex 37.730634655534026 -79.73285292303895 147.55433736058168
      vertex 37.773162060666685 -79.73522449718006 147.56318819577024
    endloop
  endfacet
  facet normal 4.271929893709017e-14 0.9659258262890486 0.2588190451025947
    outer loop
      vertex 37.680950299398056 -79.87528622608255 148.0859056842303
      vertex 37.6143593539449 -79.91590018919597 148.23747905806627
      vertex 37.730634655534026 -79.8789859439521 148.09971321929314
    endloop
  endfacet
  facet normal -6.110441735984883e-14 0.9659258262890594 0.2588190451025535
    outer loop
      vertex 37.57718798069766 -79.87965844075838 148.10222301154207
      vertex 37.6143593539449 -79.91590018919597 148.23747905806627
      vertex 37.6143593539449 -79.86420894729447 148.0445647169836
    endloop
  endfacet
  facet normal -5.765229608147573e-14 0.9659258262890594 0.2588190451025535
    outer loop
      vertex 37.680950299398056 -79.87528622608255 148.0859056842303
      vertex 37.6143593539449 -79.86420894729447 148.0445647169836
      vertex 37.6143593539449 -79.91590018919597 148.23747905806627
    endloop
  endfacet
  facet normal 1.3119526178894837e-13 0.9659258262890584 0.25881904510255715
    outer loop
      vertex 37.730634655534026 -79.92527861834633 148.2724798321506
      vertex 37.814318667221876 -79.89774434509079 148.1697205254114
      vertex 37.730634655534026 -79.8789859439521 148.09971321929314
    endloop
  endfacet
  facet normal 2.242471980285483e-14 0.9659258262890679 0.2588190451025227
    outer loop
      vertex 37.81069025544854 -79.65726358602589 147.27223411433852
      vertex 37.868629150101526 -79.7178506972806 147.4983482918249
      vertex 37.868629150101526 -79.62299321259405 147.14433533949654
    endloop
  endfacet
  facet normal 6.677301834771916e-14 0.965925826289069 0.25881904510251796
    outer loop
      vertex 37.891344560986454 -79.70053118868455 147.43371100578233
      vertex 37.935802816979844 -79.6771980241539 147.34663045025255
      vertex 37.868629150101526 -79.62299321259405 147.14433533949654
    endloop
  endfacet
  facet normal -2.500869514565942e-13 0.9659258262890431 0.25881904510261494
    outer loop
      vertex 37.912427870178995 -79.62478134218904 147.1510087299955
      vertex 37.94308791126107 -79.64468977881931 147.22530802699896
      vertex 37.909189964945526 -79.5909128831847 147.0246099202173
    endloop
  endfacet
  facet normal -1.62388903338561e-13 0.9659258262890467 0.2588190451026011
    outer loop
      vertex 37.909189964945526 -79.5909128831847 147.0246099202173
      vertex 37.94308791126107 -79.64468977881931 147.22530802699896
      vertex 37.948410990094665 -79.60933480862403 147.09336148193012
    endloop
  endfacet
  facet normal -7.140932658213614e-13 0.9659258262890398 0.25881904510262743
    outer loop
      vertex 37.935802816979844 -79.6771980241539 147.34663045025255
      vertex 37.891772765802756 -79.59027609962229 147.02223341160894
      vertex 37.88469767772356 -79.59001743003056 147.0212680435502
    endloop
  endfacet
  facet normal -6.27778473263137e-14 0.9659258262890458 0.2588190451026049
    outer loop
      vertex 37.94308791126107 -79.64468977881931 147.22530802699896
      vertex 37.99020441605069 -79.65269306333867 147.25517669145265
      vertex 37.948410990094665 -79.60933480862403 147.09336148193012
    endloop
  endfacet
  facet normal 1.9854273210795456e-12 0.9659258262891314 0.25881904510228537
    outer loop
      vertex 37.912427870178995 -79.62478134218904 147.1510087299955
      vertex 37.891772765802756 -79.59027609962229 147.02223341160894
      vertex 37.935802816979844 -79.6771980241539 147.34663045025255
    endloop
  endfacet
  facet normal 9.92205123555462e-14 0.9659258262890718 0.258819045102508
    outer loop
      vertex 37.935802816979844 -79.6771980241539 147.34663045025255
      vertex 37.88469767772356 -79.59001743003056 147.0212680435502
      vertex 37.868629150101526 -79.62299321259405 147.14433533949654
    endloop
  endfacet
  facet normal 2.427121954546312e-13 0.9659258262890522 0.25881904510258025
    outer loop
      vertex 37.496031956475555 -79.68055436276644 147.359156476482
      vertex 37.49981746350519 -79.71998122108035 147.50629951489228
      vertex 37.52179274798194 -79.66091288446803 147.28585348153658
    endloop
  endfacet
  facet normal -6.241047426952625e-13 0.965925826289074 0.25881904510249965
    outer loop
      vertex 37.49981746350519 -79.71998122108035 147.50629951489228
      vertex 37.52179274798194 -79.74121593544382 147.58554854778103
      vertex 37.52179274798194 -79.66091288446803 147.28585348153658
    endloop
  endfacet
  facet normal -2.5077082773402943e-14 0.9659258262890694 0.2588190451025167
    outer loop
      vertex 37.52179274798194 -79.66091288446803 147.28585348153658
      vertex 37.54243766502776 -79.74243585390712 147.59010134546716
      vertex 37.6143593539449 -79.64832728321073 147.23888337820054
    endloop
  endfacet
  facet normal 4.667617330791399e-13 0.965925826289069 0.2588190451025183
    outer loop
      vertex 37.633394174186115 -79.68749585939372 147.38506249457555
      vertex 37.6143593539449 -79.64832728321073 147.23888337820054
      vertex 37.6143593539449 -79.7668797160466 147.6813270809049
    endloop
  endfacet
  facet normal -8.055672485793981e-14 0.9659258262890612 0.25881904510254705
    outer loop
      vertex 37.633394174186115 -79.68749585939372 147.38506249457555
      vertex 37.730634655534026 -79.73285292303895 147.55433736058168
      vertex 37.730634655534026 -79.67301478324632 147.3310183826452
    endloop
  endfacet
  facet normal 1.652287216633417e-13 0.9659258262890612 0.25881904510254705
    outer loop
      vertex 37.75774087721742 -79.67432908819107 147.33592343547565
      vertex 37.730634655534026 -79.67301478324632 147.3310183826452
      vertex 37.730634655534026 -79.73285292303895 147.55433736058168
    endloop
  endfacet
  facet normal 8.825951160825581e-15 0.9659258262890669 0.2588190451025259
    outer loop
      vertex 37.81069025544854 -79.65726358602589 147.27223411433852
      vertex 37.75774087721742 -79.67432908819107 147.33592343547565
      vertex 37.868629150101526 -79.7178506972806 147.4983482918249
    endloop
  endfacet
  facet normal 2.6046195626571093e-15 0.9659258262890679 0.2588190451025227
    outer loop
      vertex 37.891344560986454 -79.70053118868455 147.43371100578233
      vertex 37.868629150101526 -79.62299321259405 147.14433533949654
      vertex 37.868629150101526 -79.7178506972806 147.4983482918249
    endloop
  endfacet
  facet normal 4.3891944103505297e-13 0.9659258262890636 0.25881904510253817
    outer loop
      vertex 37.88469767772356 -79.59001743003056 147.0212680435502
      vertex 37.868629150101526 -79.5514518830292 146.8773394627195
      vertex 37.868629150101526 -79.58942995473225 147.01907555588878
    endloop
  endfacet
  facet normal -5.117135122467517e-13 0.9659258262891022 0.2588190451023944
    outer loop
      vertex 38.04797599165052 -79.63031523923254 147.1716615149258
      vertex 38.040516261839656 -79.61286684742261 147.1065432301807
      vertex 37.99020441605069 -79.65269306333867 147.25517669145265
    endloop
  endfacet
  facet normal 6.047242355669627e-14 0.9659258262890537 0.25881904510257514
    outer loop
      vertex 37.99020441605069 -79.65269306333867 147.25517669145265
      vertex 38.040516261839656 -79.61286684742261 147.1065432301807
      vertex 37.948410990094665 -79.60933480862403 147.09336148193012
    endloop
  endfacet
  facet normal -1.3058041432354154e-13 0.9659258262891273 0.25881904510230086
    outer loop
      vertex 38.16516628714437 -79.56956249854704 146.94492919998837
      vertex 38.114902359963224 -79.58320244219081 146.9958341626793
      vertex 38.26948628518954 -79.5729841565784 146.95769900160758
    endloop
  endfacet
  facet normal -9.742918635225954e-14 0.9659258262890936 0.2588190451024262
    outer loop
      vertex 38.151471862576145 -79.59977085906343 147.05766833624892
      vertex 38.26948628518954 -79.5729841565784 146.95769900160758
      vertex 38.114902359963224 -79.58320244219081 146.9958341626793
    endloop
  endfacet
  facet normal -2.4423349931117056e-13 0.9659258262890689 0.2588190451025186
    outer loop
      vertex 38.2 -80.17801629020131 149.21570966450008
      vertex 38.22134564866697 -80.12947571460751 149.03455377015538
      vertex 38.18226633459231 -80.1323076790132 149.0451228052026
    endloop
  endfacet
  facet normal 6.646969741522367e-14 0.9659258262890597 0.2588190451025527
    outer loop
      vertex 38.2 -80.17801629020131 149.21570966450008
      vertex 38.347229168708694 -80.13180786886207 149.04325748832446
      vertex 38.22134564866697 -80.12947571460751 149.03455377015538
    endloop
  endfacet
  facet normal -1.2587121883130011e-11 0.9659258262889426 0.25881904510299003
    outer loop
      vertex 38.018566871324936 -80.09629569730994 148.91072425980482
      vertex 38.02537207098421 -80.14367735068002 149.08755499752857
      vertex 38.02516620533736 -80.13472238285277 149.05413460261718
    endloop
  endfacet
  facet normal 6.296550300574119e-12 0.965925826288872 0.25881904510325326
    outer loop
      vertex 38.054631536134494 -80.08292201554785 148.8608129999845
      vertex 38.026497047868425 -80.14359582687212 149.0872507465355
      vertex 38.027934470423176 -80.14349166103382 149.08686199433453
    endloop
  endfacet
  facet normal 1.6088508126697222e-13 0.9659258262890653 0.2588190451025324
    outer loop
      vertex 38.01165904454697 -80.14467109388366 149.09126369765423
      vertex 38.02537207098421 -80.14367735068002 149.08755499752857
      vertex 38.018566871324936 -80.09629569730994 148.91072425980482
    endloop
  endfacet
  facet normal 4.905908618052094e-13 0.9659258262890592 0.2588190451025545
    outer loop
      vertex 38.01041405521885 -80.08644821625253 148.87397296017204
      vertex 38.01165904454697 -80.14467109388366 149.09126369765423
      vertex 38.01636861195431 -80.08597335966365 148.87220077125602
    endloop
  endfacet
  facet normal -2.6199020693832617e-14 0.9659258262890584 0.25881904510255727
    outer loop
      vertex 38.01041405521885 -80.08644821625253 148.87397296017204
      vertex 37.922926690730236 -80.12453078298054 149.01609903408357
      vertex 38.01165904454697 -80.14467109388366 149.09126369765423
    endloop
  endfacet
  facet normal 1.1518509641312358e-12 0.9659258262890557 0.25881904510256776
    outer loop
      vertex 38.01636861195431 -80.08597335966365 148.87220077125602
      vertex 38.01165904454697 -80.14467109388366 149.09126369765423
      vertex 38.018566871324936 -80.09629569730994 148.91072425980482
    endloop
  endfacet
  facet normal 5.656457291735995e-14 0.9659258262890659 0.2588190451025299
    outer loop
      vertex 38.02516620533736 -80.13472238285277 149.05413460261718
      vertex 38.026497047868425 -80.14359582687212 149.0872507465355
      vertex 38.054631536134494 -80.08292201554785 148.8608129999845
    endloop
  endfacet
  facet normal -1.7387489967030256e-13 0.9659258262890748 0.2588190451024971
    outer loop
      vertex 38.02212599799044 -80.08551422679861 148.87048726407625
      vertex 38.02516620533736 -80.13472238285277 149.05413460261718
      vertex 38.054631536134494 -80.08292201554785 148.8608129999845
    endloop
  endfacet
  facet normal -1.6290181870689444e-12 0.9659258262890685 0.2588190451025196
    outer loop
      vertex 38.018566871324936 -80.09629569730994 148.91072425980482
      vertex 38.02516620533736 -80.13472238285277 149.05413460261718
      vertex 38.02212599799044 -80.08551422679861 148.87048726407625
    endloop
  endfacet
  facet normal 1.3740929788890863e-14 0.9659258262890575 0.258819045102561
    outer loop
      vertex 38.17192451585308 -80.10565158954367 148.94564092497126
      vertex 38.054631536134494 -80.08292201554785 148.8608129999845
      vertex 38.027934470423176 -80.14349166103382 149.08686199433453
    endloop
  endfacet
  facet normal 4.229346489731037e-14 0.9659258262890763 0.25881904510249076
    outer loop
      vertex 38.2 -80.17801629020131 149.21570966450008
      vertex 38.18226633459231 -80.1323076790132 149.0451228052026
      vertex 38.02598171358605 -80.14792202767501 149.1033963477356
    endloop
  endfacet
  facet normal 5.0193518369562e-14 0.9659258262890632 0.2588190451025398
    outer loop
      vertex 38.2 -80.17801629020131 149.21570966450008
      vertex 38.38770650821586 -80.20197429076504 149.30512213985162
      vertex 38.347229168708694 -80.13180786886207 149.04325748832446
    endloop
  endfacet
  facet normal -2.2838179843434083e-13 0.9659258262890525 0.25881904510257997
    outer loop
      vertex 38.347229168708694 -80.13180786886207 149.04325748832446
      vertex 38.38770650821586 -80.20197429076504 149.30512213985162
      vertex 38.38199336845818 -80.11783404087103 148.99110645228572
    endloop
  endfacet
  facet normal 2.582288065743309e-13 0.9659258262890547 0.25881904510257164
    outer loop
      vertex 38.42981186186189 -80.13748699154897 149.06445226273436
      vertex 38.38199336845818 -80.11783404087103 148.99110645228572
      vertex 38.38770650821586 -80.20197429076504 149.30512213985162
    endloop
  endfacet
  facet normal -7.11860199848964e-14 0.9659258262890639 0.25881904510253745
    outer loop
      vertex 38.58588952783597 -80.2193861013341 149.37010390154714
      vertex 38.52569284428547 -80.11522219066245 148.9813588946055
      vertex 38.42981186186189 -80.13748699154897 149.06445226273436
    endloop
  endfacet
  facet normal 1.6479170894576475e-13 0.9659258262891223 0.2588190451023193
    outer loop
      vertex 38.13094398153092 -79.48880962509187 146.6435553733966
      vertex 38.214460351821884 -79.4936391390052 146.66157936469693
      vertex 38.212979889639286 -79.49027252843226 146.64901500298942
    endloop
  endfacet
  facet normal -2.949656206114387e-14 0.965925826289038 0.25881904510263415
    outer loop
      vertex 38.214460351821884 -79.4936391390052 146.66157936469693
      vertex 38.24333325430561 -79.49723104344474 146.67498453456125
      vertex 38.23516579183661 -79.49035620175358 146.64932727607587
    endloop
  endfacet
  facet normal -2.0350170186101462e-13 0.9659258262891115 0.25881904510235987
    outer loop
      vertex 38.212979889639286 -79.49027252843226 146.64901500298942
      vertex 38.214460351821884 -79.4936391390052 146.66157936469693
      vertex 38.23516579183661 -79.49035620175358 146.64932727607587
    endloop
  endfacet
  facet normal 6.835020804798981e-14 0.9659258262890458 0.2588190451026051
    outer loop
      vertex 38.26970069939058 -79.49200188120015 146.65546903538342
      vertex 38.23516579183661 -79.49035620175358 146.64932727607587
      vertex 38.24333325430561 -79.49723104344474 146.67498453456125
    endloop
  endfacet
  facet normal 1.1480396504963178e-13 0.9659258262890649 0.2588190451025335
    outer loop
      vertex 40.34683167405983 -79.87319186535903 148.07808942360077
      vertex 40.35888881543362 -79.92080329269282 148.25577768943134
      vertex 40.3856406460551 -79.92361970189714 148.26628867167673
    endloop
  endfacet
  facet normal -1.2510688711538404e-13 0.9659258262890721 0.2588190451025066
    outer loop
      vertex 39.73051371481046 -79.57298415657841 146.95769900160758
      vertex 39.828611366618865 -79.5952501860626 147.04079695492544
      vertex 39.762691116939926 -79.54559730973492 146.85548989772855
    endloop
  endfacet
  facet normal -9.364871773515905e-14 0.965925826289075 0.25881904510249615
    outer loop
      vertex 39.828611366618865 -79.5952501860626 147.04079695492544
      vertex 39.8061733308208 -79.55303967718913 146.8832651911963
      vertex 39.762691116939926 -79.54559730973492 146.85548989772855
    endloop
  endfacet
  facet normal 2.8126626581586844e-15 0.9659258262890745 0.25881904510249754
    outer loop
      vertex 39.940857318441694 -79.56608496280732 146.93195085992264
      vertex 39.83211870796014 -79.54354204270359 146.84781953674454
      vertex 39.84798974825341 -79.58444972835336 147.00048909800955
    endloop
  endfacet
  facet normal 7.838436122633806e-13 0.9659258262890571 0.2588190451025625
    outer loop
      vertex 39.97951986294501 -79.57989753446338 146.98350007912626
      vertex 39.98677128224699 -79.57964375317538 146.98255295446538
      vertex 39.982785554728494 -79.55189286133322 146.87898521615512
    endloop
  endfacet
  facet normal 1.9122608888122035e-14 0.965925826289075 0.25881904510249604
    outer loop
      vertex 39.8061733308208 -79.55303967718913 146.8832651911963
      vertex 39.84798974825341 -79.58444972835336 147.00048909800955
      vertex 39.83211870796014 -79.54354204270359 146.84781953674454
    endloop
  endfacet
  facet normal -9.649054901628908e-14 0.9659258262890624 0.25881904510254267
    outer loop
      vertex 39.965151284710565 -79.56528812954087 146.9289770376871
      vertex 39.97951986294501 -79.57989753446338 146.98350007912626
      vertex 39.97700872961783 -79.53925285910518 146.8318120856323
    endloop
  endfacet
  facet normal 3.454854185430253e-14 0.9659258262890629 0.25881904510254067
    outer loop
      vertex 39.97700872961783 -79.53925285910518 146.8318120856323
      vertex 39.97951986294501 -79.57989753446338 146.98350007912626
      vertex 39.982785554728494 -79.55189286133322 146.87898521615512
    endloop
  endfacet
  facet normal 9.191626770661215e-12 0.9659258262891379 0.25881904510226056
    outer loop
      vertex 39.982785554728494 -79.55189286133322 146.87898521615512
      vertex 39.98677128224699 -79.57964375317538 146.98255295446538
      vertex 39.98348736482266 -79.55187072977208 146.87890262004447
    endloop
  endfacet
  facet normal 7.33434906959027e-13 0.9659258262891017 0.25881904510239606
    outer loop
      vertex 39.98942375463896 -79.55168352746031 146.87820397150566
      vertex 39.98348736482266 -79.55187072977208 146.87890262004447
      vertex 39.99641891281823 -79.57930611684657 146.9812928785318
    endloop
  endfacet
  facet normal -2.833067524565668e-13 0.9659258262890635 0.25881904510253817
    outer loop
      vertex 40.14343571016266 -79.57420768611473 146.96226527600174
      vertex 40.131370849898474 -79.5514518830292 146.8773394627195
      vertex 40.131370849898474 -79.58942995473225 147.01907555588878
    endloop
  endfacet
  facet normal 3.51420554554862e-14 0.9659258262890739 0.25881904510250014
    outer loop
      vertex 40.207341422131215 -79.54898671181036 146.8681393184814
      vertex 40.14343571016266 -79.57420768611473 146.96226527600174
      vertex 40.269365344465974 -79.56729161853204 146.93645416039453
    endloop
  endfacet
  facet normal -8.081613789296375e-14 0.965925826289088 0.2588190451024476
    outer loop
      vertex 39.98942375463896 -79.55168352746031 146.87820397150566
      vertex 39.99641891281823 -79.57930611684657 146.9812928785318
      vertex 40.131370849898474 -79.5514518830292 146.8773394627195
    endloop
  endfacet
  facet normal -1.3963009729459185e-13 0.9659258262891034 0.2588190451023894
    outer loop
      vertex 40.207341422131215 -79.54898671181036 146.8681393184814
      vertex 40.137621649551875 -79.55124903317183 146.87658241674544
      vertex 40.14343571016266 -79.57420768611473 146.96226527600174
    endloop
  endfacet
  facet normal 1.7338886584862707e-12 0.9659258262891353 0.2588190451022708
    outer loop
      vertex 40.137621649551875 -79.55124903317183 146.87658241674544
      vertex 40.131370849898474 -79.5514518830292 146.8773394627195
      vertex 40.14343571016266 -79.57420768611473 146.96226527600174
    endloop
  endfacet
  facet normal -1.8132041988111084e-13 0.9659258262890734 0.2588190451025021
    outer loop
      vertex 40.269365344465974 -79.73285292303895 147.55433736058168
      vertex 40.320910474971285 -79.77083383134853 147.6960840401107
      vertex 40.29581399063932 -79.67173244379231 147.32623262665027
    endloop
  endfacet
  facet normal -9.024597441414147e-14 0.965925826289074 0.2588190451024996
    outer loop
      vertex 40.4191499753949 -79.74465302598688 147.59837594431792
      vertex 40.47820725201806 -79.74121593544382 147.58554854778103
      vertex 40.47820725201806 -79.66091288446803 147.28585348153658
    endloop
  endfacet
  facet normal 7.80224435690528e-14 0.9659258262890776 0.25881904510248555
    outer loop
      vertex 40.29581399063932 -79.67173244379231 147.32623262665027
      vertex 40.320910474971285 -79.77083383134853 147.6960840401107
      vertex 40.3856406460551 -79.7668797160466 147.6813270809049
    endloop
  endfacet
  facet normal 3.8765411631929727e-14 0.9659258262890689 0.2588190451025183
    outer loop
      vertex 40.4191499753949 -79.74465302598688 147.59837594431792
      vertex 40.3856406460551 -79.64832728321073 147.23888337820054
      vertex 40.3856406460551 -79.7668797160466 147.6813270809049
    endloop
  endfacet
  facet normal -5.859790041631201e-14 0.9659258262890617 0.2588190451025456
    outer loop
      vertex 40.34683167405983 -79.87319186535903 148.07808942360077
      vertex 40.269365344465974 -79.8789859439521 148.09971321929314
      vertex 40.269365344465974 -79.90137006232905 148.18325188635853
    endloop
  endfacet
  facet normal -9.805067791902545e-14 0.9659258262890617 0.2588190451025456
    outer loop
      vertex 40.22461628070096 -79.89477478533603 148.15863797753056
      vertex 40.269365344465974 -79.90137006232905 148.18325188635853
      vertex 40.269365344465974 -79.8789859439521 148.09971321929314
    endloop
  endfacet
  facet normal -6.007896529191597e-14 0.9659258262890619 0.25881904510254455
    outer loop
      vertex 40.34683167405983 -79.87319186535903 148.07808942360077
      vertex 40.269365344465974 -79.90137006232905 148.18325188635853
      vertex 40.35888881543362 -79.92080329269282 148.25577768943134
    endloop
  endfacet
  facet normal 1.2109671912849842e-13 0.9659258262890652 0.25881904510253223
    outer loop
      vertex 40.34683167405983 -79.87319186535903 148.07808942360077
      vertex 40.3856406460551 -79.92361970189714 148.26628867167673
      vertex 40.3856406460551 -79.86420894729447 148.0445647169836
    endloop
  endfacet
  facet normal 1.8560949471523515e-13 0.9659258262890652 0.2588190451025323
    outer loop
      vertex 40.41920050951172 -79.87993388980095 148.10325100136384
      vertex 40.3856406460551 -79.86420894729447 148.0445647169836
      vertex 40.3856406460551 -79.92361970189714 148.26628867167673
    endloop
  endfacet
  facet normal 3.276480026227396e-14 0.9659258262890631 0.2588190451025399
    outer loop
      vertex 39.95202400834948 -79.63031523923256 147.1716615149258
      vertex 39.959483738160344 -79.61286684742261 147.1065432301807
      vertex 39.88586192623339 -79.61078905165752 147.09878879081765
    endloop
  endfacet
  facet normal -3.3164962968562805e-14 0.9659258262889067 0.25881904510312387
    outer loop
      vertex 39.88586192623339 -79.61078905165752 147.09878879081765
      vertex 39.959483738160344 -79.61286684742261 147.1065432301807
      vertex 39.92218483920195 -79.60844862404728 147.09005419606484
    endloop
  endfacet
  facet normal -2.9491520670862e-14 0.965925826289065 0.2588190451025333
    outer loop
      vertex 39.95202400834948 -79.63031523923256 147.1716615149258
      vertex 40.03923048454133 -79.66409467427259 147.29772808274618
      vertex 39.959483738160344 -79.61286684742261 147.1065432301807
    endloop
  endfacet
  facet normal 3.009427625323468e-13 0.9659258262890995 0.2588190451024047
    outer loop
      vertex 40.03923048454133 -79.66409467427259 147.29772808274618
      vertex 39.98150374274154 -79.61200819517853 147.10333869637975
      vertex 39.959483738160344 -79.61286684742261 147.1065432301807
    endloop
  endfacet
  facet normal -8.354421947298702e-13 0.965925826289015 0.2588190451027194
    outer loop
      vertex 40.03923048454133 -79.66409467427259 147.29772808274618
      vertex 39.99136440837235 -79.6116236980489 147.10190373355664
      vertex 39.98150374274154 -79.61200819517853 147.10333869637975
    endloop
  endfacet
  facet normal -6.547363518748542e-13 0.9659258262890261 0.25881904510267834
    outer loop
      vertex 39.99136440837235 -79.6116236980489 147.10190373355664
      vertex 40.03923048454133 -79.66409467427259 147.29772808274618
      vertex 39.99011714106438 -79.59459427760518 147.03834907123726
    endloop
  endfacet
  facet normal 7.854248276190192e-12 0.9659258262894289 0.25881904510117504
    outer loop
      vertex 40.004473587788965 -79.61111254261343 147.09999607550083
      vertex 39.99011714106438 -79.59459427760518 147.03834907123726
      vertex 40.03923048454133 -79.66409467427259 147.29772808274618
    endloop
  endfacet
  facet normal -8.060425070600498e-15 0.9659258262890679 0.25881904510252235
    outer loop
      vertex 40.03923048454133 -79.66409467427259 147.29772808274618
      vertex 40.108655439013546 -79.70053118868455 147.43371100578233
      vertex 40.131370849898474 -79.62299321259405 147.14433533949654
    endloop
  endfacet
  facet normal 2.528040984754701e-14 0.9659258262890672 0.25881904510252474
    outer loop
      vertex 40.164751896516194 -79.65838137423371 147.2764057567222
      vertex 40.131370849898474 -79.62299321259405 147.14433533949654
      vertex 40.108655439013546 -79.70053118868455 147.43371100578233
    endloop
  endfacet
  facet normal -8.783426662397001e-14 0.9659258262890799 0.25881904510247755
    outer loop
      vertex 40.131370849898474 -79.62299321259405 147.14433533949654
      vertex 40.004473587788965 -79.61111254261343 147.09999607550083
      vertex 40.03923048454133 -79.66409467427259 147.29772808274618
    endloop
  endfacet
  facet normal -1.1863719425636412e-13 0.96592582628908 0.25881904510247683
    outer loop
      vertex 40.164751896516194 -79.65838137423371 147.2764057567222
      vertex 40.108655439013546 -79.70053118868455 147.43371100578233
      vertex 40.17969376431479 -79.71738405412844 147.4966067558721
    endloop
  endfacet
  facet normal 2.346121315192202e-13 0.9659258262890612 0.25881904510254705
    outer loop
      vertex 40.269365344465974 -79.73285292303895 147.55433736058168
      vertex 40.29581399063932 -79.67173244379231 147.32623262665027
      vertex 40.269365344465974 -79.67301478324632 147.3310183826452
    endloop
  endfacet
  facet normal 1.0739633295027589e-13 0.9659258262890613 0.2588190451025471
    outer loop
      vertex 40.17969376431479 -79.71738405412844 147.4966067558721
      vertex 40.269365344465974 -79.73285292303895 147.55433736058168
      vertex 40.269365344465974 -79.67301478324632 147.3310183826452
    endloop
  endfacet
  facet normal -4.12494222413613e-14 0.9659258262890813 0.258819045102472
    outer loop
      vertex 40.164751896516194 -79.65838137423371 147.2764057567222
      vertex 40.17969376431479 -79.71738405412844 147.4966067558721
      vertex 40.269365344465974 -79.67301478324632 147.3310183826452
    endloop
  endfacet
  facet normal 9.336868389046646e-14 0.9659258262890816 0.25881904510247133
    outer loop
      vertex 39.828611366618865 -79.5952501860626 147.04079695492544
      vertex 39.84798974825341 -79.58444972835336 147.00048909800955
      vertex 39.8061733308208 -79.55303967718913 146.8832651911963
    endloop
  endfacet
  facet normal -8.315605635612263e-12 0.9659258262889993 0.2588190451027781
    outer loop
      vertex 39.98677128224699 -79.57964375317538 146.98255295446538
      vertex 39.99011714106438 -79.59459427760518 147.03834907123726
      vertex 39.98348736482266 -79.55187072977208 146.87890262004447
    endloop
  endfacet
  facet normal 3.4089212743857933e-13 0.9659258262890893 0.2588190451024423
    outer loop
      vertex 39.99641891281823 -79.57930611684657 146.9812928785318
      vertex 39.98348736482266 -79.55187072977208 146.87890262004447
      vertex 39.99011714106438 -79.59459427760518 147.03834907123726
    endloop
  endfacet
  facet normal -6.044544013890995e-15 0.9659258262890636 0.25881904510253817
    outer loop
      vertex 39.99641891281823 -79.57930611684657 146.9812928785318
      vertex 40.131370849898474 -79.58942995473225 147.01907555588878
      vertex 40.131370849898474 -79.5514518830292 146.8773394627195
    endloop
  endfacet
  facet normal 1.3198040770096016e-13 0.9659258262890952 0.2588190451024201
    outer loop
      vertex 40.3856406460551 -79.61233086525209 147.10454291748835
      vertex 40.28191479777679 -79.6168470948977 147.12139771598444
      vertex 40.3856406460551 -79.64832728321073 147.23888337820054
    endloop
  endfacet
  facet normal -2.1933150920335314e-10 0.9659258262890953 0.25881904510242015
    outer loop
      vertex 40.3856406460551 -79.61233086525209 147.10454291748835
      vertex 40.3856406460551 -79.64832728321073 147.23888337820054
      vertex 40.38571120651384 -79.6126094954887 147.10558277968795
    endloop
  endfacet
  facet normal 2.9028417562216e-14 0.9659258262890682 0.25881904510252063
    outer loop
      vertex 40.394652520175725 -79.64791709390555 147.23735253087287
      vertex 40.4191499753949 -79.74465302598688 147.59837594431792
      vertex 40.47820725201806 -79.66091288446803 147.28585348153658
    endloop
  endfacet
  facet normal -6.062750166727026e-14 0.9659258262890689 0.2588190451025183
    outer loop
      vertex 40.29581399063932 -79.67173244379231 147.32623262665027
      vertex 40.3856406460551 -79.7668797160466 147.6813270809049
      vertex 40.3856406460551 -79.64832728321073 147.23888337820054
    endloop
  endfacet
  facet normal -3.317434135414469e-14 0.9659258262890672 0.2588190451025246
    outer loop
      vertex 40.394652520175725 -79.64791709390555 147.23735253087287
      vertex 40.3856406460551 -79.64832728321073 147.23888337820054
      vertex 40.4191499753949 -79.74465302598688 147.59837594431792
    endloop
  endfacet
  facet normal -1.0081379351756491e-14 0.9659258262890729 0.258819045102504
    outer loop
      vertex 40.503968043524445 -79.68055436276644 147.359156476482
      vertex 40.47820725201806 -79.66091288446803 147.28585348153658
      vertex 40.49326345904048 -79.72036706886766 147.50773951843857
    endloop
  endfacet
  facet normal 5.867268321926796e-14 0.9659258262890741 0.25881904510249965
    outer loop
      vertex 40.49326345904048 -79.72036706886766 147.50773951843857
      vertex 40.47820725201806 -79.66091288446803 147.28585348153658
      vertex 40.47820725201806 -79.74121593544382 147.58554854778103
    endloop
  endfacet
  facet normal -3.159796406023988e-14 0.9659258262890654 0.2588190451025316
    outer loop
      vertex 38.58588952783597 -80.2193861013341 149.37010390154714
      vertex 38.601096452350625 -80.11162649010222 148.96793955742595
      vertex 38.52569284428547 -80.11522219066245 148.9813588946055
    endloop
  endfacet
  facet normal -7.922856435072774e-14 0.9659258262890321 0.258819045102655
    outer loop
      vertex 39.31058285412303 -80.1193861013341 148.99689882079025
      vertex 39.40217972894261 -80.13484223120383 149.05458188275247
      vertex 39.398903547649375 -80.11162649010222 148.96793955742595
    endloop
  endfacet
  facet normal -4.084705730693725e-14 0.9659258262890326 0.2588190451026537
    outer loop
      vertex 39.501413787988504 -80.1326917233541 149.0465560781952
      vertex 39.398903547649375 -80.11162649010222 148.96793955742595
      vertex 39.40217972894261 -80.13484223120383 149.05458188275247
    endloop
  endfacet
  facet normal 3.1620281766067143e-14 0.9659258262890709 0.25881904510251114
    outer loop
      vertex 39.766111727664935 -80.10095345314782 148.92810724124107
      vertex 39.677551627641 -80.07494716946735 148.8310504692295
      vertex 39.73891114108569 -80.12659563957413 149.02380518380122
    endloop
  endfacet
  facet normal -1.7221264651342796e-13 0.9659258262890419 0.2588190451026192
    outer loop
      vertex 39.781077462245385 -80.16953354859034 149.18405164182042
      vertex 39.73891114108569 -80.12659563957413 149.02380518380122
      vertex 39.69506017746511 -80.1309730547321 149.0401419195765
    endloop
  endfacet
  facet normal -2.35799393427618e-14 0.9659258262890642 0.2588190451025364
    outer loop
      vertex 39.57018813813811 -80.13748699154897 149.06445226273436
      vertex 39.781077462245385 -80.16953354859034 149.18405164182042
      vertex 39.69506017746511 -80.1309730547321 149.0401419195765
    endloop
  endfacet
  facet normal 9.896514218331642e-15 0.9659258262890659 0.2588190451025302
    outer loop
      vertex 38.791158092447915 -80.22995380100221 149.4095430936277
      vertex 39 -80.23349657349813 149.4227649005821
      vertex 38.91111781285236 -80.13312043808568 149.04815606335546
    endloop
  endfacet
  facet normal -1.1297433787227122e-14 0.9659258262890714 0.2588190451025095
    outer loop
      vertex 39 -80.23349657349813 149.4227649005821
      vertex 39.208841907552085 -80.22995380100221 149.4095430936277
      vertex 39.07918632978256 -80.14407013141626 149.08902087519243
    endloop
  endfacet
  facet normal -1.5486673669220034e-14 0.9659258262890724 0.2588190451025055
    outer loop
      vertex 38.58588952783597 -80.2193861013341 149.37010390154714
      vertex 38.791158092447915 -80.22995380100221 149.4095430936277
      vertex 38.75204925917007 -80.12303723190563 149.01052502558827
    endloop
  endfacet
  facet normal 1.2077904211341018e-13 0.9659258262890639 0.25881904510253706
    outer loop
      vertex 38.58588952783597 -80.2193861013341 149.37010390154714
      vertex 38.68941714587697 -80.1193861013341 148.99689882079025
      vertex 38.601096452350625 -80.11162649010222 148.96793955742595
    endloop
  endfacet
  facet normal -3.677719085003661e-14 0.9659258262890749 0.2588190451024962
    outer loop
      vertex 38.58588952783597 -80.2193861013341 149.37010390154714
      vertex 38.75204925917007 -80.12303723190563 149.01052502558827
      vertex 38.68941714587697 -80.1193861013341 148.99689882079025
    endloop
  endfacet
  facet normal -1.1661931246675139e-13 0.9659258262890699 0.2588190451025147
    outer loop
      vertex 38.791158092447915 -80.22995380100221 149.4095430936277
      vertex 38.84285348005692 -80.12832450340164 149.03025739144485
      vertex 38.75204925917007 -80.12303723190563 149.01052502558827
    endloop
  endfacet
  facet normal 1.34964072091891e-14 0.9659258262890655 0.2588190451025313
    outer loop
      vertex 38.791158092447915 -80.22995380100221 149.4095430936277
      vertex 38.91111781285236 -80.13312043808568 149.04815606335546
      vertex 38.84285348005692 -80.12832450340164 149.03025739144485
    endloop
  endfacet
  facet normal 4.6356129740954285e-14 0.9659258262890679 0.258819045102522
    outer loop
      vertex 39 -80.23349657349813 149.4227649005821
      vertex 39 -80.13891112902375 149.06976721614726
      vertex 38.91111781285236 -80.13312043808568 149.04815606335546
    endloop
  endfacet
  facet normal 4.531831550304766e-14 0.9659258262890679 0.25881904510252196
    outer loop
      vertex 39 -80.23349657349813 149.4227649005821
      vertex 39.07918632978256 -80.14407013141626 149.08902087519243
      vertex 39 -80.13891112902375 149.06976721614726
    endloop
  endfacet
  facet normal 5.5836036781937546e-14 0.9659258262890781 0.25881904510248416
    outer loop
      vertex 39.208841907552085 -80.22995380100221 149.4095430936277
      vertex 39.1679253552372 -80.14951489408367 149.10934100610234
      vertex 39.07918632978256 -80.14407013141626 149.08902087519243
    endloop
  endfacet
  facet normal 1.2310243654742167e-14 0.9659258262890764 0.25881904510249004
    outer loop
      vertex 39.208841907552085 -80.22995380100221 149.4095430936277
      vertex 39.41411047216403 -80.2193861013341 149.37010390154714
      vertex 39.28779249485796 -80.15766030369154 149.1397400886074
    endloop
  endfacet
  facet normal 4.725524989548891e-14 0.9659258262890628 0.25881904510254167
    outer loop
      vertex 39.41411047216403 -80.2193861013341 149.37010390154714
      vertex 39.61229349178414 -80.20197429076504 149.30512213985162
      vertex 39.570890639784885 -80.17610394852521 149.2085727082034
    endloop
  endfacet
  facet normal 1.1286345164973128e-14 0.9659258262890766 0.2588190451024898
    outer loop
      vertex 39.208841907552085 -80.22995380100221 149.4095430936277
      vertex 39.28779249485796 -80.15766030369154 149.1397400886074
      vertex 39.1679253552372 -80.14951489408367 149.10934100610234
    endloop
  endfacet
  facet normal -3.1108248077072067e-13 0.9659258262890615 0.2588190451025462
    outer loop
      vertex 39.41411047216403 -80.2193861013341 149.37010390154714
      vertex 39.406514417515424 -80.16555878766258 149.1692176320901
      vertex 39.35472153793695 -80.16202079596839 149.15601366733057
    endloop
  endfacet
  facet normal 1.2125971956824447e-13 0.9659258262890914 0.25881904510243436
    outer loop
      vertex 39.41411047216403 -80.2193861013341 149.37010390154714
      vertex 39.35472153793695 -80.16202079596839 149.15601366733057
      vertex 39.28779249485796 -80.15766030369154 149.1397400886074
    endloop
  endfacet
  facet normal 1.544622151036162e-13 0.9659258262890743 0.2588190451024988
    outer loop
      vertex 39.596927661700235 -80.17844044538627 149.2172926332006
      vertex 39.570890639784885 -80.17610394852521 149.2085727082034
      vertex 39.61229349178414 -80.20197429076504 149.30512213985162
    endloop
  endfacet
  facet normal 3.8661738046323533e-14 0.9659258262890648 0.2588190451025339
    outer loop
      vertex 39.41411047216403 -80.2193861013341 149.37010390154714
      vertex 39.570890639784885 -80.17610394852521 149.2085727082034
      vertex 39.406514417515424 -80.16555878766258 149.1692176320901
    endloop
  endfacet
  facet normal -5.5176854395483496e-14 0.965925826289064 0.258819045102537
    outer loop
      vertex 39.6 -80.08835874298451 148.88110314300496
      vertex 39.73891114108569 -80.12659563957413 149.02380518380122
      vertex 39.677551627641 -80.07494716946735 148.8310504692295
    endloop
  endfacet
  facet normal 1.7665656441567158e-13 0.9659258262890913 0.25881904510243486
    outer loop
      vertex 39.91960968941878 -80.09141369701992 148.8925043866799
      vertex 39.84491552676614 -80.07491121958545 148.8309163024437
      vertex 39.937808013220405 -80.12744422135842 149.02697213413455
    endloop
  endfacet
  facet normal -3.7200980746060394e-14 0.9659258262890605 0.2588190451025495
    outer loop
      vertex 39.73891114108569 -80.12659563957413 149.02380518380122
      vertex 39.8 -80.17801629020131 149.21570966450008
      vertex 39.77865435133303 -80.12947571460751 149.03455377015538
    endloop
  endfacet
  facet normal -4.5213325213965815e-14 0.965925826289065 0.2588190451025329
    outer loop
      vertex 39.766111727664935 -80.10095345314782 148.92810724124107
      vertex 39.937808013220405 -80.12744422135842 149.02697213413455
      vertex 39.84491552676614 -80.07491121958545 148.8309163024437
    endloop
  endfacet
  facet normal 1.4604492318051213e-13 0.9659258262890623 0.2588190451025432
    outer loop
      vertex 39.98834095545303 -80.14467109388366 149.09126369765423
      vertex 39.96647603529892 -80.08460527591731 148.86709501320567
      vertex 39.96957905061309 -80.14331147312399 149.08618952390012
    endloop
  endfacet
  facet normal 1.6956049335534588e-13 0.9659258262890623 0.2588190451025428
    outer loop
      vertex 39.96957905061309 -80.14331147312399 149.08618952390012
      vertex 39.96647603529892 -80.08460527591731 148.86709501320567
      vertex 39.945368463865506 -80.08292201554785 148.8608129999845
    endloop
  endfacet
  facet normal -3.168852362953844e-13 0.9659258262890492 0.25881904510259146
    outer loop
      vertex 39.96957905061309 -80.14331147312399 149.08618952390012
      vertex 39.945368463865506 -80.08292201554785 148.8608129999845
      vertex 39.91960968941878 -80.09141369701992 148.8925043866799
    endloop
  endfacet
  facet normal 5.077423940834711e-13 0.9659258262891025 0.258819045102393
    outer loop
      vertex 39.96957905061309 -80.14331147312399 149.08618952390012
      vertex 39.91960968941878 -80.09141369701992 148.8925043866799
      vertex 39.937808013220405 -80.12744422135842 149.02697213413455
    endloop
  endfacet
  facet normal 2.349884405459725e-14 0.9659258262890593 0.25881904510255427
    outer loop
      vertex 39.98834095545303 -80.14467109388366 149.09126369765423
      vertex 40.077073309269764 -80.12453078298054 149.01609903408357
      vertex 39.96647603529892 -80.08460527591731 148.86709501320567
    endloop
  endfacet
  facet normal -7.474218492204615e-13 0.965925826289004 0.25881904510276044
    outer loop
      vertex 39.781077462245385 -80.16953354859034 149.18405164182042
      vertex 39.8 -80.17801629020131 149.21570966450008
      vertex 39.73891114108569 -80.12659563957413 149.02380518380122
    endloop
  endfacet
  facet normal -4.18633861276126e-15 0.9659258262890615 0.25881904510254594
    outer loop
      vertex 39.77865435133303 -80.12947571460751 149.03455377015538
      vertex 39.8 -80.17801629020131 149.21570966450008
      vertex 39.97401828641395 -80.14792202767501 149.1033963477356
    endloop
  endfacet
  facet normal 1.3377677046622563e-12 0.9659258262891269 0.2588190451023018
    outer loop
      vertex 40.10862951503512 -80.02240508764739 148.63496075034192
      vertex 40.09066328904045 -80.00014563767537 148.55188735209785
      vertex 40.105640511502685 -80.04137530843227 148.70575857814197
    endloop
  endfacet
  facet normal -1.9167460868329443e-12 0.9659258262890478 0.2588190451025974
    outer loop
      vertex 40.09451381436291 -80.0211478678313 148.63026874211204
      vertex 40.105640511502685 -80.04137530843227 148.70575857814197
      vertex 40.09066328904045 -80.00014563767537 148.55188735209785
    endloop
  endfacet
  facet normal 4.102760523676603e-13 0.9659258262890695 0.2588190451025155
    outer loop
      vertex 40.3856406460551 -79.96586502780109 148.42395037433255
      vertex 40.35888881543362 -79.92080329269282 148.25577768943134
      vertex 40.38068471672784 -80.00687128662871 148.57698781570556
    endloop
  endfacet
  facet normal -8.729918175266847e-14 0.9659258262890612 0.25881904510254705
    outer loop
      vertex 40.269365344465974 -79.95426877480249 148.38067256896434
      vertex 40.38068471672784 -80.00687128662871 148.57698781570556
      vertex 40.35888881543362 -79.92080329269282 148.25577768943134
    endloop
  endfacet
endsolid OpenSCAD_Model
