solid OpenSCAD_Model
  facet normal 0 0 -1
    outer loop
      vertex -94.61229349178414 -44.47820725201806 49.900000000000006
      vertex -94.8 -44.3856406460551 49.900000000000006
      vertex -94.5125 -43.88767603887905 49.900000000000006
    endloop
  endfacet
  facet normal 0 0 -1
    outer loop
      vertex -94.97401828641395 -44.269365344465974 49.900000000000006
      vertex -94.72478445071621 -43.724784450716214 49.900000000000006
      vertex -94.8 -44.3856406460551 49.900000000000006
    endloop
  endfacet
  facet normal 0 0 -1
    outer loop
      vertex -95.13137084989847 -44.131370849898474 49.900000000000006
      vertex -94.94697652082407 -43.392250518174215 49.900000000000006
      vertex -94.97401828641395 -44.269365344465974 49.900000000000006
    endloop
  endfacet
  facet normal 0 0 -1
    outer loop
      vertex -94.8 -44.3856406460551 49.900000000000006
      vertex -94.72478445071621 -43.724784450716214 49.900000000000006
      vertex -94.62398046473393 -43.81318717379852 49.900000000000006
    endloop
  endfacet
  facet normal 0 0 -1
    outer loop
      vertex -94.8 -44.3856406460551 49.900000000000006
      vertex -94.62398046473393 -43.81318717379852 49.900000000000006
      vertex -94.5125 -43.88767603887905 49.900000000000006
    endloop
  endfacet
  facet normal 0 0 -1
    outer loop
      vertex -95.38564064605511 -42.2 49.900000000000006
      vertex -95.38564064605511 -43.8 49.900000000000006
      vertex -95.47820725201805 -43.612293491784136 49.900000000000006
    endloop
  endfacet
  facet normal 0 0 -1
    outer loop
      vertex -95.26936534446598 -43.97401828641395 49.900000000000006
      vertex -95.38564064605511 -43.8 49.900000000000006
      vertex -95.26936534446598 -42.02598171358605 49.900000000000006
    endloop
  endfacet
  facet normal 0 0 -1
    outer loop
      vertex -95.13137084989847 -44.131370849898474 49.900000000000006
      vertex -95.26936534446598 -43.97401828641395 49.900000000000006
      vertex -95.13137084989847 -41.868629150101526 49.900000000000006
    endloop
  endfacet
  facet normal 0 0 -1
    outer loop
      vertex -94.97401828641395 -44.269365344465974 49.900000000000006
      vertex -94.94697652082407 -43.392250518174215 49.900000000000006
      vertex -94.88767603887905 -43.5125 49.900000000000006
    endloop
  endfacet
  facet normal 0 0 -1
    outer loop
      vertex -94.97401828641395 -44.269365344465974 49.900000000000006
      vertex -94.88767603887905 -43.5125 49.900000000000006
      vertex -94.81318717379851 -43.62398046473394 49.900000000000006
    endloop
  endfacet
  facet normal 0 0 -1
    outer loop
      vertex -94.97401828641395 -44.269365344465974 49.900000000000006
      vertex -94.81318717379851 -43.62398046473394 49.900000000000006
      vertex -94.72478445071621 -43.724784450716214 49.900000000000006
    endloop
  endfacet
  facet normal 0 0 -1
    outer loop
      vertex -95.13137084989847 -44.131370849898474 49.900000000000006
      vertex -94.9900739719463 -43.26528952123008 49.900000000000006
      vertex -94.94697652082407 -43.392250518174215 49.900000000000006
    endloop
  endfacet
  facet normal 0 0 -1
    outer loop
      vertex -95.13137084989847 -44.131370849898474 49.900000000000006
      vertex -95.01623098290816 -43.133789347025555 49.900000000000006
      vertex -94.9900739719463 -43.26528952123008 49.900000000000006
    endloop
  endfacet
  facet normal 0 0 -1
    outer loop
      vertex -95.13137084989847 -44.131370849898474 49.900000000000006
      vertex -95.025 -43 49.900000000000006
      vertex -95.01623098290816 -43.133789347025555 49.900000000000006
    endloop
  endfacet
  facet normal 0 0 -1
    outer loop
      vertex -94.61229349178414 -44.47820725201806 49.900000000000006
      vertex -94.39225051817422 -43.946976520824066 49.900000000000006
      vertex -94.41411047216404 -44.5454813220625 49.900000000000006
    endloop
  endfacet
  facet normal 0 0 -1
    outer loop
      vertex -94.13378934702556 -44.016230982908155 49.900000000000006
      vertex -94.20884190755208 -44.586311778198095 49.900000000000006
      vertex -94.41411047216404 -44.5454813220625 49.900000000000006
    endloop
  endfacet
  facet normal 0 0 -1
    outer loop
      vertex -94.20884190755208 -44.586311778198095 49.900000000000006
      vertex -94.13378934702556 -44.016230982908155 49.900000000000006
      vertex -94 -44.6 49.900000000000006
    endloop
  endfacet
  facet normal 0 0 -1
    outer loop
      vertex -94.61229349178414 -44.47820725201806 49.900000000000006
      vertex -94.5125 -43.88767603887905 49.900000000000006
      vertex -94.39225051817422 -43.946976520824066 49.900000000000006
    endloop
  endfacet
  facet normal 0 0 -1
    outer loop
      vertex -94.39225051817422 -43.946976520824066 49.900000000000006
      vertex -94.26528952123009 -43.990073971946295 49.900000000000006
      vertex -94.41411047216404 -44.5454813220625 49.900000000000006
    endloop
  endfacet
  facet normal 0 0 -1
    outer loop
      vertex -94.26528952123009 -43.990073971946295 49.900000000000006
      vertex -94.13378934702556 -44.016230982908155 49.900000000000006
      vertex -94.41411047216404 -44.5454813220625 49.900000000000006
    endloop
  endfacet
  facet normal 0 0 -1
    outer loop
      vertex -94.13378934702556 -44.016230982908155 49.900000000000006
      vertex -94 -44.025 49.900000000000006
      vertex -94 -44.6 49.900000000000006
    endloop
  endfacet
  facet normal 0 0 -1
    outer loop
      vertex -94 -44.6 49.900000000000006
      vertex -93.86621065297444 -44.016230982908155 49.900000000000006
      vertex -93.79115809244792 -44.586311778198095 49.900000000000006
    endloop
  endfacet
  facet normal 0 0 -1
    outer loop
      vertex -93.79115809244792 -44.586311778198095 49.900000000000006
      vertex -93.73471047876991 -43.990073971946295 49.900000000000006
      vertex -93.58588952783597 -44.54548132206251 49.900000000000006
    endloop
  endfacet
  facet normal 0 0 -1
    outer loop
      vertex -93.4875 -43.88767603887905 49.900000000000006
      vertex -93.38770650821586 -44.47820725201806 49.900000000000006
      vertex -93.58588952783597 -44.54548132206251 49.900000000000006
    endloop
  endfacet
  facet normal 0 0 -1
    outer loop
      vertex -94 -44.6 49.900000000000006
      vertex -94 -44.025 49.900000000000006
      vertex -93.86621065297444 -44.016230982908155 49.900000000000006
    endloop
  endfacet
  facet normal 0 0 -1
    outer loop
      vertex -93.79115809244792 -44.586311778198095 49.900000000000006
      vertex -93.86621065297444 -44.016230982908155 49.900000000000006
      vertex -93.73471047876991 -43.990073971946295 49.900000000000006
    endloop
  endfacet
  facet normal 0 0 -1
    outer loop
      vertex -93.73471047876991 -43.990073971946295 49.900000000000006
      vertex -93.60774948182578 -43.946976520824066 49.900000000000006
      vertex -93.58588952783597 -44.54548132206251 49.900000000000006
    endloop
  endfacet
  facet normal 0 0 -1
    outer loop
      vertex -93.60774948182578 -43.946976520824066 49.900000000000006
      vertex -93.4875 -43.88767603887905 49.900000000000006
      vertex -93.58588952783597 -44.54548132206251 49.900000000000006
    endloop
  endfacet
  facet normal 0 0 -1
    outer loop
      vertex -95.54548132206251 -43.41411047216403 49.900000000000006
      vertex -95.47820725201805 -42.38770650821586 49.900000000000006
      vertex -95.47820725201805 -43.612293491784136 49.900000000000006
    endloop
  endfacet
  facet normal 0 0 -1
    outer loop
      vertex -95.54548132206251 -43.41411047216403 49.900000000000006
      vertex -95.5863117781981 -43.208841907552085 49.900000000000006
      vertex -95.54548132206251 -42.58588952783597 49.900000000000006
    endloop
  endfacet
  facet normal 0 0 -1
    outer loop
      vertex -95.5863117781981 -43.208841907552085 49.900000000000006
      vertex -95.6 -43 49.900000000000006
      vertex -95.5863117781981 -42.791158092447915 49.900000000000006
    endloop
  endfacet
  facet normal 0 0 -1
    outer loop
      vertex -95.5863117781981 -43.208841907552085 49.900000000000006
      vertex -95.5863117781981 -42.791158092447915 49.900000000000006
      vertex -95.54548132206251 -42.58588952783597 49.900000000000006
    endloop
  endfacet
  facet normal 0 0 -1
    outer loop
      vertex -95.54548132206251 -43.41411047216403 49.900000000000006
      vertex -95.54548132206251 -42.58588952783597 49.900000000000006
      vertex -95.47820725201805 -42.38770650821586 49.900000000000006
    endloop
  endfacet
  facet normal 0 0 -1
    outer loop
      vertex -95.47820725201805 -42.38770650821586 49.900000000000006
      vertex -95.38564064605511 -42.2 49.900000000000006
      vertex -95.47820725201805 -43.612293491784136 49.900000000000006
    endloop
  endfacet
  facet normal 0 0 -1
    outer loop
      vertex -95.38564064605511 -43.8 49.900000000000006
      vertex -95.38564064605511 -42.2 49.900000000000006
      vertex -95.26936534446598 -42.02598171358605 49.900000000000006
    endloop
  endfacet
  facet normal 0 0 -1
    outer loop
      vertex -95.26936534446598 -43.97401828641395 49.900000000000006
      vertex -95.26936534446598 -42.02598171358605 49.900000000000006
      vertex -95.13137084989847 -41.868629150101526 49.900000000000006
    endloop
  endfacet
  facet normal 0 0 -1
    outer loop
      vertex -95.13137084989847 -44.131370849898474 49.900000000000006
      vertex -95.13137084989847 -41.868629150101526 49.900000000000006
      vertex -94.97401828641395 -41.730634655534026 49.900000000000006
    endloop
  endfacet
  facet normal 0 0 -1
    outer loop
      vertex -95.13137084989847 -44.131370849898474 49.900000000000006
      vertex -94.97401828641395 -41.730634655534026 49.900000000000006
      vertex -95.025 -43 49.900000000000006
    endloop
  endfacet
  facet normal 0 0 -1
    outer loop
      vertex -95.025 -43 49.900000000000006
      vertex -94.97401828641395 -41.730634655534026 49.900000000000006
      vertex -95.01623098290816 -42.866210652974445 49.900000000000006
    endloop
  endfacet
  facet normal 0 0 -1
    outer loop
      vertex -95.01623098290816 -42.866210652974445 49.900000000000006
      vertex -94.97401828641395 -41.730634655534026 49.900000000000006
      vertex -94.9900739719463 -42.73471047876992 49.900000000000006
    endloop
  endfacet
  facet normal 0 0 -1
    outer loop
      vertex -94.9900739719463 -42.73471047876992 49.900000000000006
      vertex -94.97401828641395 -41.730634655534026 49.900000000000006
      vertex -94.94697652082407 -42.607749481825785 49.900000000000006
    endloop
  endfacet
  facet normal 0 0 -1
    outer loop
      vertex -94.94697652082407 -42.607749481825785 49.900000000000006
      vertex -94.97401828641395 -41.730634655534026 49.900000000000006
      vertex -94.88767603887905 -42.4875 49.900000000000006
    endloop
  endfacet
  facet normal 0 0 -1
    outer loop
      vertex -94.88767603887905 -42.4875 49.900000000000006
      vertex -94.8 -41.6143593539449 49.900000000000006
      vertex -94.81318717379851 -42.37601953526606 49.900000000000006
    endloop
  endfacet
  facet normal 0 0 -1
    outer loop
      vertex -94.88767603887905 -42.4875 49.900000000000006
      vertex -94.97401828641395 -41.730634655534026 49.900000000000006
      vertex -94.8 -41.6143593539449 49.900000000000006
    endloop
  endfacet
  facet normal 0 0 -1
    outer loop
      vertex -94.81318717379851 -42.37601953526606 49.900000000000006
      vertex -94.8 -41.6143593539449 49.900000000000006
      vertex -94.72478445071621 -42.275215549283786 49.900000000000006
    endloop
  endfacet
  facet normal 0 0 -1
    outer loop
      vertex -94.72478445071621 -42.275215549283786 49.900000000000006
      vertex -94.61229349178414 -41.52179274798194 49.900000000000006
      vertex -94.62398046473393 -42.18681282620148 49.900000000000006
    endloop
  endfacet
  facet normal 0 0 -1
    outer loop
      vertex -94.62398046473393 -42.18681282620148 49.900000000000006
      vertex -94.61229349178414 -41.52179274798194 49.900000000000006
      vertex -94.5125 -42.11232396112095 49.900000000000006
    endloop
  endfacet
  facet normal 0 0 -1
    outer loop
      vertex -94.72478445071621 -42.275215549283786 49.900000000000006
      vertex -94.8 -41.6143593539449 49.900000000000006
      vertex -94.61229349178414 -41.52179274798194 49.900000000000006
    endloop
  endfacet
  facet normal 0 0 -1
    outer loop
      vertex -94.5125 -42.11232396112095 49.900000000000006
      vertex -94.41411047216403 -41.45451867793749 49.900000000000006
      vertex -94.39225051817422 -42.053023479175934 49.900000000000006
    endloop
  endfacet
  facet normal 0 0 -1
    outer loop
      vertex -94.39225051817422 -42.053023479175934 49.900000000000006
      vertex -94.41411047216403 -41.45451867793749 49.900000000000006
      vertex -94.26528952123009 -42.009926028053705 49.900000000000006
    endloop
  endfacet
  facet normal 0 0 -1
    outer loop
      vertex -94.26528952123009 -42.009926028053705 49.900000000000006
      vertex -94.20884190755208 -41.413688221801905 49.900000000000006
      vertex -94.13378934702556 -41.983769017091845 49.900000000000006
    endloop
  endfacet
  facet normal 0 0 -1
    outer loop
      vertex -94.13378934702556 -41.983769017091845 49.900000000000006
      vertex -94 -41.4 49.900000000000006
      vertex -94 -41.975 49.900000000000006
    endloop
  endfacet
  facet normal 0 0 -1
    outer loop
      vertex -94 -41.975 49.900000000000006
      vertex -94 -41.4 49.900000000000006
      vertex -93.86621065297444 -41.983769017091845 49.900000000000006
    endloop
  endfacet
  facet normal 0 0 -1
    outer loop
      vertex -93.60774948182578 -42.053023479175934 49.900000000000006
      vertex -93.73471047876991 -42.009926028053705 49.900000000000006
      vertex -93.58588952783597 -41.45451867793749 49.900000000000006
    endloop
  endfacet
  facet normal 0 0 -1
    outer loop
      vertex -93.86621065297444 -41.983769017091845 49.900000000000006
      vertex -93.58588952783597 -41.45451867793749 49.900000000000006
      vertex -93.73471047876991 -42.009926028053705 49.900000000000006
    endloop
  endfacet
  facet normal 0 0 -1
    outer loop
      vertex -93.4875 -42.11232396112095 49.900000000000006
      vertex -93.60774948182578 -42.053023479175934 49.900000000000006
      vertex -93.38770650821586 -41.52179274798194 49.900000000000006
    endloop
  endfacet
  facet normal 0 0 -1
    outer loop
      vertex -93.38770650821586 -44.47820725201806 49.900000000000006
      vertex -93.27521554928379 -43.724784450716214 49.900000000000006
      vertex -93.2 -44.3856406460551 49.900000000000006
    endloop
  endfacet
  facet normal 0 0 -1
    outer loop
      vertex -93.4875 -43.88767603887905 49.900000000000006
      vertex -93.37601953526607 -43.81318717379852 49.900000000000006
      vertex -93.38770650821586 -44.47820725201806 49.900000000000006
    endloop
  endfacet
  facet normal 0 0 -1
    outer loop
      vertex -93.38770650821586 -44.47820725201806 49.900000000000006
      vertex -93.37601953526607 -43.81318717379852 49.900000000000006
      vertex -93.27521554928379 -43.724784450716214 49.900000000000006
    endloop
  endfacet
  facet normal 0 0 -1
    outer loop
      vertex -93.2 -44.3856406460551 49.900000000000006
      vertex -93.27521554928379 -43.724784450716214 49.900000000000006
      vertex -93.18681282620149 -43.62398046473394 49.900000000000006
    endloop
  endfacet
  facet normal 0 0 -1
    outer loop
      vertex -93.2 -44.3856406460551 49.900000000000006
      vertex -93.11232396112095 -43.5125 49.900000000000006
      vertex -93.02598171358605 -44.269365344465974 49.900000000000006
    endloop
  endfacet
  facet normal 0 0 -1
    outer loop
      vertex -93.2 -44.3856406460551 49.900000000000006
      vertex -93.18681282620149 -43.62398046473394 49.900000000000006
      vertex -93.11232396112095 -43.5125 49.900000000000006
    endloop
  endfacet
  facet normal 0 0 -1
    outer loop
      vertex -93.02598171358605 -44.269365344465974 49.900000000000006
      vertex -93.11232396112095 -43.5125 49.900000000000006
      vertex -93.05302347917593 -43.392250518174215 49.900000000000006
    endloop
  endfacet
  facet normal 0 0 -1
    outer loop
      vertex -93.02598171358605 -44.269365344465974 49.900000000000006
      vertex -93.05302347917593 -43.392250518174215 49.900000000000006
      vertex -93.0099260280537 -43.26528952123008 49.900000000000006
    endloop
  endfacet
  facet normal 0 0 -1
    outer loop
      vertex -93.02598171358605 -44.269365344465974 49.900000000000006
      vertex -93.0099260280537 -43.26528952123008 49.900000000000006
      vertex -92.98376901709184 -43.133789347025555 49.900000000000006
    endloop
  endfacet
  facet normal 0 0 -1
    outer loop
      vertex -93.02598171358605 -44.269365344465974 49.900000000000006
      vertex -92.98376901709184 -43.133789347025555 49.900000000000006
      vertex -92.975 -43 49.900000000000006
    endloop
  endfacet
  facet normal 0 0 -1
    outer loop
      vertex -93.02598171358605 -44.269365344465974 49.900000000000006
      vertex -92.86862915010153 -41.868629150101526 49.900000000000006
      vertex -92.86862915010153 -44.131370849898474 49.900000000000006
    endloop
  endfacet
  facet normal 0 0 -1
    outer loop
      vertex -92.86862915010153 -44.131370849898474 49.900000000000006
      vertex -92.73063465553402 -42.02598171358605 49.900000000000006
      vertex -92.73063465553402 -43.97401828641395 49.900000000000006
    endloop
  endfacet
  facet normal 0 0 -1
    outer loop
      vertex -92.73063465553402 -43.97401828641395 49.900000000000006
      vertex -92.61435935394489 -42.2 49.900000000000006
      vertex -92.61435935394489 -43.8 49.900000000000006
    endloop
  endfacet
  facet normal 0 0 -1
    outer loop
      vertex -92.61435935394489 -43.8 49.900000000000006
      vertex -92.52179274798195 -42.387706508215864 49.900000000000006
      vertex -92.52179274798195 -43.61229349178414 49.900000000000006
    endloop
  endfacet
  facet normal 0 0 -1
    outer loop
      vertex -92.52179274798195 -43.61229349178414 49.900000000000006
      vertex -92.45451867793749 -42.58588952783597 49.900000000000006
      vertex -92.45451867793749 -43.41411047216403 49.900000000000006
    endloop
  endfacet
  facet normal 0 0 -1
    outer loop
      vertex -93.02598171358605 -44.269365344465974 49.900000000000006
      vertex -92.975 -43 49.900000000000006
      vertex -92.86862915010153 -41.868629150101526 49.900000000000006
    endloop
  endfacet
  facet normal 0 0 -1
    outer loop
      vertex -92.975 -43 49.900000000000006
      vertex -92.98376901709184 -42.866210652974445 49.900000000000006
      vertex -92.86862915010153 -41.868629150101526 49.900000000000006
    endloop
  endfacet
  facet normal 0 0 -1
    outer loop
      vertex -92.98376901709184 -42.866210652974445 49.900000000000006
      vertex -93.0099260280537 -42.73471047876992 49.900000000000006
      vertex -92.86862915010153 -41.868629150101526 49.900000000000006
    endloop
  endfacet
  facet normal 0 0 -1
    outer loop
      vertex -92.45451867793749 -43.41411047216403 49.900000000000006
      vertex -92.4136882218019 -42.791158092447915 49.900000000000006
      vertex -92.4136882218019 -43.208841907552085 49.900000000000006
    endloop
  endfacet
  facet normal 0 0 -1
    outer loop
      vertex -92.4136882218019 -43.208841907552085 49.900000000000006
      vertex -92.4136882218019 -42.791158092447915 49.900000000000006
      vertex -92.4 -43 49.900000000000006
    endloop
  endfacet
  facet normal 0 0 -1
    outer loop
      vertex -92.45451867793749 -43.41411047216403 49.900000000000006
      vertex -92.45451867793749 -42.58588952783597 49.900000000000006
      vertex -92.4136882218019 -42.791158092447915 49.900000000000006
    endloop
  endfacet
  facet normal 0 0 -1
    outer loop
      vertex -92.52179274798195 -43.61229349178414 49.900000000000006
      vertex -92.52179274798195 -42.387706508215864 49.900000000000006
      vertex -92.45451867793749 -42.58588952783597 49.900000000000006
    endloop
  endfacet
  facet normal 0 0 -1
    outer loop
      vertex -92.86862915010153 -44.131370849898474 49.900000000000006
      vertex -92.86862915010153 -41.868629150101526 49.900000000000006
      vertex -92.73063465553402 -42.02598171358605 49.900000000000006
    endloop
  endfacet
  facet normal 0 0 -1
    outer loop
      vertex -92.73063465553402 -43.97401828641395 49.900000000000006
      vertex -92.73063465553402 -42.02598171358605 49.900000000000006
      vertex -92.61435935394489 -42.2 49.900000000000006
    endloop
  endfacet
  facet normal 0 0 -1
    outer loop
      vertex -92.61435935394489 -43.8 49.900000000000006
      vertex -92.61435935394489 -42.2 49.900000000000006
      vertex -92.52179274798195 -42.387706508215864 49.900000000000006
    endloop
  endfacet
  facet normal 0 0 -1
    outer loop
      vertex -93.0099260280537 -42.73471047876992 49.900000000000006
      vertex -93.05302347917593 -42.607749481825785 49.900000000000006
      vertex -92.86862915010153 -41.868629150101526 49.900000000000006
    endloop
  endfacet
  facet normal 0 0 -1
    outer loop
      vertex -93.11232396112095 -42.4875 49.900000000000006
      vertex -93.18681282620149 -42.37601953526606 49.900000000000006
      vertex -93.02598171358605 -41.730634655534026 49.900000000000006
    endloop
  endfacet
  facet normal 0 0 -1
    outer loop
      vertex -93.27521554928379 -42.275215549283786 49.900000000000006
      vertex -93.02598171358605 -41.730634655534026 49.900000000000006
      vertex -93.18681282620149 -42.37601953526606 49.900000000000006
    endloop
  endfacet
  facet normal 0 0 -1
    outer loop
      vertex -93.11232396112095 -42.4875 49.900000000000006
      vertex -93.02598171358605 -41.730634655534026 49.900000000000006
      vertex -93.05302347917593 -42.607749481825785 49.900000000000006
    endloop
  endfacet
  facet normal 0 0 -1
    outer loop
      vertex -93.4875 -42.11232396112095 49.900000000000006
      vertex -93.2 -41.6143593539449 49.900000000000006
      vertex -93.37601953526607 -42.18681282620148 49.900000000000006
    endloop
  endfacet
  facet normal 0 0 -1
    outer loop
      vertex -93.37601953526607 -42.18681282620148 49.900000000000006
      vertex -93.2 -41.6143593539449 49.900000000000006
      vertex -93.27521554928379 -42.275215549283786 49.900000000000006
    endloop
  endfacet
  facet normal 0 0 -1
    outer loop
      vertex -93.05302347917593 -42.607749481825785 49.900000000000006
      vertex -93.02598171358605 -41.730634655534026 49.900000000000006
      vertex -92.86862915010153 -41.868629150101526 49.900000000000006
    endloop
  endfacet
  facet normal 0 0 -1
    outer loop
      vertex -93.27521554928379 -42.275215549283786 49.900000000000006
      vertex -93.2 -41.6143593539449 49.900000000000006
      vertex -93.02598171358605 -41.730634655534026 49.900000000000006
    endloop
  endfacet
  facet normal 0 0 -1
    outer loop
      vertex -94.5125 -42.11232396112095 49.900000000000006
      vertex -94.61229349178414 -41.52179274798194 49.900000000000006
      vertex -94.41411047216403 -41.45451867793749 49.900000000000006
    endloop
  endfacet
  facet normal 0 0 -1
    outer loop
      vertex -94.26528952123009 -42.009926028053705 49.900000000000006
      vertex -94.41411047216403 -41.45451867793749 49.900000000000006
      vertex -94.20884190755208 -41.413688221801905 49.900000000000006
    endloop
  endfacet
  facet normal 0 0 -1
    outer loop
      vertex -94.13378934702556 -41.983769017091845 49.900000000000006
      vertex -94.20884190755208 -41.413688221801905 49.900000000000006
      vertex -94 -41.4 49.900000000000006
    endloop
  endfacet
  facet normal 0 0 -1
    outer loop
      vertex -93.86621065297444 -41.983769017091845 49.900000000000006
      vertex -94 -41.4 49.900000000000006
      vertex -93.79115809244792 -41.413688221801905 49.900000000000006
    endloop
  endfacet
  facet normal 0 0 -1
    outer loop
      vertex -93.86621065297444 -41.983769017091845 49.900000000000006
      vertex -93.79115809244792 -41.413688221801905 49.900000000000006
      vertex -93.58588952783597 -41.45451867793749 49.900000000000006
    endloop
  endfacet
  facet normal 0 0 -1
    outer loop
      vertex -93.60774948182578 -42.053023479175934 49.900000000000006
      vertex -93.58588952783597 -41.45451867793749 49.900000000000006
      vertex -93.38770650821586 -41.52179274798194 49.900000000000006
    endloop
  endfacet
  facet normal 0 0 -1
    outer loop
      vertex -93.4875 -42.11232396112095 49.900000000000006
      vertex -93.38770650821586 -41.52179274798194 49.900000000000006
      vertex -93.2 -41.6143593539449 49.900000000000006
    endloop
  endfacet
  facet normal -0.7518398074789585 -0.6593458151000905 0
    outer loop
      vertex -95.13137084989847 -44.131370849898474 49.900000000000006
      vertex -95.26936534446598 -43.97401828641395 53.900000000000006
      vertex -95.26936534446598 -43.97401828641395 49.900000000000006
    endloop
  endfacet
  facet normal -0.5555702330196042 -0.8314696123025438 0
    outer loop
      vertex -94.97401828641395 -44.269365344465974 49.900000000000006
      vertex -94.8 -44.3856406460551 49.900000000000006
      vertex -94.8 -44.3856406460551 53.900000000000006
    endloop
  endfacet
  facet normal -0.4422886902190091 -0.8968727415326844 0
    outer loop
      vertex -94.61229349178414 -44.47820725201806 49.900000000000006
      vertex -94.61229349178414 -44.47820725201806 53.900000000000006
      vertex -94.8 -44.3856406460551 49.900000000000006
    endloop
  endfacet
  facet normal -0.6593458151000712 -0.7518398074789753 0
    outer loop
      vertex -95.13137084989847 -44.131370849898474 49.900000000000006
      vertex -94.97401828641395 -44.269365344465974 49.900000000000006
      vertex -94.97401828641395 -44.269365344465974 53.900000000000006
    endloop
  endfacet
  facet normal -0.8314696123025438 -0.5555702330196042 0
    outer loop
      vertex -95.26936534446598 -43.97401828641395 49.900000000000006
      vertex -95.38564064605511 -43.8 53.900000000000006
      vertex -95.38564064605511 -43.8 49.900000000000006
    endloop
  endfacet
  facet normal -0.9807852804032363 -0.1950903220160988 0
    outer loop
      vertex -95.54548132206251 -43.41411047216403 49.900000000000006
      vertex -95.5863117781981 -43.208841907552085 53.900000000000006
      vertex -95.5863117781981 -43.208841907552085 49.900000000000006
    endloop
  endfacet
  facet normal -0.32143946530313067 -0.9469301294951162 -5.408318576451072e-16
    outer loop
      vertex -94.61229349178414 -44.47820725201806 49.900000000000006
      vertex -94.41411047216404 -44.5454813220625 49.900000000000006
      vertex -94.41411047216403 -44.54548132206251 53.900000000000006
    endloop
  endfacet
  facet normal -0.06540312923015869 -0.9978589232386026 0
    outer loop
      vertex -94.20884190755208 -44.586311778198095 49.900000000000006
      vertex -94 -44.6 49.900000000000006
      vertex -94 -44.6 53.900000000000006
    endloop
  endfacet
  facet normal 0.06540312923015869 -0.9978589232386026 0
    outer loop
      vertex -94 -44.6 49.900000000000006
      vertex -93.79115809244792 -44.586311778198095 49.900000000000006
      vertex -93.79115809244792 -44.586311778198095 53.900000000000006
    endloop
  endfacet
  facet normal -0.9978589232386047 -0.06540312923012488 0
    outer loop
      vertex -95.5863117781981 -43.208841907552085 49.900000000000006
      vertex -95.6 -43 53.900000000000006
      vertex -95.6 -43 49.900000000000006
    endloop
  endfacet
  facet normal -0.9978589232386047 0.06540312923012488 0
    outer loop
      vertex -95.6 -43 49.900000000000006
      vertex -95.5863117781981 -42.791158092447915 53.900000000000006
      vertex -95.5863117781981 -42.791158092447915 49.900000000000006
    endloop
  endfacet
  facet normal -0.9807852804032363 0.1950903220160988 0
    outer loop
      vertex -95.5863117781981 -42.791158092447915 49.900000000000006
      vertex -95.54548132206251 -42.58588952783597 53.900000000000006
      vertex -95.54548132206251 -42.58588952783597 49.900000000000006
    endloop
  endfacet
  facet normal -0.9469301294950887 0.32143946530321166 0
    outer loop
      vertex -95.54548132206251 -42.58588952783597 49.900000000000006
      vertex -95.47820725201805 -42.38770650821586 53.900000000000006
      vertex -95.47820725201805 -42.38770650821586 49.900000000000006
    endloop
  endfacet
  facet normal -0.8968727415327113 0.4422886902189545 0
    outer loop
      vertex -95.47820725201805 -42.38770650821586 49.900000000000006
      vertex -95.38564064605511 -42.2 53.900000000000006
      vertex -95.38564064605511 -42.2 49.900000000000006
    endloop
  endfacet
  facet normal -0.8314696123025438 0.5555702330196042 0
    outer loop
      vertex -95.38564064605511 -42.2 49.900000000000006
      vertex -95.26936534446598 -42.02598171358605 53.900000000000006
      vertex -95.26936534446598 -42.02598171358605 49.900000000000006
    endloop
  endfacet
  facet normal -0.7518398074789585 0.6593458151000905 0
    outer loop
      vertex -95.26936534446598 -42.02598171358605 49.900000000000006
      vertex -95.13137084989847 -41.868629150101526 53.900000000000006
      vertex -95.13137084989847 -41.868629150101526 49.900000000000006
    endloop
  endfacet
  facet normal -0.6593458151000712 0.7518398074789753 0
    outer loop
      vertex -95.13137084989847 -41.868629150101526 49.900000000000006
      vertex -95.13137084989847 -41.868629150101526 53.900000000000006
      vertex -94.97401828641395 -41.730634655534026 49.900000000000006
    endloop
  endfacet
  facet normal 0.32143946530314044 -0.9469301294951128 0
    outer loop
      vertex -93.38770650821586 -44.47820725201806 49.900000000000006
      vertex -93.38770650821586 -44.47820725201806 53.900000000000006
      vertex -93.58588952783597 -44.54548132206251 49.900000000000006
    endloop
  endfacet
  facet normal 0.4422886902190091 -0.8968727415326844 0
    outer loop
      vertex -93.38770650821586 -44.47820725201806 49.900000000000006
      vertex -93.2 -44.3856406460551 49.900000000000006
      vertex -93.2 -44.3856406460551 53.900000000000006
    endloop
  endfacet
  facet normal 0.5555702330196042 -0.8314696123025438 0
    outer loop
      vertex -93.2 -44.3856406460551 49.900000000000006
      vertex -93.02598171358605 -44.269365344465974 49.900000000000006
      vertex -93.02598171358605 -44.269365344465974 53.900000000000006
    endloop
  endfacet
  facet normal 0.6593458151000712 -0.7518398074789753 0
    outer loop
      vertex -93.02598171358605 -44.269365344465974 49.900000000000006
      vertex -92.86862915010153 -44.131370849898474 49.900000000000006
      vertex -92.86862915010153 -44.131370849898474 53.900000000000006
    endloop
  endfacet
  facet normal 0.7518398074789585 -0.6593458151000905 0
    outer loop
      vertex -92.86862915010153 -44.131370849898474 49.900000000000006
      vertex -92.73063465553402 -43.97401828641395 49.900000000000006
      vertex -92.86862915010153 -44.131370849898474 53.900000000000006
    endloop
  endfacet
  facet normal 0.8314696123025438 -0.5555702330196042 0
    outer loop
      vertex -92.73063465553402 -43.97401828641395 49.900000000000006
      vertex -92.61435935394489 -43.8 49.900000000000006
      vertex -92.73063465553402 -43.97401828641395 53.900000000000006
    endloop
  endfacet
  facet normal 0.8968727415327113 -0.4422886902189545 0
    outer loop
      vertex -92.61435935394489 -43.8 49.900000000000006
      vertex -92.52179274798195 -43.61229349178414 49.900000000000006
      vertex -92.61435935394489 -43.8 53.900000000000006
    endloop
  endfacet
  facet normal 0.9469301294950887 -0.32143946530321166 0
    outer loop
      vertex -92.52179274798195 -43.61229349178414 49.900000000000006
      vertex -92.45451867793749 -43.41411047216403 49.900000000000006
      vertex -92.52179274798195 -43.61229349178414 53.900000000000006
    endloop
  endfacet
  facet normal 0.9807852804032363 -0.1950903220160988 0
    outer loop
      vertex -92.45451867793749 -43.41411047216403 49.900000000000006
      vertex -92.4136882218019 -43.208841907552085 49.900000000000006
      vertex -92.45451867793749 -43.41411047216403 53.900000000000006
    endloop
  endfacet
  facet normal 0.9978589232386047 -0.06540312923012488 0
    outer loop
      vertex -92.4136882218019 -43.208841907552085 49.900000000000006
      vertex -92.4 -43 49.900000000000006
      vertex -92.4136882218019 -43.208841907552085 53.900000000000006
    endloop
  endfacet
  facet normal 0.9807852804032363 0.1950903220160988 0
    outer loop
      vertex -92.4136882218019 -42.791158092447915 49.900000000000006
      vertex -92.45451867793749 -42.58588952783597 49.900000000000006
      vertex -92.4136882218019 -42.791158092447915 53.900000000000006
    endloop
  endfacet
  facet normal 0.6593458151000712 0.7518398074789753 0
    outer loop
      vertex -92.86862915010153 -41.868629150101526 49.900000000000006
      vertex -93.02598171358605 -41.730634655534026 49.900000000000006
      vertex -93.02598171358605 -41.730634655534026 53.900000000000006
    endloop
  endfacet
  facet normal 0.8314696123025438 0.5555702330196042 0
    outer loop
      vertex -92.61435935394489 -42.2 49.900000000000006
      vertex -92.73063465553402 -42.02598171358605 49.900000000000006
      vertex -92.61435935394489 -42.2 53.900000000000006
    endloop
  endfacet
  facet normal 0.7518398074789585 0.6593458151000905 0
    outer loop
      vertex -92.73063465553402 -42.02598171358605 49.900000000000006
      vertex -92.86862915010153 -41.868629150101526 49.900000000000006
      vertex -92.73063465553402 -42.02598171358605 53.900000000000006
    endloop
  endfacet
  facet normal 0.9978589232386047 0.06540312923012488 0
    outer loop
      vertex -92.4136882218019 -42.791158092447915 49.900000000000006
      vertex -92.4 -43 53.900000000000006
      vertex -92.4 -43 49.900000000000006
    endloop
  endfacet
  facet normal -0.5555702330196042 0.8314696123025438 0
    outer loop
      vertex -94.97401828641395 -41.730634655534026 49.900000000000006
      vertex -94.97401828641395 -41.730634655534026 53.900000000000006
      vertex -94.8 -41.6143593539449 49.900000000000006
    endloop
  endfacet
  facet normal -0.4422886902190091 0.8968727415326844 0
    outer loop
      vertex -94.8 -41.6143593539449 49.900000000000006
      vertex -94.8 -41.6143593539449 53.900000000000006
      vertex -94.61229349178414 -41.52179274798194 49.900000000000006
    endloop
  endfacet
  facet normal -0.32143946530314044 0.9469301294951128 0
    outer loop
      vertex -94.61229349178414 -41.52179274798194 49.900000000000006
      vertex -94.61229349178414 -41.52179274798194 53.900000000000006
      vertex -94.41411047216403 -41.45451867793749 49.900000000000006
    endloop
  endfacet
  facet normal -0.06540312923015869 0.9978589232386026 0
    outer loop
      vertex -94.20884190755208 -41.413688221801905 49.900000000000006
      vertex -94.20884190755208 -41.413688221801905 53.900000000000006
      vertex -94 -41.4 49.900000000000006
    endloop
  endfacet
  facet normal 0.06540312923015869 0.9978589232386026 0
    outer loop
      vertex -94 -41.4 49.900000000000006
      vertex -94 -41.4 53.900000000000006
      vertex -93.79115809244792 -41.413688221801905 49.900000000000006
    endloop
  endfacet
  facet normal 0.19509032201613796 0.9807852804032285 0
    outer loop
      vertex -93.79115809244792 -41.413688221801905 49.900000000000006
      vertex -93.79115809244792 -41.413688221801905 53.900000000000006
      vertex -93.58588952783597 -41.45451867793749 49.900000000000006
    endloop
  endfacet
  facet normal 0.32143946530314044 0.9469301294951128 0
    outer loop
      vertex -93.58588952783597 -41.45451867793749 49.900000000000006
      vertex -93.58588952783597 -41.45451867793749 53.900000000000006
      vertex -93.38770650821586 -41.52179274798194 49.900000000000006
    endloop
  endfacet
  facet normal 0.4422886902190091 0.8968727415326844 0
    outer loop
      vertex -93.38770650821586 -41.52179274798194 49.900000000000006
      vertex -93.38770650821586 -41.52179274798194 53.900000000000006
      vertex -93.2 -41.6143593539449 49.900000000000006
    endloop
  endfacet
  facet normal 0.5555702330196042 0.8314696123025438 0
    outer loop
      vertex -93.2 -41.6143593539449 49.900000000000006
      vertex -93.2 -41.6143593539449 53.900000000000006
      vertex -93.02598171358605 -41.730634655534026 49.900000000000006
    endloop
  endfacet
  facet normal -0.6593458151000712 -0.7518398074789753 0
    outer loop
      vertex -95.13137084989847 -44.131370849898474 49.900000000000006
      vertex -94.97401828641395 -44.269365344465974 53.900000000000006
      vertex -95.13137084989847 -44.131370849898474 53.900000000000006
    endloop
  endfacet
  facet normal -0.7518398074789585 -0.6593458151000905 0
    outer loop
      vertex -95.13137084989847 -44.131370849898474 49.900000000000006
      vertex -95.13137084989847 -44.131370849898474 53.900000000000006
      vertex -95.26936534446598 -43.97401828641395 53.900000000000006
    endloop
  endfacet
  facet normal -0.8314696123025438 -0.5555702330196042 0
    outer loop
      vertex -95.26936534446598 -43.97401828641395 49.900000000000006
      vertex -95.26936534446598 -43.97401828641395 53.900000000000006
      vertex -95.38564064605511 -43.8 53.900000000000006
    endloop
  endfacet
  facet normal -0.5555702330196042 -0.8314696123025438 0
    outer loop
      vertex -94.97401828641395 -44.269365344465974 49.900000000000006
      vertex -94.8 -44.3856406460551 53.900000000000006
      vertex -94.97401828641395 -44.269365344465974 53.900000000000006
    endloop
  endfacet
  facet normal -0.32143946530314044 -0.9469301294951128 0
    outer loop
      vertex -94.61229349178414 -44.47820725201806 49.900000000000006
      vertex -94.41411047216403 -44.54548132206251 53.900000000000006
      vertex -94.61229349178414 -44.47820725201806 53.900000000000006
    endloop
  endfacet
  facet normal -0.4422886902190091 -0.8968727415326844 0
    outer loop
      vertex -94.8 -44.3856406460551 49.900000000000006
      vertex -94.61229349178414 -44.47820725201806 53.900000000000006
      vertex -94.8 -44.3856406460551 53.900000000000006
    endloop
  endfacet
  facet normal -0.8968727415327113 -0.4422886902189545 0
    outer loop
      vertex -95.38564064605511 -43.8 49.900000000000006
      vertex -95.38564064605511 -43.8 53.900000000000006
      vertex -95.47820725201805 -43.61229349178414 53.900000000000006
    endloop
  endfacet
  facet normal -0.9807852804032363 -0.1950903220160988 0
    outer loop
      vertex -95.54548132206251 -43.41411047216403 49.900000000000006
      vertex -95.54548132206251 -43.41411047216403 53.900000000000006
      vertex -95.5863117781981 -43.208841907552085 53.900000000000006
    endloop
  endfacet
  facet normal -0.06540312923015869 -0.9978589232386026 0
    outer loop
      vertex -94.20884190755208 -44.586311778198095 49.900000000000006
      vertex -94 -44.6 53.900000000000006
      vertex -94.20884190755208 -44.586311778198095 53.900000000000006
    endloop
  endfacet
  facet normal 0.06540312923015869 -0.9978589232386026 0
    outer loop
      vertex -94 -44.6 49.900000000000006
      vertex -93.79115809244792 -44.586311778198095 53.900000000000006
      vertex -94 -44.6 53.900000000000006
    endloop
  endfacet
  facet normal 0.32143946530313067 -0.9469301294951162 5.408318576451072e-16
    outer loop
      vertex -93.38770650821586 -44.47820725201806 53.900000000000006
      vertex -93.58588952783596 -44.5454813220625 53.900000000000006
      vertex -93.58588952783597 -44.54548132206251 49.900000000000006
    endloop
  endfacet
  facet normal -0.9978589232386047 -0.06540312923012488 0
    outer loop
      vertex -95.5863117781981 -43.208841907552085 49.900000000000006
      vertex -95.5863117781981 -43.208841907552085 53.900000000000006
      vertex -95.6 -43 53.900000000000006
    endloop
  endfacet
  facet normal -0.9978589232386047 0.06540312923012488 0
    outer loop
      vertex -95.6 -43 49.900000000000006
      vertex -95.6 -43 53.900000000000006
      vertex -95.5863117781981 -42.791158092447915 53.900000000000006
    endloop
  endfacet
  facet normal -0.9807852804032363 0.1950903220160988 0
    outer loop
      vertex -95.5863117781981 -42.791158092447915 49.900000000000006
      vertex -95.5863117781981 -42.791158092447915 53.900000000000006
      vertex -95.54548132206251 -42.58588952783597 53.900000000000006
    endloop
  endfacet
  facet normal -0.9469301294950887 0.32143946530321166 0
    outer loop
      vertex -95.54548132206251 -42.58588952783597 49.900000000000006
      vertex -95.54548132206251 -42.58588952783597 53.900000000000006
      vertex -95.47820725201805 -42.38770650821586 53.900000000000006
    endloop
  endfacet
  facet normal -0.8968727415327113 0.4422886902189545 0
    outer loop
      vertex -95.47820725201805 -42.38770650821586 49.900000000000006
      vertex -95.47820725201805 -42.38770650821586 53.900000000000006
      vertex -95.38564064605511 -42.2 53.900000000000006
    endloop
  endfacet
  facet normal -0.8314696123025438 0.5555702330196042 0
    outer loop
      vertex -95.38564064605511 -42.2 49.900000000000006
      vertex -95.38564064605511 -42.2 53.900000000000006
      vertex -95.26936534446598 -42.02598171358605 53.900000000000006
    endloop
  endfacet
  facet normal -0.7518398074789585 0.6593458151000905 0
    outer loop
      vertex -95.26936534446598 -42.02598171358605 49.900000000000006
      vertex -95.26936534446598 -42.02598171358605 53.900000000000006
      vertex -95.13137084989847 -41.868629150101526 53.900000000000006
    endloop
  endfacet
  facet normal -0.6593458151000712 0.7518398074789753 0
    outer loop
      vertex -94.97401828641395 -41.730634655534026 49.900000000000006
      vertex -95.13137084989847 -41.868629150101526 53.900000000000006
      vertex -94.97401828641395 -41.730634655534026 53.900000000000006
    endloop
  endfacet
  facet normal 0.4422886902190091 -0.8968727415326844 0
    outer loop
      vertex -93.38770650821586 -44.47820725201806 49.900000000000006
      vertex -93.2 -44.3856406460551 53.900000000000006
      vertex -93.38770650821586 -44.47820725201806 53.900000000000006
    endloop
  endfacet
  facet normal 0.5555702330196042 -0.8314696123025438 0
    outer loop
      vertex -93.2 -44.3856406460551 49.900000000000006
      vertex -93.02598171358605 -44.269365344465974 53.900000000000006
      vertex -93.2 -44.3856406460551 53.900000000000006
    endloop
  endfacet
  facet normal 0.6593458151000712 -0.7518398074789753 0
    outer loop
      vertex -93.02598171358605 -44.269365344465974 49.900000000000006
      vertex -92.86862915010153 -44.131370849898474 53.900000000000006
      vertex -93.02598171358605 -44.269365344465974 53.900000000000006
    endloop
  endfacet
  facet normal 0.7518398074789585 -0.6593458151000905 0
    outer loop
      vertex -92.73063465553402 -43.97401828641395 49.900000000000006
      vertex -92.73063465553402 -43.97401828641395 53.900000000000006
      vertex -92.86862915010153 -44.131370849898474 53.900000000000006
    endloop
  endfacet
  facet normal 0.8314696123025438 -0.5555702330196042 0
    outer loop
      vertex -92.61435935394489 -43.8 49.900000000000006
      vertex -92.61435935394489 -43.8 53.900000000000006
      vertex -92.73063465553402 -43.97401828641395 53.900000000000006
    endloop
  endfacet
  facet normal 0.8968727415327113 -0.4422886902189545 0
    outer loop
      vertex -92.52179274798195 -43.61229349178414 49.900000000000006
      vertex -92.52179274798195 -43.61229349178414 53.900000000000006
      vertex -92.61435935394489 -43.8 53.900000000000006
    endloop
  endfacet
  facet normal 0.9469301294950887 -0.32143946530321166 0
    outer loop
      vertex -92.45451867793749 -43.41411047216403 49.900000000000006
      vertex -92.45451867793749 -43.41411047216403 53.900000000000006
      vertex -92.52179274798195 -43.61229349178414 53.900000000000006
    endloop
  endfacet
  facet normal 0.9807852804032363 -0.1950903220160988 0
    outer loop
      vertex -92.4136882218019 -43.208841907552085 49.900000000000006
      vertex -92.4136882218019 -43.208841907552085 53.900000000000006
      vertex -92.45451867793749 -43.41411047216403 53.900000000000006
    endloop
  endfacet
  facet normal 0.9978589232386047 0.06540312923012488 0
    outer loop
      vertex -92.4136882218019 -42.791158092447915 49.900000000000006
      vertex -92.4136882218019 -42.791158092447915 53.900000000000006
      vertex -92.4 -43 53.900000000000006
    endloop
  endfacet
  facet normal 0.9807852804032363 0.1950903220160988 0
    outer loop
      vertex -92.45451867793749 -42.58588952783597 49.900000000000006
      vertex -92.45451867793749 -42.58588952783597 53.900000000000006
      vertex -92.4136882218019 -42.791158092447915 53.900000000000006
    endloop
  endfacet
  facet normal 0.8968727415327113 0.4422886902189545 0
    outer loop
      vertex -92.61435935394489 -42.2 49.900000000000006
      vertex -92.61435935394489 -42.2 53.900000000000006
      vertex -92.52179274798195 -42.38770650821586 53.900000000000006
    endloop
  endfacet
  facet normal 0.8314696123025438 0.5555702330196042 0
    outer loop
      vertex -92.73063465553402 -42.02598171358605 49.900000000000006
      vertex -92.73063465553402 -42.02598171358605 53.900000000000006
      vertex -92.61435935394489 -42.2 53.900000000000006
    endloop
  endfacet
  facet normal 0.7518398074789585 0.6593458151000905 0
    outer loop
      vertex -92.86862915010153 -41.868629150101526 49.900000000000006
      vertex -92.86862915010153 -41.868629150101526 53.900000000000006
      vertex -92.73063465553402 -42.02598171358605 53.900000000000006
    endloop
  endfacet
  facet normal 0.6593458151000712 0.7518398074789753 0
    outer loop
      vertex -92.86862915010153 -41.868629150101526 49.900000000000006
      vertex -93.02598171358605 -41.730634655534026 53.900000000000006
      vertex -92.86862915010153 -41.868629150101526 53.900000000000006
    endloop
  endfacet
  facet normal 0.9978589232386047 -0.06540312923012488 0
    outer loop
      vertex -92.4 -43 49.900000000000006
      vertex -92.4 -43 53.900000000000006
      vertex -92.4136882218019 -43.208841907552085 53.900000000000006
    endloop
  endfacet
  facet normal -0.5555702330196042 0.8314696123025438 0
    outer loop
      vertex -94.8 -41.6143593539449 49.900000000000006
      vertex -94.97401828641395 -41.730634655534026 53.900000000000006
      vertex -94.8 -41.6143593539449 53.900000000000006
    endloop
  endfacet
  facet normal -0.4422886902190091 0.8968727415326844 0
    outer loop
      vertex -94.61229349178414 -41.52179274798194 49.900000000000006
      vertex -94.8 -41.6143593539449 53.900000000000006
      vertex -94.61229349178414 -41.52179274798194 53.900000000000006
    endloop
  endfacet
  facet normal -0.32143946530313067 0.9469301294951162 5.408318576451072e-16
    outer loop
      vertex -94.61229349178414 -41.52179274798194 53.900000000000006
      vertex -94.41411047216404 -41.4545186779375 53.900000000000006
      vertex -94.41411047216403 -41.45451867793749 49.900000000000006
    endloop
  endfacet
  facet normal -0.06540312923015869 0.9978589232386026 0
    outer loop
      vertex -94 -41.4 49.900000000000006
      vertex -94.20884190755208 -41.413688221801905 53.900000000000006
      vertex -94 -41.4 53.900000000000006
    endloop
  endfacet
  facet normal 0.06540312923015869 0.9978589232386026 0
    outer loop
      vertex -93.79115809244792 -41.413688221801905 49.900000000000006
      vertex -94 -41.4 53.900000000000006
      vertex -93.79115809244792 -41.413688221801905 53.900000000000006
    endloop
  endfacet
  facet normal 0.19509032201613796 0.9807852804032285 0
    outer loop
      vertex -93.58588952783597 -41.45451867793749 49.900000000000006
      vertex -93.79115809244792 -41.413688221801905 53.900000000000006
      vertex -93.58588952783597 -41.45451867793749 53.900000000000006
    endloop
  endfacet
  facet normal 0.4422886902190091 0.8968727415326844 0
    outer loop
      vertex -93.2 -41.6143593539449 49.900000000000006
      vertex -93.38770650821586 -41.52179274798194 53.900000000000006
      vertex -93.2 -41.6143593539449 53.900000000000006
    endloop
  endfacet
  facet normal 0.32143946530314044 0.9469301294951128 0
    outer loop
      vertex -93.38770650821586 -41.52179274798194 49.900000000000006
      vertex -93.58588952783597 -41.45451867793749 53.900000000000006
      vertex -93.38770650821586 -41.52179274798194 53.900000000000006
    endloop
  endfacet
  facet normal 0.5555702330196042 0.8314696123025438 0
    outer loop
      vertex -93.02598171358605 -41.730634655534026 49.900000000000006
      vertex -93.2 -41.6143593539449 53.900000000000006
      vertex -93.02598171358605 -41.730634655534026 53.900000000000006
    endloop
  endfacet
  facet normal 0 0 1
    outer loop
      vertex -94.97401828641395 -44.269365344465974 53.900000000000006
      vertex -94.8 -44.3856406460551 53.900000000000006
      vertex -94.88767603887905 -43.5125 53.900000000000006
    endloop
  endfacet
  facet normal 0 0 1
    outer loop
      vertex -94.61229349178414 -44.47820725201806 53.900000000000006
      vertex -94.72478445071621 -43.724784450716214 53.900000000000006
      vertex -94.8 -44.3856406460551 53.900000000000006
    endloop
  endfacet
  facet normal 0 0 1
    outer loop
      vertex -94.8 -44.3856406460551 53.900000000000006
      vertex -94.72478445071621 -43.724784450716214 53.900000000000006
      vertex -94.81318717379851 -43.62398046473394 53.900000000000006
    endloop
  endfacet
  facet normal 0 0 1
    outer loop
      vertex -94.61229349178414 -44.47820725201806 53.900000000000006
      vertex -94.62398046473393 -43.81318717379852 53.900000000000006
      vertex -94.72478445071621 -43.724784450716214 53.900000000000006
    endloop
  endfacet
  facet normal 0 0 1
    outer loop
      vertex -94.61229349178414 -44.47820725201806 53.900000000000006
      vertex -94.5125 -43.88767603887905 53.900000000000006
      vertex -94.62398046473393 -43.81318717379852 53.900000000000006
    endloop
  endfacet
  facet normal 0 0 1
    outer loop
      vertex -95.47820725201805 -43.61229349178414 53.900000000000006
      vertex -95.54548132206251 -42.58588952783597 53.900000000000006
      vertex -95.54548132206251 -43.41411047216403 53.900000000000006
    endloop
  endfacet
  facet normal 0 0 1
    outer loop
      vertex -95.38564064605511 -43.8 53.900000000000006
      vertex -95.47820725201805 -42.38770650821586 53.900000000000006
      vertex -95.47820725201805 -43.61229349178414 53.900000000000006
    endloop
  endfacet
  facet normal 0 0 1
    outer loop
      vertex -95.26936534446598 -43.97401828641395 53.900000000000006
      vertex -95.38564064605511 -42.2 53.900000000000006
      vertex -95.38564064605511 -43.8 53.900000000000006
    endloop
  endfacet
  facet normal 0 0 1
    outer loop
      vertex -95.13137084989847 -44.131370849898474 53.900000000000006
      vertex -95.26936534446598 -42.02598171358605 53.900000000000006
      vertex -95.26936534446598 -43.97401828641395 53.900000000000006
    endloop
  endfacet
  facet normal 0 0 1
    outer loop
      vertex -95.13137084989847 -44.131370849898474 53.900000000000006
      vertex -94.97401828641395 -44.269365344465974 53.900000000000006
      vertex -95.13137084989847 -41.868629150101526 53.900000000000006
    endloop
  endfacet
  facet normal 0 0 1
    outer loop
      vertex -94.97401828641395 -44.269365344465974 53.900000000000006
      vertex -94.88767603887905 -43.5125 53.900000000000006
      vertex -94.94697652082407 -43.392250518174215 53.900000000000006
    endloop
  endfacet
  facet normal 0 0 1
    outer loop
      vertex -94.8 -44.3856406460551 53.900000000000006
      vertex -94.81318717379851 -43.62398046473394 53.900000000000006
      vertex -94.88767603887905 -43.5125 53.900000000000006
    endloop
  endfacet
  facet normal 0 0 1
    outer loop
      vertex -94.97401828641395 -44.269365344465974 53.900000000000006
      vertex -94.94697652082407 -43.392250518174215 53.900000000000006
      vertex -94.9900739719463 -43.26528952123008 53.900000000000006
    endloop
  endfacet
  facet normal 0 0 1
    outer loop
      vertex -94.97401828641395 -44.269365344465974 53.900000000000006
      vertex -94.9900739719463 -43.26528952123008 53.900000000000006
      vertex -95.01623098290816 -43.133789347025555 53.900000000000006
    endloop
  endfacet
  facet normal 0 0 1
    outer loop
      vertex -94.97401828641395 -44.269365344465974 53.900000000000006
      vertex -95.01623098290816 -43.133789347025555 53.900000000000006
      vertex -95.025 -43 53.900000000000006
    endloop
  endfacet
  facet normal 0 0 1
    outer loop
      vertex -94.61229349178414 -44.47820725201806 53.900000000000006
      vertex -94.41411047216403 -44.54548132206251 53.900000000000006
      vertex -94.5125 -43.88767603887905 53.900000000000006
    endloop
  endfacet
  facet normal 0 0 1
    outer loop
      vertex -94.41411047216403 -44.54548132206251 53.900000000000006
      vertex -94.20884190755208 -44.586311778198095 53.900000000000006
      vertex -94.26528952123009 -43.990073971946295 53.900000000000006
    endloop
  endfacet
  facet normal 0 0 1
    outer loop
      vertex -94.20884190755208 -44.586311778198095 53.900000000000006
      vertex -94 -44.6 53.900000000000006
      vertex -94.13378934702556 -44.016230982908155 53.900000000000006
    endloop
  endfacet
  facet normal 0 0 1
    outer loop
      vertex -94.41411047216403 -44.54548132206251 53.900000000000006
      vertex -94.39225051817422 -43.946976520824066 53.900000000000006
      vertex -94.5125 -43.88767603887905 53.900000000000006
    endloop
  endfacet
  facet normal 0 0 1
    outer loop
      vertex -94.41411047216403 -44.54548132206251 53.900000000000006
      vertex -94.26528952123009 -43.990073971946295 53.900000000000006
      vertex -94.39225051817422 -43.946976520824066 53.900000000000006
    endloop
  endfacet
  facet normal 0 0 1
    outer loop
      vertex -94.20884190755208 -44.586311778198095 53.900000000000006
      vertex -94.13378934702556 -44.016230982908155 53.900000000000006
      vertex -94.26528952123009 -43.990073971946295 53.900000000000006
    endloop
  endfacet
  facet normal 0 0 1
    outer loop
      vertex -94.13378934702556 -44.016230982908155 53.900000000000006
      vertex -94 -44.6 53.900000000000006
      vertex -94 -44.025 53.900000000000006
    endloop
  endfacet
  facet normal 0 0 1
    outer loop
      vertex -94 -44.6 53.900000000000006
      vertex -93.79115809244792 -44.586311778198095 53.900000000000006
      vertex -93.86621065297444 -44.016230982908155 53.900000000000006
    endloop
  endfacet
  facet normal 0 0 1
    outer loop
      vertex -93.79115809244792 -44.586311778198095 53.900000000000006
      vertex -93.58588952783596 -44.5454813220625 53.900000000000006
      vertex -93.86621065297444 -44.016230982908155 53.900000000000006
    endloop
  endfacet
  facet normal 0 0 1
    outer loop
      vertex -93.60774948182578 -43.946976520824066 53.900000000000006
      vertex -93.58588952783596 -44.5454813220625 53.900000000000006
      vertex -93.38770650821586 -44.47820725201806 53.900000000000006
    endloop
  endfacet
  facet normal 0 0 1
    outer loop
      vertex -94 -44.6 53.900000000000006
      vertex -93.86621065297444 -44.016230982908155 53.900000000000006
      vertex -94 -44.025 53.900000000000006
    endloop
  endfacet
  facet normal 0 0 1
    outer loop
      vertex -93.86621065297444 -44.016230982908155 53.900000000000006
      vertex -93.58588952783596 -44.5454813220625 53.900000000000006
      vertex -93.73471047876991 -43.990073971946295 53.900000000000006
    endloop
  endfacet
  facet normal 0 0 1
    outer loop
      vertex -93.73471047876991 -43.990073971946295 53.900000000000006
      vertex -93.58588952783596 -44.5454813220625 53.900000000000006
      vertex -93.60774948182578 -43.946976520824066 53.900000000000006
    endloop
  endfacet
  facet normal 0 0 1
    outer loop
      vertex -93.60774948182578 -43.946976520824066 53.900000000000006
      vertex -93.38770650821586 -44.47820725201806 53.900000000000006
      vertex -93.4875 -43.88767603887905 53.900000000000006
    endloop
  endfacet
  facet normal 0 0 1
    outer loop
      vertex -95.54548132206251 -43.41411047216403 53.900000000000006
      vertex -95.5863117781981 -42.791158092447915 53.900000000000006
      vertex -95.5863117781981 -43.208841907552085 53.900000000000006
    endloop
  endfacet
  facet normal 0 0 1
    outer loop
      vertex -95.5863117781981 -43.208841907552085 53.900000000000006
      vertex -95.5863117781981 -42.791158092447915 53.900000000000006
      vertex -95.6 -43 53.900000000000006
    endloop
  endfacet
  facet normal 0 0 1
    outer loop
      vertex -95.54548132206251 -43.41411047216403 53.900000000000006
      vertex -95.54548132206251 -42.58588952783597 53.900000000000006
      vertex -95.5863117781981 -42.791158092447915 53.900000000000006
    endloop
  endfacet
  facet normal 0 0 1
    outer loop
      vertex -95.47820725201805 -43.61229349178414 53.900000000000006
      vertex -95.47820725201805 -42.38770650821586 53.900000000000006
      vertex -95.54548132206251 -42.58588952783597 53.900000000000006
    endloop
  endfacet
  facet normal 0 0 1
    outer loop
      vertex -95.38564064605511 -43.8 53.900000000000006
      vertex -95.38564064605511 -42.2 53.900000000000006
      vertex -95.47820725201805 -42.38770650821586 53.900000000000006
    endloop
  endfacet
  facet normal 0 0 1
    outer loop
      vertex -95.26936534446598 -43.97401828641395 53.900000000000006
      vertex -95.26936534446598 -42.02598171358605 53.900000000000006
      vertex -95.38564064605511 -42.2 53.900000000000006
    endloop
  endfacet
  facet normal 0 0 1
    outer loop
      vertex -95.13137084989847 -44.131370849898474 53.900000000000006
      vertex -95.13137084989847 -41.868629150101526 53.900000000000006
      vertex -95.26936534446598 -42.02598171358605 53.900000000000006
    endloop
  endfacet
  facet normal 0 0 1
    outer loop
      vertex -94.97401828641395 -44.269365344465974 53.900000000000006
      vertex -95.025 -43 53.900000000000006
      vertex -95.13137084989847 -41.868629150101526 53.900000000000006
    endloop
  endfacet
  facet normal 0 0 1
    outer loop
      vertex -95.025 -43 53.900000000000006
      vertex -95.01623098290816 -42.866210652974445 53.900000000000006
      vertex -95.13137084989847 -41.868629150101526 53.900000000000006
    endloop
  endfacet
  facet normal 0 0 1
    outer loop
      vertex -95.01623098290816 -42.866210652974445 53.900000000000006
      vertex -94.9900739719463 -42.73471047876992 53.900000000000006
      vertex -95.13137084989847 -41.868629150101526 53.900000000000006
    endloop
  endfacet
  facet normal 0 0 1
    outer loop
      vertex -94.9900739719463 -42.73471047876992 53.900000000000006
      vertex -94.94697652082407 -42.607749481825785 53.900000000000006
      vertex -95.13137084989847 -41.868629150101526 53.900000000000006
    endloop
  endfacet
  facet normal 0 0 1
    outer loop
      vertex -94.94697652082407 -42.607749481825785 53.900000000000006
      vertex -94.88767603887905 -42.4875 53.900000000000006
      vertex -94.97401828641395 -41.730634655534026 53.900000000000006
    endloop
  endfacet
  facet normal 0 0 1
    outer loop
      vertex -94.88767603887905 -42.4875 53.900000000000006
      vertex -94.81318717379851 -42.37601953526606 53.900000000000006
      vertex -94.97401828641395 -41.730634655534026 53.900000000000006
    endloop
  endfacet
  facet normal 0 0 1
    outer loop
      vertex -94.81318717379851 -42.37601953526606 53.900000000000006
      vertex -94.72478445071621 -42.275215549283786 53.900000000000006
      vertex -94.97401828641395 -41.730634655534026 53.900000000000006
    endloop
  endfacet
  facet normal 0 0 1
    outer loop
      vertex -94.94697652082407 -42.607749481825785 53.900000000000006
      vertex -94.97401828641395 -41.730634655534026 53.900000000000006
      vertex -95.13137084989847 -41.868629150101526 53.900000000000006
    endloop
  endfacet
  facet normal 0 0 1
    outer loop
      vertex -94.72478445071621 -42.275215549283786 53.900000000000006
      vertex -94.8 -41.6143593539449 53.900000000000006
      vertex -94.97401828641395 -41.730634655534026 53.900000000000006
    endloop
  endfacet
  facet normal 0 0 1
    outer loop
      vertex -94.72478445071621 -42.275215549283786 53.900000000000006
      vertex -94.62398046473393 -42.18681282620148 53.900000000000006
      vertex -94.8 -41.6143593539449 53.900000000000006
    endloop
  endfacet
  facet normal 0 0 1
    outer loop
      vertex -94.62398046473393 -42.18681282620148 53.900000000000006
      vertex -94.5125 -42.11232396112095 53.900000000000006
      vertex -94.8 -41.6143593539449 53.900000000000006
    endloop
  endfacet
  facet normal 0 0 1
    outer loop
      vertex -94.5125 -42.11232396112095 53.900000000000006
      vertex -94.39225051817422 -42.053023479175934 53.900000000000006
      vertex -94.61229349178414 -41.52179274798194 53.900000000000006
    endloop
  endfacet
  facet normal 0 0 1
    outer loop
      vertex -94.39225051817422 -42.053023479175934 53.900000000000006
      vertex -94.26528952123009 -42.009926028053705 53.900000000000006
      vertex -94.41411047216404 -41.4545186779375 53.900000000000006
    endloop
  endfacet
  facet normal 0 0 1
    outer loop
      vertex -94.26528952123009 -42.009926028053705 53.900000000000006
      vertex -94.13378934702556 -41.983769017091845 53.900000000000006
      vertex -94.41411047216404 -41.4545186779375 53.900000000000006
    endloop
  endfacet
  facet normal 0 0 1
    outer loop
      vertex -94.13378934702556 -41.983769017091845 53.900000000000006
      vertex -94 -41.975 53.900000000000006
      vertex -94 -41.4 53.900000000000006
    endloop
  endfacet
  facet normal 0 0 1
    outer loop
      vertex -94 -41.975 53.900000000000006
      vertex -93.86621065297444 -41.983769017091845 53.900000000000006
      vertex -94 -41.4 53.900000000000006
    endloop
  endfacet
  facet normal 0 0 1
    outer loop
      vertex -93.86621065297444 -41.983769017091845 53.900000000000006
      vertex -93.73471047876991 -42.009926028053705 53.900000000000006
      vertex -93.79115809244792 -41.413688221801905 53.900000000000006
    endloop
  endfacet
  facet normal 0 0 1
    outer loop
      vertex -93.60774948182578 -42.053023479175934 53.900000000000006
      vertex -93.58588952783597 -41.45451867793749 53.900000000000006
      vertex -93.73471047876991 -42.009926028053705 53.900000000000006
    endloop
  endfacet
  facet normal 0 0 1
    outer loop
      vertex -93.4875 -42.11232396112095 53.900000000000006
      vertex -93.58588952783597 -41.45451867793749 53.900000000000006
      vertex -93.60774948182578 -42.053023479175934 53.900000000000006
    endloop
  endfacet
  facet normal 0 0 1
    outer loop
      vertex -93.4875 -43.88767603887905 53.900000000000006
      vertex -93.38770650821586 -44.47820725201806 53.900000000000006
      vertex -93.2 -44.3856406460551 53.900000000000006
    endloop
  endfacet
  facet normal 0 0 1
    outer loop
      vertex -93.4875 -43.88767603887905 53.900000000000006
      vertex -93.2 -44.3856406460551 53.900000000000006
      vertex -93.37601953526607 -43.81318717379852 53.900000000000006
    endloop
  endfacet
  facet normal 0 0 1
    outer loop
      vertex -93.2 -44.3856406460551 53.900000000000006
      vertex -93.27521554928379 -43.724784450716214 53.900000000000006
      vertex -93.37601953526607 -43.81318717379852 53.900000000000006
    endloop
  endfacet
  facet normal 0 0 1
    outer loop
      vertex -93.2 -44.3856406460551 53.900000000000006
      vertex -93.02598171358605 -44.269365344465974 53.900000000000006
      vertex -93.27521554928379 -43.724784450716214 53.900000000000006
    endloop
  endfacet
  facet normal 0 0 1
    outer loop
      vertex -93.02598171358605 -44.269365344465974 53.900000000000006
      vertex -92.86862915010153 -44.131370849898474 53.900000000000006
      vertex -93.05302347917593 -43.392250518174215 53.900000000000006
    endloop
  endfacet
  facet normal 0 0 1
    outer loop
      vertex -93.02598171358605 -44.269365344465974 53.900000000000006
      vertex -93.18681282620149 -43.62398046473394 53.900000000000006
      vertex -93.27521554928379 -43.724784450716214 53.900000000000006
    endloop
  endfacet
  facet normal 0 0 1
    outer loop
      vertex -93.02598171358605 -44.269365344465974 53.900000000000006
      vertex -93.11232396112095 -43.5125 53.900000000000006
      vertex -93.18681282620149 -43.62398046473394 53.900000000000006
    endloop
  endfacet
  facet normal 0 0 1
    outer loop
      vertex -93.02598171358605 -44.269365344465974 53.900000000000006
      vertex -93.05302347917593 -43.392250518174215 53.900000000000006
      vertex -93.11232396112095 -43.5125 53.900000000000006
    endloop
  endfacet
  facet normal 0 0 1
    outer loop
      vertex -92.86862915010153 -44.131370849898474 53.900000000000006
      vertex -93.0099260280537 -43.26528952123008 53.900000000000006
      vertex -93.05302347917593 -43.392250518174215 53.900000000000006
    endloop
  endfacet
  facet normal 0 0 1
    outer loop
      vertex -92.86862915010153 -44.131370849898474 53.900000000000006
      vertex -92.98376901709184 -43.133789347025555 53.900000000000006
      vertex -93.0099260280537 -43.26528952123008 53.900000000000006
    endloop
  endfacet
  facet normal 0 0 1
    outer loop
      vertex -92.86862915010153 -44.131370849898474 53.900000000000006
      vertex -92.975 -43 53.900000000000006
      vertex -92.98376901709184 -43.133789347025555 53.900000000000006
    endloop
  endfacet
  facet normal 0 0 1
    outer loop
      vertex -92.86862915010153 -44.131370849898474 53.900000000000006
      vertex -92.73063465553402 -43.97401828641395 53.900000000000006
      vertex -92.86862915010153 -41.868629150101526 53.900000000000006
    endloop
  endfacet
  facet normal 0 0 1
    outer loop
      vertex -92.73063465553402 -43.97401828641395 53.900000000000006
      vertex -92.61435935394489 -43.8 53.900000000000006
      vertex -92.73063465553402 -42.02598171358605 53.900000000000006
    endloop
  endfacet
  facet normal 0 0 1
    outer loop
      vertex -92.61435935394489 -43.8 53.900000000000006
      vertex -92.52179274798195 -43.61229349178414 53.900000000000006
      vertex -92.61435935394489 -42.2 53.900000000000006
    endloop
  endfacet
  facet normal 0 0 1
    outer loop
      vertex -92.86862915010153 -44.131370849898474 53.900000000000006
      vertex -93.02598171358605 -41.730634655534026 53.900000000000006
      vertex -92.975 -43 53.900000000000006
    endloop
  endfacet
  facet normal 0 0 1
    outer loop
      vertex -92.975 -43 53.900000000000006
      vertex -93.02598171358605 -41.730634655534026 53.900000000000006
      vertex -92.98376901709184 -42.866210652974445 53.900000000000006
    endloop
  endfacet
  facet normal 0 0 1
    outer loop
      vertex -92.52179274798195 -43.61229349178414 53.900000000000006
      vertex -92.45451867793749 -43.41411047216403 53.900000000000006
      vertex -92.52179274798195 -42.38770650821586 53.900000000000006
    endloop
  endfacet
  facet normal 0 0 1
    outer loop
      vertex -92.45451867793749 -43.41411047216403 53.900000000000006
      vertex -92.4136882218019 -43.208841907552085 53.900000000000006
      vertex -92.45451867793749 -42.58588952783597 53.900000000000006
    endloop
  endfacet
  facet normal 0 0 1
    outer loop
      vertex -92.4136882218019 -43.208841907552085 53.900000000000006
      vertex -92.4 -43 53.900000000000006
      vertex -92.4136882218019 -42.791158092447915 53.900000000000006
    endloop
  endfacet
  facet normal 0 0 1
    outer loop
      vertex -92.4136882218019 -43.208841907552085 53.900000000000006
      vertex -92.4136882218019 -42.791158092447915 53.900000000000006
      vertex -92.45451867793749 -42.58588952783597 53.900000000000006
    endloop
  endfacet
  facet normal 0 0 1
    outer loop
      vertex -92.86862915010153 -44.131370849898474 53.900000000000006
      vertex -92.86862915010153 -41.868629150101526 53.900000000000006
      vertex -93.02598171358605 -41.730634655534026 53.900000000000006
    endloop
  endfacet
  facet normal 0 0 1
    outer loop
      vertex -92.73063465553402 -43.97401828641395 53.900000000000006
      vertex -92.73063465553402 -42.02598171358605 53.900000000000006
      vertex -92.86862915010153 -41.868629150101526 53.900000000000006
    endloop
  endfacet
  facet normal 0 0 1
    outer loop
      vertex -92.52179274798195 -43.61229349178414 53.900000000000006
      vertex -92.52179274798195 -42.38770650821586 53.900000000000006
      vertex -92.61435935394489 -42.2 53.900000000000006
    endloop
  endfacet
  facet normal 0 0 1
    outer loop
      vertex -92.61435935394489 -43.8 53.900000000000006
      vertex -92.61435935394489 -42.2 53.900000000000006
      vertex -92.73063465553402 -42.02598171358605 53.900000000000006
    endloop
  endfacet
  facet normal 0 0 1
    outer loop
      vertex -92.45451867793749 -43.41411047216403 53.900000000000006
      vertex -92.45451867793749 -42.58588952783597 53.900000000000006
      vertex -92.52179274798195 -42.38770650821586 53.900000000000006
    endloop
  endfacet
  facet normal 0 0 1
    outer loop
      vertex -92.98376901709184 -42.866210652974445 53.900000000000006
      vertex -93.02598171358605 -41.730634655534026 53.900000000000006
      vertex -93.0099260280537 -42.73471047876992 53.900000000000006
    endloop
  endfacet
  facet normal 0 0 1
    outer loop
      vertex -93.0099260280537 -42.73471047876992 53.900000000000006
      vertex -93.02598171358605 -41.730634655534026 53.900000000000006
      vertex -93.05302347917593 -42.607749481825785 53.900000000000006
    endloop
  endfacet
  facet normal 0 0 1
    outer loop
      vertex -93.11232396112095 -42.4875 53.900000000000006
      vertex -93.2 -41.6143593539449 53.900000000000006
      vertex -93.18681282620149 -42.37601953526606 53.900000000000006
    endloop
  endfacet
  facet normal 0 0 1
    outer loop
      vertex -93.11232396112095 -42.4875 53.900000000000006
      vertex -93.05302347917593 -42.607749481825785 53.900000000000006
      vertex -93.02598171358605 -41.730634655534026 53.900000000000006
    endloop
  endfacet
  facet normal 0 0 1
    outer loop
      vertex -93.4875 -42.11232396112095 53.900000000000006
      vertex -93.37601953526607 -42.18681282620148 53.900000000000006
      vertex -93.38770650821586 -41.52179274798194 53.900000000000006
    endloop
  endfacet
  facet normal 0 0 1
    outer loop
      vertex -93.37601953526607 -42.18681282620148 53.900000000000006
      vertex -93.27521554928379 -42.275215549283786 53.900000000000006
      vertex -93.38770650821586 -41.52179274798194 53.900000000000006
    endloop
  endfacet
  facet normal 0 0 1
    outer loop
      vertex -93.27521554928379 -42.275215549283786 53.900000000000006
      vertex -93.18681282620149 -42.37601953526606 53.900000000000006
      vertex -93.2 -41.6143593539449 53.900000000000006
    endloop
  endfacet
  facet normal 0 0 1
    outer loop
      vertex -93.27521554928379 -42.275215549283786 53.900000000000006
      vertex -93.2 -41.6143593539449 53.900000000000006
      vertex -93.38770650821586 -41.52179274798194 53.900000000000006
    endloop
  endfacet
  facet normal 0 0 1
    outer loop
      vertex -93.11232396112095 -42.4875 53.900000000000006
      vertex -93.02598171358605 -41.730634655534026 53.900000000000006
      vertex -93.2 -41.6143593539449 53.900000000000006
    endloop
  endfacet
  facet normal 0 0 1
    outer loop
      vertex -94.5125 -42.11232396112095 53.900000000000006
      vertex -94.61229349178414 -41.52179274798194 53.900000000000006
      vertex -94.8 -41.6143593539449 53.900000000000006
    endloop
  endfacet
  facet normal 0 0 1
    outer loop
      vertex -94.39225051817422 -42.053023479175934 53.900000000000006
      vertex -94.41411047216404 -41.4545186779375 53.900000000000006
      vertex -94.61229349178414 -41.52179274798194 53.900000000000006
    endloop
  endfacet
  facet normal 0 0 1
    outer loop
      vertex -94.13378934702556 -41.983769017091845 53.900000000000006
      vertex -94.20884190755208 -41.413688221801905 53.900000000000006
      vertex -94.41411047216404 -41.4545186779375 53.900000000000006
    endloop
  endfacet
  facet normal 0 0 1
    outer loop
      vertex -94.13378934702556 -41.983769017091845 53.900000000000006
      vertex -94 -41.4 53.900000000000006
      vertex -94.20884190755208 -41.413688221801905 53.900000000000006
    endloop
  endfacet
  facet normal 0 0 1
    outer loop
      vertex -93.86621065297444 -41.983769017091845 53.900000000000006
      vertex -93.79115809244792 -41.413688221801905 53.900000000000006
      vertex -94 -41.4 53.900000000000006
    endloop
  endfacet
  facet normal 0 0 1
    outer loop
      vertex -93.73471047876991 -42.009926028053705 53.900000000000006
      vertex -93.58588952783597 -41.45451867793749 53.900000000000006
      vertex -93.79115809244792 -41.413688221801905 53.900000000000006
    endloop
  endfacet
  facet normal 0 0 1
    outer loop
      vertex -93.4875 -42.11232396112095 53.900000000000006
      vertex -93.38770650821586 -41.52179274798194 53.900000000000006
      vertex -93.58588952783597 -41.45451867793749 53.900000000000006
    endloop
  endfacet
  facet normal -0.896872741532718 -0.44228869021894107 -7.856625398597946e-16
    outer loop
      vertex -95.47820725201805 -43.612293491784136 49.900000000000006
      vertex -95.38564064605511 -43.8 49.900000000000006
      vertex -95.47820725201805 -43.61229349178414 53.900000000000006
    endloop
  endfacet
  facet normal -0.9469301294950851 -0.321439465303222 0
    outer loop
      vertex -95.54548132206251 -43.41411047216403 49.900000000000006
      vertex -95.47820725201805 -43.612293491784136 49.900000000000006
      vertex -95.54548132206251 -43.41411047216403 53.900000000000006
    endloop
  endfacet
  facet normal -0.1950903220161576 -0.9807852804032247 0
    outer loop
      vertex -94.41411047216404 -44.5454813220625 49.900000000000006
      vertex -94.20884190755208 -44.586311778198095 49.900000000000006
      vertex -94.20884190755208 -44.586311778198095 53.900000000000006
    endloop
  endfacet
  facet normal 0.19509032201613796 -0.9807852804032285 1.0491245851990396e-15
    outer loop
      vertex -93.58588952783597 -44.54548132206251 49.900000000000006
      vertex -93.58588952783596 -44.5454813220625 53.900000000000006
      vertex -93.79115809244792 -44.586311778198095 49.900000000000006
    endloop
  endfacet
  facet normal 0.9469301294950851 0.321439465303222 0
    outer loop
      vertex -92.45451867793749 -42.58588952783597 49.900000000000006
      vertex -92.52179274798195 -42.387706508215864 49.900000000000006
      vertex -92.45451867793749 -42.58588952783597 53.900000000000006
    endloop
  endfacet
  facet normal 0.896872741532718 0.44228869021894107 -7.856625398597946e-16
    outer loop
      vertex -92.52179274798195 -42.387706508215864 49.900000000000006
      vertex -92.61435935394489 -42.2 49.900000000000006
      vertex -92.52179274798195 -42.38770650821586 53.900000000000006
    endloop
  endfacet
  facet normal -0.19509032201613796 0.9807852804032285 1.0491245851990396e-15
    outer loop
      vertex -94.41411047216403 -41.45451867793749 49.900000000000006
      vertex -94.41411047216404 -41.4545186779375 53.900000000000006
      vertex -94.20884190755208 -41.413688221801905 49.900000000000006
    endloop
  endfacet
  facet normal -0.9469301294950887 -0.32143946530321166 -5.709911926445195e-16
    outer loop
      vertex -95.47820725201805 -43.61229349178414 53.900000000000006
      vertex -95.54548132206251 -43.41411047216403 53.900000000000006
      vertex -95.47820725201805 -43.612293491784136 49.900000000000006
    endloop
  endfacet
  facet normal -0.19509032201613796 -0.9807852804032285 -1.0491245851990396e-15
    outer loop
      vertex -94.41411047216403 -44.54548132206251 53.900000000000006
      vertex -94.41411047216404 -44.5454813220625 49.900000000000006
      vertex -94.20884190755208 -44.586311778198095 53.900000000000006
    endloop
  endfacet
  facet normal 0.1950903220161576 -0.9807852804032247 0
    outer loop
      vertex -93.79115809244792 -44.586311778198095 49.900000000000006
      vertex -93.58588952783596 -44.5454813220625 53.900000000000006
      vertex -93.79115809244792 -44.586311778198095 53.900000000000006
    endloop
  endfacet
  facet normal 0.9469301294950887 0.32143946530321166 -5.709911926445195e-16
    outer loop
      vertex -92.52179274798195 -42.38770650821586 53.900000000000006
      vertex -92.45451867793749 -42.58588952783597 53.900000000000006
      vertex -92.52179274798195 -42.387706508215864 49.900000000000006
    endloop
  endfacet
  facet normal -0.1950903220161576 0.9807852804032247 0
    outer loop
      vertex -94.41411047216404 -41.4545186779375 53.900000000000006
      vertex -94.20884190755208 -41.413688221801905 53.900000000000006
      vertex -94.20884190755208 -41.413688221801905 49.900000000000006
    endloop
  endfacet
  facet normal 0.8314696123025214 0.5555702330196378 0
    outer loop
      vertex -94.81318717379851 -43.62398046473394 49.900000000000006
      vertex -94.88767603887905 -43.5125 49.900000000000006
      vertex -94.88767603887905 -43.5125 53.900000000000006
    endloop
  endfacet
  facet normal 0.6593458151000307 0.7518398074790109 0
    outer loop
      vertex -94.72478445071621 -43.724784450716214 49.900000000000006
      vertex -94.72478445071621 -43.724784450716214 53.900000000000006
      vertex -94.62398046473393 -43.81318717379852 49.900000000000006
    endloop
  endfacet
  facet normal 0.5555702330196256 0.8314696123025295 0
    outer loop
      vertex -94.62398046473393 -43.81318717379852 49.900000000000006
      vertex -94.62398046473393 -43.81318717379852 53.900000000000006
      vertex -94.5125 -43.88767603887905 49.900000000000006
    endloop
  endfacet
  facet normal 0.7518398074790142 0.6593458151000271 0
    outer loop
      vertex -94.81318717379851 -43.62398046473394 49.900000000000006
      vertex -94.81318717379851 -43.62398046473394 53.900000000000006
      vertex -94.72478445071621 -43.724784450716214 49.900000000000006
    endloop
  endfacet
  facet normal 0.8968727415327052 0.4422886902189667 0
    outer loop
      vertex -94.94697652082407 -43.392250518174215 49.900000000000006
      vertex -94.94697652082407 -43.392250518174215 53.900000000000006
      vertex -94.88767603887905 -43.5125 49.900000000000006
    endloop
  endfacet
  facet normal 0.9469301294950844 0.3214394653032242 0
    outer loop
      vertex -94.94697652082407 -43.392250518174215 49.900000000000006
      vertex -94.9900739719463 -43.26528952123008 49.900000000000006
      vertex -94.9900739719463 -43.26528952123008 53.900000000000006
    endloop
  endfacet
  facet normal 0.9807852804032395 0.19509032201608234 0
    outer loop
      vertex -94.9900739719463 -43.26528952123008 49.900000000000006
      vertex -95.01623098290816 -43.133789347025555 49.900000000000006
      vertex -95.01623098290816 -43.133789347025555 53.900000000000006
    endloop
  endfacet
  facet normal 0.44228869021898776 0.8968727415326949 0
    outer loop
      vertex -94.5125 -43.88767603887905 49.900000000000006
      vertex -94.5125 -43.88767603887905 53.900000000000006
      vertex -94.39225051817422 -43.946976520824066 49.900000000000006
    endloop
  endfacet
  facet normal 0.32143946530317674 0.9469301294951006 0
    outer loop
      vertex -94.39225051817422 -43.946976520824066 49.900000000000006
      vertex -94.39225051817422 -43.946976520824066 53.900000000000006
      vertex -94.26528952123009 -43.990073971946295 49.900000000000006
    endloop
  endfacet
  facet normal 0.1950903220161232 0.9807852804032314 0
    outer loop
      vertex -94.26528952123009 -43.990073971946295 49.900000000000006
      vertex -94.26528952123009 -43.990073971946295 53.900000000000006
      vertex -94.13378934702556 -44.016230982908155 49.900000000000006
    endloop
  endfacet
  facet normal 0.06540312923013598 0.9978589232386039 0
    outer loop
      vertex -94.13378934702556 -44.016230982908155 49.900000000000006
      vertex -94.13378934702556 -44.016230982908155 53.900000000000006
      vertex -94 -44.025 49.900000000000006
    endloop
  endfacet
  facet normal -0.06540312923013598 0.9978589232386039 0
    outer loop
      vertex -94 -44.025 49.900000000000006
      vertex -94 -44.025 53.900000000000006
      vertex -93.86621065297444 -44.016230982908155 49.900000000000006
    endloop
  endfacet
  facet normal -0.1950903220161232 0.9807852804032314 0
    outer loop
      vertex -93.86621065297444 -44.016230982908155 49.900000000000006
      vertex -93.86621065297444 -44.016230982908155 53.900000000000006
      vertex -93.73471047876991 -43.990073971946295 49.900000000000006
    endloop
  endfacet
  facet normal -0.32143946530317674 0.9469301294951006 0
    outer loop
      vertex -93.73471047876991 -43.990073971946295 49.900000000000006
      vertex -93.73471047876991 -43.990073971946295 53.900000000000006
      vertex -93.60774948182578 -43.946976520824066 49.900000000000006
    endloop
  endfacet
  facet normal -0.44228869021898776 0.8968727415326949 0
    outer loop
      vertex -93.60774948182578 -43.946976520824066 49.900000000000006
      vertex -93.60774948182578 -43.946976520824066 53.900000000000006
      vertex -93.4875 -43.88767603887905 49.900000000000006
    endloop
  endfacet
  facet normal 0.9978589232386006 0.06540312923018876 0
    outer loop
      vertex -95.01623098290816 -43.133789347025555 49.900000000000006
      vertex -95.025 -43 49.900000000000006
      vertex -95.025 -43 53.900000000000006
    endloop
  endfacet
  facet normal 0.9978589232386006 -0.06540312923018876 0
    outer loop
      vertex -95.025 -43 49.900000000000006
      vertex -95.01623098290816 -42.866210652974445 49.900000000000006
      vertex -95.01623098290816 -42.866210652974445 53.900000000000006
    endloop
  endfacet
  facet normal 0.9807852804032395 -0.19509032201608234 0
    outer loop
      vertex -95.01623098290816 -42.866210652974445 49.900000000000006
      vertex -94.9900739719463 -42.73471047876992 49.900000000000006
      vertex -94.9900739719463 -42.73471047876992 53.900000000000006
    endloop
  endfacet
  facet normal 0.9469301294950844 -0.3214394653032242 0
    outer loop
      vertex -94.9900739719463 -42.73471047876992 49.900000000000006
      vertex -94.94697652082407 -42.607749481825785 49.900000000000006
      vertex -94.94697652082407 -42.607749481825785 53.900000000000006
    endloop
  endfacet
  facet normal 0.8968727415327052 -0.4422886902189667 0
    outer loop
      vertex -94.94697652082407 -42.607749481825785 49.900000000000006
      vertex -94.88767603887905 -42.4875 49.900000000000006
      vertex -94.88767603887905 -42.4875 53.900000000000006
    endloop
  endfacet
  facet normal 0.8314696123025214 -0.5555702330196378 0
    outer loop
      vertex -94.88767603887905 -42.4875 49.900000000000006
      vertex -94.81318717379851 -42.37601953526606 49.900000000000006
      vertex -94.81318717379851 -42.37601953526606 53.900000000000006
    endloop
  endfacet
  facet normal 0.7518398074790142 -0.6593458151000271 0
    outer loop
      vertex -94.81318717379851 -42.37601953526606 49.900000000000006
      vertex -94.72478445071621 -42.275215549283786 49.900000000000006
      vertex -94.72478445071621 -42.275215549283786 53.900000000000006
    endloop
  endfacet
  facet normal 0.6593458151000307 -0.7518398074790109 0
    outer loop
      vertex -94.72478445071621 -42.275215549283786 49.900000000000006
      vertex -94.62398046473393 -42.18681282620148 49.900000000000006
      vertex -94.62398046473393 -42.18681282620148 53.900000000000006
    endloop
  endfacet
  facet normal 0.5555702330196256 -0.8314696123025295 0
    outer loop
      vertex -94.62398046473393 -42.18681282620148 49.900000000000006
      vertex -94.5125 -42.11232396112095 49.900000000000006
      vertex -94.5125 -42.11232396112095 53.900000000000006
    endloop
  endfacet
  facet normal 0.44228869021898776 -0.8968727415326949 0
    outer loop
      vertex -94.5125 -42.11232396112095 49.900000000000006
      vertex -94.39225051817422 -42.053023479175934 49.900000000000006
      vertex -94.39225051817422 -42.053023479175934 53.900000000000006
    endloop
  endfacet
  facet normal 0.32143946530317674 -0.9469301294951006 0
    outer loop
      vertex -94.39225051817422 -42.053023479175934 49.900000000000006
      vertex -94.26528952123009 -42.009926028053705 49.900000000000006
      vertex -94.26528952123009 -42.009926028053705 53.900000000000006
    endloop
  endfacet
  facet normal 0.1950903220161232 -0.9807852804032314 0
    outer loop
      vertex -94.26528952123009 -42.009926028053705 49.900000000000006
      vertex -94.13378934702556 -41.983769017091845 49.900000000000006
      vertex -94.13378934702556 -41.983769017091845 53.900000000000006
    endloop
  endfacet
  facet normal 0.06540312923013598 -0.9978589232386039 0
    outer loop
      vertex -94.13378934702556 -41.983769017091845 49.900000000000006
      vertex -94 -41.975 49.900000000000006
      vertex -94 -41.975 53.900000000000006
    endloop
  endfacet
  facet normal -0.06540312923013598 -0.9978589232386039 0
    outer loop
      vertex -94 -41.975 49.900000000000006
      vertex -93.86621065297444 -41.983769017091845 49.900000000000006
      vertex -93.86621065297444 -41.983769017091845 53.900000000000006
    endloop
  endfacet
  facet normal -0.1950903220161232 -0.9807852804032314 0
    outer loop
      vertex -93.86621065297444 -41.983769017091845 49.900000000000006
      vertex -93.73471047876991 -42.009926028053705 49.900000000000006
      vertex -93.73471047876991 -42.009926028053705 53.900000000000006
    endloop
  endfacet
  facet normal -0.32143946530317674 -0.9469301294951006 0
    outer loop
      vertex -93.60774948182578 -42.053023479175934 49.900000000000006
      vertex -93.60774948182578 -42.053023479175934 53.900000000000006
      vertex -93.73471047876991 -42.009926028053705 49.900000000000006
    endloop
  endfacet
  facet normal -0.44228869021898776 -0.8968727415326949 0
    outer loop
      vertex -93.4875 -42.11232396112095 49.900000000000006
      vertex -93.4875 -42.11232396112095 53.900000000000006
      vertex -93.60774948182578 -42.053023479175934 49.900000000000006
    endloop
  endfacet
  facet normal -0.5555702330196256 0.8314696123025295 0
    outer loop
      vertex -93.4875 -43.88767603887905 49.900000000000006
      vertex -93.4875 -43.88767603887905 53.900000000000006
      vertex -93.37601953526607 -43.81318717379852 49.900000000000006
    endloop
  endfacet
  facet normal -0.6593458151000307 0.7518398074790109 0
    outer loop
      vertex -93.37601953526607 -43.81318717379852 49.900000000000006
      vertex -93.37601953526607 -43.81318717379852 53.900000000000006
      vertex -93.27521554928379 -43.724784450716214 49.900000000000006
    endloop
  endfacet
  facet normal -0.7518398074790142 0.6593458151000271 0
    outer loop
      vertex -93.27521554928379 -43.724784450716214 49.900000000000006
      vertex -93.27521554928379 -43.724784450716214 53.900000000000006
      vertex -93.18681282620149 -43.62398046473394 49.900000000000006
    endloop
  endfacet
  facet normal -0.8314696123025214 0.5555702330196378 0
    outer loop
      vertex -93.18681282620149 -43.62398046473394 49.900000000000006
      vertex -93.18681282620149 -43.62398046473394 53.900000000000006
      vertex -93.11232396112095 -43.5125 49.900000000000006
    endloop
  endfacet
  facet normal -0.8968727415327052 0.4422886902189667 0
    outer loop
      vertex -93.11232396112095 -43.5125 49.900000000000006
      vertex -93.11232396112095 -43.5125 53.900000000000006
      vertex -93.05302347917593 -43.392250518174215 49.900000000000006
    endloop
  endfacet
  facet normal -0.9469301294950844 0.3214394653032242 0
    outer loop
      vertex -93.05302347917593 -43.392250518174215 49.900000000000006
      vertex -93.05302347917593 -43.392250518174215 53.900000000000006
      vertex -93.0099260280537 -43.26528952123008 49.900000000000006
    endloop
  endfacet
  facet normal -0.9807852804032395 0.19509032201608234 0
    outer loop
      vertex -93.0099260280537 -43.26528952123008 49.900000000000006
      vertex -93.0099260280537 -43.26528952123008 53.900000000000006
      vertex -92.98376901709184 -43.133789347025555 49.900000000000006
    endloop
  endfacet
  facet normal -0.9978589232386006 0.06540312923018876 0
    outer loop
      vertex -92.98376901709184 -43.133789347025555 49.900000000000006
      vertex -92.98376901709184 -43.133789347025555 53.900000000000006
      vertex -92.975 -43 49.900000000000006
    endloop
  endfacet
  facet normal -0.9978589232386006 -0.06540312923018876 0
    outer loop
      vertex -92.975 -43 49.900000000000006
      vertex -92.975 -43 53.900000000000006
      vertex -92.98376901709184 -42.866210652974445 49.900000000000006
    endloop
  endfacet
  facet normal -0.9807852804032395 -0.19509032201608234 0
    outer loop
      vertex -92.98376901709184 -42.866210652974445 49.900000000000006
      vertex -92.98376901709184 -42.866210652974445 53.900000000000006
      vertex -93.0099260280537 -42.73471047876992 49.900000000000006
    endloop
  endfacet
  facet normal -0.9469301294950844 -0.3214394653032242 0
    outer loop
      vertex -93.0099260280537 -42.73471047876992 49.900000000000006
      vertex -93.0099260280537 -42.73471047876992 53.900000000000006
      vertex -93.05302347917593 -42.607749481825785 49.900000000000006
    endloop
  endfacet
  facet normal -0.8968727415327052 -0.4422886902189667 0
    outer loop
      vertex -93.11232396112095 -42.4875 49.900000000000006
      vertex -93.05302347917593 -42.607749481825785 49.900000000000006
      vertex -93.05302347917593 -42.607749481825785 53.900000000000006
    endloop
  endfacet
  facet normal -0.7518398074790142 -0.6593458151000271 0
    outer loop
      vertex -93.27521554928379 -42.275215549283786 49.900000000000006
      vertex -93.18681282620149 -42.37601953526606 49.900000000000006
      vertex -93.18681282620149 -42.37601953526606 53.900000000000006
    endloop
  endfacet
  facet normal -0.5555702330196256 -0.8314696123025295 0
    outer loop
      vertex -93.4875 -42.11232396112095 49.900000000000006
      vertex -93.37601953526607 -42.18681282620148 49.900000000000006
      vertex -93.37601953526607 -42.18681282620148 53.900000000000006
    endloop
  endfacet
  facet normal -0.6593458151000307 -0.7518398074790109 0
    outer loop
      vertex -93.37601953526607 -42.18681282620148 49.900000000000006
      vertex -93.27521554928379 -42.275215549283786 49.900000000000006
      vertex -93.27521554928379 -42.275215549283786 53.900000000000006
    endloop
  endfacet
  facet normal -0.8314696123025214 -0.5555702330196378 0
    outer loop
      vertex -93.11232396112095 -42.4875 49.900000000000006
      vertex -93.11232396112095 -42.4875 53.900000000000006
      vertex -93.18681282620149 -42.37601953526606 49.900000000000006
    endloop
  endfacet
  facet normal 0.8314696123025214 0.5555702330196378 0
    outer loop
      vertex -94.81318717379851 -43.62398046473394 49.900000000000006
      vertex -94.88767603887905 -43.5125 53.900000000000006
      vertex -94.81318717379851 -43.62398046473394 53.900000000000006
    endloop
  endfacet
  facet normal 0.5555702330196256 0.8314696123025295 0
    outer loop
      vertex -94.5125 -43.88767603887905 49.900000000000006
      vertex -94.62398046473393 -43.81318717379852 53.900000000000006
      vertex -94.5125 -43.88767603887905 53.900000000000006
    endloop
  endfacet
  facet normal 0.6593458151000307 0.7518398074790109 0
    outer loop
      vertex -94.62398046473393 -43.81318717379852 49.900000000000006
      vertex -94.72478445071621 -43.724784450716214 53.900000000000006
      vertex -94.62398046473393 -43.81318717379852 53.900000000000006
    endloop
  endfacet
  facet normal 0.7518398074790142 0.6593458151000271 0
    outer loop
      vertex -94.72478445071621 -43.724784450716214 49.900000000000006
      vertex -94.81318717379851 -43.62398046473394 53.900000000000006
      vertex -94.72478445071621 -43.724784450716214 53.900000000000006
    endloop
  endfacet
  facet normal 0.8968727415327052 0.4422886902189667 0
    outer loop
      vertex -94.88767603887905 -43.5125 49.900000000000006
      vertex -94.94697652082407 -43.392250518174215 53.900000000000006
      vertex -94.88767603887905 -43.5125 53.900000000000006
    endloop
  endfacet
  facet normal 0.9469301294950844 0.3214394653032242 0
    outer loop
      vertex -94.94697652082407 -43.392250518174215 49.900000000000006
      vertex -94.9900739719463 -43.26528952123008 53.900000000000006
      vertex -94.94697652082407 -43.392250518174215 53.900000000000006
    endloop
  endfacet
  facet normal 0.9807852804032395 0.19509032201608234 0
    outer loop
      vertex -94.9900739719463 -43.26528952123008 49.900000000000006
      vertex -95.01623098290816 -43.133789347025555 53.900000000000006
      vertex -94.9900739719463 -43.26528952123008 53.900000000000006
    endloop
  endfacet
  facet normal 0.44228869021898776 0.8968727415326949 0
    outer loop
      vertex -94.39225051817422 -43.946976520824066 49.900000000000006
      vertex -94.5125 -43.88767603887905 53.900000000000006
      vertex -94.39225051817422 -43.946976520824066 53.900000000000006
    endloop
  endfacet
  facet normal 0.32143946530317674 0.9469301294951006 0
    outer loop
      vertex -94.26528952123009 -43.990073971946295 49.900000000000006
      vertex -94.39225051817422 -43.946976520824066 53.900000000000006
      vertex -94.26528952123009 -43.990073971946295 53.900000000000006
    endloop
  endfacet
  facet normal 0.1950903220161232 0.9807852804032314 0
    outer loop
      vertex -94.13378934702556 -44.016230982908155 49.900000000000006
      vertex -94.26528952123009 -43.990073971946295 53.900000000000006
      vertex -94.13378934702556 -44.016230982908155 53.900000000000006
    endloop
  endfacet
  facet normal 0.06540312923013598 0.9978589232386039 0
    outer loop
      vertex -94 -44.025 49.900000000000006
      vertex -94.13378934702556 -44.016230982908155 53.900000000000006
      vertex -94 -44.025 53.900000000000006
    endloop
  endfacet
  facet normal -0.06540312923013598 0.9978589232386039 0
    outer loop
      vertex -93.86621065297444 -44.016230982908155 49.900000000000006
      vertex -94 -44.025 53.900000000000006
      vertex -93.86621065297444 -44.016230982908155 53.900000000000006
    endloop
  endfacet
  facet normal -0.1950903220161232 0.9807852804032314 0
    outer loop
      vertex -93.73471047876991 -43.990073971946295 49.900000000000006
      vertex -93.86621065297444 -44.016230982908155 53.900000000000006
      vertex -93.73471047876991 -43.990073971946295 53.900000000000006
    endloop
  endfacet
  facet normal -0.32143946530317674 0.9469301294951006 0
    outer loop
      vertex -93.60774948182578 -43.946976520824066 49.900000000000006
      vertex -93.73471047876991 -43.990073971946295 53.900000000000006
      vertex -93.60774948182578 -43.946976520824066 53.900000000000006
    endloop
  endfacet
  facet normal -0.44228869021898776 0.8968727415326949 0
    outer loop
      vertex -93.4875 -43.88767603887905 49.900000000000006
      vertex -93.60774948182578 -43.946976520824066 53.900000000000006
      vertex -93.4875 -43.88767603887905 53.900000000000006
    endloop
  endfacet
  facet normal 0.9978589232386006 0.06540312923018876 0
    outer loop
      vertex -95.01623098290816 -43.133789347025555 49.900000000000006
      vertex -95.025 -43 53.900000000000006
      vertex -95.01623098290816 -43.133789347025555 53.900000000000006
    endloop
  endfacet
  facet normal 0.9978589232386006 -0.06540312923018876 0
    outer loop
      vertex -95.025 -43 49.900000000000006
      vertex -95.01623098290816 -42.866210652974445 53.900000000000006
      vertex -95.025 -43 53.900000000000006
    endloop
  endfacet
  facet normal 0.9807852804032395 -0.19509032201608234 0
    outer loop
      vertex -95.01623098290816 -42.866210652974445 49.900000000000006
      vertex -94.9900739719463 -42.73471047876992 53.900000000000006
      vertex -95.01623098290816 -42.866210652974445 53.900000000000006
    endloop
  endfacet
  facet normal 0.9469301294950844 -0.3214394653032242 0
    outer loop
      vertex -94.9900739719463 -42.73471047876992 49.900000000000006
      vertex -94.94697652082407 -42.607749481825785 53.900000000000006
      vertex -94.9900739719463 -42.73471047876992 53.900000000000006
    endloop
  endfacet
  facet normal 0.8968727415327052 -0.4422886902189667 0
    outer loop
      vertex -94.94697652082407 -42.607749481825785 49.900000000000006
      vertex -94.88767603887905 -42.4875 53.900000000000006
      vertex -94.94697652082407 -42.607749481825785 53.900000000000006
    endloop
  endfacet
  facet normal 0.8314696123025214 -0.5555702330196378 0
    outer loop
      vertex -94.88767603887905 -42.4875 49.900000000000006
      vertex -94.81318717379851 -42.37601953526606 53.900000000000006
      vertex -94.88767603887905 -42.4875 53.900000000000006
    endloop
  endfacet
  facet normal 0.7518398074790142 -0.6593458151000271 0
    outer loop
      vertex -94.81318717379851 -42.37601953526606 49.900000000000006
      vertex -94.72478445071621 -42.275215549283786 53.900000000000006
      vertex -94.81318717379851 -42.37601953526606 53.900000000000006
    endloop
  endfacet
  facet normal 0.6593458151000307 -0.7518398074790109 0
    outer loop
      vertex -94.72478445071621 -42.275215549283786 49.900000000000006
      vertex -94.62398046473393 -42.18681282620148 53.900000000000006
      vertex -94.72478445071621 -42.275215549283786 53.900000000000006
    endloop
  endfacet
  facet normal 0.5555702330196256 -0.8314696123025295 0
    outer loop
      vertex -94.62398046473393 -42.18681282620148 49.900000000000006
      vertex -94.5125 -42.11232396112095 53.900000000000006
      vertex -94.62398046473393 -42.18681282620148 53.900000000000006
    endloop
  endfacet
  facet normal 0.44228869021898776 -0.8968727415326949 0
    outer loop
      vertex -94.5125 -42.11232396112095 49.900000000000006
      vertex -94.39225051817422 -42.053023479175934 53.900000000000006
      vertex -94.5125 -42.11232396112095 53.900000000000006
    endloop
  endfacet
  facet normal 0.32143946530317674 -0.9469301294951006 0
    outer loop
      vertex -94.39225051817422 -42.053023479175934 49.900000000000006
      vertex -94.26528952123009 -42.009926028053705 53.900000000000006
      vertex -94.39225051817422 -42.053023479175934 53.900000000000006
    endloop
  endfacet
  facet normal 0.1950903220161232 -0.9807852804032314 0
    outer loop
      vertex -94.26528952123009 -42.009926028053705 49.900000000000006
      vertex -94.13378934702556 -41.983769017091845 53.900000000000006
      vertex -94.26528952123009 -42.009926028053705 53.900000000000006
    endloop
  endfacet
  facet normal 0.06540312923013598 -0.9978589232386039 0
    outer loop
      vertex -94.13378934702556 -41.983769017091845 49.900000000000006
      vertex -94 -41.975 53.900000000000006
      vertex -94.13378934702556 -41.983769017091845 53.900000000000006
    endloop
  endfacet
  facet normal -0.06540312923013598 -0.9978589232386039 0
    outer loop
      vertex -94 -41.975 49.900000000000006
      vertex -93.86621065297444 -41.983769017091845 53.900000000000006
      vertex -94 -41.975 53.900000000000006
    endloop
  endfacet
  facet normal -0.1950903220161232 -0.9807852804032314 0
    outer loop
      vertex -93.86621065297444 -41.983769017091845 49.900000000000006
      vertex -93.73471047876991 -42.009926028053705 53.900000000000006
      vertex -93.86621065297444 -41.983769017091845 53.900000000000006
    endloop
  endfacet
  facet normal -0.32143946530317674 -0.9469301294951006 0
    outer loop
      vertex -93.73471047876991 -42.009926028053705 49.900000000000006
      vertex -93.60774948182578 -42.053023479175934 53.900000000000006
      vertex -93.73471047876991 -42.009926028053705 53.900000000000006
    endloop
  endfacet
  facet normal -0.44228869021898776 -0.8968727415326949 0
    outer loop
      vertex -93.60774948182578 -42.053023479175934 49.900000000000006
      vertex -93.4875 -42.11232396112095 53.900000000000006
      vertex -93.60774948182578 -42.053023479175934 53.900000000000006
    endloop
  endfacet
  facet normal -0.5555702330196256 0.8314696123025295 0
    outer loop
      vertex -93.37601953526607 -43.81318717379852 49.900000000000006
      vertex -93.4875 -43.88767603887905 53.900000000000006
      vertex -93.37601953526607 -43.81318717379852 53.900000000000006
    endloop
  endfacet
  facet normal -0.6593458151000307 0.7518398074790109 0
    outer loop
      vertex -93.27521554928379 -43.724784450716214 49.900000000000006
      vertex -93.37601953526607 -43.81318717379852 53.900000000000006
      vertex -93.27521554928379 -43.724784450716214 53.900000000000006
    endloop
  endfacet
  facet normal -0.7518398074790142 0.6593458151000271 0
    outer loop
      vertex -93.18681282620149 -43.62398046473394 49.900000000000006
      vertex -93.27521554928379 -43.724784450716214 53.900000000000006
      vertex -93.18681282620149 -43.62398046473394 53.900000000000006
    endloop
  endfacet
  facet normal -0.8314696123025214 0.5555702330196378 0
    outer loop
      vertex -93.11232396112095 -43.5125 49.900000000000006
      vertex -93.18681282620149 -43.62398046473394 53.900000000000006
      vertex -93.11232396112095 -43.5125 53.900000000000006
    endloop
  endfacet
  facet normal -0.8968727415327052 0.4422886902189667 0
    outer loop
      vertex -93.05302347917593 -43.392250518174215 49.900000000000006
      vertex -93.11232396112095 -43.5125 53.900000000000006
      vertex -93.05302347917593 -43.392250518174215 53.900000000000006
    endloop
  endfacet
  facet normal -0.9469301294950844 0.3214394653032242 0
    outer loop
      vertex -93.0099260280537 -43.26528952123008 49.900000000000006
      vertex -93.05302347917593 -43.392250518174215 53.900000000000006
      vertex -93.0099260280537 -43.26528952123008 53.900000000000006
    endloop
  endfacet
  facet normal -0.9807852804032395 0.19509032201608234 0
    outer loop
      vertex -92.98376901709184 -43.133789347025555 49.900000000000006
      vertex -93.0099260280537 -43.26528952123008 53.900000000000006
      vertex -92.98376901709184 -43.133789347025555 53.900000000000006
    endloop
  endfacet
  facet normal -0.9978589232386006 0.06540312923018876 0
    outer loop
      vertex -92.975 -43 49.900000000000006
      vertex -92.98376901709184 -43.133789347025555 53.900000000000006
      vertex -92.975 -43 53.900000000000006
    endloop
  endfacet
  facet normal -0.9978589232386006 -0.06540312923018876 0
    outer loop
      vertex -92.98376901709184 -42.866210652974445 49.900000000000006
      vertex -92.975 -43 53.900000000000006
      vertex -92.98376901709184 -42.866210652974445 53.900000000000006
    endloop
  endfacet
  facet normal -0.9807852804032395 -0.19509032201608234 0
    outer loop
      vertex -93.0099260280537 -42.73471047876992 49.900000000000006
      vertex -92.98376901709184 -42.866210652974445 53.900000000000006
      vertex -93.0099260280537 -42.73471047876992 53.900000000000006
    endloop
  endfacet
  facet normal -0.9469301294950844 -0.3214394653032242 0
    outer loop
      vertex -93.05302347917593 -42.607749481825785 49.900000000000006
      vertex -93.0099260280537 -42.73471047876992 53.900000000000006
      vertex -93.05302347917593 -42.607749481825785 53.900000000000006
    endloop
  endfacet
  facet normal -0.8968727415327052 -0.4422886902189667 0
    outer loop
      vertex -93.11232396112095 -42.4875 49.900000000000006
      vertex -93.05302347917593 -42.607749481825785 53.900000000000006
      vertex -93.11232396112095 -42.4875 53.900000000000006
    endloop
  endfacet
  facet normal -0.7518398074790142 -0.6593458151000271 0
    outer loop
      vertex -93.27521554928379 -42.275215549283786 49.900000000000006
      vertex -93.18681282620149 -42.37601953526606 53.900000000000006
      vertex -93.27521554928379 -42.275215549283786 53.900000000000006
    endloop
  endfacet
  facet normal -0.6593458151000307 -0.7518398074790109 0
    outer loop
      vertex -93.37601953526607 -42.18681282620148 49.900000000000006
      vertex -93.27521554928379 -42.275215549283786 53.900000000000006
      vertex -93.37601953526607 -42.18681282620148 53.900000000000006
    endloop
  endfacet
  facet normal -0.5555702330196256 -0.8314696123025295 0
    outer loop
      vertex -93.4875 -42.11232396112095 49.900000000000006
      vertex -93.37601953526607 -42.18681282620148 53.900000000000006
      vertex -93.4875 -42.11232396112095 53.900000000000006
    endloop
  endfacet
  facet normal -0.8314696123025214 -0.5555702330196378 0
    outer loop
      vertex -93.18681282620149 -42.37601953526606 49.900000000000006
      vertex -93.11232396112095 -42.4875 53.900000000000006
      vertex -93.18681282620149 -42.37601953526606 53.900000000000006
    endloop
  endfacet
  facet normal 0 0 -1
    outer loop
      vertex 38.2 -44.3856406460551 49.900000000000006
      vertex 38.4875 -43.88767603887905 49.900000000000006
      vertex 38.38770650821586 -44.47820725201806 49.900000000000006
    endloop
  endfacet
  facet normal 0 0 -1
    outer loop
      vertex 38.02598171358605 -44.269365344465974 49.900000000000006
      vertex 38.275215549283786 -43.724784450716214 49.900000000000006
      vertex 38.2 -44.3856406460551 49.900000000000006
    endloop
  endfacet
  facet normal 0 0 -1
    outer loop
      vertex 37.868629150101526 -44.131370849898474 49.900000000000006
      vertex 38.053023479175934 -43.392250518174215 49.900000000000006
      vertex 38.02598171358605 -44.269365344465974 49.900000000000006
    endloop
  endfacet
  facet normal 0 0 -1
    outer loop
      vertex 38.2 -44.3856406460551 49.900000000000006
      vertex 38.275215549283786 -43.724784450716214 49.900000000000006
      vertex 38.37601953526606 -43.81318717379852 49.900000000000006
    endloop
  endfacet
  facet normal 0 0 -1
    outer loop
      vertex 38.2 -44.3856406460551 49.900000000000006
      vertex 38.37601953526606 -43.81318717379852 49.900000000000006
      vertex 38.4875 -43.88767603887905 49.900000000000006
    endloop
  endfacet
  facet normal 0 0 -1
    outer loop
      vertex 37.6143593539449 -43.8 49.900000000000006
      vertex 37.52179274798194 -43.61229349178414 49.900000000000006
      vertex 37.6143593539449 -42.2 49.900000000000006
    endloop
  endfacet
  facet normal 0 0 -1
    outer loop
      vertex 37.6143593539449 -43.8 49.900000000000006
      vertex 37.730634655534026 -42.02598171358605 49.900000000000006
      vertex 37.730634655534026 -43.974018286413944 49.900000000000006
    endloop
  endfacet
  facet normal 0 0 -1
    outer loop
      vertex 37.868629150101526 -41.868629150101526 49.900000000000006
      vertex 37.868629150101526 -44.131370849898474 49.900000000000006
      vertex 37.730634655534026 -43.974018286413944 49.900000000000006
    endloop
  endfacet
  facet normal 0 0 -1
    outer loop
      vertex 38.02598171358605 -44.269365344465974 49.900000000000006
      vertex 38.053023479175934 -43.392250518174215 49.900000000000006
      vertex 38.11232396112095 -43.5125 49.900000000000006
    endloop
  endfacet
  facet normal 0 0 -1
    outer loop
      vertex 38.02598171358605 -44.269365344465974 49.900000000000006
      vertex 38.11232396112095 -43.5125 49.900000000000006
      vertex 38.18681282620148 -43.62398046473394 49.900000000000006
    endloop
  endfacet
  facet normal 0 0 -1
    outer loop
      vertex 38.02598171358605 -44.269365344465974 49.900000000000006
      vertex 38.18681282620148 -43.62398046473394 49.900000000000006
      vertex 38.275215549283786 -43.724784450716214 49.900000000000006
    endloop
  endfacet
  facet normal 0 0 -1
    outer loop
      vertex 37.868629150101526 -44.131370849898474 49.900000000000006
      vertex 38.009926028053705 -43.26528952123008 49.900000000000006
      vertex 38.053023479175934 -43.392250518174215 49.900000000000006
    endloop
  endfacet
  facet normal 0 0 -1
    outer loop
      vertex 37.868629150101526 -44.131370849898474 49.900000000000006
      vertex 37.983769017091845 -43.133789347025555 49.900000000000006
      vertex 38.009926028053705 -43.26528952123008 49.900000000000006
    endloop
  endfacet
  facet normal 0 0 -1
    outer loop
      vertex 37.868629150101526 -44.131370849898474 49.900000000000006
      vertex 37.975 -43 49.900000000000006
      vertex 37.983769017091845 -43.133789347025555 49.900000000000006
    endloop
  endfacet
  facet normal 0 0 -1
    outer loop
      vertex 37.52179274798194 -43.61229349178414 49.900000000000006
      vertex 37.45451867793749 -43.41411047216403 49.900000000000006
      vertex 37.52179274798194 -42.38770650821586 49.900000000000006
    endloop
  endfacet
  facet normal 0 0 -1
    outer loop
      vertex 37.45451867793749 -43.41411047216403 49.900000000000006
      vertex 37.413688221801905 -43.208841907552085 49.900000000000006
      vertex 37.45451867793749 -42.58588952783597 49.900000000000006
    endloop
  endfacet
  facet normal 0 0 -1
    outer loop
      vertex 37.413688221801905 -43.208841907552085 49.900000000000006
      vertex 37.4 -43 49.900000000000006
      vertex 37.413688221801905 -42.791158092447915 49.900000000000006
    endloop
  endfacet
  facet normal 0 0 -1
    outer loop
      vertex 37.413688221801905 -43.208841907552085 49.900000000000006
      vertex 37.413688221801905 -42.791158092447915 49.900000000000006
      vertex 37.45451867793749 -42.58588952783597 49.900000000000006
    endloop
  endfacet
  facet normal 0 0 -1
    outer loop
      vertex 37.45451867793749 -43.41411047216403 49.900000000000006
      vertex 37.45451867793749 -42.58588952783597 49.900000000000006
      vertex 37.52179274798194 -42.38770650821586 49.900000000000006
    endloop
  endfacet
  facet normal 0 0 -1
    outer loop
      vertex 37.52179274798194 -43.61229349178414 49.900000000000006
      vertex 37.52179274798194 -42.38770650821586 49.900000000000006
      vertex 37.6143593539449 -42.2 49.900000000000006
    endloop
  endfacet
  facet normal 0 0 -1
    outer loop
      vertex 37.6143593539449 -43.8 49.900000000000006
      vertex 37.6143593539449 -42.2 49.900000000000006
      vertex 37.730634655534026 -42.02598171358605 49.900000000000006
    endloop
  endfacet
  facet normal 0 0 -1
    outer loop
      vertex 37.730634655534026 -42.02598171358605 49.900000000000006
      vertex 37.868629150101526 -41.868629150101526 49.900000000000006
      vertex 37.730634655534026 -43.974018286413944 49.900000000000006
    endloop
  endfacet
  facet normal 0 0 -1
    outer loop
      vertex 37.868629150101526 -44.131370849898474 49.900000000000006
      vertex 37.868629150101526 -41.868629150101526 49.900000000000006
      vertex 38.02598171358605 -41.730634655534026 49.900000000000006
    endloop
  endfacet
  facet normal 0 0 -1
    outer loop
      vertex 37.868629150101526 -44.131370849898474 49.900000000000006
      vertex 38.02598171358605 -41.730634655534026 49.900000000000006
      vertex 37.975 -43 49.900000000000006
    endloop
  endfacet
  facet normal 0 0 -1
    outer loop
      vertex 37.975 -43 49.900000000000006
      vertex 38.02598171358605 -41.730634655534026 49.900000000000006
      vertex 37.983769017091845 -42.866210652974445 49.900000000000006
    endloop
  endfacet
  facet normal 0 0 -1
    outer loop
      vertex 37.983769017091845 -42.866210652974445 49.900000000000006
      vertex 38.02598171358605 -41.730634655534026 49.900000000000006
      vertex 38.009926028053705 -42.73471047876992 49.900000000000006
    endloop
  endfacet
  facet normal 0 0 -1
    outer loop
      vertex 38.009926028053705 -42.73471047876992 49.900000000000006
      vertex 38.02598171358605 -41.730634655534026 49.900000000000006
      vertex 38.053023479175934 -42.607749481825785 49.900000000000006
    endloop
  endfacet
  facet normal 0 0 -1
    outer loop
      vertex 38.053023479175934 -42.607749481825785 49.900000000000006
      vertex 38.02598171358605 -41.730634655534026 49.900000000000006
      vertex 38.11232396112095 -42.4875 49.900000000000006
    endloop
  endfacet
  facet normal 0 0 -1
    outer loop
      vertex 38.11232396112095 -42.4875 49.900000000000006
      vertex 38.2 -41.6143593539449 49.900000000000006
      vertex 38.18681282620148 -42.37601953526606 49.900000000000006
    endloop
  endfacet
  facet normal 0 0 -1
    outer loop
      vertex 38.11232396112095 -42.4875 49.900000000000006
      vertex 38.02598171358605 -41.730634655534026 49.900000000000006
      vertex 38.2 -41.6143593539449 49.900000000000006
    endloop
  endfacet
  facet normal 0 0 -1
    outer loop
      vertex 38.18681282620148 -42.37601953526606 49.900000000000006
      vertex 38.2 -41.6143593539449 49.900000000000006
      vertex 38.275215549283786 -42.275215549283786 49.900000000000006
    endloop
  endfacet
  facet normal 0 0 -1
    outer loop
      vertex 38.275215549283786 -42.275215549283786 49.900000000000006
      vertex 38.38770650821586 -41.52179274798194 49.900000000000006
      vertex 38.37601953526606 -42.18681282620148 49.900000000000006
    endloop
  endfacet
  facet normal 0 0 -1
    outer loop
      vertex 38.37601953526606 -42.18681282620148 49.900000000000006
      vertex 38.38770650821586 -41.52179274798194 49.900000000000006
      vertex 38.4875 -42.11232396112095 49.900000000000006
    endloop
  endfacet
  facet normal 0 0 -1
    outer loop
      vertex 38.275215549283786 -42.275215549283786 49.900000000000006
      vertex 38.2 -41.6143593539449 49.900000000000006
      vertex 38.38770650821586 -41.52179274798194 49.900000000000006
    endloop
  endfacet
  facet normal 0 0 -1
    outer loop
      vertex 38.38770650821586 -44.47820725201806 49.900000000000006
      vertex 38.607749481825785 -43.946976520824066 49.900000000000006
      vertex 38.58588952783597 -44.54548132206251 49.900000000000006
    endloop
  endfacet
  facet normal 0 0 -1
    outer loop
      vertex 38.58588952783597 -44.54548132206251 49.900000000000006
      vertex 38.866210652974445 -44.016230982908155 49.900000000000006
      vertex 38.791158092447915 -44.586311778198095 49.900000000000006
    endloop
  endfacet
  facet normal 0 0 -1
    outer loop
      vertex 38.791158092447915 -44.586311778198095 49.900000000000006
      vertex 38.866210652974445 -44.016230982908155 49.900000000000006
      vertex 39 -44.6 49.900000000000006
    endloop
  endfacet
  facet normal 0 0 -1
    outer loop
      vertex 38.38770650821586 -44.47820725201806 49.900000000000006
      vertex 38.4875 -43.88767603887905 49.900000000000006
      vertex 38.607749481825785 -43.946976520824066 49.900000000000006
    endloop
  endfacet
  facet normal 0 0 -1
    outer loop
      vertex 38.58588952783597 -44.54548132206251 49.900000000000006
      vertex 38.607749481825785 -43.946976520824066 49.900000000000006
      vertex 38.73471047876992 -43.990073971946295 49.900000000000006
    endloop
  endfacet
  facet normal 0 0 -1
    outer loop
      vertex 38.58588952783597 -44.54548132206251 49.900000000000006
      vertex 38.73471047876992 -43.990073971946295 49.900000000000006
      vertex 38.866210652974445 -44.016230982908155 49.900000000000006
    endloop
  endfacet
  facet normal 0 0 -1
    outer loop
      vertex 39 -44.6 49.900000000000006
      vertex 38.866210652974445 -44.016230982908155 49.900000000000006
      vertex 39 -44.025 49.900000000000006
    endloop
  endfacet
  facet normal 0 0 -1
    outer loop
      vertex 39 -44.6 49.900000000000006
      vertex 39.133789347025555 -44.016230982908155 49.900000000000006
      vertex 39.208841907552085 -44.586311778198095 49.900000000000006
    endloop
  endfacet
  facet normal 0 0 -1
    outer loop
      vertex 39.208841907552085 -44.586311778198095 49.900000000000006
      vertex 39.26528952123008 -43.990073971946295 49.900000000000006
      vertex 39.41411047216403 -44.54548132206251 49.900000000000006
    endloop
  endfacet
  facet normal 0 0 -1
    outer loop
      vertex 39.41411047216403 -44.54548132206251 49.900000000000006
      vertex 39.5125 -43.88767603887905 49.900000000000006
      vertex 39.61229349178414 -44.47820725201806 49.900000000000006
    endloop
  endfacet
  facet normal 0 0 -1
    outer loop
      vertex 39 -44.6 49.900000000000006
      vertex 39 -44.025 49.900000000000006
      vertex 39.133789347025555 -44.016230982908155 49.900000000000006
    endloop
  endfacet
  facet normal 0 0 -1
    outer loop
      vertex 39.208841907552085 -44.586311778198095 49.900000000000006
      vertex 39.133789347025555 -44.016230982908155 49.900000000000006
      vertex 39.26528952123008 -43.990073971946295 49.900000000000006
    endloop
  endfacet
  facet normal 0 0 -1
    outer loop
      vertex 39.41411047216403 -44.54548132206251 49.900000000000006
      vertex 39.26528952123008 -43.990073971946295 49.900000000000006
      vertex 39.392250518174215 -43.946976520824066 49.900000000000006
    endloop
  endfacet
  facet normal 0 0 -1
    outer loop
      vertex 39.41411047216403 -44.54548132206251 49.900000000000006
      vertex 39.392250518174215 -43.946976520824066 49.900000000000006
      vertex 39.5125 -43.88767603887905 49.900000000000006
    endloop
  endfacet
  facet normal 0 0 -1
    outer loop
      vertex 39.61229349178414 -44.47820725201806 49.900000000000006
      vertex 39.724784450716214 -43.724784450716214 49.900000000000006
      vertex 39.8 -44.3856406460551 49.900000000000006
    endloop
  endfacet
  facet normal 0 0 -1
    outer loop
      vertex 39.5125 -43.88767603887905 49.900000000000006
      vertex 39.62398046473394 -43.81318717379852 49.900000000000006
      vertex 39.61229349178414 -44.47820725201806 49.900000000000006
    endloop
  endfacet
  facet normal 0 0 -1
    outer loop
      vertex 39.61229349178414 -44.47820725201806 49.900000000000006
      vertex 39.62398046473394 -43.81318717379852 49.900000000000006
      vertex 39.724784450716214 -43.724784450716214 49.900000000000006
    endloop
  endfacet
  facet normal 0 0 -1
    outer loop
      vertex 39.8 -44.3856406460551 49.900000000000006
      vertex 39.724784450716214 -43.724784450716214 49.900000000000006
      vertex 39.81318717379852 -43.62398046473394 49.900000000000006
    endloop
  endfacet
  facet normal 0 0 -1
    outer loop
      vertex 39.8 -44.3856406460551 49.900000000000006
      vertex 39.88767603887905 -43.5125 49.900000000000006
      vertex 39.97401828641395 -44.26936534446598 49.900000000000006
    endloop
  endfacet
  facet normal 0 0 -1
    outer loop
      vertex 39.8 -44.3856406460551 49.900000000000006
      vertex 39.81318717379852 -43.62398046473394 49.900000000000006
      vertex 39.88767603887905 -43.5125 49.900000000000006
    endloop
  endfacet
  facet normal 0 0 -1
    outer loop
      vertex 39.88767603887905 -43.5125 49.900000000000006
      vertex 39.946976520824066 -43.392250518174215 49.900000000000006
      vertex 39.97401828641395 -44.26936534446598 49.900000000000006
    endloop
  endfacet
  facet normal 0 0 -1
    outer loop
      vertex 39.946976520824066 -43.392250518174215 49.900000000000006
      vertex 39.990073971946295 -43.26528952123008 49.900000000000006
      vertex 39.97401828641395 -44.26936534446598 49.900000000000006
    endloop
  endfacet
  facet normal 0 0 -1
    outer loop
      vertex 39.990073971946295 -43.26528952123008 49.900000000000006
      vertex 40.016230982908155 -43.133789347025555 49.900000000000006
      vertex 39.97401828641395 -44.26936534446598 49.900000000000006
    endloop
  endfacet
  facet normal 0 0 -1
    outer loop
      vertex 40.016230982908155 -43.133789347025555 49.900000000000006
      vertex 40.025 -43 49.900000000000006
      vertex 39.97401828641395 -44.26936534446598 49.900000000000006
    endloop
  endfacet
  facet normal 0 0 -1
    outer loop
      vertex 39.97401828641395 -44.26936534446598 49.900000000000006
      vertex 40.131370849898474 -41.868629150101526 49.900000000000006
      vertex 40.131370849898474 -44.131370849898474 49.900000000000006
    endloop
  endfacet
  facet normal 0 0 -1
    outer loop
      vertex 40.131370849898474 -44.131370849898474 49.900000000000006
      vertex 40.269365344465974 -42.025981713586056 49.900000000000006
      vertex 40.269365344465974 -43.97401828641395 49.900000000000006
    endloop
  endfacet
  facet normal 0 0 -1
    outer loop
      vertex 40.269365344465974 -43.97401828641395 49.900000000000006
      vertex 40.3856406460551 -42.2 49.900000000000006
      vertex 40.3856406460551 -43.8 49.900000000000006
    endloop
  endfacet
  facet normal 0 0 -1
    outer loop
      vertex 40.3856406460551 -43.8 49.900000000000006
      vertex 40.47820725201806 -42.38770650821586 49.900000000000006
      vertex 40.47820725201806 -43.61229349178414 49.900000000000006
    endloop
  endfacet
  facet normal 0 0 -1
    outer loop
      vertex 40.47820725201806 -43.61229349178414 49.900000000000006
      vertex 40.54548132206251 -42.58588952783597 49.900000000000006
      vertex 40.54548132206251 -43.41411047216403 49.900000000000006
    endloop
  endfacet
  facet normal 0 0 -1
    outer loop
      vertex 38.4875 -42.11232396112095 49.900000000000006
      vertex 38.58588952783597 -41.45451867793749 49.900000000000006
      vertex 38.607749481825785 -42.053023479175934 49.900000000000006
    endloop
  endfacet
  facet normal 0 0 -1
    outer loop
      vertex 38.607749481825785 -42.053023479175934 49.900000000000006
      vertex 38.58588952783597 -41.45451867793749 49.900000000000006
      vertex 38.73471047876992 -42.009926028053705 49.900000000000006
    endloop
  endfacet
  facet normal 0 0 -1
    outer loop
      vertex 38.73471047876992 -42.009926028053705 49.900000000000006
      vertex 38.791158092447915 -41.413688221801905 49.900000000000006
      vertex 38.866210652974445 -41.983769017091845 49.900000000000006
    endloop
  endfacet
  facet normal 0 0 -1
    outer loop
      vertex 38.866210652974445 -41.983769017091845 49.900000000000006
      vertex 39 -41.4 49.900000000000006
      vertex 39 -41.975 49.900000000000006
    endloop
  endfacet
  facet normal 0 0 -1
    outer loop
      vertex 39 -41.975 49.900000000000006
      vertex 39 -41.4 49.900000000000006
      vertex 39.133789347025555 -41.983769017091845 49.900000000000006
    endloop
  endfacet
  facet normal 0 0 -1
    outer loop
      vertex 39.26528952123008 -42.009926028053705 49.900000000000006
      vertex 39.41411047216403 -41.45451867793749 49.900000000000006
      vertex 39.392250518174215 -42.053023479175934 49.900000000000006
    endloop
  endfacet
  facet normal 0 0 -1
    outer loop
      vertex 39.133789347025555 -41.983769017091845 49.900000000000006
      vertex 39.41411047216403 -41.45451867793749 49.900000000000006
      vertex 39.26528952123008 -42.009926028053705 49.900000000000006
    endloop
  endfacet
  facet normal 0 0 -1
    outer loop
      vertex 39.5125 -42.11232396112095 49.900000000000006
      vertex 39.392250518174215 -42.053023479175934 49.900000000000006
      vertex 39.61229349178414 -41.52179274798194 49.900000000000006
    endloop
  endfacet
  facet normal 0 0 -1
    outer loop
      vertex 40.025 -43 49.900000000000006
      vertex 40.131370849898474 -41.868629150101526 49.900000000000006
      vertex 39.97401828641395 -44.26936534446598 49.900000000000006
    endloop
  endfacet
  facet normal 0 0 -1
    outer loop
      vertex 40.025 -43 49.900000000000006
      vertex 40.016230982908155 -42.866210652974445 49.900000000000006
      vertex 40.131370849898474 -41.868629150101526 49.900000000000006
    endloop
  endfacet
  facet normal 0 0 -1
    outer loop
      vertex 40.016230982908155 -42.866210652974445 49.900000000000006
      vertex 39.990073971946295 -42.73471047876992 49.900000000000006
      vertex 40.131370849898474 -41.868629150101526 49.900000000000006
    endloop
  endfacet
  facet normal 0 0 -1
    outer loop
      vertex 40.54548132206251 -43.41411047216403 49.900000000000006
      vertex 40.586311778198095 -42.791158092447915 49.900000000000006
      vertex 40.586311778198095 -43.208841907552085 49.900000000000006
    endloop
  endfacet
  facet normal 0 0 -1
    outer loop
      vertex 40.586311778198095 -43.208841907552085 49.900000000000006
      vertex 40.586311778198095 -42.791158092447915 49.900000000000006
      vertex 40.6 -43 49.900000000000006
    endloop
  endfacet
  facet normal 0 0 -1
    outer loop
      vertex 40.54548132206251 -43.41411047216403 49.900000000000006
      vertex 40.54548132206251 -42.58588952783597 49.900000000000006
      vertex 40.586311778198095 -42.791158092447915 49.900000000000006
    endloop
  endfacet
  facet normal 0 0 -1
    outer loop
      vertex 40.47820725201806 -43.61229349178414 49.900000000000006
      vertex 40.47820725201806 -42.38770650821586 49.900000000000006
      vertex 40.54548132206251 -42.58588952783597 49.900000000000006
    endloop
  endfacet
  facet normal 0 0 -1
    outer loop
      vertex 40.131370849898474 -44.131370849898474 49.900000000000006
      vertex 40.131370849898474 -41.868629150101526 49.900000000000006
      vertex 40.269365344465974 -42.025981713586056 49.900000000000006
    endloop
  endfacet
  facet normal 0 0 -1
    outer loop
      vertex 40.269365344465974 -43.97401828641395 49.900000000000006
      vertex 40.269365344465974 -42.025981713586056 49.900000000000006
      vertex 40.3856406460551 -42.2 49.900000000000006
    endloop
  endfacet
  facet normal 0 0 -1
    outer loop
      vertex 40.3856406460551 -43.8 49.900000000000006
      vertex 40.3856406460551 -42.2 49.900000000000006
      vertex 40.47820725201806 -42.38770650821586 49.900000000000006
    endloop
  endfacet
  facet normal 0 0 -1
    outer loop
      vertex 39.990073971946295 -42.73471047876992 49.900000000000006
      vertex 39.946976520824066 -42.607749481825785 49.900000000000006
      vertex 40.131370849898474 -41.868629150101526 49.900000000000006
    endloop
  endfacet
  facet normal 0 0 -1
    outer loop
      vertex 39.88767603887905 -42.4875 49.900000000000006
      vertex 39.81318717379852 -42.37601953526606 49.900000000000006
      vertex 39.97401828641395 -41.730634655534026 49.900000000000006
    endloop
  endfacet
  facet normal 0 0 -1
    outer loop
      vertex 39.724784450716214 -42.275215549283786 49.900000000000006
      vertex 39.97401828641395 -41.730634655534026 49.900000000000006
      vertex 39.81318717379852 -42.37601953526606 49.900000000000006
    endloop
  endfacet
  facet normal 0 0 -1
    outer loop
      vertex 39.88767603887905 -42.4875 49.900000000000006
      vertex 39.97401828641395 -41.730634655534026 49.900000000000006
      vertex 39.946976520824066 -42.607749481825785 49.900000000000006
    endloop
  endfacet
  facet normal 0 0 -1
    outer loop
      vertex 39.5125 -42.11232396112095 49.900000000000006
      vertex 39.8 -41.6143593539449 49.900000000000006
      vertex 39.62398046473394 -42.18681282620148 49.900000000000006
    endloop
  endfacet
  facet normal 0 0 -1
    outer loop
      vertex 39.62398046473394 -42.18681282620148 49.900000000000006
      vertex 39.8 -41.6143593539449 49.900000000000006
      vertex 39.724784450716214 -42.275215549283786 49.900000000000006
    endloop
  endfacet
  facet normal 0 0 -1
    outer loop
      vertex 39.946976520824066 -42.607749481825785 49.900000000000006
      vertex 39.97401828641395 -41.730634655534026 49.900000000000006
      vertex 40.131370849898474 -41.868629150101526 49.900000000000006
    endloop
  endfacet
  facet normal 0 0 -1
    outer loop
      vertex 39.724784450716214 -42.275215549283786 49.900000000000006
      vertex 39.8 -41.6143593539449 49.900000000000006
      vertex 39.97401828641395 -41.730634655534026 49.900000000000006
    endloop
  endfacet
  facet normal 0 0 -1
    outer loop
      vertex 38.4875 -42.11232396112095 49.900000000000006
      vertex 38.38770650821586 -41.52179274798194 49.900000000000006
      vertex 38.58588952783597 -41.45451867793749 49.900000000000006
    endloop
  endfacet
  facet normal 0 0 -1
    outer loop
      vertex 38.73471047876992 -42.009926028053705 49.900000000000006
      vertex 38.58588952783597 -41.45451867793749 49.900000000000006
      vertex 38.791158092447915 -41.413688221801905 49.900000000000006
    endloop
  endfacet
  facet normal 0 0 -1
    outer loop
      vertex 38.866210652974445 -41.983769017091845 49.900000000000006
      vertex 38.791158092447915 -41.413688221801905 49.900000000000006
      vertex 39 -41.4 49.900000000000006
    endloop
  endfacet
  facet normal 0 0 -1
    outer loop
      vertex 39.133789347025555 -41.983769017091845 49.900000000000006
      vertex 39 -41.4 49.900000000000006
      vertex 39.208841907552085 -41.413688221801905 49.900000000000006
    endloop
  endfacet
  facet normal 0 0 -1
    outer loop
      vertex 39.133789347025555 -41.983769017091845 49.900000000000006
      vertex 39.208841907552085 -41.413688221801905 49.900000000000006
      vertex 39.41411047216403 -41.45451867793749 49.900000000000006
    endloop
  endfacet
  facet normal 0 0 -1
    outer loop
      vertex 39.392250518174215 -42.053023479175934 49.900000000000006
      vertex 39.41411047216403 -41.45451867793749 49.900000000000006
      vertex 39.61229349178414 -41.52179274798194 49.900000000000006
    endloop
  endfacet
  facet normal 0 0 -1
    outer loop
      vertex 39.5125 -42.11232396112095 49.900000000000006
      vertex 39.61229349178414 -41.52179274798194 49.900000000000006
      vertex 39.8 -41.6143593539449 49.900000000000006
    endloop
  endfacet
  facet normal -0.5555702330196042 -0.8314696123025438 0
    outer loop
      vertex 38.02598171358605 -44.269365344465974 49.900000000000006
      vertex 38.2 -44.3856406460551 49.900000000000006
      vertex 38.2 -44.3856406460551 53.900000000000006
    endloop
  endfacet
  facet normal -0.4422886902190091 -0.8968727415326844 0
    outer loop
      vertex 38.2 -44.3856406460551 49.900000000000006
      vertex 38.38770650821586 -44.47820725201806 49.900000000000006
      vertex 38.38770650821586 -44.47820725201806 53.900000000000006
    endloop
  endfacet
  facet normal -0.6593458151000712 -0.7518398074789753 0
    outer loop
      vertex 37.868629150101526 -44.131370849898474 49.900000000000006
      vertex 38.02598171358605 -44.269365344465974 49.900000000000006
      vertex 38.02598171358605 -44.269365344465974 53.900000000000006
    endloop
  endfacet
  facet normal -0.8968727415326844 -0.4422886902190091 0
    outer loop
      vertex 37.6143593539449 -43.8 49.900000000000006
      vertex 37.52179274798194 -43.61229349178414 53.900000000000006
      vertex 37.52179274798194 -43.61229349178414 49.900000000000006
    endloop
  endfacet
  facet normal -0.9469301294951094 -0.3214394653031508 0
    outer loop
      vertex 37.52179274798194 -43.61229349178414 49.900000000000006
      vertex 37.45451867793749 -43.41411047216403 53.900000000000006
      vertex 37.45451867793749 -43.41411047216403 49.900000000000006
    endloop
  endfacet
  facet normal -0.9807852804032299 -0.19509032201613147 0
    outer loop
      vertex 37.45451867793749 -43.41411047216403 49.900000000000006
      vertex 37.413688221801905 -43.208841907552085 53.900000000000006
      vertex 37.413688221801905 -43.208841907552085 49.900000000000006
    endloop
  endfacet
  facet normal -0.9978589232386026 -0.06540312923015869 0
    outer loop
      vertex 37.413688221801905 -43.208841907552085 49.900000000000006
      vertex 37.4 -43 53.900000000000006
      vertex 37.4 -43 49.900000000000006
    endloop
  endfacet
  facet normal -0.9978589232386026 0.06540312923015869 0
    outer loop
      vertex 37.4 -43 49.900000000000006
      vertex 37.413688221801905 -42.791158092447915 53.900000000000006
      vertex 37.413688221801905 -42.791158092447915 49.900000000000006
    endloop
  endfacet
  facet normal -0.9807852804032299 0.19509032201613147 0
    outer loop
      vertex 37.413688221801905 -42.791158092447915 49.900000000000006
      vertex 37.45451867793749 -42.58588952783597 53.900000000000006
      vertex 37.45451867793749 -42.58588952783597 49.900000000000006
    endloop
  endfacet
  facet normal -0.9469301294951094 0.3214394653031508 0
    outer loop
      vertex 37.45451867793749 -42.58588952783597 49.900000000000006
      vertex 37.52179274798194 -42.38770650821586 53.900000000000006
      vertex 37.52179274798194 -42.38770650821586 49.900000000000006
    endloop
  endfacet
  facet normal -0.8968727415326844 0.4422886902190091 0
    outer loop
      vertex 37.52179274798194 -42.38770650821586 49.900000000000006
      vertex 37.6143593539449 -42.2 53.900000000000006
      vertex 37.6143593539449 -42.2 49.900000000000006
    endloop
  endfacet
  facet normal -0.8314696123025438 0.5555702330196042 0
    outer loop
      vertex 37.6143593539449 -42.2 49.900000000000006
      vertex 37.730634655534026 -42.02598171358605 53.900000000000006
      vertex 37.730634655534026 -42.02598171358605 49.900000000000006
    endloop
  endfacet
  facet normal -0.7518398074789753 0.6593458151000712 0
    outer loop
      vertex 37.730634655534026 -42.02598171358605 49.900000000000006
      vertex 37.868629150101526 -41.868629150101526 53.900000000000006
      vertex 37.868629150101526 -41.868629150101526 49.900000000000006
    endloop
  endfacet
  facet normal -0.6593458151000712 0.7518398074789753 0
    outer loop
      vertex 37.868629150101526 -41.868629150101526 49.900000000000006
      vertex 37.868629150101526 -41.868629150101526 53.900000000000006
      vertex 38.02598171358605 -41.730634655534026 49.900000000000006
    endloop
  endfacet
  facet normal -0.3214394653031508 -0.9469301294951094 0
    outer loop
      vertex 38.38770650821586 -44.47820725201806 49.900000000000006
      vertex 38.58588952783597 -44.54548132206251 49.900000000000006
      vertex 38.58588952783597 -44.54548132206251 53.900000000000006
    endloop
  endfacet
  facet normal -0.19509032201613147 -0.9807852804032299 0
    outer loop
      vertex 38.58588952783597 -44.54548132206251 49.900000000000006
      vertex 38.791158092447915 -44.586311778198095 49.900000000000006
      vertex 38.791158092447915 -44.586311778198095 53.900000000000006
    endloop
  endfacet
  facet normal -0.06540312923015869 -0.9978589232386026 0
    outer loop
      vertex 38.791158092447915 -44.586311778198095 49.900000000000006
      vertex 39 -44.6 49.900000000000006
      vertex 39 -44.6 53.900000000000006
    endloop
  endfacet
  facet normal 0.06540312923015869 -0.9978589232386026 0
    outer loop
      vertex 39 -44.6 49.900000000000006
      vertex 39.208841907552085 -44.586311778198095 49.900000000000006
      vertex 39.208841907552085 -44.586311778198095 53.900000000000006
    endloop
  endfacet
  facet normal 0.19509032201613147 -0.9807852804032299 0
    outer loop
      vertex 39.208841907552085 -44.586311778198095 49.900000000000006
      vertex 39.41411047216403 -44.54548132206251 49.900000000000006
      vertex 39.41411047216403 -44.54548132206251 53.900000000000006
    endloop
  endfacet
  facet normal 0.3214394653031508 -0.9469301294951094 0
    outer loop
      vertex 39.41411047216403 -44.54548132206251 49.900000000000006
      vertex 39.61229349178414 -44.47820725201806 49.900000000000006
      vertex 39.61229349178414 -44.47820725201806 53.900000000000006
    endloop
  endfacet
  facet normal 0.4422886902190091 -0.8968727415326844 0
    outer loop
      vertex 39.61229349178414 -44.47820725201806 49.900000000000006
      vertex 39.8 -44.3856406460551 49.900000000000006
      vertex 39.8 -44.3856406460551 53.900000000000006
    endloop
  endfacet
  facet normal 0.7518398074789753 -0.6593458151000712 0
    outer loop
      vertex 40.131370849898474 -44.131370849898474 49.900000000000006
      vertex 40.269365344465974 -43.97401828641395 49.900000000000006
      vertex 40.131370849898474 -44.131370849898474 53.900000000000006
    endloop
  endfacet
  facet normal 0.8314696123025438 -0.5555702330196042 0
    outer loop
      vertex 40.269365344465974 -43.97401828641395 49.900000000000006
      vertex 40.3856406460551 -43.8 49.900000000000006
      vertex 40.269365344465974 -43.97401828641395 53.900000000000006
    endloop
  endfacet
  facet normal 0.8968727415326844 -0.4422886902190091 0
    outer loop
      vertex 40.3856406460551 -43.8 49.900000000000006
      vertex 40.47820725201806 -43.61229349178414 49.900000000000006
      vertex 40.3856406460551 -43.8 53.900000000000006
    endloop
  endfacet
  facet normal 0.9469301294951094 -0.3214394653031508 0
    outer loop
      vertex 40.47820725201806 -43.61229349178414 49.900000000000006
      vertex 40.54548132206251 -43.41411047216403 49.900000000000006
      vertex 40.47820725201806 -43.61229349178414 53.900000000000006
    endloop
  endfacet
  facet normal 0.9807852804032299 -0.19509032201613147 0
    outer loop
      vertex 40.54548132206251 -43.41411047216403 49.900000000000006
      vertex 40.586311778198095 -43.208841907552085 49.900000000000006
      vertex 40.54548132206251 -43.41411047216403 53.900000000000006
    endloop
  endfacet
  facet normal 0.9978589232386026 -0.06540312923015869 0
    outer loop
      vertex 40.586311778198095 -43.208841907552085 49.900000000000006
      vertex 40.6 -43 49.900000000000006
      vertex 40.586311778198095 -43.208841907552085 53.900000000000006
    endloop
  endfacet
  facet normal 0.9978589232386026 0.06540312923015869 0
    outer loop
      vertex 40.6 -43 49.900000000000006
      vertex 40.586311778198095 -42.791158092447915 49.900000000000006
      vertex 40.6 -43 53.900000000000006
    endloop
  endfacet
  facet normal 0.9807852804032299 0.19509032201613147 0
    outer loop
      vertex 40.586311778198095 -42.791158092447915 49.900000000000006
      vertex 40.54548132206251 -42.58588952783597 49.900000000000006
      vertex 40.586311778198095 -42.791158092447915 53.900000000000006
    endloop
  endfacet
  facet normal 0.9469301294951094 0.3214394653031508 0
    outer loop
      vertex 40.54548132206251 -42.58588952783597 49.900000000000006
      vertex 40.47820725201806 -42.38770650821586 49.900000000000006
      vertex 40.54548132206251 -42.58588952783597 53.900000000000006
    endloop
  endfacet
  facet normal 0.6593458151000712 0.7518398074789753 0
    outer loop
      vertex 40.131370849898474 -41.868629150101526 49.900000000000006
      vertex 39.97401828641395 -41.730634655534026 49.900000000000006
      vertex 39.97401828641395 -41.730634655534026 53.900000000000006
    endloop
  endfacet
  facet normal 0.8968727415326844 0.4422886902190091 0
    outer loop
      vertex 40.47820725201806 -42.38770650821586 49.900000000000006
      vertex 40.3856406460551 -42.2 49.900000000000006
      vertex 40.47820725201806 -42.38770650821586 53.900000000000006
    endloop
  endfacet
  facet normal -0.5555702330196042 0.8314696123025438 0
    outer loop
      vertex 38.02598171358605 -41.730634655534026 49.900000000000006
      vertex 38.02598171358605 -41.730634655534026 53.900000000000006
      vertex 38.2 -41.6143593539449 49.900000000000006
    endloop
  endfacet
  facet normal -0.4422886902190091 0.8968727415326844 0
    outer loop
      vertex 38.2 -41.6143593539449 49.900000000000006
      vertex 38.2 -41.6143593539449 53.900000000000006
      vertex 38.38770650821586 -41.52179274798194 49.900000000000006
    endloop
  endfacet
  facet normal -0.3214394653031508 0.9469301294951094 0
    outer loop
      vertex 38.38770650821586 -41.52179274798194 49.900000000000006
      vertex 38.38770650821586 -41.52179274798194 53.900000000000006
      vertex 38.58588952783597 -41.45451867793749 49.900000000000006
    endloop
  endfacet
  facet normal -0.19509032201613147 0.9807852804032299 0
    outer loop
      vertex 38.58588952783597 -41.45451867793749 49.900000000000006
      vertex 38.58588952783597 -41.45451867793749 53.900000000000006
      vertex 38.791158092447915 -41.413688221801905 49.900000000000006
    endloop
  endfacet
  facet normal -0.06540312923015869 0.9978589232386026 0
    outer loop
      vertex 38.791158092447915 -41.413688221801905 49.900000000000006
      vertex 38.791158092447915 -41.413688221801905 53.900000000000006
      vertex 39 -41.4 49.900000000000006
    endloop
  endfacet
  facet normal 0.06540312923015869 0.9978589232386026 0
    outer loop
      vertex 39 -41.4 49.900000000000006
      vertex 39 -41.4 53.900000000000006
      vertex 39.208841907552085 -41.413688221801905 49.900000000000006
    endloop
  endfacet
  facet normal 0.19509032201613147 0.9807852804032299 0
    outer loop
      vertex 39.208841907552085 -41.413688221801905 49.900000000000006
      vertex 39.208841907552085 -41.413688221801905 53.900000000000006
      vertex 39.41411047216403 -41.45451867793749 49.900000000000006
    endloop
  endfacet
  facet normal 0.3214394653031508 0.9469301294951094 0
    outer loop
      vertex 39.41411047216403 -41.45451867793749 49.900000000000006
      vertex 39.41411047216403 -41.45451867793749 53.900000000000006
      vertex 39.61229349178414 -41.52179274798194 49.900000000000006
    endloop
  endfacet
  facet normal 0.4422886902190091 0.8968727415326844 0
    outer loop
      vertex 39.8 -41.6143593539449 49.900000000000006
      vertex 39.61229349178414 -41.52179274798194 49.900000000000006
      vertex 39.61229349178414 -41.52179274798194 53.900000000000006
    endloop
  endfacet
  facet normal 0.5555702330196042 0.8314696123025438 0
    outer loop
      vertex 39.8 -41.6143593539449 49.900000000000006
      vertex 39.8 -41.6143593539449 53.900000000000006
      vertex 39.97401828641395 -41.730634655534026 49.900000000000006
    endloop
  endfacet
  facet normal -0.6593458151000712 -0.7518398074789753 0
    outer loop
      vertex 37.868629150101526 -44.131370849898474 49.900000000000006
      vertex 38.02598171358605 -44.269365344465974 53.900000000000006
      vertex 37.868629150101526 -44.131370849898474 53.900000000000006
    endloop
  endfacet
  facet normal -0.7518398074789753 -0.6593458151000712 0
    outer loop
      vertex 37.868629150101526 -44.131370849898474 49.900000000000006
      vertex 37.868629150101526 -44.131370849898474 53.900000000000006
      vertex 37.730634655534026 -43.97401828641395 53.900000000000006
    endloop
  endfacet
  facet normal -0.5555702330196042 -0.8314696123025438 0
    outer loop
      vertex 38.02598171358605 -44.269365344465974 49.900000000000006
      vertex 38.2 -44.3856406460551 53.900000000000006
      vertex 38.02598171358605 -44.269365344465974 53.900000000000006
    endloop
  endfacet
  facet normal -0.3214394653031508 -0.9469301294951094 0
    outer loop
      vertex 38.38770650821586 -44.47820725201806 49.900000000000006
      vertex 38.58588952783597 -44.54548132206251 53.900000000000006
      vertex 38.38770650821586 -44.47820725201806 53.900000000000006
    endloop
  endfacet
  facet normal -0.4422886902190091 -0.8968727415326844 0
    outer loop
      vertex 38.2 -44.3856406460551 49.900000000000006
      vertex 38.38770650821586 -44.47820725201806 53.900000000000006
      vertex 38.2 -44.3856406460551 53.900000000000006
    endloop
  endfacet
  facet normal -0.8968727415326844 -0.4422886902190091 0
    outer loop
      vertex 37.6143593539449 -43.8 49.900000000000006
      vertex 37.6143593539449 -43.8 53.900000000000006
      vertex 37.52179274798194 -43.61229349178414 53.900000000000006
    endloop
  endfacet
  facet normal -0.9469301294951094 -0.3214394653031508 0
    outer loop
      vertex 37.52179274798194 -43.61229349178414 49.900000000000006
      vertex 37.52179274798194 -43.61229349178414 53.900000000000006
      vertex 37.45451867793749 -43.41411047216403 53.900000000000006
    endloop
  endfacet
  facet normal -0.9807852804032299 -0.19509032201613147 0
    outer loop
      vertex 37.45451867793749 -43.41411047216403 49.900000000000006
      vertex 37.45451867793749 -43.41411047216403 53.900000000000006
      vertex 37.413688221801905 -43.208841907552085 53.900000000000006
    endloop
  endfacet
  facet normal -0.9978589232386026 0.06540312923015869 0
    outer loop
      vertex 37.4 -43 49.900000000000006
      vertex 37.4 -43 53.900000000000006
      vertex 37.413688221801905 -42.791158092447915 53.900000000000006
    endloop
  endfacet
  facet normal -0.9978589232386026 -0.06540312923015869 0
    outer loop
      vertex 37.413688221801905 -43.208841907552085 49.900000000000006
      vertex 37.413688221801905 -43.208841907552085 53.900000000000006
      vertex 37.4 -43 53.900000000000006
    endloop
  endfacet
  facet normal -0.9807852804032299 0.19509032201613147 0
    outer loop
      vertex 37.413688221801905 -42.791158092447915 49.900000000000006
      vertex 37.413688221801905 -42.791158092447915 53.900000000000006
      vertex 37.45451867793749 -42.58588952783597 53.900000000000006
    endloop
  endfacet
  facet normal -0.9469301294951094 0.3214394653031508 0
    outer loop
      vertex 37.45451867793749 -42.58588952783597 49.900000000000006
      vertex 37.45451867793749 -42.58588952783597 53.900000000000006
      vertex 37.52179274798194 -42.38770650821586 53.900000000000006
    endloop
  endfacet
  facet normal -0.8968727415326844 0.4422886902190091 0
    outer loop
      vertex 37.52179274798194 -42.38770650821586 49.900000000000006
      vertex 37.52179274798194 -42.38770650821586 53.900000000000006
      vertex 37.6143593539449 -42.2 53.900000000000006
    endloop
  endfacet
  facet normal -0.8314696123025438 0.5555702330196042 0
    outer loop
      vertex 37.6143593539449 -42.2 49.900000000000006
      vertex 37.6143593539449 -42.2 53.900000000000006
      vertex 37.730634655534026 -42.02598171358605 53.900000000000006
    endloop
  endfacet
  facet normal -0.7518398074789753 0.6593458151000712 0
    outer loop
      vertex 37.730634655534026 -42.02598171358605 49.900000000000006
      vertex 37.730634655534026 -42.02598171358605 53.900000000000006
      vertex 37.868629150101526 -41.868629150101526 53.900000000000006
    endloop
  endfacet
  facet normal -0.6593458151000712 0.7518398074789753 0
    outer loop
      vertex 38.02598171358605 -41.730634655534026 49.900000000000006
      vertex 37.868629150101526 -41.868629150101526 53.900000000000006
      vertex 38.02598171358605 -41.730634655534026 53.900000000000006
    endloop
  endfacet
  facet normal -0.19509032201613147 -0.9807852804032299 0
    outer loop
      vertex 38.58588952783597 -44.54548132206251 49.900000000000006
      vertex 38.791158092447915 -44.586311778198095 53.900000000000006
      vertex 38.58588952783597 -44.54548132206251 53.900000000000006
    endloop
  endfacet
  facet normal -0.06540312923015869 -0.9978589232386026 0
    outer loop
      vertex 38.791158092447915 -44.586311778198095 49.900000000000006
      vertex 39 -44.6 53.900000000000006
      vertex 38.791158092447915 -44.586311778198095 53.900000000000006
    endloop
  endfacet
  facet normal 0.06540312923015869 -0.9978589232386026 0
    outer loop
      vertex 39 -44.6 49.900000000000006
      vertex 39.208841907552085 -44.586311778198095 53.900000000000006
      vertex 39 -44.6 53.900000000000006
    endloop
  endfacet
  facet normal 0.19509032201613147 -0.9807852804032299 0
    outer loop
      vertex 39.208841907552085 -44.586311778198095 49.900000000000006
      vertex 39.41411047216403 -44.54548132206251 53.900000000000006
      vertex 39.208841907552085 -44.586311778198095 53.900000000000006
    endloop
  endfacet
  facet normal 0.3214394653031508 -0.9469301294951094 0
    outer loop
      vertex 39.41411047216403 -44.54548132206251 49.900000000000006
      vertex 39.61229349178414 -44.47820725201806 53.900000000000006
      vertex 39.41411047216403 -44.54548132206251 53.900000000000006
    endloop
  endfacet
  facet normal 0.4422886902190091 -0.8968727415326844 0
    outer loop
      vertex 39.61229349178414 -44.47820725201806 49.900000000000006
      vertex 39.8 -44.3856406460551 53.900000000000006
      vertex 39.61229349178414 -44.47820725201806 53.900000000000006
    endloop
  endfacet
  facet normal 0.5555702330196042 -0.8314696123025438 0
    outer loop
      vertex 39.8 -44.3856406460551 53.900000000000006
      vertex 39.8 -44.3856406460551 49.900000000000006
      vertex 39.97401828641395 -44.269365344465974 53.900000000000006
    endloop
  endfacet
  facet normal 0.7518398074789753 -0.6593458151000712 0
    outer loop
      vertex 40.269365344465974 -43.97401828641395 49.900000000000006
      vertex 40.269365344465974 -43.97401828641395 53.900000000000006
      vertex 40.131370849898474 -44.131370849898474 53.900000000000006
    endloop
  endfacet
  facet normal 0.8314696123025438 -0.5555702330196042 0
    outer loop
      vertex 40.3856406460551 -43.8 49.900000000000006
      vertex 40.3856406460551 -43.8 53.900000000000006
      vertex 40.269365344465974 -43.97401828641395 53.900000000000006
    endloop
  endfacet
  facet normal 0.8968727415326844 -0.4422886902190091 0
    outer loop
      vertex 40.47820725201806 -43.61229349178414 49.900000000000006
      vertex 40.47820725201806 -43.61229349178414 53.900000000000006
      vertex 40.3856406460551 -43.8 53.900000000000006
    endloop
  endfacet
  facet normal 0.9469301294951094 -0.3214394653031508 0
    outer loop
      vertex 40.54548132206251 -43.41411047216403 49.900000000000006
      vertex 40.54548132206251 -43.41411047216403 53.900000000000006
      vertex 40.47820725201806 -43.61229349178414 53.900000000000006
    endloop
  endfacet
  facet normal 0.9807852804032299 -0.19509032201613147 0
    outer loop
      vertex 40.586311778198095 -43.208841907552085 49.900000000000006
      vertex 40.586311778198095 -43.208841907552085 53.900000000000006
      vertex 40.54548132206251 -43.41411047216403 53.900000000000006
    endloop
  endfacet
  facet normal 0.9978589232386026 -0.06540312923015869 0
    outer loop
      vertex 40.6 -43 49.900000000000006
      vertex 40.6 -43 53.900000000000006
      vertex 40.586311778198095 -43.208841907552085 53.900000000000006
    endloop
  endfacet
  facet normal 0.9978589232386026 0.06540312923015869 0
    outer loop
      vertex 40.586311778198095 -42.791158092447915 49.900000000000006
      vertex 40.586311778198095 -42.791158092447915 53.900000000000006
      vertex 40.6 -43 53.900000000000006
    endloop
  endfacet
  facet normal 0.9807852804032299 0.19509032201613147 0
    outer loop
      vertex 40.54548132206251 -42.58588952783597 49.900000000000006
      vertex 40.54548132206251 -42.58588952783597 53.900000000000006
      vertex 40.586311778198095 -42.791158092447915 53.900000000000006
    endloop
  endfacet
  facet normal 0.9469301294951094 0.3214394653031508 0
    outer loop
      vertex 40.47820725201806 -42.38770650821586 49.900000000000006
      vertex 40.47820725201806 -42.38770650821586 53.900000000000006
      vertex 40.54548132206251 -42.58588952783597 53.900000000000006
    endloop
  endfacet
  facet normal 0.8968727415326844 0.4422886902190091 0
    outer loop
      vertex 40.3856406460551 -42.2 49.900000000000006
      vertex 40.3856406460551 -42.2 53.900000000000006
      vertex 40.47820725201806 -42.38770650821586 53.900000000000006
    endloop
  endfacet
  facet normal 0.7518398074789753 0.6593458151000712 0
    outer loop
      vertex 40.131370849898474 -41.868629150101526 49.900000000000006
      vertex 40.131370849898474 -41.868629150101526 53.900000000000006
      vertex 40.269365344465974 -42.02598171358605 53.900000000000006
    endloop
  endfacet
  facet normal 0.6593458151000712 0.7518398074789753 0
    outer loop
      vertex 40.131370849898474 -41.868629150101526 49.900000000000006
      vertex 39.97401828641395 -41.730634655534026 53.900000000000006
      vertex 40.131370849898474 -41.868629150101526 53.900000000000006
    endloop
  endfacet
  facet normal -0.5555702330196042 0.8314696123025438 0
    outer loop
      vertex 38.2 -41.6143593539449 49.900000000000006
      vertex 38.02598171358605 -41.730634655534026 53.900000000000006
      vertex 38.2 -41.6143593539449 53.900000000000006
    endloop
  endfacet
  facet normal -0.4422886902190091 0.8968727415326844 0
    outer loop
      vertex 38.38770650821586 -41.52179274798194 49.900000000000006
      vertex 38.2 -41.6143593539449 53.900000000000006
      vertex 38.38770650821586 -41.52179274798194 53.900000000000006
    endloop
  endfacet
  facet normal -0.3214394653031508 0.9469301294951094 0
    outer loop
      vertex 38.58588952783597 -41.45451867793749 49.900000000000006
      vertex 38.38770650821586 -41.52179274798194 53.900000000000006
      vertex 38.58588952783597 -41.45451867793749 53.900000000000006
    endloop
  endfacet
  facet normal -0.19509032201613147 0.9807852804032299 0
    outer loop
      vertex 38.791158092447915 -41.413688221801905 49.900000000000006
      vertex 38.58588952783597 -41.45451867793749 53.900000000000006
      vertex 38.791158092447915 -41.413688221801905 53.900000000000006
    endloop
  endfacet
  facet normal -0.06540312923015869 0.9978589232386026 0
    outer loop
      vertex 39 -41.4 49.900000000000006
      vertex 38.791158092447915 -41.413688221801905 53.900000000000006
      vertex 39 -41.4 53.900000000000006
    endloop
  endfacet
  facet normal 0.06540312923015869 0.9978589232386026 0
    outer loop
      vertex 39.208841907552085 -41.413688221801905 49.900000000000006
      vertex 39 -41.4 53.900000000000006
      vertex 39.208841907552085 -41.413688221801905 53.900000000000006
    endloop
  endfacet
  facet normal 0.19509032201613147 0.9807852804032299 0
    outer loop
      vertex 39.41411047216403 -41.45451867793749 49.900000000000006
      vertex 39.208841907552085 -41.413688221801905 53.900000000000006
      vertex 39.41411047216403 -41.45451867793749 53.900000000000006
    endloop
  endfacet
  facet normal 0.4422886902190091 0.8968727415326844 0
    outer loop
      vertex 39.8 -41.6143593539449 49.900000000000006
      vertex 39.61229349178414 -41.52179274798194 53.900000000000006
      vertex 39.8 -41.6143593539449 53.900000000000006
    endloop
  endfacet
  facet normal 0.3214394653031508 0.9469301294951094 0
    outer loop
      vertex 39.61229349178414 -41.52179274798194 49.900000000000006
      vertex 39.41411047216403 -41.45451867793749 53.900000000000006
      vertex 39.61229349178414 -41.52179274798194 53.900000000000006
    endloop
  endfacet
  facet normal 0.5555702330196042 0.8314696123025438 0
    outer loop
      vertex 39.97401828641395 -41.730634655534026 49.900000000000006
      vertex 39.8 -41.6143593539449 53.900000000000006
      vertex 39.97401828641395 -41.730634655534026 53.900000000000006
    endloop
  endfacet
  facet normal 0 0 1
    outer loop
      vertex 38.02598171358605 -44.269365344465974 53.900000000000006
      vertex 38.2 -44.3856406460551 53.900000000000006
      vertex 38.11232396112095 -43.5125 53.900000000000006
    endloop
  endfacet
  facet normal 0 0 1
    outer loop
      vertex 38.2 -44.3856406460551 53.900000000000006
      vertex 38.38770650821586 -44.47820725201806 53.900000000000006
      vertex 38.275215549283786 -43.724784450716214 53.900000000000006
    endloop
  endfacet
  facet normal 0 0 1
    outer loop
      vertex 38.2 -44.3856406460551 53.900000000000006
      vertex 38.275215549283786 -43.724784450716214 53.900000000000006
      vertex 38.18681282620148 -43.62398046473394 53.900000000000006
    endloop
  endfacet
  facet normal 0 0 1
    outer loop
      vertex 38.38770650821586 -44.47820725201806 53.900000000000006
      vertex 38.37601953526606 -43.81318717379852 53.900000000000006
      vertex 38.275215549283786 -43.724784450716214 53.900000000000006
    endloop
  endfacet
  facet normal 0 0 1
    outer loop
      vertex 38.38770650821586 -44.47820725201806 53.900000000000006
      vertex 38.4875 -43.88767603887905 53.900000000000006
      vertex 38.37601953526606 -43.81318717379852 53.900000000000006
    endloop
  endfacet
  facet normal 0 0 1
    outer loop
      vertex 37.52179274798194 -43.61229349178414 53.900000000000006
      vertex 37.45451867793749 -42.58588952783597 53.900000000000006
      vertex 37.45451867793749 -43.41411047216403 53.900000000000006
    endloop
  endfacet
  facet normal 0 0 1
    outer loop
      vertex 37.6143593539449 -43.8 53.900000000000006
      vertex 37.52179274798194 -42.38770650821586 53.900000000000006
      vertex 37.52179274798194 -43.61229349178414 53.900000000000006
    endloop
  endfacet
  facet normal 0 0 1
    outer loop
      vertex 37.730634655534026 -43.97401828641395 53.900000000000006
      vertex 37.6143593539449 -42.2 53.900000000000006
      vertex 37.6143593539449 -43.8 53.900000000000006
    endloop
  endfacet
  facet normal 0 0 1
    outer loop
      vertex 37.868629150101526 -44.131370849898474 53.900000000000006
      vertex 37.730634655534026 -42.02598171358605 53.900000000000006
      vertex 37.730634655534026 -43.97401828641395 53.900000000000006
    endloop
  endfacet
  facet normal 0 0 1
    outer loop
      vertex 37.868629150101526 -44.131370849898474 53.900000000000006
      vertex 38.02598171358605 -44.269365344465974 53.900000000000006
      vertex 37.868629150101526 -41.868629150101526 53.900000000000006
    endloop
  endfacet
  facet normal 0 0 1
    outer loop
      vertex 38.02598171358605 -44.269365344465974 53.900000000000006
      vertex 38.11232396112095 -43.5125 53.900000000000006
      vertex 38.053023479175934 -43.392250518174215 53.900000000000006
    endloop
  endfacet
  facet normal 0 0 1
    outer loop
      vertex 38.2 -44.3856406460551 53.900000000000006
      vertex 38.18681282620148 -43.62398046473394 53.900000000000006
      vertex 38.11232396112095 -43.5125 53.900000000000006
    endloop
  endfacet
  facet normal 0 0 1
    outer loop
      vertex 38.02598171358605 -44.269365344465974 53.900000000000006
      vertex 38.053023479175934 -43.392250518174215 53.900000000000006
      vertex 38.009926028053705 -43.26528952123008 53.900000000000006
    endloop
  endfacet
  facet normal 0 0 1
    outer loop
      vertex 38.02598171358605 -44.269365344465974 53.900000000000006
      vertex 38.009926028053705 -43.26528952123008 53.900000000000006
      vertex 37.983769017091845 -43.133789347025555 53.900000000000006
    endloop
  endfacet
  facet normal 0 0 1
    outer loop
      vertex 38.02598171358605 -44.269365344465974 53.900000000000006
      vertex 37.983769017091845 -43.133789347025555 53.900000000000006
      vertex 37.975 -43 53.900000000000006
    endloop
  endfacet
  facet normal 0 0 1
    outer loop
      vertex 37.45451867793749 -43.41411047216403 53.900000000000006
      vertex 37.413688221801905 -42.791158092447915 53.900000000000006
      vertex 37.413688221801905 -43.208841907552085 53.900000000000006
    endloop
  endfacet
  facet normal 0 0 1
    outer loop
      vertex 37.413688221801905 -43.208841907552085 53.900000000000006
      vertex 37.413688221801905 -42.791158092447915 53.900000000000006
      vertex 37.4 -43 53.900000000000006
    endloop
  endfacet
  facet normal 0 0 1
    outer loop
      vertex 37.45451867793749 -43.41411047216403 53.900000000000006
      vertex 37.45451867793749 -42.58588952783597 53.900000000000006
      vertex 37.413688221801905 -42.791158092447915 53.900000000000006
    endloop
  endfacet
  facet normal 0 0 1
    outer loop
      vertex 37.52179274798194 -43.61229349178414 53.900000000000006
      vertex 37.52179274798194 -42.38770650821586 53.900000000000006
      vertex 37.45451867793749 -42.58588952783597 53.900000000000006
    endloop
  endfacet
  facet normal 0 0 1
    outer loop
      vertex 37.6143593539449 -43.8 53.900000000000006
      vertex 37.6143593539449 -42.2 53.900000000000006
      vertex 37.52179274798194 -42.38770650821586 53.900000000000006
    endloop
  endfacet
  facet normal 0 0 1
    outer loop
      vertex 37.730634655534026 -43.97401828641395 53.900000000000006
      vertex 37.730634655534026 -42.02598171358605 53.900000000000006
      vertex 37.6143593539449 -42.2 53.900000000000006
    endloop
  endfacet
  facet normal 0 0 1
    outer loop
      vertex 37.868629150101526 -44.131370849898474 53.900000000000006
      vertex 37.868629150101526 -41.868629150101526 53.900000000000006
      vertex 37.730634655534026 -42.02598171358605 53.900000000000006
    endloop
  endfacet
  facet normal 0 0 1
    outer loop
      vertex 38.02598171358605 -44.269365344465974 53.900000000000006
      vertex 37.975 -43 53.900000000000006
      vertex 37.868629150101526 -41.868629150101526 53.900000000000006
    endloop
  endfacet
  facet normal 0 0 1
    outer loop
      vertex 37.975 -43 53.900000000000006
      vertex 37.983769017091845 -42.866210652974445 53.900000000000006
      vertex 37.868629150101526 -41.868629150101526 53.900000000000006
    endloop
  endfacet
  facet normal 0 0 1
    outer loop
      vertex 37.983769017091845 -42.866210652974445 53.900000000000006
      vertex 38.009926028053705 -42.73471047876992 53.900000000000006
      vertex 37.868629150101526 -41.868629150101526 53.900000000000006
    endloop
  endfacet
  facet normal 0 0 1
    outer loop
      vertex 38.009926028053705 -42.73471047876992 53.900000000000006
      vertex 38.053023479175934 -42.607749481825785 53.900000000000006
      vertex 37.868629150101526 -41.868629150101526 53.900000000000006
    endloop
  endfacet
  facet normal 0 0 1
    outer loop
      vertex 38.053023479175934 -42.607749481825785 53.900000000000006
      vertex 38.11232396112095 -42.4875 53.900000000000006
      vertex 38.02598171358605 -41.730634655534026 53.900000000000006
    endloop
  endfacet
  facet normal 0 0 1
    outer loop
      vertex 38.11232396112095 -42.4875 53.900000000000006
      vertex 38.18681282620148 -42.37601953526606 53.900000000000006
      vertex 38.02598171358605 -41.730634655534026 53.900000000000006
    endloop
  endfacet
  facet normal 0 0 1
    outer loop
      vertex 38.18681282620148 -42.37601953526606 53.900000000000006
      vertex 38.275215549283786 -42.275215549283786 53.900000000000006
      vertex 38.02598171358605 -41.730634655534026 53.900000000000006
    endloop
  endfacet
  facet normal 0 0 1
    outer loop
      vertex 38.053023479175934 -42.607749481825785 53.900000000000006
      vertex 38.02598171358605 -41.730634655534026 53.900000000000006
      vertex 37.868629150101526 -41.868629150101526 53.900000000000006
    endloop
  endfacet
  facet normal 0 0 1
    outer loop
      vertex 38.275215549283786 -42.275215549283786 53.900000000000006
      vertex 38.2 -41.6143593539449 53.900000000000006
      vertex 38.02598171358605 -41.730634655534026 53.900000000000006
    endloop
  endfacet
  facet normal 0 0 1
    outer loop
      vertex 38.275215549283786 -42.275215549283786 53.900000000000006
      vertex 38.37601953526606 -42.18681282620148 53.900000000000006
      vertex 38.2 -41.6143593539449 53.900000000000006
    endloop
  endfacet
  facet normal 0 0 1
    outer loop
      vertex 38.37601953526606 -42.18681282620148 53.900000000000006
      vertex 38.4875 -42.11232396112095 53.900000000000006
      vertex 38.2 -41.6143593539449 53.900000000000006
    endloop
  endfacet
  facet normal 0 0 1
    outer loop
      vertex 38.38770650821586 -44.47820725201806 53.900000000000006
      vertex 38.58588952783597 -44.54548132206251 53.900000000000006
      vertex 38.4875 -43.88767603887905 53.900000000000006
    endloop
  endfacet
  facet normal 0 0 1
    outer loop
      vertex 38.58588952783597 -44.54548132206251 53.900000000000006
      vertex 38.791158092447915 -44.586311778198095 53.900000000000006
      vertex 38.73471047876992 -43.990073971946295 53.900000000000006
    endloop
  endfacet
  facet normal 0 0 1
    outer loop
      vertex 38.791158092447915 -44.586311778198095 53.900000000000006
      vertex 39 -44.6 53.900000000000006
      vertex 38.866210652974445 -44.016230982908155 53.900000000000006
    endloop
  endfacet
  facet normal 0 0 1
    outer loop
      vertex 38.58588952783597 -44.54548132206251 53.900000000000006
      vertex 38.607749481825785 -43.946976520824066 53.900000000000006
      vertex 38.4875 -43.88767603887905 53.900000000000006
    endloop
  endfacet
  facet normal 0 0 1
    outer loop
      vertex 38.58588952783597 -44.54548132206251 53.900000000000006
      vertex 38.73471047876992 -43.990073971946295 53.900000000000006
      vertex 38.607749481825785 -43.946976520824066 53.900000000000006
    endloop
  endfacet
  facet normal 0 0 1
    outer loop
      vertex 38.791158092447915 -44.586311778198095 53.900000000000006
      vertex 38.866210652974445 -44.016230982908155 53.900000000000006
      vertex 38.73471047876992 -43.990073971946295 53.900000000000006
    endloop
  endfacet
  facet normal 0 0 1
    outer loop
      vertex 39 -44.6 53.900000000000006
      vertex 39 -44.025 53.900000000000006
      vertex 38.866210652974445 -44.016230982908155 53.900000000000006
    endloop
  endfacet
  facet normal 0 0 1
    outer loop
      vertex 39 -44.6 53.900000000000006
      vertex 39.208841907552085 -44.586311778198095 53.900000000000006
      vertex 39.133789347025555 -44.016230982908155 53.900000000000006
    endloop
  endfacet
  facet normal 0 0 1
    outer loop
      vertex 39.208841907552085 -44.586311778198095 53.900000000000006
      vertex 39.41411047216403 -44.54548132206251 53.900000000000006
      vertex 39.133789347025555 -44.016230982908155 53.900000000000006
    endloop
  endfacet
  facet normal 0 0 1
    outer loop
      vertex 39.41411047216403 -44.54548132206251 53.900000000000006
      vertex 39.61229349178414 -44.47820725201806 53.900000000000006
      vertex 39.392250518174215 -43.946976520824066 53.900000000000006
    endloop
  endfacet
  facet normal 0 0 1
    outer loop
      vertex 39 -44.6 53.900000000000006
      vertex 39.133789347025555 -44.016230982908155 53.900000000000006
      vertex 39 -44.025 53.900000000000006
    endloop
  endfacet
  facet normal 0 0 1
    outer loop
      vertex 39.41411047216403 -44.54548132206251 53.900000000000006
      vertex 39.26528952123008 -43.990073971946295 53.900000000000006
      vertex 39.133789347025555 -44.016230982908155 53.900000000000006
    endloop
  endfacet
  facet normal 0 0 1
    outer loop
      vertex 39.41411047216403 -44.54548132206251 53.900000000000006
      vertex 39.392250518174215 -43.946976520824066 53.900000000000006
      vertex 39.26528952123008 -43.990073971946295 53.900000000000006
    endloop
  endfacet
  facet normal 0 0 1
    outer loop
      vertex 39.392250518174215 -43.946976520824066 53.900000000000006
      vertex 39.61229349178414 -44.47820725201806 53.900000000000006
      vertex 39.5125 -43.88767603887905 53.900000000000006
    endloop
  endfacet
  facet normal 0 0 1
    outer loop
      vertex 39.5125 -43.88767603887905 53.900000000000006
      vertex 39.61229349178414 -44.47820725201806 53.900000000000006
      vertex 39.8 -44.3856406460551 53.900000000000006
    endloop
  endfacet
  facet normal 0 0 1
    outer loop
      vertex 39.5125 -43.88767603887905 53.900000000000006
      vertex 39.8 -44.3856406460551 53.900000000000006
      vertex 39.62398046473394 -43.81318717379852 53.900000000000006
    endloop
  endfacet
  facet normal 0 0 1
    outer loop
      vertex 39.8 -44.3856406460551 53.900000000000006
      vertex 39.724784450716214 -43.724784450716214 53.900000000000006
      vertex 39.62398046473394 -43.81318717379852 53.900000000000006
    endloop
  endfacet
  facet normal 0 0 1
    outer loop
      vertex 39.8 -44.3856406460551 53.900000000000006
      vertex 39.97401828641395 -44.269365344465974 53.900000000000006
      vertex 39.724784450716214 -43.724784450716214 53.900000000000006
    endloop
  endfacet
  facet normal 0 0 1
    outer loop
      vertex 39.97401828641395 -44.269365344465974 53.900000000000006
      vertex 40.131370849898474 -44.131370849898474 53.900000000000006
      vertex 39.946976520824066 -43.392250518174215 53.900000000000006
    endloop
  endfacet
  facet normal 0 0 1
    outer loop
      vertex 39.97401828641395 -44.269365344465974 53.900000000000006
      vertex 39.81318717379852 -43.62398046473394 53.900000000000006
      vertex 39.724784450716214 -43.724784450716214 53.900000000000006
    endloop
  endfacet
  facet normal 0 0 1
    outer loop
      vertex 39.97401828641395 -44.269365344465974 53.900000000000006
      vertex 39.88767603887905 -43.5125 53.900000000000006
      vertex 39.81318717379852 -43.62398046473394 53.900000000000006
    endloop
  endfacet
  facet normal 0 0 1
    outer loop
      vertex 39.97401828641395 -44.269365344465974 53.900000000000006
      vertex 39.946976520824066 -43.392250518174215 53.900000000000006
      vertex 39.88767603887905 -43.5125 53.900000000000006
    endloop
  endfacet
  facet normal 0 0 1
    outer loop
      vertex 40.131370849898474 -44.131370849898474 53.900000000000006
      vertex 39.990073971946295 -43.26528952123008 53.900000000000006
      vertex 39.946976520824066 -43.392250518174215 53.900000000000006
    endloop
  endfacet
  facet normal 0 0 1
    outer loop
      vertex 40.131370849898474 -44.131370849898474 53.900000000000006
      vertex 40.016230982908155 -43.133789347025555 53.900000000000006
      vertex 39.990073971946295 -43.26528952123008 53.900000000000006
    endloop
  endfacet
  facet normal 0 0 1
    outer loop
      vertex 40.131370849898474 -44.131370849898474 53.900000000000006
      vertex 40.025 -43 53.900000000000006
      vertex 40.016230982908155 -43.133789347025555 53.900000000000006
    endloop
  endfacet
  facet normal 0 0 1
    outer loop
      vertex 40.131370849898474 -44.131370849898474 53.900000000000006
      vertex 40.269365344465974 -43.97401828641395 53.900000000000006
      vertex 40.131370849898474 -41.868629150101526 53.900000000000006
    endloop
  endfacet
  facet normal 0 0 1
    outer loop
      vertex 40.269365344465974 -43.97401828641395 53.900000000000006
      vertex 40.3856406460551 -43.8 53.900000000000006
      vertex 40.269365344465974 -42.02598171358605 53.900000000000006
    endloop
  endfacet
  facet normal 0 0 1
    outer loop
      vertex 40.3856406460551 -43.8 53.900000000000006
      vertex 40.47820725201806 -43.61229349178414 53.900000000000006
      vertex 40.3856406460551 -42.2 53.900000000000006
    endloop
  endfacet
  facet normal 0 0 1
    outer loop
      vertex 38.4875 -42.11232396112095 53.900000000000006
      vertex 38.607749481825785 -42.053023479175934 53.900000000000006
      vertex 38.38770650821586 -41.52179274798194 53.900000000000006
    endloop
  endfacet
  facet normal 0 0 1
    outer loop
      vertex 38.607749481825785 -42.053023479175934 53.900000000000006
      vertex 38.73471047876992 -42.009926028053705 53.900000000000006
      vertex 38.58588952783597 -41.45451867793749 53.900000000000006
    endloop
  endfacet
  facet normal 0 0 1
    outer loop
      vertex 38.73471047876992 -42.009926028053705 53.900000000000006
      vertex 38.866210652974445 -41.983769017091845 53.900000000000006
      vertex 38.58588952783597 -41.45451867793749 53.900000000000006
    endloop
  endfacet
  facet normal 0 0 1
    outer loop
      vertex 38.866210652974445 -41.983769017091845 53.900000000000006
      vertex 39 -41.975 53.900000000000006
      vertex 39 -41.4 53.900000000000006
    endloop
  endfacet
  facet normal 0 0 1
    outer loop
      vertex 39 -41.975 53.900000000000006
      vertex 39.133789347025555 -41.983769017091845 53.900000000000006
      vertex 39 -41.4 53.900000000000006
    endloop
  endfacet
  facet normal 0 0 1
    outer loop
      vertex 39.133789347025555 -41.983769017091845 53.900000000000006
      vertex 39.26528952123008 -42.009926028053705 53.900000000000006
      vertex 39.208841907552085 -41.413688221801905 53.900000000000006
    endloop
  endfacet
  facet normal 0 0 1
    outer loop
      vertex 39.26528952123008 -42.009926028053705 53.900000000000006
      vertex 39.392250518174215 -42.053023479175934 53.900000000000006
      vertex 39.41411047216403 -41.45451867793749 53.900000000000006
    endloop
  endfacet
  facet normal 0 0 1
    outer loop
      vertex 39.5125 -42.11232396112095 53.900000000000006
      vertex 39.41411047216403 -41.45451867793749 53.900000000000006
      vertex 39.392250518174215 -42.053023479175934 53.900000000000006
    endloop
  endfacet
  facet normal 0 0 1
    outer loop
      vertex 40.131370849898474 -44.131370849898474 53.900000000000006
      vertex 39.97401828641395 -41.730634655534026 53.900000000000006
      vertex 40.025 -43 53.900000000000006
    endloop
  endfacet
  facet normal 0 0 1
    outer loop
      vertex 40.025 -43 53.900000000000006
      vertex 39.97401828641395 -41.730634655534026 53.900000000000006
      vertex 40.016230982908155 -42.866210652974445 53.900000000000006
    endloop
  endfacet
  facet normal 0 0 1
    outer loop
      vertex 40.47820725201806 -43.61229349178414 53.900000000000006
      vertex 40.54548132206251 -43.41411047216403 53.900000000000006
      vertex 40.47820725201806 -42.38770650821586 53.900000000000006
    endloop
  endfacet
  facet normal 0 0 1
    outer loop
      vertex 40.54548132206251 -43.41411047216403 53.900000000000006
      vertex 40.586311778198095 -43.208841907552085 53.900000000000006
      vertex 40.54548132206251 -42.58588952783597 53.900000000000006
    endloop
  endfacet
  facet normal 0 0 1
    outer loop
      vertex 40.586311778198095 -43.208841907552085 53.900000000000006
      vertex 40.6 -43 53.900000000000006
      vertex 40.586311778198095 -42.791158092447915 53.900000000000006
    endloop
  endfacet
  facet normal 0 0 1
    outer loop
      vertex 40.586311778198095 -43.208841907552085 53.900000000000006
      vertex 40.586311778198095 -42.791158092447915 53.900000000000006
      vertex 40.54548132206251 -42.58588952783597 53.900000000000006
    endloop
  endfacet
  facet normal 0 0 1
    outer loop
      vertex 40.131370849898474 -44.131370849898474 53.900000000000006
      vertex 40.131370849898474 -41.868629150101526 53.900000000000006
      vertex 39.97401828641395 -41.730634655534026 53.900000000000006
    endloop
  endfacet
  facet normal 0 0 1
    outer loop
      vertex 40.269365344465974 -43.97401828641395 53.900000000000006
      vertex 40.269365344465974 -42.02598171358605 53.900000000000006
      vertex 40.131370849898474 -41.868629150101526 53.900000000000006
    endloop
  endfacet
  facet normal 0 0 1
    outer loop
      vertex 40.47820725201806 -43.61229349178414 53.900000000000006
      vertex 40.47820725201806 -42.38770650821586 53.900000000000006
      vertex 40.3856406460551 -42.2 53.900000000000006
    endloop
  endfacet
  facet normal 0 0 1
    outer loop
      vertex 40.3856406460551 -43.8 53.900000000000006
      vertex 40.3856406460551 -42.2 53.900000000000006
      vertex 40.269365344465974 -42.02598171358605 53.900000000000006
    endloop
  endfacet
  facet normal 0 0 1
    outer loop
      vertex 40.54548132206251 -43.41411047216403 53.900000000000006
      vertex 40.54548132206251 -42.58588952783597 53.900000000000006
      vertex 40.47820725201806 -42.38770650821586 53.900000000000006
    endloop
  endfacet
  facet normal 0 0 1
    outer loop
      vertex 40.016230982908155 -42.866210652974445 53.900000000000006
      vertex 39.97401828641395 -41.730634655534026 53.900000000000006
      vertex 39.990073971946295 -42.73471047876992 53.900000000000006
    endloop
  endfacet
  facet normal 0 0 1
    outer loop
      vertex 39.990073971946295 -42.73471047876992 53.900000000000006
      vertex 39.97401828641395 -41.730634655534026 53.900000000000006
      vertex 39.946976520824066 -42.607749481825785 53.900000000000006
    endloop
  endfacet
  facet normal 0 0 1
    outer loop
      vertex 39.88767603887905 -42.4875 53.900000000000006
      vertex 39.8 -41.6143593539449 53.900000000000006
      vertex 39.81318717379852 -42.37601953526606 53.900000000000006
    endloop
  endfacet
  facet normal 0 0 1
    outer loop
      vertex 39.88767603887905 -42.4875 53.900000000000006
      vertex 39.946976520824066 -42.607749481825785 53.900000000000006
      vertex 39.97401828641395 -41.730634655534026 53.900000000000006
    endloop
  endfacet
  facet normal 0 0 1
    outer loop
      vertex 39.5125 -42.11232396112095 53.900000000000006
      vertex 39.62398046473394 -42.18681282620148 53.900000000000006
      vertex 39.61229349178414 -41.52179274798194 53.900000000000006
    endloop
  endfacet
  facet normal 0 0 1
    outer loop
      vertex 39.62398046473394 -42.18681282620148 53.900000000000006
      vertex 39.724784450716214 -42.275215549283786 53.900000000000006
      vertex 39.61229349178414 -41.52179274798194 53.900000000000006
    endloop
  endfacet
  facet normal 0 0 1
    outer loop
      vertex 39.724784450716214 -42.275215549283786 53.900000000000006
      vertex 39.81318717379852 -42.37601953526606 53.900000000000006
      vertex 39.8 -41.6143593539449 53.900000000000006
    endloop
  endfacet
  facet normal 0 0 1
    outer loop
      vertex 39.724784450716214 -42.275215549283786 53.900000000000006
      vertex 39.8 -41.6143593539449 53.900000000000006
      vertex 39.61229349178414 -41.52179274798194 53.900000000000006
    endloop
  endfacet
  facet normal 0 0 1
    outer loop
      vertex 39.88767603887905 -42.4875 53.900000000000006
      vertex 39.97401828641395 -41.730634655534026 53.900000000000006
      vertex 39.8 -41.6143593539449 53.900000000000006
    endloop
  endfacet
  facet normal 0 0 1
    outer loop
      vertex 38.4875 -42.11232396112095 53.900000000000006
      vertex 38.38770650821586 -41.52179274798194 53.900000000000006
      vertex 38.2 -41.6143593539449 53.900000000000006
    endloop
  endfacet
  facet normal 0 0 1
    outer loop
      vertex 38.607749481825785 -42.053023479175934 53.900000000000006
      vertex 38.58588952783597 -41.45451867793749 53.900000000000006
      vertex 38.38770650821586 -41.52179274798194 53.900000000000006
    endloop
  endfacet
  facet normal 0 0 1
    outer loop
      vertex 38.866210652974445 -41.983769017091845 53.900000000000006
      vertex 38.791158092447915 -41.413688221801905 53.900000000000006
      vertex 38.58588952783597 -41.45451867793749 53.900000000000006
    endloop
  endfacet
  facet normal 0 0 1
    outer loop
      vertex 38.866210652974445 -41.983769017091845 53.900000000000006
      vertex 39 -41.4 53.900000000000006
      vertex 38.791158092447915 -41.413688221801905 53.900000000000006
    endloop
  endfacet
  facet normal 0 0 1
    outer loop
      vertex 39.133789347025555 -41.983769017091845 53.900000000000006
      vertex 39.208841907552085 -41.413688221801905 53.900000000000006
      vertex 39 -41.4 53.900000000000006
    endloop
  endfacet
  facet normal 0 0 1
    outer loop
      vertex 39.26528952123008 -42.009926028053705 53.900000000000006
      vertex 39.41411047216403 -41.45451867793749 53.900000000000006
      vertex 39.208841907552085 -41.413688221801905 53.900000000000006
    endloop
  endfacet
  facet normal 0 0 1
    outer loop
      vertex 39.5125 -42.11232396112095 53.900000000000006
      vertex 39.61229349178414 -41.52179274798194 53.900000000000006
      vertex 39.41411047216403 -41.45451867793749 53.900000000000006
    endloop
  endfacet
  facet normal -0.75183980747899 -0.6593458151000544 -1.1712334481829146e-15
    outer loop
      vertex 37.730634655534026 -43.974018286413944 49.900000000000006
      vertex 37.868629150101526 -44.131370849898474 49.900000000000006
      vertex 37.730634655534026 -43.97401828641395 53.900000000000006
    endloop
  endfacet
  facet normal -0.8314696123025335 -0.5555702330196199 0
    outer loop
      vertex 37.6143593539449 -43.8 49.900000000000006
      vertex 37.730634655534026 -43.974018286413944 49.900000000000006
      vertex 37.6143593539449 -43.8 53.900000000000006
    endloop
  endfacet
  facet normal 0.5555702330195808 -0.8314696123025596 1.4795170358566751e-15
    outer loop
      vertex 39.8 -44.3856406460551 49.900000000000006
      vertex 39.97401828641395 -44.26936534446598 49.900000000000006
      vertex 39.97401828641395 -44.269365344465974 53.900000000000006
    endloop
  endfacet
  facet normal 0.6593458151000905 -0.7518398074789585 0
    outer loop
      vertex 39.97401828641395 -44.26936534446598 49.900000000000006
      vertex 40.131370849898474 -44.131370849898474 49.900000000000006
      vertex 40.131370849898474 -44.131370849898474 53.900000000000006
    endloop
  endfacet
  facet normal 0.8314696123025335 0.5555702330196199 0
    outer loop
      vertex 40.3856406460551 -42.2 49.900000000000006
      vertex 40.269365344465974 -42.025981713586056 49.900000000000006
      vertex 40.3856406460551 -42.2 53.900000000000006
    endloop
  endfacet
  facet normal 0.75183980747899 0.6593458151000544 -1.1712334481829146e-15
    outer loop
      vertex 40.269365344465974 -42.025981713586056 49.900000000000006
      vertex 40.131370849898474 -41.868629150101526 49.900000000000006
      vertex 40.269365344465974 -42.02598171358605 53.900000000000006
    endloop
  endfacet
  facet normal -0.8314696123025438 -0.5555702330196042 -9.868909831915647e-16
    outer loop
      vertex 37.730634655534026 -43.97401828641395 53.900000000000006
      vertex 37.6143593539449 -43.8 53.900000000000006
      vertex 37.730634655534026 -43.974018286413944 49.900000000000006
    endloop
  endfacet
  facet normal 0.6593458151000712 -0.7518398074789753 1.3344663460667906e-15
    outer loop
      vertex 40.131370849898474 -44.131370849898474 53.900000000000006
      vertex 39.97401828641395 -44.269365344465974 53.900000000000006
      vertex 39.97401828641395 -44.26936534446598 49.900000000000006
    endloop
  endfacet
  facet normal 0.8314696123025438 0.5555702330196042 -9.868909831915647e-16
    outer loop
      vertex 40.269365344465974 -42.02598171358605 53.900000000000006
      vertex 40.3856406460551 -42.2 53.900000000000006
      vertex 40.269365344465974 -42.025981713586056 49.900000000000006
    endloop
  endfacet
  facet normal 0.8314696123025458 0.5555702330196012 0
    outer loop
      vertex 38.18681282620148 -43.62398046473394 49.900000000000006
      vertex 38.11232396112095 -43.5125 49.900000000000006
      vertex 38.11232396112095 -43.5125 53.900000000000006
    endloop
  endfacet
  facet normal 0.659345815100057 0.7518398074789879 0
    outer loop
      vertex 38.275215549283786 -43.724784450716214 49.900000000000006
      vertex 38.275215549283786 -43.724784450716214 53.900000000000006
      vertex 38.37601953526606 -43.81318717379852 49.900000000000006
    endloop
  endfacet
  facet normal 0.5555702330196012 0.8314696123025458 0
    outer loop
      vertex 38.37601953526606 -43.81318717379852 49.900000000000006
      vertex 38.37601953526606 -43.81318717379852 53.900000000000006
      vertex 38.4875 -43.88767603887905 49.900000000000006
    endloop
  endfacet
  facet normal 0.7518398074789879 0.659345815100057 0
    outer loop
      vertex 38.18681282620148 -43.62398046473394 49.900000000000006
      vertex 38.18681282620148 -43.62398046473394 53.900000000000006
      vertex 38.275215549283786 -43.724784450716214 49.900000000000006
    endloop
  endfacet
  facet normal 0.8968727415327052 0.4422886902189667 0
    outer loop
      vertex 38.053023479175934 -43.392250518174215 49.900000000000006
      vertex 38.053023479175934 -43.392250518174215 53.900000000000006
      vertex 38.11232396112095 -43.5125 49.900000000000006
    endloop
  endfacet
  facet normal 0.9469301294951006 0.32143946530317674 0
    outer loop
      vertex 38.053023479175934 -43.392250518174215 49.900000000000006
      vertex 38.009926028053705 -43.26528952123008 49.900000000000006
      vertex 38.009926028053705 -43.26528952123008 53.900000000000006
    endloop
  endfacet
  facet normal 0.9807852804032294 0.19509032201613333 0
    outer loop
      vertex 38.009926028053705 -43.26528952123008 49.900000000000006
      vertex 37.983769017091845 -43.133789347025555 49.900000000000006
      vertex 37.983769017091845 -43.133789347025555 53.900000000000006
    endloop
  endfacet
  facet normal 0.9978589232386039 0.06540312923013598 0
    outer loop
      vertex 37.983769017091845 -43.133789347025555 49.900000000000006
      vertex 37.975 -43 49.900000000000006
      vertex 37.975 -43 53.900000000000006
    endloop
  endfacet
  facet normal 0.9978589232386039 -0.06540312923013598 0
    outer loop
      vertex 37.975 -43 49.900000000000006
      vertex 37.983769017091845 -42.866210652974445 49.900000000000006
      vertex 37.983769017091845 -42.866210652974445 53.900000000000006
    endloop
  endfacet
  facet normal 0.9807852804032294 -0.19509032201613333 0
    outer loop
      vertex 37.983769017091845 -42.866210652974445 49.900000000000006
      vertex 38.009926028053705 -42.73471047876992 49.900000000000006
      vertex 38.009926028053705 -42.73471047876992 53.900000000000006
    endloop
  endfacet
  facet normal 0.9469301294951006 -0.32143946530317674 0
    outer loop
      vertex 38.009926028053705 -42.73471047876992 49.900000000000006
      vertex 38.053023479175934 -42.607749481825785 49.900000000000006
      vertex 38.053023479175934 -42.607749481825785 53.900000000000006
    endloop
  endfacet
  facet normal 0.8968727415327052 -0.4422886902189667 0
    outer loop
      vertex 38.053023479175934 -42.607749481825785 49.900000000000006
      vertex 38.11232396112095 -42.4875 49.900000000000006
      vertex 38.11232396112095 -42.4875 53.900000000000006
    endloop
  endfacet
  facet normal 0.8314696123025458 -0.5555702330196012 0
    outer loop
      vertex 38.11232396112095 -42.4875 49.900000000000006
      vertex 38.18681282620148 -42.37601953526606 49.900000000000006
      vertex 38.18681282620148 -42.37601953526606 53.900000000000006
    endloop
  endfacet
  facet normal 0.7518398074789879 -0.659345815100057 0
    outer loop
      vertex 38.18681282620148 -42.37601953526606 49.900000000000006
      vertex 38.275215549283786 -42.275215549283786 49.900000000000006
      vertex 38.275215549283786 -42.275215549283786 53.900000000000006
    endloop
  endfacet
  facet normal 0.659345815100057 -0.7518398074789879 0
    outer loop
      vertex 38.275215549283786 -42.275215549283786 49.900000000000006
      vertex 38.37601953526606 -42.18681282620148 49.900000000000006
      vertex 38.37601953526606 -42.18681282620148 53.900000000000006
    endloop
  endfacet
  facet normal 0.5555702330196012 -0.8314696123025458 0
    outer loop
      vertex 38.37601953526606 -42.18681282620148 49.900000000000006
      vertex 38.4875 -42.11232396112095 49.900000000000006
      vertex 38.4875 -42.11232396112095 53.900000000000006
    endloop
  endfacet
  facet normal 0.4422886902189667 0.8968727415327052 0
    outer loop
      vertex 38.4875 -43.88767603887905 49.900000000000006
      vertex 38.4875 -43.88767603887905 53.900000000000006
      vertex 38.607749481825785 -43.946976520824066 49.900000000000006
    endloop
  endfacet
  facet normal 0.32143946530317674 0.9469301294951006 0
    outer loop
      vertex 38.73471047876992 -43.990073971946295 49.900000000000006
      vertex 38.607749481825785 -43.946976520824066 49.900000000000006
      vertex 38.607749481825785 -43.946976520824066 53.900000000000006
    endloop
  endfacet
  facet normal 0.19509032201613333 0.9807852804032294 0
    outer loop
      vertex 38.73471047876992 -43.990073971946295 49.900000000000006
      vertex 38.73471047876992 -43.990073971946295 53.900000000000006
      vertex 38.866210652974445 -44.016230982908155 49.900000000000006
    endloop
  endfacet
  facet normal 0.06540312923013598 0.9978589232386039 0
    outer loop
      vertex 38.866210652974445 -44.016230982908155 49.900000000000006
      vertex 38.866210652974445 -44.016230982908155 53.900000000000006
      vertex 39 -44.025 49.900000000000006
    endloop
  endfacet
  facet normal -0.06540312923013598 0.9978589232386039 0
    outer loop
      vertex 39 -44.025 49.900000000000006
      vertex 39 -44.025 53.900000000000006
      vertex 39.133789347025555 -44.016230982908155 49.900000000000006
    endloop
  endfacet
  facet normal -0.19509032201613333 0.9807852804032294 0
    outer loop
      vertex 39.133789347025555 -44.016230982908155 49.900000000000006
      vertex 39.133789347025555 -44.016230982908155 53.900000000000006
      vertex 39.26528952123008 -43.990073971946295 49.900000000000006
    endloop
  endfacet
  facet normal -0.32143946530317674 0.9469301294951006 0
    outer loop
      vertex 39.26528952123008 -43.990073971946295 49.900000000000006
      vertex 39.26528952123008 -43.990073971946295 53.900000000000006
      vertex 39.392250518174215 -43.946976520824066 49.900000000000006
    endloop
  endfacet
  facet normal -0.4422886902189667 0.8968727415327052 0
    outer loop
      vertex 39.392250518174215 -43.946976520824066 49.900000000000006
      vertex 39.392250518174215 -43.946976520824066 53.900000000000006
      vertex 39.5125 -43.88767603887905 49.900000000000006
    endloop
  endfacet
  facet normal -0.5555702330196012 0.8314696123025458 0
    outer loop
      vertex 39.5125 -43.88767603887905 49.900000000000006
      vertex 39.5125 -43.88767603887905 53.900000000000006
      vertex 39.62398046473394 -43.81318717379852 49.900000000000006
    endloop
  endfacet
  facet normal -0.659345815100057 0.7518398074789879 0
    outer loop
      vertex 39.62398046473394 -43.81318717379852 49.900000000000006
      vertex 39.62398046473394 -43.81318717379852 53.900000000000006
      vertex 39.724784450716214 -43.724784450716214 49.900000000000006
    endloop
  endfacet
  facet normal -0.7518398074789879 0.659345815100057 0
    outer loop
      vertex 39.724784450716214 -43.724784450716214 49.900000000000006
      vertex 39.724784450716214 -43.724784450716214 53.900000000000006
      vertex 39.81318717379852 -43.62398046473394 49.900000000000006
    endloop
  endfacet
  facet normal -0.8314696123025458 0.5555702330196012 0
    outer loop
      vertex 39.81318717379852 -43.62398046473394 49.900000000000006
      vertex 39.81318717379852 -43.62398046473394 53.900000000000006
      vertex 39.88767603887905 -43.5125 49.900000000000006
    endloop
  endfacet
  facet normal -0.8968727415327052 0.4422886902189667 0
    outer loop
      vertex 39.88767603887905 -43.5125 49.900000000000006
      vertex 39.88767603887905 -43.5125 53.900000000000006
      vertex 39.946976520824066 -43.392250518174215 49.900000000000006
    endloop
  endfacet
  facet normal -0.9469301294951006 0.32143946530317674 0
    outer loop
      vertex 39.946976520824066 -43.392250518174215 49.900000000000006
      vertex 39.946976520824066 -43.392250518174215 53.900000000000006
      vertex 39.990073971946295 -43.26528952123008 49.900000000000006
    endloop
  endfacet
  facet normal -0.9807852804032294 0.19509032201613333 0
    outer loop
      vertex 39.990073971946295 -43.26528952123008 49.900000000000006
      vertex 39.990073971946295 -43.26528952123008 53.900000000000006
      vertex 40.016230982908155 -43.133789347025555 49.900000000000006
    endloop
  endfacet
  facet normal 0.4422886902189667 -0.8968727415327052 0
    outer loop
      vertex 38.4875 -42.11232396112095 49.900000000000006
      vertex 38.607749481825785 -42.053023479175934 49.900000000000006
      vertex 38.607749481825785 -42.053023479175934 53.900000000000006
    endloop
  endfacet
  facet normal 0.32143946530317674 -0.9469301294951006 0
    outer loop
      vertex 38.607749481825785 -42.053023479175934 49.900000000000006
      vertex 38.73471047876992 -42.009926028053705 49.900000000000006
      vertex 38.73471047876992 -42.009926028053705 53.900000000000006
    endloop
  endfacet
  facet normal 0.19509032201613333 -0.9807852804032294 0
    outer loop
      vertex 38.73471047876992 -42.009926028053705 49.900000000000006
      vertex 38.866210652974445 -41.983769017091845 49.900000000000006
      vertex 38.866210652974445 -41.983769017091845 53.900000000000006
    endloop
  endfacet
  facet normal 0.06540312923013598 -0.9978589232386039 0
    outer loop
      vertex 38.866210652974445 -41.983769017091845 49.900000000000006
      vertex 39 -41.975 49.900000000000006
      vertex 39 -41.975 53.900000000000006
    endloop
  endfacet
  facet normal -0.06540312923013598 -0.9978589232386039 0
    outer loop
      vertex 39 -41.975 49.900000000000006
      vertex 39.133789347025555 -41.983769017091845 49.900000000000006
      vertex 39.133789347025555 -41.983769017091845 53.900000000000006
    endloop
  endfacet
  facet normal -0.19509032201613333 -0.9807852804032294 0
    outer loop
      vertex 39.133789347025555 -41.983769017091845 49.900000000000006
      vertex 39.26528952123008 -42.009926028053705 49.900000000000006
      vertex 39.26528952123008 -42.009926028053705 53.900000000000006
    endloop
  endfacet
  facet normal -0.32143946530317674 -0.9469301294951006 0
    outer loop
      vertex 39.26528952123008 -42.009926028053705 49.900000000000006
      vertex 39.392250518174215 -42.053023479175934 49.900000000000006
      vertex 39.392250518174215 -42.053023479175934 53.900000000000006
    endloop
  endfacet
  facet normal -0.4422886902189667 -0.8968727415327052 0
    outer loop
      vertex 39.5125 -42.11232396112095 49.900000000000006
      vertex 39.5125 -42.11232396112095 53.900000000000006
      vertex 39.392250518174215 -42.053023479175934 49.900000000000006
    endloop
  endfacet
  facet normal -0.9978589232386039 0.06540312923013598 0
    outer loop
      vertex 40.016230982908155 -43.133789347025555 49.900000000000006
      vertex 40.016230982908155 -43.133789347025555 53.900000000000006
      vertex 40.025 -43 49.900000000000006
    endloop
  endfacet
  facet normal -0.9978589232386039 -0.06540312923013598 0
    outer loop
      vertex 40.025 -43 49.900000000000006
      vertex 40.025 -43 53.900000000000006
      vertex 40.016230982908155 -42.866210652974445 49.900000000000006
    endloop
  endfacet
  facet normal -0.9807852804032294 -0.19509032201613333 0
    outer loop
      vertex 40.016230982908155 -42.866210652974445 49.900000000000006
      vertex 40.016230982908155 -42.866210652974445 53.900000000000006
      vertex 39.990073971946295 -42.73471047876992 49.900000000000006
    endloop
  endfacet
  facet normal -0.9469301294951006 -0.32143946530317674 0
    outer loop
      vertex 39.990073971946295 -42.73471047876992 49.900000000000006
      vertex 39.990073971946295 -42.73471047876992 53.900000000000006
      vertex 39.946976520824066 -42.607749481825785 49.900000000000006
    endloop
  endfacet
  facet normal -0.8968727415327052 -0.4422886902189667 0
    outer loop
      vertex 39.88767603887905 -42.4875 49.900000000000006
      vertex 39.946976520824066 -42.607749481825785 49.900000000000006
      vertex 39.946976520824066 -42.607749481825785 53.900000000000006
    endloop
  endfacet
  facet normal -0.7518398074789879 -0.659345815100057 0
    outer loop
      vertex 39.724784450716214 -42.275215549283786 49.900000000000006
      vertex 39.81318717379852 -42.37601953526606 49.900000000000006
      vertex 39.81318717379852 -42.37601953526606 53.900000000000006
    endloop
  endfacet
  facet normal -0.5555702330196012 -0.8314696123025458 0
    outer loop
      vertex 39.5125 -42.11232396112095 49.900000000000006
      vertex 39.62398046473394 -42.18681282620148 49.900000000000006
      vertex 39.62398046473394 -42.18681282620148 53.900000000000006
    endloop
  endfacet
  facet normal -0.659345815100057 -0.7518398074789879 0
    outer loop
      vertex 39.62398046473394 -42.18681282620148 49.900000000000006
      vertex 39.724784450716214 -42.275215549283786 49.900000000000006
      vertex 39.724784450716214 -42.275215549283786 53.900000000000006
    endloop
  endfacet
  facet normal -0.8314696123025458 -0.5555702330196012 0
    outer loop
      vertex 39.88767603887905 -42.4875 49.900000000000006
      vertex 39.88767603887905 -42.4875 53.900000000000006
      vertex 39.81318717379852 -42.37601953526606 49.900000000000006
    endloop
  endfacet
  facet normal 0.8314696123025458 0.5555702330196012 0
    outer loop
      vertex 38.18681282620148 -43.62398046473394 49.900000000000006
      vertex 38.11232396112095 -43.5125 53.900000000000006
      vertex 38.18681282620148 -43.62398046473394 53.900000000000006
    endloop
  endfacet
  facet normal 0.5555702330196012 0.8314696123025458 0
    outer loop
      vertex 38.4875 -43.88767603887905 49.900000000000006
      vertex 38.37601953526606 -43.81318717379852 53.900000000000006
      vertex 38.4875 -43.88767603887905 53.900000000000006
    endloop
  endfacet
  facet normal 0.659345815100057 0.7518398074789879 0
    outer loop
      vertex 38.37601953526606 -43.81318717379852 49.900000000000006
      vertex 38.275215549283786 -43.724784450716214 53.900000000000006
      vertex 38.37601953526606 -43.81318717379852 53.900000000000006
    endloop
  endfacet
  facet normal 0.7518398074789879 0.659345815100057 0
    outer loop
      vertex 38.275215549283786 -43.724784450716214 49.900000000000006
      vertex 38.18681282620148 -43.62398046473394 53.900000000000006
      vertex 38.275215549283786 -43.724784450716214 53.900000000000006
    endloop
  endfacet
  facet normal 0.8968727415327052 0.4422886902189667 0
    outer loop
      vertex 38.11232396112095 -43.5125 49.900000000000006
      vertex 38.053023479175934 -43.392250518174215 53.900000000000006
      vertex 38.11232396112095 -43.5125 53.900000000000006
    endloop
  endfacet
  facet normal 0.9469301294951006 0.32143946530317674 0
    outer loop
      vertex 38.053023479175934 -43.392250518174215 49.900000000000006
      vertex 38.009926028053705 -43.26528952123008 53.900000000000006
      vertex 38.053023479175934 -43.392250518174215 53.900000000000006
    endloop
  endfacet
  facet normal 0.9807852804032294 0.19509032201613333 0
    outer loop
      vertex 38.009926028053705 -43.26528952123008 49.900000000000006
      vertex 37.983769017091845 -43.133789347025555 53.900000000000006
      vertex 38.009926028053705 -43.26528952123008 53.900000000000006
    endloop
  endfacet
  facet normal 0.9978589232386039 0.06540312923013598 0
    outer loop
      vertex 37.983769017091845 -43.133789347025555 49.900000000000006
      vertex 37.975 -43 53.900000000000006
      vertex 37.983769017091845 -43.133789347025555 53.900000000000006
    endloop
  endfacet
  facet normal 0.9978589232386039 -0.06540312923013598 0
    outer loop
      vertex 37.975 -43 49.900000000000006
      vertex 37.983769017091845 -42.866210652974445 53.900000000000006
      vertex 37.975 -43 53.900000000000006
    endloop
  endfacet
  facet normal 0.9807852804032294 -0.19509032201613333 0
    outer loop
      vertex 37.983769017091845 -42.866210652974445 49.900000000000006
      vertex 38.009926028053705 -42.73471047876992 53.900000000000006
      vertex 37.983769017091845 -42.866210652974445 53.900000000000006
    endloop
  endfacet
  facet normal 0.9469301294951006 -0.32143946530317674 0
    outer loop
      vertex 38.009926028053705 -42.73471047876992 49.900000000000006
      vertex 38.053023479175934 -42.607749481825785 53.900000000000006
      vertex 38.009926028053705 -42.73471047876992 53.900000000000006
    endloop
  endfacet
  facet normal 0.8968727415327052 -0.4422886902189667 0
    outer loop
      vertex 38.053023479175934 -42.607749481825785 49.900000000000006
      vertex 38.11232396112095 -42.4875 53.900000000000006
      vertex 38.053023479175934 -42.607749481825785 53.900000000000006
    endloop
  endfacet
  facet normal 0.8314696123025458 -0.5555702330196012 0
    outer loop
      vertex 38.11232396112095 -42.4875 49.900000000000006
      vertex 38.18681282620148 -42.37601953526606 53.900000000000006
      vertex 38.11232396112095 -42.4875 53.900000000000006
    endloop
  endfacet
  facet normal 0.7518398074789879 -0.659345815100057 0
    outer loop
      vertex 38.18681282620148 -42.37601953526606 49.900000000000006
      vertex 38.275215549283786 -42.275215549283786 53.900000000000006
      vertex 38.18681282620148 -42.37601953526606 53.900000000000006
    endloop
  endfacet
  facet normal 0.659345815100057 -0.7518398074789879 0
    outer loop
      vertex 38.275215549283786 -42.275215549283786 49.900000000000006
      vertex 38.37601953526606 -42.18681282620148 53.900000000000006
      vertex 38.275215549283786 -42.275215549283786 53.900000000000006
    endloop
  endfacet
  facet normal 0.5555702330196012 -0.8314696123025458 0
    outer loop
      vertex 38.37601953526606 -42.18681282620148 49.900000000000006
      vertex 38.4875 -42.11232396112095 53.900000000000006
      vertex 38.37601953526606 -42.18681282620148 53.900000000000006
    endloop
  endfacet
  facet normal 0.4422886902189667 0.8968727415327052 0
    outer loop
      vertex 38.607749481825785 -43.946976520824066 49.900000000000006
      vertex 38.4875 -43.88767603887905 53.900000000000006
      vertex 38.607749481825785 -43.946976520824066 53.900000000000006
    endloop
  endfacet
  facet normal 0.32143946530317674 0.9469301294951006 0
    outer loop
      vertex 38.73471047876992 -43.990073971946295 49.900000000000006
      vertex 38.607749481825785 -43.946976520824066 53.900000000000006
      vertex 38.73471047876992 -43.990073971946295 53.900000000000006
    endloop
  endfacet
  facet normal 0.19509032201613333 0.9807852804032294 0
    outer loop
      vertex 38.866210652974445 -44.016230982908155 49.900000000000006
      vertex 38.73471047876992 -43.990073971946295 53.900000000000006
      vertex 38.866210652974445 -44.016230982908155 53.900000000000006
    endloop
  endfacet
  facet normal 0.06540312923013598 0.9978589232386039 0
    outer loop
      vertex 39 -44.025 49.900000000000006
      vertex 38.866210652974445 -44.016230982908155 53.900000000000006
      vertex 39 -44.025 53.900000000000006
    endloop
  endfacet
  facet normal -0.06540312923013598 0.9978589232386039 0
    outer loop
      vertex 39.133789347025555 -44.016230982908155 49.900000000000006
      vertex 39 -44.025 53.900000000000006
      vertex 39.133789347025555 -44.016230982908155 53.900000000000006
    endloop
  endfacet
  facet normal -0.19509032201613333 0.9807852804032294 0
    outer loop
      vertex 39.26528952123008 -43.990073971946295 49.900000000000006
      vertex 39.133789347025555 -44.016230982908155 53.900000000000006
      vertex 39.26528952123008 -43.990073971946295 53.900000000000006
    endloop
  endfacet
  facet normal -0.32143946530317674 0.9469301294951006 0
    outer loop
      vertex 39.392250518174215 -43.946976520824066 49.900000000000006
      vertex 39.26528952123008 -43.990073971946295 53.900000000000006
      vertex 39.392250518174215 -43.946976520824066 53.900000000000006
    endloop
  endfacet
  facet normal -0.4422886902189667 0.8968727415327052 0
    outer loop
      vertex 39.5125 -43.88767603887905 49.900000000000006
      vertex 39.392250518174215 -43.946976520824066 53.900000000000006
      vertex 39.5125 -43.88767603887905 53.900000000000006
    endloop
  endfacet
  facet normal -0.5555702330196012 0.8314696123025458 0
    outer loop
      vertex 39.62398046473394 -43.81318717379852 49.900000000000006
      vertex 39.5125 -43.88767603887905 53.900000000000006
      vertex 39.62398046473394 -43.81318717379852 53.900000000000006
    endloop
  endfacet
  facet normal -0.659345815100057 0.7518398074789879 0
    outer loop
      vertex 39.724784450716214 -43.724784450716214 49.900000000000006
      vertex 39.62398046473394 -43.81318717379852 53.900000000000006
      vertex 39.724784450716214 -43.724784450716214 53.900000000000006
    endloop
  endfacet
  facet normal -0.7518398074789879 0.659345815100057 0
    outer loop
      vertex 39.81318717379852 -43.62398046473394 49.900000000000006
      vertex 39.724784450716214 -43.724784450716214 53.900000000000006
      vertex 39.81318717379852 -43.62398046473394 53.900000000000006
    endloop
  endfacet
  facet normal -0.8314696123025458 0.5555702330196012 0
    outer loop
      vertex 39.88767603887905 -43.5125 49.900000000000006
      vertex 39.81318717379852 -43.62398046473394 53.900000000000006
      vertex 39.88767603887905 -43.5125 53.900000000000006
    endloop
  endfacet
  facet normal -0.8968727415327052 0.4422886902189667 0
    outer loop
      vertex 39.946976520824066 -43.392250518174215 49.900000000000006
      vertex 39.88767603887905 -43.5125 53.900000000000006
      vertex 39.946976520824066 -43.392250518174215 53.900000000000006
    endloop
  endfacet
  facet normal -0.9469301294951006 0.32143946530317674 0
    outer loop
      vertex 39.990073971946295 -43.26528952123008 49.900000000000006
      vertex 39.946976520824066 -43.392250518174215 53.900000000000006
      vertex 39.990073971946295 -43.26528952123008 53.900000000000006
    endloop
  endfacet
  facet normal -0.9807852804032294 0.19509032201613333 0
    outer loop
      vertex 40.016230982908155 -43.133789347025555 49.900000000000006
      vertex 39.990073971946295 -43.26528952123008 53.900000000000006
      vertex 40.016230982908155 -43.133789347025555 53.900000000000006
    endloop
  endfacet
  facet normal 0.4422886902189667 -0.8968727415327052 0
    outer loop
      vertex 38.4875 -42.11232396112095 49.900000000000006
      vertex 38.607749481825785 -42.053023479175934 53.900000000000006
      vertex 38.4875 -42.11232396112095 53.900000000000006
    endloop
  endfacet
  facet normal 0.32143946530317674 -0.9469301294951006 0
    outer loop
      vertex 38.607749481825785 -42.053023479175934 49.900000000000006
      vertex 38.73471047876992 -42.009926028053705 53.900000000000006
      vertex 38.607749481825785 -42.053023479175934 53.900000000000006
    endloop
  endfacet
  facet normal 0.19509032201613333 -0.9807852804032294 0
    outer loop
      vertex 38.73471047876992 -42.009926028053705 49.900000000000006
      vertex 38.866210652974445 -41.983769017091845 53.900000000000006
      vertex 38.73471047876992 -42.009926028053705 53.900000000000006
    endloop
  endfacet
  facet normal 0.06540312923013598 -0.9978589232386039 0
    outer loop
      vertex 38.866210652974445 -41.983769017091845 49.900000000000006
      vertex 39 -41.975 53.900000000000006
      vertex 38.866210652974445 -41.983769017091845 53.900000000000006
    endloop
  endfacet
  facet normal -0.06540312923013598 -0.9978589232386039 0
    outer loop
      vertex 39 -41.975 49.900000000000006
      vertex 39.133789347025555 -41.983769017091845 53.900000000000006
      vertex 39 -41.975 53.900000000000006
    endloop
  endfacet
  facet normal -0.19509032201613333 -0.9807852804032294 0
    outer loop
      vertex 39.133789347025555 -41.983769017091845 49.900000000000006
      vertex 39.26528952123008 -42.009926028053705 53.900000000000006
      vertex 39.133789347025555 -41.983769017091845 53.900000000000006
    endloop
  endfacet
  facet normal -0.32143946530317674 -0.9469301294951006 0
    outer loop
      vertex 39.26528952123008 -42.009926028053705 49.900000000000006
      vertex 39.392250518174215 -42.053023479175934 53.900000000000006
      vertex 39.26528952123008 -42.009926028053705 53.900000000000006
    endloop
  endfacet
  facet normal -0.4422886902189667 -0.8968727415327052 0
    outer loop
      vertex 39.392250518174215 -42.053023479175934 49.900000000000006
      vertex 39.5125 -42.11232396112095 53.900000000000006
      vertex 39.392250518174215 -42.053023479175934 53.900000000000006
    endloop
  endfacet
  facet normal -0.9978589232386039 0.06540312923013598 0
    outer loop
      vertex 40.025 -43 49.900000000000006
      vertex 40.016230982908155 -43.133789347025555 53.900000000000006
      vertex 40.025 -43 53.900000000000006
    endloop
  endfacet
  facet normal -0.9978589232386039 -0.06540312923013598 0
    outer loop
      vertex 40.016230982908155 -42.866210652974445 49.900000000000006
      vertex 40.025 -43 53.900000000000006
      vertex 40.016230982908155 -42.866210652974445 53.900000000000006
    endloop
  endfacet
  facet normal -0.9807852804032294 -0.19509032201613333 0
    outer loop
      vertex 39.990073971946295 -42.73471047876992 49.900000000000006
      vertex 40.016230982908155 -42.866210652974445 53.900000000000006
      vertex 39.990073971946295 -42.73471047876992 53.900000000000006
    endloop
  endfacet
  facet normal -0.9469301294951006 -0.32143946530317674 0
    outer loop
      vertex 39.946976520824066 -42.607749481825785 49.900000000000006
      vertex 39.990073971946295 -42.73471047876992 53.900000000000006
      vertex 39.946976520824066 -42.607749481825785 53.900000000000006
    endloop
  endfacet
  facet normal -0.8968727415327052 -0.4422886902189667 0
    outer loop
      vertex 39.88767603887905 -42.4875 49.900000000000006
      vertex 39.946976520824066 -42.607749481825785 53.900000000000006
      vertex 39.88767603887905 -42.4875 53.900000000000006
    endloop
  endfacet
  facet normal -0.7518398074789879 -0.659345815100057 0
    outer loop
      vertex 39.724784450716214 -42.275215549283786 49.900000000000006
      vertex 39.81318717379852 -42.37601953526606 53.900000000000006
      vertex 39.724784450716214 -42.275215549283786 53.900000000000006
    endloop
  endfacet
  facet normal -0.659345815100057 -0.7518398074789879 0
    outer loop
      vertex 39.62398046473394 -42.18681282620148 49.900000000000006
      vertex 39.724784450716214 -42.275215549283786 53.900000000000006
      vertex 39.62398046473394 -42.18681282620148 53.900000000000006
    endloop
  endfacet
  facet normal -0.5555702330196012 -0.8314696123025458 0
    outer loop
      vertex 39.5125 -42.11232396112095 49.900000000000006
      vertex 39.62398046473394 -42.18681282620148 53.900000000000006
      vertex 39.5125 -42.11232396112095 53.900000000000006
    endloop
  endfacet
  facet normal -0.8314696123025458 -0.5555702330196012 0
    outer loop
      vertex 39.81318717379852 -42.37601953526606 49.900000000000006
      vertex 39.88767603887905 -42.4875 53.900000000000006
      vertex 39.81318717379852 -42.37601953526606 53.900000000000006
    endloop
  endfacet
  facet normal 0 0 -1
    outer loop
      vertex -94.61229349178414 43.52179274798195 49.900000000000006
      vertex -94.8 43.614359353944906 49.900000000000006
      vertex -94.5125 44.11232396112095 49.900000000000006
    endloop
  endfacet
  facet normal 0 0 -1
    outer loop
      vertex -94.61229349178414 43.52179274798195 49.900000000000006
      vertex -94.39225051817422 44.053023479175934 49.900000000000006
      vertex -94.41411047216403 43.4545186779375 49.900000000000006
    endloop
  endfacet
  facet normal 0 0 -1
    outer loop
      vertex -94.41411047216403 43.4545186779375 49.900000000000006
      vertex -94.13378934702556 43.983769017091845 49.900000000000006
      vertex -94.20884190755208 43.413688221801905 49.900000000000006
    endloop
  endfacet
  facet normal 0 0 -1
    outer loop
      vertex -94.20884190755208 43.413688221801905 49.900000000000006
      vertex -94.13378934702556 43.983769017091845 49.900000000000006
      vertex -94 43.400000000000006 49.900000000000006
    endloop
  endfacet
  facet normal 0 0 -1
    outer loop
      vertex -94 43.400000000000006 49.900000000000006
      vertex -93.86621065297444 43.983769017091845 49.900000000000006
      vertex -93.79115809244792 43.413688221801905 49.900000000000006
    endloop
  endfacet
  facet normal 0 0 -1
    outer loop
      vertex -93.79115809244792 43.413688221801905 49.900000000000006
      vertex -93.73471047876991 44.00992602805371 49.900000000000006
      vertex -93.58588952783597 43.4545186779375 49.900000000000006
    endloop
  endfacet
  facet normal 0 0 -1
    outer loop
      vertex -93.58588952783597 43.4545186779375 49.900000000000006
      vertex -93.4875 44.11232396112095 49.900000000000006
      vertex -93.38770650821586 43.52179274798195 49.900000000000006
    endloop
  endfacet
  facet normal 0 0 -1
    outer loop
      vertex -94.97401828641395 43.73063465553403 49.900000000000006
      vertex -94.72478445071621 44.275215549283786 49.900000000000006
      vertex -94.8 43.614359353944906 49.900000000000006
    endloop
  endfacet
  facet normal 0 0 -1
    outer loop
      vertex -94.97401828641395 43.73063465553403 49.900000000000006
      vertex -95.13137084989847 43.868629150101526 49.900000000000006
      vertex -94.94697652082407 44.60774948182578 49.900000000000006
    endloop
  endfacet
  facet normal 0 0 -1
    outer loop
      vertex -94.8 43.614359353944906 49.900000000000006
      vertex -94.72478445071621 44.275215549283786 49.900000000000006
      vertex -94.62398046473393 44.186812826201475 49.900000000000006
    endloop
  endfacet
  facet normal 0 0 -1
    outer loop
      vertex -94.8 43.614359353944906 49.900000000000006
      vertex -94.62398046473393 44.186812826201475 49.900000000000006
      vertex -94.5125 44.11232396112095 49.900000000000006
    endloop
  endfacet
  facet normal 0 0 -1
    outer loop
      vertex -94.97401828641395 43.73063465553403 49.900000000000006
      vertex -94.94697652082407 44.60774948182578 49.900000000000006
      vertex -94.88767603887905 44.4875 49.900000000000006
    endloop
  endfacet
  facet normal 0 0 -1
    outer loop
      vertex -94.97401828641395 43.73063465553403 49.900000000000006
      vertex -94.81318717379851 44.37601953526607 49.900000000000006
      vertex -94.72478445071621 44.275215549283786 49.900000000000006
    endloop
  endfacet
  facet normal 0 0 -1
    outer loop
      vertex -94.97401828641395 43.73063465553403 49.900000000000006
      vertex -94.88767603887905 44.4875 49.900000000000006
      vertex -94.81318717379851 44.37601953526607 49.900000000000006
    endloop
  endfacet
  facet normal 0 0 -1
    outer loop
      vertex -95.13137084989847 43.868629150101526 49.900000000000006
      vertex -94.9900739719463 44.73471047876993 49.900000000000006
      vertex -94.94697652082407 44.60774948182578 49.900000000000006
    endloop
  endfacet
  facet normal 0 0 -1
    outer loop
      vertex -95.38564064605511 45.8 49.900000000000006
      vertex -95.38564064605511 44.2 49.900000000000006
      vertex -95.47820725201805 44.387706508215864 49.900000000000006
    endloop
  endfacet
  facet normal 0 0 -1
    outer loop
      vertex -95.38564064605511 44.2 49.900000000000006
      vertex -95.26936534446598 45.97401828641395 49.900000000000006
      vertex -95.26936534446598 44.025981713586056 49.900000000000006
    endloop
  endfacet
  facet normal 0 0 -1
    outer loop
      vertex -95.13137084989847 46.131370849898474 49.900000000000006
      vertex -95.13137084989847 43.868629150101526 49.900000000000006
      vertex -95.26936534446598 44.025981713586056 49.900000000000006
    endloop
  endfacet
  facet normal 0 0 -1
    outer loop
      vertex -95.54548132206251 44.585889527835974 49.900000000000006
      vertex -95.47820725201805 45.61229349178414 49.900000000000006
      vertex -95.47820725201805 44.387706508215864 49.900000000000006
    endloop
  endfacet
  facet normal 0 0 -1
    outer loop
      vertex -95.54548132206251 45.414110472164026 49.900000000000006
      vertex -95.54548132206251 44.585889527835974 49.900000000000006
      vertex -95.5863117781981 44.79115809244792 49.900000000000006
    endloop
  endfacet
  facet normal 0 0 -1
    outer loop
      vertex -95.6 45 49.900000000000006
      vertex -95.5863117781981 45.208841907552085 49.900000000000006
      vertex -95.5863117781981 44.79115809244792 49.900000000000006
    endloop
  endfacet
  facet normal 0 0 -1
    outer loop
      vertex -95.5863117781981 45.208841907552085 49.900000000000006
      vertex -95.54548132206251 45.414110472164026 49.900000000000006
      vertex -95.5863117781981 44.79115809244792 49.900000000000006
    endloop
  endfacet
  facet normal 0 0 -1
    outer loop
      vertex -95.13137084989847 43.868629150101526 49.900000000000006
      vertex -95.01623098290816 44.866210652974445 49.900000000000006
      vertex -94.9900739719463 44.73471047876993 49.900000000000006
    endloop
  endfacet
  facet normal 0 0 -1
    outer loop
      vertex -95.13137084989847 43.868629150101526 49.900000000000006
      vertex -95.025 45 49.900000000000006
      vertex -95.01623098290816 44.866210652974445 49.900000000000006
    endloop
  endfacet
  facet normal 0 0 -1
    outer loop
      vertex -95.13137084989847 43.868629150101526 49.900000000000006
      vertex -94.97401828641395 46.26936534446597 49.900000000000006
      vertex -95.025 45 49.900000000000006
    endloop
  endfacet
  facet normal 0 0 -1
    outer loop
      vertex -94.61229349178414 43.52179274798195 49.900000000000006
      vertex -94.5125 44.11232396112095 49.900000000000006
      vertex -94.39225051817422 44.053023479175934 49.900000000000006
    endloop
  endfacet
  facet normal 0 0 -1
    outer loop
      vertex -94.41411047216403 43.4545186779375 49.900000000000006
      vertex -94.26528952123009 44.00992602805371 49.900000000000006
      vertex -94.13378934702556 43.983769017091845 49.900000000000006
    endloop
  endfacet
  facet normal 0 0 -1
    outer loop
      vertex -94.41411047216403 43.4545186779375 49.900000000000006
      vertex -94.39225051817422 44.053023479175934 49.900000000000006
      vertex -94.26528952123009 44.00992602805371 49.900000000000006
    endloop
  endfacet
  facet normal 0 0 -1
    outer loop
      vertex -94 43.400000000000006 49.900000000000006
      vertex -94.13378934702556 43.983769017091845 49.900000000000006
      vertex -94 43.974999999999994 49.900000000000006
    endloop
  endfacet
  facet normal 0 0 -1
    outer loop
      vertex -94 43.400000000000006 49.900000000000006
      vertex -94 43.974999999999994 49.900000000000006
      vertex -93.86621065297444 43.983769017091845 49.900000000000006
    endloop
  endfacet
  facet normal 0 0 -1
    outer loop
      vertex -93.79115809244792 43.413688221801905 49.900000000000006
      vertex -93.86621065297444 43.983769017091845 49.900000000000006
      vertex -93.73471047876991 44.00992602805371 49.900000000000006
    endloop
  endfacet
  facet normal 0 0 -1
    outer loop
      vertex -93.58588952783597 43.4545186779375 49.900000000000006
      vertex -93.73471047876991 44.00992602805371 49.900000000000006
      vertex -93.60774948182578 44.053023479175934 49.900000000000006
    endloop
  endfacet
  facet normal 0 0 -1
    outer loop
      vertex -93.58588952783597 43.4545186779375 49.900000000000006
      vertex -93.60774948182578 44.053023479175934 49.900000000000006
      vertex -93.4875 44.11232396112095 49.900000000000006
    endloop
  endfacet
  facet normal 0 0 -1
    outer loop
      vertex -95.54548132206251 44.585889527835974 49.900000000000006
      vertex -95.54548132206251 45.414110472164026 49.900000000000006
      vertex -95.47820725201805 45.61229349178414 49.900000000000006
    endloop
  endfacet
  facet normal 0 0 -1
    outer loop
      vertex -95.47820725201805 45.61229349178414 49.900000000000006
      vertex -95.38564064605511 45.8 49.900000000000006
      vertex -95.47820725201805 44.387706508215864 49.900000000000006
    endloop
  endfacet
  facet normal 0 0 -1
    outer loop
      vertex -95.38564064605511 44.2 49.900000000000006
      vertex -95.38564064605511 45.8 49.900000000000006
      vertex -95.26936534446598 45.97401828641395 49.900000000000006
    endloop
  endfacet
  facet normal 0 0 -1
    outer loop
      vertex -95.26936534446598 45.97401828641395 49.900000000000006
      vertex -95.13137084989847 46.131370849898474 49.900000000000006
      vertex -95.26936534446598 44.025981713586056 49.900000000000006
    endloop
  endfacet
  facet normal 0 0 -1
    outer loop
      vertex -95.13137084989847 43.868629150101526 49.900000000000006
      vertex -95.13137084989847 46.131370849898474 49.900000000000006
      vertex -94.97401828641395 46.26936534446597 49.900000000000006
    endloop
  endfacet
  facet normal 0 0 -1
    outer loop
      vertex -95.025 45 49.900000000000006
      vertex -94.97401828641395 46.26936534446597 49.900000000000006
      vertex -95.01623098290816 45.133789347025555 49.900000000000006
    endloop
  endfacet
  facet normal 0 0 -1
    outer loop
      vertex -95.01623098290816 45.133789347025555 49.900000000000006
      vertex -94.97401828641395 46.26936534446597 49.900000000000006
      vertex -94.9900739719463 45.26528952123007 49.900000000000006
    endloop
  endfacet
  facet normal 0 0 -1
    outer loop
      vertex -94.9900739719463 45.26528952123007 49.900000000000006
      vertex -94.97401828641395 46.26936534446597 49.900000000000006
      vertex -94.94697652082407 45.39225051817422 49.900000000000006
    endloop
  endfacet
  facet normal 0 0 -1
    outer loop
      vertex -94.94697652082407 45.39225051817422 49.900000000000006
      vertex -94.97401828641395 46.26936534446597 49.900000000000006
      vertex -94.88767603887905 45.5125 49.900000000000006
    endloop
  endfacet
  facet normal 0 0 -1
    outer loop
      vertex -94.88767603887905 45.5125 49.900000000000006
      vertex -94.8 46.385640646055094 49.900000000000006
      vertex -94.81318717379851 45.62398046473393 49.900000000000006
    endloop
  endfacet
  facet normal 0 0 -1
    outer loop
      vertex -94.88767603887905 45.5125 49.900000000000006
      vertex -94.97401828641395 46.26936534446597 49.900000000000006
      vertex -94.8 46.385640646055094 49.900000000000006
    endloop
  endfacet
  facet normal 0 0 -1
    outer loop
      vertex -94.81318717379851 45.62398046473393 49.900000000000006
      vertex -94.8 46.385640646055094 49.900000000000006
      vertex -94.72478445071621 45.724784450716214 49.900000000000006
    endloop
  endfacet
  facet normal 0 0 -1
    outer loop
      vertex -94.72478445071621 45.724784450716214 49.900000000000006
      vertex -94.61229349178414 46.47820725201805 49.900000000000006
      vertex -94.62398046473393 45.813187173798525 49.900000000000006
    endloop
  endfacet
  facet normal 0 0 -1
    outer loop
      vertex -94.62398046473393 45.813187173798525 49.900000000000006
      vertex -94.61229349178414 46.47820725201805 49.900000000000006
      vertex -94.5125 45.88767603887905 49.900000000000006
    endloop
  endfacet
  facet normal 0 0 -1
    outer loop
      vertex -94.72478445071621 45.724784450716214 49.900000000000006
      vertex -94.8 46.385640646055094 49.900000000000006
      vertex -94.61229349178414 46.47820725201805 49.900000000000006
    endloop
  endfacet
  facet normal 0 0 -1
    outer loop
      vertex -94.5125 45.88767603887905 49.900000000000006
      vertex -94.41411047216403 46.5454813220625 49.900000000000006
      vertex -94.39225051817422 45.946976520824066 49.900000000000006
    endloop
  endfacet
  facet normal 0 0 -1
    outer loop
      vertex -94.39225051817422 45.946976520824066 49.900000000000006
      vertex -94.41411047216403 46.5454813220625 49.900000000000006
      vertex -94.26528952123009 45.99007397194629 49.900000000000006
    endloop
  endfacet
  facet normal 0 0 -1
    outer loop
      vertex -94.26528952123009 45.99007397194629 49.900000000000006
      vertex -94.20884190755208 46.586311778198095 49.900000000000006
      vertex -94.13378934702556 46.016230982908155 49.900000000000006
    endloop
  endfacet
  facet normal 0 0 -1
    outer loop
      vertex -94.13378934702556 46.016230982908155 49.900000000000006
      vertex -94 46.599999999999994 49.900000000000006
      vertex -94 46.025000000000006 49.900000000000006
    endloop
  endfacet
  facet normal 0 0 -1
    outer loop
      vertex -94.61229349178414 46.47820725201805 49.900000000000006
      vertex -94.41411047216403 46.5454813220625 49.900000000000006
      vertex -94.5125 45.88767603887905 49.900000000000006
    endloop
  endfacet
  facet normal 0 0 -1
    outer loop
      vertex -94.26528952123009 45.99007397194629 49.900000000000006
      vertex -94.41411047216403 46.5454813220625 49.900000000000006
      vertex -94.20884190755208 46.586311778198095 49.900000000000006
    endloop
  endfacet
  facet normal 0 0 -1
    outer loop
      vertex -94.13378934702556 46.016230982908155 49.900000000000006
      vertex -94.20884190755208 46.586311778198095 49.900000000000006
      vertex -94 46.599999999999994 49.900000000000006
    endloop
  endfacet
  facet normal 0 0 -1
    outer loop
      vertex -94 46.025000000000006 49.900000000000006
      vertex -94 46.599999999999994 49.900000000000006
      vertex -93.86621065297444 46.016230982908155 49.900000000000006
    endloop
  endfacet
  facet normal 0 0 -1
    outer loop
      vertex -93.86621065297444 46.016230982908155 49.900000000000006
      vertex -93.58588952783597 46.5454813220625 49.900000000000006
      vertex -93.73471047876991 45.99007397194629 49.900000000000006
    endloop
  endfacet
  facet normal 0 0 -1
    outer loop
      vertex -93.60774948182578 45.946976520824066 49.900000000000006
      vertex -93.73471047876991 45.99007397194629 49.900000000000006
      vertex -93.58588952783597 46.5454813220625 49.900000000000006
    endloop
  endfacet
  facet normal 0 0 -1
    outer loop
      vertex -93.60774948182578 45.946976520824066 49.900000000000006
      vertex -93.38770650821586 46.47820725201805 49.900000000000006
      vertex -93.4875 45.88767603887905 49.900000000000006
    endloop
  endfacet
  facet normal 0 0 -1
    outer loop
      vertex -93.86621065297444 46.016230982908155 49.900000000000006
      vertex -94 46.599999999999994 49.900000000000006
      vertex -93.79115809244792 46.586311778198095 49.900000000000006
    endloop
  endfacet
  facet normal 0 0 -1
    outer loop
      vertex -93.86621065297444 46.016230982908155 49.900000000000006
      vertex -93.79115809244792 46.586311778198095 49.900000000000006
      vertex -93.58588952783597 46.5454813220625 49.900000000000006
    endloop
  endfacet
  facet normal 0 0 -1
    outer loop
      vertex -93.60774948182578 45.946976520824066 49.900000000000006
      vertex -93.58588952783597 46.5454813220625 49.900000000000006
      vertex -93.38770650821586 46.47820725201805 49.900000000000006
    endloop
  endfacet
  facet normal 0 0 -1
    outer loop
      vertex -93.38770650821586 43.52179274798195 49.900000000000006
      vertex -93.27521554928379 44.275215549283786 49.900000000000006
      vertex -93.2 43.614359353944906 49.900000000000006
    endloop
  endfacet
  facet normal 0 0 -1
    outer loop
      vertex -93.38770650821586 43.52179274798195 49.900000000000006
      vertex -93.4875 44.11232396112095 49.900000000000006
      vertex -93.37601953526607 44.186812826201475 49.900000000000006
    endloop
  endfacet
  facet normal 0 0 -1
    outer loop
      vertex -93.38770650821586 43.52179274798195 49.900000000000006
      vertex -93.37601953526607 44.186812826201475 49.900000000000006
      vertex -93.27521554928379 44.275215549283786 49.900000000000006
    endloop
  endfacet
  facet normal 0 0 -1
    outer loop
      vertex -93.2 43.614359353944906 49.900000000000006
      vertex -93.27521554928379 44.275215549283786 49.900000000000006
      vertex -93.18681282620149 44.37601953526607 49.900000000000006
    endloop
  endfacet
  facet normal 0 0 -1
    outer loop
      vertex -93.2 43.614359353944906 49.900000000000006
      vertex -93.11232396112095 44.4875 49.900000000000006
      vertex -93.02598171358605 43.73063465553403 49.900000000000006
    endloop
  endfacet
  facet normal 0 0 -1
    outer loop
      vertex -93.2 43.614359353944906 49.900000000000006
      vertex -93.18681282620149 44.37601953526607 49.900000000000006
      vertex -93.11232396112095 44.4875 49.900000000000006
    endloop
  endfacet
  facet normal 0 0 -1
    outer loop
      vertex -93.02598171358605 43.73063465553403 49.900000000000006
      vertex -93.11232396112095 44.4875 49.900000000000006
      vertex -93.05302347917593 44.60774948182578 49.900000000000006
    endloop
  endfacet
  facet normal 0 0 -1
    outer loop
      vertex -93.02598171358605 43.73063465553403 49.900000000000006
      vertex -93.05302347917593 44.60774948182578 49.900000000000006
      vertex -93.0099260280537 44.73471047876993 49.900000000000006
    endloop
  endfacet
  facet normal 0 0 -1
    outer loop
      vertex -93.02598171358605 43.73063465553403 49.900000000000006
      vertex -93.0099260280537 44.73471047876993 49.900000000000006
      vertex -92.98376901709184 44.866210652974445 49.900000000000006
    endloop
  endfacet
  facet normal 0 0 -1
    outer loop
      vertex -93.02598171358605 43.73063465553403 49.900000000000006
      vertex -92.98376901709184 44.866210652974445 49.900000000000006
      vertex -92.975 45 49.900000000000006
    endloop
  endfacet
  facet normal 0 0 -1
    outer loop
      vertex -93.02598171358605 43.73063465553403 49.900000000000006
      vertex -92.975 45 49.900000000000006
      vertex -92.86862915010153 46.131370849898474 49.900000000000006
    endloop
  endfacet
  facet normal 0 0 -1
    outer loop
      vertex -93.02598171358605 43.73063465553403 49.900000000000006
      vertex -92.86862915010153 46.131370849898474 49.900000000000006
      vertex -92.86862915010153 43.868629150101526 49.900000000000006
    endloop
  endfacet
  facet normal 0 0 -1
    outer loop
      vertex -92.86862915010153 43.868629150101526 49.900000000000006
      vertex -92.73063465553402 45.974018286413944 49.900000000000006
      vertex -92.73063465553402 44.02598171358605 49.900000000000006
    endloop
  endfacet
  facet normal 0 0 -1
    outer loop
      vertex -92.73063465553402 44.02598171358605 49.900000000000006
      vertex -92.61435935394489 45.8 49.900000000000006
      vertex -92.61435935394489 44.2 49.900000000000006
    endloop
  endfacet
  facet normal 0 0 -1
    outer loop
      vertex -92.61435935394489 44.2 49.900000000000006
      vertex -92.52179274798195 45.612293491784136 49.900000000000006
      vertex -92.52179274798195 44.38770650821586 49.900000000000006
    endloop
  endfacet
  facet normal 0 0 -1
    outer loop
      vertex -92.52179274798195 44.38770650821586 49.900000000000006
      vertex -92.45451867793749 45.414110472164026 49.900000000000006
      vertex -92.45451867793749 44.585889527835974 49.900000000000006
    endloop
  endfacet
  facet normal 0 0 -1
    outer loop
      vertex -92.45451867793749 44.585889527835974 49.900000000000006
      vertex -92.4136882218019 45.208841907552085 49.900000000000006
      vertex -92.4136882218019 44.791158092447915 49.900000000000006
    endloop
  endfacet
  facet normal 0 0 -1
    outer loop
      vertex -92.4136882218019 44.791158092447915 49.900000000000006
      vertex -92.4136882218019 45.208841907552085 49.900000000000006
      vertex -92.4 45 49.900000000000006
    endloop
  endfacet
  facet normal 0 0 -1
    outer loop
      vertex -92.45451867793749 44.585889527835974 49.900000000000006
      vertex -92.45451867793749 45.414110472164026 49.900000000000006
      vertex -92.4136882218019 45.208841907552085 49.900000000000006
    endloop
  endfacet
  facet normal 0 0 -1
    outer loop
      vertex -92.52179274798195 44.38770650821586 49.900000000000006
      vertex -92.52179274798195 45.612293491784136 49.900000000000006
      vertex -92.45451867793749 45.414110472164026 49.900000000000006
    endloop
  endfacet
  facet normal 0 0 -1
    outer loop
      vertex -92.975 45 49.900000000000006
      vertex -92.98376901709184 45.133789347025555 49.900000000000006
      vertex -92.86862915010153 46.131370849898474 49.900000000000006
    endloop
  endfacet
  facet normal 0 0 -1
    outer loop
      vertex -92.98376901709184 45.133789347025555 49.900000000000006
      vertex -93.0099260280537 45.26528952123007 49.900000000000006
      vertex -92.86862915010153 46.131370849898474 49.900000000000006
    endloop
  endfacet
  facet normal 0 0 -1
    outer loop
      vertex -93.0099260280537 45.26528952123007 49.900000000000006
      vertex -93.05302347917593 45.39225051817422 49.900000000000006
      vertex -92.86862915010153 46.131370849898474 49.900000000000006
    endloop
  endfacet
  facet normal 0 0 -1
    outer loop
      vertex -93.27521554928379 45.724784450716214 49.900000000000006
      vertex -93.02598171358605 46.26936534446597 49.900000000000006
      vertex -93.18681282620149 45.62398046473393 49.900000000000006
    endloop
  endfacet
  facet normal 0 0 -1
    outer loop
      vertex -93.11232396112095 45.5125 49.900000000000006
      vertex -93.18681282620149 45.62398046473393 49.900000000000006
      vertex -93.02598171358605 46.26936534446597 49.900000000000006
    endloop
  endfacet
  facet normal 0 0 -1
    outer loop
      vertex -93.11232396112095 45.5125 49.900000000000006
      vertex -93.02598171358605 46.26936534446597 49.900000000000006
      vertex -93.05302347917593 45.39225051817422 49.900000000000006
    endloop
  endfacet
  facet normal 0 0 -1
    outer loop
      vertex -92.86862915010153 43.868629150101526 49.900000000000006
      vertex -92.86862915010153 46.131370849898474 49.900000000000006
      vertex -92.73063465553402 45.974018286413944 49.900000000000006
    endloop
  endfacet
  facet normal 0 0 -1
    outer loop
      vertex -92.73063465553402 44.02598171358605 49.900000000000006
      vertex -92.73063465553402 45.974018286413944 49.900000000000006
      vertex -92.61435935394489 45.8 49.900000000000006
    endloop
  endfacet
  facet normal 0 0 -1
    outer loop
      vertex -92.61435935394489 44.2 49.900000000000006
      vertex -92.61435935394489 45.8 49.900000000000006
      vertex -92.52179274798195 45.612293491784136 49.900000000000006
    endloop
  endfacet
  facet normal 0 0 -1
    outer loop
      vertex -93.4875 45.88767603887905 49.900000000000006
      vertex -93.2 46.385640646055094 49.900000000000006
      vertex -93.37601953526607 45.813187173798525 49.900000000000006
    endloop
  endfacet
  facet normal 0 0 -1
    outer loop
      vertex -93.37601953526607 45.813187173798525 49.900000000000006
      vertex -93.2 46.385640646055094 49.900000000000006
      vertex -93.27521554928379 45.724784450716214 49.900000000000006
    endloop
  endfacet
  facet normal 0 0 -1
    outer loop
      vertex -93.05302347917593 45.39225051817422 49.900000000000006
      vertex -93.02598171358605 46.26936534446597 49.900000000000006
      vertex -92.86862915010153 46.131370849898474 49.900000000000006
    endloop
  endfacet
  facet normal 0 0 -1
    outer loop
      vertex -93.27521554928379 45.724784450716214 49.900000000000006
      vertex -93.2 46.385640646055094 49.900000000000006
      vertex -93.02598171358605 46.26936534446597 49.900000000000006
    endloop
  endfacet
  facet normal 0 0 -1
    outer loop
      vertex -93.4875 45.88767603887905 49.900000000000006
      vertex -93.38770650821586 46.47820725201805 49.900000000000006
      vertex -93.2 46.385640646055094 49.900000000000006
    endloop
  endfacet
  facet normal -0.5555702330196042 -0.8314696123025438 0
    outer loop
      vertex -94.97401828641395 43.73063465553403 49.900000000000006
      vertex -94.8 43.614359353944906 49.900000000000006
      vertex -94.8 43.614359353944906 53.900000000000006
    endloop
  endfacet
  facet normal -0.4422886902190091 -0.8968727415326844 0
    outer loop
      vertex -94.61229349178414 43.52179274798195 49.900000000000006
      vertex -94.61229349178414 43.52179274798195 53.900000000000006
      vertex -94.8 43.614359353944906 49.900000000000006
    endloop
  endfacet
  facet normal -0.32143946530314044 -0.9469301294951128 0
    outer loop
      vertex -94.61229349178414 43.52179274798195 49.900000000000006
      vertex -94.41411047216403 43.4545186779375 49.900000000000006
      vertex -94.41411047216403 43.4545186779375 53.900000000000006
    endloop
  endfacet
  facet normal -0.1950903220161706 -0.980785280403222 0
    outer loop
      vertex -94.41411047216403 43.4545186779375 49.900000000000006
      vertex -94.20884190755208 43.413688221801905 49.900000000000006
      vertex -94.20884190755208 43.413688221801905 53.900000000000006
    endloop
  endfacet
  facet normal -0.06540312923012488 -0.9978589232386047 0
    outer loop
      vertex -94.20884190755208 43.413688221801905 49.900000000000006
      vertex -94 43.400000000000006 49.900000000000006
      vertex -94 43.400000000000006 53.900000000000006
    endloop
  endfacet
  facet normal 0.06540312923012488 -0.9978589232386047 0
    outer loop
      vertex -94 43.400000000000006 49.900000000000006
      vertex -93.79115809244792 43.413688221801905 49.900000000000006
      vertex -93.79115809244792 43.413688221801905 53.900000000000006
    endloop
  endfacet
  facet normal 0.1950903220161706 -0.980785280403222 0
    outer loop
      vertex -93.79115809244792 43.413688221801905 49.900000000000006
      vertex -93.58588952783597 43.4545186779375 49.900000000000006
      vertex -93.58588952783597 43.4545186779375 53.900000000000006
    endloop
  endfacet
  facet normal 0.32143946530314044 -0.9469301294951128 0
    outer loop
      vertex -93.58588952783597 43.4545186779375 49.900000000000006
      vertex -93.38770650821586 43.52179274798195 49.900000000000006
      vertex -93.38770650821586 43.52179274798195 53.900000000000006
    endloop
  endfacet
  facet normal 0.4422886902190091 -0.8968727415326844 0
    outer loop
      vertex -93.38770650821586 43.52179274798195 49.900000000000006
      vertex -93.2 43.614359353944906 49.900000000000006
      vertex -93.2 43.614359353944906 53.900000000000006
    endloop
  endfacet
  facet normal 0.5555702330196042 -0.8314696123025438 0
    outer loop
      vertex -93.2 43.614359353944906 49.900000000000006
      vertex -93.02598171358605 43.73063465553403 49.900000000000006
      vertex -93.02598171358605 43.73063465553403 53.900000000000006
    endloop
  endfacet
  facet normal -0.6593458151000521 -0.7518398074789923 0
    outer loop
      vertex -94.97401828641395 43.73063465553403 49.900000000000006
      vertex -94.97401828641395 43.73063465553403 53.900000000000006
      vertex -95.13137084989847 43.868629150101526 49.900000000000006
    endloop
  endfacet
  facet normal -0.9978589232386047 0.06540312923012488 0
    outer loop
      vertex -95.6 45 49.900000000000006
      vertex -95.5863117781981 45.208841907552085 53.900000000000006
      vertex -95.5863117781981 45.208841907552085 49.900000000000006
    endloop
  endfacet
  facet normal -0.980785280403235 0.1950903220161053 0
    outer loop
      vertex -95.5863117781981 45.208841907552085 49.900000000000006
      vertex -95.54548132206251 45.414110472164026 53.900000000000006
      vertex -95.54548132206251 45.414110472164026 49.900000000000006
    endloop
  endfacet
  facet normal -0.9469301294950921 0.3214394653032013 0
    outer loop
      vertex -95.54548132206251 45.414110472164026 49.900000000000006
      vertex -95.47820725201805 45.61229349178414 53.900000000000006
      vertex -95.47820725201805 45.61229349178414 49.900000000000006
    endloop
  endfacet
  facet normal -0.8968727415327113 0.4422886902189545 0
    outer loop
      vertex -95.47820725201805 45.61229349178414 49.900000000000006
      vertex -95.38564064605511 45.8 53.900000000000006
      vertex -95.38564064605511 45.8 49.900000000000006
    endloop
  endfacet
  facet normal -0.8314696123025438 0.5555702330196042 0
    outer loop
      vertex -95.38564064605511 45.8 49.900000000000006
      vertex -95.26936534446598 45.97401828641395 53.900000000000006
      vertex -95.26936534446598 45.97401828641395 49.900000000000006
    endloop
  endfacet
  facet normal -0.7518398074789585 0.6593458151000905 0
    outer loop
      vertex -95.26936534446598 45.97401828641395 49.900000000000006
      vertex -95.13137084989847 46.131370849898474 53.900000000000006
      vertex -95.13137084989847 46.131370849898474 49.900000000000006
    endloop
  endfacet
  facet normal -0.6593458151000521 0.7518398074789923 0
    outer loop
      vertex -95.13137084989847 46.131370849898474 49.900000000000006
      vertex -95.13137084989847 46.131370849898474 53.900000000000006
      vertex -94.97401828641395 46.26936534446597 49.900000000000006
    endloop
  endfacet
  facet normal -0.5555702330196042 0.8314696123025438 0
    outer loop
      vertex -94.97401828641395 46.26936534446597 49.900000000000006
      vertex -94.97401828641395 46.26936534446597 53.900000000000006
      vertex -94.8 46.385640646055094 49.900000000000006
    endloop
  endfacet
  facet normal -0.4422886902190091 0.8968727415326844 0
    outer loop
      vertex -94.8 46.385640646055094 49.900000000000006
      vertex -94.8 46.385640646055094 53.900000000000006
      vertex -94.61229349178414 46.47820725201805 49.900000000000006
    endloop
  endfacet
  facet normal -0.32143946530314044 0.9469301294951128 0
    outer loop
      vertex -94.61229349178414 46.47820725201805 49.900000000000006
      vertex -94.61229349178414 46.47820725201805 53.900000000000006
      vertex -94.41411047216403 46.5454813220625 49.900000000000006
    endloop
  endfacet
  facet normal -0.1950903220161706 0.980785280403222 0
    outer loop
      vertex -94.41411047216403 46.5454813220625 49.900000000000006
      vertex -94.41411047216403 46.5454813220625 53.900000000000006
      vertex -94.20884190755208 46.586311778198095 49.900000000000006
    endloop
  endfacet
  facet normal -0.06540312923012488 0.9978589232386047 0
    outer loop
      vertex -94.20884190755208 46.586311778198095 49.900000000000006
      vertex -94.20884190755208 46.586311778198095 53.900000000000006
      vertex -94 46.599999999999994 49.900000000000006
    endloop
  endfacet
  facet normal 0.06540312923012488 0.9978589232386047 0
    outer loop
      vertex -94 46.599999999999994 49.900000000000006
      vertex -94 46.599999999999994 53.900000000000006
      vertex -93.79115809244792 46.586311778198095 49.900000000000006
    endloop
  endfacet
  facet normal 0.1950903220161706 0.980785280403222 0
    outer loop
      vertex -93.79115809244792 46.586311778198095 49.900000000000006
      vertex -93.79115809244792 46.586311778198095 53.900000000000006
      vertex -93.58588952783597 46.5454813220625 49.900000000000006
    endloop
  endfacet
  facet normal 0.32143946530314044 0.9469301294951128 0
    outer loop
      vertex -93.58588952783597 46.5454813220625 49.900000000000006
      vertex -93.58588952783597 46.5454813220625 53.900000000000006
      vertex -93.38770650821586 46.47820725201805 49.900000000000006
    endloop
  endfacet
  facet normal 0.6593458151000521 -0.7518398074789923 0
    outer loop
      vertex -93.02598171358605 43.73063465553403 49.900000000000006
      vertex -92.86862915010153 43.868629150101526 49.900000000000006
      vertex -92.86862915010153 43.868629150101526 53.900000000000006
    endloop
  endfacet
  facet normal 0.7518398074789585 -0.6593458151000905 0
    outer loop
      vertex -92.86862915010153 43.868629150101526 49.900000000000006
      vertex -92.73063465553402 44.02598171358605 49.900000000000006
      vertex -92.86862915010153 43.868629150101526 53.900000000000006
    endloop
  endfacet
  facet normal 0.8314696123025438 -0.5555702330196042 0
    outer loop
      vertex -92.73063465553402 44.02598171358605 49.900000000000006
      vertex -92.61435935394489 44.2 49.900000000000006
      vertex -92.73063465553402 44.02598171358605 53.900000000000006
    endloop
  endfacet
  facet normal 0.8968727415327113 -0.4422886902189545 0
    outer loop
      vertex -92.61435935394489 44.2 49.900000000000006
      vertex -92.52179274798195 44.38770650821586 49.900000000000006
      vertex -92.61435935394489 44.2 53.900000000000006
    endloop
  endfacet
  facet normal 0.9469301294950921 -0.3214394653032013 0
    outer loop
      vertex -92.52179274798195 44.38770650821586 49.900000000000006
      vertex -92.45451867793749 44.585889527835974 49.900000000000006
      vertex -92.52179274798195 44.38770650821586 53.900000000000006
    endloop
  endfacet
  facet normal 0.980785280403235 -0.1950903220161053 0
    outer loop
      vertex -92.45451867793749 44.585889527835974 49.900000000000006
      vertex -92.4136882218019 44.791158092447915 49.900000000000006
      vertex -92.45451867793749 44.585889527835974 53.900000000000006
    endloop
  endfacet
  facet normal 0.9978589232386047 -0.06540312923012488 0
    outer loop
      vertex -92.4136882218019 44.791158092447915 49.900000000000006
      vertex -92.4 45 49.900000000000006
      vertex -92.4136882218019 44.791158092447915 53.900000000000006
    endloop
  endfacet
  facet normal 0.9978589232386047 0.06540312923012488 0
    outer loop
      vertex -92.4 45 49.900000000000006
      vertex -92.4136882218019 45.208841907552085 49.900000000000006
      vertex -92.4 45 53.900000000000006
    endloop
  endfacet
  facet normal 0.980785280403235 0.1950903220161053 0
    outer loop
      vertex -92.4136882218019 45.208841907552085 49.900000000000006
      vertex -92.45451867793749 45.414110472164026 49.900000000000006
      vertex -92.4136882218019 45.208841907552085 53.900000000000006
    endloop
  endfacet
  facet normal 0.6593458151000521 0.7518398074789923 0
    outer loop
      vertex -93.02598171358605 46.26936534446597 49.900000000000006
      vertex -93.02598171358605 46.26936534446597 53.900000000000006
      vertex -92.86862915010153 46.131370849898474 49.900000000000006
    endloop
  endfacet
  facet normal 0.4422886902190091 0.8968727415326844 0
    outer loop
      vertex -93.38770650821586 46.47820725201805 49.900000000000006
      vertex -93.38770650821586 46.47820725201805 53.900000000000006
      vertex -93.2 46.385640646055094 49.900000000000006
    endloop
  endfacet
  facet normal 0.5555702330196042 0.8314696123025438 0
    outer loop
      vertex -93.2 46.385640646055094 49.900000000000006
      vertex -93.2 46.385640646055094 53.900000000000006
      vertex -93.02598171358605 46.26936534446597 49.900000000000006
    endloop
  endfacet
  facet normal -0.5555702330196042 -0.8314696123025438 0
    outer loop
      vertex -94.97401828641395 43.73063465553403 49.900000000000006
      vertex -94.8 43.614359353944906 53.900000000000006
      vertex -94.97401828641395 43.73063465553403 53.900000000000006
    endloop
  endfacet
  facet normal -0.32143946530314044 -0.9469301294951128 0
    outer loop
      vertex -94.61229349178414 43.52179274798195 49.900000000000006
      vertex -94.41411047216403 43.4545186779375 53.900000000000006
      vertex -94.61229349178414 43.52179274798195 53.900000000000006
    endloop
  endfacet
  facet normal -0.4422886902190091 -0.8968727415326844 0
    outer loop
      vertex -94.8 43.614359353944906 49.900000000000006
      vertex -94.61229349178414 43.52179274798195 53.900000000000006
      vertex -94.8 43.614359353944906 53.900000000000006
    endloop
  endfacet
  facet normal -0.1950903220161706 -0.980785280403222 0
    outer loop
      vertex -94.41411047216403 43.4545186779375 49.900000000000006
      vertex -94.20884190755208 43.413688221801905 53.900000000000006
      vertex -94.41411047216403 43.4545186779375 53.900000000000006
    endloop
  endfacet
  facet normal -0.06540312923012488 -0.9978589232386047 0
    outer loop
      vertex -94.20884190755208 43.413688221801905 49.900000000000006
      vertex -94 43.400000000000006 53.900000000000006
      vertex -94.20884190755208 43.413688221801905 53.900000000000006
    endloop
  endfacet
  facet normal 0.06540312923012488 -0.9978589232386047 0
    outer loop
      vertex -94 43.400000000000006 49.900000000000006
      vertex -93.79115809244792 43.413688221801905 53.900000000000006
      vertex -94 43.400000000000006 53.900000000000006
    endloop
  endfacet
  facet normal 0.1950903220161706 -0.980785280403222 0
    outer loop
      vertex -93.79115809244792 43.413688221801905 49.900000000000006
      vertex -93.58588952783597 43.4545186779375 53.900000000000006
      vertex -93.79115809244792 43.413688221801905 53.900000000000006
    endloop
  endfacet
  facet normal 0.32143946530314044 -0.9469301294951128 0
    outer loop
      vertex -93.58588952783597 43.4545186779375 49.900000000000006
      vertex -93.38770650821586 43.52179274798195 53.900000000000006
      vertex -93.58588952783597 43.4545186779375 53.900000000000006
    endloop
  endfacet
  facet normal 0.4422886902190091 -0.8968727415326844 0
    outer loop
      vertex -93.38770650821586 43.52179274798195 49.900000000000006
      vertex -93.2 43.614359353944906 53.900000000000006
      vertex -93.38770650821586 43.52179274798195 53.900000000000006
    endloop
  endfacet
  facet normal 0.5555702330196042 -0.8314696123025438 0
    outer loop
      vertex -93.2 43.614359353944906 49.900000000000006
      vertex -93.02598171358605 43.73063465553403 53.900000000000006
      vertex -93.2 43.614359353944906 53.900000000000006
    endloop
  endfacet
  facet normal -0.6593458151000521 -0.7518398074789923 0
    outer loop
      vertex -95.13137084989847 43.868629150101526 49.900000000000006
      vertex -94.97401828641395 43.73063465553403 53.900000000000006
      vertex -95.13137084989847 43.868629150101526 53.900000000000006
    endloop
  endfacet
  facet normal -0.7518398074789585 -0.6593458151000905 0
    outer loop
      vertex -95.13137084989847 43.868629150101526 49.900000000000006
      vertex -95.13137084989847 43.868629150101526 53.900000000000006
      vertex -95.26936534446598 44.02598171358605 53.900000000000006
    endloop
  endfacet
  facet normal -0.8968727415327113 -0.4422886902189545 0
    outer loop
      vertex -95.38564064605511 44.2 49.900000000000006
      vertex -95.38564064605511 44.2 53.900000000000006
      vertex -95.47820725201805 44.38770650821586 53.900000000000006
    endloop
  endfacet
  facet normal -0.980785280403235 -0.1950903220161053 0
    outer loop
      vertex -95.54548132206251 44.585889527835974 49.900000000000006
      vertex -95.54548132206251 44.585889527835974 53.900000000000006
      vertex -95.5863117781981 44.791158092447915 53.900000000000006
    endloop
  endfacet
  facet normal -0.9978589232386047 0.06540312923012488 0
    outer loop
      vertex -95.6 45 49.900000000000006
      vertex -95.6 45 53.900000000000006
      vertex -95.5863117781981 45.208841907552085 53.900000000000006
    endloop
  endfacet
  facet normal -0.980785280403235 0.1950903220161053 0
    outer loop
      vertex -95.5863117781981 45.208841907552085 49.900000000000006
      vertex -95.5863117781981 45.208841907552085 53.900000000000006
      vertex -95.54548132206251 45.414110472164026 53.900000000000006
    endloop
  endfacet
  facet normal -0.9469301294950921 0.3214394653032013 0
    outer loop
      vertex -95.54548132206251 45.414110472164026 49.900000000000006
      vertex -95.54548132206251 45.414110472164026 53.900000000000006
      vertex -95.47820725201805 45.61229349178414 53.900000000000006
    endloop
  endfacet
  facet normal -0.8968727415327113 0.4422886902189545 0
    outer loop
      vertex -95.47820725201805 45.61229349178414 49.900000000000006
      vertex -95.47820725201805 45.61229349178414 53.900000000000006
      vertex -95.38564064605511 45.8 53.900000000000006
    endloop
  endfacet
  facet normal -0.8314696123025438 0.5555702330196042 0
    outer loop
      vertex -95.38564064605511 45.8 49.900000000000006
      vertex -95.38564064605511 45.8 53.900000000000006
      vertex -95.26936534446598 45.97401828641395 53.900000000000006
    endloop
  endfacet
  facet normal -0.7518398074789585 0.6593458151000905 0
    outer loop
      vertex -95.26936534446598 45.97401828641395 49.900000000000006
      vertex -95.26936534446598 45.97401828641395 53.900000000000006
      vertex -95.13137084989847 46.131370849898474 53.900000000000006
    endloop
  endfacet
  facet normal -0.6593458151000521 0.7518398074789923 0
    outer loop
      vertex -94.97401828641395 46.26936534446597 49.900000000000006
      vertex -95.13137084989847 46.131370849898474 53.900000000000006
      vertex -94.97401828641395 46.26936534446597 53.900000000000006
    endloop
  endfacet
  facet normal -0.5555702330196042 0.8314696123025438 0
    outer loop
      vertex -94.8 46.385640646055094 49.900000000000006
      vertex -94.97401828641395 46.26936534446597 53.900000000000006
      vertex -94.8 46.385640646055094 53.900000000000006
    endloop
  endfacet
  facet normal -0.4422886902190091 0.8968727415326844 0
    outer loop
      vertex -94.61229349178414 46.47820725201805 49.900000000000006
      vertex -94.8 46.385640646055094 53.900000000000006
      vertex -94.61229349178414 46.47820725201805 53.900000000000006
    endloop
  endfacet
  facet normal -0.32143946530314044 0.9469301294951128 0
    outer loop
      vertex -94.41411047216403 46.5454813220625 49.900000000000006
      vertex -94.61229349178414 46.47820725201805 53.900000000000006
      vertex -94.41411047216403 46.5454813220625 53.900000000000006
    endloop
  endfacet
  facet normal -0.1950903220161706 0.980785280403222 0
    outer loop
      vertex -94.20884190755208 46.586311778198095 49.900000000000006
      vertex -94.41411047216403 46.5454813220625 53.900000000000006
      vertex -94.20884190755208 46.586311778198095 53.900000000000006
    endloop
  endfacet
  facet normal -0.06540312923012488 0.9978589232386047 0
    outer loop
      vertex -94 46.599999999999994 49.900000000000006
      vertex -94.20884190755208 46.586311778198095 53.900000000000006
      vertex -94 46.599999999999994 53.900000000000006
    endloop
  endfacet
  facet normal 0.06540312923012488 0.9978589232386047 0
    outer loop
      vertex -93.79115809244792 46.586311778198095 49.900000000000006
      vertex -94 46.599999999999994 53.900000000000006
      vertex -93.79115809244792 46.586311778198095 53.900000000000006
    endloop
  endfacet
  facet normal 0.1950903220161706 0.980785280403222 0
    outer loop
      vertex -93.58588952783597 46.5454813220625 49.900000000000006
      vertex -93.79115809244792 46.586311778198095 53.900000000000006
      vertex -93.58588952783597 46.5454813220625 53.900000000000006
    endloop
  endfacet
  facet normal 0.6593458151000521 -0.7518398074789923 0
    outer loop
      vertex -93.02598171358605 43.73063465553403 49.900000000000006
      vertex -92.86862915010153 43.868629150101526 53.900000000000006
      vertex -93.02598171358605 43.73063465553403 53.900000000000006
    endloop
  endfacet
  facet normal 0.7518398074789585 -0.6593458151000905 0
    outer loop
      vertex -92.73063465553402 44.02598171358605 49.900000000000006
      vertex -92.73063465553402 44.02598171358605 53.900000000000006
      vertex -92.86862915010153 43.868629150101526 53.900000000000006
    endloop
  endfacet
  facet normal 0.8314696123025438 -0.5555702330196042 0
    outer loop
      vertex -92.61435935394489 44.2 49.900000000000006
      vertex -92.61435935394489 44.2 53.900000000000006
      vertex -92.73063465553402 44.02598171358605 53.900000000000006
    endloop
  endfacet
  facet normal 0.8968727415327113 -0.4422886902189545 0
    outer loop
      vertex -92.52179274798195 44.38770650821586 49.900000000000006
      vertex -92.52179274798195 44.38770650821586 53.900000000000006
      vertex -92.61435935394489 44.2 53.900000000000006
    endloop
  endfacet
  facet normal 0.9469301294950921 -0.3214394653032013 0
    outer loop
      vertex -92.45451867793749 44.585889527835974 49.900000000000006
      vertex -92.45451867793749 44.585889527835974 53.900000000000006
      vertex -92.52179274798195 44.38770650821586 53.900000000000006
    endloop
  endfacet
  facet normal 0.980785280403235 -0.1950903220161053 0
    outer loop
      vertex -92.4136882218019 44.791158092447915 49.900000000000006
      vertex -92.4136882218019 44.791158092447915 53.900000000000006
      vertex -92.45451867793749 44.585889527835974 53.900000000000006
    endloop
  endfacet
  facet normal 0.9978589232386047 0.06540312923012488 0
    outer loop
      vertex -92.4136882218019 45.208841907552085 49.900000000000006
      vertex -92.4136882218019 45.208841907552085 53.900000000000006
      vertex -92.4 45 53.900000000000006
    endloop
  endfacet
  facet normal 0.9978589232386047 -0.06540312923012488 0
    outer loop
      vertex -92.4 45 49.900000000000006
      vertex -92.4 45 53.900000000000006
      vertex -92.4136882218019 44.791158092447915 53.900000000000006
    endloop
  endfacet
  facet normal 0.980785280403235 0.1950903220161053 0
    outer loop
      vertex -92.45451867793749 45.414110472164026 49.900000000000006
      vertex -92.45451867793749 45.414110472164026 53.900000000000006
      vertex -92.4136882218019 45.208841907552085 53.900000000000006
    endloop
  endfacet
  facet normal 0.8968727415327113 0.4422886902189545 0
    outer loop
      vertex -92.61435935394489 45.8 49.900000000000006
      vertex -92.61435935394489 45.8 53.900000000000006
      vertex -92.52179274798195 45.61229349178414 53.900000000000006
    endloop
  endfacet
  facet normal 0.4422886902190091 0.8968727415326844 0
    outer loop
      vertex -93.2 46.385640646055094 49.900000000000006
      vertex -93.38770650821586 46.47820725201805 53.900000000000006
      vertex -93.2 46.385640646055094 53.900000000000006
    endloop
  endfacet
  facet normal 0.32143946530314044 0.9469301294951128 0
    outer loop
      vertex -93.38770650821586 46.47820725201805 49.900000000000006
      vertex -93.58588952783597 46.5454813220625 53.900000000000006
      vertex -93.38770650821586 46.47820725201805 53.900000000000006
    endloop
  endfacet
  facet normal 0.5555702330196042 0.8314696123025438 0
    outer loop
      vertex -93.02598171358605 46.26936534446597 49.900000000000006
      vertex -93.2 46.385640646055094 53.900000000000006
      vertex -93.02598171358605 46.26936534446597 53.900000000000006
    endloop
  endfacet
  facet normal 0.7518398074789585 0.6593458151000905 0
    outer loop
      vertex -92.86862915010153 46.131370849898474 49.900000000000006
      vertex -92.86862915010153 46.131370849898474 53.900000000000006
      vertex -92.73063465553402 45.97401828641395 53.900000000000006
    endloop
  endfacet
  facet normal 0.6593458151000521 0.7518398074789923 0
    outer loop
      vertex -92.86862915010153 46.131370849898474 49.900000000000006
      vertex -93.02598171358605 46.26936534446597 53.900000000000006
      vertex -92.86862915010153 46.131370849898474 53.900000000000006
    endloop
  endfacet
  facet normal 0 0 1
    outer loop
      vertex -94.61229349178414 43.52179274798195 53.900000000000006
      vertex -94.41411047216403 43.4545186779375 53.900000000000006
      vertex -94.5125 44.11232396112095 53.900000000000006
    endloop
  endfacet
  facet normal 0 0 1
    outer loop
      vertex -94.41411047216403 43.4545186779375 53.900000000000006
      vertex -94.20884190755208 43.413688221801905 53.900000000000006
      vertex -94.26528952123009 44.00992602805371 53.900000000000006
    endloop
  endfacet
  facet normal 0 0 1
    outer loop
      vertex -94.20884190755208 43.413688221801905 53.900000000000006
      vertex -94 43.400000000000006 53.900000000000006
      vertex -94.13378934702556 43.983769017091845 53.900000000000006
    endloop
  endfacet
  facet normal 0 0 1
    outer loop
      vertex -94 43.400000000000006 53.900000000000006
      vertex -93.79115809244792 43.413688221801905 53.900000000000006
      vertex -93.86621065297444 43.983769017091845 53.900000000000006
    endloop
  endfacet
  facet normal 0 0 1
    outer loop
      vertex -93.79115809244792 43.413688221801905 53.900000000000006
      vertex -93.58588952783597 43.4545186779375 53.900000000000006
      vertex -93.86621065297444 43.983769017091845 53.900000000000006
    endloop
  endfacet
  facet normal 0 0 1
    outer loop
      vertex -93.58588952783597 43.4545186779375 53.900000000000006
      vertex -93.38770650821586 43.52179274798195 53.900000000000006
      vertex -93.60774948182578 44.053023479175934 53.900000000000006
    endloop
  endfacet
  facet normal 0 0 1
    outer loop
      vertex -93.38770650821586 43.52179274798195 53.900000000000006
      vertex -93.2 43.614359353944906 53.900000000000006
      vertex -93.4875 44.11232396112095 53.900000000000006
    endloop
  endfacet
  facet normal 0 0 1
    outer loop
      vertex -94.97401828641395 43.73063465553403 53.900000000000006
      vertex -94.8 43.614359353944906 53.900000000000006
      vertex -94.88767603887905 44.4875 53.900000000000006
    endloop
  endfacet
  facet normal 0 0 1
    outer loop
      vertex -94.61229349178414 43.52179274798195 53.900000000000006
      vertex -94.72478445071621 44.275215549283786 53.900000000000006
      vertex -94.8 43.614359353944906 53.900000000000006
    endloop
  endfacet
  facet normal 0 0 1
    outer loop
      vertex -94.8 43.614359353944906 53.900000000000006
      vertex -94.72478445071621 44.275215549283786 53.900000000000006
      vertex -94.81318717379851 44.37601953526607 53.900000000000006
    endloop
  endfacet
  facet normal 0 0 1
    outer loop
      vertex -94.61229349178414 43.52179274798195 53.900000000000006
      vertex -94.62398046473393 44.186812826201475 53.900000000000006
      vertex -94.72478445071621 44.275215549283786 53.900000000000006
    endloop
  endfacet
  facet normal 0 0 1
    outer loop
      vertex -94.61229349178414 43.52179274798195 53.900000000000006
      vertex -94.5125 44.11232396112095 53.900000000000006
      vertex -94.62398046473393 44.186812826201475 53.900000000000006
    endloop
  endfacet
  facet normal 0 0 1
    outer loop
      vertex -94.97401828641395 43.73063465553403 53.900000000000006
      vertex -94.88767603887905 44.4875 53.900000000000006
      vertex -94.94697652082407 44.60774948182578 53.900000000000006
    endloop
  endfacet
  facet normal 0 0 1
    outer loop
      vertex -94.8 43.614359353944906 53.900000000000006
      vertex -94.81318717379851 44.37601953526607 53.900000000000006
      vertex -94.88767603887905 44.4875 53.900000000000006
    endloop
  endfacet
  facet normal 0 0 1
    outer loop
      vertex -94.97401828641395 43.73063465553403 53.900000000000006
      vertex -94.94697652082407 44.60774948182578 53.900000000000006
      vertex -94.9900739719463 44.73471047876993 53.900000000000006
    endloop
  endfacet
  facet normal 0 0 1
    outer loop
      vertex -94.97401828641395 43.73063465553403 53.900000000000006
      vertex -94.9900739719463 44.73471047876993 53.900000000000006
      vertex -95.01623098290816 44.866210652974445 53.900000000000006
    endloop
  endfacet
  facet normal 0 0 1
    outer loop
      vertex -95.47820725201805 44.38770650821586 53.900000000000006
      vertex -95.54548132206251 45.414110472164026 53.900000000000006
      vertex -95.54548132206251 44.585889527835974 53.900000000000006
    endloop
  endfacet
  facet normal 0 0 1
    outer loop
      vertex -95.26936534446598 44.02598171358605 53.900000000000006
      vertex -95.38564064605511 45.8 53.900000000000006
      vertex -95.38564064605511 44.2 53.900000000000006
    endloop
  endfacet
  facet normal 0 0 1
    outer loop
      vertex -95.38564064605511 44.2 53.900000000000006
      vertex -95.47820725201805 45.61229349178414 53.900000000000006
      vertex -95.47820725201805 44.38770650821586 53.900000000000006
    endloop
  endfacet
  facet normal 0 0 1
    outer loop
      vertex -95.13137084989847 43.868629150101526 53.900000000000006
      vertex -95.26936534446598 45.97401828641395 53.900000000000006
      vertex -95.26936534446598 44.02598171358605 53.900000000000006
    endloop
  endfacet
  facet normal 0 0 1
    outer loop
      vertex -94.97401828641395 43.73063465553403 53.900000000000006
      vertex -95.13137084989847 46.131370849898474 53.900000000000006
      vertex -95.13137084989847 43.868629150101526 53.900000000000006
    endloop
  endfacet
  facet normal 0 0 1
    outer loop
      vertex -95.54548132206251 44.585889527835974 53.900000000000006
      vertex -95.5863117781981 45.208841907552085 53.900000000000006
      vertex -95.5863117781981 44.791158092447915 53.900000000000006
    endloop
  endfacet
  facet normal 0 0 1
    outer loop
      vertex -95.5863117781981 44.791158092447915 53.900000000000006
      vertex -95.5863117781981 45.208841907552085 53.900000000000006
      vertex -95.6 45 53.900000000000006
    endloop
  endfacet
  facet normal 0 0 1
    outer loop
      vertex -95.54548132206251 44.585889527835974 53.900000000000006
      vertex -95.54548132206251 45.414110472164026 53.900000000000006
      vertex -95.5863117781981 45.208841907552085 53.900000000000006
    endloop
  endfacet
  facet normal 0 0 1
    outer loop
      vertex -95.47820725201805 44.38770650821586 53.900000000000006
      vertex -95.47820725201805 45.61229349178414 53.900000000000006
      vertex -95.54548132206251 45.414110472164026 53.900000000000006
    endloop
  endfacet
  facet normal 0 0 1
    outer loop
      vertex -94.97401828641395 43.73063465553403 53.900000000000006
      vertex -95.01623098290816 44.866210652974445 53.900000000000006
      vertex -95.025 45 53.900000000000006
    endloop
  endfacet
  facet normal 0 0 1
    outer loop
      vertex -94.97401828641395 43.73063465553403 53.900000000000006
      vertex -95.025 45 53.900000000000006
      vertex -95.13137084989847 46.131370849898474 53.900000000000006
    endloop
  endfacet
  facet normal 0 0 1
    outer loop
      vertex -94.41411047216403 43.4545186779375 53.900000000000006
      vertex -94.39225051817422 44.053023479175934 53.900000000000006
      vertex -94.5125 44.11232396112095 53.900000000000006
    endloop
  endfacet
  facet normal 0 0 1
    outer loop
      vertex -94.41411047216403 43.4545186779375 53.900000000000006
      vertex -94.26528952123009 44.00992602805371 53.900000000000006
      vertex -94.39225051817422 44.053023479175934 53.900000000000006
    endloop
  endfacet
  facet normal 0 0 1
    outer loop
      vertex -94.20884190755208 43.413688221801905 53.900000000000006
      vertex -94.13378934702556 43.983769017091845 53.900000000000006
      vertex -94.26528952123009 44.00992602805371 53.900000000000006
    endloop
  endfacet
  facet normal 0 0 1
    outer loop
      vertex -94 43.400000000000006 53.900000000000006
      vertex -94 43.974999999999994 53.900000000000006
      vertex -94.13378934702556 43.983769017091845 53.900000000000006
    endloop
  endfacet
  facet normal 0 0 1
    outer loop
      vertex -94 43.400000000000006 53.900000000000006
      vertex -93.86621065297444 43.983769017091845 53.900000000000006
      vertex -94 43.974999999999994 53.900000000000006
    endloop
  endfacet
  facet normal 0 0 1
    outer loop
      vertex -93.58588952783597 43.4545186779375 53.900000000000006
      vertex -93.73471047876991 44.00992602805371 53.900000000000006
      vertex -93.86621065297444 43.983769017091845 53.900000000000006
    endloop
  endfacet
  facet normal 0 0 1
    outer loop
      vertex -93.58588952783597 43.4545186779375 53.900000000000006
      vertex -93.60774948182578 44.053023479175934 53.900000000000006
      vertex -93.73471047876991 44.00992602805371 53.900000000000006
    endloop
  endfacet
  facet normal 0 0 1
    outer loop
      vertex -93.38770650821586 43.52179274798195 53.900000000000006
      vertex -93.4875 44.11232396112095 53.900000000000006
      vertex -93.60774948182578 44.053023479175934 53.900000000000006
    endloop
  endfacet
  facet normal 0 0 1
    outer loop
      vertex -95.38564064605511 44.2 53.900000000000006
      vertex -95.38564064605511 45.8 53.900000000000006
      vertex -95.47820725201805 45.61229349178414 53.900000000000006
    endloop
  endfacet
  facet normal 0 0 1
    outer loop
      vertex -95.26936534446598 44.02598171358605 53.900000000000006
      vertex -95.26936534446598 45.97401828641395 53.900000000000006
      vertex -95.38564064605511 45.8 53.900000000000006
    endloop
  endfacet
  facet normal 0 0 1
    outer loop
      vertex -95.13137084989847 43.868629150101526 53.900000000000006
      vertex -95.13137084989847 46.131370849898474 53.900000000000006
      vertex -95.26936534446598 45.97401828641395 53.900000000000006
    endloop
  endfacet
  facet normal 0 0 1
    outer loop
      vertex -95.025 45 53.900000000000006
      vertex -95.01623098290816 45.133789347025555 53.900000000000006
      vertex -95.13137084989847 46.131370849898474 53.900000000000006
    endloop
  endfacet
  facet normal 0 0 1
    outer loop
      vertex -95.01623098290816 45.133789347025555 53.900000000000006
      vertex -94.9900739719463 45.26528952123007 53.900000000000006
      vertex -95.13137084989847 46.131370849898474 53.900000000000006
    endloop
  endfacet
  facet normal 0 0 1
    outer loop
      vertex -94.9900739719463 45.26528952123007 53.900000000000006
      vertex -94.94697652082407 45.39225051817422 53.900000000000006
      vertex -95.13137084989847 46.131370849898474 53.900000000000006
    endloop
  endfacet
  facet normal 0 0 1
    outer loop
      vertex -94.94697652082407 45.39225051817422 53.900000000000006
      vertex -94.88767603887905 45.5125 53.900000000000006
      vertex -94.97401828641395 46.26936534446597 53.900000000000006
    endloop
  endfacet
  facet normal 0 0 1
    outer loop
      vertex -94.88767603887905 45.5125 53.900000000000006
      vertex -94.81318717379851 45.62398046473393 53.900000000000006
      vertex -94.97401828641395 46.26936534446597 53.900000000000006
    endloop
  endfacet
  facet normal 0 0 1
    outer loop
      vertex -94.81318717379851 45.62398046473393 53.900000000000006
      vertex -94.72478445071621 45.724784450716214 53.900000000000006
      vertex -94.97401828641395 46.26936534446597 53.900000000000006
    endloop
  endfacet
  facet normal 0 0 1
    outer loop
      vertex -94.94697652082407 45.39225051817422 53.900000000000006
      vertex -94.97401828641395 46.26936534446597 53.900000000000006
      vertex -95.13137084989847 46.131370849898474 53.900000000000006
    endloop
  endfacet
  facet normal 0 0 1
    outer loop
      vertex -94.72478445071621 45.724784450716214 53.900000000000006
      vertex -94.8 46.385640646055094 53.900000000000006
      vertex -94.97401828641395 46.26936534446597 53.900000000000006
    endloop
  endfacet
  facet normal 0 0 1
    outer loop
      vertex -94.72478445071621 45.724784450716214 53.900000000000006
      vertex -94.62398046473393 45.813187173798525 53.900000000000006
      vertex -94.8 46.385640646055094 53.900000000000006
    endloop
  endfacet
  facet normal 0 0 1
    outer loop
      vertex -94.62398046473393 45.813187173798525 53.900000000000006
      vertex -94.5125 45.88767603887905 53.900000000000006
      vertex -94.8 46.385640646055094 53.900000000000006
    endloop
  endfacet
  facet normal 0 0 1
    outer loop
      vertex -94.8 46.385640646055094 53.900000000000006
      vertex -94.5125 45.88767603887905 53.900000000000006
      vertex -94.61229349178414 46.47820725201805 53.900000000000006
    endloop
  endfacet
  facet normal 0 0 1
    outer loop
      vertex -94.61229349178414 46.47820725201805 53.900000000000006
      vertex -94.5125 45.88767603887905 53.900000000000006
      vertex -94.39225051817422 45.946976520824066 53.900000000000006
    endloop
  endfacet
  facet normal 0 0 1
    outer loop
      vertex -94.39225051817422 45.946976520824066 53.900000000000006
      vertex -94.26528952123009 45.99007397194629 53.900000000000006
      vertex -94.41411047216403 46.5454813220625 53.900000000000006
    endloop
  endfacet
  facet normal 0 0 1
    outer loop
      vertex -94.26528952123009 45.99007397194629 53.900000000000006
      vertex -94.13378934702556 46.016230982908155 53.900000000000006
      vertex -94.41411047216403 46.5454813220625 53.900000000000006
    endloop
  endfacet
  facet normal 0 0 1
    outer loop
      vertex -94.13378934702556 46.016230982908155 53.900000000000006
      vertex -94 46.025000000000006 53.900000000000006
      vertex -94 46.599999999999994 53.900000000000006
    endloop
  endfacet
  facet normal 0 0 1
    outer loop
      vertex -94.61229349178414 46.47820725201805 53.900000000000006
      vertex -94.39225051817422 45.946976520824066 53.900000000000006
      vertex -94.41411047216403 46.5454813220625 53.900000000000006
    endloop
  endfacet
  facet normal 0 0 1
    outer loop
      vertex -94.13378934702556 46.016230982908155 53.900000000000006
      vertex -94.20884190755208 46.586311778198095 53.900000000000006
      vertex -94.41411047216403 46.5454813220625 53.900000000000006
    endloop
  endfacet
  facet normal 0 0 1
    outer loop
      vertex -94.13378934702556 46.016230982908155 53.900000000000006
      vertex -94 46.599999999999994 53.900000000000006
      vertex -94.20884190755208 46.586311778198095 53.900000000000006
    endloop
  endfacet
  facet normal 0 0 1
    outer loop
      vertex -94 46.025000000000006 53.900000000000006
      vertex -93.86621065297444 46.016230982908155 53.900000000000006
      vertex -94 46.599999999999994 53.900000000000006
    endloop
  endfacet
  facet normal 0 0 1
    outer loop
      vertex -93.86621065297444 46.016230982908155 53.900000000000006
      vertex -93.73471047876991 45.99007397194629 53.900000000000006
      vertex -93.79115809244792 46.586311778198095 53.900000000000006
    endloop
  endfacet
  facet normal 0 0 1
    outer loop
      vertex -93.60774948182578 45.946976520824066 53.900000000000006
      vertex -93.58588952783597 46.5454813220625 53.900000000000006
      vertex -93.73471047876991 45.99007397194629 53.900000000000006
    endloop
  endfacet
  facet normal 0 0 1
    outer loop
      vertex -93.60774948182578 45.946976520824066 53.900000000000006
      vertex -93.4875 45.88767603887905 53.900000000000006
      vertex -93.58588952783597 46.5454813220625 53.900000000000006
    endloop
  endfacet
  facet normal 0 0 1
    outer loop
      vertex -93.86621065297444 46.016230982908155 53.900000000000006
      vertex -93.79115809244792 46.586311778198095 53.900000000000006
      vertex -94 46.599999999999994 53.900000000000006
    endloop
  endfacet
  facet normal 0 0 1
    outer loop
      vertex -93.73471047876991 45.99007397194629 53.900000000000006
      vertex -93.58588952783597 46.5454813220625 53.900000000000006
      vertex -93.79115809244792 46.586311778198095 53.900000000000006
    endloop
  endfacet
  facet normal 0 0 1
    outer loop
      vertex -93.4875 45.88767603887905 53.900000000000006
      vertex -93.38770650821586 46.47820725201805 53.900000000000006
      vertex -93.58588952783597 46.5454813220625 53.900000000000006
    endloop
  endfacet
  facet normal 0 0 1
    outer loop
      vertex -93.2 43.614359353944906 53.900000000000006
      vertex -93.37601953526607 44.186812826201475 53.900000000000006
      vertex -93.4875 44.11232396112095 53.900000000000006
    endloop
  endfacet
  facet normal 0 0 1
    outer loop
      vertex -93.2 43.614359353944906 53.900000000000006
      vertex -93.27521554928379 44.275215549283786 53.900000000000006
      vertex -93.37601953526607 44.186812826201475 53.900000000000006
    endloop
  endfacet
  facet normal 0 0 1
    outer loop
      vertex -93.2 43.614359353944906 53.900000000000006
      vertex -93.02598171358605 43.73063465553403 53.900000000000006
      vertex -93.27521554928379 44.275215549283786 53.900000000000006
    endloop
  endfacet
  facet normal 0 0 1
    outer loop
      vertex -93.02598171358605 43.73063465553403 53.900000000000006
      vertex -92.86862915010153 43.868629150101526 53.900000000000006
      vertex -93.05302347917593 44.60774948182578 53.900000000000006
    endloop
  endfacet
  facet normal 0 0 1
    outer loop
      vertex -93.02598171358605 43.73063465553403 53.900000000000006
      vertex -93.18681282620149 44.37601953526607 53.900000000000006
      vertex -93.27521554928379 44.275215549283786 53.900000000000006
    endloop
  endfacet
  facet normal 0 0 1
    outer loop
      vertex -93.02598171358605 43.73063465553403 53.900000000000006
      vertex -93.11232396112095 44.4875 53.900000000000006
      vertex -93.18681282620149 44.37601953526607 53.900000000000006
    endloop
  endfacet
  facet normal 0 0 1
    outer loop
      vertex -93.02598171358605 43.73063465553403 53.900000000000006
      vertex -93.05302347917593 44.60774948182578 53.900000000000006
      vertex -93.11232396112095 44.4875 53.900000000000006
    endloop
  endfacet
  facet normal 0 0 1
    outer loop
      vertex -92.86862915010153 43.868629150101526 53.900000000000006
      vertex -93.0099260280537 44.73471047876993 53.900000000000006
      vertex -93.05302347917593 44.60774948182578 53.900000000000006
    endloop
  endfacet
  facet normal 0 0 1
    outer loop
      vertex -92.86862915010153 43.868629150101526 53.900000000000006
      vertex -92.98376901709184 44.866210652974445 53.900000000000006
      vertex -93.0099260280537 44.73471047876993 53.900000000000006
    endloop
  endfacet
  facet normal 0 0 1
    outer loop
      vertex -92.86862915010153 43.868629150101526 53.900000000000006
      vertex -92.975 45 53.900000000000006
      vertex -92.98376901709184 44.866210652974445 53.900000000000006
    endloop
  endfacet
  facet normal 0 0 1
    outer loop
      vertex -92.86862915010153 43.868629150101526 53.900000000000006
      vertex -93.02598171358605 46.26936534446597 53.900000000000006
      vertex -92.975 45 53.900000000000006
    endloop
  endfacet
  facet normal 0 0 1
    outer loop
      vertex -92.86862915010153 43.868629150101526 53.900000000000006
      vertex -92.73063465553402 44.02598171358605 53.900000000000006
      vertex -92.86862915010153 46.131370849898474 53.900000000000006
    endloop
  endfacet
  facet normal 0 0 1
    outer loop
      vertex -92.73063465553402 44.02598171358605 53.900000000000006
      vertex -92.61435935394489 44.2 53.900000000000006
      vertex -92.73063465553402 45.97401828641395 53.900000000000006
    endloop
  endfacet
  facet normal 0 0 1
    outer loop
      vertex -92.61435935394489 44.2 53.900000000000006
      vertex -92.52179274798195 44.38770650821586 53.900000000000006
      vertex -92.61435935394489 45.8 53.900000000000006
    endloop
  endfacet
  facet normal 0 0 1
    outer loop
      vertex -92.52179274798195 44.38770650821586 53.900000000000006
      vertex -92.45451867793749 44.585889527835974 53.900000000000006
      vertex -92.52179274798195 45.61229349178414 53.900000000000006
    endloop
  endfacet
  facet normal 0 0 1
    outer loop
      vertex -92.45451867793749 44.585889527835974 53.900000000000006
      vertex -92.4136882218019 44.791158092447915 53.900000000000006
      vertex -92.45451867793749 45.414110472164026 53.900000000000006
    endloop
  endfacet
  facet normal 0 0 1
    outer loop
      vertex -92.4136882218019 44.791158092447915 53.900000000000006
      vertex -92.4 45 53.900000000000006
      vertex -92.4136882218019 45.208841907552085 53.900000000000006
    endloop
  endfacet
  facet normal 0 0 1
    outer loop
      vertex -92.4136882218019 44.791158092447915 53.900000000000006
      vertex -92.4136882218019 45.208841907552085 53.900000000000006
      vertex -92.45451867793749 45.414110472164026 53.900000000000006
    endloop
  endfacet
  facet normal 0 0 1
    outer loop
      vertex -92.975 45 53.900000000000006
      vertex -93.02598171358605 46.26936534446597 53.900000000000006
      vertex -92.98376901709184 45.133789347025555 53.900000000000006
    endloop
  endfacet
  facet normal 0 0 1
    outer loop
      vertex -92.98376901709184 45.133789347025555 53.900000000000006
      vertex -93.02598171358605 46.26936534446597 53.900000000000006
      vertex -93.0099260280537 45.26528952123007 53.900000000000006
    endloop
  endfacet
  facet normal 0 0 1
    outer loop
      vertex -93.0099260280537 45.26528952123007 53.900000000000006
      vertex -93.02598171358605 46.26936534446597 53.900000000000006
      vertex -93.05302347917593 45.39225051817422 53.900000000000006
    endloop
  endfacet
  facet normal 0 0 1
    outer loop
      vertex -93.11232396112095 45.5125 53.900000000000006
      vertex -93.2 46.385640646055094 53.900000000000006
      vertex -93.18681282620149 45.62398046473393 53.900000000000006
    endloop
  endfacet
  facet normal 0 0 1
    outer loop
      vertex -93.11232396112095 45.5125 53.900000000000006
      vertex -93.05302347917593 45.39225051817422 53.900000000000006
      vertex -93.02598171358605 46.26936534446597 53.900000000000006
    endloop
  endfacet
  facet normal 0 0 1
    outer loop
      vertex -92.86862915010153 43.868629150101526 53.900000000000006
      vertex -92.86862915010153 46.131370849898474 53.900000000000006
      vertex -93.02598171358605 46.26936534446597 53.900000000000006
    endloop
  endfacet
  facet normal 0 0 1
    outer loop
      vertex -92.73063465553402 44.02598171358605 53.900000000000006
      vertex -92.73063465553402 45.97401828641395 53.900000000000006
      vertex -92.86862915010153 46.131370849898474 53.900000000000006
    endloop
  endfacet
  facet normal 0 0 1
    outer loop
      vertex -92.61435935394489 44.2 53.900000000000006
      vertex -92.61435935394489 45.8 53.900000000000006
      vertex -92.73063465553402 45.97401828641395 53.900000000000006
    endloop
  endfacet
  facet normal 0 0 1
    outer loop
      vertex -92.52179274798195 44.38770650821586 53.900000000000006
      vertex -92.52179274798195 45.61229349178414 53.900000000000006
      vertex -92.61435935394489 45.8 53.900000000000006
    endloop
  endfacet
  facet normal 0 0 1
    outer loop
      vertex -92.45451867793749 44.585889527835974 53.900000000000006
      vertex -92.45451867793749 45.414110472164026 53.900000000000006
      vertex -92.52179274798195 45.61229349178414 53.900000000000006
    endloop
  endfacet
  facet normal 0 0 1
    outer loop
      vertex -93.4875 45.88767603887905 53.900000000000006
      vertex -93.37601953526607 45.813187173798525 53.900000000000006
      vertex -93.38770650821586 46.47820725201805 53.900000000000006
    endloop
  endfacet
  facet normal 0 0 1
    outer loop
      vertex -93.37601953526607 45.813187173798525 53.900000000000006
      vertex -93.27521554928379 45.724784450716214 53.900000000000006
      vertex -93.38770650821586 46.47820725201805 53.900000000000006
    endloop
  endfacet
  facet normal 0 0 1
    outer loop
      vertex -93.27521554928379 45.724784450716214 53.900000000000006
      vertex -93.18681282620149 45.62398046473393 53.900000000000006
      vertex -93.2 46.385640646055094 53.900000000000006
    endloop
  endfacet
  facet normal 0 0 1
    outer loop
      vertex -93.27521554928379 45.724784450716214 53.900000000000006
      vertex -93.2 46.385640646055094 53.900000000000006
      vertex -93.38770650821586 46.47820725201805 53.900000000000006
    endloop
  endfacet
  facet normal 0 0 1
    outer loop
      vertex -93.11232396112095 45.5125 53.900000000000006
      vertex -93.02598171358605 46.26936534446597 53.900000000000006
      vertex -93.2 46.385640646055094 53.900000000000006
    endloop
  endfacet
  facet normal -0.7518398074789733 -0.6593458151000736 -1.1712334481829487e-15
    outer loop
      vertex -95.26936534446598 44.025981713586056 49.900000000000006
      vertex -95.13137084989847 43.868629150101526 49.900000000000006
      vertex -95.26936534446598 44.02598171358605 53.900000000000006
    endloop
  endfacet
  facet normal -0.8314696123025335 -0.5555702330196199 0
    outer loop
      vertex -95.38564064605511 44.2 49.900000000000006
      vertex -95.26936534446598 44.025981713586056 49.900000000000006
      vertex -95.38564064605511 44.2 53.900000000000006
    endloop
  endfacet
  facet normal -0.896872741532718 -0.44228869021894107 -7.856625398597946e-16
    outer loop
      vertex -95.47820725201805 44.387706508215864 49.900000000000006
      vertex -95.38564064605511 44.2 49.900000000000006
      vertex -95.47820725201805 44.38770650821586 53.900000000000006
    endloop
  endfacet
  facet normal -0.9469301294950887 -0.32143946530321166 0
    outer loop
      vertex -95.54548132206251 44.585889527835974 49.900000000000006
      vertex -95.47820725201805 44.387706508215864 49.900000000000006
      vertex -95.54548132206251 44.585889527835974 53.900000000000006
    endloop
  endfacet
  facet normal -0.9807852804032363 -0.1950903220160988 -3.4655002781409436e-16
    outer loop
      vertex -95.5863117781981 44.79115809244792 49.900000000000006
      vertex -95.54548132206251 44.585889527835974 49.900000000000006
      vertex -95.5863117781981 44.791158092447915 53.900000000000006
    endloop
  endfacet
  facet normal -0.9978589232386045 -0.06540312923012709 0
    outer loop
      vertex -95.6 45 49.900000000000006
      vertex -95.5863117781981 44.79115809244792 49.900000000000006
      vertex -95.6 45 53.900000000000006
    endloop
  endfacet
  facet normal 0.9469301294950887 0.32143946530321166 0
    outer loop
      vertex -92.45451867793749 45.414110472164026 49.900000000000006
      vertex -92.52179274798195 45.612293491784136 49.900000000000006
      vertex -92.45451867793749 45.414110472164026 53.900000000000006
    endloop
  endfacet
  facet normal 0.896872741532718 0.44228869021894107 -7.856625398597946e-16
    outer loop
      vertex -92.52179274798195 45.612293491784136 49.900000000000006
      vertex -92.61435935394489 45.8 49.900000000000006
      vertex -92.52179274798195 45.61229349178414 53.900000000000006
    endloop
  endfacet
  facet normal 0.8314696123025335 0.5555702330196199 0
    outer loop
      vertex -92.61435935394489 45.8 49.900000000000006
      vertex -92.73063465553402 45.974018286413944 49.900000000000006
      vertex -92.61435935394489 45.8 53.900000000000006
    endloop
  endfacet
  facet normal 0.7518398074789733 0.6593458151000736 -1.1712334481829487e-15
    outer loop
      vertex -92.73063465553402 45.974018286413944 49.900000000000006
      vertex -92.86862915010153 46.131370849898474 49.900000000000006
      vertex -92.73063465553402 45.97401828641395 53.900000000000006
    endloop
  endfacet
  facet normal -0.8314696123025438 -0.5555702330196042 -9.868909831915647e-16
    outer loop
      vertex -95.26936534446598 44.02598171358605 53.900000000000006
      vertex -95.38564064605511 44.2 53.900000000000006
      vertex -95.26936534446598 44.025981713586056 49.900000000000006
    endloop
  endfacet
  facet normal -0.9469301294950921 -0.3214394653032013 -5.709911926445011e-16
    outer loop
      vertex -95.47820725201805 44.38770650821586 53.900000000000006
      vertex -95.54548132206251 44.585889527835974 53.900000000000006
      vertex -95.47820725201805 44.387706508215864 49.900000000000006
    endloop
  endfacet
  facet normal -0.9978589232386047 -0.06540312923012488 -1.160405518318938e-16
    outer loop
      vertex -95.6 45 53.900000000000006
      vertex -95.5863117781981 44.79115809244792 49.900000000000006
      vertex -95.5863117781981 44.791158092447915 53.900000000000006
    endloop
  endfacet
  facet normal 0.9469301294950921 0.3214394653032013 -5.709911926445011e-16
    outer loop
      vertex -92.52179274798195 45.61229349178414 53.900000000000006
      vertex -92.45451867793749 45.414110472164026 53.900000000000006
      vertex -92.52179274798195 45.612293491784136 49.900000000000006
    endloop
  endfacet
  facet normal 0.8314696123025438 0.5555702330196042 -9.868909831915647e-16
    outer loop
      vertex -92.73063465553402 45.97401828641395 53.900000000000006
      vertex -92.61435935394489 45.8 53.900000000000006
      vertex -92.73063465553402 45.974018286413944 49.900000000000006
    endloop
  endfacet
  facet normal 0.831469612302505 0.5555702330196624 0
    outer loop
      vertex -94.81318717379851 44.37601953526607 49.900000000000006
      vertex -94.88767603887905 44.4875 49.900000000000006
      vertex -94.88767603887905 44.4875 53.900000000000006
    endloop
  endfacet
  facet normal 0.6593458151000606 0.7518398074789846 0
    outer loop
      vertex -94.72478445071621 44.275215549283786 49.900000000000006
      vertex -94.72478445071621 44.275215549283786 53.900000000000006
      vertex -94.62398046473393 44.186812826201475 49.900000000000006
    endloop
  endfacet
  facet normal 0.5555702330195891 0.8314696123025541 0
    outer loop
      vertex -94.62398046473393 44.186812826201475 49.900000000000006
      vertex -94.62398046473393 44.186812826201475 53.900000000000006
      vertex -94.5125 44.11232396112095 49.900000000000006
    endloop
  endfacet
  facet normal 0.7518398074790372 0.6593458151000008 0
    outer loop
      vertex -94.81318717379851 44.37601953526607 49.900000000000006
      vertex -94.81318717379851 44.37601953526607 53.900000000000006
      vertex -94.72478445071621 44.275215549283786 49.900000000000006
    endloop
  endfacet
  facet normal 0.8968727415326949 0.44228869021898776 0
    outer loop
      vertex -94.94697652082407 44.60774948182578 49.900000000000006
      vertex -94.94697652082407 44.60774948182578 53.900000000000006
      vertex -94.88767603887905 44.4875 49.900000000000006
    endloop
  endfacet
  facet normal 0.9469301294950953 0.3214394653031919 0
    outer loop
      vertex -94.94697652082407 44.60774948182578 49.900000000000006
      vertex -94.9900739719463 44.73471047876993 49.900000000000006
      vertex -94.9900739719463 44.73471047876993 53.900000000000006
    endloop
  endfacet
  facet normal 0.9807852804032375 0.1950903220160925 0
    outer loop
      vertex -94.9900739719463 44.73471047876993 49.900000000000006
      vertex -95.01623098290816 44.866210652974445 49.900000000000006
      vertex -95.01623098290816 44.866210652974445 53.900000000000006
    endloop
  endfacet
  facet normal 0.9978589232386006 0.06540312923018876 0
    outer loop
      vertex -95.01623098290816 44.866210652974445 49.900000000000006
      vertex -95.025 45 49.900000000000006
      vertex -95.025 45 53.900000000000006
    endloop
  endfacet
  facet normal 0.9978589232386006 -0.06540312923018876 0
    outer loop
      vertex -95.025 45 49.900000000000006
      vertex -95.01623098290816 45.133789347025555 49.900000000000006
      vertex -95.01623098290816 45.133789347025555 53.900000000000006
    endloop
  endfacet
  facet normal 0.44228869021898776 0.8968727415326949 0
    outer loop
      vertex -94.39225051817422 44.053023479175934 49.900000000000006
      vertex -94.5125 44.11232396112095 49.900000000000006
      vertex -94.5125 44.11232396112095 53.900000000000006
    endloop
  endfacet
  facet normal 0.32143946530312917 0.9469301294951167 0
    outer loop
      vertex -94.39225051817422 44.053023479175934 49.900000000000006
      vertex -94.39225051817422 44.053023479175934 53.900000000000006
      vertex -94.26528952123009 44.00992602805371 49.900000000000006
    endloop
  endfacet
  facet normal 0.19509032201617416 0.9807852804032213 0
    outer loop
      vertex -94.26528952123009 44.00992602805371 49.900000000000006
      vertex -94.26528952123009 44.00992602805371 53.900000000000006
      vertex -94.13378934702556 43.983769017091845 49.900000000000006
    endloop
  endfacet
  facet normal 0.06540312923018876 0.9978589232386006 0
    outer loop
      vertex -94.13378934702556 43.983769017091845 49.900000000000006
      vertex -94.13378934702556 43.983769017091845 53.900000000000006
      vertex -94 43.974999999999994 49.900000000000006
    endloop
  endfacet
  facet normal -0.06540312923018876 0.9978589232386006 0
    outer loop
      vertex -94 43.974999999999994 49.900000000000006
      vertex -94 43.974999999999994 53.900000000000006
      vertex -93.86621065297444 43.983769017091845 49.900000000000006
    endloop
  endfacet
  facet normal -0.19509032201617416 0.9807852804032213 0
    outer loop
      vertex -93.86621065297444 43.983769017091845 49.900000000000006
      vertex -93.86621065297444 43.983769017091845 53.900000000000006
      vertex -93.73471047876991 44.00992602805371 49.900000000000006
    endloop
  endfacet
  facet normal -0.32143946530312917 0.9469301294951167 0
    outer loop
      vertex -93.73471047876991 44.00992602805371 49.900000000000006
      vertex -93.73471047876991 44.00992602805371 53.900000000000006
      vertex -93.60774948182578 44.053023479175934 49.900000000000006
    endloop
  endfacet
  facet normal -0.44228869021898776 0.8968727415326949 0
    outer loop
      vertex -93.60774948182578 44.053023479175934 49.900000000000006
      vertex -93.60774948182578 44.053023479175934 53.900000000000006
      vertex -93.4875 44.11232396112095 49.900000000000006
    endloop
  endfacet
  facet normal 0.9807852804032375 -0.1950903220160925 0
    outer loop
      vertex -95.01623098290816 45.133789347025555 49.900000000000006
      vertex -94.9900739719463 45.26528952123007 49.900000000000006
      vertex -94.9900739719463 45.26528952123007 53.900000000000006
    endloop
  endfacet
  facet normal 0.9469301294950953 -0.3214394653031919 0
    outer loop
      vertex -94.9900739719463 45.26528952123007 49.900000000000006
      vertex -94.94697652082407 45.39225051817422 49.900000000000006
      vertex -94.94697652082407 45.39225051817422 53.900000000000006
    endloop
  endfacet
  facet normal 0.8968727415326949 -0.44228869021898776 0
    outer loop
      vertex -94.94697652082407 45.39225051817422 49.900000000000006
      vertex -94.88767603887905 45.5125 49.900000000000006
      vertex -94.88767603887905 45.5125 53.900000000000006
    endloop
  endfacet
  facet normal 0.831469612302505 -0.5555702330196624 0
    outer loop
      vertex -94.88767603887905 45.5125 49.900000000000006
      vertex -94.81318717379851 45.62398046473393 49.900000000000006
      vertex -94.81318717379851 45.62398046473393 53.900000000000006
    endloop
  endfacet
  facet normal 0.7518398074790372 -0.6593458151000008 0
    outer loop
      vertex -94.81318717379851 45.62398046473393 49.900000000000006
      vertex -94.72478445071621 45.724784450716214 49.900000000000006
      vertex -94.72478445071621 45.724784450716214 53.900000000000006
    endloop
  endfacet
  facet normal 0.6593458151000606 -0.7518398074789846 0
    outer loop
      vertex -94.72478445071621 45.724784450716214 49.900000000000006
      vertex -94.62398046473393 45.813187173798525 49.900000000000006
      vertex -94.62398046473393 45.813187173798525 53.900000000000006
    endloop
  endfacet
  facet normal 0.5555702330195891 -0.8314696123025541 0
    outer loop
      vertex -94.62398046473393 45.813187173798525 49.900000000000006
      vertex -94.5125 45.88767603887905 49.900000000000006
      vertex -94.5125 45.88767603887905 53.900000000000006
    endloop
  endfacet
  facet normal 0.44228869021898776 -0.8968727415326949 0
    outer loop
      vertex -94.5125 45.88767603887905 49.900000000000006
      vertex -94.39225051817422 45.946976520824066 49.900000000000006
      vertex -94.39225051817422 45.946976520824066 53.900000000000006
    endloop
  endfacet
  facet normal 0.32143946530312917 -0.9469301294951167 0
    outer loop
      vertex -94.39225051817422 45.946976520824066 49.900000000000006
      vertex -94.26528952123009 45.99007397194629 49.900000000000006
      vertex -94.26528952123009 45.99007397194629 53.900000000000006
    endloop
  endfacet
  facet normal 0.19509032201617416 -0.9807852804032213 0
    outer loop
      vertex -94.26528952123009 45.99007397194629 49.900000000000006
      vertex -94.13378934702556 46.016230982908155 49.900000000000006
      vertex -94.13378934702556 46.016230982908155 53.900000000000006
    endloop
  endfacet
  facet normal 0.06540312923018876 -0.9978589232386006 0
    outer loop
      vertex -94.13378934702556 46.016230982908155 49.900000000000006
      vertex -94 46.025000000000006 49.900000000000006
      vertex -94 46.025000000000006 53.900000000000006
    endloop
  endfacet
  facet normal -0.06540312923018876 -0.9978589232386006 0
    outer loop
      vertex -94 46.025000000000006 49.900000000000006
      vertex -93.86621065297444 46.016230982908155 49.900000000000006
      vertex -93.86621065297444 46.016230982908155 53.900000000000006
    endloop
  endfacet
  facet normal -0.19509032201617416 -0.9807852804032213 0
    outer loop
      vertex -93.86621065297444 46.016230982908155 49.900000000000006
      vertex -93.73471047876991 45.99007397194629 49.900000000000006
      vertex -93.73471047876991 45.99007397194629 53.900000000000006
    endloop
  endfacet
  facet normal -0.32143946530312917 -0.9469301294951167 0
    outer loop
      vertex -93.60774948182578 45.946976520824066 49.900000000000006
      vertex -93.60774948182578 45.946976520824066 53.900000000000006
      vertex -93.73471047876991 45.99007397194629 49.900000000000006
    endloop
  endfacet
  facet normal -0.44228869021898776 -0.8968727415326949 0
    outer loop
      vertex -93.60774948182578 45.946976520824066 49.900000000000006
      vertex -93.4875 45.88767603887905 49.900000000000006
      vertex -93.4875 45.88767603887905 53.900000000000006
    endloop
  endfacet
  facet normal -0.5555702330195891 0.8314696123025541 0
    outer loop
      vertex -93.4875 44.11232396112095 49.900000000000006
      vertex -93.4875 44.11232396112095 53.900000000000006
      vertex -93.37601953526607 44.186812826201475 49.900000000000006
    endloop
  endfacet
  facet normal -0.6593458151000606 0.7518398074789846 0
    outer loop
      vertex -93.37601953526607 44.186812826201475 49.900000000000006
      vertex -93.37601953526607 44.186812826201475 53.900000000000006
      vertex -93.27521554928379 44.275215549283786 49.900000000000006
    endloop
  endfacet
  facet normal -0.7518398074790372 0.6593458151000008 0
    outer loop
      vertex -93.27521554928379 44.275215549283786 49.900000000000006
      vertex -93.27521554928379 44.275215549283786 53.900000000000006
      vertex -93.18681282620149 44.37601953526607 49.900000000000006
    endloop
  endfacet
  facet normal -0.831469612302505 0.5555702330196624 0
    outer loop
      vertex -93.18681282620149 44.37601953526607 49.900000000000006
      vertex -93.18681282620149 44.37601953526607 53.900000000000006
      vertex -93.11232396112095 44.4875 49.900000000000006
    endloop
  endfacet
  facet normal -0.8968727415326949 0.44228869021898776 0
    outer loop
      vertex -93.11232396112095 44.4875 49.900000000000006
      vertex -93.11232396112095 44.4875 53.900000000000006
      vertex -93.05302347917593 44.60774948182578 49.900000000000006
    endloop
  endfacet
  facet normal -0.9469301294950953 0.3214394653031919 0
    outer loop
      vertex -93.05302347917593 44.60774948182578 49.900000000000006
      vertex -93.05302347917593 44.60774948182578 53.900000000000006
      vertex -93.0099260280537 44.73471047876993 49.900000000000006
    endloop
  endfacet
  facet normal -0.9807852804032375 0.1950903220160925 0
    outer loop
      vertex -93.0099260280537 44.73471047876993 49.900000000000006
      vertex -93.0099260280537 44.73471047876993 53.900000000000006
      vertex -92.98376901709184 44.866210652974445 49.900000000000006
    endloop
  endfacet
  facet normal -0.9978589232386006 0.06540312923018876 0
    outer loop
      vertex -92.98376901709184 44.866210652974445 49.900000000000006
      vertex -92.98376901709184 44.866210652974445 53.900000000000006
      vertex -92.975 45 49.900000000000006
    endloop
  endfacet
  facet normal -0.9978589232386006 -0.06540312923018876 0
    outer loop
      vertex -92.975 45 49.900000000000006
      vertex -92.975 45 53.900000000000006
      vertex -92.98376901709184 45.133789347025555 49.900000000000006
    endloop
  endfacet
  facet normal -0.9807852804032375 -0.1950903220160925 0
    outer loop
      vertex -92.98376901709184 45.133789347025555 49.900000000000006
      vertex -92.98376901709184 45.133789347025555 53.900000000000006
      vertex -93.0099260280537 45.26528952123007 49.900000000000006
    endloop
  endfacet
  facet normal -0.9469301294950953 -0.3214394653031919 0
    outer loop
      vertex -93.0099260280537 45.26528952123007 49.900000000000006
      vertex -93.0099260280537 45.26528952123007 53.900000000000006
      vertex -93.05302347917593 45.39225051817422 49.900000000000006
    endloop
  endfacet
  facet normal -0.8968727415326949 -0.44228869021898776 0
    outer loop
      vertex -93.11232396112095 45.5125 49.900000000000006
      vertex -93.05302347917593 45.39225051817422 49.900000000000006
      vertex -93.05302347917593 45.39225051817422 53.900000000000006
    endloop
  endfacet
  facet normal -0.7518398074790372 -0.6593458151000008 0
    outer loop
      vertex -93.27521554928379 45.724784450716214 49.900000000000006
      vertex -93.18681282620149 45.62398046473393 49.900000000000006
      vertex -93.18681282620149 45.62398046473393 53.900000000000006
    endloop
  endfacet
  facet normal -0.5555702330195891 -0.8314696123025541 0
    outer loop
      vertex -93.4875 45.88767603887905 49.900000000000006
      vertex -93.37601953526607 45.813187173798525 49.900000000000006
      vertex -93.37601953526607 45.813187173798525 53.900000000000006
    endloop
  endfacet
  facet normal -0.6593458151000606 -0.7518398074789846 0
    outer loop
      vertex -93.37601953526607 45.813187173798525 49.900000000000006
      vertex -93.27521554928379 45.724784450716214 49.900000000000006
      vertex -93.27521554928379 45.724784450716214 53.900000000000006
    endloop
  endfacet
  facet normal -0.831469612302505 -0.5555702330196624 0
    outer loop
      vertex -93.11232396112095 45.5125 49.900000000000006
      vertex -93.11232396112095 45.5125 53.900000000000006
      vertex -93.18681282620149 45.62398046473393 49.900000000000006
    endloop
  endfacet
  facet normal 0.831469612302505 0.5555702330196624 0
    outer loop
      vertex -94.81318717379851 44.37601953526607 49.900000000000006
      vertex -94.88767603887905 44.4875 53.900000000000006
      vertex -94.81318717379851 44.37601953526607 53.900000000000006
    endloop
  endfacet
  facet normal 0.5555702330195891 0.8314696123025541 0
    outer loop
      vertex -94.5125 44.11232396112095 49.900000000000006
      vertex -94.62398046473393 44.186812826201475 53.900000000000006
      vertex -94.5125 44.11232396112095 53.900000000000006
    endloop
  endfacet
  facet normal 0.6593458151000606 0.7518398074789846 0
    outer loop
      vertex -94.62398046473393 44.186812826201475 49.900000000000006
      vertex -94.72478445071621 44.275215549283786 53.900000000000006
      vertex -94.62398046473393 44.186812826201475 53.900000000000006
    endloop
  endfacet
  facet normal 0.7518398074790372 0.6593458151000008 0
    outer loop
      vertex -94.72478445071621 44.275215549283786 49.900000000000006
      vertex -94.81318717379851 44.37601953526607 53.900000000000006
      vertex -94.72478445071621 44.275215549283786 53.900000000000006
    endloop
  endfacet
  facet normal 0.8968727415326949 0.44228869021898776 0
    outer loop
      vertex -94.88767603887905 44.4875 49.900000000000006
      vertex -94.94697652082407 44.60774948182578 53.900000000000006
      vertex -94.88767603887905 44.4875 53.900000000000006
    endloop
  endfacet
  facet normal 0.9469301294950953 0.3214394653031919 0
    outer loop
      vertex -94.94697652082407 44.60774948182578 49.900000000000006
      vertex -94.9900739719463 44.73471047876993 53.900000000000006
      vertex -94.94697652082407 44.60774948182578 53.900000000000006
    endloop
  endfacet
  facet normal 0.9807852804032375 0.1950903220160925 0
    outer loop
      vertex -94.9900739719463 44.73471047876993 49.900000000000006
      vertex -95.01623098290816 44.866210652974445 53.900000000000006
      vertex -94.9900739719463 44.73471047876993 53.900000000000006
    endloop
  endfacet
  facet normal 0.9978589232386006 0.06540312923018876 0
    outer loop
      vertex -95.01623098290816 44.866210652974445 49.900000000000006
      vertex -95.025 45 53.900000000000006
      vertex -95.01623098290816 44.866210652974445 53.900000000000006
    endloop
  endfacet
  facet normal 0.9978589232386006 -0.06540312923018876 0
    outer loop
      vertex -95.025 45 49.900000000000006
      vertex -95.01623098290816 45.133789347025555 53.900000000000006
      vertex -95.025 45 53.900000000000006
    endloop
  endfacet
  facet normal 0.44228869021898776 0.8968727415326949 0
    outer loop
      vertex -94.39225051817422 44.053023479175934 49.900000000000006
      vertex -94.5125 44.11232396112095 53.900000000000006
      vertex -94.39225051817422 44.053023479175934 53.900000000000006
    endloop
  endfacet
  facet normal 0.32143946530312917 0.9469301294951167 0
    outer loop
      vertex -94.26528952123009 44.00992602805371 49.900000000000006
      vertex -94.39225051817422 44.053023479175934 53.900000000000006
      vertex -94.26528952123009 44.00992602805371 53.900000000000006
    endloop
  endfacet
  facet normal 0.19509032201617416 0.9807852804032213 0
    outer loop
      vertex -94.13378934702556 43.983769017091845 49.900000000000006
      vertex -94.26528952123009 44.00992602805371 53.900000000000006
      vertex -94.13378934702556 43.983769017091845 53.900000000000006
    endloop
  endfacet
  facet normal 0.06540312923018876 0.9978589232386006 0
    outer loop
      vertex -94 43.974999999999994 49.900000000000006
      vertex -94.13378934702556 43.983769017091845 53.900000000000006
      vertex -94 43.974999999999994 53.900000000000006
    endloop
  endfacet
  facet normal -0.06540312923018876 0.9978589232386006 0
    outer loop
      vertex -93.86621065297444 43.983769017091845 49.900000000000006
      vertex -94 43.974999999999994 53.900000000000006
      vertex -93.86621065297444 43.983769017091845 53.900000000000006
    endloop
  endfacet
  facet normal -0.19509032201617416 0.9807852804032213 0
    outer loop
      vertex -93.73471047876991 44.00992602805371 49.900000000000006
      vertex -93.86621065297444 43.983769017091845 53.900000000000006
      vertex -93.73471047876991 44.00992602805371 53.900000000000006
    endloop
  endfacet
  facet normal -0.32143946530312917 0.9469301294951167 0
    outer loop
      vertex -93.60774948182578 44.053023479175934 49.900000000000006
      vertex -93.73471047876991 44.00992602805371 53.900000000000006
      vertex -93.60774948182578 44.053023479175934 53.900000000000006
    endloop
  endfacet
  facet normal -0.44228869021898776 0.8968727415326949 0
    outer loop
      vertex -93.4875 44.11232396112095 49.900000000000006
      vertex -93.60774948182578 44.053023479175934 53.900000000000006
      vertex -93.4875 44.11232396112095 53.900000000000006
    endloop
  endfacet
  facet normal 0.9807852804032375 -0.1950903220160925 0
    outer loop
      vertex -95.01623098290816 45.133789347025555 49.900000000000006
      vertex -94.9900739719463 45.26528952123007 53.900000000000006
      vertex -95.01623098290816 45.133789347025555 53.900000000000006
    endloop
  endfacet
  facet normal 0.9469301294950953 -0.3214394653031919 0
    outer loop
      vertex -94.9900739719463 45.26528952123007 49.900000000000006
      vertex -94.94697652082407 45.39225051817422 53.900000000000006
      vertex -94.9900739719463 45.26528952123007 53.900000000000006
    endloop
  endfacet
  facet normal 0.8968727415326949 -0.44228869021898776 0
    outer loop
      vertex -94.94697652082407 45.39225051817422 49.900000000000006
      vertex -94.88767603887905 45.5125 53.900000000000006
      vertex -94.94697652082407 45.39225051817422 53.900000000000006
    endloop
  endfacet
  facet normal 0.831469612302505 -0.5555702330196624 0
    outer loop
      vertex -94.88767603887905 45.5125 49.900000000000006
      vertex -94.81318717379851 45.62398046473393 53.900000000000006
      vertex -94.88767603887905 45.5125 53.900000000000006
    endloop
  endfacet
  facet normal 0.7518398074790372 -0.6593458151000008 0
    outer loop
      vertex -94.81318717379851 45.62398046473393 49.900000000000006
      vertex -94.72478445071621 45.724784450716214 53.900000000000006
      vertex -94.81318717379851 45.62398046473393 53.900000000000006
    endloop
  endfacet
  facet normal 0.6593458151000606 -0.7518398074789846 0
    outer loop
      vertex -94.72478445071621 45.724784450716214 49.900000000000006
      vertex -94.62398046473393 45.813187173798525 53.900000000000006
      vertex -94.72478445071621 45.724784450716214 53.900000000000006
    endloop
  endfacet
  facet normal 0.5555702330195891 -0.8314696123025541 0
    outer loop
      vertex -94.62398046473393 45.813187173798525 49.900000000000006
      vertex -94.5125 45.88767603887905 53.900000000000006
      vertex -94.62398046473393 45.813187173798525 53.900000000000006
    endloop
  endfacet
  facet normal 0.44228869021898776 -0.8968727415326949 0
    outer loop
      vertex -94.5125 45.88767603887905 49.900000000000006
      vertex -94.39225051817422 45.946976520824066 53.900000000000006
      vertex -94.5125 45.88767603887905 53.900000000000006
    endloop
  endfacet
  facet normal 0.32143946530312917 -0.9469301294951167 0
    outer loop
      vertex -94.39225051817422 45.946976520824066 49.900000000000006
      vertex -94.26528952123009 45.99007397194629 53.900000000000006
      vertex -94.39225051817422 45.946976520824066 53.900000000000006
    endloop
  endfacet
  facet normal 0.19509032201617416 -0.9807852804032213 0
    outer loop
      vertex -94.26528952123009 45.99007397194629 49.900000000000006
      vertex -94.13378934702556 46.016230982908155 53.900000000000006
      vertex -94.26528952123009 45.99007397194629 53.900000000000006
    endloop
  endfacet
  facet normal 0.06540312923018876 -0.9978589232386006 0
    outer loop
      vertex -94.13378934702556 46.016230982908155 49.900000000000006
      vertex -94 46.025000000000006 53.900000000000006
      vertex -94.13378934702556 46.016230982908155 53.900000000000006
    endloop
  endfacet
  facet normal -0.06540312923018876 -0.9978589232386006 0
    outer loop
      vertex -94 46.025000000000006 49.900000000000006
      vertex -93.86621065297444 46.016230982908155 53.900000000000006
      vertex -94 46.025000000000006 53.900000000000006
    endloop
  endfacet
  facet normal -0.19509032201617416 -0.9807852804032213 0
    outer loop
      vertex -93.86621065297444 46.016230982908155 49.900000000000006
      vertex -93.73471047876991 45.99007397194629 53.900000000000006
      vertex -93.86621065297444 46.016230982908155 53.900000000000006
    endloop
  endfacet
  facet normal -0.32143946530312917 -0.9469301294951167 0
    outer loop
      vertex -93.73471047876991 45.99007397194629 49.900000000000006
      vertex -93.60774948182578 45.946976520824066 53.900000000000006
      vertex -93.73471047876991 45.99007397194629 53.900000000000006
    endloop
  endfacet
  facet normal -0.44228869021898776 -0.8968727415326949 0
    outer loop
      vertex -93.60774948182578 45.946976520824066 49.900000000000006
      vertex -93.4875 45.88767603887905 53.900000000000006
      vertex -93.60774948182578 45.946976520824066 53.900000000000006
    endloop
  endfacet
  facet normal -0.5555702330195891 0.8314696123025541 0
    outer loop
      vertex -93.37601953526607 44.186812826201475 49.900000000000006
      vertex -93.4875 44.11232396112095 53.900000000000006
      vertex -93.37601953526607 44.186812826201475 53.900000000000006
    endloop
  endfacet
  facet normal -0.6593458151000606 0.7518398074789846 0
    outer loop
      vertex -93.27521554928379 44.275215549283786 49.900000000000006
      vertex -93.37601953526607 44.186812826201475 53.900000000000006
      vertex -93.27521554928379 44.275215549283786 53.900000000000006
    endloop
  endfacet
  facet normal -0.7518398074790372 0.6593458151000008 0
    outer loop
      vertex -93.18681282620149 44.37601953526607 49.900000000000006
      vertex -93.27521554928379 44.275215549283786 53.900000000000006
      vertex -93.18681282620149 44.37601953526607 53.900000000000006
    endloop
  endfacet
  facet normal -0.831469612302505 0.5555702330196624 0
    outer loop
      vertex -93.11232396112095 44.4875 49.900000000000006
      vertex -93.18681282620149 44.37601953526607 53.900000000000006
      vertex -93.11232396112095 44.4875 53.900000000000006
    endloop
  endfacet
  facet normal -0.8968727415326949 0.44228869021898776 0
    outer loop
      vertex -93.05302347917593 44.60774948182578 49.900000000000006
      vertex -93.11232396112095 44.4875 53.900000000000006
      vertex -93.05302347917593 44.60774948182578 53.900000000000006
    endloop
  endfacet
  facet normal -0.9469301294950953 0.3214394653031919 0
    outer loop
      vertex -93.0099260280537 44.73471047876993 49.900000000000006
      vertex -93.05302347917593 44.60774948182578 53.900000000000006
      vertex -93.0099260280537 44.73471047876993 53.900000000000006
    endloop
  endfacet
  facet normal -0.9807852804032375 0.1950903220160925 0
    outer loop
      vertex -92.98376901709184 44.866210652974445 49.900000000000006
      vertex -93.0099260280537 44.73471047876993 53.900000000000006
      vertex -92.98376901709184 44.866210652974445 53.900000000000006
    endloop
  endfacet
  facet normal -0.9978589232386006 0.06540312923018876 0
    outer loop
      vertex -92.975 45 49.900000000000006
      vertex -92.98376901709184 44.866210652974445 53.900000000000006
      vertex -92.975 45 53.900000000000006
    endloop
  endfacet
  facet normal -0.9978589232386006 -0.06540312923018876 0
    outer loop
      vertex -92.98376901709184 45.133789347025555 49.900000000000006
      vertex -92.975 45 53.900000000000006
      vertex -92.98376901709184 45.133789347025555 53.900000000000006
    endloop
  endfacet
  facet normal -0.9807852804032375 -0.1950903220160925 0
    outer loop
      vertex -93.0099260280537 45.26528952123007 49.900000000000006
      vertex -92.98376901709184 45.133789347025555 53.900000000000006
      vertex -93.0099260280537 45.26528952123007 53.900000000000006
    endloop
  endfacet
  facet normal -0.9469301294950953 -0.3214394653031919 0
    outer loop
      vertex -93.05302347917593 45.39225051817422 49.900000000000006
      vertex -93.0099260280537 45.26528952123007 53.900000000000006
      vertex -93.05302347917593 45.39225051817422 53.900000000000006
    endloop
  endfacet
  facet normal -0.8968727415326949 -0.44228869021898776 0
    outer loop
      vertex -93.11232396112095 45.5125 49.900000000000006
      vertex -93.05302347917593 45.39225051817422 53.900000000000006
      vertex -93.11232396112095 45.5125 53.900000000000006
    endloop
  endfacet
  facet normal -0.7518398074790372 -0.6593458151000008 0
    outer loop
      vertex -93.27521554928379 45.724784450716214 49.900000000000006
      vertex -93.18681282620149 45.62398046473393 53.900000000000006
      vertex -93.27521554928379 45.724784450716214 53.900000000000006
    endloop
  endfacet
  facet normal -0.6593458151000606 -0.7518398074789846 0
    outer loop
      vertex -93.37601953526607 45.813187173798525 49.900000000000006
      vertex -93.27521554928379 45.724784450716214 53.900000000000006
      vertex -93.37601953526607 45.813187173798525 53.900000000000006
    endloop
  endfacet
  facet normal -0.5555702330195891 -0.8314696123025541 0
    outer loop
      vertex -93.4875 45.88767603887905 49.900000000000006
      vertex -93.37601953526607 45.813187173798525 53.900000000000006
      vertex -93.4875 45.88767603887905 53.900000000000006
    endloop
  endfacet
  facet normal -0.831469612302505 -0.5555702330196624 0
    outer loop
      vertex -93.18681282620149 45.62398046473393 49.900000000000006
      vertex -93.11232396112095 45.5125 53.900000000000006
      vertex -93.18681282620149 45.62398046473393 53.900000000000006
    endloop
  endfacet
  facet normal 0 0 -1
    outer loop
      vertex 38.2 43.614359353944906 49.900000000000006
      vertex 38.4875 44.11232396112095 49.900000000000006
      vertex 38.38770650821586 43.52179274798195 49.900000000000006
    endloop
  endfacet
  facet normal 0 0 -1
    outer loop
      vertex 38.38770650821586 43.52179274798195 49.900000000000006
      vertex 38.607749481825785 44.053023479175934 49.900000000000006
      vertex 38.58588952783597 43.4545186779375 49.900000000000006
    endloop
  endfacet
  facet normal 0 0 -1
    outer loop
      vertex 38.58588952783597 43.4545186779375 49.900000000000006
      vertex 38.866210652974445 43.983769017091845 49.900000000000006
      vertex 38.791158092447915 43.413688221801905 49.900000000000006
    endloop
  endfacet
  facet normal 0 0 -1
    outer loop
      vertex 38.791158092447915 43.413688221801905 49.900000000000006
      vertex 38.866210652974445 43.983769017091845 49.900000000000006
      vertex 39 43.400000000000006 49.900000000000006
    endloop
  endfacet
  facet normal 0 0 -1
    outer loop
      vertex 39 43.400000000000006 49.900000000000006
      vertex 39.133789347025555 43.983769017091845 49.900000000000006
      vertex 39.208841907552085 43.413688221801905 49.900000000000006
    endloop
  endfacet
  facet normal 0 0 -1
    outer loop
      vertex 39.208841907552085 43.413688221801905 49.900000000000006
      vertex 39.26528952123008 44.00992602805371 49.900000000000006
      vertex 39.41411047216403 43.4545186779375 49.900000000000006
    endloop
  endfacet
  facet normal 0 0 -1
    outer loop
      vertex 39.41411047216403 43.4545186779375 49.900000000000006
      vertex 39.5125 44.11232396112095 49.900000000000006
      vertex 39.61229349178414 43.52179274798195 49.900000000000006
    endloop
  endfacet
  facet normal 0 0 -1
    outer loop
      vertex 38.02598171358605 43.73063465553403 49.900000000000006
      vertex 38.275215549283786 44.275215549283786 49.900000000000006
      vertex 38.2 43.614359353944906 49.900000000000006
    endloop
  endfacet
  facet normal 0 0 -1
    outer loop
      vertex 38.02598171358605 43.73063465553403 49.900000000000006
      vertex 37.868629150101526 43.868629150101526 49.900000000000006
      vertex 38.053023479175934 44.60774948182578 49.900000000000006
    endloop
  endfacet
  facet normal 0 0 -1
    outer loop
      vertex 38.2 43.614359353944906 49.900000000000006
      vertex 38.275215549283786 44.275215549283786 49.900000000000006
      vertex 38.37601953526606 44.186812826201475 49.900000000000006
    endloop
  endfacet
  facet normal 0 0 -1
    outer loop
      vertex 38.2 43.614359353944906 49.900000000000006
      vertex 38.37601953526606 44.186812826201475 49.900000000000006
      vertex 38.4875 44.11232396112095 49.900000000000006
    endloop
  endfacet
  facet normal 0 0 -1
    outer loop
      vertex 38.02598171358605 43.73063465553403 49.900000000000006
      vertex 38.053023479175934 44.60774948182578 49.900000000000006
      vertex 38.11232396112095 44.4875 49.900000000000006
    endloop
  endfacet
  facet normal 0 0 -1
    outer loop
      vertex 38.02598171358605 43.73063465553403 49.900000000000006
      vertex 38.18681282620148 44.37601953526607 49.900000000000006
      vertex 38.275215549283786 44.275215549283786 49.900000000000006
    endloop
  endfacet
  facet normal 0 0 -1
    outer loop
      vertex 38.02598171358605 43.73063465553403 49.900000000000006
      vertex 38.11232396112095 44.4875 49.900000000000006
      vertex 38.18681282620148 44.37601953526607 49.900000000000006
    endloop
  endfacet
  facet normal 0 0 -1
    outer loop
      vertex 37.868629150101526 43.868629150101526 49.900000000000006
      vertex 38.009926028053705 44.73471047876993 49.900000000000006
      vertex 38.053023479175934 44.60774948182578 49.900000000000006
    endloop
  endfacet
  facet normal 0 0 -1
    outer loop
      vertex 37.6143593539449 44.2 49.900000000000006
      vertex 37.52179274798194 44.38770650821586 49.900000000000006
      vertex 37.6143593539449 45.8 49.900000000000006
    endloop
  endfacet
  facet normal 0 0 -1
    outer loop
      vertex 37.730634655534026 44.02598171358605 49.900000000000006
      vertex 37.6143593539449 44.2 49.900000000000006
      vertex 37.730634655534026 45.97401828641395 49.900000000000006
    endloop
  endfacet
  facet normal 0 0 -1
    outer loop
      vertex 37.868629150101526 43.868629150101526 49.900000000000006
      vertex 37.730634655534026 44.02598171358605 49.900000000000006
      vertex 37.868629150101526 46.131370849898474 49.900000000000006
    endloop
  endfacet
  facet normal 0 0 -1
    outer loop
      vertex 37.52179274798194 44.38770650821586 49.900000000000006
      vertex 37.45451867793749 44.585889527835974 49.900000000000006
      vertex 37.52179274798194 45.61229349178414 49.900000000000006
    endloop
  endfacet
  facet normal 0 0 -1
    outer loop
      vertex 37.45451867793749 45.414110472164026 49.900000000000006
      vertex 37.45451867793749 44.585889527835974 49.900000000000006
      vertex 37.413688221801905 44.79115809244792 49.900000000000006
    endloop
  endfacet
  facet normal 0 0 -1
    outer loop
      vertex 37.4 45 49.900000000000006
      vertex 37.413688221801905 45.208841907552085 49.900000000000006
      vertex 37.413688221801905 44.79115809244792 49.900000000000006
    endloop
  endfacet
  facet normal 0 0 -1
    outer loop
      vertex 37.413688221801905 45.208841907552085 49.900000000000006
      vertex 37.45451867793749 45.414110472164026 49.900000000000006
      vertex 37.413688221801905 44.79115809244792 49.900000000000006
    endloop
  endfacet
  facet normal 0 0 -1
    outer loop
      vertex 37.868629150101526 43.868629150101526 49.900000000000006
      vertex 37.983769017091845 44.866210652974445 49.900000000000006
      vertex 38.009926028053705 44.73471047876993 49.900000000000006
    endloop
  endfacet
  facet normal 0 0 -1
    outer loop
      vertex 37.868629150101526 43.868629150101526 49.900000000000006
      vertex 37.975 45 49.900000000000006
      vertex 37.983769017091845 44.866210652974445 49.900000000000006
    endloop
  endfacet
  facet normal 0 0 -1
    outer loop
      vertex 37.868629150101526 43.868629150101526 49.900000000000006
      vertex 38.02598171358605 46.26936534446597 49.900000000000006
      vertex 37.975 45 49.900000000000006
    endloop
  endfacet
  facet normal 0 0 -1
    outer loop
      vertex 37.45451867793749 44.585889527835974 49.900000000000006
      vertex 37.45451867793749 45.414110472164026 49.900000000000006
      vertex 37.52179274798194 45.61229349178414 49.900000000000006
    endloop
  endfacet
  facet normal 0 0 -1
    outer loop
      vertex 37.52179274798194 44.38770650821586 49.900000000000006
      vertex 37.52179274798194 45.61229349178414 49.900000000000006
      vertex 37.6143593539449 45.8 49.900000000000006
    endloop
  endfacet
  facet normal 0 0 -1
    outer loop
      vertex 37.6143593539449 44.2 49.900000000000006
      vertex 37.6143593539449 45.8 49.900000000000006
      vertex 37.730634655534026 45.97401828641395 49.900000000000006
    endloop
  endfacet
  facet normal 0 0 -1
    outer loop
      vertex 37.730634655534026 44.02598171358605 49.900000000000006
      vertex 37.730634655534026 45.97401828641395 49.900000000000006
      vertex 37.868629150101526 46.131370849898474 49.900000000000006
    endloop
  endfacet
  facet normal 0 0 -1
    outer loop
      vertex 37.868629150101526 43.868629150101526 49.900000000000006
      vertex 37.868629150101526 46.131370849898474 49.900000000000006
      vertex 38.02598171358605 46.26936534446597 49.900000000000006
    endloop
  endfacet
  facet normal 0 0 -1
    outer loop
      vertex 37.975 45 49.900000000000006
      vertex 38.02598171358605 46.26936534446597 49.900000000000006
      vertex 37.983769017091845 45.133789347025555 49.900000000000006
    endloop
  endfacet
  facet normal 0 0 -1
    outer loop
      vertex 37.983769017091845 45.133789347025555 49.900000000000006
      vertex 38.02598171358605 46.26936534446597 49.900000000000006
      vertex 38.009926028053705 45.26528952123007 49.900000000000006
    endloop
  endfacet
  facet normal 0 0 -1
    outer loop
      vertex 38.009926028053705 45.26528952123007 49.900000000000006
      vertex 38.02598171358605 46.26936534446597 49.900000000000006
      vertex 38.053023479175934 45.39225051817422 49.900000000000006
    endloop
  endfacet
  facet normal 0 0 -1
    outer loop
      vertex 38.053023479175934 45.39225051817422 49.900000000000006
      vertex 38.02598171358605 46.26936534446597 49.900000000000006
      vertex 38.11232396112095 45.5125 49.900000000000006
    endloop
  endfacet
  facet normal 0 0 -1
    outer loop
      vertex 38.11232396112095 45.5125 49.900000000000006
      vertex 38.2 46.385640646055094 49.900000000000006
      vertex 38.18681282620148 45.62398046473393 49.900000000000006
    endloop
  endfacet
  facet normal 0 0 -1
    outer loop
      vertex 38.11232396112095 45.5125 49.900000000000006
      vertex 38.02598171358605 46.26936534446597 49.900000000000006
      vertex 38.2 46.385640646055094 49.900000000000006
    endloop
  endfacet
  facet normal 0 0 -1
    outer loop
      vertex 38.18681282620148 45.62398046473393 49.900000000000006
      vertex 38.2 46.385640646055094 49.900000000000006
      vertex 38.275215549283786 45.724784450716214 49.900000000000006
    endloop
  endfacet
  facet normal 0 0 -1
    outer loop
      vertex 38.275215549283786 45.724784450716214 49.900000000000006
      vertex 38.38770650821586 46.47820725201805 49.900000000000006
      vertex 38.37601953526606 45.813187173798525 49.900000000000006
    endloop
  endfacet
  facet normal 0 0 -1
    outer loop
      vertex 38.37601953526606 45.813187173798525 49.900000000000006
      vertex 38.38770650821586 46.47820725201805 49.900000000000006
      vertex 38.4875 45.88767603887905 49.900000000000006
    endloop
  endfacet
  facet normal 0 0 -1
    outer loop
      vertex 38.275215549283786 45.724784450716214 49.900000000000006
      vertex 38.2 46.385640646055094 49.900000000000006
      vertex 38.38770650821586 46.47820725201805 49.900000000000006
    endloop
  endfacet
  facet normal 0 0 -1
    outer loop
      vertex 38.38770650821586 43.52179274798195 49.900000000000006
      vertex 38.4875 44.11232396112095 49.900000000000006
      vertex 38.607749481825785 44.053023479175934 49.900000000000006
    endloop
  endfacet
  facet normal 0 0 -1
    outer loop
      vertex 38.58588952783597 43.4545186779375 49.900000000000006
      vertex 38.73471047876992 44.00992602805371 49.900000000000006
      vertex 38.866210652974445 43.983769017091845 49.900000000000006
    endloop
  endfacet
  facet normal 0 0 -1
    outer loop
      vertex 38.58588952783597 43.4545186779375 49.900000000000006
      vertex 38.607749481825785 44.053023479175934 49.900000000000006
      vertex 38.73471047876992 44.00992602805371 49.900000000000006
    endloop
  endfacet
  facet normal 0 0 -1
    outer loop
      vertex 39 43.400000000000006 49.900000000000006
      vertex 38.866210652974445 43.983769017091845 49.900000000000006
      vertex 39 43.974999999999994 49.900000000000006
    endloop
  endfacet
  facet normal 0 0 -1
    outer loop
      vertex 39 43.400000000000006 49.900000000000006
      vertex 39 43.974999999999994 49.900000000000006
      vertex 39.133789347025555 43.983769017091845 49.900000000000006
    endloop
  endfacet
  facet normal 0 0 -1
    outer loop
      vertex 39.208841907552085 43.413688221801905 49.900000000000006
      vertex 39.133789347025555 43.983769017091845 49.900000000000006
      vertex 39.26528952123008 44.00992602805371 49.900000000000006
    endloop
  endfacet
  facet normal 0 0 -1
    outer loop
      vertex 39.41411047216403 43.4545186779375 49.900000000000006
      vertex 39.26528952123008 44.00992602805371 49.900000000000006
      vertex 39.392250518174215 44.053023479175934 49.900000000000006
    endloop
  endfacet
  facet normal 0 0 -1
    outer loop
      vertex 39.41411047216403 43.4545186779375 49.900000000000006
      vertex 39.392250518174215 44.053023479175934 49.900000000000006
      vertex 39.5125 44.11232396112095 49.900000000000006
    endloop
  endfacet
  facet normal 0 0 -1
    outer loop
      vertex 39.61229349178414 43.52179274798195 49.900000000000006
      vertex 39.724784450716214 44.275215549283786 49.900000000000006
      vertex 39.8 43.614359353944906 49.900000000000006
    endloop
  endfacet
  facet normal 0 0 -1
    outer loop
      vertex 39.61229349178414 43.52179274798195 49.900000000000006
      vertex 39.5125 44.11232396112095 49.900000000000006
      vertex 39.62398046473394 44.186812826201475 49.900000000000006
    endloop
  endfacet
  facet normal 0 0 -1
    outer loop
      vertex 39.61229349178414 43.52179274798195 49.900000000000006
      vertex 39.62398046473394 44.186812826201475 49.900000000000006
      vertex 39.724784450716214 44.275215549283786 49.900000000000006
    endloop
  endfacet
  facet normal 0 0 -1
    outer loop
      vertex 39.8 43.614359353944906 49.900000000000006
      vertex 39.724784450716214 44.275215549283786 49.900000000000006
      vertex 39.81318717379852 44.37601953526607 49.900000000000006
    endloop
  endfacet
  facet normal 0 0 -1
    outer loop
      vertex 39.8 43.614359353944906 49.900000000000006
      vertex 39.88767603887905 44.4875 49.900000000000006
      vertex 39.97401828641395 43.73063465553403 49.900000000000006
    endloop
  endfacet
  facet normal 0 0 -1
    outer loop
      vertex 39.8 43.614359353944906 49.900000000000006
      vertex 39.81318717379852 44.37601953526607 49.900000000000006
      vertex 39.88767603887905 44.4875 49.900000000000006
    endloop
  endfacet
  facet normal 0 0 -1
    outer loop
      vertex 39.97401828641395 43.73063465553403 49.900000000000006
      vertex 39.88767603887905 44.4875 49.900000000000006
      vertex 39.946976520824066 44.60774948182578 49.900000000000006
    endloop
  endfacet
  facet normal 0 0 -1
    outer loop
      vertex 39.97401828641395 43.73063465553403 49.900000000000006
      vertex 39.946976520824066 44.60774948182578 49.900000000000006
      vertex 39.990073971946295 44.73471047876993 49.900000000000006
    endloop
  endfacet
  facet normal 0 0 -1
    outer loop
      vertex 39.97401828641395 43.73063465553403 49.900000000000006
      vertex 39.990073971946295 44.73471047876993 49.900000000000006
      vertex 40.016230982908155 44.866210652974445 49.900000000000006
    endloop
  endfacet
  facet normal 0 0 -1
    outer loop
      vertex 39.97401828641395 43.73063465553403 49.900000000000006
      vertex 40.016230982908155 44.866210652974445 49.900000000000006
      vertex 40.025 45 49.900000000000006
    endloop
  endfacet
  facet normal 0 0 -1
    outer loop
      vertex 39.97401828641395 43.73063465553403 49.900000000000006
      vertex 40.025 45 49.900000000000006
      vertex 40.131370849898474 46.131370849898474 49.900000000000006
    endloop
  endfacet
  facet normal 0 0 -1
    outer loop
      vertex 39.97401828641395 43.73063465553403 49.900000000000006
      vertex 40.131370849898474 46.131370849898474 49.900000000000006
      vertex 40.131370849898474 43.868629150101526 49.900000000000006
    endloop
  endfacet
  facet normal 0 0 -1
    outer loop
      vertex 40.131370849898474 43.868629150101526 49.900000000000006
      vertex 40.269365344465974 45.97401828641395 49.900000000000006
      vertex 40.269365344465974 44.02598171358605 49.900000000000006
    endloop
  endfacet
  facet normal 0 0 -1
    outer loop
      vertex 40.269365344465974 44.02598171358605 49.900000000000006
      vertex 40.3856406460551 45.8 49.900000000000006
      vertex 40.3856406460551 44.2 49.900000000000006
    endloop
  endfacet
  facet normal 0 0 -1
    outer loop
      vertex 40.3856406460551 44.2 49.900000000000006
      vertex 40.47820725201806 45.61229349178414 49.900000000000006
      vertex 40.47820725201806 44.38770650821586 49.900000000000006
    endloop
  endfacet
  facet normal 0 0 -1
    outer loop
      vertex 40.47820725201806 44.38770650821586 49.900000000000006
      vertex 40.54548132206251 45.414110472164026 49.900000000000006
      vertex 40.54548132206251 44.585889527835974 49.900000000000006
    endloop
  endfacet
  facet normal 0 0 -1
    outer loop
      vertex 40.54548132206251 44.585889527835974 49.900000000000006
      vertex 40.586311778198095 45.20884190755208 49.900000000000006
      vertex 40.586311778198095 44.791158092447915 49.900000000000006
    endloop
  endfacet
  facet normal 0 0 -1
    outer loop
      vertex 40.586311778198095 44.791158092447915 49.900000000000006
      vertex 40.586311778198095 45.20884190755208 49.900000000000006
      vertex 40.6 45 49.900000000000006
    endloop
  endfacet
  facet normal 0 0 -1
    outer loop
      vertex 40.54548132206251 44.585889527835974 49.900000000000006
      vertex 40.54548132206251 45.414110472164026 49.900000000000006
      vertex 40.586311778198095 45.20884190755208 49.900000000000006
    endloop
  endfacet
  facet normal 0 0 -1
    outer loop
      vertex 40.47820725201806 44.38770650821586 49.900000000000006
      vertex 40.47820725201806 45.61229349178414 49.900000000000006
      vertex 40.54548132206251 45.414110472164026 49.900000000000006
    endloop
  endfacet
  facet normal 0 0 -1
    outer loop
      vertex 38.4875 45.88767603887905 49.900000000000006
      vertex 38.58588952783597 46.5454813220625 49.900000000000006
      vertex 38.607749481825785 45.946976520824066 49.900000000000006
    endloop
  endfacet
  facet normal 0 0 -1
    outer loop
      vertex 38.607749481825785 45.946976520824066 49.900000000000006
      vertex 38.58588952783597 46.5454813220625 49.900000000000006
      vertex 38.73471047876992 45.99007397194629 49.900000000000006
    endloop
  endfacet
  facet normal 0 0 -1
    outer loop
      vertex 38.73471047876992 45.99007397194629 49.900000000000006
      vertex 38.791158092447915 46.586311778198095 49.900000000000006
      vertex 38.866210652974445 46.016230982908155 49.900000000000006
    endloop
  endfacet
  facet normal 0 0 -1
    outer loop
      vertex 38.866210652974445 46.016230982908155 49.900000000000006
      vertex 39 46.599999999999994 49.900000000000006
      vertex 39 46.025000000000006 49.900000000000006
    endloop
  endfacet
  facet normal 0 0 -1
    outer loop
      vertex 38.38770650821586 46.47820725201805 49.900000000000006
      vertex 38.58588952783597 46.5454813220625 49.900000000000006
      vertex 38.4875 45.88767603887905 49.900000000000006
    endloop
  endfacet
  facet normal 0 0 -1
    outer loop
      vertex 38.73471047876992 45.99007397194629 49.900000000000006
      vertex 38.58588952783597 46.5454813220625 49.900000000000006
      vertex 38.791158092447915 46.586311778198095 49.900000000000006
    endloop
  endfacet
  facet normal 0 0 -1
    outer loop
      vertex 38.866210652974445 46.016230982908155 49.900000000000006
      vertex 38.791158092447915 46.586311778198095 49.900000000000006
      vertex 39 46.599999999999994 49.900000000000006
    endloop
  endfacet
  facet normal 0 0 -1
    outer loop
      vertex 39 46.025000000000006 49.900000000000006
      vertex 39 46.599999999999994 49.900000000000006
      vertex 39.133789347025555 46.016230982908155 49.900000000000006
    endloop
  endfacet
  facet normal 0 0 -1
    outer loop
      vertex 39.133789347025555 46.016230982908155 49.900000000000006
      vertex 39.41411047216403 46.5454813220625 49.900000000000006
      vertex 39.26528952123008 45.99007397194629 49.900000000000006
    endloop
  endfacet
  facet normal 0 0 -1
    outer loop
      vertex 39.26528952123008 45.99007397194629 49.900000000000006
      vertex 39.41411047216403 46.5454813220625 49.900000000000006
      vertex 39.392250518174215 45.946976520824066 49.900000000000006
    endloop
  endfacet
  facet normal 0 0 -1
    outer loop
      vertex 39.392250518174215 45.946976520824066 49.900000000000006
      vertex 39.61229349178414 46.47820725201805 49.900000000000006
      vertex 39.5125 45.88767603887905 49.900000000000006
    endloop
  endfacet
  facet normal 0 0 -1
    outer loop
      vertex 39 46.599999999999994 49.900000000000006
      vertex 39.208841907552085 46.586311778198095 49.900000000000006
      vertex 39.133789347025555 46.016230982908155 49.900000000000006
    endloop
  endfacet
  facet normal 0 0 -1
    outer loop
      vertex 39.133789347025555 46.016230982908155 49.900000000000006
      vertex 39.208841907552085 46.586311778198095 49.900000000000006
      vertex 39.41411047216403 46.5454813220625 49.900000000000006
    endloop
  endfacet
  facet normal 0 0 -1
    outer loop
      vertex 39.392250518174215 45.946976520824066 49.900000000000006
      vertex 39.41411047216403 46.5454813220625 49.900000000000006
      vertex 39.61229349178414 46.47820725201805 49.900000000000006
    endloop
  endfacet
  facet normal 0 0 -1
    outer loop
      vertex 40.025 45 49.900000000000006
      vertex 40.016230982908155 45.133789347025555 49.900000000000006
      vertex 40.131370849898474 46.131370849898474 49.900000000000006
    endloop
  endfacet
  facet normal 0 0 -1
    outer loop
      vertex 40.016230982908155 45.133789347025555 49.900000000000006
      vertex 39.990073971946295 45.26528952123007 49.900000000000006
      vertex 40.131370849898474 46.131370849898474 49.900000000000006
    endloop
  endfacet
  facet normal 0 0 -1
    outer loop
      vertex 39.990073971946295 45.26528952123007 49.900000000000006
      vertex 39.946976520824066 45.39225051817422 49.900000000000006
      vertex 40.131370849898474 46.131370849898474 49.900000000000006
    endloop
  endfacet
  facet normal 0 0 -1
    outer loop
      vertex 39.724784450716214 45.724784450716214 49.900000000000006
      vertex 39.97401828641395 46.26936534446597 49.900000000000006
      vertex 39.81318717379852 45.62398046473393 49.900000000000006
    endloop
  endfacet
  facet normal 0 0 -1
    outer loop
      vertex 39.88767603887905 45.5125 49.900000000000006
      vertex 39.81318717379852 45.62398046473393 49.900000000000006
      vertex 39.97401828641395 46.26936534446597 49.900000000000006
    endloop
  endfacet
  facet normal 0 0 -1
    outer loop
      vertex 39.88767603887905 45.5125 49.900000000000006
      vertex 39.97401828641395 46.26936534446597 49.900000000000006
      vertex 39.946976520824066 45.39225051817422 49.900000000000006
    endloop
  endfacet
  facet normal 0 0 -1
    outer loop
      vertex 40.131370849898474 43.868629150101526 49.900000000000006
      vertex 40.131370849898474 46.131370849898474 49.900000000000006
      vertex 40.269365344465974 45.97401828641395 49.900000000000006
    endloop
  endfacet
  facet normal 0 0 -1
    outer loop
      vertex 40.269365344465974 44.02598171358605 49.900000000000006
      vertex 40.269365344465974 45.97401828641395 49.900000000000006
      vertex 40.3856406460551 45.8 49.900000000000006
    endloop
  endfacet
  facet normal 0 0 -1
    outer loop
      vertex 40.3856406460551 44.2 49.900000000000006
      vertex 40.3856406460551 45.8 49.900000000000006
      vertex 40.47820725201806 45.61229349178414 49.900000000000006
    endloop
  endfacet
  facet normal 0 0 -1
    outer loop
      vertex 39.5125 45.88767603887905 49.900000000000006
      vertex 39.8 46.385640646055094 49.900000000000006
      vertex 39.62398046473394 45.813187173798525 49.900000000000006
    endloop
  endfacet
  facet normal 0 0 -1
    outer loop
      vertex 39.62398046473394 45.813187173798525 49.900000000000006
      vertex 39.8 46.385640646055094 49.900000000000006
      vertex 39.724784450716214 45.724784450716214 49.900000000000006
    endloop
  endfacet
  facet normal 0 0 -1
    outer loop
      vertex 39.946976520824066 45.39225051817422 49.900000000000006
      vertex 39.97401828641395 46.26936534446597 49.900000000000006
      vertex 40.131370849898474 46.131370849898474 49.900000000000006
    endloop
  endfacet
  facet normal 0 0 -1
    outer loop
      vertex 39.724784450716214 45.724784450716214 49.900000000000006
      vertex 39.8 46.385640646055094 49.900000000000006
      vertex 39.97401828641395 46.26936534446597 49.900000000000006
    endloop
  endfacet
  facet normal 0 0 -1
    outer loop
      vertex 39.5125 45.88767603887905 49.900000000000006
      vertex 39.61229349178414 46.47820725201805 49.900000000000006
      vertex 39.8 46.385640646055094 49.900000000000006
    endloop
  endfacet
  facet normal -0.5555702330196042 -0.8314696123025438 0
    outer loop
      vertex 38.02598171358605 43.73063465553403 49.900000000000006
      vertex 38.2 43.614359353944906 49.900000000000006
      vertex 38.2 43.614359353944906 53.900000000000006
    endloop
  endfacet
  facet normal -0.4422886902190091 -0.8968727415326844 0
    outer loop
      vertex 38.2 43.614359353944906 49.900000000000006
      vertex 38.38770650821586 43.52179274798195 49.900000000000006
      vertex 38.38770650821586 43.52179274798195 53.900000000000006
    endloop
  endfacet
  facet normal -0.3214394653031508 -0.9469301294951094 0
    outer loop
      vertex 38.38770650821586 43.52179274798195 49.900000000000006
      vertex 38.58588952783597 43.4545186779375 49.900000000000006
      vertex 38.58588952783597 43.4545186779375 53.900000000000006
    endloop
  endfacet
  facet normal -0.1950903220161641 -0.9807852804032233 0
    outer loop
      vertex 38.58588952783597 43.4545186779375 49.900000000000006
      vertex 38.791158092447915 43.413688221801905 49.900000000000006
      vertex 38.791158092447915 43.413688221801905 53.900000000000006
    endloop
  endfacet
  facet normal -0.06540312923012488 -0.9978589232386047 0
    outer loop
      vertex 38.791158092447915 43.413688221801905 49.900000000000006
      vertex 39 43.400000000000006 49.900000000000006
      vertex 39 43.400000000000006 53.900000000000006
    endloop
  endfacet
  facet normal 0.06540312923012488 -0.9978589232386047 0
    outer loop
      vertex 39 43.400000000000006 49.900000000000006
      vertex 39.208841907552085 43.413688221801905 49.900000000000006
      vertex 39.208841907552085 43.413688221801905 53.900000000000006
    endloop
  endfacet
  facet normal 0.1950903220161641 -0.9807852804032233 0
    outer loop
      vertex 39.208841907552085 43.413688221801905 49.900000000000006
      vertex 39.41411047216403 43.4545186779375 49.900000000000006
      vertex 39.41411047216403 43.4545186779375 53.900000000000006
    endloop
  endfacet
  facet normal 0.3214394653031508 -0.9469301294951094 0
    outer loop
      vertex 39.41411047216403 43.4545186779375 49.900000000000006
      vertex 39.61229349178414 43.52179274798195 49.900000000000006
      vertex 39.61229349178414 43.52179274798195 53.900000000000006
    endloop
  endfacet
  facet normal 0.4422886902190091 -0.8968727415326844 0
    outer loop
      vertex 39.61229349178414 43.52179274798195 49.900000000000006
      vertex 39.8 43.614359353944906 49.900000000000006
      vertex 39.8 43.614359353944906 53.900000000000006
    endloop
  endfacet
  facet normal 0.5555702330196042 -0.8314696123025438 0
    outer loop
      vertex 39.8 43.614359353944906 49.900000000000006
      vertex 39.97401828641395 43.73063465553403 49.900000000000006
      vertex 39.97401828641395 43.73063465553403 53.900000000000006
    endloop
  endfacet
  facet normal -0.7518398074789753 -0.6593458151000712 0
    outer loop
      vertex 37.868629150101526 43.868629150101526 49.900000000000006
      vertex 37.730634655534026 44.02598171358605 53.900000000000006
      vertex 37.730634655534026 44.02598171358605 49.900000000000006
    endloop
  endfacet
  facet normal -0.8314696123025438 -0.5555702330196042 0
    outer loop
      vertex 37.730634655534026 44.02598171358605 49.900000000000006
      vertex 37.6143593539449 44.2 53.900000000000006
      vertex 37.6143593539449 44.2 49.900000000000006
    endloop
  endfacet
  facet normal -0.8968727415326844 -0.4422886902190091 0
    outer loop
      vertex 37.6143593539449 44.2 49.900000000000006
      vertex 37.52179274798194 44.38770650821586 53.900000000000006
      vertex 37.52179274798194 44.38770650821586 49.900000000000006
    endloop
  endfacet
  facet normal -0.6593458151000521 -0.7518398074789923 0
    outer loop
      vertex 38.02598171358605 43.73063465553403 49.900000000000006
      vertex 38.02598171358605 43.73063465553403 53.900000000000006
      vertex 37.868629150101526 43.868629150101526 49.900000000000006
    endloop
  endfacet
  facet normal -0.9469301294951128 -0.32143946530314044 0
    outer loop
      vertex 37.52179274798194 44.38770650821586 49.900000000000006
      vertex 37.45451867793749 44.585889527835974 53.900000000000006
      vertex 37.45451867793749 44.585889527835974 49.900000000000006
    endloop
  endfacet
  facet normal -0.9978589232386026 0.06540312923015869 0
    outer loop
      vertex 37.4 45 49.900000000000006
      vertex 37.413688221801905 45.208841907552085 53.900000000000006
      vertex 37.413688221801905 45.208841907552085 49.900000000000006
    endloop
  endfacet
  facet normal -0.9807852804032285 0.19509032201613796 0
    outer loop
      vertex 37.413688221801905 45.208841907552085 49.900000000000006
      vertex 37.45451867793749 45.414110472164026 53.900000000000006
      vertex 37.45451867793749 45.414110472164026 49.900000000000006
    endloop
  endfacet
  facet normal -0.9469301294951128 0.32143946530314044 0
    outer loop
      vertex 37.45451867793749 45.414110472164026 49.900000000000006
      vertex 37.52179274798194 45.61229349178414 53.900000000000006
      vertex 37.52179274798194 45.61229349178414 49.900000000000006
    endloop
  endfacet
  facet normal -0.8968727415326844 0.4422886902190091 0
    outer loop
      vertex 37.52179274798194 45.61229349178414 49.900000000000006
      vertex 37.6143593539449 45.8 53.900000000000006
      vertex 37.6143593539449 45.8 49.900000000000006
    endloop
  endfacet
  facet normal -0.8314696123025438 0.5555702330196042 0
    outer loop
      vertex 37.6143593539449 45.8 49.900000000000006
      vertex 37.730634655534026 45.97401828641395 53.900000000000006
      vertex 37.730634655534026 45.97401828641395 49.900000000000006
    endloop
  endfacet
  facet normal -0.7518398074789753 0.6593458151000712 0
    outer loop
      vertex 37.730634655534026 45.97401828641395 49.900000000000006
      vertex 37.868629150101526 46.131370849898474 53.900000000000006
      vertex 37.868629150101526 46.131370849898474 49.900000000000006
    endloop
  endfacet
  facet normal -0.6593458151000521 0.7518398074789923 0
    outer loop
      vertex 37.868629150101526 46.131370849898474 49.900000000000006
      vertex 37.868629150101526 46.131370849898474 53.900000000000006
      vertex 38.02598171358605 46.26936534446597 49.900000000000006
    endloop
  endfacet
  facet normal -0.5555702330196042 0.8314696123025438 0
    outer loop
      vertex 38.02598171358605 46.26936534446597 49.900000000000006
      vertex 38.02598171358605 46.26936534446597 53.900000000000006
      vertex 38.2 46.385640646055094 49.900000000000006
    endloop
  endfacet
  facet normal -0.4422886902190091 0.8968727415326844 0
    outer loop
      vertex 38.2 46.385640646055094 49.900000000000006
      vertex 38.2 46.385640646055094 53.900000000000006
      vertex 38.38770650821586 46.47820725201805 49.900000000000006
    endloop
  endfacet
  facet normal -0.3214394653031508 0.9469301294951094 0
    outer loop
      vertex 38.38770650821586 46.47820725201805 49.900000000000006
      vertex 38.38770650821586 46.47820725201805 53.900000000000006
      vertex 38.58588952783597 46.5454813220625 49.900000000000006
    endloop
  endfacet
  facet normal 0.6593458151000521 -0.7518398074789923 0
    outer loop
      vertex 39.97401828641395 43.73063465553403 49.900000000000006
      vertex 40.131370849898474 43.868629150101526 49.900000000000006
      vertex 40.131370849898474 43.868629150101526 53.900000000000006
    endloop
  endfacet
  facet normal 0.7518398074789753 -0.6593458151000712 0
    outer loop
      vertex 40.131370849898474 43.868629150101526 49.900000000000006
      vertex 40.269365344465974 44.02598171358605 49.900000000000006
      vertex 40.131370849898474 43.868629150101526 53.900000000000006
    endloop
  endfacet
  facet normal 0.8314696123025438 -0.5555702330196042 0
    outer loop
      vertex 40.269365344465974 44.02598171358605 49.900000000000006
      vertex 40.3856406460551 44.2 49.900000000000006
      vertex 40.269365344465974 44.02598171358605 53.900000000000006
    endloop
  endfacet
  facet normal 0.8968727415326844 -0.4422886902190091 0
    outer loop
      vertex 40.3856406460551 44.2 49.900000000000006
      vertex 40.47820725201806 44.38770650821586 49.900000000000006
      vertex 40.3856406460551 44.2 53.900000000000006
    endloop
  endfacet
  facet normal 0.9469301294951128 -0.32143946530314044 0
    outer loop
      vertex 40.47820725201806 44.38770650821586 49.900000000000006
      vertex 40.54548132206251 44.585889527835974 49.900000000000006
      vertex 40.47820725201806 44.38770650821586 53.900000000000006
    endloop
  endfacet
  facet normal 0.9807852804032285 -0.19509032201613796 0
    outer loop
      vertex 40.54548132206251 44.585889527835974 49.900000000000006
      vertex 40.586311778198095 44.791158092447915 49.900000000000006
      vertex 40.54548132206251 44.585889527835974 53.900000000000006
    endloop
  endfacet
  facet normal 0.9978589232386026 -0.06540312923015869 0
    outer loop
      vertex 40.586311778198095 44.791158092447915 49.900000000000006
      vertex 40.6 45 49.900000000000006
      vertex 40.586311778198095 44.791158092447915 53.900000000000006
    endloop
  endfacet
  facet normal -0.1950903220161641 0.9807852804032233 0
    outer loop
      vertex 38.58588952783597 46.5454813220625 49.900000000000006
      vertex 38.58588952783597 46.5454813220625 53.900000000000006
      vertex 38.791158092447915 46.586311778198095 49.900000000000006
    endloop
  endfacet
  facet normal -0.06540312923012488 0.9978589232386047 0
    outer loop
      vertex 38.791158092447915 46.586311778198095 49.900000000000006
      vertex 38.791158092447915 46.586311778198095 53.900000000000006
      vertex 39 46.599999999999994 49.900000000000006
    endloop
  endfacet
  facet normal 0.06540312923012488 0.9978589232386047 0
    outer loop
      vertex 39 46.599999999999994 49.900000000000006
      vertex 39 46.599999999999994 53.900000000000006
      vertex 39.208841907552085 46.586311778198095 49.900000000000006
    endloop
  endfacet
  facet normal 0.1950903220161641 0.9807852804032233 0
    outer loop
      vertex 39.208841907552085 46.586311778198095 49.900000000000006
      vertex 39.208841907552085 46.586311778198095 53.900000000000006
      vertex 39.41411047216403 46.5454813220625 49.900000000000006
    endloop
  endfacet
  facet normal 0.3214394653031508 0.9469301294951094 0
    outer loop
      vertex 39.41411047216403 46.5454813220625 49.900000000000006
      vertex 39.41411047216403 46.5454813220625 53.900000000000006
      vertex 39.61229349178414 46.47820725201805 49.900000000000006
    endloop
  endfacet
  facet normal 0.9469301294951128 0.32143946530314044 0
    outer loop
      vertex 40.54548132206251 45.414110472164026 49.900000000000006
      vertex 40.47820725201806 45.61229349178414 49.900000000000006
      vertex 40.54548132206251 45.414110472164026 53.900000000000006
    endloop
  endfacet
  facet normal 0.8968727415326844 0.4422886902190091 0
    outer loop
      vertex 40.47820725201806 45.61229349178414 49.900000000000006
      vertex 40.3856406460551 45.8 49.900000000000006
      vertex 40.47820725201806 45.61229349178414 53.900000000000006
    endloop
  endfacet
  facet normal 0.8314696123025438 0.5555702330196042 0
    outer loop
      vertex 40.3856406460551 45.8 49.900000000000006
      vertex 40.269365344465974 45.97401828641395 49.900000000000006
      vertex 40.3856406460551 45.8 53.900000000000006
    endloop
  endfacet
  facet normal 0.6593458151000521 0.7518398074789923 0
    outer loop
      vertex 39.97401828641395 46.26936534446597 49.900000000000006
      vertex 39.97401828641395 46.26936534446597 53.900000000000006
      vertex 40.131370849898474 46.131370849898474 49.900000000000006
    endloop
  endfacet
  facet normal 0.4422886902190091 0.8968727415326844 0
    outer loop
      vertex 39.8 46.385640646055094 49.900000000000006
      vertex 39.61229349178414 46.47820725201805 49.900000000000006
      vertex 39.61229349178414 46.47820725201805 53.900000000000006
    endloop
  endfacet
  facet normal 0.5555702330196042 0.8314696123025438 0
    outer loop
      vertex 39.8 46.385640646055094 49.900000000000006
      vertex 39.8 46.385640646055094 53.900000000000006
      vertex 39.97401828641395 46.26936534446597 49.900000000000006
    endloop
  endfacet
  facet normal 0.7518398074789753 0.6593458151000712 0
    outer loop
      vertex 40.269365344465974 45.97401828641395 49.900000000000006
      vertex 40.131370849898474 46.131370849898474 49.900000000000006
      vertex 40.269365344465974 45.97401828641395 53.900000000000006
    endloop
  endfacet
  facet normal -0.5555702330196042 -0.8314696123025438 0
    outer loop
      vertex 38.02598171358605 43.73063465553403 49.900000000000006
      vertex 38.2 43.614359353944906 53.900000000000006
      vertex 38.02598171358605 43.73063465553403 53.900000000000006
    endloop
  endfacet
  facet normal -0.3214394653031508 -0.9469301294951094 0
    outer loop
      vertex 38.38770650821586 43.52179274798195 49.900000000000006
      vertex 38.58588952783597 43.4545186779375 53.900000000000006
      vertex 38.38770650821586 43.52179274798195 53.900000000000006
    endloop
  endfacet
  facet normal -0.4422886902190091 -0.8968727415326844 0
    outer loop
      vertex 38.2 43.614359353944906 49.900000000000006
      vertex 38.38770650821586 43.52179274798195 53.900000000000006
      vertex 38.2 43.614359353944906 53.900000000000006
    endloop
  endfacet
  facet normal -0.1950903220161641 -0.9807852804032233 0
    outer loop
      vertex 38.58588952783597 43.4545186779375 49.900000000000006
      vertex 38.791158092447915 43.413688221801905 53.900000000000006
      vertex 38.58588952783597 43.4545186779375 53.900000000000006
    endloop
  endfacet
  facet normal -0.06540312923012488 -0.9978589232386047 0
    outer loop
      vertex 38.791158092447915 43.413688221801905 49.900000000000006
      vertex 39 43.400000000000006 53.900000000000006
      vertex 38.791158092447915 43.413688221801905 53.900000000000006
    endloop
  endfacet
  facet normal 0.06540312923012488 -0.9978589232386047 0
    outer loop
      vertex 39 43.400000000000006 49.900000000000006
      vertex 39.208841907552085 43.413688221801905 53.900000000000006
      vertex 39 43.400000000000006 53.900000000000006
    endloop
  endfacet
  facet normal 0.1950903220161641 -0.9807852804032233 0
    outer loop
      vertex 39.208841907552085 43.413688221801905 49.900000000000006
      vertex 39.41411047216403 43.4545186779375 53.900000000000006
      vertex 39.208841907552085 43.413688221801905 53.900000000000006
    endloop
  endfacet
  facet normal 0.3214394653031508 -0.9469301294951094 0
    outer loop
      vertex 39.41411047216403 43.4545186779375 49.900000000000006
      vertex 39.61229349178414 43.52179274798195 53.900000000000006
      vertex 39.41411047216403 43.4545186779375 53.900000000000006
    endloop
  endfacet
  facet normal 0.4422886902190091 -0.8968727415326844 0
    outer loop
      vertex 39.61229349178414 43.52179274798195 49.900000000000006
      vertex 39.8 43.614359353944906 53.900000000000006
      vertex 39.61229349178414 43.52179274798195 53.900000000000006
    endloop
  endfacet
  facet normal 0.5555702330196042 -0.8314696123025438 0
    outer loop
      vertex 39.8 43.614359353944906 49.900000000000006
      vertex 39.97401828641395 43.73063465553403 53.900000000000006
      vertex 39.8 43.614359353944906 53.900000000000006
    endloop
  endfacet
  facet normal -0.9978589232386026 0.06540312923015869 0
    outer loop
      vertex 37.4 45 49.900000000000006
      vertex 37.4 45 53.900000000000006
      vertex 37.413688221801905 45.208841907552085 53.900000000000006
    endloop
  endfacet
  facet normal -0.6593458151000521 -0.7518398074789923 0
    outer loop
      vertex 37.868629150101526 43.868629150101526 49.900000000000006
      vertex 38.02598171358605 43.73063465553403 53.900000000000006
      vertex 37.868629150101526 43.868629150101526 53.900000000000006
    endloop
  endfacet
  facet normal -0.7518398074789753 -0.6593458151000712 0
    outer loop
      vertex 37.868629150101526 43.868629150101526 49.900000000000006
      vertex 37.868629150101526 43.868629150101526 53.900000000000006
      vertex 37.730634655534026 44.02598171358605 53.900000000000006
    endloop
  endfacet
  facet normal -0.8314696123025438 -0.5555702330196042 0
    outer loop
      vertex 37.730634655534026 44.02598171358605 49.900000000000006
      vertex 37.730634655534026 44.02598171358605 53.900000000000006
      vertex 37.6143593539449 44.2 53.900000000000006
    endloop
  endfacet
  facet normal -0.8968727415326844 -0.4422886902190091 0
    outer loop
      vertex 37.6143593539449 44.2 49.900000000000006
      vertex 37.6143593539449 44.2 53.900000000000006
      vertex 37.52179274798194 44.38770650821586 53.900000000000006
    endloop
  endfacet
  facet normal -0.9469301294951128 -0.32143946530314044 0
    outer loop
      vertex 37.52179274798194 44.38770650821586 49.900000000000006
      vertex 37.52179274798194 44.38770650821586 53.900000000000006
      vertex 37.45451867793749 44.585889527835974 53.900000000000006
    endloop
  endfacet
  facet normal -0.9807852804032285 -0.19509032201613796 0
    outer loop
      vertex 37.45451867793749 44.585889527835974 49.900000000000006
      vertex 37.45451867793749 44.585889527835974 53.900000000000006
      vertex 37.413688221801905 44.791158092447915 53.900000000000006
    endloop
  endfacet
  facet normal -0.9807852804032285 0.19509032201613796 0
    outer loop
      vertex 37.413688221801905 45.208841907552085 49.900000000000006
      vertex 37.413688221801905 45.208841907552085 53.900000000000006
      vertex 37.45451867793749 45.414110472164026 53.900000000000006
    endloop
  endfacet
  facet normal -0.9469301294951128 0.32143946530314044 0
    outer loop
      vertex 37.45451867793749 45.414110472164026 49.900000000000006
      vertex 37.45451867793749 45.414110472164026 53.900000000000006
      vertex 37.52179274798194 45.61229349178414 53.900000000000006
    endloop
  endfacet
  facet normal -0.8968727415326844 0.4422886902190091 0
    outer loop
      vertex 37.52179274798194 45.61229349178414 49.900000000000006
      vertex 37.52179274798194 45.61229349178414 53.900000000000006
      vertex 37.6143593539449 45.8 53.900000000000006
    endloop
  endfacet
  facet normal -0.8314696123025438 0.5555702330196042 0
    outer loop
      vertex 37.6143593539449 45.8 49.900000000000006
      vertex 37.6143593539449 45.8 53.900000000000006
      vertex 37.730634655534026 45.97401828641395 53.900000000000006
    endloop
  endfacet
  facet normal -0.7518398074789753 0.6593458151000712 0
    outer loop
      vertex 37.730634655534026 45.97401828641395 49.900000000000006
      vertex 37.730634655534026 45.97401828641395 53.900000000000006
      vertex 37.868629150101526 46.131370849898474 53.900000000000006
    endloop
  endfacet
  facet normal -0.6593458151000521 0.7518398074789923 0
    outer loop
      vertex 38.02598171358605 46.26936534446597 49.900000000000006
      vertex 37.868629150101526 46.131370849898474 53.900000000000006
      vertex 38.02598171358605 46.26936534446597 53.900000000000006
    endloop
  endfacet
  facet normal -0.5555702330196042 0.8314696123025438 0
    outer loop
      vertex 38.2 46.385640646055094 49.900000000000006
      vertex 38.02598171358605 46.26936534446597 53.900000000000006
      vertex 38.2 46.385640646055094 53.900000000000006
    endloop
  endfacet
  facet normal -0.4422886902190091 0.8968727415326844 0
    outer loop
      vertex 38.38770650821586 46.47820725201805 49.900000000000006
      vertex 38.2 46.385640646055094 53.900000000000006
      vertex 38.38770650821586 46.47820725201805 53.900000000000006
    endloop
  endfacet
  facet normal 0.6593458151000521 -0.7518398074789923 0
    outer loop
      vertex 39.97401828641395 43.73063465553403 49.900000000000006
      vertex 40.131370849898474 43.868629150101526 53.900000000000006
      vertex 39.97401828641395 43.73063465553403 53.900000000000006
    endloop
  endfacet
  facet normal 0.7518398074789753 -0.6593458151000712 0
    outer loop
      vertex 40.269365344465974 44.02598171358605 49.900000000000006
      vertex 40.269365344465974 44.02598171358605 53.900000000000006
      vertex 40.131370849898474 43.868629150101526 53.900000000000006
    endloop
  endfacet
  facet normal 0.8314696123025438 -0.5555702330196042 0
    outer loop
      vertex 40.3856406460551 44.2 49.900000000000006
      vertex 40.3856406460551 44.2 53.900000000000006
      vertex 40.269365344465974 44.02598171358605 53.900000000000006
    endloop
  endfacet
  facet normal 0.8968727415326844 -0.4422886902190091 0
    outer loop
      vertex 40.47820725201806 44.38770650821586 49.900000000000006
      vertex 40.47820725201806 44.38770650821586 53.900000000000006
      vertex 40.3856406460551 44.2 53.900000000000006
    endloop
  endfacet
  facet normal 0.9469301294951128 -0.32143946530314044 0
    outer loop
      vertex 40.54548132206251 44.585889527835974 49.900000000000006
      vertex 40.54548132206251 44.585889527835974 53.900000000000006
      vertex 40.47820725201806 44.38770650821586 53.900000000000006
    endloop
  endfacet
  facet normal 0.9807852804032285 -0.19509032201613796 0
    outer loop
      vertex 40.586311778198095 44.791158092447915 49.900000000000006
      vertex 40.586311778198095 44.791158092447915 53.900000000000006
      vertex 40.54548132206251 44.585889527835974 53.900000000000006
    endloop
  endfacet
  facet normal 0.9978589232386026 -0.06540312923015869 0
    outer loop
      vertex 40.6 45 49.900000000000006
      vertex 40.6 45 53.900000000000006
      vertex 40.586311778198095 44.791158092447915 53.900000000000006
    endloop
  endfacet
  facet normal -0.3214394653031508 0.9469301294951094 0
    outer loop
      vertex 38.58588952783597 46.5454813220625 49.900000000000006
      vertex 38.38770650821586 46.47820725201805 53.900000000000006
      vertex 38.58588952783597 46.5454813220625 53.900000000000006
    endloop
  endfacet
  facet normal -0.1950903220161641 0.9807852804032233 0
    outer loop
      vertex 38.791158092447915 46.586311778198095 49.900000000000006
      vertex 38.58588952783597 46.5454813220625 53.900000000000006
      vertex 38.791158092447915 46.586311778198095 53.900000000000006
    endloop
  endfacet
  facet normal -0.06540312923012488 0.9978589232386047 0
    outer loop
      vertex 39 46.599999999999994 49.900000000000006
      vertex 38.791158092447915 46.586311778198095 53.900000000000006
      vertex 39 46.599999999999994 53.900000000000006
    endloop
  endfacet
  facet normal 0.06540312923012488 0.9978589232386047 0
    outer loop
      vertex 39.208841907552085 46.586311778198095 49.900000000000006
      vertex 39 46.599999999999994 53.900000000000006
      vertex 39.208841907552085 46.586311778198095 53.900000000000006
    endloop
  endfacet
  facet normal 0.1950903220161641 0.9807852804032233 0
    outer loop
      vertex 39.41411047216403 46.5454813220625 49.900000000000006
      vertex 39.208841907552085 46.586311778198095 53.900000000000006
      vertex 39.41411047216403 46.5454813220625 53.900000000000006
    endloop
  endfacet
  facet normal 0.9807852804032285 0.19509032201613796 0
    outer loop
      vertex 40.54548132206251 45.414110472164026 49.900000000000006
      vertex 40.54548132206251 45.414110472164026 53.900000000000006
      vertex 40.586311778198095 45.208841907552085 53.900000000000006
    endloop
  endfacet
  facet normal 0.9469301294951128 0.32143946530314044 0
    outer loop
      vertex 40.47820725201806 45.61229349178414 49.900000000000006
      vertex 40.47820725201806 45.61229349178414 53.900000000000006
      vertex 40.54548132206251 45.414110472164026 53.900000000000006
    endloop
  endfacet
  facet normal 0.8968727415326844 0.4422886902190091 0
    outer loop
      vertex 40.3856406460551 45.8 49.900000000000006
      vertex 40.3856406460551 45.8 53.900000000000006
      vertex 40.47820725201806 45.61229349178414 53.900000000000006
    endloop
  endfacet
  facet normal 0.4422886902190091 0.8968727415326844 0
    outer loop
      vertex 39.8 46.385640646055094 49.900000000000006
      vertex 39.61229349178414 46.47820725201805 53.900000000000006
      vertex 39.8 46.385640646055094 53.900000000000006
    endloop
  endfacet
  facet normal 0.3214394653031508 0.9469301294951094 0
    outer loop
      vertex 39.61229349178414 46.47820725201805 49.900000000000006
      vertex 39.41411047216403 46.5454813220625 53.900000000000006
      vertex 39.61229349178414 46.47820725201805 53.900000000000006
    endloop
  endfacet
  facet normal 0.5555702330196042 0.8314696123025438 0
    outer loop
      vertex 39.97401828641395 46.26936534446597 49.900000000000006
      vertex 39.8 46.385640646055094 53.900000000000006
      vertex 39.97401828641395 46.26936534446597 53.900000000000006
    endloop
  endfacet
  facet normal 0.8314696123025438 0.5555702330196042 0
    outer loop
      vertex 40.269365344465974 45.97401828641395 49.900000000000006
      vertex 40.269365344465974 45.97401828641395 53.900000000000006
      vertex 40.3856406460551 45.8 53.900000000000006
    endloop
  endfacet
  facet normal 0.7518398074789753 0.6593458151000712 0
    outer loop
      vertex 40.131370849898474 46.131370849898474 49.900000000000006
      vertex 40.131370849898474 46.131370849898474 53.900000000000006
      vertex 40.269365344465974 45.97401828641395 53.900000000000006
    endloop
  endfacet
  facet normal 0.6593458151000521 0.7518398074789923 0
    outer loop
      vertex 40.131370849898474 46.131370849898474 49.900000000000006
      vertex 39.97401828641395 46.26936534446597 53.900000000000006
      vertex 40.131370849898474 46.131370849898474 53.900000000000006
    endloop
  endfacet
  facet normal 0 0 1
    outer loop
      vertex 38.38770650821586 43.52179274798195 53.900000000000006
      vertex 38.58588952783597 43.4545186779375 53.900000000000006
      vertex 38.4875 44.11232396112095 53.900000000000006
    endloop
  endfacet
  facet normal 0 0 1
    outer loop
      vertex 38.58588952783597 43.4545186779375 53.900000000000006
      vertex 38.791158092447915 43.413688221801905 53.900000000000006
      vertex 38.73471047876992 44.00992602805371 53.900000000000006
    endloop
  endfacet
  facet normal 0 0 1
    outer loop
      vertex 38.791158092447915 43.413688221801905 53.900000000000006
      vertex 39 43.400000000000006 53.900000000000006
      vertex 38.866210652974445 43.983769017091845 53.900000000000006
    endloop
  endfacet
  facet normal 0 0 1
    outer loop
      vertex 39 43.400000000000006 53.900000000000006
      vertex 39.208841907552085 43.413688221801905 53.900000000000006
      vertex 39.133789347025555 43.983769017091845 53.900000000000006
    endloop
  endfacet
  facet normal 0 0 1
    outer loop
      vertex 39.208841907552085 43.413688221801905 53.900000000000006
      vertex 39.41411047216403 43.4545186779375 53.900000000000006
      vertex 39.133789347025555 43.983769017091845 53.900000000000006
    endloop
  endfacet
  facet normal 0 0 1
    outer loop
      vertex 39.41411047216403 43.4545186779375 53.900000000000006
      vertex 39.61229349178414 43.52179274798195 53.900000000000006
      vertex 39.392250518174215 44.053023479175934 53.900000000000006
    endloop
  endfacet
  facet normal 0 0 1
    outer loop
      vertex 39.61229349178414 43.52179274798195 53.900000000000006
      vertex 39.8 43.614359353944906 53.900000000000006
      vertex 39.5125 44.11232396112095 53.900000000000006
    endloop
  endfacet
  facet normal 0 0 1
    outer loop
      vertex 38.02598171358605 43.73063465553403 53.900000000000006
      vertex 38.2 43.614359353944906 53.900000000000006
      vertex 38.11232396112095 44.4875 53.900000000000006
    endloop
  endfacet
  facet normal 0 0 1
    outer loop
      vertex 38.2 43.614359353944906 53.900000000000006
      vertex 38.38770650821586 43.52179274798195 53.900000000000006
      vertex 38.275215549283786 44.275215549283786 53.900000000000006
    endloop
  endfacet
  facet normal 0 0 1
    outer loop
      vertex 38.2 43.614359353944906 53.900000000000006
      vertex 38.275215549283786 44.275215549283786 53.900000000000006
      vertex 38.18681282620148 44.37601953526607 53.900000000000006
    endloop
  endfacet
  facet normal 0 0 1
    outer loop
      vertex 38.38770650821586 43.52179274798195 53.900000000000006
      vertex 38.37601953526606 44.186812826201475 53.900000000000006
      vertex 38.275215549283786 44.275215549283786 53.900000000000006
    endloop
  endfacet
  facet normal 0 0 1
    outer loop
      vertex 38.38770650821586 43.52179274798195 53.900000000000006
      vertex 38.4875 44.11232396112095 53.900000000000006
      vertex 38.37601953526606 44.186812826201475 53.900000000000006
    endloop
  endfacet
  facet normal 0 0 1
    outer loop
      vertex 38.02598171358605 43.73063465553403 53.900000000000006
      vertex 38.11232396112095 44.4875 53.900000000000006
      vertex 38.053023479175934 44.60774948182578 53.900000000000006
    endloop
  endfacet
  facet normal 0 0 1
    outer loop
      vertex 38.2 43.614359353944906 53.900000000000006
      vertex 38.18681282620148 44.37601953526607 53.900000000000006
      vertex 38.11232396112095 44.4875 53.900000000000006
    endloop
  endfacet
  facet normal 0 0 1
    outer loop
      vertex 38.02598171358605 43.73063465553403 53.900000000000006
      vertex 38.053023479175934 44.60774948182578 53.900000000000006
      vertex 38.009926028053705 44.73471047876993 53.900000000000006
    endloop
  endfacet
  facet normal 0 0 1
    outer loop
      vertex 38.02598171358605 43.73063465553403 53.900000000000006
      vertex 38.009926028053705 44.73471047876993 53.900000000000006
      vertex 37.983769017091845 44.866210652974445 53.900000000000006
    endloop
  endfacet
  facet normal 0 0 1
    outer loop
      vertex 37.52179274798194 44.38770650821586 53.900000000000006
      vertex 37.45451867793749 45.414110472164026 53.900000000000006
      vertex 37.45451867793749 44.585889527835974 53.900000000000006
    endloop
  endfacet
  facet normal 0 0 1
    outer loop
      vertex 37.730634655534026 44.02598171358605 53.900000000000006
      vertex 37.6143593539449 45.8 53.900000000000006
      vertex 37.6143593539449 44.2 53.900000000000006
    endloop
  endfacet
  facet normal 0 0 1
    outer loop
      vertex 37.6143593539449 44.2 53.900000000000006
      vertex 37.52179274798194 45.61229349178414 53.900000000000006
      vertex 37.52179274798194 44.38770650821586 53.900000000000006
    endloop
  endfacet
  facet normal 0 0 1
    outer loop
      vertex 37.868629150101526 43.868629150101526 53.900000000000006
      vertex 37.730634655534026 45.97401828641395 53.900000000000006
      vertex 37.730634655534026 44.02598171358605 53.900000000000006
    endloop
  endfacet
  facet normal 0 0 1
    outer loop
      vertex 38.02598171358605 43.73063465553403 53.900000000000006
      vertex 37.868629150101526 46.131370849898474 53.900000000000006
      vertex 37.868629150101526 43.868629150101526 53.900000000000006
    endloop
  endfacet
  facet normal 0 0 1
    outer loop
      vertex 37.45451867793749 44.585889527835974 53.900000000000006
      vertex 37.413688221801905 45.208841907552085 53.900000000000006
      vertex 37.413688221801905 44.791158092447915 53.900000000000006
    endloop
  endfacet
  facet normal 0 0 1
    outer loop
      vertex 37.413688221801905 44.791158092447915 53.900000000000006
      vertex 37.413688221801905 45.208841907552085 53.900000000000006
      vertex 37.4 45 53.900000000000006
    endloop
  endfacet
  facet normal 0 0 1
    outer loop
      vertex 37.45451867793749 44.585889527835974 53.900000000000006
      vertex 37.45451867793749 45.414110472164026 53.900000000000006
      vertex 37.413688221801905 45.208841907552085 53.900000000000006
    endloop
  endfacet
  facet normal 0 0 1
    outer loop
      vertex 37.52179274798194 44.38770650821586 53.900000000000006
      vertex 37.52179274798194 45.61229349178414 53.900000000000006
      vertex 37.45451867793749 45.414110472164026 53.900000000000006
    endloop
  endfacet
  facet normal 0 0 1
    outer loop
      vertex 38.02598171358605 43.73063465553403 53.900000000000006
      vertex 37.983769017091845 44.866210652974445 53.900000000000006
      vertex 37.975 45 53.900000000000006
    endloop
  endfacet
  facet normal 0 0 1
    outer loop
      vertex 38.02598171358605 43.73063465553403 53.900000000000006
      vertex 37.975 45 53.900000000000006
      vertex 37.868629150101526 46.131370849898474 53.900000000000006
    endloop
  endfacet
  facet normal 0 0 1
    outer loop
      vertex 37.6143593539449 44.2 53.900000000000006
      vertex 37.6143593539449 45.8 53.900000000000006
      vertex 37.52179274798194 45.61229349178414 53.900000000000006
    endloop
  endfacet
  facet normal 0 0 1
    outer loop
      vertex 37.730634655534026 44.02598171358605 53.900000000000006
      vertex 37.730634655534026 45.97401828641395 53.900000000000006
      vertex 37.6143593539449 45.8 53.900000000000006
    endloop
  endfacet
  facet normal 0 0 1
    outer loop
      vertex 37.868629150101526 43.868629150101526 53.900000000000006
      vertex 37.868629150101526 46.131370849898474 53.900000000000006
      vertex 37.730634655534026 45.97401828641395 53.900000000000006
    endloop
  endfacet
  facet normal 0 0 1
    outer loop
      vertex 37.975 45 53.900000000000006
      vertex 37.983769017091845 45.133789347025555 53.900000000000006
      vertex 37.868629150101526 46.131370849898474 53.900000000000006
    endloop
  endfacet
  facet normal 0 0 1
    outer loop
      vertex 37.983769017091845 45.133789347025555 53.900000000000006
      vertex 38.009926028053705 45.26528952123007 53.900000000000006
      vertex 37.868629150101526 46.131370849898474 53.900000000000006
    endloop
  endfacet
  facet normal 0 0 1
    outer loop
      vertex 38.009926028053705 45.26528952123007 53.900000000000006
      vertex 38.053023479175934 45.39225051817422 53.900000000000006
      vertex 37.868629150101526 46.131370849898474 53.900000000000006
    endloop
  endfacet
  facet normal 0 0 1
    outer loop
      vertex 38.053023479175934 45.39225051817422 53.900000000000006
      vertex 38.11232396112095 45.5125 53.900000000000006
      vertex 38.02598171358605 46.26936534446597 53.900000000000006
    endloop
  endfacet
  facet normal 0 0 1
    outer loop
      vertex 38.11232396112095 45.5125 53.900000000000006
      vertex 38.18681282620148 45.62398046473393 53.900000000000006
      vertex 38.02598171358605 46.26936534446597 53.900000000000006
    endloop
  endfacet
  facet normal 0 0 1
    outer loop
      vertex 38.18681282620148 45.62398046473393 53.900000000000006
      vertex 38.275215549283786 45.724784450716214 53.900000000000006
      vertex 38.02598171358605 46.26936534446597 53.900000000000006
    endloop
  endfacet
  facet normal 0 0 1
    outer loop
      vertex 38.053023479175934 45.39225051817422 53.900000000000006
      vertex 38.02598171358605 46.26936534446597 53.900000000000006
      vertex 37.868629150101526 46.131370849898474 53.900000000000006
    endloop
  endfacet
  facet normal 0 0 1
    outer loop
      vertex 38.275215549283786 45.724784450716214 53.900000000000006
      vertex 38.2 46.385640646055094 53.900000000000006
      vertex 38.02598171358605 46.26936534446597 53.900000000000006
    endloop
  endfacet
  facet normal 0 0 1
    outer loop
      vertex 38.275215549283786 45.724784450716214 53.900000000000006
      vertex 38.37601953526606 45.813187173798525 53.900000000000006
      vertex 38.2 46.385640646055094 53.900000000000006
    endloop
  endfacet
  facet normal 0 0 1
    outer loop
      vertex 38.37601953526606 45.813187173798525 53.900000000000006
      vertex 38.4875 45.88767603887905 53.900000000000006
      vertex 38.2 46.385640646055094 53.900000000000006
    endloop
  endfacet
  facet normal 0 0 1
    outer loop
      vertex 38.2 46.385640646055094 53.900000000000006
      vertex 38.4875 45.88767603887905 53.900000000000006
      vertex 38.38770650821586 46.47820725201805 53.900000000000006
    endloop
  endfacet
  facet normal 0 0 1
    outer loop
      vertex 38.58588952783597 43.4545186779375 53.900000000000006
      vertex 38.607749481825785 44.053023479175934 53.900000000000006
      vertex 38.4875 44.11232396112095 53.900000000000006
    endloop
  endfacet
  facet normal 0 0 1
    outer loop
      vertex 38.58588952783597 43.4545186779375 53.900000000000006
      vertex 38.73471047876992 44.00992602805371 53.900000000000006
      vertex 38.607749481825785 44.053023479175934 53.900000000000006
    endloop
  endfacet
  facet normal 0 0 1
    outer loop
      vertex 38.791158092447915 43.413688221801905 53.900000000000006
      vertex 38.866210652974445 43.983769017091845 53.900000000000006
      vertex 38.73471047876992 44.00992602805371 53.900000000000006
    endloop
  endfacet
  facet normal 0 0 1
    outer loop
      vertex 39 43.400000000000006 53.900000000000006
      vertex 39 43.974999999999994 53.900000000000006
      vertex 38.866210652974445 43.983769017091845 53.900000000000006
    endloop
  endfacet
  facet normal 0 0 1
    outer loop
      vertex 39 43.400000000000006 53.900000000000006
      vertex 39.133789347025555 43.983769017091845 53.900000000000006
      vertex 39 43.974999999999994 53.900000000000006
    endloop
  endfacet
  facet normal 0 0 1
    outer loop
      vertex 39.41411047216403 43.4545186779375 53.900000000000006
      vertex 39.26528952123008 44.00992602805371 53.900000000000006
      vertex 39.133789347025555 43.983769017091845 53.900000000000006
    endloop
  endfacet
  facet normal 0 0 1
    outer loop
      vertex 39.41411047216403 43.4545186779375 53.900000000000006
      vertex 39.392250518174215 44.053023479175934 53.900000000000006
      vertex 39.26528952123008 44.00992602805371 53.900000000000006
    endloop
  endfacet
  facet normal 0 0 1
    outer loop
      vertex 39.61229349178414 43.52179274798195 53.900000000000006
      vertex 39.5125 44.11232396112095 53.900000000000006
      vertex 39.392250518174215 44.053023479175934 53.900000000000006
    endloop
  endfacet
  facet normal 0 0 1
    outer loop
      vertex 39.8 43.614359353944906 53.900000000000006
      vertex 39.62398046473394 44.186812826201475 53.900000000000006
      vertex 39.5125 44.11232396112095 53.900000000000006
    endloop
  endfacet
  facet normal 0 0 1
    outer loop
      vertex 39.8 43.614359353944906 53.900000000000006
      vertex 39.724784450716214 44.275215549283786 53.900000000000006
      vertex 39.62398046473394 44.186812826201475 53.900000000000006
    endloop
  endfacet
  facet normal 0 0 1
    outer loop
      vertex 39.8 43.614359353944906 53.900000000000006
      vertex 39.97401828641395 43.73063465553403 53.900000000000006
      vertex 39.724784450716214 44.275215549283786 53.900000000000006
    endloop
  endfacet
  facet normal 0 0 1
    outer loop
      vertex 39.97401828641395 43.73063465553403 53.900000000000006
      vertex 40.131370849898474 43.868629150101526 53.900000000000006
      vertex 39.946976520824066 44.60774948182578 53.900000000000006
    endloop
  endfacet
  facet normal 0 0 1
    outer loop
      vertex 39.97401828641395 43.73063465553403 53.900000000000006
      vertex 39.81318717379852 44.37601953526607 53.900000000000006
      vertex 39.724784450716214 44.275215549283786 53.900000000000006
    endloop
  endfacet
  facet normal 0 0 1
    outer loop
      vertex 39.97401828641395 43.73063465553403 53.900000000000006
      vertex 39.88767603887905 44.4875 53.900000000000006
      vertex 39.81318717379852 44.37601953526607 53.900000000000006
    endloop
  endfacet
  facet normal 0 0 1
    outer loop
      vertex 39.97401828641395 43.73063465553403 53.900000000000006
      vertex 39.946976520824066 44.60774948182578 53.900000000000006
      vertex 39.88767603887905 44.4875 53.900000000000006
    endloop
  endfacet
  facet normal 0 0 1
    outer loop
      vertex 40.131370849898474 43.868629150101526 53.900000000000006
      vertex 39.990073971946295 44.73471047876993 53.900000000000006
      vertex 39.946976520824066 44.60774948182578 53.900000000000006
    endloop
  endfacet
  facet normal 0 0 1
    outer loop
      vertex 40.131370849898474 43.868629150101526 53.900000000000006
      vertex 40.016230982908155 44.866210652974445 53.900000000000006
      vertex 39.990073971946295 44.73471047876993 53.900000000000006
    endloop
  endfacet
  facet normal 0 0 1
    outer loop
      vertex 40.131370849898474 43.868629150101526 53.900000000000006
      vertex 40.025 45 53.900000000000006
      vertex 40.016230982908155 44.866210652974445 53.900000000000006
    endloop
  endfacet
  facet normal 0 0 1
    outer loop
      vertex 40.131370849898474 43.868629150101526 53.900000000000006
      vertex 39.97401828641395 46.26936534446597 53.900000000000006
      vertex 40.025 45 53.900000000000006
    endloop
  endfacet
  facet normal 0 0 1
    outer loop
      vertex 40.131370849898474 43.868629150101526 53.900000000000006
      vertex 40.269365344465974 44.02598171358605 53.900000000000006
      vertex 40.131370849898474 46.131370849898474 53.900000000000006
    endloop
  endfacet
  facet normal 0 0 1
    outer loop
      vertex 40.269365344465974 44.02598171358605 53.900000000000006
      vertex 40.3856406460551 44.2 53.900000000000006
      vertex 40.269365344465974 45.97401828641395 53.900000000000006
    endloop
  endfacet
  facet normal 0 0 1
    outer loop
      vertex 40.3856406460551 44.2 53.900000000000006
      vertex 40.47820725201806 44.38770650821586 53.900000000000006
      vertex 40.3856406460551 45.8 53.900000000000006
    endloop
  endfacet
  facet normal 0 0 1
    outer loop
      vertex 40.47820725201806 44.38770650821586 53.900000000000006
      vertex 40.54548132206251 44.585889527835974 53.900000000000006
      vertex 40.47820725201806 45.61229349178414 53.900000000000006
    endloop
  endfacet
  facet normal 0 0 1
    outer loop
      vertex 40.54548132206251 44.585889527835974 53.900000000000006
      vertex 40.586311778198095 44.791158092447915 53.900000000000006
      vertex 40.54548132206251 45.414110472164026 53.900000000000006
    endloop
  endfacet
  facet normal 0 0 1
    outer loop
      vertex 40.586311778198095 44.791158092447915 53.900000000000006
      vertex 40.6 45 53.900000000000006
      vertex 40.586311778198095 45.208841907552085 53.900000000000006
    endloop
  endfacet
  facet normal 0 0 1
    outer loop
      vertex 40.586311778198095 44.791158092447915 53.900000000000006
      vertex 40.586311778198095 45.208841907552085 53.900000000000006
      vertex 40.54548132206251 45.414110472164026 53.900000000000006
    endloop
  endfacet
  facet normal 0 0 1
    outer loop
      vertex 38.38770650821586 46.47820725201805 53.900000000000006
      vertex 38.4875 45.88767603887905 53.900000000000006
      vertex 38.607749481825785 45.946976520824066 53.900000000000006
    endloop
  endfacet
  facet normal 0 0 1
    outer loop
      vertex 38.607749481825785 45.946976520824066 53.900000000000006
      vertex 38.73471047876992 45.99007397194629 53.900000000000006
      vertex 38.58588952783597 46.5454813220625 53.900000000000006
    endloop
  endfacet
  facet normal 0 0 1
    outer loop
      vertex 38.73471047876992 45.99007397194629 53.900000000000006
      vertex 38.866210652974445 46.016230982908155 53.900000000000006
      vertex 38.58588952783597 46.5454813220625 53.900000000000006
    endloop
  endfacet
  facet normal 0 0 1
    outer loop
      vertex 38.866210652974445 46.016230982908155 53.900000000000006
      vertex 39 46.025000000000006 53.900000000000006
      vertex 39 46.599999999999994 53.900000000000006
    endloop
  endfacet
  facet normal 0 0 1
    outer loop
      vertex 38.38770650821586 46.47820725201805 53.900000000000006
      vertex 38.607749481825785 45.946976520824066 53.900000000000006
      vertex 38.58588952783597 46.5454813220625 53.900000000000006
    endloop
  endfacet
  facet normal 0 0 1
    outer loop
      vertex 38.866210652974445 46.016230982908155 53.900000000000006
      vertex 38.791158092447915 46.586311778198095 53.900000000000006
      vertex 38.58588952783597 46.5454813220625 53.900000000000006
    endloop
  endfacet
  facet normal 0 0 1
    outer loop
      vertex 38.866210652974445 46.016230982908155 53.900000000000006
      vertex 39 46.599999999999994 53.900000000000006
      vertex 38.791158092447915 46.586311778198095 53.900000000000006
    endloop
  endfacet
  facet normal 0 0 1
    outer loop
      vertex 39 46.025000000000006 53.900000000000006
      vertex 39.133789347025555 46.016230982908155 53.900000000000006
      vertex 39 46.599999999999994 53.900000000000006
    endloop
  endfacet
  facet normal 0 0 1
    outer loop
      vertex 39.133789347025555 46.016230982908155 53.900000000000006
      vertex 39.26528952123008 45.99007397194629 53.900000000000006
      vertex 39.208841907552085 46.586311778198095 53.900000000000006
    endloop
  endfacet
  facet normal 0 0 1
    outer loop
      vertex 39.26528952123008 45.99007397194629 53.900000000000006
      vertex 39.392250518174215 45.946976520824066 53.900000000000006
      vertex 39.41411047216403 46.5454813220625 53.900000000000006
    endloop
  endfacet
  facet normal 0 0 1
    outer loop
      vertex 39.392250518174215 45.946976520824066 53.900000000000006
      vertex 39.5125 45.88767603887905 53.900000000000006
      vertex 39.41411047216403 46.5454813220625 53.900000000000006
    endloop
  endfacet
  facet normal 0 0 1
    outer loop
      vertex 39 46.599999999999994 53.900000000000006
      vertex 39.133789347025555 46.016230982908155 53.900000000000006
      vertex 39.208841907552085 46.586311778198095 53.900000000000006
    endloop
  endfacet
  facet normal 0 0 1
    outer loop
      vertex 39.26528952123008 45.99007397194629 53.900000000000006
      vertex 39.41411047216403 46.5454813220625 53.900000000000006
      vertex 39.208841907552085 46.586311778198095 53.900000000000006
    endloop
  endfacet
  facet normal 0 0 1
    outer loop
      vertex 39.5125 45.88767603887905 53.900000000000006
      vertex 39.61229349178414 46.47820725201805 53.900000000000006
      vertex 39.41411047216403 46.5454813220625 53.900000000000006
    endloop
  endfacet
  facet normal 0 0 1
    outer loop
      vertex 40.025 45 53.900000000000006
      vertex 39.97401828641395 46.26936534446597 53.900000000000006
      vertex 40.016230982908155 45.133789347025555 53.900000000000006
    endloop
  endfacet
  facet normal 0 0 1
    outer loop
      vertex 40.016230982908155 45.133789347025555 53.900000000000006
      vertex 39.97401828641395 46.26936534446597 53.900000000000006
      vertex 39.990073971946295 45.26528952123007 53.900000000000006
    endloop
  endfacet
  facet normal 0 0 1
    outer loop
      vertex 39.990073971946295 45.26528952123007 53.900000000000006
      vertex 39.97401828641395 46.26936534446597 53.900000000000006
      vertex 39.946976520824066 45.39225051817422 53.900000000000006
    endloop
  endfacet
  facet normal 0 0 1
    outer loop
      vertex 39.88767603887905 45.5125 53.900000000000006
      vertex 39.8 46.385640646055094 53.900000000000006
      vertex 39.81318717379852 45.62398046473393 53.900000000000006
    endloop
  endfacet
  facet normal 0 0 1
    outer loop
      vertex 39.88767603887905 45.5125 53.900000000000006
      vertex 39.946976520824066 45.39225051817422 53.900000000000006
      vertex 39.97401828641395 46.26936534446597 53.900000000000006
    endloop
  endfacet
  facet normal 0 0 1
    outer loop
      vertex 40.131370849898474 43.868629150101526 53.900000000000006
      vertex 40.131370849898474 46.131370849898474 53.900000000000006
      vertex 39.97401828641395 46.26936534446597 53.900000000000006
    endloop
  endfacet
  facet normal 0 0 1
    outer loop
      vertex 40.269365344465974 44.02598171358605 53.900000000000006
      vertex 40.269365344465974 45.97401828641395 53.900000000000006
      vertex 40.131370849898474 46.131370849898474 53.900000000000006
    endloop
  endfacet
  facet normal 0 0 1
    outer loop
      vertex 40.3856406460551 44.2 53.900000000000006
      vertex 40.3856406460551 45.8 53.900000000000006
      vertex 40.269365344465974 45.97401828641395 53.900000000000006
    endloop
  endfacet
  facet normal 0 0 1
    outer loop
      vertex 40.47820725201806 44.38770650821586 53.900000000000006
      vertex 40.47820725201806 45.61229349178414 53.900000000000006
      vertex 40.3856406460551 45.8 53.900000000000006
    endloop
  endfacet
  facet normal 0 0 1
    outer loop
      vertex 40.54548132206251 44.585889527835974 53.900000000000006
      vertex 40.54548132206251 45.414110472164026 53.900000000000006
      vertex 40.47820725201806 45.61229349178414 53.900000000000006
    endloop
  endfacet
  facet normal 0 0 1
    outer loop
      vertex 39.5125 45.88767603887905 53.900000000000006
      vertex 39.62398046473394 45.813187173798525 53.900000000000006
      vertex 39.61229349178414 46.47820725201805 53.900000000000006
    endloop
  endfacet
  facet normal 0 0 1
    outer loop
      vertex 39.62398046473394 45.813187173798525 53.900000000000006
      vertex 39.724784450716214 45.724784450716214 53.900000000000006
      vertex 39.61229349178414 46.47820725201805 53.900000000000006
    endloop
  endfacet
  facet normal 0 0 1
    outer loop
      vertex 39.724784450716214 45.724784450716214 53.900000000000006
      vertex 39.81318717379852 45.62398046473393 53.900000000000006
      vertex 39.8 46.385640646055094 53.900000000000006
    endloop
  endfacet
  facet normal 0 0 1
    outer loop
      vertex 39.724784450716214 45.724784450716214 53.900000000000006
      vertex 39.8 46.385640646055094 53.900000000000006
      vertex 39.61229349178414 46.47820725201805 53.900000000000006
    endloop
  endfacet
  facet normal 0 0 1
    outer loop
      vertex 39.88767603887905 45.5125 53.900000000000006
      vertex 39.97401828641395 46.26936534446597 53.900000000000006
      vertex 39.8 46.385640646055094 53.900000000000006
    endloop
  endfacet
  facet normal -0.9978589232386024 -0.06540312923016091 0
    outer loop
      vertex 37.4 45 49.900000000000006
      vertex 37.413688221801905 44.79115809244792 49.900000000000006
      vertex 37.4 45 53.900000000000006
    endloop
  endfacet
  facet normal -0.9807852804032299 -0.19509032201613147 -3.465500278141524e-16
    outer loop
      vertex 37.413688221801905 44.79115809244792 49.900000000000006
      vertex 37.45451867793749 44.585889527835974 49.900000000000006
      vertex 37.413688221801905 44.791158092447915 53.900000000000006
    endloop
  endfacet
  facet normal 0.9978589232386024 0.06540312923016091 0
    outer loop
      vertex 40.6 45 49.900000000000006
      vertex 40.586311778198095 45.20884190755208 49.900000000000006
      vertex 40.6 45 53.900000000000006
    endloop
  endfacet
  facet normal 0.9807852804032299 0.19509032201613147 -3.465500278141524e-16
    outer loop
      vertex 40.586311778198095 45.20884190755208 49.900000000000006
      vertex 40.54548132206251 45.414110472164026 49.900000000000006
      vertex 40.586311778198095 45.208841907552085 53.900000000000006
    endloop
  endfacet
  facet normal -0.9978589232386026 -0.06540312923015869 -1.1655859000971447e-16
    outer loop
      vertex 37.4 45 53.900000000000006
      vertex 37.413688221801905 44.79115809244792 49.900000000000006
      vertex 37.413688221801905 44.791158092447915 53.900000000000006
    endloop
  endfacet
  facet normal 0.9978589232386026 0.06540312923015869 -1.1655859000971447e-16
    outer loop
      vertex 40.6 45 53.900000000000006
      vertex 40.586311778198095 45.20884190755208 49.900000000000006
      vertex 40.586311778198095 45.208841907552085 53.900000000000006
    endloop
  endfacet
  facet normal 0.8314696123025295 0.5555702330196256 0
    outer loop
      vertex 38.18681282620148 44.37601953526607 49.900000000000006
      vertex 38.11232396112095 44.4875 49.900000000000006
      vertex 38.11232396112095 44.4875 53.900000000000006
    endloop
  endfacet
  facet normal 0.6593458151000869 0.7518398074789616 0
    outer loop
      vertex 38.275215549283786 44.275215549283786 49.900000000000006
      vertex 38.275215549283786 44.275215549283786 53.900000000000006
      vertex 38.37601953526606 44.186812826201475 49.900000000000006
    endloop
  endfacet
  facet normal 0.5555702330195647 0.8314696123025704 0
    outer loop
      vertex 38.37601953526606 44.186812826201475 49.900000000000006
      vertex 38.37601953526606 44.186812826201475 53.900000000000006
      vertex 38.4875 44.11232396112095 49.900000000000006
    endloop
  endfacet
  facet normal 0.7518398074790109 0.6593458151000307 0
    outer loop
      vertex 38.18681282620148 44.37601953526607 49.900000000000006
      vertex 38.18681282620148 44.37601953526607 53.900000000000006
      vertex 38.275215549283786 44.275215549283786 49.900000000000006
    endloop
  endfacet
  facet normal 0.8968727415326949 0.44228869021898776 0
    outer loop
      vertex 38.053023479175934 44.60774948182578 49.900000000000006
      vertex 38.053023479175934 44.60774948182578 53.900000000000006
      vertex 38.11232396112095 44.4875 49.900000000000006
    endloop
  endfacet
  facet normal 0.9469301294951116 0.32143946530314443 0
    outer loop
      vertex 38.053023479175934 44.60774948182578 49.900000000000006
      vertex 38.009926028053705 44.73471047876993 49.900000000000006
      vertex 38.009926028053705 44.73471047876993 53.900000000000006
    endloop
  endfacet
  facet normal 0.9807852804032273 0.19509032201614346 0
    outer loop
      vertex 38.009926028053705 44.73471047876993 49.900000000000006
      vertex 37.983769017091845 44.866210652974445 49.900000000000006
      vertex 37.983769017091845 44.866210652974445 53.900000000000006
    endloop
  endfacet
  facet normal 0.9978589232386039 0.06540312923013598 0
    outer loop
      vertex 37.983769017091845 44.866210652974445 49.900000000000006
      vertex 37.975 45 49.900000000000006
      vertex 37.975 45 53.900000000000006
    endloop
  endfacet
  facet normal 0.9978589232386039 -0.06540312923013598 0
    outer loop
      vertex 37.975 45 49.900000000000006
      vertex 37.983769017091845 45.133789347025555 49.900000000000006
      vertex 37.983769017091845 45.133789347025555 53.900000000000006
    endloop
  endfacet
  facet normal 0.9807852804032273 -0.19509032201614346 0
    outer loop
      vertex 37.983769017091845 45.133789347025555 49.900000000000006
      vertex 38.009926028053705 45.26528952123007 49.900000000000006
      vertex 38.009926028053705 45.26528952123007 53.900000000000006
    endloop
  endfacet
  facet normal 0.9469301294951116 -0.32143946530314443 0
    outer loop
      vertex 38.009926028053705 45.26528952123007 49.900000000000006
      vertex 38.053023479175934 45.39225051817422 49.900000000000006
      vertex 38.053023479175934 45.39225051817422 53.900000000000006
    endloop
  endfacet
  facet normal 0.8968727415326949 -0.44228869021898776 0
    outer loop
      vertex 38.053023479175934 45.39225051817422 49.900000000000006
      vertex 38.11232396112095 45.5125 49.900000000000006
      vertex 38.11232396112095 45.5125 53.900000000000006
    endloop
  endfacet
  facet normal 0.8314696123025295 -0.5555702330196256 0
    outer loop
      vertex 38.11232396112095 45.5125 49.900000000000006
      vertex 38.18681282620148 45.62398046473393 49.900000000000006
      vertex 38.18681282620148 45.62398046473393 53.900000000000006
    endloop
  endfacet
  facet normal 0.7518398074790109 -0.6593458151000307 0
    outer loop
      vertex 38.18681282620148 45.62398046473393 49.900000000000006
      vertex 38.275215549283786 45.724784450716214 49.900000000000006
      vertex 38.275215549283786 45.724784450716214 53.900000000000006
    endloop
  endfacet
  facet normal 0.6593458151000869 -0.7518398074789616 0
    outer loop
      vertex 38.275215549283786 45.724784450716214 49.900000000000006
      vertex 38.37601953526606 45.813187173798525 49.900000000000006
      vertex 38.37601953526606 45.813187173798525 53.900000000000006
    endloop
  endfacet
  facet normal 0.5555702330195647 -0.8314696123025704 0
    outer loop
      vertex 38.37601953526606 45.813187173798525 49.900000000000006
      vertex 38.4875 45.88767603887905 49.900000000000006
      vertex 38.4875 45.88767603887905 53.900000000000006
    endloop
  endfacet
  facet normal 0.4422886902189667 0.8968727415327052 0
    outer loop
      vertex 38.607749481825785 44.053023479175934 49.900000000000006
      vertex 38.4875 44.11232396112095 49.900000000000006
      vertex 38.4875 44.11232396112095 53.900000000000006
    endloop
  endfacet
  facet normal 0.32143946530312917 0.9469301294951167 0
    outer loop
      vertex 38.73471047876992 44.00992602805371 49.900000000000006
      vertex 38.607749481825785 44.053023479175934 49.900000000000006
      vertex 38.607749481825785 44.053023479175934 53.900000000000006
    endloop
  endfacet
  facet normal 0.19509032201618434 0.9807852804032194 0
    outer loop
      vertex 38.73471047876992 44.00992602805371 49.900000000000006
      vertex 38.73471047876992 44.00992602805371 53.900000000000006
      vertex 38.866210652974445 43.983769017091845 49.900000000000006
    endloop
  endfacet
  facet normal 0.06540312923018876 0.9978589232386006 0
    outer loop
      vertex 38.866210652974445 43.983769017091845 49.900000000000006
      vertex 38.866210652974445 43.983769017091845 53.900000000000006
      vertex 39 43.974999999999994 49.900000000000006
    endloop
  endfacet
  facet normal -0.06540312923018876 0.9978589232386006 0
    outer loop
      vertex 39 43.974999999999994 49.900000000000006
      vertex 39 43.974999999999994 53.900000000000006
      vertex 39.133789347025555 43.983769017091845 49.900000000000006
    endloop
  endfacet
  facet normal -0.19509032201618434 0.9807852804032194 0
    outer loop
      vertex 39.133789347025555 43.983769017091845 49.900000000000006
      vertex 39.133789347025555 43.983769017091845 53.900000000000006
      vertex 39.26528952123008 44.00992602805371 49.900000000000006
    endloop
  endfacet
  facet normal -0.32143946530312917 0.9469301294951167 0
    outer loop
      vertex 39.26528952123008 44.00992602805371 49.900000000000006
      vertex 39.26528952123008 44.00992602805371 53.900000000000006
      vertex 39.392250518174215 44.053023479175934 49.900000000000006
    endloop
  endfacet
  facet normal -0.4422886902189667 0.8968727415327052 0
    outer loop
      vertex 39.392250518174215 44.053023479175934 49.900000000000006
      vertex 39.392250518174215 44.053023479175934 53.900000000000006
      vertex 39.5125 44.11232396112095 49.900000000000006
    endloop
  endfacet
  facet normal -0.5555702330195647 0.8314696123025704 0
    outer loop
      vertex 39.5125 44.11232396112095 49.900000000000006
      vertex 39.5125 44.11232396112095 53.900000000000006
      vertex 39.62398046473394 44.186812826201475 49.900000000000006
    endloop
  endfacet
  facet normal -0.6593458151000869 0.7518398074789616 0
    outer loop
      vertex 39.62398046473394 44.186812826201475 49.900000000000006
      vertex 39.62398046473394 44.186812826201475 53.900000000000006
      vertex 39.724784450716214 44.275215549283786 49.900000000000006
    endloop
  endfacet
  facet normal -0.7518398074790109 0.6593458151000307 0
    outer loop
      vertex 39.724784450716214 44.275215549283786 49.900000000000006
      vertex 39.724784450716214 44.275215549283786 53.900000000000006
      vertex 39.81318717379852 44.37601953526607 49.900000000000006
    endloop
  endfacet
  facet normal -0.8314696123025295 0.5555702330196256 0
    outer loop
      vertex 39.81318717379852 44.37601953526607 49.900000000000006
      vertex 39.81318717379852 44.37601953526607 53.900000000000006
      vertex 39.88767603887905 44.4875 49.900000000000006
    endloop
  endfacet
  facet normal -0.8968727415326949 0.44228869021898776 0
    outer loop
      vertex 39.88767603887905 44.4875 49.900000000000006
      vertex 39.88767603887905 44.4875 53.900000000000006
      vertex 39.946976520824066 44.60774948182578 49.900000000000006
    endloop
  endfacet
  facet normal -0.9469301294951116 0.32143946530314443 0
    outer loop
      vertex 39.946976520824066 44.60774948182578 49.900000000000006
      vertex 39.946976520824066 44.60774948182578 53.900000000000006
      vertex 39.990073971946295 44.73471047876993 49.900000000000006
    endloop
  endfacet
  facet normal -0.9807852804032273 0.19509032201614346 0
    outer loop
      vertex 39.990073971946295 44.73471047876993 49.900000000000006
      vertex 39.990073971946295 44.73471047876993 53.900000000000006
      vertex 40.016230982908155 44.866210652974445 49.900000000000006
    endloop
  endfacet
  facet normal -0.9978589232386039 0.06540312923013598 0
    outer loop
      vertex 40.016230982908155 44.866210652974445 49.900000000000006
      vertex 40.016230982908155 44.866210652974445 53.900000000000006
      vertex 40.025 45 49.900000000000006
    endloop
  endfacet
  facet normal -0.9978589232386039 -0.06540312923013598 0
    outer loop
      vertex 40.025 45 49.900000000000006
      vertex 40.025 45 53.900000000000006
      vertex 40.016230982908155 45.133789347025555 49.900000000000006
    endloop
  endfacet
  facet normal 0.4422886902189667 -0.8968727415327052 0
    outer loop
      vertex 38.4875 45.88767603887905 49.900000000000006
      vertex 38.607749481825785 45.946976520824066 49.900000000000006
      vertex 38.607749481825785 45.946976520824066 53.900000000000006
    endloop
  endfacet
  facet normal 0.32143946530312917 -0.9469301294951167 0
    outer loop
      vertex 38.607749481825785 45.946976520824066 49.900000000000006
      vertex 38.73471047876992 45.99007397194629 49.900000000000006
      vertex 38.73471047876992 45.99007397194629 53.900000000000006
    endloop
  endfacet
  facet normal 0.19509032201618434 -0.9807852804032194 0
    outer loop
      vertex 38.73471047876992 45.99007397194629 49.900000000000006
      vertex 38.866210652974445 46.016230982908155 49.900000000000006
      vertex 38.866210652974445 46.016230982908155 53.900000000000006
    endloop
  endfacet
  facet normal 0.06540312923018876 -0.9978589232386006 0
    outer loop
      vertex 38.866210652974445 46.016230982908155 49.900000000000006
      vertex 39 46.025000000000006 49.900000000000006
      vertex 39 46.025000000000006 53.900000000000006
    endloop
  endfacet
  facet normal -0.06540312923018876 -0.9978589232386006 0
    outer loop
      vertex 39 46.025000000000006 49.900000000000006
      vertex 39.133789347025555 46.016230982908155 49.900000000000006
      vertex 39.133789347025555 46.016230982908155 53.900000000000006
    endloop
  endfacet
  facet normal -0.19509032201618434 -0.9807852804032194 0
    outer loop
      vertex 39.133789347025555 46.016230982908155 49.900000000000006
      vertex 39.26528952123008 45.99007397194629 49.900000000000006
      vertex 39.26528952123008 45.99007397194629 53.900000000000006
    endloop
  endfacet
  facet normal -0.32143946530312917 -0.9469301294951167 0
    outer loop
      vertex 39.26528952123008 45.99007397194629 49.900000000000006
      vertex 39.392250518174215 45.946976520824066 49.900000000000006
      vertex 39.392250518174215 45.946976520824066 53.900000000000006
    endloop
  endfacet
  facet normal -0.4422886902189667 -0.8968727415327052 0
    outer loop
      vertex 39.392250518174215 45.946976520824066 49.900000000000006
      vertex 39.5125 45.88767603887905 49.900000000000006
      vertex 39.5125 45.88767603887905 53.900000000000006
    endloop
  endfacet
  facet normal -0.9807852804032273 -0.19509032201614346 0
    outer loop
      vertex 40.016230982908155 45.133789347025555 49.900000000000006
      vertex 40.016230982908155 45.133789347025555 53.900000000000006
      vertex 39.990073971946295 45.26528952123007 49.900000000000006
    endloop
  endfacet
  facet normal -0.9469301294951116 -0.32143946530314443 0
    outer loop
      vertex 39.990073971946295 45.26528952123007 49.900000000000006
      vertex 39.990073971946295 45.26528952123007 53.900000000000006
      vertex 39.946976520824066 45.39225051817422 49.900000000000006
    endloop
  endfacet
  facet normal -0.8968727415326949 -0.44228869021898776 0
    outer loop
      vertex 39.88767603887905 45.5125 49.900000000000006
      vertex 39.946976520824066 45.39225051817422 49.900000000000006
      vertex 39.946976520824066 45.39225051817422 53.900000000000006
    endloop
  endfacet
  facet normal -0.7518398074790109 -0.6593458151000307 0
    outer loop
      vertex 39.724784450716214 45.724784450716214 49.900000000000006
      vertex 39.81318717379852 45.62398046473393 49.900000000000006
      vertex 39.81318717379852 45.62398046473393 53.900000000000006
    endloop
  endfacet
  facet normal -0.5555702330195647 -0.8314696123025704 0
    outer loop
      vertex 39.5125 45.88767603887905 49.900000000000006
      vertex 39.62398046473394 45.813187173798525 49.900000000000006
      vertex 39.62398046473394 45.813187173798525 53.900000000000006
    endloop
  endfacet
  facet normal -0.6593458151000869 -0.7518398074789616 0
    outer loop
      vertex 39.62398046473394 45.813187173798525 49.900000000000006
      vertex 39.724784450716214 45.724784450716214 49.900000000000006
      vertex 39.724784450716214 45.724784450716214 53.900000000000006
    endloop
  endfacet
  facet normal -0.8314696123025295 -0.5555702330196256 0
    outer loop
      vertex 39.88767603887905 45.5125 49.900000000000006
      vertex 39.88767603887905 45.5125 53.900000000000006
      vertex 39.81318717379852 45.62398046473393 49.900000000000006
    endloop
  endfacet
  facet normal 0.8314696123025295 0.5555702330196256 0
    outer loop
      vertex 38.18681282620148 44.37601953526607 49.900000000000006
      vertex 38.11232396112095 44.4875 53.900000000000006
      vertex 38.18681282620148 44.37601953526607 53.900000000000006
    endloop
  endfacet
  facet normal 0.5555702330195647 0.8314696123025704 0
    outer loop
      vertex 38.4875 44.11232396112095 49.900000000000006
      vertex 38.37601953526606 44.186812826201475 53.900000000000006
      vertex 38.4875 44.11232396112095 53.900000000000006
    endloop
  endfacet
  facet normal 0.6593458151000869 0.7518398074789616 0
    outer loop
      vertex 38.37601953526606 44.186812826201475 49.900000000000006
      vertex 38.275215549283786 44.275215549283786 53.900000000000006
      vertex 38.37601953526606 44.186812826201475 53.900000000000006
    endloop
  endfacet
  facet normal 0.7518398074790109 0.6593458151000307 0
    outer loop
      vertex 38.275215549283786 44.275215549283786 49.900000000000006
      vertex 38.18681282620148 44.37601953526607 53.900000000000006
      vertex 38.275215549283786 44.275215549283786 53.900000000000006
    endloop
  endfacet
  facet normal 0.8968727415326949 0.44228869021898776 0
    outer loop
      vertex 38.11232396112095 44.4875 49.900000000000006
      vertex 38.053023479175934 44.60774948182578 53.900000000000006
      vertex 38.11232396112095 44.4875 53.900000000000006
    endloop
  endfacet
  facet normal 0.9469301294951116 0.32143946530314443 0
    outer loop
      vertex 38.053023479175934 44.60774948182578 49.900000000000006
      vertex 38.009926028053705 44.73471047876993 53.900000000000006
      vertex 38.053023479175934 44.60774948182578 53.900000000000006
    endloop
  endfacet
  facet normal 0.9807852804032273 0.19509032201614346 0
    outer loop
      vertex 38.009926028053705 44.73471047876993 49.900000000000006
      vertex 37.983769017091845 44.866210652974445 53.900000000000006
      vertex 38.009926028053705 44.73471047876993 53.900000000000006
    endloop
  endfacet
  facet normal 0.9978589232386039 0.06540312923013598 0
    outer loop
      vertex 37.983769017091845 44.866210652974445 49.900000000000006
      vertex 37.975 45 53.900000000000006
      vertex 37.983769017091845 44.866210652974445 53.900000000000006
    endloop
  endfacet
  facet normal 0.9978589232386039 -0.06540312923013598 0
    outer loop
      vertex 37.975 45 49.900000000000006
      vertex 37.983769017091845 45.133789347025555 53.900000000000006
      vertex 37.975 45 53.900000000000006
    endloop
  endfacet
  facet normal 0.9807852804032273 -0.19509032201614346 0
    outer loop
      vertex 37.983769017091845 45.133789347025555 49.900000000000006
      vertex 38.009926028053705 45.26528952123007 53.900000000000006
      vertex 37.983769017091845 45.133789347025555 53.900000000000006
    endloop
  endfacet
  facet normal 0.9469301294951116 -0.32143946530314443 0
    outer loop
      vertex 38.009926028053705 45.26528952123007 49.900000000000006
      vertex 38.053023479175934 45.39225051817422 53.900000000000006
      vertex 38.009926028053705 45.26528952123007 53.900000000000006
    endloop
  endfacet
  facet normal 0.8968727415326949 -0.44228869021898776 0
    outer loop
      vertex 38.053023479175934 45.39225051817422 49.900000000000006
      vertex 38.11232396112095 45.5125 53.900000000000006
      vertex 38.053023479175934 45.39225051817422 53.900000000000006
    endloop
  endfacet
  facet normal 0.8314696123025295 -0.5555702330196256 0
    outer loop
      vertex 38.11232396112095 45.5125 49.900000000000006
      vertex 38.18681282620148 45.62398046473393 53.900000000000006
      vertex 38.11232396112095 45.5125 53.900000000000006
    endloop
  endfacet
  facet normal 0.7518398074790109 -0.6593458151000307 0
    outer loop
      vertex 38.18681282620148 45.62398046473393 49.900000000000006
      vertex 38.275215549283786 45.724784450716214 53.900000000000006
      vertex 38.18681282620148 45.62398046473393 53.900000000000006
    endloop
  endfacet
  facet normal 0.6593458151000869 -0.7518398074789616 0
    outer loop
      vertex 38.275215549283786 45.724784450716214 49.900000000000006
      vertex 38.37601953526606 45.813187173798525 53.900000000000006
      vertex 38.275215549283786 45.724784450716214 53.900000000000006
    endloop
  endfacet
  facet normal 0.5555702330195647 -0.8314696123025704 0
    outer loop
      vertex 38.37601953526606 45.813187173798525 49.900000000000006
      vertex 38.4875 45.88767603887905 53.900000000000006
      vertex 38.37601953526606 45.813187173798525 53.900000000000006
    endloop
  endfacet
  facet normal 0.4422886902189667 0.8968727415327052 0
    outer loop
      vertex 38.607749481825785 44.053023479175934 49.900000000000006
      vertex 38.4875 44.11232396112095 53.900000000000006
      vertex 38.607749481825785 44.053023479175934 53.900000000000006
    endloop
  endfacet
  facet normal 0.32143946530312917 0.9469301294951167 0
    outer loop
      vertex 38.73471047876992 44.00992602805371 49.900000000000006
      vertex 38.607749481825785 44.053023479175934 53.900000000000006
      vertex 38.73471047876992 44.00992602805371 53.900000000000006
    endloop
  endfacet
  facet normal 0.19509032201618434 0.9807852804032194 0
    outer loop
      vertex 38.866210652974445 43.983769017091845 49.900000000000006
      vertex 38.73471047876992 44.00992602805371 53.900000000000006
      vertex 38.866210652974445 43.983769017091845 53.900000000000006
    endloop
  endfacet
  facet normal 0.06540312923018876 0.9978589232386006 0
    outer loop
      vertex 39 43.974999999999994 49.900000000000006
      vertex 38.866210652974445 43.983769017091845 53.900000000000006
      vertex 39 43.974999999999994 53.900000000000006
    endloop
  endfacet
  facet normal -0.06540312923018876 0.9978589232386006 0
    outer loop
      vertex 39.133789347025555 43.983769017091845 49.900000000000006
      vertex 39 43.974999999999994 53.900000000000006
      vertex 39.133789347025555 43.983769017091845 53.900000000000006
    endloop
  endfacet
  facet normal -0.19509032201618434 0.9807852804032194 0
    outer loop
      vertex 39.26528952123008 44.00992602805371 49.900000000000006
      vertex 39.133789347025555 43.983769017091845 53.900000000000006
      vertex 39.26528952123008 44.00992602805371 53.900000000000006
    endloop
  endfacet
  facet normal -0.32143946530312917 0.9469301294951167 0
    outer loop
      vertex 39.392250518174215 44.053023479175934 49.900000000000006
      vertex 39.26528952123008 44.00992602805371 53.900000000000006
      vertex 39.392250518174215 44.053023479175934 53.900000000000006
    endloop
  endfacet
  facet normal -0.4422886902189667 0.8968727415327052 0
    outer loop
      vertex 39.5125 44.11232396112095 49.900000000000006
      vertex 39.392250518174215 44.053023479175934 53.900000000000006
      vertex 39.5125 44.11232396112095 53.900000000000006
    endloop
  endfacet
  facet normal -0.5555702330195647 0.8314696123025704 0
    outer loop
      vertex 39.62398046473394 44.186812826201475 49.900000000000006
      vertex 39.5125 44.11232396112095 53.900000000000006
      vertex 39.62398046473394 44.186812826201475 53.900000000000006
    endloop
  endfacet
  facet normal -0.6593458151000869 0.7518398074789616 0
    outer loop
      vertex 39.724784450716214 44.275215549283786 49.900000000000006
      vertex 39.62398046473394 44.186812826201475 53.900000000000006
      vertex 39.724784450716214 44.275215549283786 53.900000000000006
    endloop
  endfacet
  facet normal -0.7518398074790109 0.6593458151000307 0
    outer loop
      vertex 39.81318717379852 44.37601953526607 49.900000000000006
      vertex 39.724784450716214 44.275215549283786 53.900000000000006
      vertex 39.81318717379852 44.37601953526607 53.900000000000006
    endloop
  endfacet
  facet normal -0.8314696123025295 0.5555702330196256 0
    outer loop
      vertex 39.88767603887905 44.4875 49.900000000000006
      vertex 39.81318717379852 44.37601953526607 53.900000000000006
      vertex 39.88767603887905 44.4875 53.900000000000006
    endloop
  endfacet
  facet normal -0.8968727415326949 0.44228869021898776 0
    outer loop
      vertex 39.946976520824066 44.60774948182578 49.900000000000006
      vertex 39.88767603887905 44.4875 53.900000000000006
      vertex 39.946976520824066 44.60774948182578 53.900000000000006
    endloop
  endfacet
  facet normal -0.9469301294951116 0.32143946530314443 0
    outer loop
      vertex 39.990073971946295 44.73471047876993 49.900000000000006
      vertex 39.946976520824066 44.60774948182578 53.900000000000006
      vertex 39.990073971946295 44.73471047876993 53.900000000000006
    endloop
  endfacet
  facet normal -0.9807852804032273 0.19509032201614346 0
    outer loop
      vertex 40.016230982908155 44.866210652974445 49.900000000000006
      vertex 39.990073971946295 44.73471047876993 53.900000000000006
      vertex 40.016230982908155 44.866210652974445 53.900000000000006
    endloop
  endfacet
  facet normal -0.9978589232386039 0.06540312923013598 0
    outer loop
      vertex 40.025 45 49.900000000000006
      vertex 40.016230982908155 44.866210652974445 53.900000000000006
      vertex 40.025 45 53.900000000000006
    endloop
  endfacet
  facet normal -0.9978589232386039 -0.06540312923013598 0
    outer loop
      vertex 40.016230982908155 45.133789347025555 49.900000000000006
      vertex 40.025 45 53.900000000000006
      vertex 40.016230982908155 45.133789347025555 53.900000000000006
    endloop
  endfacet
  facet normal 0.4422886902189667 -0.8968727415327052 0
    outer loop
      vertex 38.4875 45.88767603887905 49.900000000000006
      vertex 38.607749481825785 45.946976520824066 53.900000000000006
      vertex 38.4875 45.88767603887905 53.900000000000006
    endloop
  endfacet
  facet normal 0.32143946530312917 -0.9469301294951167 0
    outer loop
      vertex 38.607749481825785 45.946976520824066 49.900000000000006
      vertex 38.73471047876992 45.99007397194629 53.900000000000006
      vertex 38.607749481825785 45.946976520824066 53.900000000000006
    endloop
  endfacet
  facet normal 0.19509032201618434 -0.9807852804032194 0
    outer loop
      vertex 38.73471047876992 45.99007397194629 49.900000000000006
      vertex 38.866210652974445 46.016230982908155 53.900000000000006
      vertex 38.73471047876992 45.99007397194629 53.900000000000006
    endloop
  endfacet
  facet normal 0.06540312923018876 -0.9978589232386006 0
    outer loop
      vertex 38.866210652974445 46.016230982908155 49.900000000000006
      vertex 39 46.025000000000006 53.900000000000006
      vertex 38.866210652974445 46.016230982908155 53.900000000000006
    endloop
  endfacet
  facet normal -0.06540312923018876 -0.9978589232386006 0
    outer loop
      vertex 39 46.025000000000006 49.900000000000006
      vertex 39.133789347025555 46.016230982908155 53.900000000000006
      vertex 39 46.025000000000006 53.900000000000006
    endloop
  endfacet
  facet normal -0.19509032201618434 -0.9807852804032194 0
    outer loop
      vertex 39.133789347025555 46.016230982908155 49.900000000000006
      vertex 39.26528952123008 45.99007397194629 53.900000000000006
      vertex 39.133789347025555 46.016230982908155 53.900000000000006
    endloop
  endfacet
  facet normal -0.32143946530312917 -0.9469301294951167 0
    outer loop
      vertex 39.26528952123008 45.99007397194629 49.900000000000006
      vertex 39.392250518174215 45.946976520824066 53.900000000000006
      vertex 39.26528952123008 45.99007397194629 53.900000000000006
    endloop
  endfacet
  facet normal -0.4422886902189667 -0.8968727415327052 0
    outer loop
      vertex 39.392250518174215 45.946976520824066 49.900000000000006
      vertex 39.5125 45.88767603887905 53.900000000000006
      vertex 39.392250518174215 45.946976520824066 53.900000000000006
    endloop
  endfacet
  facet normal -0.9807852804032273 -0.19509032201614346 0
    outer loop
      vertex 39.990073971946295 45.26528952123007 49.900000000000006
      vertex 40.016230982908155 45.133789347025555 53.900000000000006
      vertex 39.990073971946295 45.26528952123007 53.900000000000006
    endloop
  endfacet
  facet normal -0.9469301294951116 -0.32143946530314443 0
    outer loop
      vertex 39.946976520824066 45.39225051817422 49.900000000000006
      vertex 39.990073971946295 45.26528952123007 53.900000000000006
      vertex 39.946976520824066 45.39225051817422 53.900000000000006
    endloop
  endfacet
  facet normal -0.8968727415326949 -0.44228869021898776 0
    outer loop
      vertex 39.88767603887905 45.5125 49.900000000000006
      vertex 39.946976520824066 45.39225051817422 53.900000000000006
      vertex 39.88767603887905 45.5125 53.900000000000006
    endloop
  endfacet
  facet normal -0.7518398074790109 -0.6593458151000307 0
    outer loop
      vertex 39.724784450716214 45.724784450716214 49.900000000000006
      vertex 39.81318717379852 45.62398046473393 53.900000000000006
      vertex 39.724784450716214 45.724784450716214 53.900000000000006
    endloop
  endfacet
  facet normal -0.6593458151000869 -0.7518398074789616 0
    outer loop
      vertex 39.62398046473394 45.813187173798525 49.900000000000006
      vertex 39.724784450716214 45.724784450716214 53.900000000000006
      vertex 39.62398046473394 45.813187173798525 53.900000000000006
    endloop
  endfacet
  facet normal -0.5555702330195647 -0.8314696123025704 0
    outer loop
      vertex 39.5125 45.88767603887905 49.900000000000006
      vertex 39.62398046473394 45.813187173798525 53.900000000000006
      vertex 39.5125 45.88767603887905 53.900000000000006
    endloop
  endfacet
  facet normal -0.8314696123025295 -0.5555702330196256 0
    outer loop
      vertex 39.81318717379852 45.62398046473393 49.900000000000006
      vertex 39.88767603887905 45.5125 53.900000000000006
      vertex 39.81318717379852 45.62398046473393 53.900000000000006
    endloop
  endfacet
endsolid OpenSCAD_Model
