solid OpenSCAD_Model
  facet normal 0 0 1
    outer loop
      vertex -95.13137084989847 -44.131370849898474 53.9
      vertex -94.97401828641395 -44.269365344465974 53.9
      vertex -95.13137084989847 -44.060666877084934 53.9
    endloop
  endfacet
  facet normal 0 0 1
    outer loop
      vertex -94.97401828641395 -44.269365344465974 53.9
      vertex -94.8 -44.3856406460551 53.9
      vertex -94.96907890264846 -44.2260673240664 53.9
    endloop
  endfacet
  facet normal 0 0 1
    outer loop
      vertex -94.61229349178414 -44.47820725201806 53.9
      vertex -94.78522778252093 -44.25584951200254 53.9
      vertex -94.8 -44.3856406460551 53.9
    endloop
  endfacet
  facet normal 0 0 1
    outer loop
      vertex -94.61229349178414 -44.47820725201806 53.9
      vertex -94.66184267797937 -44.14634514487772 53.9
      vertex -94.78522778252093 -44.25584951200254 53.9
    endloop
  endfacet
  facet normal 0 0 1
    outer loop
      vertex -94.61229349178414 -44.47820725201806 53.9
      vertex -94.54287193228213 -44.067402929834394 53.9
      vertex -94.61458879518523 -44.3475983378117 53.9
    endloop
  endfacet
  facet normal 0 0 1
    outer loop
      vertex -94.8 -44.3856406460551 53.9
      vertex -94.85264063407 -43.86140759642986 53.9
      vertex -94.96907890264846 -44.2260673240664 53.9
    endloop
  endfacet
  facet normal 0 0 1
    outer loop
      vertex -94.97401828641395 -44.269365344465974 53.9
      vertex -95.00233198191678 -43.83738182869349 53.9
      vertex -95.13137084989847 -44.060666877084934 53.9
    endloop
  endfacet
  facet normal 0 0 1
    outer loop
      vertex -94.97401828641395 -44.269365344465974 53.9
      vertex -94.95778242875862 -43.7427461997315 53.9
      vertex -95.00233198191678 -43.83738182869349 53.9
    endloop
  endfacet
  facet normal 0 0 1
    outer loop
      vertex -94.61229349178414 -44.47820725201806 53.9
      vertex -94.47408123198785 -44.14453333993164 53.9
      vertex -94.54287193228213 -44.067402929834394 53.9
    endloop
  endfacet
  facet normal 0 0 1
    outer loop
      vertex -95.47820725201805 -43.61229349178414 53.9
      vertex -95.54548132206251 -42.58588952783597 53.9
      vertex -95.54548132206251 -43.41411047216403 53.9
    endloop
  endfacet
  facet normal 0 0 1
    outer loop
      vertex -95.38564064605511 -43.8 53.9
      vertex -95.47820725201805 -42.38770650821586 53.9
      vertex -95.47820725201805 -43.61229349178414 53.9
    endloop
  endfacet
  facet normal 0 0 1
    outer loop
      vertex -95.26936534446598 -43.97401828641395 53.9
      vertex -95.38564064605511 -42.2 53.9
      vertex -95.38564064605511 -43.8 53.9
    endloop
  endfacet
  facet normal 0 0 1
    outer loop
      vertex -94.61229349178414 -44.47820725201806 53.9
      vertex -94.41411047216403 -44.54548132206246 53.9
      vertex -94.47408123198785 -44.14453333993164 53.9
    endloop
  endfacet
  facet normal 0 0 1
    outer loop
      vertex -94.41411047216403 -44.54548132206246 53.9
      vertex -94.40373896114697 -44.261519190088066 53.9
      vertex -94.47408123198785 -44.14453333993164 53.9
    endloop
  endfacet
  facet normal 0 0 1
    outer loop
      vertex -94 -44.6 53.9
      vertex -93.99078638643152 -44.59939610786168 53.9
      vertex -93.90692914989526 -44.19389981419698 53.9
    endloop
  endfacet
  facet normal 0 0 1
    outer loop
      vertex -94 -44.6 53.9
      vertex -93.90692914989526 -44.19389981419698 53.9
      vertex -94 -44.2 53.9
    endloop
  endfacet
  facet normal 0 0 1
    outer loop
      vertex -93.38770650821586 -44.47820725201806 53.9
      vertex -93.45712806771787 -44.067402929834394 53.9
      vertex -93.54077988116188 -44.10865543901354 53.9
    endloop
  endfacet
  facet normal 0 0 1
    outer loop
      vertex -95.54548132206251 -43.41411047216403 53.9
      vertex -95.5863117781981 -42.791158092447915 53.9
      vertex -95.5863117781981 -43.208841907552085 53.9
    endloop
  endfacet
  facet normal 0 0 1
    outer loop
      vertex -95.54548132206251 -43.41411047216403 53.9
      vertex -95.54548132206251 -42.58588952783597 53.9
      vertex -95.5863117781981 -42.791158092447915 53.9
    endloop
  endfacet
  facet normal 0 0 1
    outer loop
      vertex -95.47820725201805 -43.61229349178414 53.9
      vertex -95.47820725201805 -42.38770650821586 53.9
      vertex -95.54548132206251 -42.58588952783597 53.9
    endloop
  endfacet
  facet normal 0 0 1
    outer loop
      vertex -95.38564064605511 -43.8 53.9
      vertex -95.38564064605511 -42.2 53.9
      vertex -95.47820725201805 -42.38770650821586 53.9
    endloop
  endfacet
  facet normal 0 0 1
    outer loop
      vertex -95.26936534446598 -43.97401828641395 53.9
      vertex -95.26936534446598 -42.02598171358605 53.9
      vertex -95.38564064605511 -42.2 53.9
    endloop
  endfacet
  facet normal 0 0 1
    outer loop
      vertex -95.13137084989847 -41.868629150101526 53.9
      vertex -95.08981926094242 -42.502583890533515 53.9
      vertex -95.04332556993401 -42.40830401171039 53.9
    endloop
  endfacet
  facet normal 0 0 1
    outer loop
      vertex -95.13137084989847 -41.868629150101526 53.9
      vertex -95.13137084989847 -42.152848695952365 53.9
      vertex -95.08981926094242 -42.502583890533515 53.9
    endloop
  endfacet
  facet normal 0 0 1
    outer loop
      vertex -95.13137084989847 -41.868629150101526 53.9
      vertex -95.00979558394933 -42.355947558150525 53.9
      vertex -94.95716795074765 -42.27718473902545 53.9
    endloop
  endfacet
  facet normal 0 0 1
    outer loop
      vertex -94.97401828641395 -41.730634655534026 53.9
      vertex -94.9620423774733 -42.11907997561704 53.9
      vertex -94.91709092991988 -42.22965274357955 53.9
    endloop
  endfacet
  facet normal 0 0 1
    outer loop
      vertex -95.13137084989847 -41.868629150101526 53.9
      vertex -94.95716795074765 -42.27718473902545 53.9
      vertex -94.97401828641395 -41.730634655534026 53.9
    endloop
  endfacet
  facet normal 0 0 1
    outer loop
      vertex -94.97401828641395 -41.730634655534026 53.9
      vertex -94.91709092991988 -42.22965274357955 53.9
      vertex -94.86458278010318 -42.16977867394088 53.9
    endloop
  endfacet
  facet normal 0 0 1
    outer loop
      vertex -94.97401828641395 -41.730634655534026 53.9
      vertex -94.84024069915407 -42.02294134747945 53.9
      vertex -94.74882052617521 -42.06403063432984 53.9
    endloop
  endfacet
  facet normal 0 0 1
    outer loop
      vertex -94.97401828641395 -41.730634655534026 53.9
      vertex -94.94243130479144 -41.857387247144125 53.9
      vertex -94.84024069915407 -42.02294134747945 53.9
    endloop
  endfacet
  facet normal 0 0 1
    outer loop
      vertex -94.97401828641395 -41.730634655534026 53.9
      vertex -94.74882052617521 -42.06403063432984 53.9
      vertex -94.8 -41.6143593539449 53.9
    endloop
  endfacet
  facet normal 0 0 1
    outer loop
      vertex -94.8 -41.6143593539449 53.9
      vertex -94.677551627641 -42.01258785638426 53.9
      vertex -94.6 -41.96076951545868 53.9
    endloop
  endfacet
  facet normal 0 0 1
    outer loop
      vertex -94.61229349178414 -41.52179274798194 53.9
      vertex -94.54287193228213 -41.932597070165606 53.9
      vertex -94.45922011883812 -41.89134456098646 53.9
    endloop
  endfacet
  facet normal 0 0 1
    outer loop
      vertex -93.52591876801215 -41.85546666006836 53.9
      vertex -93.51894161197995 -41.90211400354597 53.9
      vertex -93.38770650821586 -41.52179274798194 53.9
    endloop
  endfacet
  facet normal 0 0 1
    outer loop
      vertex -93.38770650821586 -44.47820725201806 53.9
      vertex -93.37942533873574 -44.47412343116675 53.9
      vertex -93.45712806771787 -44.067402929834394 53.9
    endloop
  endfacet
  facet normal 0 0 1
    outer loop
      vertex -93.2 -44.3856406460551 53.9
      vertex -93.02598171358605 -44.269365344465974 53.9
      vertex -93.25117947382479 -43.93596936567016 53.9
    endloop
  endfacet
  facet normal 0 0 1
    outer loop
      vertex -93.02598171358605 -44.269365344465974 53.9
      vertex -93.05756869520856 -44.142612752855875 53.9
      vertex -93.15975930084593 -43.97705865252055 53.9
    endloop
  endfacet
  facet normal 0 0 1
    outer loop
      vertex -93.02598171358605 -44.269365344465974 53.9
      vertex -93.15975930084593 -43.97705865252055 53.9
      vertex -93.25117947382479 -43.93596936567016 53.9
    endloop
  endfacet
  facet normal 0 0 1
    outer loop
      vertex -93.02598171358605 -44.269365344465974 53.9
      vertex -93.08290907008012 -43.77034725642045 53.9
      vertex -93.13541721989682 -43.83022132605912 53.9
    endloop
  endfacet
  facet normal 0 0 1
    outer loop
      vertex -93.02598171358605 -44.269365344465974 53.9
      vertex -92.86862915010153 -44.131370849898474 53.9
      vertex -93.04283204925235 -43.72281526097455 53.9
    endloop
  endfacet
  facet normal 0 0 1
    outer loop
      vertex -93.02598171358605 -44.269365344465974 53.9
      vertex -93.0379576225267 -43.88092002438296 53.9
      vertex -93.08290907008012 -43.77034725642045 53.9
    endloop
  endfacet
  facet normal 0 0 1
    outer loop
      vertex -92.86862915010153 -44.131370849898474 53.9
      vertex -92.96987574224751 -43.725537247810344 53.9
      vertex -93.04283204925235 -43.72281526097455 53.9
    endloop
  endfacet
  facet normal 0 0 1
    outer loop
      vertex -92.86862915010153 -44.131370849898474 53.9
      vertex -92.86862915010153 -43.847151304047635 53.9
      vertex -92.91018073905758 -43.497416109466485 53.9
    endloop
  endfacet
  facet normal 0 0 1
    outer loop
      vertex -92.86862915010153 -44.131370849898474 53.9
      vertex -92.91018073905758 -43.497416109466485 53.9
      vertex -92.92534257486034 -43.52816127104039 53.9
    endloop
  endfacet
  facet normal 0 0 1
    outer loop
      vertex -92.73063465553402 -43.97401828641395 53.9
      vertex -92.61435935394489 -43.8 53.9
      vertex -92.73063465553402 -42.02598171358605 53.9
    endloop
  endfacet
  facet normal 0 0 1
    outer loop
      vertex -92.61435935394489 -43.8 53.9
      vertex -92.52179274798195 -43.61229349178414 53.9
      vertex -92.61435935394489 -42.2 53.9
    endloop
  endfacet
  facet normal 0 0 1
    outer loop
      vertex -92.52179274798195 -43.61229349178414 53.9
      vertex -92.45451867793749 -43.41411047216403 53.9
      vertex -92.52179274798195 -42.38770650821586 53.9
    endloop
  endfacet
  facet normal 0 0 1
    outer loop
      vertex -92.45451867793749 -43.41411047216403 53.9
      vertex -92.4136882218019 -43.208841907552085 53.9
      vertex -92.45451867793749 -42.58588952783597 53.9
    endloop
  endfacet
  facet normal 0 0 1
    outer loop
      vertex -92.4136882218019 -43.208841907552085 53.9
      vertex -92.4136882218019 -42.791158092447915 53.9
      vertex -92.45451867793749 -42.58588952783597 53.9
    endloop
  endfacet
  facet normal 0 0 1
    outer loop
      vertex -92.52179274798195 -43.61229349178414 53.9
      vertex -92.52179274798195 -42.38770650821586 53.9
      vertex -92.61435935394489 -42.2 53.9
    endloop
  endfacet
  facet normal 0 0 1
    outer loop
      vertex -92.61435935394489 -43.8 53.9
      vertex -92.61435935394489 -42.2 53.9
      vertex -92.73063465553402 -42.02598171358605 53.9
    endloop
  endfacet
  facet normal 0 0 1
    outer loop
      vertex -92.45451867793749 -43.41411047216403 53.9
      vertex -92.45451867793749 -42.58588952783597 53.9
      vertex -92.52179274798195 -42.38770650821586 53.9
    endloop
  endfacet
  facet normal 0 0 1
    outer loop
      vertex -93.02598171358605 -41.730634655534026 53.9
      vertex -93.04283204925235 -42.27718473902545 53.9
      vertex -92.98443012463 -42.36458939596602 53.9
    endloop
  endfacet
  facet normal 0 0 1
    outer loop
      vertex -93.38770650821586 -41.52179274798194 53.9
      vertex -93.3797542545679 -41.97429729006515 53.9
      vertex -93.31353872703902 -42.018541091058516 53.9
    endloop
  endfacet
  facet normal 0 0 1
    outer loop
      vertex -93.38770650821586 -41.52179274798194 53.9
      vertex -93.51894161197995 -41.90211400354597 53.9
      vertex -93.45712806771787 -41.932597070165606 53.9
    endloop
  endfacet
  facet normal 0 0 1
    outer loop
      vertex -93.38770650821586 -41.52179274798194 53.9
      vertex -93.31353872703902 -42.018541091058516 53.9
      vertex -93.21477221747907 -41.74415048799746 53.9
    endloop
  endfacet
  facet normal 0 0 1
    outer loop
      vertex -92.86862915010153 -41.868629150101526 53.9
      vertex -93.02598171358605 -41.730634655534026 53.9
      vertex -92.98443012463 -42.36458939596602 53.9
    endloop
  endfacet
  facet normal 0 0 1
    outer loop
      vertex -93.2 -41.6143593539449 53.9
      vertex -93.14735936593 -42.13859240357014 53.9
      vertex -93.03092109735154 -41.7739326759336 53.9
    endloop
  endfacet
  facet normal 0 0 1
    outer loop
      vertex -92.86862915010153 -41.868629150101526 53.9
      vertex -92.98443012463 -42.36458939596602 53.9
      vertex -92.86862915010153 -41.939333122915066 53.9
    endloop
  endfacet
  facet normal 0 0 1
    outer loop
      vertex -94.8 -41.6143593539449 53.9
      vertex -94.6 -41.96076951545868 53.9
      vertex -94.62057466126426 -41.52587656883325 53.9
    endloop
  endfacet
  facet normal 0 0 1
    outer loop
      vertex -94.61229349178414 -41.52179274798194 53.9
      vertex -94.62057466126426 -41.52587656883325 53.9
      vertex -94.54287193228213 -41.932597070165606 53.9
    endloop
  endfacet
  facet normal 0 0 1
    outer loop
      vertex -94.41411047216403 -41.45451867793754 53.9
      vertex -94.2191044720677 -41.822692826914434 53.9
      vertex -94.20884190755208 -41.413688221801905 53.9
    endloop
  endfacet
  facet normal 0 0 1
    outer loop
      vertex -94.20884190755208 -41.413688221801905 53.9
      vertex -94.2191044720677 -41.822692826914434 53.9
      vertex -94.15663143066406 -41.810266166351425 53.9
    endloop
  endfacet
  facet normal 0 0 1
    outer loop
      vertex -94 -41.4 53.9
      vertex -94.09307085010474 -41.80610018580302 53.9
      vertex -94 -41.8 53.9
    endloop
  endfacet
  facet normal 0 0 1
    outer loop
      vertex -94 -41.4 53.9
      vertex -94.00921361356848 -41.40060389213832 53.9
      vertex -94.09307085010474 -41.80610018580302 53.9
    endloop
  endfacet
  facet normal 0 0 1
    outer loop
      vertex -93.58588952783597 -41.45451867793749 53.9
      vertex -93.75189018728061 -41.82846234789011 53.9
      vertex -93.68941714587697 -41.84088900845312 53.9
    endloop
  endfacet
  facet normal 0 0 1
    outer loop
      vertex -93.58588952783597 -41.45451867793754 53.9
      vertex -93.60109645235062 -41.870869844016404 53.9
      vertex -93.52591876801215 -41.85546666006836 53.9
    endloop
  endfacet
  facet normal 0 0 1
    outer loop
      vertex -93.58588952783597 -41.45451867793754 53.9
      vertex -93.52591876801215 -41.85546666006836 53.9
      vertex -93.38770650821586 -41.52179274798194 53.9
    endloop
  endfacet
  facet normal 0 0 1
    outer loop
      vertex -93.79115809244792 -41.413688221801905 53.9
      vertex -93.75189018728061 -41.82846234789011 53.9
      vertex -93.58588952783597 -41.45451867793749 53.9
    endloop
  endfacet
  facet normal 0 0 1
    outer loop
      vertex -93.38770650821586 -41.52179274798194 53.9
      vertex -93.45712806771787 -41.932597070165606 53.9
      vertex -93.38541120481477 -41.6524016621883 53.9
    endloop
  endfacet
  facet normal 0 0 1
    outer loop
      vertex -93.38770650821586 -41.52179274798194 53.9
      vertex -93.21477221747907 -41.74415048799746 53.9
      vertex -93.2 -41.6143593539449 53.9
    endloop
  endfacet
  facet normal 0 0 1
    outer loop
      vertex -93.2 -41.6143593539449 53.9
      vertex -93.03092109735154 -41.7739326759336 53.9
      vertex -93.02598171358605 -41.730634655534026 53.9
    endloop
  endfacet
  facet normal 0 0 1
    outer loop
      vertex 37.868629150101526 -44.131370849898474 53.9
      vertex 38.00819231250715 -44.25376445842904 53.9
      vertex 37.868629150101526 -44.0606668770849 53.9
    endloop
  endfacet
  facet normal 0 0 1
    outer loop
      vertex 37.868629150101526 -44.131370849898474 53.9
      vertex 37.868629150101526 -44.0606668770849 53.9
      vertex 37.84672948586265 -43.7972465406503 53.9
    endloop
  endfacet
  facet normal 0 0 1
    outer loop
      vertex 37.868629150101526 -44.131370849898474 53.9
      vertex 37.84672948586265 -43.7972465406503 53.9
      vertex 37.730634655534026 -43.97401828641395 53.9
    endloop
  endfacet
  facet normal 0 0 1
    outer loop
      vertex 37.868629150101526 -44.0606668770849 53.9
      vertex 37.868629150101526 -43.84715130404757 53.9
      vertex 37.84672948586265 -43.7972465406503 53.9
    endloop
  endfacet
  facet normal 0 0 1
    outer loop
      vertex 38.38770650821586 -44.47820725201806 53.9
      vertex 38.45712806771787 -44.0674029298344 53.9
      vertex 38.385411204814766 -44.347598337811675 53.9
    endloop
  endfacet
  facet normal 0 0 1
    outer loop
      vertex 38.38770650821586 -44.47820725201806 53.9
      vertex 38.52591876801214 -44.14453333993164 53.9
      vertex 38.45712806771787 -44.0674029298344 53.9
    endloop
  endfacet
  facet normal 0 0 1
    outer loop
      vertex 37.52179274798194 -43.61229349178414 53.9
      vertex 37.45451867793749 -42.58588952783597 53.9
      vertex 37.45451867793749 -43.41411047216403 53.9
    endloop
  endfacet
  facet normal 0 0 1
    outer loop
      vertex 37.6143593539449 -43.8 53.9
      vertex 37.52179274798194 -42.38770650821586 53.9
      vertex 37.52179274798194 -43.61229349178414 53.9
    endloop
  endfacet
  facet normal 0 0 1
    outer loop
      vertex 37.730634655534026 -43.97401828641395 53.9
      vertex 37.6143593539449 -42.2 53.9
      vertex 37.6143593539449 -43.8 53.9
    endloop
  endfacet
  facet normal 0 0 1
    outer loop
      vertex 37.45451867793749 -43.41411047216403 53.9
      vertex 37.413688221801905 -42.791158092447915 53.9
      vertex 37.413688221801905 -43.208841907552085 53.9
    endloop
  endfacet
  facet normal 0 0 1
    outer loop
      vertex 37.45451867793749 -43.41411047216403 53.9
      vertex 37.45451867793749 -42.58588952783597 53.9
      vertex 37.413688221801905 -42.791158092447915 53.9
    endloop
  endfacet
  facet normal 0 0 1
    outer loop
      vertex 37.52179274798194 -43.61229349178414 53.9
      vertex 37.52179274798194 -42.38770650821586 53.9
      vertex 37.45451867793749 -42.58588952783597 53.9
    endloop
  endfacet
  facet normal 0 0 1
    outer loop
      vertex 37.6143593539449 -43.8 53.9
      vertex 37.6143593539449 -42.2 53.9
      vertex 37.52179274798194 -42.38770650821586 53.9
    endloop
  endfacet
  facet normal 0 0 1
    outer loop
      vertex 37.730634655534026 -43.97401828641395 53.9
      vertex 37.730634655534026 -42.02598171358605 53.9
      vertex 37.6143593539449 -42.2 53.9
    endloop
  endfacet
  facet normal 0 0 1
    outer loop
      vertex 37.868629150101526 -41.868629150101526 53.9
      vertex 37.91018073905757 -42.50258389053351 53.9
      vertex 37.95667443006599 -42.40830401171037 53.9
    endloop
  endfacet
  facet normal 0 0 1
    outer loop
      vertex 37.868629150101526 -41.868629150101526 53.9
      vertex 37.868629150101526 -42.15284869595243 53.9
      vertex 37.91018073905757 -42.50258389053351 53.9
    endloop
  endfacet
  facet normal 0 0 1
    outer loop
      vertex 37.868629150101526 -41.868629150101526 53.9
      vertex 37.931204891997155 -42.252188096830096 53.9
      vertex 37.99020441605068 -42.35594755815052 53.9
    endloop
  endfacet
  facet normal 0 0 1
    outer loop
      vertex 37.868629150101526 -41.868629150101526 53.9
      vertex 37.99020441605068 -42.35594755815052 53.9
      vertex 38.042832049252354 -42.27718473902545 53.9
    endloop
  endfacet
  facet normal 0 0 1
    outer loop
      vertex 38.02598171358605 -41.730634655534026 53.9
      vertex 38.037957622526704 -42.119079975616984 53.9
      vertex 38.08290907008012 -42.22965274357955 53.9
    endloop
  endfacet
  facet normal 0 0 1
    outer loop
      vertex 38.02598171358605 -41.730634655534026 53.9
      vertex 38.08290907008012 -42.22965274357955 53.9
      vertex 38.135417219896816 -42.16977867394089 53.9
    endloop
  endfacet
  facet normal 0 0 1
    outer loop
      vertex 38.02598171358605 -41.730634655534026 53.9
      vertex 38.199361773201865 -42.10947353814256 53.9
      vertex 38.25117947382479 -42.064030634329846 53.9
    endloop
  endfacet
  facet normal 0 0 1
    outer loop
      vertex 38.02598171358605 -41.730634655534026 53.9
      vertex 38.05756869520854 -41.85738724714403 53.9
      vertex 38.199361773201865 -42.10947353814256 53.9
    endloop
  endfacet
  facet normal 0 0 1
    outer loop
      vertex 38.20000000000001 -41.61435935394491 53.9
      vertex 38.4 -41.96076951545867 53.9
      vertex 38.45712806771787 -41.9325970701656 53.9
    endloop
  endfacet
  facet normal 0 0 1
    outer loop
      vertex 38.58588952783597 -44.54548132206251 53.9
      vertex 38.601096452350625 -44.129130155983596 53.9
      vertex 38.5665659768323 -44.4162893824359 53.9
    endloop
  endfacet
  facet normal 0 0 1
    outer loop
      vertex 38.58588952783597 -44.54548132206251 53.9
      vertex 38.62039873384963 -44.41669121189064 53.9
      vertex 38.601096452350625 -44.129130155983596 53.9
    endloop
  endfacet
  facet normal 0 0 1
    outer loop
      vertex 39 -44.6 53.9
      vertex 39.208841907552085 -44.586311778198095 53.9
      vertex 39.182736669108074 -44.38802280592333 53.9
    endloop
  endfacet
  facet normal 0 0 1
    outer loop
      vertex 39 -44.6 53.9
      vertex 39.182736669108074 -44.38802280592333 53.9
      vertex 39.09307085010473 -44.19389981419698 53.9
    endloop
  endfacet
  facet normal 0 0 1
    outer loop
      vertex 39 -44.6 53.9
      vertex 39.09307085010473 -44.19389981419698 53.9
      vertex 39 -44.2 53.9
    endloop
  endfacet
  facet normal 0 0 1
    outer loop
      vertex 39.41411047216403 -44.54548132206251 53.9
      vertex 39.61229349178414 -44.47820725201806 53.9
      vertex 39.535756805311124 -44.293431345515806 53.9
    endloop
  endfacet
  facet normal 0 0 1
    outer loop
      vertex 39.41411047216403 -44.54548132206251 53.9
      vertex 39.535756805311124 -44.293431345515806 53.9
      vertex 39.40373896114696 -44.261519190088066 53.9
    endloop
  endfacet
  facet normal 0 0 1
    outer loop
      vertex 39.41411047216403 -44.54548132206251 53.9
      vertex 39.40373896114696 -44.261519190088066 53.9
      vertex 39.37960126615037 -44.41669121189064 53.9
    endloop
  endfacet
  facet normal 0 0 1
    outer loop
      vertex 39.61229349178414 -44.47820725201806 53.9
      vertex 39.62057466126425 -44.47412343116675 53.9
      vertex 39.54287193228213 -44.0674029298344 53.9
    endloop
  endfacet
  facet normal 0 0 1
    outer loop
      vertex 39.61229349178414 -44.47820725201806 53.9
      vertex 39.54287193228213 -44.0674029298344 53.9
      vertex 39.535756805311124 -44.293431345515806 53.9
    endloop
  endfacet
  facet normal 0 0 1
    outer loop
      vertex 39.8 -44.3856406460551 53.9
      vertex 39.78522778252094 -44.255849512002584 53.9
      vertex 39.677551627641 -43.987412143615735 53.9
    endloop
  endfacet
  facet normal 0 0 1
    outer loop
      vertex 39.8 -44.3856406460551 53.9
      vertex 39.677551627641 -43.987412143615735 53.9
      vertex 39.6 -44.03923048454133 53.9
    endloop
  endfacet
  facet normal 0 0 1
    outer loop
      vertex 39.97401828641395 -44.269365344465974 53.9
      vertex 39.94243130479146 -44.14261275285597 53.9
      vertex 39.800638226798135 -43.89052646185744 53.9
    endloop
  endfacet
  facet normal 0 0 1
    outer loop
      vertex 39.97401828641395 -44.269365344465974 53.9
      vertex 39.800638226798135 -43.89052646185744 53.9
      vertex 39.74882052617521 -43.935969365670154 53.9
    endloop
  endfacet
  facet normal 0 0 1
    outer loop
      vertex 39.97401828641395 -44.269365344465974 53.9
      vertex 39.91709092991988 -43.77034725642045 53.9
      vertex 39.864582780103184 -43.83022132605911 53.9
    endloop
  endfacet
  facet normal 0 0 1
    outer loop
      vertex 39.97401828641395 -44.269365344465974 53.9
      vertex 39.962042377473296 -43.880920024383016 53.9
      vertex 39.91709092991988 -43.77034725642045 53.9
    endloop
  endfacet
  facet normal 0 0 1
    outer loop
      vertex 40.131370849898474 -44.131370849898474 53.9
      vertex 40.269365344465974 -43.97401828641395 53.9
      vertex 40.26057548523195 -43.83991094974791 53.9
    endloop
  endfacet
  facet normal 0 0 1
    outer loop
      vertex 40.131370849898474 -44.131370849898474 53.9
      vertex 40.00979558394932 -43.64405244184948 53.9
      vertex 39.957167950747646 -43.72281526097455 53.9
    endloop
  endfacet
  facet normal 0 0 1
    outer loop
      vertex 40.131370849898474 -44.131370849898474 53.9
      vertex 40.068795108002845 -43.747811903169904 53.9
      vertex 40.00979558394932 -43.64405244184948 53.9
    endloop
  endfacet
  facet normal 0 0 1
    outer loop
      vertex 40.131370849898474 -44.131370849898474 53.9
      vertex 40.131370849898474 -43.84715130404757 53.9
      vertex 40.08981926094243 -43.49741610946649 53.9
    endloop
  endfacet
  facet normal 0 0 1
    outer loop
      vertex 40.131370849898474 -44.131370849898474 53.9
      vertex 40.26057548523195 -43.83991094974791 53.9
      vertex 40.131370849898474 -43.392302676231886 53.9
    endloop
  endfacet
  facet normal 0 0 1
    outer loop
      vertex 40.131370849898474 -44.131370849898474 53.9
      vertex 40.08981926094243 -43.49741610946649 53.9
      vertex 40.04332556993401 -43.59169598828963 53.9
    endloop
  endfacet
  facet normal 0 0 1
    outer loop
      vertex 40.269365344465974 -43.97401828641395 53.9
      vertex 40.3856406460551 -43.8 53.9
      vertex 40.269365344465974 -42.02598171358605 53.9
    endloop
  endfacet
  facet normal 0 0 1
    outer loop
      vertex 40.3856406460551 -43.8 53.9
      vertex 40.47820725201806 -43.61229349178414 53.9
      vertex 40.3856406460551 -42.2 53.9
    endloop
  endfacet
  facet normal 0 0 1
    outer loop
      vertex 40.47820725201806 -43.61229349178414 53.9
      vertex 40.54548132206251 -43.41411047216403 53.9
      vertex 40.47820725201806 -42.38770650821586 53.9
    endloop
  endfacet
  facet normal 0 0 1
    outer loop
      vertex 40.54548132206251 -43.41411047216403 53.9
      vertex 40.586311778198095 -43.208841907552085 53.9
      vertex 40.54548132206251 -42.58588952783597 53.9
    endloop
  endfacet
  facet normal 0 0 1
    outer loop
      vertex 40.586311778198095 -43.208841907552085 53.9
      vertex 40.586311778198095 -42.791158092447915 53.9
      vertex 40.54548132206251 -42.58588952783597 53.9
    endloop
  endfacet
  facet normal 0 0 1
    outer loop
      vertex 40.47820725201806 -43.61229349178414 53.9
      vertex 40.47820725201806 -42.38770650821586 53.9
      vertex 40.3856406460551 -42.2 53.9
    endloop
  endfacet
  facet normal 0 0 1
    outer loop
      vertex 40.3856406460551 -43.8 53.9
      vertex 40.3856406460551 -42.2 53.9
      vertex 40.269365344465974 -42.02598171358605 53.9
    endloop
  endfacet
  facet normal 0 0 1
    outer loop
      vertex 40.54548132206251 -43.41411047216403 53.9
      vertex 40.54548132206251 -42.58588952783597 53.9
      vertex 40.47820725201806 -42.38770650821586 53.9
    endloop
  endfacet
  facet normal 0 0 1
    outer loop
      vertex 39.8 -41.6143593539449 53.9
      vertex 39.74882052617521 -42.064030634329846 53.9
      vertex 39.808694595813876 -42.11653878414655 53.9
    endloop
  endfacet
  facet normal 0 0 1
    outer loop
      vertex 39.61229349178414 -41.52179274798194 53.9
      vertex 39.47408123198786 -41.85546666006836 53.9
      vertex 39.54287193228213 -41.9325970701656 53.9
    endloop
  endfacet
  facet normal 0 0 1
    outer loop
      vertex 39.8 -41.6143593539449 53.9
      vertex 39.808694595813876 -42.11653878414655 53.9
      vertex 39.838828835136624 -42.0010446402582 53.9
    endloop
  endfacet
  facet normal 0 0 1
    outer loop
      vertex 39.8 -41.6143593539449 53.9
      vertex 39.838828835136624 -42.0010446402582 53.9
      vertex 39.97401828641395 -41.730634655534026 53.9
    endloop
  endfacet
  facet normal 0 0 1
    outer loop
      vertex 40.269365344465974 -42.02598171358605 53.9
      vertex 40.131370849898474 -41.868629150101526 53.9
      vertex 40.15327051413735 -42.2027534593497 53.9
    endloop
  endfacet
  facet normal 0 0 1
    outer loop
      vertex 40.131370849898474 -41.9393331229151 53.9
      vertex 40.131370849898474 -42.15284869595243 53.9
      vertex 40.15327051413735 -42.2027534593497 53.9
    endloop
  endfacet
  facet normal 0 0 1
    outer loop
      vertex 40.131370849898474 -41.868629150101526 53.9
      vertex 40.131370849898474 -41.9393331229151 53.9
      vertex 40.15327051413735 -42.2027534593497 53.9
    endloop
  endfacet
  facet normal 0 0 1
    outer loop
      vertex 40.131370849898474 -41.868629150101526 53.9
      vertex 39.99180768749285 -41.74623554157096 53.9
      vertex 40.131370849898474 -41.9393331229151 53.9
    endloop
  endfacet
  facet normal 0 0 1
    outer loop
      vertex 38.38770650821586 -41.52179274798194 53.9
      vertex 38.45712806771787 -41.9325970701656 53.9
      vertex 38.464243194688876 -41.706568654484194 53.9
    endloop
  endfacet
  facet normal 0 0 1
    outer loop
      vertex 38.20000000000001 -41.61435935394491 53.9
      vertex 38.45712806771787 -41.9325970701656 53.9
      vertex 38.38770650821586 -41.52179274798194 53.9
    endloop
  endfacet
  facet normal 0 0 1
    outer loop
      vertex 38.58588952783597 -41.45451867793749 53.9
      vertex 38.464243194688876 -41.706568654484194 53.9
      vertex 38.59626103885304 -41.738480809911934 53.9
    endloop
  endfacet
  facet normal 0 0 1
    outer loop
      vertex 38.58588952783597 -41.45451867793749 53.9
      vertex 38.59626103885304 -41.738480809911934 53.9
      vertex 38.62039873384963 -41.58330878810936 53.9
    endloop
  endfacet
  facet normal 0 0 1
    outer loop
      vertex 38.38770650821586 -41.52179274798194 53.9
      vertex 38.464243194688876 -41.706568654484194 53.9
      vertex 38.58588952783597 -41.45451867793749 53.9
    endloop
  endfacet
  facet normal 0 0 1
    outer loop
      vertex 39 -41.4 53.9
      vertex 38.90692914989527 -41.80610018580302 53.9
      vertex 39 -41.8 53.9
    endloop
  endfacet
  facet normal 0 0 1
    outer loop
      vertex 39 -41.4 53.9
      vertex 38.817263330891926 -41.61197719407667 53.9
      vertex 38.90692914989527 -41.80610018580302 53.9
    endloop
  endfacet
  facet normal 0 0 1
    outer loop
      vertex 38.791158092447915 -41.413688221801905 53.9
      vertex 38.817263330891926 -41.61197719407667 53.9
      vertex 39 -41.4 53.9
    endloop
  endfacet
  facet normal 0 0 1
    outer loop
      vertex 39 -41.4 53.9
      vertex 39 -41.629999999999995 53.9
      vertex 39.09307085010473 -41.80610018580302 53.9
    endloop
  endfacet
  facet normal 0 0 1
    outer loop
      vertex 39 -41.4 53.9
      vertex 39.09307085010473 -41.80610018580302 53.9
      vertex 39.00921361356848 -41.40060389213832 53.9
    endloop
  endfacet
  facet normal 0 0 1
    outer loop
      vertex 39.41411047216403 -41.45451867793749 53.9
      vertex 39.37960126615037 -41.58330878810936 53.9
      vertex 39.398903547649375 -41.870869844016404 53.9
    endloop
  endfacet
  facet normal 0 0 1
    outer loop
      vertex 39.41411047216403 -41.45451867793749 53.9
      vertex 39.398903547649375 -41.870869844016404 53.9
      vertex 39.4334340231677 -41.5837106175641 53.9
    endloop
  endfacet
  facet normal 0 0 1
    outer loop
      vertex 39.61229349178414 -41.52179274798194 53.9
      vertex 39.54287193228213 -41.9325970701656 53.9
      vertex 39.614588795185234 -41.652401662188325 53.9
    endloop
  endfacet
  facet normal 0 0 1
    outer loop
      vertex -94.61229349178414 43.52179274798195 53.9
      vertex -94.54287193228213 43.932597070165606 53.9
      vertex -94.61458879518523 43.65240166218831 53.9
    endloop
  endfacet
  facet normal 0 0 1
    outer loop
      vertex -94.20884190755208 43.413688221801905 53.9
      vertex -94.24810981271939 43.82846234789011 53.9
      vertex -94.2178978736379 43.41548956545494 53.9
    endloop
  endfacet
  facet normal 0 0 1
    outer loop
      vertex -94.20884190755208 43.413688221801905 53.9
      vertex -94.15663143066406 43.810266166351425 53.9
      vertex -94.24810981271939 43.82846234789011 53.9
    endloop
  endfacet
  facet normal 0 0 1
    outer loop
      vertex -94 43.400000000000006 53.9
      vertex -93.79115809244792 43.413688221801905 53.9
      vertex -93.90692914989526 43.80610018580302 53.9
    endloop
  endfacet
  facet normal 0 0 1
    outer loop
      vertex -94 43.400000000000006 53.9
      vertex -93.90692914989526 43.80610018580302 53.9
      vertex -94 43.8 53.9
    endloop
  endfacet
  facet normal 0 0 1
    outer loop
      vertex -93.79115809244792 43.413688221801905 53.9
      vertex -93.7808955279323 43.822692826914434 53.9
      vertex -93.84336856933594 43.810266166351425 53.9
    endloop
  endfacet
  facet normal 0 0 1
    outer loop
      vertex -93.79115809244792 43.413688221801905 53.9
      vertex -93.58588952783597 43.4545186779375 53.9
      vertex -93.7808955279323 43.822692826914434 53.9
    endloop
  endfacet
  facet normal 0 0 1
    outer loop
      vertex -93.58588952783596 43.4545186779375 53.9
      vertex -93.60109645235062 43.870869844016404 53.9
      vertex -93.68941714587697 43.84088900845312 53.9
    endloop
  endfacet
  facet normal 0 0 1
    outer loop
      vertex -93.58588952783596 43.4545186779375 53.9
      vertex -93.38770650821586 43.52179274798195 53.9
      vertex -93.60109645235062 43.870869844016404 53.9
    endloop
  endfacet
  facet normal 0 0 1
    outer loop
      vertex -93.38770650821586 43.52179274798195 53.9
      vertex -93.37942533873574 43.525876568833255 53.9
      vertex -93.45712806771787 43.932597070165606 53.9
    endloop
  endfacet
  facet normal 0 0 1
    outer loop
      vertex -95.13137084989847 43.868629150101526 53.9
      vertex -94.99180768749285 43.746235541570975 53.9
      vertex -95.13137084989847 43.93933312291507 53.9
    endloop
  endfacet
  facet normal 0 0 1
    outer loop
      vertex -95.13137084989847 43.868629150101526 53.9
      vertex -95.13137084989847 43.93933312291507 53.9
      vertex -95.15327051413735 44.202753459349594 53.9
    endloop
  endfacet
  facet normal 0 0 1
    outer loop
      vertex -95.13137084989847 43.868629150101526 53.9
      vertex -95.15327051413735 44.202753459349594 53.9
      vertex -95.26936534446598 44.02598171358605 53.9
    endloop
  endfacet
  facet normal 0 0 1
    outer loop
      vertex -95.13137084989847 43.93933312291507 53.9
      vertex -95.13137084989847 44.152848695952365 53.9
      vertex -95.15327051413735 44.202753459349594 53.9
    endloop
  endfacet
  facet normal 0 0 1
    outer loop
      vertex -94.61229349178414 43.52179274798195 53.9
      vertex -94.47408123198785 43.85546666006836 53.9
      vertex -94.54287193228213 43.932597070165606 53.9
    endloop
  endfacet
  facet normal 0 0 1
    outer loop
      vertex -95.47820725201805 44.38770650821586 53.9
      vertex -95.54548132206251 45.414110472164026 53.9
      vertex -95.54548132206251 44.585889527835974 53.9
    endloop
  endfacet
  facet normal 0 0 1
    outer loop
      vertex -95.26936534446598 44.02598171358605 53.9
      vertex -95.38564064605511 45.8 53.9
      vertex -95.38564064605511 44.2 53.9
    endloop
  endfacet
  facet normal 0 0 1
    outer loop
      vertex -95.38564064605511 44.2 53.9
      vertex -95.47820725201805 45.61229349178414 53.9
      vertex -95.47820725201805 44.38770650821586 53.9
    endloop
  endfacet
  facet normal 0 0 1
    outer loop
      vertex -95.54548132206251 44.585889527835974 53.9
      vertex -95.5863117781981 45.208841907552085 53.9
      vertex -95.5863117781981 44.791158092447915 53.9
    endloop
  endfacet
  facet normal 0 0 1
    outer loop
      vertex -95.54548132206251 44.585889527835974 53.9
      vertex -95.54548132206251 45.414110472164026 53.9
      vertex -95.5863117781981 45.208841907552085 53.9
    endloop
  endfacet
  facet normal 0 0 1
    outer loop
      vertex -95.47820725201805 44.38770650821586 53.9
      vertex -95.47820725201805 45.61229349178414 53.9
      vertex -95.54548132206251 45.414110472164026 53.9
    endloop
  endfacet
  facet normal 0 0 1
    outer loop
      vertex -93.38770650821586 43.52179274798195 53.9
      vertex -93.45712806771787 43.932597070165606 53.9
      vertex -93.54077988116188 43.89134456098646 53.9
    endloop
  endfacet
  facet normal 0 0 1
    outer loop
      vertex -95.38564064605511 44.2 53.9
      vertex -95.38564064605511 45.8 53.9
      vertex -95.47820725201805 45.61229349178414 53.9
    endloop
  endfacet
  facet normal 0 0 1
    outer loop
      vertex -95.26936534446598 44.02598171358605 53.9
      vertex -95.26936534446598 45.97401828641395 53.9
      vertex -95.38564064605511 45.8 53.9
    endloop
  endfacet
  facet normal 0 0 1
    outer loop
      vertex -95.13137084989847 46.131370849898474 53.9
      vertex -95.08981926094242 45.49741610946649 53.9
      vertex -95.04332556993401 45.59169598828961 53.9
    endloop
  endfacet
  facet normal 0 0 1
    outer loop
      vertex -95.13137084989847 46.131370849898474 53.9
      vertex -95.13137084989847 45.847151304047635 53.9
      vertex -95.08981926094242 45.49741610946649 53.9
    endloop
  endfacet
  facet normal 0 0 1
    outer loop
      vertex -95.13137084989847 46.131370849898474 53.9
      vertex -95.06879510800289 45.74781190317016 53.9
      vertex -95.00979558394931 45.644052441849475 53.9
    endloop
  endfacet
  facet normal 0 0 1
    outer loop
      vertex -95.13137084989847 46.131370849898474 53.9
      vertex -95.00979558394931 45.644052441849475 53.9
      vertex -94.95716795074765 45.72281526097454 53.9
    endloop
  endfacet
  facet normal 0 0 1
    outer loop
      vertex -94.97401828641395 46.26936534446597 53.9
      vertex -94.9620423774733 45.88092002438295 53.9
      vertex -94.91709092991988 45.77034725642044 53.9
    endloop
  endfacet
  facet normal 0 0 1
    outer loop
      vertex -94.97401828641395 46.26936534446597 53.9
      vertex -94.91709092991988 45.77034725642044 53.9
      vertex -94.86458278010318 45.83022132605911 53.9
    endloop
  endfacet
  facet normal 0 0 1
    outer loop
      vertex -94.97401828641395 46.26936534446597 53.9
      vertex -94.80063822679813 45.89052646185744 53.9
      vertex -94.74882052617521 45.93596936567016 53.9
    endloop
  endfacet
  facet normal 0 0 1
    outer loop
      vertex -94.97401828641395 46.26936534446597 53.9
      vertex -94.94243130479146 46.142612752855904 53.9
      vertex -94.80063822679813 45.89052646185744 53.9
    endloop
  endfacet
  facet normal 0 0 1
    outer loop
      vertex -94.8 46.385640646055094 53.9
      vertex -94.677551627641 45.98741214361574 53.9
      vertex -94.6 46.03923048454132 53.9
    endloop
  endfacet
  facet normal 0 0 1
    outer loop
      vertex -94.8 46.385640646055094 53.9
      vertex -94.78522778252095 46.255849512002555 53.9
      vertex -94.677551627641 45.98741214361574 53.9
    endloop
  endfacet
  facet normal 0 0 1
    outer loop
      vertex -94.61229349178414 46.47820725201805 53.9
      vertex -94.54287193228213 46.067402929834394 53.9
      vertex -94.45922011883812 46.10865543901354 53.9
    endloop
  endfacet
  facet normal 0 0 1
    outer loop
      vertex -94.61229349178414 46.47820725201805 53.9
      vertex -94.62057466126426 46.474123431166745 53.9
      vertex -94.54287193228213 46.067402929834394 53.9
    endloop
  endfacet
  facet normal 0 0 1
    outer loop
      vertex -94.41411047216403 46.5454813220625 53.9
      vertex -94.2191044720677 46.177307173085566 53.9
      vertex -94.20884190755208 46.586311778198095 53.9
    endloop
  endfacet
  facet normal 0 0 1
    outer loop
      vertex -94.20884190755208 46.586311778198095 53.9
      vertex -94.2191044720677 46.177307173085566 53.9
      vertex -94.15663143066406 46.189733833648575 53.9
    endloop
  endfacet
  facet normal 0 0 1
    outer loop
      vertex -94 46.599999999999994 53.9
      vertex -94.09307085010474 46.19389981419698 53.9
      vertex -94 46.2 53.9
    endloop
  endfacet
  facet normal 0 0 1
    outer loop
      vertex -94 46.599999999999994 53.9
      vertex -94.20884190755208 46.586311778198095 53.9
      vertex -94.09307085010474 46.19389981419698 53.9
    endloop
  endfacet
  facet normal 0 0 1
    outer loop
      vertex -93.58588952783597 46.5454813220625 53.9
      vertex -93.75189018728061 46.17153765210989 53.9
      vertex -93.68941714587697 46.15911099154688 53.9
    endloop
  endfacet
  facet normal 0 0 1
    outer loop
      vertex -93.79115809244792 46.586311778198095 53.9
      vertex -93.75189018728061 46.17153765210989 53.9
      vertex -93.58588952783597 46.5454813220625 53.9
    endloop
  endfacet
  facet normal 0 0 1
    outer loop
      vertex -93.2 43.614359353944906 53.9
      vertex -93.21477221747905 43.744150487997445 53.9
      vertex -93.322448372359 44.01258785638426 53.9
    endloop
  endfacet
  facet normal 0 0 1
    outer loop
      vertex -93.2 43.614359353944906 53.9
      vertex -93.322448372359 44.01258785638426 53.9
      vertex -93.4 43.96076951545868 53.9
    endloop
  endfacet
  facet normal 0 0 1
    outer loop
      vertex -93.02598171358605 43.73063465553403 53.9
      vertex -93.05756869520854 43.857387247144096 53.9
      vertex -93.19936177320187 44.10947353814256 53.9
    endloop
  endfacet
  facet normal 0 0 1
    outer loop
      vertex -93.02598171358605 43.73063465553403 53.9
      vertex -93.19936177320187 44.10947353814256 53.9
      vertex -93.25117947382479 44.06403063432984 53.9
    endloop
  endfacet
  facet normal 0 0 1
    outer loop
      vertex -93.02598171358605 43.73063465553403 53.9
      vertex -93.08290907008012 44.22965274357956 53.9
      vertex -93.13541721989682 44.16977867394089 53.9
    endloop
  endfacet
  facet normal 0 0 1
    outer loop
      vertex -93.02598171358605 43.73063465553403 53.9
      vertex -93.0379576225267 44.11907997561705 53.9
      vertex -93.08290907008012 44.22965274357956 53.9
    endloop
  endfacet
  facet normal 0 0 1
    outer loop
      vertex -92.86862915010153 43.868629150101526 53.9
      vertex -92.99020441605069 44.355947558150525 53.9
      vertex -93.04283204925235 44.27718473902546 53.9
    endloop
  endfacet
  facet normal 0 0 1
    outer loop
      vertex -92.86862915010153 43.868629150101526 53.9
      vertex -92.93120489199711 44.25218809682984 53.9
      vertex -92.99020441605069 44.355947558150525 53.9
    endloop
  endfacet
  facet normal 0 0 1
    outer loop
      vertex -92.86862915010153 43.868629150101526 53.9
      vertex -92.73063465553402 44.02598171358605 53.9
      vertex -92.73942451476803 44.16008905025205 53.9
    endloop
  endfacet
  facet normal 0 0 1
    outer loop
      vertex -92.86862915010153 43.868629150101526 53.9
      vertex -92.86862915010153 44.152848695952365 53.9
      vertex -92.91018073905758 44.50258389053351 53.9
    endloop
  endfacet
  facet normal 0 0 1
    outer loop
      vertex -92.86862915010153 43.868629150101526 53.9
      vertex -92.91018073905758 44.50258389053351 53.9
      vertex -92.95667443006599 44.40830401171039 53.9
    endloop
  endfacet
  facet normal 0 0 1
    outer loop
      vertex -92.86862915010153 43.868629150101526 53.9
      vertex -92.73942451476803 44.16008905025205 53.9
      vertex -92.86862915010153 44.60769732376811 53.9
    endloop
  endfacet
  facet normal 0 0 1
    outer loop
      vertex -92.73063465553402 44.02598171358605 53.9
      vertex -92.61435935394489 44.2 53.9
      vertex -92.73063465553402 45.97401828641395 53.9
    endloop
  endfacet
  facet normal 0 0 1
    outer loop
      vertex -92.61435935394489 44.2 53.9
      vertex -92.52179274798195 44.38770650821586 53.9
      vertex -92.61435935394489 45.8 53.9
    endloop
  endfacet
  facet normal 0 0 1
    outer loop
      vertex -92.52179274798195 44.38770650821586 53.9
      vertex -92.45451867793749 44.585889527835974 53.9
      vertex -92.52179274798195 45.61229349178414 53.9
    endloop
  endfacet
  facet normal 0 0 1
    outer loop
      vertex -92.45451867793749 44.585889527835974 53.9
      vertex -92.4136882218019 44.791158092447915 53.9
      vertex -92.45451867793749 45.414110472164026 53.9
    endloop
  endfacet
  facet normal 0 0 1
    outer loop
      vertex -92.4136882218019 44.791158092447915 53.9
      vertex -92.4136882218019 45.208841907552085 53.9
      vertex -92.45451867793749 45.414110472164026 53.9
    endloop
  endfacet
  facet normal 0 0 1
    outer loop
      vertex -93.02598171358605 46.26936534446597 53.9
      vertex -93.04283204925235 45.72281526097454 53.9
      vertex -92.98443012463 45.63541060403397 53.9
    endloop
  endfacet
  facet normal 0 0 1
    outer loop
      vertex -92.61435935394489 44.2 53.9
      vertex -92.61435935394489 45.8 53.9
      vertex -92.73063465553402 45.97401828641395 53.9
    endloop
  endfacet
  facet normal 0 0 1
    outer loop
      vertex -92.52179274798195 44.38770650821586 53.9
      vertex -92.52179274798195 45.61229349178414 53.9
      vertex -92.61435935394489 45.8 53.9
    endloop
  endfacet
  facet normal 0 0 1
    outer loop
      vertex -92.45451867793749 44.585889527835974 53.9
      vertex -92.45451867793749 45.414110472164026 53.9
      vertex -92.52179274798195 45.61229349178414 53.9
    endloop
  endfacet
  facet normal 0 0 1
    outer loop
      vertex -93.38770650821586 46.47820725201805 53.9
      vertex -93.52591876801215 46.14453333993164 53.9
      vertex -93.45712806771787 46.067402929834394 53.9
    endloop
  endfacet
  facet normal 0 0 1
    outer loop
      vertex -93.38770650821586 46.47820725201805 53.9
      vertex -93.3797542545679 46.02570270993484 53.9
      vertex -93.31353872703902 45.981458908941484 53.9
    endloop
  endfacet
  facet normal 0 0 1
    outer loop
      vertex -93.02598171358605 46.26936534446597 53.9
      vertex -93.16117116486338 45.99895535974179 53.9
      vertex -93.07339021234529 45.8537883729548 53.9
    endloop
  endfacet
  facet normal 0 0 1
    outer loop
      vertex -93.02598171358605 46.26936534446597 53.9
      vertex -92.98443012463 45.63541060403397 53.9
      vertex -93.00819231250715 46.253764458429025 53.9
    endloop
  endfacet
  facet normal 0 0 1
    outer loop
      vertex -93.2 46.385640646055094 53.9
      vertex -93.16117116486338 45.99895535974179 53.9
      vertex -93.02598171358605 46.26936534446597 53.9
    endloop
  endfacet
  facet normal 0 0 1
    outer loop
      vertex -93.38770650821586 46.47820725201805 53.9
      vertex -93.45712806771787 46.067402929834394 53.9
      vertex -93.38541120481477 46.34759833781169 53.9
    endloop
  endfacet
  facet normal 0 0 1
    outer loop
      vertex -93.38770650821586 46.47820725201805 53.9
      vertex -93.31353872703902 45.981458908941484 53.9
      vertex -93.37204260690974 46.47048267073514 53.9
    endloop
  endfacet
  facet normal 0 0 1
    outer loop
      vertex -92.73063465553402 45.97401828641395 53.9
      vertex -92.86862915010153 46.131370849898474 53.9
      vertex -92.84672948586265 45.797246540650406 53.9
    endloop
  endfacet
  facet normal 0 0 1
    outer loop
      vertex -92.86862915010153 46.06066687708493 53.9
      vertex -92.86862915010153 45.847151304047635 53.9
      vertex -92.84672948586265 45.797246540650406 53.9
    endloop
  endfacet
  facet normal 0 0 1
    outer loop
      vertex -92.86862915010153 46.131370849898474 53.9
      vertex -92.86862915010153 46.06066687708493 53.9
      vertex -92.84672948586265 45.797246540650406 53.9
    endloop
  endfacet
  facet normal 0 0 1
    outer loop
      vertex -92.86862915010153 46.131370849898474 53.9
      vertex -93.00819231250715 46.253764458429025 53.9
      vertex -92.86862915010153 46.06066687708493 53.9
    endloop
  endfacet
  facet normal 0 0 1
    outer loop
      vertex 38.387706508215864 43.52179274798195 53.9
      vertex 38.45712806771787 43.9325970701656 53.9
      vertex 38.385411204814766 43.652401662188325 53.9
    endloop
  endfacet
  facet normal 0 0 1
    outer loop
      vertex 38.58588952783597 43.4545186779375 53.9
      vertex 38.601096452350625 43.870869844016404 53.9
      vertex 38.5665659768323 43.58371061756411 53.9
    endloop
  endfacet
  facet normal 0 0 1
    outer loop
      vertex 38.58588952783597 43.4545186779375 53.9
      vertex 38.65490793986331 43.71209889828124 53.9
      vertex 38.601096452350625 43.870869844016404 53.9
    endloop
  endfacet
  facet normal 0 0 1
    outer loop
      vertex 39 43.400000000000006 53.9
      vertex 39.208841907552085 43.413688221801905 53.9
      vertex 39.182736669108074 43.61197719407667 53.9
    endloop
  endfacet
  facet normal 0 0 1
    outer loop
      vertex 39 43.400000000000006 53.9
      vertex 39.182736669108074 43.61197719407667 53.9
      vertex 39.09307085010473 43.80610018580302 53.9
    endloop
  endfacet
  facet normal 0 0 1
    outer loop
      vertex 39 43.400000000000006 53.9
      vertex 39.09307085010473 43.80610018580302 53.9
      vertex 39 43.8 53.9
    endloop
  endfacet
  facet normal 0 0 1
    outer loop
      vertex 39.61229349178414 43.52179274798195 53.9
      vertex 39.8 43.614359353944906 53.9
      vertex 39.54287193228213 43.9325970701656 53.9
    endloop
  endfacet
  facet normal 0 0 1
    outer loop
      vertex 39.61229349178414 43.52179274798195 53.9
      vertex 39.54287193228213 43.9325970701656 53.9
      vertex 39.51024457648679 43.76816062331828 53.9
    endloop
  endfacet
  facet normal 0 0 1
    outer loop
      vertex 37.868629150101526 43.868629150101526 53.9
      vertex 38.00819231250715 43.74623554157097 53.9
      vertex 37.868629150101526 43.93933312291511 53.9
    endloop
  endfacet
  facet normal 0 0 1
    outer loop
      vertex 37.868629150101526 43.868629150101526 53.9
      vertex 37.868629150101526 43.93933312291511 53.9
      vertex 37.84672948586265 44.202753459349694 53.9
    endloop
  endfacet
  facet normal 0 0 1
    outer loop
      vertex 37.868629150101526 43.868629150101526 53.9
      vertex 37.84672948586265 44.202753459349694 53.9
      vertex 37.730634655534026 44.02598171358605 53.9
    endloop
  endfacet
  facet normal 0 0 1
    outer loop
      vertex 37.868629150101526 43.93933312291511 53.9
      vertex 37.868629150101526 44.152848695952436 53.9
      vertex 37.84672948586265 44.202753459349694 53.9
    endloop
  endfacet
  facet normal 0 0 1
    outer loop
      vertex 38.387706508215864 43.52179274798195 53.9
      vertex 38.52591876801214 43.85546666006836 53.9
      vertex 38.45712806771787 43.9325970701656 53.9
    endloop
  endfacet
  facet normal 0 0 1
    outer loop
      vertex 37.52179274798194 44.38770650821586 53.9
      vertex 37.45451867793749 45.414110472164026 53.9
      vertex 37.45451867793749 44.585889527835974 53.9
    endloop
  endfacet
  facet normal 0 0 1
    outer loop
      vertex 37.730634655534026 44.02598171358605 53.9
      vertex 37.6143593539449 45.8 53.9
      vertex 37.6143593539449 44.2 53.9
    endloop
  endfacet
  facet normal 0 0 1
    outer loop
      vertex 37.6143593539449 44.2 53.9
      vertex 37.52179274798194 45.61229349178414 53.9
      vertex 37.52179274798194 44.38770650821586 53.9
    endloop
  endfacet
  facet normal 0 0 1
    outer loop
      vertex 37.45451867793749 44.585889527835974 53.9
      vertex 37.413688221801905 45.208841907552085 53.9
      vertex 37.413688221801905 44.791158092447915 53.9
    endloop
  endfacet
  facet normal 0 0 1
    outer loop
      vertex 37.45451867793749 44.585889527835974 53.9
      vertex 37.45451867793749 45.414110472164026 53.9
      vertex 37.413688221801905 45.208841907552085 53.9
    endloop
  endfacet
  facet normal 0 0 1
    outer loop
      vertex 37.52179274798194 44.38770650821586 53.9
      vertex 37.52179274798194 45.61229349178414 53.9
      vertex 37.45451867793749 45.414110472164026 53.9
    endloop
  endfacet
  facet normal 0 0 1
    outer loop
      vertex 37.6143593539449 44.2 53.9
      vertex 37.6143593539449 45.8 53.9
      vertex 37.52179274798194 45.61229349178414 53.9
    endloop
  endfacet
  facet normal 0 0 1
    outer loop
      vertex 37.730634655534026 44.02598171358605 53.9
      vertex 37.730634655534026 45.97401828641395 53.9
      vertex 37.6143593539449 45.8 53.9
    endloop
  endfacet
  facet normal 0 0 1
    outer loop
      vertex 37.868629150101526 46.131370849898474 53.9
      vertex 37.91018073905757 45.49741610946649 53.9
      vertex 37.95667443006599 45.59169598828962 53.9
    endloop
  endfacet
  facet normal 0 0 1
    outer loop
      vertex 37.868629150101526 46.131370849898474 53.9
      vertex 37.868629150101526 45.847151304047564 53.9
      vertex 37.91018073905757 45.49741610946649 53.9
    endloop
  endfacet
  facet normal 0 0 1
    outer loop
      vertex 37.868629150101526 46.131370849898474 53.9
      vertex 37.931204891997155 45.74781190316988 53.9
      vertex 37.99020441605068 45.64405244184948 53.9
    endloop
  endfacet
  facet normal 0 0 1
    outer loop
      vertex 37.868629150101526 46.131370849898474 53.9
      vertex 37.99020441605068 45.64405244184948 53.9
      vertex 38.042832049252354 45.72281526097454 53.9
    endloop
  endfacet
  facet normal 0 0 1
    outer loop
      vertex 38.02598171358605 46.26936534446597 53.9
      vertex 38.037957622526704 45.880920024383 53.9
      vertex 38.08290907008012 45.77034725642044 53.9
    endloop
  endfacet
  facet normal 0 0 1
    outer loop
      vertex 38.02598171358605 46.26936534446597 53.9
      vertex 38.08290907008012 45.77034725642044 53.9
      vertex 38.135417219896816 45.83022132605911 53.9
    endloop
  endfacet
  facet normal 0 0 1
    outer loop
      vertex 38.02598171358605 46.26936534446597 53.9
      vertex 38.199361773201865 45.89052646185744 53.9
      vertex 38.25117947382479 45.935969365670154 53.9
    endloop
  endfacet
  facet normal 0 0 1
    outer loop
      vertex 38.02598171358605 46.26936534446597 53.9
      vertex 38.05756869520853 46.142612752855996 53.9
      vertex 38.199361773201865 45.89052646185744 53.9
    endloop
  endfacet
  facet normal 0 0 1
    outer loop
      vertex 38.2 46.385640646055094 53.9
      vertex 38.4 46.03923048454132 53.9
      vertex 38.45712806771787 46.0674029298344 53.9
    endloop
  endfacet
  facet normal 0 0 1
    outer loop
      vertex 38.2 46.385640646055094 53.9
      vertex 38.45712806771787 46.0674029298344 53.9
      vertex 38.38770650821586 46.47820725201805 53.9
    endloop
  endfacet
  facet normal 0 0 1
    outer loop
      vertex 38.38770650821586 46.47820725201805 53.9
      vertex 38.45712806771787 46.0674029298344 53.9
      vertex 38.48975542351321 46.23183937668172 53.9
    endloop
  endfacet
  facet normal 0 0 1
    outer loop
      vertex 39.8 43.614359353944906 53.9
      vertex 39.6 43.96076951545867 53.9
      vertex 39.54287193228213 43.9325970701656 53.9
    endloop
  endfacet
  facet normal 0 0 1
    outer loop
      vertex 39.97401828641395 43.73063465553403 53.9
      vertex 39.94243130479147 43.857387247144004 53.9
      vertex 39.800638226798135 44.10947353814256 53.9
    endloop
  endfacet
  facet normal 0 0 1
    outer loop
      vertex 39.97401828641395 43.73063465553403 53.9
      vertex 39.800638226798135 44.10947353814256 53.9
      vertex 39.74882052617521 44.064030634329846 53.9
    endloop
  endfacet
  facet normal 0 0 1
    outer loop
      vertex 39.97401828641395 43.73063465553403 53.9
      vertex 39.91709092991988 44.22965274357956 53.9
      vertex 39.864582780103184 44.16977867394089 53.9
    endloop
  endfacet
  facet normal 0 0 1
    outer loop
      vertex 39.97401828641395 43.73063465553403 53.9
      vertex 39.962042377473296 44.119079975617 53.9
      vertex 39.91709092991988 44.22965274357956 53.9
    endloop
  endfacet
  facet normal 0 0 1
    outer loop
      vertex 40.131370849898474 43.868629150101526 53.9
      vertex 40.00979558394932 44.35594755815052 53.9
      vertex 39.957167950747646 44.27718473902546 53.9
    endloop
  endfacet
  facet normal 0 0 1
    outer loop
      vertex 40.131370849898474 43.868629150101526 53.9
      vertex 40.269365344465974 44.02598171358605 53.9
      vertex 40.26057548523195 44.1600890502521 53.9
    endloop
  endfacet
  facet normal 0 0 1
    outer loop
      vertex 40.131370849898474 43.868629150101526 53.9
      vertex 40.068795108002845 44.25218809683012 53.9
      vertex 40.00979558394932 44.35594755815052 53.9
    endloop
  endfacet
  facet normal 0 0 1
    outer loop
      vertex 40.131370849898474 43.868629150101526 53.9
      vertex 40.131370849898474 44.152848695952436 53.9
      vertex 40.08981926094243 44.50258389053351 53.9
    endloop
  endfacet
  facet normal 0 0 1
    outer loop
      vertex 40.131370849898474 43.868629150101526 53.9
      vertex 40.08981926094243 44.50258389053351 53.9
      vertex 40.04332556993401 44.40830401171038 53.9
    endloop
  endfacet
  facet normal 0 0 1
    outer loop
      vertex 40.131370849898474 43.868629150101526 53.9
      vertex 40.26057548523195 44.1600890502521 53.9
      vertex 40.131370849898474 44.60769732376811 53.9
    endloop
  endfacet
  facet normal 0 0 1
    outer loop
      vertex 40.269365344465974 44.02598171358605 53.9
      vertex 40.3856406460551 44.2 53.9
      vertex 40.269365344465974 45.97401828641395 53.9
    endloop
  endfacet
  facet normal 0 0 1
    outer loop
      vertex 40.3856406460551 44.2 53.9
      vertex 40.47820725201806 44.38770650821586 53.9
      vertex 40.3856406460551 45.8 53.9
    endloop
  endfacet
  facet normal 0 0 1
    outer loop
      vertex 40.47820725201806 44.38770650821586 53.9
      vertex 40.54548132206251 44.585889527835974 53.9
      vertex 40.47820725201806 45.61229349178414 53.9
    endloop
  endfacet
  facet normal 0 0 1
    outer loop
      vertex 40.54548132206251 44.585889527835974 53.9
      vertex 40.586311778198095 44.791158092447915 53.9
      vertex 40.54548132206251 45.414110472164026 53.9
    endloop
  endfacet
  facet normal 0 0 1
    outer loop
      vertex 40.586311778198095 44.791158092447915 53.9
      vertex 40.586311778198095 45.208841907552085 53.9
      vertex 40.54548132206251 45.414110472164026 53.9
    endloop
  endfacet
  facet normal 0 0 1
    outer loop
      vertex 39 46.599999999999994 53.9
      vertex 38.90692914989527 46.19389981419698 53.9
      vertex 39 46.2 53.9
    endloop
  endfacet
  facet normal 0 0 1
    outer loop
      vertex 39 46.599999999999994 53.9
      vertex 38.817263330891926 46.38802280592333 53.9
      vertex 38.90692914989527 46.19389981419698 53.9
    endloop
  endfacet
  facet normal 0 0 1
    outer loop
      vertex 38.791158092447915 46.586311778198095 53.9
      vertex 38.817263330891926 46.38802280592333 53.9
      vertex 39 46.599999999999994 53.9
    endloop
  endfacet
  facet normal 0 0 1
    outer loop
      vertex 39 46.599999999999994 53.9
      vertex 39 46.37 53.9
      vertex 39.09307085010473 46.19389981419698 53.9
    endloop
  endfacet
  facet normal 0 0 1
    outer loop
      vertex 39 46.599999999999994 53.9
      vertex 39.09307085010473 46.19389981419698 53.9
      vertex 39.00921361356848 46.59939610786167 53.9
    endloop
  endfacet
  facet normal 0 0 1
    outer loop
      vertex 39.41411047216403 46.5454813220625 53.9
      vertex 39.34509206013669 46.28790110171876 53.9
      vertex 39.398903547649375 46.129130155983596 53.9
    endloop
  endfacet
  facet normal 0 0 1
    outer loop
      vertex 39.41411047216403 46.5454813220625 53.9
      vertex 39.398903547649375 46.129130155983596 53.9
      vertex 39.4334340231677 46.41628938243589 53.9
    endloop
  endfacet
  facet normal 0 0 1
    outer loop
      vertex 40.3856406460551 44.2 53.9
      vertex 40.3856406460551 45.8 53.9
      vertex 40.269365344465974 45.97401828641395 53.9
    endloop
  endfacet
  facet normal 0 0 1
    outer loop
      vertex 40.47820725201806 44.38770650821586 53.9
      vertex 40.47820725201806 45.61229349178414 53.9
      vertex 40.3856406460551 45.8 53.9
    endloop
  endfacet
  facet normal 0 0 1
    outer loop
      vertex 40.54548132206251 44.585889527835974 53.9
      vertex 40.54548132206251 45.414110472164026 53.9
      vertex 40.47820725201806 45.61229349178414 53.9
    endloop
  endfacet
  facet normal 0 0 1
    outer loop
      vertex 39.612293491784136 46.47820725201805 53.9
      vertex 39.47408123198786 46.14453333993164 53.9
      vertex 39.54287193228213 46.0674029298344 53.9
    endloop
  endfacet
  facet normal 0 0 1
    outer loop
      vertex 39.61229349178414 46.47820725201805 53.9
      vertex 39.6202457454321 46.02570270993484 53.9
      vertex 39.68646127296099 45.981458908941484 53.9
    endloop
  endfacet
  facet normal 0 0 1
    outer loop
      vertex 39.8 46.385640646055094 53.9
      vertex 39.74882052617521 45.935969365670154 53.9
      vertex 39.808694595813876 45.88346121585345 53.9
    endloop
  endfacet
  facet normal 0 0 1
    outer loop
      vertex 39.8 46.385640646055094 53.9
      vertex 39.808694595813876 45.88346121585345 53.9
      vertex 39.838828835136624 45.99895535974179 53.9
    endloop
  endfacet
  facet normal 0 0 1
    outer loop
      vertex 39.8 46.385640646055094 53.9
      vertex 39.838828835136624 45.99895535974179 53.9
      vertex 39.97401828641395 46.26936534446597 53.9
    endloop
  endfacet
  facet normal 0 0 1
    outer loop
      vertex 39.612293491784136 46.47820725201805 53.9
      vertex 39.54287193228213 46.0674029298344 53.9
      vertex 39.614588795185234 46.347598337811675 53.9
    endloop
  endfacet
  facet normal 0 0 1
    outer loop
      vertex 39.61229349178414 46.47820725201805 53.9
      vertex 39.68646127296099 45.981458908941484 53.9
      vertex 39.62795739309025 46.470482670735144 53.9
    endloop
  endfacet
  facet normal 0 0 1
    outer loop
      vertex 40.269365344465974 45.97401828641395 53.9
      vertex 40.131370849898474 46.131370849898474 53.9
      vertex 40.15327051413735 45.797246540650306 53.9
    endloop
  endfacet
  facet normal 0 0 1
    outer loop
      vertex 40.131370849898474 46.06066687708489 53.9
      vertex 40.131370849898474 45.847151304047564 53.9
      vertex 40.15327051413735 45.797246540650306 53.9
    endloop
  endfacet
  facet normal 0 0 1
    outer loop
      vertex 40.131370849898474 46.131370849898474 53.9
      vertex 40.131370849898474 46.06066687708489 53.9
      vertex 40.15327051413735 45.797246540650306 53.9
    endloop
  endfacet
  facet normal 0 0 1
    outer loop
      vertex 40.131370849898474 46.131370849898474 53.9
      vertex 39.99180768749285 46.25376445842903 53.9
      vertex 40.131370849898474 46.06066687708489 53.9
    endloop
  endfacet
  facet normal 0 0 -1
    outer loop
      vertex -95.00233198191678 -43.83738182869349 53.9
      vertex -95.13137084989847 -44.131370849898474 53.9
      vertex -95.13137084989847 -44.060666877084934 53.9
    endloop
  endfacet
  facet normal 0 0 -1
    outer loop
      vertex -94.66184267797937 -44.14634514487772 53.9
      vertex -94.61229349178414 -44.47820725201806 53.9
      vertex -94.8 -44.3856406460551 53.9
    endloop
  endfacet
  facet normal 0 0 -1
    outer loop
      vertex -94.66184267797937 -44.14634514487772 53.9
      vertex -94.8 -44.3856406460551 53.9
      vertex -94.78522778252093 -44.25584951200254 53.9
    endloop
  endfacet
  facet normal 0 0 -1
    outer loop
      vertex -94.61229349178414 -44.47820725201806 53.9
      vertex -94.61458879518523 -44.3475983378117 53.9
      vertex -94.47408123198785 -44.14453333993164 53.9
    endloop
  endfacet
  facet normal 0 0 -1
    outer loop
      vertex -94.96907890264846 -44.2260673240664 53.9
      vertex -94.85264063407 -43.86140759642986 53.9
      vertex -94.97401828641395 -44.269365344465974 53.9
    endloop
  endfacet
  facet normal 0 0 -1
    outer loop
      vertex -94.97401828641395 -44.269365344465974 53.9
      vertex -94.85264063407 -43.86140759642986 53.9
      vertex -94.8 -44.3856406460551 53.9
    endloop
  endfacet
  facet normal 0 0 -1
    outer loop
      vertex -95.13137084989847 -44.131370849898474 53.9
      vertex -94.95778242875862 -43.7427461997315 53.9
      vertex -94.97401828641395 -44.269365344465974 53.9
    endloop
  endfacet
  facet normal 0 0 -1
    outer loop
      vertex -95.00233198191678 -43.83738182869349 53.9
      vertex -94.95778242875862 -43.7427461997315 53.9
      vertex -95.13137084989847 -44.131370849898474 53.9
    endloop
  endfacet
  facet normal 0 0 -1
    outer loop
      vertex -94.54287193228213 -44.067402929834394 53.9
      vertex -94.47408123198785 -44.14453333993164 53.9
      vertex -94.61458879518523 -44.3475983378117 53.9
    endloop
  endfacet
  facet normal 0 0 -1
    outer loop
      vertex -95.38564064605511 -43.8 53.9
      vertex -95.47820725201805 -43.61229349178414 53.9
      vertex -95.38564064605511 -42.2 53.9
    endloop
  endfacet
  facet normal 0 0 -1
    outer loop
      vertex -95.26936534446598 -43.97401828641395 53.9
      vertex -95.38564064605511 -43.8 53.9
      vertex -95.26936534446598 -42.02598171358605 53.9
    endloop
  endfacet
  facet normal 0 0 -1
    outer loop
      vertex -94.41411047216403 -44.54548132206246 53.9
      vertex -94.61229349178414 -44.47820725201806 53.9
      vertex -94.40373896114697 -44.261519190088066 53.9
    endloop
  endfacet
  facet normal 0 0 -1
    outer loop
      vertex -94.40373896114697 -44.261519190088066 53.9
      vertex -94.61229349178414 -44.47820725201806 53.9
      vertex -94.47408123198785 -44.14453333993164 53.9
    endloop
  endfacet
  facet normal 0 0 -1
    outer loop
      vertex -94 -44.2 53.9
      vertex -93.99078638643152 -44.59939610786168 53.9
      vertex -94 -44.6 53.9
    endloop
  endfacet
  facet normal 0 0 -1
    outer loop
      vertex -94 -44.2 53.9
      vertex -93.90692914989526 -44.19389981419698 53.9
      vertex -93.99078638643152 -44.59939610786168 53.9
    endloop
  endfacet
  facet normal 0 0 -1
    outer loop
      vertex -93.54077988116188 -44.10865543901354 53.9
      vertex -93.45712806771787 -44.067402929834394 53.9
      vertex -93.37942533873574 -44.47412343116675 53.9
    endloop
  endfacet
  facet normal 0 0 -1
    outer loop
      vertex -95.47820725201805 -43.61229349178414 53.9
      vertex -95.54548132206251 -43.41411047216403 53.9
      vertex -95.47820725201805 -42.38770650821586 53.9
    endloop
  endfacet
  facet normal 0 0 -1
    outer loop
      vertex -95.54548132206251 -43.41411047216403 53.9
      vertex -95.5863117781981 -43.208841907552085 53.9
      vertex -95.54548132206251 -42.58588952783597 53.9
    endloop
  endfacet
  facet normal 0 0 -1
    outer loop
      vertex -95.5863117781981 -42.791158092447915 53.9
      vertex -95.54548132206251 -42.58588952783597 53.9
      vertex -95.5863117781981 -43.208841907552085 53.9
    endloop
  endfacet
  facet normal 0 0 -1
    outer loop
      vertex -95.54548132206251 -42.58588952783597 53.9
      vertex -95.47820725201805 -42.38770650821586 53.9
      vertex -95.54548132206251 -43.41411047216403 53.9
    endloop
  endfacet
  facet normal 0 0 -1
    outer loop
      vertex -95.47820725201805 -42.38770650821586 53.9
      vertex -95.38564064605511 -42.2 53.9
      vertex -95.47820725201805 -43.61229349178414 53.9
    endloop
  endfacet
  facet normal 0 0 -1
    outer loop
      vertex -95.38564064605511 -42.2 53.9
      vertex -95.26936534446598 -42.02598171358605 53.9
      vertex -95.38564064605511 -43.8 53.9
    endloop
  endfacet
  facet normal 0 0 -1
    outer loop
      vertex -95.08981926094242 -42.502583890533515 53.9
      vertex -95.13137084989847 -42.152848695952365 53.9
      vertex -95.04332556993401 -42.40830401171039 53.9
    endloop
  endfacet
  facet normal 0 0 -1
    outer loop
      vertex -95.04332556993401 -42.40830401171039 53.9
      vertex -95.13137084989847 -42.152848695952365 53.9
      vertex -95.13137084989847 -41.868629150101526 53.9
    endloop
  endfacet
  facet normal 0 0 -1
    outer loop
      vertex -94.97401828641395 -41.730634655534026 53.9
      vertex -94.95716795074765 -42.27718473902545 53.9
      vertex -95.00979558394933 -42.355947558150525 53.9
    endloop
  endfacet
  facet normal 0 0 -1
    outer loop
      vertex -94.91709092991988 -42.22965274357955 53.9
      vertex -94.9620423774733 -42.11907997561704 53.9
      vertex -94.86458278010318 -42.16977867394088 53.9
    endloop
  endfacet
  facet normal 0 0 -1
    outer loop
      vertex -94.86458278010318 -42.16977867394088 53.9
      vertex -94.9620423774733 -42.11907997561704 53.9
      vertex -94.97401828641395 -41.730634655534026 53.9
    endloop
  endfacet
  facet normal 0 0 -1
    outer loop
      vertex -95.13137084989847 -41.868629150101526 53.9
      vertex -94.97401828641395 -41.730634655534026 53.9
      vertex -95.00979558394933 -42.355947558150525 53.9
    endloop
  endfacet
  facet normal 0 0 -1
    outer loop
      vertex -94.74882052617521 -42.06403063432984 53.9
      vertex -94.84024069915407 -42.02294134747945 53.9
      vertex -94.8 -41.6143593539449 53.9
    endloop
  endfacet
  facet normal 0 0 -1
    outer loop
      vertex -94.8 -41.6143593539449 53.9
      vertex -94.84024069915407 -42.02294134747945 53.9
      vertex -94.94243130479144 -41.857387247144125 53.9
    endloop
  endfacet
  facet normal 0 0 -1
    outer loop
      vertex -94.6 -41.96076951545868 53.9
      vertex -94.677551627641 -42.01258785638426 53.9
      vertex -94.62057466126426 -41.52587656883325 53.9
    endloop
  endfacet
  facet normal 0 0 -1
    outer loop
      vertex -94.45922011883812 -41.89134456098646 53.9
      vertex -94.54287193228213 -41.932597070165606 53.9
      vertex -94.62057466126426 -41.52587656883325 53.9
    endloop
  endfacet
  facet normal 0 0 -1
    outer loop
      vertex -93.51894161197995 -41.90211400354597 53.9
      vertex -93.52591876801215 -41.85546666006836 53.9
      vertex -93.38541120481477 -41.6524016621883 53.9
    endloop
  endfacet
  facet normal 0 0 -1
    outer loop
      vertex -93.54077988116188 -44.10865543901354 53.9
      vertex -93.37942533873574 -44.47412343116675 53.9
      vertex -93.38770650821586 -44.47820725201806 53.9
    endloop
  endfacet
  facet normal 0 0 -1
    outer loop
      vertex -93.02598171358605 -44.269365344465974 53.9
      vertex -93.2 -44.3856406460551 53.9
      vertex -93.05756869520856 -44.142612752855875 53.9
    endloop
  endfacet
  facet normal 0 0 -1
    outer loop
      vertex -93.25117947382479 -43.93596936567016 53.9
      vertex -93.15975930084593 -43.97705865252055 53.9
      vertex -93.2 -44.3856406460551 53.9
    endloop
  endfacet
  facet normal 0 0 -1
    outer loop
      vertex -93.2 -44.3856406460551 53.9
      vertex -93.15975930084593 -43.97705865252055 53.9
      vertex -93.05756869520856 -44.142612752855875 53.9
    endloop
  endfacet
  facet normal 0 0 -1
    outer loop
      vertex -93.13541721989682 -43.83022132605912 53.9
      vertex -93.0379576225267 -43.88092002438296 53.9
      vertex -93.02598171358605 -44.269365344465974 53.9
    endloop
  endfacet
  facet normal 0 0 -1
    outer loop
      vertex -92.86862915010153 -44.131370849898474 53.9
      vertex -93.02598171358605 -44.269365344465974 53.9
      vertex -92.96987574224751 -43.725537247810344 53.9
    endloop
  endfacet
  facet normal 0 0 -1
    outer loop
      vertex -93.04283204925235 -43.72281526097455 53.9
      vertex -92.96987574224751 -43.725537247810344 53.9
      vertex -93.02598171358605 -44.269365344465974 53.9
    endloop
  endfacet
  facet normal 0 0 -1
    outer loop
      vertex -93.13541721989682 -43.83022132605912 53.9
      vertex -93.08290907008012 -43.77034725642045 53.9
      vertex -93.0379576225267 -43.88092002438296 53.9
    endloop
  endfacet
  facet normal 0 0 -1
    outer loop
      vertex -92.92534257486034 -43.52816127104039 53.9
      vertex -92.86862915010153 -43.847151304047635 53.9
      vertex -92.86862915010153 -44.131370849898474 53.9
    endloop
  endfacet
  facet normal 0 0 -1
    outer loop
      vertex -92.92534257486034 -43.52816127104039 53.9
      vertex -92.91018073905758 -43.497416109466485 53.9
      vertex -92.86862915010153 -43.847151304047635 53.9
    endloop
  endfacet
  facet normal 0 0 -1
    outer loop
      vertex -92.61435935394489 -43.8 53.9
      vertex -92.73063465553402 -43.97401828641395 53.9
      vertex -92.61435935394489 -42.2 53.9
    endloop
  endfacet
  facet normal 0 0 -1
    outer loop
      vertex -92.52179274798195 -43.61229349178414 53.9
      vertex -92.61435935394489 -43.8 53.9
      vertex -92.52179274798195 -42.38770650821586 53.9
    endloop
  endfacet
  facet normal 0 0 -1
    outer loop
      vertex -92.45451867793749 -43.41411047216403 53.9
      vertex -92.52179274798195 -43.61229349178414 53.9
      vertex -92.45451867793749 -42.58588952783597 53.9
    endloop
  endfacet
  facet normal 0 0 -1
    outer loop
      vertex -92.4136882218019 -43.208841907552085 53.9
      vertex -92.45451867793749 -43.41411047216403 53.9
      vertex -92.4136882218019 -42.791158092447915 53.9
    endloop
  endfacet
  facet normal 0 0 -1
    outer loop
      vertex -92.45451867793749 -42.58588952783597 53.9
      vertex -92.4136882218019 -42.791158092447915 53.9
      vertex -92.45451867793749 -43.41411047216403 53.9
    endloop
  endfacet
  facet normal 0 0 -1
    outer loop
      vertex -92.52179274798195 -42.38770650821586 53.9
      vertex -92.45451867793749 -42.58588952783597 53.9
      vertex -92.52179274798195 -43.61229349178414 53.9
    endloop
  endfacet
  facet normal 0 0 -1
    outer loop
      vertex -92.73063465553402 -42.02598171358605 53.9
      vertex -92.61435935394489 -42.2 53.9
      vertex -92.73063465553402 -43.97401828641395 53.9
    endloop
  endfacet
  facet normal 0 0 -1
    outer loop
      vertex -92.61435935394489 -42.2 53.9
      vertex -92.52179274798195 -42.38770650821586 53.9
      vertex -92.61435935394489 -43.8 53.9
    endloop
  endfacet
  facet normal 0 0 -1
    outer loop
      vertex -92.98443012463 -42.36458939596602 53.9
      vertex -93.04283204925235 -42.27718473902545 53.9
      vertex -92.86862915010153 -41.939333122915066 53.9
    endloop
  endfacet
  facet normal 0 0 -1
    outer loop
      vertex -93.51894161197995 -41.90211400354597 53.9
      vertex -93.38541120481477 -41.6524016621883 53.9
      vertex -93.45712806771787 -41.932597070165606 53.9
    endloop
  endfacet
  facet normal 0 0 -1
    outer loop
      vertex -93.3797542545679 -41.97429729006515 53.9
      vertex -93.21477221747907 -41.74415048799746 53.9
      vertex -93.31353872703902 -42.018541091058516 53.9
    endloop
  endfacet
  facet normal 0 0 -1
    outer loop
      vertex -93.2 -41.6143593539449 53.9
      vertex -93.21477221747907 -41.74415048799746 53.9
      vertex -93.3797542545679 -41.97429729006515 53.9
    endloop
  endfacet
  facet normal 0 0 -1
    outer loop
      vertex -92.86862915010153 -41.939333122915066 53.9
      vertex -93.04283204925235 -42.27718473902545 53.9
      vertex -92.86862915010153 -41.868629150101526 53.9
    endloop
  endfacet
  facet normal 0 0 -1
    outer loop
      vertex -92.86862915010153 -41.868629150101526 53.9
      vertex -93.04283204925235 -42.27718473902545 53.9
      vertex -93.02598171358605 -41.730634655534026 53.9
    endloop
  endfacet
  facet normal 0 0 -1
    outer loop
      vertex -93.03092109735154 -41.7739326759336 53.9
      vertex -93.14735936593 -42.13859240357014 53.9
      vertex -93.02598171358605 -41.730634655534026 53.9
    endloop
  endfacet
  facet normal 0 0 -1
    outer loop
      vertex -93.02598171358605 -41.730634655534026 53.9
      vertex -93.14735936593 -42.13859240357014 53.9
      vertex -93.2 -41.6143593539449 53.9
    endloop
  endfacet
  facet normal 0 0 -1
    outer loop
      vertex -94.97401828641395 -41.730634655534026 53.9
      vertex -94.8 -41.6143593539449 53.9
      vertex -94.94243130479144 -41.857387247144125 53.9
    endloop
  endfacet
  facet normal 0 0 -1
    outer loop
      vertex -94.8 -41.6143593539449 53.9
      vertex -94.62057466126426 -41.52587656883325 53.9
      vertex -94.677551627641 -42.01258785638426 53.9
    endloop
  endfacet
  facet normal 0 0 -1
    outer loop
      vertex -94.45922011883812 -41.89134456098646 53.9
      vertex -94.62057466126426 -41.52587656883325 53.9
      vertex -94.61229349178414 -41.52179274798194 53.9
    endloop
  endfacet
  facet normal 0 0 -1
    outer loop
      vertex -94.2191044720677 -41.822692826914434 53.9
      vertex -94.41411047216403 -41.45451867793754 53.9
      vertex -94.15663143066406 -41.810266166351425 53.9
    endloop
  endfacet
  facet normal 0 0 -1
    outer loop
      vertex -94.15663143066406 -41.810266166351425 53.9
      vertex -94.41411047216403 -41.45451867793754 53.9
      vertex -94.20884190755208 -41.413688221801905 53.9
    endloop
  endfacet
  facet normal 0 0 -1
    outer loop
      vertex -94 -41.8 53.9
      vertex -94.09307085010474 -41.80610018580302 53.9
      vertex -94.00921361356848 -41.40060389213832 53.9
    endloop
  endfacet
  facet normal 0 0 -1
    outer loop
      vertex -94 -41.8 53.9
      vertex -94.00921361356848 -41.40060389213832 53.9
      vertex -94 -41.4 53.9
    endloop
  endfacet
  facet normal 0 0 -1
    outer loop
      vertex -93.75189018728061 -41.82846234789011 53.9
      vertex -93.79115809244792 -41.413688221801905 53.9
      vertex -93.68941714587697 -41.84088900845312 53.9
    endloop
  endfacet
  facet normal 0 0 -1
    outer loop
      vertex -93.60109645235062 -41.870869844016404 53.9
      vertex -93.38770650821586 -41.52179274798194 53.9
      vertex -93.52591876801215 -41.85546666006836 53.9
    endloop
  endfacet
  facet normal 0 0 -1
    outer loop
      vertex -93.58588952783597 -41.45451867793754 53.9
      vertex -93.38770650821586 -41.52179274798194 53.9
      vertex -93.60109645235062 -41.870869844016404 53.9
    endloop
  endfacet
  facet normal 0 0 -1
    outer loop
      vertex -93.68941714587697 -41.84088900845312 53.9
      vertex -93.79115809244792 -41.413688221801905 53.9
      vertex -93.58588952783597 -41.45451867793749 53.9
    endloop
  endfacet
  facet normal 0 0 -1
    outer loop
      vertex -93.38770650821586 -41.52179274798194 53.9
      vertex -93.38541120481477 -41.6524016621883 53.9
      vertex -93.52591876801215 -41.85546666006836 53.9
    endloop
  endfacet
  facet normal 0 0 -1
    outer loop
      vertex -93.2 -41.6143593539449 53.9
      vertex -93.3797542545679 -41.97429729006515 53.9
      vertex -93.38770650821586 -41.52179274798194 53.9
    endloop
  endfacet
  facet normal 0 0 -1
    outer loop
      vertex 37.730634655534026 -43.97401828641395 53.9
      vertex 37.868629150101526 -44.0606668770849 53.9
      vertex 38.00819231250715 -44.25376445842904 53.9
    endloop
  endfacet
  facet normal 0 0 -1
    outer loop
      vertex 37.868629150101526 -44.131370849898474 53.9
      vertex 37.730634655534026 -43.97401828641395 53.9
      vertex 38.00819231250715 -44.25376445842904 53.9
    endloop
  endfacet
  facet normal 0 0 -1
    outer loop
      vertex 37.868629150101526 -44.0606668770849 53.9
      vertex 37.730634655534026 -43.97401828641395 53.9
      vertex 37.868629150101526 -43.84715130404757 53.9
    endloop
  endfacet
  facet normal 0 0 -1
    outer loop
      vertex 38.38770650821586 -44.47820725201806 53.9
      vertex 38.385411204814766 -44.347598337811675 53.9
      vertex 38.52591876801214 -44.14453333993164 53.9
    endloop
  endfacet
  facet normal 0 0 -1
    outer loop
      vertex 38.45712806771787 -44.0674029298344 53.9
      vertex 38.52591876801214 -44.14453333993164 53.9
      vertex 38.385411204814766 -44.347598337811675 53.9
    endloop
  endfacet
  facet normal 0 0 -1
    outer loop
      vertex 37.868629150101526 -43.84715130404757 53.9
      vertex 37.730634655534026 -43.97401828641395 53.9
      vertex 37.84672948586265 -43.7972465406503 53.9
    endloop
  endfacet
  facet normal 0 0 -1
    outer loop
      vertex 37.6143593539449 -43.8 53.9
      vertex 37.52179274798194 -43.61229349178414 53.9
      vertex 37.6143593539449 -42.2 53.9
    endloop
  endfacet
  facet normal 0 0 -1
    outer loop
      vertex 37.730634655534026 -43.97401828641395 53.9
      vertex 37.6143593539449 -43.8 53.9
      vertex 37.730634655534026 -42.02598171358605 53.9
    endloop
  endfacet
  facet normal 0 0 -1
    outer loop
      vertex 37.52179274798194 -43.61229349178414 53.9
      vertex 37.45451867793749 -43.41411047216403 53.9
      vertex 37.52179274798194 -42.38770650821586 53.9
    endloop
  endfacet
  facet normal 0 0 -1
    outer loop
      vertex 37.45451867793749 -43.41411047216403 53.9
      vertex 37.413688221801905 -43.208841907552085 53.9
      vertex 37.45451867793749 -42.58588952783597 53.9
    endloop
  endfacet
  facet normal 0 0 -1
    outer loop
      vertex 37.413688221801905 -42.791158092447915 53.9
      vertex 37.45451867793749 -42.58588952783597 53.9
      vertex 37.413688221801905 -43.208841907552085 53.9
    endloop
  endfacet
  facet normal 0 0 -1
    outer loop
      vertex 37.45451867793749 -42.58588952783597 53.9
      vertex 37.52179274798194 -42.38770650821586 53.9
      vertex 37.45451867793749 -43.41411047216403 53.9
    endloop
  endfacet
  facet normal 0 0 -1
    outer loop
      vertex 37.52179274798194 -42.38770650821586 53.9
      vertex 37.6143593539449 -42.2 53.9
      vertex 37.52179274798194 -43.61229349178414 53.9
    endloop
  endfacet
  facet normal 0 0 -1
    outer loop
      vertex 37.6143593539449 -42.2 53.9
      vertex 37.730634655534026 -42.02598171358605 53.9
      vertex 37.6143593539449 -43.8 53.9
    endloop
  endfacet
  facet normal 0 0 -1
    outer loop
      vertex 37.91018073905757 -42.50258389053351 53.9
      vertex 37.868629150101526 -42.15284869595243 53.9
      vertex 37.95667443006599 -42.40830401171037 53.9
    endloop
  endfacet
  facet normal 0 0 -1
    outer loop
      vertex 37.95667443006599 -42.40830401171037 53.9
      vertex 37.868629150101526 -42.15284869595243 53.9
      vertex 37.868629150101526 -41.868629150101526 53.9
    endloop
  endfacet
  facet normal 0 0 -1
    outer loop
      vertex 37.99020441605068 -42.35594755815052 53.9
      vertex 37.931204891997155 -42.252188096830096 53.9
      vertex 38.042832049252354 -42.27718473902545 53.9
    endloop
  endfacet
  facet normal 0 0 -1
    outer loop
      vertex 37.931204891997155 -42.252188096830096 53.9
      vertex 37.868629150101526 -41.868629150101526 53.9
      vertex 38.042832049252354 -42.27718473902545 53.9
    endloop
  endfacet
  facet normal 0 0 -1
    outer loop
      vertex 38.08290907008012 -42.22965274357955 53.9
      vertex 38.037957622526704 -42.119079975616984 53.9
      vertex 38.135417219896816 -42.16977867394089 53.9
    endloop
  endfacet
  facet normal 0 0 -1
    outer loop
      vertex 38.135417219896816 -42.16977867394089 53.9
      vertex 38.037957622526704 -42.119079975616984 53.9
      vertex 38.02598171358605 -41.730634655534026 53.9
    endloop
  endfacet
  facet normal 0 0 -1
    outer loop
      vertex 38.199361773201865 -42.10947353814256 53.9
      vertex 38.05756869520854 -41.85738724714403 53.9
      vertex 38.25117947382479 -42.064030634329846 53.9
    endloop
  endfacet
  facet normal 0 0 -1
    outer loop
      vertex 38.05756869520854 -41.85738724714403 53.9
      vertex 38.02598171358605 -41.730634655534026 53.9
      vertex 38.25117947382479 -42.064030634329846 53.9
    endloop
  endfacet
  facet normal 0 0 -1
    outer loop
      vertex 38.45712806771787 -41.9325970701656 53.9
      vertex 38.4 -41.96076951545867 53.9
      vertex 38.464243194688876 -41.706568654484194 53.9
    endloop
  endfacet
  facet normal 0 0 -1
    outer loop
      vertex 38.20000000000001 -41.61435935394491 53.9
      vertex 38.464243194688876 -41.706568654484194 53.9
      vertex 38.4 -41.96076951545867 53.9
    endloop
  endfacet
  facet normal 0 0 -1
    outer loop
      vertex 38.62039873384963 -44.41669121189064 53.9
      vertex 38.58588952783597 -44.54548132206251 53.9
      vertex 38.5665659768323 -44.4162893824359 53.9
    endloop
  endfacet
  facet normal 0 0 -1
    outer loop
      vertex 38.601096452350625 -44.129130155983596 53.9
      vertex 38.62039873384963 -44.41669121189064 53.9
      vertex 38.5665659768323 -44.4162893824359 53.9
    endloop
  endfacet
  facet normal 0 0 -1
    outer loop
      vertex 39 -44.6 53.9
      vertex 39 -44.2 53.9
      vertex 39.208841907552085 -44.586311778198095 53.9
    endloop
  endfacet
  facet normal 0 0 -1
    outer loop
      vertex 39 -44.2 53.9
      vertex 39.09307085010473 -44.19389981419698 53.9
      vertex 39.182736669108074 -44.38802280592333 53.9
    endloop
  endfacet
  facet normal 0 0 -1
    outer loop
      vertex 39 -44.2 53.9
      vertex 39.182736669108074 -44.38802280592333 53.9
      vertex 39.208841907552085 -44.586311778198095 53.9
    endloop
  endfacet
  facet normal 0 0 -1
    outer loop
      vertex 39.41411047216403 -44.54548132206251 53.9
      vertex 39.37960126615037 -44.41669121189064 53.9
      vertex 39.61229349178414 -44.47820725201806 53.9
    endloop
  endfacet
  facet normal 0 0 -1
    outer loop
      vertex 39.37960126615037 -44.41669121189064 53.9
      vertex 39.40373896114696 -44.261519190088066 53.9
      vertex 39.61229349178414 -44.47820725201806 53.9
    endloop
  endfacet
  facet normal 0 0 -1
    outer loop
      vertex 39.40373896114696 -44.261519190088066 53.9
      vertex 39.535756805311124 -44.293431345515806 53.9
      vertex 39.61229349178414 -44.47820725201806 53.9
    endloop
  endfacet
  facet normal 0 0 -1
    outer loop
      vertex 39.61229349178414 -44.47820725201806 53.9
      vertex 39.535756805311124 -44.293431345515806 53.9
      vertex 39.62057466126425 -44.47412343116675 53.9
    endloop
  endfacet
  facet normal 0 0 -1
    outer loop
      vertex 39.54287193228213 -44.0674029298344 53.9
      vertex 39.62057466126425 -44.47412343116675 53.9
      vertex 39.535756805311124 -44.293431345515806 53.9
    endloop
  endfacet
  facet normal 0 0 -1
    outer loop
      vertex 39.6 -44.03923048454133 53.9
      vertex 39.78522778252094 -44.255849512002584 53.9
      vertex 39.8 -44.3856406460551 53.9
    endloop
  endfacet
  facet normal 0 0 -1
    outer loop
      vertex 39.677551627641 -43.987412143615735 53.9
      vertex 39.78522778252094 -44.255849512002584 53.9
      vertex 39.6 -44.03923048454133 53.9
    endloop
  endfacet
  facet normal 0 0 -1
    outer loop
      vertex 39.97401828641395 -44.269365344465974 53.9
      vertex 39.74882052617521 -43.935969365670154 53.9
      vertex 39.94243130479146 -44.14261275285597 53.9
    endloop
  endfacet
  facet normal 0 0 -1
    outer loop
      vertex 39.74882052617521 -43.935969365670154 53.9
      vertex 39.800638226798135 -43.89052646185744 53.9
      vertex 39.94243130479146 -44.14261275285597 53.9
    endloop
  endfacet
  facet normal 0 0 -1
    outer loop
      vertex 39.864582780103184 -43.83022132605911 53.9
      vertex 39.962042377473296 -43.880920024383016 53.9
      vertex 39.97401828641395 -44.269365344465974 53.9
    endloop
  endfacet
  facet normal 0 0 -1
    outer loop
      vertex 39.864582780103184 -43.83022132605911 53.9
      vertex 39.91709092991988 -43.77034725642045 53.9
      vertex 39.962042377473296 -43.880920024383016 53.9
    endloop
  endfacet
  facet normal 0 0 -1
    outer loop
      vertex 40.131370849898474 -44.131370849898474 53.9
      vertex 39.957167950747646 -43.72281526097455 53.9
      vertex 40.068795108002845 -43.747811903169904 53.9
    endloop
  endfacet
  facet normal 0 0 -1
    outer loop
      vertex 40.00979558394932 -43.64405244184948 53.9
      vertex 40.068795108002845 -43.747811903169904 53.9
      vertex 39.957167950747646 -43.72281526097455 53.9
    endloop
  endfacet
  facet normal 0 0 -1
    outer loop
      vertex 40.269365344465974 -43.97401828641395 53.9
      vertex 40.131370849898474 -44.131370849898474 53.9
      vertex 40.131370849898474 -43.392302676231886 53.9
    endloop
  endfacet
  facet normal 0 0 -1
    outer loop
      vertex 40.131370849898474 -43.84715130404757 53.9
      vertex 40.131370849898474 -44.131370849898474 53.9
      vertex 40.04332556993401 -43.59169598828963 53.9
    endloop
  endfacet
  facet normal 0 0 -1
    outer loop
      vertex 40.269365344465974 -43.97401828641395 53.9
      vertex 40.131370849898474 -43.392302676231886 53.9
      vertex 40.26057548523195 -43.83991094974791 53.9
    endloop
  endfacet
  facet normal 0 0 -1
    outer loop
      vertex 40.04332556993401 -43.59169598828963 53.9
      vertex 40.08981926094243 -43.49741610946649 53.9
      vertex 40.131370849898474 -43.84715130404757 53.9
    endloop
  endfacet
  facet normal 0 0 -1
    outer loop
      vertex 40.3856406460551 -43.8 53.9
      vertex 40.269365344465974 -43.97401828641395 53.9
      vertex 40.3856406460551 -42.2 53.9
    endloop
  endfacet
  facet normal 0 0 -1
    outer loop
      vertex 40.47820725201806 -43.61229349178414 53.9
      vertex 40.3856406460551 -43.8 53.9
      vertex 40.47820725201806 -42.38770650821586 53.9
    endloop
  endfacet
  facet normal 0 0 -1
    outer loop
      vertex 40.54548132206251 -43.41411047216403 53.9
      vertex 40.47820725201806 -43.61229349178414 53.9
      vertex 40.54548132206251 -42.58588952783597 53.9
    endloop
  endfacet
  facet normal 0 0 -1
    outer loop
      vertex 40.586311778198095 -43.208841907552085 53.9
      vertex 40.54548132206251 -43.41411047216403 53.9
      vertex 40.586311778198095 -42.791158092447915 53.9
    endloop
  endfacet
  facet normal 0 0 -1
    outer loop
      vertex 40.54548132206251 -42.58588952783597 53.9
      vertex 40.586311778198095 -42.791158092447915 53.9
      vertex 40.54548132206251 -43.41411047216403 53.9
    endloop
  endfacet
  facet normal 0 0 -1
    outer loop
      vertex 40.47820725201806 -42.38770650821586 53.9
      vertex 40.54548132206251 -42.58588952783597 53.9
      vertex 40.47820725201806 -43.61229349178414 53.9
    endloop
  endfacet
  facet normal 0 0 -1
    outer loop
      vertex 40.269365344465974 -42.02598171358605 53.9
      vertex 40.3856406460551 -42.2 53.9
      vertex 40.269365344465974 -43.97401828641395 53.9
    endloop
  endfacet
  facet normal 0 0 -1
    outer loop
      vertex 40.3856406460551 -42.2 53.9
      vertex 40.47820725201806 -42.38770650821586 53.9
      vertex 40.3856406460551 -43.8 53.9
    endloop
  endfacet
  facet normal 0 0 -1
    outer loop
      vertex 39.54287193228213 -41.9325970701656 53.9
      vertex 39.47408123198786 -41.85546666006836 53.9
      vertex 39.614588795185234 -41.652401662188325 53.9
    endloop
  endfacet
  facet normal 0 0 -1
    outer loop
      vertex 39.808694595813876 -42.11653878414655 53.9
      vertex 39.74882052617521 -42.064030634329846 53.9
      vertex 39.838828835136624 -42.0010446402582 53.9
    endloop
  endfacet
  facet normal 0 0 -1
    outer loop
      vertex 39.74882052617521 -42.064030634329846 53.9
      vertex 39.97401828641395 -41.730634655534026 53.9
      vertex 39.838828835136624 -42.0010446402582 53.9
    endloop
  endfacet
  facet normal 0 0 -1
    outer loop
      vertex 39.8 -41.6143593539449 53.9
      vertex 39.97401828641395 -41.730634655534026 53.9
      vertex 39.74882052617521 -42.064030634329846 53.9
    endloop
  endfacet
  facet normal 0 0 -1
    outer loop
      vertex 40.269365344465974 -42.02598171358605 53.9
      vertex 40.15327051413735 -42.2027534593497 53.9
      vertex 40.131370849898474 -42.15284869595243 53.9
    endloop
  endfacet
  facet normal 0 0 -1
    outer loop
      vertex 40.269365344465974 -42.02598171358605 53.9
      vertex 40.131370849898474 -42.15284869595243 53.9
      vertex 40.131370849898474 -41.9393331229151 53.9
    endloop
  endfacet
  facet normal 0 0 -1
    outer loop
      vertex 40.269365344465974 -42.02598171358605 53.9
      vertex 40.131370849898474 -41.9393331229151 53.9
      vertex 39.99180768749285 -41.74623554157096 53.9
    endloop
  endfacet
  facet normal 0 0 -1
    outer loop
      vertex 40.131370849898474 -41.868629150101526 53.9
      vertex 40.269365344465974 -42.02598171358605 53.9
      vertex 39.99180768749285 -41.74623554157096 53.9
    endloop
  endfacet
  facet normal 0 0 -1
    outer loop
      vertex 38.20000000000001 -41.61435935394491 53.9
      vertex 38.38770650821586 -41.52179274798194 53.9
      vertex 38.464243194688876 -41.706568654484194 53.9
    endloop
  endfacet
  facet normal 0 0 -1
    outer loop
      vertex 38.464243194688876 -41.706568654484194 53.9
      vertex 38.38770650821586 -41.52179274798194 53.9
      vertex 38.59626103885304 -41.738480809911934 53.9
    endloop
  endfacet
  facet normal 0 0 -1
    outer loop
      vertex 38.38770650821586 -41.52179274798194 53.9
      vertex 38.62039873384963 -41.58330878810936 53.9
      vertex 38.59626103885304 -41.738480809911934 53.9
    endloop
  endfacet
  facet normal 0 0 -1
    outer loop
      vertex 38.38770650821586 -41.52179274798194 53.9
      vertex 38.58588952783597 -41.45451867793749 53.9
      vertex 38.62039873384963 -41.58330878810936 53.9
    endloop
  endfacet
  facet normal 0 0 -1
    outer loop
      vertex 39 -41.8 53.9
      vertex 38.90692914989527 -41.80610018580302 53.9
      vertex 38.817263330891926 -41.61197719407667 53.9
    endloop
  endfacet
  facet normal 0 0 -1
    outer loop
      vertex 39 -41.8 53.9
      vertex 38.817263330891926 -41.61197719407667 53.9
      vertex 38.791158092447915 -41.413688221801905 53.9
    endloop
  endfacet
  facet normal 0 0 -1
    outer loop
      vertex 38.791158092447915 -41.413688221801905 53.9
      vertex 39 -41.4 53.9
      vertex 39 -41.8 53.9
    endloop
  endfacet
  facet normal 0 0 -1
    outer loop
      vertex 39.09307085010473 -41.80610018580302 53.9
      vertex 39 -41.629999999999995 53.9
      vertex 39.00921361356848 -41.40060389213832 53.9
    endloop
  endfacet
  facet normal 0 0 -1
    outer loop
      vertex 39 -41.4 53.9
      vertex 39.00921361356848 -41.40060389213832 53.9
      vertex 39 -41.629999999999995 53.9
    endloop
  endfacet
  facet normal 0 0 -1
    outer loop
      vertex 39.398903547649375 -41.870869844016404 53.9
      vertex 39.37960126615037 -41.58330878810936 53.9
      vertex 39.4334340231677 -41.5837106175641 53.9
    endloop
  endfacet
  facet normal 0 0 -1
    outer loop
      vertex 39.37960126615037 -41.58330878810936 53.9
      vertex 39.41411047216403 -41.45451867793749 53.9
      vertex 39.4334340231677 -41.5837106175641 53.9
    endloop
  endfacet
  facet normal 0 0 -1
    outer loop
      vertex 39.61229349178414 -41.52179274798194 53.9
      vertex 39.614588795185234 -41.652401662188325 53.9
      vertex 39.47408123198786 -41.85546666006836 53.9
    endloop
  endfacet
  facet normal 0 0 -1
    outer loop
      vertex -94.61229349178414 43.52179274798195 53.9
      vertex -94.61458879518523 43.65240166218831 53.9
      vertex -94.47408123198785 43.85546666006836 53.9
    endloop
  endfacet
  facet normal 0 0 -1
    outer loop
      vertex -94.20884190755208 43.413688221801905 53.9
      vertex -94.2178978736379 43.41548956545494 53.9
      vertex -94.15663143066406 43.810266166351425 53.9
    endloop
  endfacet
  facet normal 0 0 -1
    outer loop
      vertex -94.24810981271939 43.82846234789011 53.9
      vertex -94.15663143066406 43.810266166351425 53.9
      vertex -94.2178978736379 43.41548956545494 53.9
    endloop
  endfacet
  facet normal 0 0 -1
    outer loop
      vertex -94 43.400000000000006 53.9
      vertex -94 43.8 53.9
      vertex -93.79115809244792 43.413688221801905 53.9
    endloop
  endfacet
  facet normal 0 0 -1
    outer loop
      vertex -93.79115809244792 43.413688221801905 53.9
      vertex -93.84336856933594 43.810266166351425 53.9
      vertex -93.58588952783597 43.4545186779375 53.9
    endloop
  endfacet
  facet normal 0 0 -1
    outer loop
      vertex -94 43.8 53.9
      vertex -93.90692914989526 43.80610018580302 53.9
      vertex -93.79115809244792 43.413688221801905 53.9
    endloop
  endfacet
  facet normal 0 0 -1
    outer loop
      vertex -93.84336856933594 43.810266166351425 53.9
      vertex -93.7808955279323 43.822692826914434 53.9
      vertex -93.58588952783597 43.4545186779375 53.9
    endloop
  endfacet
  facet normal 0 0 -1
    outer loop
      vertex -93.58588952783596 43.4545186779375 53.9
      vertex -93.68941714587697 43.84088900845312 53.9
      vertex -93.38770650821586 43.52179274798195 53.9
    endloop
  endfacet
  facet normal 0 0 -1
    outer loop
      vertex -93.68941714587697 43.84088900845312 53.9
      vertex -93.60109645235062 43.870869844016404 53.9
      vertex -93.38770650821586 43.52179274798195 53.9
    endloop
  endfacet
  facet normal 0 0 -1
    outer loop
      vertex -93.54077988116188 43.89134456098646 53.9
      vertex -93.37942533873574 43.525876568833255 53.9
      vertex -93.38770650821586 43.52179274798195 53.9
    endloop
  endfacet
  facet normal 0 0 -1
    outer loop
      vertex -95.26936534446598 44.02598171358605 53.9
      vertex -95.13137084989847 43.93933312291507 53.9
      vertex -94.99180768749285 43.746235541570975 53.9
    endloop
  endfacet
  facet normal 0 0 -1
    outer loop
      vertex -95.13137084989847 43.868629150101526 53.9
      vertex -95.26936534446598 44.02598171358605 53.9
      vertex -94.99180768749285 43.746235541570975 53.9
    endloop
  endfacet
  facet normal 0 0 -1
    outer loop
      vertex -95.13137084989847 43.93933312291507 53.9
      vertex -95.26936534446598 44.02598171358605 53.9
      vertex -95.13137084989847 44.152848695952365 53.9
    endloop
  endfacet
  facet normal 0 0 -1
    outer loop
      vertex -95.13137084989847 44.152848695952365 53.9
      vertex -95.26936534446598 44.02598171358605 53.9
      vertex -95.15327051413735 44.202753459349594 53.9
    endloop
  endfacet
  facet normal 0 0 -1
    outer loop
      vertex -94.54287193228213 43.932597070165606 53.9
      vertex -94.47408123198785 43.85546666006836 53.9
      vertex -94.61458879518523 43.65240166218831 53.9
    endloop
  endfacet
  facet normal 0 0 -1
    outer loop
      vertex -95.38564064605511 44.2 53.9
      vertex -95.47820725201805 44.38770650821586 53.9
      vertex -95.38564064605511 45.8 53.9
    endloop
  endfacet
  facet normal 0 0 -1
    outer loop
      vertex -95.26936534446598 44.02598171358605 53.9
      vertex -95.38564064605511 44.2 53.9
      vertex -95.26936534446598 45.97401828641395 53.9
    endloop
  endfacet
  facet normal 0 0 -1
    outer loop
      vertex -95.47820725201805 44.38770650821586 53.9
      vertex -95.54548132206251 44.585889527835974 53.9
      vertex -95.47820725201805 45.61229349178414 53.9
    endloop
  endfacet
  facet normal 0 0 -1
    outer loop
      vertex -95.54548132206251 44.585889527835974 53.9
      vertex -95.5863117781981 44.791158092447915 53.9
      vertex -95.54548132206251 45.414110472164026 53.9
    endloop
  endfacet
  facet normal 0 0 -1
    outer loop
      vertex -95.5863117781981 45.208841907552085 53.9
      vertex -95.54548132206251 45.414110472164026 53.9
      vertex -95.5863117781981 44.791158092447915 53.9
    endloop
  endfacet
  facet normal 0 0 -1
    outer loop
      vertex -93.54077988116188 43.89134456098646 53.9
      vertex -93.45712806771787 43.932597070165606 53.9
      vertex -93.37942533873574 43.525876568833255 53.9
    endloop
  endfacet
  facet normal 0 0 -1
    outer loop
      vertex -95.54548132206251 45.414110472164026 53.9
      vertex -95.47820725201805 45.61229349178414 53.9
      vertex -95.54548132206251 44.585889527835974 53.9
    endloop
  endfacet
  facet normal 0 0 -1
    outer loop
      vertex -95.47820725201805 45.61229349178414 53.9
      vertex -95.38564064605511 45.8 53.9
      vertex -95.47820725201805 44.38770650821586 53.9
    endloop
  endfacet
  facet normal 0 0 -1
    outer loop
      vertex -95.38564064605511 45.8 53.9
      vertex -95.26936534446598 45.97401828641395 53.9
      vertex -95.38564064605511 44.2 53.9
    endloop
  endfacet
  facet normal 0 0 -1
    outer loop
      vertex -95.08981926094242 45.49741610946649 53.9
      vertex -95.13137084989847 45.847151304047635 53.9
      vertex -95.04332556993401 45.59169598828961 53.9
    endloop
  endfacet
  facet normal 0 0 -1
    outer loop
      vertex -95.04332556993401 45.59169598828961 53.9
      vertex -95.13137084989847 45.847151304047635 53.9
      vertex -95.13137084989847 46.131370849898474 53.9
    endloop
  endfacet
  facet normal 0 0 -1
    outer loop
      vertex -95.00979558394931 45.644052441849475 53.9
      vertex -95.06879510800289 45.74781190317016 53.9
      vertex -94.95716795074765 45.72281526097454 53.9
    endloop
  endfacet
  facet normal 0 0 -1
    outer loop
      vertex -95.06879510800289 45.74781190317016 53.9
      vertex -95.13137084989847 46.131370849898474 53.9
      vertex -94.95716795074765 45.72281526097454 53.9
    endloop
  endfacet
  facet normal 0 0 -1
    outer loop
      vertex -94.91709092991988 45.77034725642044 53.9
      vertex -94.9620423774733 45.88092002438295 53.9
      vertex -94.86458278010318 45.83022132605911 53.9
    endloop
  endfacet
  facet normal 0 0 -1
    outer loop
      vertex -94.86458278010318 45.83022132605911 53.9
      vertex -94.9620423774733 45.88092002438295 53.9
      vertex -94.97401828641395 46.26936534446597 53.9
    endloop
  endfacet
  facet normal 0 0 -1
    outer loop
      vertex -94.80063822679813 45.89052646185744 53.9
      vertex -94.94243130479146 46.142612752855904 53.9
      vertex -94.74882052617521 45.93596936567016 53.9
    endloop
  endfacet
  facet normal 0 0 -1
    outer loop
      vertex -94.94243130479146 46.142612752855904 53.9
      vertex -94.97401828641395 46.26936534446597 53.9
      vertex -94.74882052617521 45.93596936567016 53.9
    endloop
  endfacet
  facet normal 0 0 -1
    outer loop
      vertex -94.677551627641 45.98741214361574 53.9
      vertex -94.78522778252095 46.255849512002555 53.9
      vertex -94.6 46.03923048454132 53.9
    endloop
  endfacet
  facet normal 0 0 -1
    outer loop
      vertex -94.6 46.03923048454132 53.9
      vertex -94.78522778252095 46.255849512002555 53.9
      vertex -94.8 46.385640646055094 53.9
    endloop
  endfacet
  facet normal 0 0 -1
    outer loop
      vertex -94.54287193228213 46.067402929834394 53.9
      vertex -94.62057466126426 46.474123431166745 53.9
      vertex -94.45922011883812 46.10865543901354 53.9
    endloop
  endfacet
  facet normal 0 0 -1
    outer loop
      vertex -94.45922011883812 46.10865543901354 53.9
      vertex -94.62057466126426 46.474123431166745 53.9
      vertex -94.61229349178414 46.47820725201805 53.9
    endloop
  endfacet
  facet normal 0 0 -1
    outer loop
      vertex -94.2191044720677 46.177307173085566 53.9
      vertex -94.41411047216403 46.5454813220625 53.9
      vertex -94.15663143066406 46.189733833648575 53.9
    endloop
  endfacet
  facet normal 0 0 -1
    outer loop
      vertex -94.41411047216403 46.5454813220625 53.9
      vertex -94.20884190755208 46.586311778198095 53.9
      vertex -94.15663143066406 46.189733833648575 53.9
    endloop
  endfacet
  facet normal 0 0 -1
    outer loop
      vertex -94 46.2 53.9
      vertex -94.09307085010474 46.19389981419698 53.9
      vertex -94.20884190755208 46.586311778198095 53.9
    endloop
  endfacet
  facet normal 0 0 -1
    outer loop
      vertex -94.20884190755208 46.586311778198095 53.9
      vertex -94 46.599999999999994 53.9
      vertex -94 46.2 53.9
    endloop
  endfacet
  facet normal 0 0 -1
    outer loop
      vertex -93.75189018728061 46.17153765210989 53.9
      vertex -93.79115809244792 46.586311778198095 53.9
      vertex -93.68941714587697 46.15911099154688 53.9
    endloop
  endfacet
  facet normal 0 0 -1
    outer loop
      vertex -93.79115809244792 46.586311778198095 53.9
      vertex -93.58588952783597 46.5454813220625 53.9
      vertex -93.68941714587697 46.15911099154688 53.9
    endloop
  endfacet
  facet normal 0 0 -1
    outer loop
      vertex -93.4 43.96076951545868 53.9
      vertex -93.21477221747905 43.744150487997445 53.9
      vertex -93.2 43.614359353944906 53.9
    endloop
  endfacet
  facet normal 0 0 -1
    outer loop
      vertex -93.4 43.96076951545868 53.9
      vertex -93.322448372359 44.01258785638426 53.9
      vertex -93.21477221747905 43.744150487997445 53.9
    endloop
  endfacet
  facet normal 0 0 -1
    outer loop
      vertex -93.02598171358605 43.73063465553403 53.9
      vertex -93.25117947382479 44.06403063432984 53.9
      vertex -93.05756869520854 43.857387247144096 53.9
    endloop
  endfacet
  facet normal 0 0 -1
    outer loop
      vertex -93.25117947382479 44.06403063432984 53.9
      vertex -93.19936177320187 44.10947353814256 53.9
      vertex -93.05756869520854 43.857387247144096 53.9
    endloop
  endfacet
  facet normal 0 0 -1
    outer loop
      vertex -93.13541721989682 44.16977867394089 53.9
      vertex -93.0379576225267 44.11907997561705 53.9
      vertex -93.02598171358605 43.73063465553403 53.9
    endloop
  endfacet
  facet normal 0 0 -1
    outer loop
      vertex -93.13541721989682 44.16977867394089 53.9
      vertex -93.08290907008012 44.22965274357956 53.9
      vertex -93.0379576225267 44.11907997561705 53.9
    endloop
  endfacet
  facet normal 0 0 -1
    outer loop
      vertex -92.86862915010153 43.868629150101526 53.9
      vertex -93.04283204925235 44.27718473902546 53.9
      vertex -92.93120489199711 44.25218809682984 53.9
    endloop
  endfacet
  facet normal 0 0 -1
    outer loop
      vertex -92.99020441605069 44.355947558150525 53.9
      vertex -92.93120489199711 44.25218809682984 53.9
      vertex -93.04283204925235 44.27718473902546 53.9
    endloop
  endfacet
  facet normal 0 0 -1
    outer loop
      vertex -92.73063465553402 44.02598171358605 53.9
      vertex -92.86862915010153 43.868629150101526 53.9
      vertex -92.86862915010153 44.60769732376811 53.9
    endloop
  endfacet
  facet normal 0 0 -1
    outer loop
      vertex -92.86862915010153 44.152848695952365 53.9
      vertex -92.86862915010153 43.868629150101526 53.9
      vertex -92.95667443006599 44.40830401171039 53.9
    endloop
  endfacet
  facet normal 0 0 -1
    outer loop
      vertex -92.73063465553402 44.02598171358605 53.9
      vertex -92.86862915010153 44.60769732376811 53.9
      vertex -92.73942451476803 44.16008905025205 53.9
    endloop
  endfacet
  facet normal 0 0 -1
    outer loop
      vertex -92.95667443006599 44.40830401171039 53.9
      vertex -92.91018073905758 44.50258389053351 53.9
      vertex -92.86862915010153 44.152848695952365 53.9
    endloop
  endfacet
  facet normal 0 0 -1
    outer loop
      vertex -92.61435935394489 44.2 53.9
      vertex -92.73063465553402 44.02598171358605 53.9
      vertex -92.61435935394489 45.8 53.9
    endloop
  endfacet
  facet normal 0 0 -1
    outer loop
      vertex -92.52179274798195 44.38770650821586 53.9
      vertex -92.61435935394489 44.2 53.9
      vertex -92.52179274798195 45.61229349178414 53.9
    endloop
  endfacet
  facet normal 0 0 -1
    outer loop
      vertex -92.45451867793749 44.585889527835974 53.9
      vertex -92.52179274798195 44.38770650821586 53.9
      vertex -92.45451867793749 45.414110472164026 53.9
    endloop
  endfacet
  facet normal 0 0 -1
    outer loop
      vertex -92.4136882218019 44.791158092447915 53.9
      vertex -92.45451867793749 44.585889527835974 53.9
      vertex -92.4136882218019 45.208841907552085 53.9
    endloop
  endfacet
  facet normal 0 0 -1
    outer loop
      vertex -92.45451867793749 45.414110472164026 53.9
      vertex -92.4136882218019 45.208841907552085 53.9
      vertex -92.45451867793749 44.585889527835974 53.9
    endloop
  endfacet
  facet normal 0 0 -1
    outer loop
      vertex -92.52179274798195 45.61229349178414 53.9
      vertex -92.45451867793749 45.414110472164026 53.9
      vertex -92.52179274798195 44.38770650821586 53.9
    endloop
  endfacet
  facet normal 0 0 -1
    outer loop
      vertex -92.98443012463 45.63541060403397 53.9
      vertex -93.04283204925235 45.72281526097454 53.9
      vertex -93.00819231250715 46.253764458429025 53.9
    endloop
  endfacet
  facet normal 0 0 -1
    outer loop
      vertex -92.73063465553402 45.97401828641395 53.9
      vertex -92.61435935394489 45.8 53.9
      vertex -92.73063465553402 44.02598171358605 53.9
    endloop
  endfacet
  facet normal 0 0 -1
    outer loop
      vertex -92.61435935394489 45.8 53.9
      vertex -92.52179274798195 45.61229349178414 53.9
      vertex -92.61435935394489 44.2 53.9
    endloop
  endfacet
  facet normal 0 0 -1
    outer loop
      vertex -92.73063465553402 45.97401828641395 53.9
      vertex -92.84672948586265 45.797246540650406 53.9
      vertex -92.86862915010153 45.847151304047635 53.9
    endloop
  endfacet
  facet normal 0 0 -1
    outer loop
      vertex -93.31353872703902 45.981458908941484 53.9
      vertex -93.3797542545679 46.02570270993484 53.9
      vertex -93.37204260690974 46.47048267073514 53.9
    endloop
  endfacet
  facet normal 0 0 -1
    outer loop
      vertex -93.45712806771787 46.067402929834394 53.9
      vertex -93.52591876801215 46.14453333993164 53.9
      vertex -93.38541120481477 46.34759833781169 53.9
    endloop
  endfacet
  facet normal 0 0 -1
    outer loop
      vertex -93.07339021234529 45.8537883729548 53.9
      vertex -93.16117116486338 45.99895535974179 53.9
      vertex -93.2 46.385640646055094 53.9
    endloop
  endfacet
  facet normal 0 0 -1
    outer loop
      vertex -93.02598171358605 46.26936534446597 53.9
      vertex -93.07339021234529 45.8537883729548 53.9
      vertex -93.2 46.385640646055094 53.9
    endloop
  endfacet
  facet normal 0 0 -1
    outer loop
      vertex -93.02598171358605 46.26936534446597 53.9
      vertex -93.00819231250715 46.253764458429025 53.9
      vertex -93.04283204925235 45.72281526097454 53.9
    endloop
  endfacet
  facet normal 0 0 -1
    outer loop
      vertex -93.38770650821586 46.47820725201805 53.9
      vertex -93.37204260690974 46.47048267073514 53.9
      vertex -93.3797542545679 46.02570270993484 53.9
    endloop
  endfacet
  facet normal 0 0 -1
    outer loop
      vertex -93.38770650821586 46.47820725201805 53.9
      vertex -93.38541120481477 46.34759833781169 53.9
      vertex -93.52591876801215 46.14453333993164 53.9
    endloop
  endfacet
  facet normal 0 0 -1
    outer loop
      vertex -92.73063465553402 45.97401828641395 53.9
      vertex -92.86862915010153 45.847151304047635 53.9
      vertex -92.86862915010153 46.06066687708493 53.9
    endloop
  endfacet
  facet normal 0 0 -1
    outer loop
      vertex -92.73063465553402 45.97401828641395 53.9
      vertex -92.86862915010153 46.06066687708493 53.9
      vertex -93.00819231250715 46.253764458429025 53.9
    endloop
  endfacet
  facet normal 0 0 -1
    outer loop
      vertex -92.86862915010153 46.131370849898474 53.9
      vertex -92.73063465553402 45.97401828641395 53.9
      vertex -93.00819231250715 46.253764458429025 53.9
    endloop
  endfacet
  facet normal 0 0 -1
    outer loop
      vertex 38.387706508215864 43.52179274798195 53.9
      vertex 38.385411204814766 43.652401662188325 53.9
      vertex 38.52591876801214 43.85546666006836 53.9
    endloop
  endfacet
  facet normal 0 0 -1
    outer loop
      vertex 38.58588952783597 43.4545186779375 53.9
      vertex 38.5665659768323 43.58371061756411 53.9
      vertex 38.65490793986331 43.71209889828124 53.9
    endloop
  endfacet
  facet normal 0 0 -1
    outer loop
      vertex 38.601096452350625 43.870869844016404 53.9
      vertex 38.65490793986331 43.71209889828124 53.9
      vertex 38.5665659768323 43.58371061756411 53.9
    endloop
  endfacet
  facet normal 0 0 -1
    outer loop
      vertex 39 43.400000000000006 53.9
      vertex 39 43.8 53.9
      vertex 39.208841907552085 43.413688221801905 53.9
    endloop
  endfacet
  facet normal 0 0 -1
    outer loop
      vertex 39 43.8 53.9
      vertex 39.09307085010473 43.80610018580302 53.9
      vertex 39.182736669108074 43.61197719407667 53.9
    endloop
  endfacet
  facet normal 0 0 -1
    outer loop
      vertex 39 43.8 53.9
      vertex 39.182736669108074 43.61197719407667 53.9
      vertex 39.208841907552085 43.413688221801905 53.9
    endloop
  endfacet
  facet normal 0 0 -1
    outer loop
      vertex 39.8 43.614359353944906 53.9
      vertex 39.61229349178414 43.52179274798195 53.9
      vertex 39.51024457648679 43.76816062331828 53.9
    endloop
  endfacet
  facet normal 0 0 -1
    outer loop
      vertex 37.730634655534026 44.02598171358605 53.9
      vertex 37.868629150101526 43.93933312291511 53.9
      vertex 38.00819231250715 43.74623554157097 53.9
    endloop
  endfacet
  facet normal 0 0 -1
    outer loop
      vertex 37.868629150101526 43.868629150101526 53.9
      vertex 37.730634655534026 44.02598171358605 53.9
      vertex 38.00819231250715 43.74623554157097 53.9
    endloop
  endfacet
  facet normal 0 0 -1
    outer loop
      vertex 37.868629150101526 43.93933312291511 53.9
      vertex 37.730634655534026 44.02598171358605 53.9
      vertex 37.868629150101526 44.152848695952436 53.9
    endloop
  endfacet
  facet normal 0 0 -1
    outer loop
      vertex 37.868629150101526 44.152848695952436 53.9
      vertex 37.730634655534026 44.02598171358605 53.9
      vertex 37.84672948586265 44.202753459349694 53.9
    endloop
  endfacet
  facet normal 0 0 -1
    outer loop
      vertex 38.45712806771787 43.9325970701656 53.9
      vertex 38.52591876801214 43.85546666006836 53.9
      vertex 38.385411204814766 43.652401662188325 53.9
    endloop
  endfacet
  facet normal 0 0 -1
    outer loop
      vertex 37.6143593539449 44.2 53.9
      vertex 37.52179274798194 44.38770650821586 53.9
      vertex 37.6143593539449 45.8 53.9
    endloop
  endfacet
  facet normal 0 0 -1
    outer loop
      vertex 37.730634655534026 44.02598171358605 53.9
      vertex 37.6143593539449 44.2 53.9
      vertex 37.730634655534026 45.97401828641395 53.9
    endloop
  endfacet
  facet normal 0 0 -1
    outer loop
      vertex 37.52179274798194 44.38770650821586 53.9
      vertex 37.45451867793749 44.585889527835974 53.9
      vertex 37.52179274798194 45.61229349178414 53.9
    endloop
  endfacet
  facet normal 0 0 -1
    outer loop
      vertex 37.45451867793749 44.585889527835974 53.9
      vertex 37.413688221801905 44.791158092447915 53.9
      vertex 37.45451867793749 45.414110472164026 53.9
    endloop
  endfacet
  facet normal 0 0 -1
    outer loop
      vertex 37.413688221801905 45.208841907552085 53.9
      vertex 37.45451867793749 45.414110472164026 53.9
      vertex 37.413688221801905 44.791158092447915 53.9
    endloop
  endfacet
  facet normal 0 0 -1
    outer loop
      vertex 37.45451867793749 45.414110472164026 53.9
      vertex 37.52179274798194 45.61229349178414 53.9
      vertex 37.45451867793749 44.585889527835974 53.9
    endloop
  endfacet
  facet normal 0 0 -1
    outer loop
      vertex 37.52179274798194 45.61229349178414 53.9
      vertex 37.6143593539449 45.8 53.9
      vertex 37.52179274798194 44.38770650821586 53.9
    endloop
  endfacet
  facet normal 0 0 -1
    outer loop
      vertex 37.6143593539449 45.8 53.9
      vertex 37.730634655534026 45.97401828641395 53.9
      vertex 37.6143593539449 44.2 53.9
    endloop
  endfacet
  facet normal 0 0 -1
    outer loop
      vertex 37.91018073905757 45.49741610946649 53.9
      vertex 37.868629150101526 45.847151304047564 53.9
      vertex 37.95667443006599 45.59169598828962 53.9
    endloop
  endfacet
  facet normal 0 0 -1
    outer loop
      vertex 37.95667443006599 45.59169598828962 53.9
      vertex 37.868629150101526 45.847151304047564 53.9
      vertex 37.868629150101526 46.131370849898474 53.9
    endloop
  endfacet
  facet normal 0 0 -1
    outer loop
      vertex 37.99020441605068 45.64405244184948 53.9
      vertex 37.931204891997155 45.74781190316988 53.9
      vertex 38.042832049252354 45.72281526097454 53.9
    endloop
  endfacet
  facet normal 0 0 -1
    outer loop
      vertex 37.931204891997155 45.74781190316988 53.9
      vertex 37.868629150101526 46.131370849898474 53.9
      vertex 38.042832049252354 45.72281526097454 53.9
    endloop
  endfacet
  facet normal 0 0 -1
    outer loop
      vertex 38.08290907008012 45.77034725642044 53.9
      vertex 38.037957622526704 45.880920024383 53.9
      vertex 38.135417219896816 45.83022132605911 53.9
    endloop
  endfacet
  facet normal 0 0 -1
    outer loop
      vertex 38.135417219896816 45.83022132605911 53.9
      vertex 38.037957622526704 45.880920024383 53.9
      vertex 38.02598171358605 46.26936534446597 53.9
    endloop
  endfacet
  facet normal 0 0 -1
    outer loop
      vertex 38.199361773201865 45.89052646185744 53.9
      vertex 38.05756869520853 46.142612752855996 53.9
      vertex 38.25117947382479 45.935969365670154 53.9
    endloop
  endfacet
  facet normal 0 0 -1
    outer loop
      vertex 38.05756869520853 46.142612752855996 53.9
      vertex 38.02598171358605 46.26936534446597 53.9
      vertex 38.25117947382479 45.935969365670154 53.9
    endloop
  endfacet
  facet normal 0 0 -1
    outer loop
      vertex 38.45712806771787 46.0674029298344 53.9
      vertex 38.4 46.03923048454132 53.9
      vertex 38.48975542351321 46.23183937668172 53.9
    endloop
  endfacet
  facet normal 0 0 -1
    outer loop
      vertex 38.2 46.385640646055094 53.9
      vertex 38.48975542351321 46.23183937668172 53.9
      vertex 38.4 46.03923048454132 53.9
    endloop
  endfacet
  facet normal 0 0 -1
    outer loop
      vertex 38.2 46.385640646055094 53.9
      vertex 38.38770650821586 46.47820725201805 53.9
      vertex 38.48975542351321 46.23183937668172 53.9
    endloop
  endfacet
  facet normal 0 0 -1
    outer loop
      vertex 39.8 43.614359353944906 53.9
      vertex 39.51024457648679 43.76816062331828 53.9
      vertex 39.6 43.96076951545867 53.9
    endloop
  endfacet
  facet normal 0 0 -1
    outer loop
      vertex 39.54287193228213 43.9325970701656 53.9
      vertex 39.6 43.96076951545867 53.9
      vertex 39.51024457648679 43.76816062331828 53.9
    endloop
  endfacet
  facet normal 0 0 -1
    outer loop
      vertex 39.97401828641395 43.73063465553403 53.9
      vertex 39.74882052617521 44.064030634329846 53.9
      vertex 39.94243130479147 43.857387247144004 53.9
    endloop
  endfacet
  facet normal 0 0 -1
    outer loop
      vertex 39.74882052617521 44.064030634329846 53.9
      vertex 39.800638226798135 44.10947353814256 53.9
      vertex 39.94243130479147 43.857387247144004 53.9
    endloop
  endfacet
  facet normal 0 0 -1
    outer loop
      vertex 39.864582780103184 44.16977867394089 53.9
      vertex 39.962042377473296 44.119079975617 53.9
      vertex 39.97401828641395 43.73063465553403 53.9
    endloop
  endfacet
  facet normal 0 0 -1
    outer loop
      vertex 39.864582780103184 44.16977867394089 53.9
      vertex 39.91709092991988 44.22965274357956 53.9
      vertex 39.962042377473296 44.119079975617 53.9
    endloop
  endfacet
  facet normal 0 0 -1
    outer loop
      vertex 40.131370849898474 43.868629150101526 53.9
      vertex 39.957167950747646 44.27718473902546 53.9
      vertex 40.068795108002845 44.25218809683012 53.9
    endloop
  endfacet
  facet normal 0 0 -1
    outer loop
      vertex 40.00979558394932 44.35594755815052 53.9
      vertex 40.068795108002845 44.25218809683012 53.9
      vertex 39.957167950747646 44.27718473902546 53.9
    endloop
  endfacet
  facet normal 0 0 -1
    outer loop
      vertex 40.269365344465974 44.02598171358605 53.9
      vertex 40.131370849898474 43.868629150101526 53.9
      vertex 40.131370849898474 44.60769732376811 53.9
    endloop
  endfacet
  facet normal 0 0 -1
    outer loop
      vertex 40.131370849898474 44.152848695952436 53.9
      vertex 40.131370849898474 43.868629150101526 53.9
      vertex 40.04332556993401 44.40830401171038 53.9
    endloop
  endfacet
  facet normal 0 0 -1
    outer loop
      vertex 40.269365344465974 44.02598171358605 53.9
      vertex 40.131370849898474 44.60769732376811 53.9
      vertex 40.26057548523195 44.1600890502521 53.9
    endloop
  endfacet
  facet normal 0 0 -1
    outer loop
      vertex 40.04332556993401 44.40830401171038 53.9
      vertex 40.08981926094243 44.50258389053351 53.9
      vertex 40.131370849898474 44.152848695952436 53.9
    endloop
  endfacet
  facet normal 0 0 -1
    outer loop
      vertex 40.3856406460551 44.2 53.9
      vertex 40.269365344465974 44.02598171358605 53.9
      vertex 40.3856406460551 45.8 53.9
    endloop
  endfacet
  facet normal 0 0 -1
    outer loop
      vertex 40.47820725201806 44.38770650821586 53.9
      vertex 40.3856406460551 44.2 53.9
      vertex 40.47820725201806 45.61229349178414 53.9
    endloop
  endfacet
  facet normal 0 0 -1
    outer loop
      vertex 40.54548132206251 44.585889527835974 53.9
      vertex 40.47820725201806 44.38770650821586 53.9
      vertex 40.54548132206251 45.414110472164026 53.9
    endloop
  endfacet
  facet normal 0 0 -1
    outer loop
      vertex 40.586311778198095 44.791158092447915 53.9
      vertex 40.54548132206251 44.585889527835974 53.9
      vertex 40.586311778198095 45.208841907552085 53.9
    endloop
  endfacet
  facet normal 0 0 -1
    outer loop
      vertex 40.54548132206251 45.414110472164026 53.9
      vertex 40.586311778198095 45.208841907552085 53.9
      vertex 40.54548132206251 44.585889527835974 53.9
    endloop
  endfacet
  facet normal 0 0 -1
    outer loop
      vertex 40.47820725201806 45.61229349178414 53.9
      vertex 40.54548132206251 45.414110472164026 53.9
      vertex 40.47820725201806 44.38770650821586 53.9
    endloop
  endfacet
  facet normal 0 0 -1
    outer loop
      vertex 39 46.2 53.9
      vertex 38.90692914989527 46.19389981419698 53.9
      vertex 38.817263330891926 46.38802280592333 53.9
    endloop
  endfacet
  facet normal 0 0 -1
    outer loop
      vertex 39 46.2 53.9
      vertex 38.817263330891926 46.38802280592333 53.9
      vertex 38.791158092447915 46.586311778198095 53.9
    endloop
  endfacet
  facet normal 0 0 -1
    outer loop
      vertex 39 46.599999999999994 53.9
      vertex 39 46.2 53.9
      vertex 38.791158092447915 46.586311778198095 53.9
    endloop
  endfacet
  facet normal 0 0 -1
    outer loop
      vertex 39.09307085010473 46.19389981419698 53.9
      vertex 39 46.37 53.9
      vertex 39.00921361356848 46.59939610786167 53.9
    endloop
  endfacet
  facet normal 0 0 -1
    outer loop
      vertex 39 46.599999999999994 53.9
      vertex 39.00921361356848 46.59939610786167 53.9
      vertex 39 46.37 53.9
    endloop
  endfacet
  facet normal 0 0 -1
    outer loop
      vertex 39.398903547649375 46.129130155983596 53.9
      vertex 39.34509206013669 46.28790110171876 53.9
      vertex 39.4334340231677 46.41628938243589 53.9
    endloop
  endfacet
  facet normal 0 0 -1
    outer loop
      vertex 39.41411047216403 46.5454813220625 53.9
      vertex 39.4334340231677 46.41628938243589 53.9
      vertex 39.34509206013669 46.28790110171876 53.9
    endloop
  endfacet
  facet normal 0 0 -1
    outer loop
      vertex 40.269365344465974 45.97401828641395 53.9
      vertex 40.3856406460551 45.8 53.9
      vertex 40.269365344465974 44.02598171358605 53.9
    endloop
  endfacet
  facet normal 0 0 -1
    outer loop
      vertex 40.3856406460551 45.8 53.9
      vertex 40.47820725201806 45.61229349178414 53.9
      vertex 40.3856406460551 44.2 53.9
    endloop
  endfacet
  facet normal 0 0 -1
    outer loop
      vertex 40.269365344465974 45.97401828641395 53.9
      vertex 40.15327051413735 45.797246540650306 53.9
      vertex 40.131370849898474 45.847151304047564 53.9
    endloop
  endfacet
  facet normal 0 0 -1
    outer loop
      vertex 39.54287193228213 46.0674029298344 53.9
      vertex 39.47408123198786 46.14453333993164 53.9
      vertex 39.614588795185234 46.347598337811675 53.9
    endloop
  endfacet
  facet normal 0 0 -1
    outer loop
      vertex 39.68646127296099 45.981458908941484 53.9
      vertex 39.6202457454321 46.02570270993484 53.9
      vertex 39.62795739309025 46.470482670735144 53.9
    endloop
  endfacet
  facet normal 0 0 -1
    outer loop
      vertex 39.808694595813876 45.88346121585345 53.9
      vertex 39.74882052617521 45.935969365670154 53.9
      vertex 39.838828835136624 45.99895535974179 53.9
    endloop
  endfacet
  facet normal 0 0 -1
    outer loop
      vertex 39.97401828641395 46.26936534446597 53.9
      vertex 39.838828835136624 45.99895535974179 53.9
      vertex 39.74882052617521 45.935969365670154 53.9
    endloop
  endfacet
  facet normal 0 0 -1
    outer loop
      vertex 39.8 46.385640646055094 53.9
      vertex 39.97401828641395 46.26936534446597 53.9
      vertex 39.74882052617521 45.935969365670154 53.9
    endloop
  endfacet
  facet normal 0 0 -1
    outer loop
      vertex 39.612293491784136 46.47820725201805 53.9
      vertex 39.614588795185234 46.347598337811675 53.9
      vertex 39.47408123198786 46.14453333993164 53.9
    endloop
  endfacet
  facet normal 0 0 -1
    outer loop
      vertex 39.61229349178414 46.47820725201805 53.9
      vertex 39.62795739309025 46.470482670735144 53.9
      vertex 39.6202457454321 46.02570270993484 53.9
    endloop
  endfacet
  facet normal 0 0 -1
    outer loop
      vertex 40.269365344465974 45.97401828641395 53.9
      vertex 40.131370849898474 45.847151304047564 53.9
      vertex 40.131370849898474 46.06066687708489 53.9
    endloop
  endfacet
  facet normal 0 0 -1
    outer loop
      vertex 40.269365344465974 45.97401828641395 53.9
      vertex 40.131370849898474 46.06066687708489 53.9
      vertex 39.99180768749285 46.25376445842903 53.9
    endloop
  endfacet
  facet normal 0 0 -1
    outer loop
      vertex 40.131370849898474 46.131370849898474 53.9
      vertex 40.269365344465974 45.97401828641395 53.9
      vertex 39.99180768749285 46.25376445842903 53.9
    endloop
  endfacet
endsolid OpenSCAD_Model
