solid OpenSCAD_Model
  facet normal 0 0 1
    outer loop
      vertex -108.41411047216403 -52.04548132206251 48.3
      vertex -108.20884190755208 -52.086311778198095 48.3
      vertex -108.23053859265562 -51.857136741625915 48.3
    endloop
  endfacet
  facet normal 0 0 1
    outer loop
      vertex -107.79115809244792 -52.086311778198095 48.3
      vertex -107.58588952783597 -52.04548132206251 48.3
      vertex -107.82162393243667 -51.854900748805925 48.3
    endloop
  endfacet
  facet normal 0 0 1
    outer loop
      vertex -107.58588952783597 -52.04548132206251 48.3
      vertex -107.38770650821586 -51.97820725201806 48.3
      vertex -107.51055541566723 -51.681623753526246 48.3
    endloop
  endfacet
  facet normal 0 0 1
    outer loop
      vertex -108.61229349178414 -51.97820725201806 48.3
      vertex -108.41411047216403 -52.04548132206251 48.3
      vertex -108.47226353577092 -51.65668595618078 48.3
    endloop
  endfacet
  facet normal 0 0 1
    outer loop
      vertex -108.41411047216403 -52.04548132206251 48.3
      vertex -108.31058285412303 -51.65911099154688 48.3
      vertex -108.41024652884974 -51.93969021992258 48.3
    endloop
  endfacet
  facet normal 0 0 1
    outer loop
      vertex -108.41411047216403 -52.04548132206251 48.3
      vertex -108.41024652884974 -51.93969021992258 48.3
      vertex -108.47226353577092 -51.65668595618078 48.3
    endloop
  endfacet
  facet normal 0 0 1
    outer loop
      vertex -108.41411047216403 -52.04548132206251 48.3
      vertex -108.23053859265562 -51.857136741625915 48.3
      vertex -108.31058285412303 -51.65911099154688 48.3
    endloop
  endfacet
  facet normal 0 0 1
    outer loop
      vertex -107.58588952783597 -52.04548132206251 48.3
      vertex -107.68941714587697 -51.65911099154688 48.3
      vertex -107.82162393243667 -51.854900748805925 48.3
    endloop
  endfacet
  facet normal 0 0 1
    outer loop
      vertex -107.58588952783597 -52.04548132206251 48.3
      vertex -107.51055541566723 -51.681623753526246 48.3
      vertex -107.59894512599324 -51.688031430639526 48.3
    endloop
  endfacet
  facet normal 0 0 1
    outer loop
      vertex -107.38770650821586 -51.97820725201806 48.3
      vertex -107.2 -51.8856406460551 48.3
      vertex -107.37484539694711 -51.582799535073164 48.3
    endloop
  endfacet
  facet normal 0 0 1
    outer loop
      vertex -107.58588952783597 -52.04548132206251 48.3
      vertex -107.59894512599324 -51.688031430639526 48.3
      vertex -107.68941714587697 -51.65911099154688 48.3
    endloop
  endfacet
  facet normal 0 0 1
    outer loop
      vertex -107.38770650821586 -51.97820725201806 48.3
      vertex -107.45082630741562 -51.60469380010723 48.3
      vertex -107.51055541566723 -51.681623753526246 48.3
    endloop
  endfacet
  facet normal 0 0 1
    outer loop
      vertex -108.61229349178414 -51.97820725201806 48.3
      vertex -108.47226353577092 -51.65668595618078 48.3
      vertex -108.54287193228213 -51.567402929834394 48.3
    endloop
  endfacet
  facet normal 0 0 1
    outer loop
      vertex -108.61229349178414 -51.97820725201806 48.3
      vertex -108.54287193228213 -51.567402929834394 48.3
      vertex -108.61834689658727 -51.63375229751718 48.3
    endloop
  endfacet
  facet normal 0 0 1
    outer loop
      vertex -107.38770650821586 -51.97820725201806 48.3
      vertex -107.37484539694711 -51.582799535073164 48.3
      vertex -107.45082630741562 -51.60469380010723 48.3
    endloop
  endfacet
  facet normal 0 0 1
    outer loop
      vertex -107.2 -51.8856406460551 48.3
      vertex -107.02598171358605 -51.769365344465974 48.3
      vertex -107.24778080948299 -51.46583058994551 48.3
    endloop
  endfacet
  facet normal 0 0 1
    outer loop
      vertex -108.8 -51.8856406460551 48.3
      vertex -108.85357207678258 -51.3521316243144 48.3
      vertex -108.97401828641395 -51.769365344465974 48.3
    endloop
  endfacet
  facet normal 0 0 1
    outer loop
      vertex -107.2 -51.8856406460551 48.3
      vertex -107.3156940287535 -51.50937872501788 48.3
      vertex -107.37484539694711 -51.582799535073164 48.3
    endloop
  endfacet
  facet normal 0 0 1
    outer loop
      vertex -108.8 -51.8856406460551 48.3
      vertex -108.75227496584056 -51.46632064111795 48.3
      vertex -108.80664158602681 -51.502038238538766 48.3
    endloop
  endfacet
  facet normal 0 0 1
    outer loop
      vertex -107.2 -51.8856406460551 48.3
      vertex -107.24778080948299 -51.46583058994551 48.3
      vertex -107.3156940287535 -51.50937872501788 48.3
    endloop
  endfacet
  facet normal 0 0 1
    outer loop
      vertex -108.8 -51.8856406460551 48.3
      vertex -108.80664158602681 -51.502038238538766 48.3
      vertex -108.85357207678258 -51.3521316243144 48.3
    endloop
  endfacet
  facet normal 0 0 1
    outer loop
      vertex -107.02598171358605 -51.769365344465974 48.3
      vertex -106.86862915010153 -51.631370849898474 48.3
      vertex -107.04010776747896 -51.31117886750401 48.3
    endloop
  endfacet
  facet normal 0 0 1
    outer loop
      vertex -107.02598171358605 -51.769365344465974 48.3
      vertex -107.17971025506682 -51.43346542028401 48.3
      vertex -107.24778080948299 -51.46583058994551 48.3
    endloop
  endfacet
  facet normal 0 0 1
    outer loop
      vertex -108.97401828641395 -51.769365344465974 48.3
      vertex -109.00840357661471 -51.24474719455697 48.3
      vertex -109.13137084989847 -51.631370849898474 48.3
    endloop
  endfacet
  facet normal 0 0 1
    outer loop
      vertex -107.02598171358605 -51.769365344465974 48.3
      vertex -107.11429990785352 -51.414961110990646 48.3
      vertex -107.17971025506682 -51.43346542028401 48.3
    endloop
  endfacet
  facet normal 0 0 1
    outer loop
      vertex -108.97401828641395 -51.769365344465974 48.3
      vertex -108.85382398971377 -51.349622895335614 48.3
      vertex -108.9278810338443 -51.36493195807849 48.3
    endloop
  endfacet
  facet normal 0 0 1
    outer loop
      vertex -108.85357207678258 -51.3521316243144 48.3
      vertex -108.85382398971377 -51.349622895335614 48.3
      vertex -108.97401828641395 -51.769365344465974 48.3
    endloop
  endfacet
  facet normal 0 0 1
    outer loop
      vertex -108.97401828641395 -51.769365344465974 48.3
      vertex -108.9278810338443 -51.36493195807849 48.3
      vertex -108.95744750999353 -51.23188292183317 48.3
    endloop
  endfacet
  facet normal 0 0 1
    outer loop
      vertex -107.02598171358605 -51.769365344465974 48.3
      vertex -107.07794533623793 -51.313858726547345 48.3
      vertex -107.11429990785352 -51.414961110990646 48.3
    endloop
  endfacet
  facet normal 0 0 1
    outer loop
      vertex -107.02598171358605 -51.769365344465974 48.3
      vertex -107.04010776747896 -51.31117886750401 48.3
      vertex -107.07794533623793 -51.313858726547345 48.3
    endloop
  endfacet
  facet normal 0 0 1
    outer loop
      vertex -108.97401828641395 -51.769365344465974 48.3
      vertex -108.95744750999353 -51.23188292183317 48.3
      vertex -109.00840357661471 -51.24474719455697 48.3
    endloop
  endfacet
  facet normal 0 0 1
    outer loop
      vertex -107.17971025506682 -51.43346542028401 48.3
      vertex -107.1945628705458 -51.40101215971682 48.3
      vertex -107.24778080948299 -51.46583058994551 48.3
    endloop
  endfacet
  facet normal 0 0 1
    outer loop
      vertex -106.86862915010153 -51.631370849898474 48.3
      vertex -106.98506267958352 -51.16466241387148 48.3
      vertex -107.04010776747896 -51.31117886750401 48.3
    endloop
  endfacet
  facet normal 0 0 1
    outer loop
      vertex -109.13137084989847 -51.631370849898474 48.3
      vertex -109.00840357661471 -51.24474719455697 48.3
      vertex -109.13137084989847 -51.12800837025255 48.3
    endloop
  endfacet
  facet normal 0 0 1
    outer loop
      vertex -109.13137084989847 -51.631370849898474 48.3
      vertex -109.18447218582052 -50.82120102301989 48.3
      vertex -109.26936534446598 -51.47401828641395 48.3
    endloop
  endfacet
  facet normal 0 0 1
    outer loop
      vertex -106.86862915010153 -51.631370849898474 48.3
      vertex -106.73063465553402 -51.47401828641395 48.3
      vertex -106.86862915010153 -50.93204327959139 48.3
    endloop
  endfacet
  facet normal 0 0 1
    outer loop
      vertex -106.86862915010153 -51.631370849898474 48.3
      vertex -106.95622179439283 -51.09447042542435 48.3
      vertex -106.98506267958352 -51.16466241387148 48.3
    endloop
  endfacet
  facet normal 0 0 1
    outer loop
      vertex -106.86862915010153 -51.631370849898474 48.3
      vertex -106.90768737952622 -51.03545742471371 48.3
      vertex -106.95622179439283 -51.09447042542435 48.3
    endloop
  endfacet
  facet normal 0 0 1
    outer loop
      vertex -109.13137084989847 -51.631370849898474 48.3
      vertex -109.13137084989847 -51.12800837025255 48.3
      vertex -109.18447218582052 -50.82120102301989 48.3
    endloop
  endfacet
  facet normal 0 0 1
    outer loop
      vertex -106.86862915010153 -51.631370849898474 48.3
      vertex -106.86862915010153 -50.93204327959139 48.3
      vertex -106.90768737952622 -51.03545742471371 48.3
    endloop
  endfacet
  facet normal 0 0 1
    outer loop
      vertex -106.73063465553402 -51.47401828641395 48.3
      vertex -106.7788565494999 -50.73829435767049 48.3
      vertex -106.86862915010153 -50.93204327959139 48.3
    endloop
  endfacet
  facet normal 0 0 1
    outer loop
      vertex -109.13137084989847 -51.12800837025255 48.3
      vertex -109.13137084989847 -50.96739684843318 48.3
      vertex -109.18447218582052 -50.82120102301989 48.3
    endloop
  endfacet
  facet normal 0 0 1
    outer loop
      vertex -109.26936534446598 -51.47401828641395 48.3
      vertex -109.38564064605511 -49.7 48.3
      vertex -109.38564064605511 -51.3 48.3
    endloop
  endfacet
  facet normal 0 0 1
    outer loop
      vertex -109.18447218582052 -50.82120102301989 48.3
      vertex -109.23029859309771 -50.12202515850437 48.3
      vertex -109.26936534446598 -51.47401828641395 48.3
    endloop
  endfacet
  facet normal 0 0 1
    outer loop
      vertex -109.38564064605511 -51.3 48.3
      vertex -109.47820725201805 -49.88770650821586 48.3
      vertex -109.47820725201805 -51.11229349178414 48.3
    endloop
  endfacet
  facet normal 0 0 1
    outer loop
      vertex -106.73063465553402 -51.47401828641395 48.3
      vertex -106.61435935394489 -51.3 48.3
      vertex -106.73063465553402 -49.52598171358605 48.3
    endloop
  endfacet
  facet normal 0 0 1
    outer loop
      vertex -109.47820725201805 -51.11229349178414 48.3
      vertex -109.54548132206251 -50.08588952783597 48.3
      vertex -109.54548132206251 -50.91411047216403 48.3
    endloop
  endfacet
  facet normal 0 0 1
    outer loop
      vertex -106.61435935394489 -51.3 48.3
      vertex -106.52179274798195 -51.11229349178414 48.3
      vertex -106.61435935394489 -49.7 48.3
    endloop
  endfacet
  facet normal 0 0 1
    outer loop
      vertex -109.54548132206251 -50.91411047216403 48.3
      vertex -109.5863117781981 -50.291158092447915 48.3
      vertex -109.5863117781981 -50.708841907552085 48.3
    endloop
  endfacet
  facet normal 0 0 1
    outer loop
      vertex -106.52179274798195 -51.11229349178414 48.3
      vertex -106.45451867793749 -50.91411047216403 48.3
      vertex -106.52179274798195 -49.88770650821586 48.3
    endloop
  endfacet
  facet normal 0 0 1
    outer loop
      vertex -106.73063465553402 -51.47401828641395 48.3
      vertex -106.73063465553402 -49.52598171358605 48.3
      vertex -106.7788565494999 -50.73829435767049 48.3
    endloop
  endfacet
  facet normal 0 0 1
    outer loop
      vertex -106.45451867793749 -50.91411047216403 48.3
      vertex -106.4136882218019 -50.708841907552085 48.3
      vertex -106.45451867793749 -50.08588952783597 48.3
    endloop
  endfacet
  facet normal 0 0 1
    outer loop
      vertex -109.5863117781981 -50.708841907552085 48.3
      vertex -109.5863117781981 -50.291158092447915 48.3
      vertex -109.6 -50.5 48.3
    endloop
  endfacet
  facet normal 0 0 1
    outer loop
      vertex -109.54548132206251 -50.91411047216403 48.3
      vertex -109.54548132206251 -50.08588952783597 48.3
      vertex -109.5863117781981 -50.291158092447915 48.3
    endloop
  endfacet
  facet normal 0 0 1
    outer loop
      vertex -106.4136882218019 -50.708841907552085 48.3
      vertex -106.4 -50.5 48.3
      vertex -106.4136882218019 -50.291158092447915 48.3
    endloop
  endfacet
  facet normal 0 0 1
    outer loop
      vertex -109.23029859309771 -50.12202515850437 48.3
      vertex -109.26936534446598 -49.52598171358605 48.3
      vertex -109.26936534446598 -51.47401828641395 48.3
    endloop
  endfacet
  facet normal 0 0 1
    outer loop
      vertex -109.47820725201805 -51.11229349178414 48.3
      vertex -109.47820725201805 -49.88770650821586 48.3
      vertex -109.54548132206251 -50.08588952783597 48.3
    endloop
  endfacet
  facet normal 0 0 1
    outer loop
      vertex -106.4136882218019 -50.708841907552085 48.3
      vertex -106.4136882218019 -50.291158092447915 48.3
      vertex -106.45451867793749 -50.08588952783597 48.3
    endloop
  endfacet
  facet normal 0 0 1
    outer loop
      vertex -109.38564064605511 -51.3 48.3
      vertex -109.38564064605511 -49.7 48.3
      vertex -109.47820725201805 -49.88770650821586 48.3
    endloop
  endfacet
  facet normal 0 0 1
    outer loop
      vertex -109.26936534446598 -51.47401828641395 48.3
      vertex -109.26936534446598 -49.52598171358605 48.3
      vertex -109.38564064605511 -49.7 48.3
    endloop
  endfacet
  facet normal 0 0 1
    outer loop
      vertex -106.45451867793749 -50.91411047216403 48.3
      vertex -106.45451867793749 -50.08588952783597 48.3
      vertex -106.52179274798195 -49.88770650821586 48.3
    endloop
  endfacet
  facet normal 0 0 1
    outer loop
      vertex -106.52179274798195 -51.11229349178414 48.3
      vertex -106.52179274798195 -49.88770650821586 48.3
      vertex -106.61435935394489 -49.7 48.3
    endloop
  endfacet
  facet normal 0 0 1
    outer loop
      vertex -106.61435935394489 -51.3 48.3
      vertex -106.61435935394489 -49.7 48.3
      vertex -106.73063465553402 -49.52598171358605 48.3
    endloop
  endfacet
  facet normal 0 0 1
    outer loop
      vertex -106.73063465553402 -49.52598171358605 48.3
      vertex -106.81635421665464 -50.166190511701195 48.3
      vertex -106.7788565494999 -50.73829435767049 48.3
    endloop
  endfacet
  facet normal 0 0 1
    outer loop
      vertex -106.86862915010153 -49.82531101265986 48.3
      vertex -106.86862915010153 -50.02081862861956 48.3
      vertex -106.81635421665464 -50.166190511701195 48.3
    endloop
  endfacet
  facet normal 0 0 1
    outer loop
      vertex -109.08981926094242 -50.002583890533515 48.3
      vertex -109.04332556993401 -49.90830401171039 48.3
      vertex -109.04551088187904 -49.89490910942854 48.3
    endloop
  endfacet
  facet normal 0 0 1
    outer loop
      vertex -109.26936534446598 -49.52598171358605 48.3
      vertex -109.23029859309771 -50.12202515850437 48.3
      vertex -109.13137084989847 -50.107697323768114 48.3
    endloop
  endfacet
  facet normal 0 0 1
    outer loop
      vertex -109.26936534446598 -49.52598171358605 48.3
      vertex -109.13137084989847 -50.107697323768114 48.3
      vertex -109.13137084989847 -50.02081862861956 48.3
    endloop
  endfacet
  facet normal 0 0 1
    outer loop
      vertex -107.04246826832161 -49.76538530060442 48.3
      vertex -107.04283204925235 -49.77718473902545 48.3
      vertex -106.98443012463 -49.86458939596602 48.3
    endloop
  endfacet
  facet normal 0 0 1
    outer loop
      vertex -109.13137084989847 -49.368629150101526 48.3
      vertex -109.13137084989847 -50.02081862861956 48.3
      vertex -109.08981926094242 -50.002583890533515 48.3
    endloop
  endfacet
  facet normal 0 0 1
    outer loop
      vertex -109.13137084989847 -49.368629150101526 48.3
      vertex -109.08981926094242 -50.002583890533515 48.3
      vertex -109.04551088187904 -49.89490910942854 48.3
    endloop
  endfacet
  facet normal 0 0 1
    outer loop
      vertex -106.86862915010153 -49.368629150101526 48.3
      vertex -106.86862915010153 -49.82531101265986 48.3
      vertex -106.81635421665464 -50.166190511701195 48.3
    endloop
  endfacet
  facet normal 0 0 1
    outer loop
      vertex -109.13137084989847 -49.368629150101526 48.3
      vertex -109.04551088187904 -49.89490910942854 48.3
      vertex -109.00979558394933 -49.855947558150525 48.3
    endloop
  endfacet
  facet normal 0 0 1
    outer loop
      vertex -109.13137084989847 -49.368629150101526 48.3
      vertex -109.00979558394933 -49.855947558150525 48.3
      vertex -108.95716795074765 -49.77718473902545 48.3
    endloop
  endfacet
  facet normal 0 0 1
    outer loop
      vertex -106.86862915010153 -49.368629150101526 48.3
      vertex -106.98443012463 -49.86458939596602 48.3
      vertex -106.86862915010153 -49.82531101265986 48.3
    endloop
  endfacet
  facet normal 0 0 1
    outer loop
      vertex -106.86862915010153 -49.368629150101526 48.3
      vertex -106.81635421665464 -50.166190511701195 48.3
      vertex -106.73063465553402 -49.52598171358605 48.3
    endloop
  endfacet
  facet normal 0 0 1
    outer loop
      vertex -109.26936534446598 -49.52598171358605 48.3
      vertex -109.13137084989847 -50.02081862861956 48.3
      vertex -109.13137084989847 -49.368629150101526 48.3
    endloop
  endfacet
  facet normal 0 0 1
    outer loop
      vertex -109.13137084989847 -49.368629150101526 48.3
      vertex -108.95716795074765 -49.77718473902545 48.3
      vertex -108.95753173167839 -49.76538530060442 48.3
    endloop
  endfacet
  facet normal 0 0 1
    outer loop
      vertex -107.02598171358605 -49.230634655534026 48.3
      vertex -107.04246826832161 -49.76538530060442 48.3
      vertex -106.98443012463 -49.86458939596602 48.3
    endloop
  endfacet
  facet normal 0 0 1
    outer loop
      vertex -108.97401828641395 -49.230634655534026 48.3
      vertex -108.95753173167839 -49.76538530060442 48.3
      vertex -108.91709092991988 -49.72965274357955 48.3
    endloop
  endfacet
  facet normal 0 0 1
    outer loop
      vertex -107.02598171358605 -49.230634655534026 48.3
      vertex -107.08290907008012 -49.72965274357955 48.3
      vertex -107.04246826832161 -49.76538530060442 48.3
    endloop
  endfacet
  facet normal 0 0 1
    outer loop
      vertex -107.24780660336224 -49.53439603932282 48.3
      vertex -107.25117947382479 -49.56403063432984 48.3
      vertex -107.19130540418612 -49.61653878414654 48.3
    endloop
  endfacet
  facet normal 0 0 1
    outer loop
      vertex -108.97401828641395 -49.230634655534026 48.3
      vertex -108.91709092991988 -49.72965274357955 48.3
      vertex -108.86458278010318 -49.66977867394088 48.3
    endloop
  endfacet
  facet normal 0 0 1
    outer loop
      vertex -107.02598171358605 -49.230634655534026 48.3
      vertex -107.14536707745309 -49.65843303585806 48.3
      vertex -107.08290907008012 -49.72965274357955 48.3
    endloop
  endfacet
  facet normal 0 0 1
    outer loop
      vertex -107.14641288288097 -49.6480181581034 48.3
      vertex -107.14536707745309 -49.65843303585806 48.3
      vertex -107.02598171358605 -49.230634655534026 48.3
    endloop
  endfacet
  facet normal 0 0 1
    outer loop
      vertex -109.13137084989847 -49.368629150101526 48.3
      vertex -108.95753173167839 -49.76538530060442 48.3
      vertex -108.97401828641395 -49.230634655534026 48.3
    endloop
  endfacet
  facet normal 0 0 1
    outer loop
      vertex -106.86862915010153 -49.368629150101526 48.3
      vertex -107.02598171358605 -49.230634655534026 48.3
      vertex -106.98443012463 -49.86458939596602 48.3
    endloop
  endfacet
  facet normal 0 0 1
    outer loop
      vertex -107.2 -49.1143593539449 48.3
      vertex -107.19130540418612 -49.61653878414654 48.3
      vertex -107.14641288288097 -49.6480181581034 48.3
    endloop
  endfacet
  facet normal 0 0 1
    outer loop
      vertex -107.2 -49.1143593539449 48.3
      vertex -107.24780660336224 -49.53439603932282 48.3
      vertex -107.19130540418612 -49.61653878414654 48.3
    endloop
  endfacet
  facet normal 0 0 1
    outer loop
      vertex -108.8 -49.1143593539449 48.3
      vertex -108.75219339663776 -49.53439603932282 48.3
      vertex -108.677551627641 -49.51258785638426 48.3
    endloop
  endfacet
  facet normal 0 0 1
    outer loop
      vertex -108.8 -49.1143593539449 48.3
      vertex -108.677551627641 -49.51258785638426 48.3
      vertex -108.60000000000001 -49.460769515458665 48.3
    endloop
  endfacet
  facet normal 0 0 1
    outer loop
      vertex -107.2 -49.1143593539449 48.3
      vertex -107.3283350826279 -49.41944057860247 48.3
      vertex -107.24780660336224 -49.53439603932282 48.3
    endloop
  endfacet
  facet normal 0 0 1
    outer loop
      vertex -108.8 -49.1143593539449 48.3
      vertex -108.60000000000001 -49.460769515458665 48.3
      vertex -108.45922011883812 -49.39134456098645 48.3
    endloop
  endfacet
  facet normal 0 0 1
    outer loop
      vertex -107.2 -49.1143593539449 48.3
      vertex -107.14641288288097 -49.6480181581034 48.3
      vertex -107.02598171358605 -49.230634655534026 48.3
    endloop
  endfacet
  facet normal 0 0 1
    outer loop
      vertex -107.38770650821586 -49.02179274798194 48.3
      vertex -107.45712806771787 -49.432597070165606 48.3
      vertex -107.38019273241956 -49.449346725324475 48.3
    endloop
  endfacet
  facet normal 0 0 1
    outer loop
      vertex -108.97401828641395 -49.230634655534026 48.3
      vertex -108.75219339663776 -49.53439603932282 48.3
      vertex -108.8 -49.1143593539449 48.3
    endloop
  endfacet
  facet normal 0 0 1
    outer loop
      vertex -107.38770650821586 -49.02179274798194 48.3
      vertex -107.51894161197995 -49.40211400354597 48.3
      vertex -107.45712806771787 -49.432597070165606 48.3
    endloop
  endfacet
  facet normal 0 0 1
    outer loop
      vertex -107.38770650821586 -49.02179274798194 48.3
      vertex -107.38019273241956 -49.449346725324475 48.3
      vertex -107.3283350826279 -49.41944057860247 48.3
    endloop
  endfacet
  facet normal 0 0 1
    outer loop
      vertex -107.38770650821586 -49.02179274798194 48.3
      vertex -107.52204894431755 -49.38133923540516 48.3
      vertex -107.51894161197995 -49.40211400354597 48.3
    endloop
  endfacet
  facet normal 0 0 1
    outer loop
      vertex -108.41411047216403 -48.95451867793749 48.3
      vertex -108.39890354764938 -49.370869844016404 48.3
      vertex -108.31058285412303 -49.34088900845312 48.3
    endloop
  endfacet
  facet normal 0 0 1
    outer loop
      vertex -108.41411047216403 -48.95451867793749 48.3
      vertex -108.31058285412303 -49.34088900845312 48.3
      vertex -108.15663143066406 -49.310266166351425 48.3
    endloop
  endfacet
  facet normal 0 0 1
    outer loop
      vertex -107.58588952783597 -48.95451867793749 48.3
      vertex -107.59834163435944 -49.295445540972295 48.3
      vertex -107.52204894431755 -49.38133923540516 48.3
    endloop
  endfacet
  facet normal 0 0 1
    outer loop
      vertex -108.20884190755208 -48.913688221801905 48.3
      vertex -108.15663143066406 -49.310266166351425 48.3
      vertex -108.08708396803804 -49.27997735661509 48.3
    endloop
  endfacet
  facet normal 0 0 1
    outer loop
      vertex -107.79115809244792 -48.913688221801905 48.3
      vertex -107.84336856933594 -49.310266166351425 48.3
      vertex -107.68941714587697 -49.34088900845312 48.3
    endloop
  endfacet
  facet normal 0 0 1
    outer loop
      vertex -107.58588952783597 -48.95451867793749 48.3
      vertex -107.68941714587697 -49.34088900845312 48.3
      vertex -107.59834163435944 -49.295445540972295 48.3
    endloop
  endfacet
  facet normal 0 0 1
    outer loop
      vertex -107.79115809244792 -48.913688221801905 48.3
      vertex -107.90692914989526 -49.30610018580302 48.3
      vertex -107.84336856933594 -49.310266166351425 48.3
    endloop
  endfacet
  facet normal 0 0 1
    outer loop
      vertex -107.38770650821586 -49.02179274798194 48.3
      vertex -107.3283350826279 -49.41944057860247 48.3
      vertex -107.2 -49.1143593539449 48.3
    endloop
  endfacet
  facet normal 0 0 1
    outer loop
      vertex -108 -48.9 48.3
      vertex -108.08708396803804 -49.27997735661509 48.3
      vertex -108 -49.3 48.3
    endloop
  endfacet
  facet normal 0 0 1
    outer loop
      vertex -107.91689770043922 -49.26260396519765 48.3
      vertex -107.90692914989526 -49.30610018580302 48.3
      vertex -107.79115809244792 -48.913688221801905 48.3
    endloop
  endfacet
  facet normal 0 0 1
    outer loop
      vertex -108 -48.9 48.3
      vertex -108 -49.3 48.3
      vertex -107.91689770043922 -49.26260396519765 48.3
    endloop
  endfacet
  facet normal 0 0 1
    outer loop
      vertex -107.58588952783597 -48.95451867793749 48.3
      vertex -107.52204894431755 -49.38133923540516 48.3
      vertex -107.38770650821586 -49.02179274798194 48.3
    endloop
  endfacet
  facet normal 0 0 1
    outer loop
      vertex -108.41411047216403 -48.95451867793749 48.3
      vertex -108.15663143066406 -49.310266166351425 48.3
      vertex -108.20884190755208 -48.913688221801905 48.3
    endloop
  endfacet
  facet normal 0 0 1
    outer loop
      vertex -107.58588952783597 -48.95451867793749 48.3
      vertex -107.79115809244792 -48.913688221801905 48.3
      vertex -107.68941714587697 -49.34088900845312 48.3
    endloop
  endfacet
  facet normal 0 0 1
    outer loop
      vertex -108.20884190755208 -48.913688221801905 48.3
      vertex -108.08708396803804 -49.27997735661509 48.3
      vertex -108 -48.9 48.3
    endloop
  endfacet
  facet normal 0 0 1
    outer loop
      vertex -108 -48.9 48.3
      vertex -107.91689770043922 -49.26260396519765 48.3
      vertex -107.79115809244792 -48.913688221801905 48.3
    endloop
  endfacet
  facet normal 0 0 1
    outer loop
      vertex 77.5 -52.1 48.3
      vertex 77.70884190755208 -52.086311778198095 48.3
      vertex 77.59118430732437 -51.70213145034049 48.3
    endloop
  endfacet
  facet normal 0 0 1
    outer loop
      vertex 77.08588952783597 -52.04548132206251 48.3
      vertex 77.29115809244792 -52.086311778198095 48.3
      vertex 77.16433534273457 -51.75271755521979 48.3
    endloop
  endfacet
  facet normal 0 0 1
    outer loop
      vertex 77.70884190755208 -52.086311778198095 48.3
      vertex 77.91411047216403 -52.04548132206251 48.3
      vertex 77.65663143066406 -51.689733833648575 48.3
    endloop
  endfacet
  facet normal 0 0 1
    outer loop
      vertex 76.88770650821586 -51.97820725201806 48.3
      vertex 77.08588952783597 -52.04548132206251 48.3
      vertex 77.02179544740073 -51.616965954030896 48.3
    endloop
  endfacet
  facet normal 0 0 1
    outer loop
      vertex 77.91411047216403 -52.04548132206251 48.3
      vertex 78.11229349178414 -51.97820725201806 48.3
      vertex 77.90011769522314 -51.66237236466556 48.3
    endloop
  endfacet
  facet normal 0 0 1
    outer loop
      vertex 77.29115809244792 -52.086311778198095 48.3
      vertex 77.34336856933594 -51.689733833648575 48.3
      vertex 77.16433534273457 -51.75271755521979 48.3
    endloop
  endfacet
  facet normal 0 0 1
    outer loop
      vertex 77.08588952783597 -52.04548132206251 48.3
      vertex 77.16433534273457 -51.75271755521979 48.3
      vertex 77.09871545221101 -51.6943196809009 48.3
    endloop
  endfacet
  facet normal 0 0 1
    outer loop
      vertex 77.29115809244792 -52.086311778198095 48.3
      vertex 77.41471926919324 -51.727890788715605 48.3
      vertex 77.34336856933594 -51.689733833648575 48.3
    endloop
  endfacet
  facet normal 0 0 1
    outer loop
      vertex 77.5 -52.1 48.3
      vertex 77.59118430732437 -51.70213145034049 48.3
      vertex 77.5 -51.7 48.3
    endloop
  endfacet
  facet normal 0 0 1
    outer loop
      vertex 76.7 -51.8856406460551 48.3
      vertex 76.88770650821586 -51.97820725201806 48.3
      vertex 76.82759121109119 -51.57557724520918 48.3
    endloop
  endfacet
  facet normal 0 0 1
    outer loop
      vertex 77.70884190755208 -52.086311778198095 48.3
      vertex 77.65663143066406 -51.689733833648575 48.3
      vertex 77.59118430732437 -51.70213145034049 48.3
    endloop
  endfacet
  facet normal 0 0 1
    outer loop
      vertex 78.11229349178414 -51.97820725201806 48.3
      vertex 78.3 -51.8856406460551 48.3
      vertex 78.05064976311587 -51.61342849518666 48.3
    endloop
  endfacet
  facet normal 0 0 1
    outer loop
      vertex 77.91411047216403 -52.04548132206251 48.3
      vertex 77.81996986687112 -51.694143800054086 48.3
      vertex 77.65663143066406 -51.689733833648575 48.3
    endloop
  endfacet
  facet normal 0 0 1
    outer loop
      vertex 77.91411047216403 -52.04548132206251 48.3
      vertex 77.90011769522314 -51.66237236466556 48.3
      vertex 77.81996986687112 -51.694143800054086 48.3
    endloop
  endfacet
  facet normal 0 0 1
    outer loop
      vertex 77.08588952783597 -52.04548132206251 48.3
      vertex 77.09871545221101 -51.6943196809009 48.3
      vertex 77.02179544740073 -51.616965954030896 48.3
    endloop
  endfacet
  facet normal 0 0 1
    outer loop
      vertex 76.88770650821586 -51.97820725201806 48.3
      vertex 77.02179544740073 -51.616965954030896 48.3
      vertex 76.94291737577973 -51.65149515869365 48.3
    endloop
  endfacet
  facet normal 0 0 1
    outer loop
      vertex 76.88770650821586 -51.97820725201806 48.3
      vertex 76.94291737577973 -51.65149515869365 48.3
      vertex 76.88016694683456 -51.549186005792 48.3
    endloop
  endfacet
  facet normal 0 0 1
    outer loop
      vertex 76.88770650821586 -51.97820725201806 48.3
      vertex 76.88016694683456 -51.549186005792 48.3
      vertex 76.82759121109119 -51.57557724520918 48.3
    endloop
  endfacet
  facet normal 0 0 1
    outer loop
      vertex 78.11229349178414 -51.97820725201806 48.3
      vertex 77.95922011883812 -51.608655439013546 48.3
      vertex 77.90011769522314 -51.66237236466556 48.3
    endloop
  endfacet
  facet normal 0 0 1
    outer loop
      vertex 78.11229349178414 -51.97820725201806 48.3
      vertex 78.05064976311587 -51.61342849518666 48.3
      vertex 77.95922011883812 -51.608655439013546 48.3
    endloop
  endfacet
  facet normal 0 0 1
    outer loop
      vertex 78.3 -51.8856406460551 48.3
      vertex 78.47401828641395 -51.769365344465974 48.3
      vertex 78.25089000881731 -51.45415218076888 48.3
    endloop
  endfacet
  facet normal 0 0 1
    outer loop
      vertex 76.7 -51.8856406460551 48.3
      vertex 76.64641063523467 -51.35195945822882 48.3
      vertex 76.52598171358605 -51.769365344465974 48.3
    endloop
  endfacet
  facet normal 0 0 1
    outer loop
      vertex 78.3 -51.8856406460551 48.3
      vertex 78.10000000000001 -51.53923048454133 48.3
      vertex 78.05064976311587 -51.61342849518666 48.3
    endloop
  endfacet
  facet normal 0 0 1
    outer loop
      vertex 78.3 -51.8856406460551 48.3
      vertex 78.19568517105458 -51.54638633574579 48.3
      vertex 78.10000000000001 -51.53923048454133 48.3
    endloop
  endfacet
  facet normal 0 0 1
    outer loop
      vertex 76.7 -51.8856406460551 48.3
      vertex 76.82759121109119 -51.57557724520918 48.3
      vertex 76.74792415145538 -51.464571163784235 48.3
    endloop
  endfacet
  facet normal 0 0 1
    outer loop
      vertex 76.7 -51.8856406460551 48.3
      vertex 76.74792415145538 -51.464571163784235 48.3
      vertex 76.69326045483201 -51.49638034865562 48.3
    endloop
  endfacet
  facet normal 0 0 1
    outer loop
      vertex 78.3 -51.8856406460551 48.3
      vertex 78.25089000881731 -51.45415218076888 48.3
      vertex 78.19568517105458 -51.54638633574579 48.3
    endloop
  endfacet
  facet normal 0 0 1
    outer loop
      vertex 76.7 -51.8856406460551 48.3
      vertex 76.69326045483201 -51.49638034865562 48.3
      vertex 76.64641063523467 -51.35195945822882 48.3
    endloop
  endfacet
  facet normal 0 0 1
    outer loop
      vertex 76.52598171358605 -51.769365344465974 48.3
      vertex 76.49348292667202 -51.27352967271261 48.3
      vertex 76.36862915010153 -51.631370849898474 48.3
    endloop
  endfacet
  facet normal 0 0 1
    outer loop
      vertex 78.47401828641395 -51.769365344465974 48.3
      vertex 78.33371636822353 -51.46280285952472 48.3
      vertex 78.25089000881731 -51.45415218076888 48.3
    endloop
  endfacet
  facet normal 0 0 1
    outer loop
      vertex 76.52598171358605 -51.769365344465974 48.3
      vertex 76.64641063523467 -51.35195945822882 48.3
      vertex 76.5674954687898 -51.40546095780211 48.3
    endloop
  endfacet
  facet normal 0 0 1
    outer loop
      vertex 78.47401828641395 -51.769365344465974 48.3
      vertex 78.63137084989847 -51.631370849898474 48.3
      vertex 78.45743611679897 -51.23151337718071 48.3
    endloop
  endfacet
  facet normal 0 0 1
    outer loop
      vertex 78.47401828641395 -51.769365344465974 48.3
      vertex 78.369896749674 -51.35154528232969 48.3
      vertex 78.33371636822353 -51.46280285952472 48.3
    endloop
  endfacet
  facet normal 0 0 1
    outer loop
      vertex 76.52598171358605 -51.769365344465974 48.3
      vertex 76.5674954687898 -51.40546095780211 48.3
      vertex 76.54246047197626 -51.23486757822795 48.3
    endloop
  endfacet
  facet normal 0 0 1
    outer loop
      vertex 78.47401828641395 -51.769365344465974 48.3
      vertex 78.42727816221957 -51.359647260807506 48.3
      vertex 78.369896749674 -51.35154528232969 48.3
    endloop
  endfacet
  facet normal 0 0 1
    outer loop
      vertex 78.47401828641395 -51.769365344465974 48.3
      vertex 78.45743611679897 -51.23151337718071 48.3
      vertex 78.42727816221957 -51.359647260807506 48.3
    endloop
  endfacet
  facet normal 0 0 1
    outer loop
      vertex 76.52598171358605 -51.769365344465974 48.3
      vertex 76.54246047197626 -51.23486757822795 48.3
      vertex 76.49348292667202 -51.27352967271261 48.3
    endloop
  endfacet
  facet normal 0 0 1
    outer loop
      vertex 76.36862915010153 -51.631370849898474 48.3
      vertex 76.49348292667202 -51.27352967271261 48.3
      vertex 76.36862915010153 -51.18420227333251 48.3
    endloop
  endfacet
  facet normal 0 0 1
    outer loop
      vertex 78.63137084989847 -51.631370849898474 48.3
      vertex 78.5351985186387 -51.24587675287153 48.3
      vertex 78.45743611679897 -51.23151337718071 48.3
    endloop
  endfacet
  facet normal 0 0 1
    outer loop
      vertex 78.63137084989847 -51.631370849898474 48.3
      vertex 78.76936534446598 -51.47401828641395 48.3
      vertex 78.63137084989847 -50.96577451835361 48.3
    endloop
  endfacet
  facet normal 0 0 1
    outer loop
      vertex 76.36862915010153 -51.631370849898474 48.3
      vertex 76.31670702823419 -50.839192352804076 48.3
      vertex 76.23063465553402 -51.47401828641395 48.3
    endloop
  endfacet
  facet normal 0 0 1
    outer loop
      vertex 78.63137084989847 -51.631370849898474 48.3
      vertex 78.54489686005003 -51.10132723457851 48.3
      vertex 78.5351985186387 -51.24587675287153 48.3
    endloop
  endfacet
  facet normal 0 0 1
    outer loop
      vertex 78.63137084989847 -51.631370849898474 48.3
      vertex 78.59743655789795 -51.113633602841794 48.3
      vertex 78.54489686005003 -51.10132723457851 48.3
    endloop
  endfacet
  facet normal 0 0 1
    outer loop
      vertex 76.36862915010153 -51.631370849898474 48.3
      vertex 76.36862915010153 -51.18420227333251 48.3
      vertex 76.31670702823419 -50.839192352804076 48.3
    endloop
  endfacet
  facet normal 0 0 1
    outer loop
      vertex 78.63137084989847 -51.631370849898474 48.3
      vertex 78.63137084989847 -50.96577451835361 48.3
      vertex 78.59743655789795 -51.113633602841794 48.3
    endloop
  endfacet
  facet normal 0 0 1
    outer loop
      vertex 78.76936534446598 -51.47401828641395 48.3
      vertex 78.72743080131885 -50.83422079409426 48.3
      vertex 78.63137084989847 -50.96577451835361 48.3
    endloop
  endfacet
  facet normal 0 0 1
    outer loop
      vertex 76.36862915010153 -51.18420227333251 48.3
      vertex 76.36862915010153 -50.98300609667871 48.3
      vertex 76.31670702823419 -50.839192352804076 48.3
    endloop
  endfacet
  facet normal 0 0 1
    outer loop
      vertex 76.23063465553402 -51.47401828641395 48.3
      vertex 76.11435935394489 -49.7 48.3
      vertex 76.11435935394489 -51.3 48.3
    endloop
  endfacet
  facet normal 0 0 1
    outer loop
      vertex 76.31670702823419 -50.839192352804076 48.3
      vertex 76.26970140690229 -50.12202515850437 48.3
      vertex 76.23063465553402 -51.47401828641395 48.3
    endloop
  endfacet
  facet normal 0 0 1
    outer loop
      vertex 76.11435935394489 -51.3 48.3
      vertex 76.02179274798195 -49.88770650821586 48.3
      vertex 76.02179274798195 -51.11229349178414 48.3
    endloop
  endfacet
  facet normal 0 0 1
    outer loop
      vertex 76.02179274798195 -51.11229349178414 48.3
      vertex 75.95451867793749 -50.08588952783597 48.3
      vertex 75.95451867793749 -50.91411047216403 48.3
    endloop
  endfacet
  facet normal 0 0 1
    outer loop
      vertex 78.76936534446598 -51.47401828641395 48.3
      vertex 78.88564064605511 -51.3 48.3
      vertex 78.76936534446598 -49.52598171358605 48.3
    endloop
  endfacet
  facet normal 0 0 1
    outer loop
      vertex 78.88564064605511 -51.3 48.3
      vertex 78.97820725201805 -51.11229349178414 48.3
      vertex 78.88564064605511 -49.7 48.3
    endloop
  endfacet
  facet normal 0 0 1
    outer loop
      vertex 75.95451867793749 -50.91411047216403 48.3
      vertex 75.9136882218019 -50.291158092447915 48.3
      vertex 75.9136882218019 -50.708841907552085 48.3
    endloop
  endfacet
  facet normal 0 0 1
    outer loop
      vertex 78.97820725201805 -51.11229349178414 48.3
      vertex 79.04548132206251 -50.91411047216403 48.3
      vertex 78.97820725201805 -49.88770650821586 48.3
    endloop
  endfacet
  facet normal 0 0 1
    outer loop
      vertex 78.76936534446598 -51.47401828641395 48.3
      vertex 78.76936534446598 -49.52598171358605 48.3
      vertex 78.72743080131885 -50.83422079409426 48.3
    endloop
  endfacet
  facet normal 0 0 1
    outer loop
      vertex 79.04548132206251 -50.91411047216403 48.3
      vertex 79.0863117781981 -50.708841907552085 48.3
      vertex 79.04548132206251 -50.08588952783597 48.3
    endloop
  endfacet
  facet normal 0 0 1
    outer loop
      vertex 75.9136882218019 -50.708841907552085 48.3
      vertex 75.9136882218019 -50.291158092447915 48.3
      vertex 75.9 -50.5 48.3
    endloop
  endfacet
  facet normal 0 0 1
    outer loop
      vertex 75.95451867793749 -50.91411047216403 48.3
      vertex 75.95451867793749 -50.08588952783597 48.3
      vertex 75.9136882218019 -50.291158092447915 48.3
    endloop
  endfacet
  facet normal 0 0 1
    outer loop
      vertex 79.0863117781981 -50.708841907552085 48.3
      vertex 79.1 -50.5 48.3
      vertex 79.0863117781981 -50.291158092447915 48.3
    endloop
  endfacet
  facet normal 0 0 1
    outer loop
      vertex 76.02179274798195 -51.11229349178414 48.3
      vertex 76.02179274798195 -49.88770650821586 48.3
      vertex 75.95451867793749 -50.08588952783597 48.3
    endloop
  endfacet
  facet normal 0 0 1
    outer loop
      vertex 76.26970140690229 -50.12202515850437 48.3
      vertex 76.23063465553402 -49.52598171358605 48.3
      vertex 76.23063465553402 -51.47401828641395 48.3
    endloop
  endfacet
  facet normal 0 0 1
    outer loop
      vertex 79.0863117781981 -50.708841907552085 48.3
      vertex 79.0863117781981 -50.291158092447915 48.3
      vertex 79.04548132206251 -50.08588952783597 48.3
    endloop
  endfacet
  facet normal 0 0 1
    outer loop
      vertex 76.11435935394489 -51.3 48.3
      vertex 76.11435935394489 -49.7 48.3
      vertex 76.02179274798195 -49.88770650821586 48.3
    endloop
  endfacet
  facet normal 0 0 1
    outer loop
      vertex 79.04548132206251 -50.91411047216403 48.3
      vertex 79.04548132206251 -50.08588952783597 48.3
      vertex 78.97820725201805 -49.88770650821586 48.3
    endloop
  endfacet
  facet normal 0 0 1
    outer loop
      vertex 76.23063465553402 -51.47401828641395 48.3
      vertex 76.23063465553402 -49.52598171358605 48.3
      vertex 76.11435935394489 -49.7 48.3
    endloop
  endfacet
  facet normal 0 0 1
    outer loop
      vertex 78.97820725201805 -51.11229349178414 48.3
      vertex 78.97820725201805 -49.88770650821586 48.3
      vertex 78.88564064605511 -49.7 48.3
    endloop
  endfacet
  facet normal 0 0 1
    outer loop
      vertex 78.76936534446598 -49.52598171358605 48.3
      vertex 78.68616953494276 -50.20469552027123 48.3
      vertex 78.72743080131885 -50.83422079409426 48.3
    endloop
  endfacet
  facet normal 0 0 1
    outer loop
      vertex 78.88564064605511 -51.3 48.3
      vertex 78.88564064605511 -49.7 48.3
      vertex 78.76936534446598 -49.52598171358605 48.3
    endloop
  endfacet
  facet normal 0 0 1
    outer loop
      vertex 78.63137084989847 -49.82531101265986 48.3
      vertex 78.63137084989847 -50.05454986738178 48.3
      vertex 78.68616953494276 -50.20469552027123 48.3
    endloop
  endfacet
  facet normal 0 0 1
    outer loop
      vertex 76.41018073905758 -50.002583890533515 48.3
      vertex 76.45667443006599 -49.90830401171039 48.3
      vertex 76.45448911812096 -49.89490910942854 48.3
    endloop
  endfacet
  facet normal 0 0 1
    outer loop
      vertex 76.23063465553402 -49.52598171358605 48.3
      vertex 76.26970140690229 -50.12202515850437 48.3
      vertex 76.36862915010153 -50.107697323768114 48.3
    endloop
  endfacet
  facet normal 0 0 1
    outer loop
      vertex 76.23063465553402 -49.52598171358605 48.3
      vertex 76.36862915010153 -50.107697323768114 48.3
      vertex 76.36862915010153 -50.02081862861956 48.3
    endloop
  endfacet
  facet normal 0 0 1
    outer loop
      vertex 76.36862915010153 -49.368629150101526 48.3
      vertex 76.36862915010153 -50.02081862861956 48.3
      vertex 76.41018073905758 -50.002583890533515 48.3
    endloop
  endfacet
  facet normal 0 0 1
    outer loop
      vertex 76.36862915010153 -49.368629150101526 48.3
      vertex 76.41018073905758 -50.002583890533515 48.3
      vertex 76.45448911812096 -49.89490910942854 48.3
    endloop
  endfacet
  facet normal 0 0 1
    outer loop
      vertex 78.63137084989847 -49.368629150101526 48.3
      vertex 78.63137084989847 -49.82531101265986 48.3
      vertex 78.68616953494276 -50.20469552027123 48.3
    endloop
  endfacet
  facet normal 0 0 1
    outer loop
      vertex 76.36862915010153 -49.368629150101526 48.3
      vertex 76.45448911812096 -49.89490910942854 48.3
      vertex 76.49020441605067 -49.855947558150525 48.3
    endloop
  endfacet
  facet normal 0 0 1
    outer loop
      vertex 76.36862915010153 -49.368629150101526 48.3
      vertex 76.49020441605067 -49.855947558150525 48.3
      vertex 76.54283204925235 -49.77718473902545 48.3
    endloop
  endfacet
  facet normal 0 0 1
    outer loop
      vertex 78.63137084989847 -49.368629150101526 48.3
      vertex 78.68616953494276 -50.20469552027123 48.3
      vertex 78.76936534446598 -49.52598171358605 48.3
    endloop
  endfacet
  facet normal 0 0 1
    outer loop
      vertex 76.23063465553402 -49.52598171358605 48.3
      vertex 76.36862915010153 -50.02081862861956 48.3
      vertex 76.36862915010153 -49.368629150101526 48.3
    endloop
  endfacet
  facet normal 0 0 1
    outer loop
      vertex 76.36862915010153 -49.368629150101526 48.3
      vertex 76.54283204925235 -49.77718473902545 48.3
      vertex 76.54246826832161 -49.76538530060442 48.3
    endloop
  endfacet
  facet normal 0 0 1
    outer loop
      vertex 78.63137084989847 -49.368629150101526 48.3
      vertex 78.50666962499167 -49.72879781590536 48.3
      vertex 78.63137084989847 -49.82531101265986 48.3
    endloop
  endfacet
  facet normal 0 0 1
    outer loop
      vertex 76.52598171358605 -49.230634655534026 48.3
      vertex 76.54246826832161 -49.76538530060442 48.3
      vertex 76.58290907008012 -49.72965274357955 48.3
    endloop
  endfacet
  facet normal 0 0 1
    outer loop
      vertex 78.47401828641395 -49.230634655534026 48.3
      vertex 78.41709092991988 -49.72965274357955 48.3
      vertex 78.45753173167839 -49.76538530060442 48.3
    endloop
  endfacet
  facet normal 0 0 1
    outer loop
      vertex 78.47401828641395 -49.230634655534026 48.3
      vertex 78.45753173167839 -49.76538530060442 48.3
      vertex 78.50666962499167 -49.72879781590536 48.3
    endloop
  endfacet
  facet normal 0 0 1
    outer loop
      vertex 76.52598171358605 -49.230634655534026 48.3
      vertex 76.58290907008012 -49.72965274357955 48.3
      vertex 76.63541721989682 -49.66977867394088 48.3
    endloop
  endfacet
  facet normal 0 0 1
    outer loop
      vertex 78.47401828641395 -49.230634655534026 48.3
      vertex 78.35463292254691 -49.65843303585806 48.3
      vertex 78.41709092991988 -49.72965274357955 48.3
    endloop
  endfacet
  facet normal 0 0 1
    outer loop
      vertex 78.47401828641395 -49.230634655534026 48.3
      vertex 78.35358711711903 -49.6480181581034 48.3
      vertex 78.35463292254691 -49.65843303585806 48.3
    endloop
  endfacet
  facet normal 0 0 1
    outer loop
      vertex 76.36862915010153 -49.368629150101526 48.3
      vertex 76.54246826832161 -49.76538530060442 48.3
      vertex 76.52598171358605 -49.230634655534026 48.3
    endloop
  endfacet
  facet normal 0 0 1
    outer loop
      vertex 78.63137084989847 -49.368629150101526 48.3
      vertex 78.47401828641395 -49.230634655534026 48.3
      vertex 78.50666962499167 -49.72879781590536 48.3
    endloop
  endfacet
  facet normal 0 0 1
    outer loop
      vertex 78.3 -49.1143593539449 48.3
      vertex 78.30668146739137 -49.50026521539485 48.3
      vertex 78.35358711711903 -49.6480181581034 48.3
    endloop
  endfacet
  facet normal 0 0 1
    outer loop
      vertex 76.7 -49.1143593539449 48.3
      vertex 76.74780660336224 -49.53439603932282 48.3
      vertex 76.822448372359 -49.51258785638426 48.3
    endloop
  endfacet
  facet normal 0 0 1
    outer loop
      vertex 76.7 -49.1143593539449 48.3
      vertex 76.822448372359 -49.51258785638426 48.3
      vertex 76.89999999999999 -49.460769515458665 48.3
    endloop
  endfacet
  facet normal 0 0 1
    outer loop
      vertex 78.3 -49.1143593539449 48.3
      vertex 78.25219339663776 -49.53439603932282 48.3
      vertex 78.30668146739137 -49.50026521539485 48.3
    endloop
  endfacet
  facet normal 0 0 1
    outer loop
      vertex 78.3 -49.1143593539449 48.3
      vertex 78.1716649173721 -49.41944057860247 48.3
      vertex 78.25219339663776 -49.53439603932282 48.3
    endloop
  endfacet
  facet normal 0 0 1
    outer loop
      vertex 76.7 -49.1143593539449 48.3
      vertex 76.89999999999999 -49.460769515458665 48.3
      vertex 77.04077988116188 -49.39134456098645 48.3
    endloop
  endfacet
  facet normal 0 0 1
    outer loop
      vertex 78.3 -49.1143593539449 48.3
      vertex 78.35358711711903 -49.6480181581034 48.3
      vertex 78.47401828641395 -49.230634655534026 48.3
    endloop
  endfacet
  facet normal 0 0 1
    outer loop
      vertex 78.11229349178414 -49.02179274798194 48.3
      vertex 78.04287193228213 -49.432597070165606 48.3
      vertex 78.11980726758044 -49.449346725324475 48.3
    endloop
  endfacet
  facet normal 0 0 1
    outer loop
      vertex 76.52598171358605 -49.230634655534026 48.3
      vertex 76.74780660336224 -49.53439603932282 48.3
      vertex 76.7 -49.1143593539449 48.3
    endloop
  endfacet
  facet normal 0 0 1
    outer loop
      vertex 78.11229349178414 -49.02179274798194 48.3
      vertex 78.11980726758044 -49.449346725324475 48.3
      vertex 78.1716649173721 -49.41944057860247 48.3
    endloop
  endfacet
  facet normal 0 0 1
    outer loop
      vertex 78.11229349178414 -49.02179274798194 48.3
      vertex 77.98105838802005 -49.40211400354597 48.3
      vertex 78.04287193228213 -49.432597070165606 48.3
    endloop
  endfacet
  facet normal 0 0 1
    outer loop
      vertex 77.97795105568245 -49.38133923540516 48.3
      vertex 77.98105838802005 -49.40211400354597 48.3
      vertex 78.11229349178414 -49.02179274798194 48.3
    endloop
  endfacet
  facet normal 0 0 1
    outer loop
      vertex 77.08588952783597 -48.95451867793749 48.3
      vertex 77.10109645235062 -49.370869844016404 48.3
      vertex 77.18941714587697 -49.34088900845312 48.3
    endloop
  endfacet
  facet normal 0 0 1
    outer loop
      vertex 77.08588952783597 -48.95451867793749 48.3
      vertex 77.18941714587697 -49.34088900845312 48.3
      vertex 77.34336856933594 -49.310266166351425 48.3
    endloop
  endfacet
  facet normal 0 0 1
    outer loop
      vertex 77.91411047216403 -48.95451867793749 48.3
      vertex 77.90165836564056 -49.295445540972295 48.3
      vertex 77.97795105568245 -49.38133923540516 48.3
    endloop
  endfacet
  facet normal 0 0 1
    outer loop
      vertex 77.29115809244792 -48.913688221801905 48.3
      vertex 77.34336856933594 -49.310266166351425 48.3
      vertex 77.41291603196196 -49.27997735661509 48.3
    endloop
  endfacet
  facet normal 0 0 1
    outer loop
      vertex 77.5 -48.9 48.3
      vertex 77.41291603196196 -49.27997735661509 48.3
      vertex 77.5 -49.3 48.3
    endloop
  endfacet
  facet normal 0 0 1
    outer loop
      vertex 77.5 -48.9 48.3
      vertex 77.5 -49.3 48.3
      vertex 77.58310229956078 -49.26260396519765 48.3
    endloop
  endfacet
  facet normal 0 0 1
    outer loop
      vertex 77.91411047216403 -48.95451867793749 48.3
      vertex 77.81058285412303 -49.34088900845312 48.3
      vertex 77.90165836564056 -49.295445540972295 48.3
    endloop
  endfacet
  facet normal 0 0 1
    outer loop
      vertex 77.70884190755208 -48.913688221801905 48.3
      vertex 77.65663143066406 -49.310266166351425 48.3
      vertex 77.81058285412303 -49.34088900845312 48.3
    endloop
  endfacet
  facet normal 0 0 1
    outer loop
      vertex 77.70884190755208 -48.913688221801905 48.3
      vertex 77.59307085010474 -49.30610018580302 48.3
      vertex 77.65663143066406 -49.310266166351425 48.3
    endloop
  endfacet
  facet normal 0 0 1
    outer loop
      vertex 78.3 -49.1143593539449 48.3
      vertex 78.11229349178414 -49.02179274798194 48.3
      vertex 78.1716649173721 -49.41944057860247 48.3
    endloop
  endfacet
  facet normal 0 0 1
    outer loop
      vertex 77.58310229956078 -49.26260396519765 48.3
      vertex 77.59307085010474 -49.30610018580302 48.3
      vertex 77.70884190755208 -48.913688221801905 48.3
    endloop
  endfacet
  facet normal 0 0 1
    outer loop
      vertex 77.91411047216403 -48.95451867793749 48.3
      vertex 77.97795105568245 -49.38133923540516 48.3
      vertex 78.11229349178414 -49.02179274798194 48.3
    endloop
  endfacet
  facet normal 0 0 1
    outer loop
      vertex 77.08588952783597 -48.95451867793749 48.3
      vertex 77.34336856933594 -49.310266166351425 48.3
      vertex 77.29115809244792 -48.913688221801905 48.3
    endloop
  endfacet
  facet normal 0 0 1
    outer loop
      vertex 77.91411047216403 -48.95451867793749 48.3
      vertex 77.70884190755208 -48.913688221801905 48.3
      vertex 77.81058285412303 -49.34088900845312 48.3
    endloop
  endfacet
  facet normal 0 0 1
    outer loop
      vertex 77.29115809244792 -48.913688221801905 48.3
      vertex 77.41291603196196 -49.27997735661509 48.3
      vertex 77.5 -48.9 48.3
    endloop
  endfacet
  facet normal 0 0 1
    outer loop
      vertex 77.5 -48.9 48.3
      vertex 77.58310229956078 -49.26260396519765 48.3
      vertex 77.70884190755208 -48.913688221801905 48.3
    endloop
  endfacet
  facet normal 0 0 -1
    outer loop
      vertex -108.41411047216403 -52.04548132206251 48.3
      vertex -108.41024652884974 -51.93969021992258 48.3
      vertex -108.20884190755208 -52.086311778198095 48.3
    endloop
  endfacet
  facet normal 0 0 -1
    outer loop
      vertex -108.41411047216403 -52.04548132206251 48.3
      vertex -108.61229349178414 -51.97820725201806 48.3
      vertex -108.41024652884974 -51.93969021992258 48.3
    endloop
  endfacet
  facet normal 0 0 -1
    outer loop
      vertex -108.23053859265562 -51.857136741625915 48.3
      vertex -108.20884190755208 -52.086311778198095 48.3
      vertex -108.41024652884974 -51.93969021992258 48.3
    endloop
  endfacet
  facet normal 0 0 -1
    outer loop
      vertex -107.79115809244792 -52.086311778198095 48.3
      vertex -107.45082630741562 -51.60469380010723 48.3
      vertex -107.58588952783597 -52.04548132206251 48.3
    endloop
  endfacet
  facet normal 0 0 -1
    outer loop
      vertex -108.61229349178414 -51.97820725201806 48.3
      vertex -108.47226353577092 -51.65668595618078 48.3
      vertex -108.41024652884974 -51.93969021992258 48.3
    endloop
  endfacet
  facet normal 0 0 -1
    outer loop
      vertex -107.82162393243667 -51.854900748805925 48.3
      vertex -107.68941714587697 -51.65911099154688 48.3
      vertex -107.79115809244792 -52.086311778198095 48.3
    endloop
  endfacet
  facet normal 0 0 -1
    outer loop
      vertex -108.23053859265562 -51.857136741625915 48.3
      vertex -108.41024652884974 -51.93969021992258 48.3
      vertex -108.31058285412303 -51.65911099154688 48.3
    endloop
  endfacet
  facet normal 0 0 -1
    outer loop
      vertex -107.51055541566723 -51.681623753526246 48.3
      vertex -107.79115809244792 -52.086311778198095 48.3
      vertex -107.59894512599324 -51.688031430639526 48.3
    endloop
  endfacet
  facet normal 0 0 -1
    outer loop
      vertex -107.68941714587697 -51.65911099154688 48.3
      vertex -107.59894512599324 -51.688031430639526 48.3
      vertex -107.79115809244792 -52.086311778198095 48.3
    endloop
  endfacet
  facet normal 0 0 -1
    outer loop
      vertex -107.58588952783597 -52.04548132206251 48.3
      vertex -107.1945628705458 -51.40101215971682 48.3
      vertex -107.38770650821586 -51.97820725201806 48.3
    endloop
  endfacet
  facet normal 0 0 -1
    outer loop
      vertex -108.47226353577092 -51.65668595618078 48.3
      vertex -108.61229349178414 -51.97820725201806 48.3
      vertex -108.61834689658727 -51.63375229751718 48.3
    endloop
  endfacet
  facet normal 0 0 -1
    outer loop
      vertex -107.51055541566723 -51.681623753526246 48.3
      vertex -107.45082630741562 -51.60469380010723 48.3
      vertex -107.79115809244792 -52.086311778198095 48.3
    endloop
  endfacet
  facet normal 0 0 -1
    outer loop
      vertex -107.38770650821586 -51.97820725201806 48.3
      vertex -107.17971025506682 -51.43346542028401 48.3
      vertex -107.2 -51.8856406460551 48.3
    endloop
  endfacet
  facet normal 0 0 -1
    outer loop
      vertex -108.8 -51.8856406460551 48.3
      vertex -108.97401828641395 -51.769365344465974 48.3
      vertex -108.75227496584056 -51.46632064111795 48.3
    endloop
  endfacet
  facet normal 0 0 -1
    outer loop
      vertex -107.37484539694711 -51.582799535073164 48.3
      vertex -107.58588952783597 -52.04548132206251 48.3
      vertex -107.45082630741562 -51.60469380010723 48.3
    endloop
  endfacet
  facet normal 0 0 -1
    outer loop
      vertex -107.37484539694711 -51.582799535073164 48.3
      vertex -107.3156940287535 -51.50937872501788 48.3
      vertex -107.58588952783597 -52.04548132206251 48.3
    endloop
  endfacet
  facet normal 0 0 -1
    outer loop
      vertex -107.24778080948299 -51.46583058994551 48.3
      vertex -107.58588952783597 -52.04548132206251 48.3
      vertex -107.3156940287535 -51.50937872501788 48.3
    endloop
  endfacet
  facet normal 0 0 -1
    outer loop
      vertex -109.13137084989847 -51.631370849898474 48.3
      vertex -108.80664158602681 -51.502038238538766 48.3
      vertex -108.97401828641395 -51.769365344465974 48.3
    endloop
  endfacet
  facet normal 0 0 -1
    outer loop
      vertex -108.54287193228213 -51.567402929834394 48.3
      vertex -108.47226353577092 -51.65668595618078 48.3
      vertex -108.61834689658727 -51.63375229751718 48.3
    endloop
  endfacet
  facet normal 0 0 -1
    outer loop
      vertex -107.24778080948299 -51.46583058994551 48.3
      vertex -107.1945628705458 -51.40101215971682 48.3
      vertex -107.58588952783597 -52.04548132206251 48.3
    endloop
  endfacet
  facet normal 0 0 -1
    outer loop
      vertex -107.2 -51.8856406460551 48.3
      vertex -106.98506267958352 -51.16466241387148 48.3
      vertex -107.02598171358605 -51.769365344465974 48.3
    endloop
  endfacet
  facet normal 0 0 -1
    outer loop
      vertex -107.38770650821586 -51.97820725201806 48.3
      vertex -107.1945628705458 -51.40101215971682 48.3
      vertex -107.17971025506682 -51.43346542028401 48.3
    endloop
  endfacet
  facet normal 0 0 -1
    outer loop
      vertex -108.80664158602681 -51.502038238538766 48.3
      vertex -108.75227496584056 -51.46632064111795 48.3
      vertex -108.97401828641395 -51.769365344465974 48.3
    endloop
  endfacet
  facet normal 0 0 -1
    outer loop
      vertex -107.11429990785352 -51.414961110990646 48.3
      vertex -107.2 -51.8856406460551 48.3
      vertex -107.17971025506682 -51.43346542028401 48.3
    endloop
  endfacet
  facet normal 0 0 -1
    outer loop
      vertex -107.11429990785352 -51.414961110990646 48.3
      vertex -107.07794533623793 -51.313858726547345 48.3
      vertex -107.2 -51.8856406460551 48.3
    endloop
  endfacet
  facet normal 0 0 -1
    outer loop
      vertex -107.02598171358605 -51.769365344465974 48.3
      vertex -106.98506267958352 -51.16466241387148 48.3
      vertex -106.86862915010153 -51.631370849898474 48.3
    endloop
  endfacet
  facet normal 0 0 -1
    outer loop
      vertex -107.04010776747896 -51.31117886750401 48.3
      vertex -107.2 -51.8856406460551 48.3
      vertex -107.07794533623793 -51.313858726547345 48.3
    endloop
  endfacet
  facet normal 0 0 -1
    outer loop
      vertex -109.13137084989847 -51.631370849898474 48.3
      vertex -108.85357207678258 -51.3521316243144 48.3
      vertex -108.80664158602681 -51.502038238538766 48.3
    endloop
  endfacet
  facet normal 0 0 -1
    outer loop
      vertex -109.26936534446598 -51.47401828641395 48.3
      vertex -108.85357207678258 -51.3521316243144 48.3
      vertex -109.13137084989847 -51.631370849898474 48.3
    endloop
  endfacet
  facet normal 0 0 -1
    outer loop
      vertex -107.04010776747896 -51.31117886750401 48.3
      vertex -106.98506267958352 -51.16466241387148 48.3
      vertex -107.2 -51.8856406460551 48.3
    endloop
  endfacet
  facet normal 0 0 -1
    outer loop
      vertex -106.86862915010153 -51.631370849898474 48.3
      vertex -106.98506267958352 -51.16466241387148 48.3
      vertex -106.73063465553402 -51.47401828641395 48.3
    endloop
  endfacet
  facet normal 0 0 -1
    outer loop
      vertex -108.9278810338443 -51.36493195807849 48.3
      vertex -108.85382398971377 -51.349622895335614 48.3
      vertex -109.26936534446598 -51.47401828641395 48.3
    endloop
  endfacet
  facet normal 0 0 -1
    outer loop
      vertex -109.26936534446598 -51.47401828641395 48.3
      vertex -108.85382398971377 -51.349622895335614 48.3
      vertex -108.85357207678258 -51.3521316243144 48.3
    endloop
  endfacet
  facet normal 0 0 -1
    outer loop
      vertex -108.9278810338443 -51.36493195807849 48.3
      vertex -109.26936534446598 -51.47401828641395 48.3
      vertex -108.95744750999353 -51.23188292183317 48.3
    endloop
  endfacet
  facet normal 0 0 -1
    outer loop
      vertex -109.00840357661471 -51.24474719455697 48.3
      vertex -108.95744750999353 -51.23188292183317 48.3
      vertex -109.26936534446598 -51.47401828641395 48.3
    endloop
  endfacet
  facet normal 0 0 -1
    outer loop
      vertex -109.38564064605511 -51.3 48.3
      vertex -109.13137084989847 -51.12800837025255 48.3
      vertex -109.26936534446598 -51.47401828641395 48.3
    endloop
  endfacet
  facet normal 0 0 -1
    outer loop
      vertex -106.73063465553402 -51.47401828641395 48.3
      vertex -106.98506267958352 -51.16466241387148 48.3
      vertex -106.61435935394489 -51.3 48.3
    endloop
  endfacet
  facet normal 0 0 -1
    outer loop
      vertex -109.00840357661471 -51.24474719455697 48.3
      vertex -109.26936534446598 -51.47401828641395 48.3
      vertex -109.13137084989847 -51.12800837025255 48.3
    endloop
  endfacet
  facet normal 0 0 -1
    outer loop
      vertex -109.47820725201805 -51.11229349178414 48.3
      vertex -109.13137084989847 -51.12800837025255 48.3
      vertex -109.38564064605511 -51.3 48.3
    endloop
  endfacet
  facet normal 0 0 -1
    outer loop
      vertex -106.61435935394489 -51.3 48.3
      vertex -106.98506267958352 -51.16466241387148 48.3
      vertex -106.95622179439283 -51.09447042542435 48.3
    endloop
  endfacet
  facet normal 0 0 -1
    outer loop
      vertex -106.61435935394489 -51.3 48.3
      vertex -106.95622179439283 -51.09447042542435 48.3
      vertex -106.52179274798195 -51.11229349178414 48.3
    endloop
  endfacet
  facet normal 0 0 -1
    outer loop
      vertex -109.47820725201805 -51.11229349178414 48.3
      vertex -109.13137084989847 -50.96739684843318 48.3
      vertex -109.13137084989847 -51.12800837025255 48.3
    endloop
  endfacet
  facet normal 0 0 -1
    outer loop
      vertex -106.52179274798195 -51.11229349178414 48.3
      vertex -106.95622179439283 -51.09447042542435 48.3
      vertex -106.45451867793749 -50.91411047216403 48.3
    endloop
  endfacet
  facet normal 0 0 -1
    outer loop
      vertex -109.47820725201805 -51.11229349178414 48.3
      vertex -109.54548132206251 -50.91411047216403 48.3
      vertex -109.13137084989847 -50.96739684843318 48.3
    endloop
  endfacet
  facet normal 0 0 -1
    outer loop
      vertex -109.13137084989847 -50.96739684843318 48.3
      vertex -109.54548132206251 -50.91411047216403 48.3
      vertex -109.18447218582052 -50.82120102301989 48.3
    endloop
  endfacet
  facet normal 0 0 -1
    outer loop
      vertex -106.45451867793749 -50.91411047216403 48.3
      vertex -106.95622179439283 -51.09447042542435 48.3
      vertex -106.4136882218019 -50.708841907552085 48.3
    endloop
  endfacet
  facet normal 0 0 -1
    outer loop
      vertex -106.95622179439283 -51.09447042542435 48.3
      vertex -106.90768737952622 -51.03545742471371 48.3
      vertex -106.4 -50.5 48.3
    endloop
  endfacet
  facet normal 0 0 -1
    outer loop
      vertex -106.90768737952622 -51.03545742471371 48.3
      vertex -106.86862915010153 -50.93204327959139 48.3
      vertex -106.4 -50.5 48.3
    endloop
  endfacet
  facet normal 0 0 -1
    outer loop
      vertex -106.86862915010153 -50.93204327959139 48.3
      vertex -106.7788565494999 -50.73829435767049 48.3
      vertex -106.4 -50.5 48.3
    endloop
  endfacet
  facet normal 0 0 -1
    outer loop
      vertex -106.4136882218019 -50.708841907552085 48.3
      vertex -106.95622179439283 -51.09447042542435 48.3
      vertex -106.4 -50.5 48.3
    endloop
  endfacet
  facet normal 0 0 -1
    outer loop
      vertex -109.18447218582052 -50.82120102301989 48.3
      vertex -109.54548132206251 -50.91411047216403 48.3
      vertex -109.23029859309771 -50.12202515850437 48.3
    endloop
  endfacet
  facet normal 0 0 -1
    outer loop
      vertex -109.5863117781981 -50.708841907552085 48.3
      vertex -109.23029859309771 -50.12202515850437 48.3
      vertex -109.54548132206251 -50.91411047216403 48.3
    endloop
  endfacet
  facet normal 0 0 -1
    outer loop
      vertex -106.4136882218019 -50.291158092447915 48.3
      vertex -106.4 -50.5 48.3
      vertex -106.7788565494999 -50.73829435767049 48.3
    endloop
  endfacet
  facet normal 0 0 -1
    outer loop
      vertex -109.5863117781981 -50.708841907552085 48.3
      vertex -109.6 -50.5 48.3
      vertex -109.23029859309771 -50.12202515850437 48.3
    endloop
  endfacet
  facet normal 0 0 -1
    outer loop
      vertex -109.6 -50.5 48.3
      vertex -109.5863117781981 -50.291158092447915 48.3
      vertex -109.23029859309771 -50.12202515850437 48.3
    endloop
  endfacet
  facet normal 0 0 -1
    outer loop
      vertex -106.45451867793749 -50.08588952783597 48.3
      vertex -106.4136882218019 -50.291158092447915 48.3
      vertex -106.7788565494999 -50.73829435767049 48.3
    endloop
  endfacet
  facet normal 0 0 -1
    outer loop
      vertex -106.7788565494999 -50.73829435767049 48.3
      vertex -106.81635421665464 -50.166190511701195 48.3
      vertex -106.52179274798195 -49.88770650821586 48.3
    endloop
  endfacet
  facet normal 0 0 -1
    outer loop
      vertex -106.45451867793749 -50.08588952783597 48.3
      vertex -106.7788565494999 -50.73829435767049 48.3
      vertex -106.52179274798195 -49.88770650821586 48.3
    endloop
  endfacet
  facet normal 0 0 -1
    outer loop
      vertex -109.5863117781981 -50.291158092447915 48.3
      vertex -109.54548132206251 -50.08588952783597 48.3
      vertex -109.23029859309771 -50.12202515850437 48.3
    endloop
  endfacet
  facet normal 0 0 -1
    outer loop
      vertex -109.13137084989847 -50.107697323768114 48.3
      vertex -109.23029859309771 -50.12202515850437 48.3
      vertex -109.13137084989847 -50.02081862861956 48.3
    endloop
  endfacet
  facet normal 0 0 -1
    outer loop
      vertex -106.81635421665464 -50.166190511701195 48.3
      vertex -106.86862915010153 -50.02081862861956 48.3
      vertex -106.52179274798195 -49.88770650821586 48.3
    endloop
  endfacet
  facet normal 0 0 -1
    outer loop
      vertex -109.54548132206251 -50.08588952783597 48.3
      vertex -109.38564064605511 -49.7 48.3
      vertex -109.23029859309771 -50.12202515850437 48.3
    endloop
  endfacet
  facet normal 0 0 -1
    outer loop
      vertex -109.38564064605511 -49.7 48.3
      vertex -109.13137084989847 -50.02081862861956 48.3
      vertex -109.23029859309771 -50.12202515850437 48.3
    endloop
  endfacet
  facet normal 0 0 -1
    outer loop
      vertex -109.08981926094242 -50.002583890533515 48.3
      vertex -109.13137084989847 -50.02081862861956 48.3
      vertex -109.38564064605511 -49.7 48.3
    endloop
  endfacet
  facet normal 0 0 -1
    outer loop
      vertex -106.52179274798195 -49.88770650821586 48.3
      vertex -106.86862915010153 -50.02081862861956 48.3
      vertex -106.86862915010153 -49.82531101265986 48.3
    endloop
  endfacet
  facet normal 0 0 -1
    outer loop
      vertex -109.47820725201805 -49.88770650821586 48.3
      vertex -109.38564064605511 -49.7 48.3
      vertex -109.54548132206251 -50.08588952783597 48.3
    endloop
  endfacet
  facet normal 0 0 -1
    outer loop
      vertex -109.08981926094242 -50.002583890533515 48.3
      vertex -109.38564064605511 -49.7 48.3
      vertex -109.04332556993401 -49.90830401171039 48.3
    endloop
  endfacet
  facet normal 0 0 -1
    outer loop
      vertex -109.04332556993401 -49.90830401171039 48.3
      vertex -109.38564064605511 -49.7 48.3
      vertex -109.04551088187904 -49.89490910942854 48.3
    endloop
  endfacet
  facet normal 0 0 -1
    outer loop
      vertex -106.61435935394489 -49.7 48.3
      vertex -106.52179274798195 -49.88770650821586 48.3
      vertex -106.86862915010153 -49.82531101265986 48.3
    endloop
  endfacet
  facet normal 0 0 -1
    outer loop
      vertex -109.00979558394933 -49.855947558150525 48.3
      vertex -109.04551088187904 -49.89490910942854 48.3
      vertex -109.26936534446598 -49.52598171358605 48.3
    endloop
  endfacet
  facet normal 0 0 -1
    outer loop
      vertex -106.98443012463 -49.86458939596602 48.3
      vertex -106.61435935394489 -49.7 48.3
      vertex -106.86862915010153 -49.82531101265986 48.3
    endloop
  endfacet
  facet normal 0 0 -1
    outer loop
      vertex -106.98443012463 -49.86458939596602 48.3
      vertex -107.04283204925235 -49.77718473902545 48.3
      vertex -106.61435935394489 -49.7 48.3
    endloop
  endfacet
  facet normal 0 0 -1
    outer loop
      vertex -109.00979558394933 -49.855947558150525 48.3
      vertex -109.26936534446598 -49.52598171358605 48.3
      vertex -108.95716795074765 -49.77718473902545 48.3
    endloop
  endfacet
  facet normal 0 0 -1
    outer loop
      vertex -109.38564064605511 -49.7 48.3
      vertex -109.26936534446598 -49.52598171358605 48.3
      vertex -109.04551088187904 -49.89490910942854 48.3
    endloop
  endfacet
  facet normal 0 0 -1
    outer loop
      vertex -107.04283204925235 -49.77718473902545 48.3
      vertex -107.04246826832161 -49.76538530060442 48.3
      vertex -106.61435935394489 -49.7 48.3
    endloop
  endfacet
  facet normal 0 0 -1
    outer loop
      vertex -108.95716795074765 -49.77718473902545 48.3
      vertex -109.26936534446598 -49.52598171358605 48.3
      vertex -108.95753173167839 -49.76538530060442 48.3
    endloop
  endfacet
  facet normal 0 0 -1
    outer loop
      vertex -108.91709092991988 -49.72965274357955 48.3
      vertex -108.95753173167839 -49.76538530060442 48.3
      vertex -109.26936534446598 -49.52598171358605 48.3
    endloop
  endfacet
  facet normal 0 0 -1
    outer loop
      vertex -106.73063465553402 -49.52598171358605 48.3
      vertex -106.61435935394489 -49.7 48.3
      vertex -107.04246826832161 -49.76538530060442 48.3
    endloop
  endfacet
  facet normal 0 0 -1
    outer loop
      vertex -108.91709092991988 -49.72965274357955 48.3
      vertex -109.26936534446598 -49.52598171358605 48.3
      vertex -108.86458278010318 -49.66977867394088 48.3
    endloop
  endfacet
  facet normal 0 0 -1
    outer loop
      vertex -107.08290907008012 -49.72965274357955 48.3
      vertex -106.86862915010153 -49.368629150101526 48.3
      vertex -107.04246826832161 -49.76538530060442 48.3
    endloop
  endfacet
  facet normal 0 0 -1
    outer loop
      vertex -107.14536707745309 -49.65843303585806 48.3
      vertex -106.86862915010153 -49.368629150101526 48.3
      vertex -107.08290907008012 -49.72965274357955 48.3
    endloop
  endfacet
  facet normal 0 0 -1
    outer loop
      vertex -107.14536707745309 -49.65843303585806 48.3
      vertex -107.14641288288097 -49.6480181581034 48.3
      vertex -106.86862915010153 -49.368629150101526 48.3
    endloop
  endfacet
  facet normal 0 0 -1
    outer loop
      vertex -106.73063465553402 -49.52598171358605 48.3
      vertex -107.04246826832161 -49.76538530060442 48.3
      vertex -106.86862915010153 -49.368629150101526 48.3
    endloop
  endfacet
  facet normal 0 0 -1
    outer loop
      vertex -108.86458278010318 -49.66977867394088 48.3
      vertex -109.26936534446598 -49.52598171358605 48.3
      vertex -108.97401828641395 -49.230634655534026 48.3
    endloop
  endfacet
  facet normal 0 0 -1
    outer loop
      vertex -107.19130540418612 -49.61653878414654 48.3
      vertex -107.02598171358605 -49.230634655534026 48.3
      vertex -107.14641288288097 -49.6480181581034 48.3
    endloop
  endfacet
  facet normal 0 0 -1
    outer loop
      vertex -107.19130540418612 -49.61653878414654 48.3
      vertex -107.25117947382479 -49.56403063432984 48.3
      vertex -107.02598171358605 -49.230634655534026 48.3
    endloop
  endfacet
  facet normal 0 0 -1
    outer loop
      vertex -108.677551627641 -49.51258785638426 48.3
      vertex -108.75219339663776 -49.53439603932282 48.3
      vertex -108.97401828641395 -49.230634655534026 48.3
    endloop
  endfacet
  facet normal 0 0 -1
    outer loop
      vertex -108.677551627641 -49.51258785638426 48.3
      vertex -108.97401828641395 -49.230634655534026 48.3
      vertex -108.60000000000001 -49.460769515458665 48.3
    endloop
  endfacet
  facet normal 0 0 -1
    outer loop
      vertex -107.25117947382479 -49.56403063432984 48.3
      vertex -107.24780660336224 -49.53439603932282 48.3
      vertex -107.02598171358605 -49.230634655534026 48.3
    endloop
  endfacet
  facet normal 0 0 -1
    outer loop
      vertex -106.86862915010153 -49.368629150101526 48.3
      vertex -107.14641288288097 -49.6480181581034 48.3
      vertex -107.02598171358605 -49.230634655534026 48.3
    endloop
  endfacet
  facet normal 0 0 -1
    outer loop
      vertex -109.13137084989847 -49.368629150101526 48.3
      vertex -108.97401828641395 -49.230634655534026 48.3
      vertex -109.26936534446598 -49.52598171358605 48.3
    endloop
  endfacet
  facet normal 0 0 -1
    outer loop
      vertex -108.45922011883812 -49.39134456098645 48.3
      vertex -108.60000000000001 -49.460769515458665 48.3
      vertex -108.97401828641395 -49.230634655534026 48.3
    endloop
  endfacet
  facet normal 0 0 -1
    outer loop
      vertex -107.3283350826279 -49.41944057860247 48.3
      vertex -107.02598171358605 -49.230634655534026 48.3
      vertex -107.24780660336224 -49.53439603932282 48.3
    endloop
  endfacet
  facet normal 0 0 -1
    outer loop
      vertex -107.3283350826279 -49.41944057860247 48.3
      vertex -107.38019273241956 -49.449346725324475 48.3
      vertex -107.02598171358605 -49.230634655534026 48.3
    endloop
  endfacet
  facet normal 0 0 -1
    outer loop
      vertex -107.45712806771787 -49.432597070165606 48.3
      vertex -107.2 -49.1143593539449 48.3
      vertex -107.38019273241956 -49.449346725324475 48.3
    endloop
  endfacet
  facet normal 0 0 -1
    outer loop
      vertex -107.51894161197995 -49.40211400354597 48.3
      vertex -107.2 -49.1143593539449 48.3
      vertex -107.45712806771787 -49.432597070165606 48.3
    endloop
  endfacet
  facet normal 0 0 -1
    outer loop
      vertex -107.90692914989526 -49.30610018580302 48.3
      vertex -107.91689770043922 -49.26260396519765 48.3
      vertex -107.84336856933594 -49.310266166351425 48.3
    endloop
  endfacet
  facet normal 0 0 -1
    outer loop
      vertex -107.51894161197995 -49.40211400354597 48.3
      vertex -107.52204894431755 -49.38133923540516 48.3
      vertex -107.2 -49.1143593539449 48.3
    endloop
  endfacet
  facet normal 0 0 -1
    outer loop
      vertex -107.02598171358605 -49.230634655534026 48.3
      vertex -107.38019273241956 -49.449346725324475 48.3
      vertex -107.2 -49.1143593539449 48.3
    endloop
  endfacet
  facet normal 0 0 -1
    outer loop
      vertex -108.8 -49.1143593539449 48.3
      vertex -108.45922011883812 -49.39134456098645 48.3
      vertex -108.97401828641395 -49.230634655534026 48.3
    endloop
  endfacet
  facet normal 0 0 -1
    outer loop
      vertex -107.59834163435944 -49.295445540972295 48.3
      vertex -107.38770650821586 -49.02179274798194 48.3
      vertex -107.52204894431755 -49.38133923540516 48.3
    endloop
  endfacet
  facet normal 0 0 -1
    outer loop
      vertex -107.58588952783597 -48.95451867793749 48.3
      vertex -108.31058285412303 -49.34088900845312 48.3
      vertex -108.39890354764938 -49.370869844016404 48.3
    endloop
  endfacet
  facet normal 0 0 -1
    outer loop
      vertex -107.68941714587697 -49.34088900845312 48.3
      vertex -107.84336856933594 -49.310266166351425 48.3
      vertex -107.38770650821586 -49.02179274798194 48.3
    endloop
  endfacet
  facet normal 0 0 -1
    outer loop
      vertex -107.68941714587697 -49.34088900845312 48.3
      vertex -107.38770650821586 -49.02179274798194 48.3
      vertex -107.59834163435944 -49.295445540972295 48.3
    endloop
  endfacet
  facet normal 0 0 -1
    outer loop
      vertex -108.15663143066406 -49.310266166351425 48.3
      vertex -108.31058285412303 -49.34088900845312 48.3
      vertex -107.58588952783597 -48.95451867793749 48.3
    endloop
  endfacet
  facet normal 0 0 -1
    outer loop
      vertex -107.91689770043922 -49.26260396519765 48.3
      vertex -107.38770650821586 -49.02179274798194 48.3
      vertex -107.84336856933594 -49.310266166351425 48.3
    endloop
  endfacet
  facet normal 0 0 -1
    outer loop
      vertex -108.15663143066406 -49.310266166351425 48.3
      vertex -107.58588952783597 -48.95451867793749 48.3
      vertex -108.08708396803804 -49.27997735661509 48.3
    endloop
  endfacet
  facet normal 0 0 -1
    outer loop
      vertex -108 -49.3 48.3
      vertex -108.08708396803804 -49.27997735661509 48.3
      vertex -107.58588952783597 -48.95451867793749 48.3
    endloop
  endfacet
  facet normal 0 0 -1
    outer loop
      vertex -108 -49.3 48.3
      vertex -107.58588952783597 -48.95451867793749 48.3
      vertex -107.91689770043922 -49.26260396519765 48.3
    endloop
  endfacet
  facet normal 0 0 -1
    outer loop
      vertex -107.2 -49.1143593539449 48.3
      vertex -107.52204894431755 -49.38133923540516 48.3
      vertex -107.38770650821586 -49.02179274798194 48.3
    endloop
  endfacet
  facet normal 0 0 -1
    outer loop
      vertex -108.41411047216403 -48.95451867793749 48.3
      vertex -108.20884190755208 -48.913688221801905 48.3
      vertex -108.39890354764938 -49.370869844016404 48.3
    endloop
  endfacet
  facet normal 0 0 -1
    outer loop
      vertex -108.20884190755208 -48.913688221801905 48.3
      vertex -108 -48.9 48.3
      vertex -108.39890354764938 -49.370869844016404 48.3
    endloop
  endfacet
  facet normal 0 0 -1
    outer loop
      vertex -107.79115809244792 -48.913688221801905 48.3
      vertex -107.58588952783597 -48.95451867793749 48.3
      vertex -108.39890354764938 -49.370869844016404 48.3
    endloop
  endfacet
  facet normal 0 0 -1
    outer loop
      vertex -107.38770650821586 -49.02179274798194 48.3
      vertex -107.91689770043922 -49.26260396519765 48.3
      vertex -107.58588952783597 -48.95451867793749 48.3
    endloop
  endfacet
  facet normal 0 0 -1
    outer loop
      vertex -108 -48.9 48.3
      vertex -107.79115809244792 -48.913688221801905 48.3
      vertex -108.39890354764938 -49.370869844016404 48.3
    endloop
  endfacet
  facet normal 0 0 -1
    outer loop
      vertex 77.5 -52.1 48.3
      vertex 77.5 -51.7 48.3
      vertex 77.70884190755208 -52.086311778198095 48.3
    endloop
  endfacet
  facet normal 0 0 -1
    outer loop
      vertex 77.08588952783597 -52.04548132206251 48.3
      vertex 77.41471926919324 -51.727890788715605 48.3
      vertex 77.29115809244792 -52.086311778198095 48.3
    endloop
  endfacet
  facet normal 0 0 -1
    outer loop
      vertex 77.08588952783597 -52.04548132206251 48.3
      vertex 76.88770650821586 -51.97820725201806 48.3
      vertex 77.41471926919324 -51.727890788715605 48.3
    endloop
  endfacet
  facet normal 0 0 -1
    outer loop
      vertex 77.70884190755208 -52.086311778198095 48.3
      vertex 77.5 -51.7 48.3
      vertex 77.91411047216403 -52.04548132206251 48.3
    endloop
  endfacet
  facet normal 0 0 -1
    outer loop
      vertex 77.91411047216403 -52.04548132206251 48.3
      vertex 77.5 -51.7 48.3
      vertex 78.11229349178414 -51.97820725201806 48.3
    endloop
  endfacet
  facet normal 0 0 -1
    outer loop
      vertex 76.7 -51.8856406460551 48.3
      vertex 77.09871545221101 -51.6943196809009 48.3
      vertex 76.88770650821586 -51.97820725201806 48.3
    endloop
  endfacet
  facet normal 0 0 -1
    outer loop
      vertex 78.11229349178414 -51.97820725201806 48.3
      vertex 77.5 -51.7 48.3
      vertex 78.3 -51.8856406460551 48.3
    endloop
  endfacet
  facet normal 0 0 -1
    outer loop
      vertex 77.16433534273457 -51.75271755521979 48.3
      vertex 76.88770650821586 -51.97820725201806 48.3
      vertex 77.09871545221101 -51.6943196809009 48.3
    endloop
  endfacet
  facet normal 0 0 -1
    outer loop
      vertex 77.16433534273457 -51.75271755521979 48.3
      vertex 77.34336856933594 -51.689733833648575 48.3
      vertex 76.88770650821586 -51.97820725201806 48.3
    endloop
  endfacet
  facet normal 0 0 -1
    outer loop
      vertex 77.34336856933594 -51.689733833648575 48.3
      vertex 77.41471926919324 -51.727890788715605 48.3
      vertex 76.88770650821586 -51.97820725201806 48.3
    endloop
  endfacet
  facet normal 0 0 -1
    outer loop
      vertex 78.3 -51.8856406460551 48.3
      vertex 77.5 -51.7 48.3
      vertex 78.47401828641395 -51.769365344465974 48.3
    endloop
  endfacet
  facet normal 0 0 -1
    outer loop
      vertex 76.52598171358605 -51.769365344465974 48.3
      vertex 76.88016694683456 -51.549186005792 48.3
      vertex 76.7 -51.8856406460551 48.3
    endloop
  endfacet
  facet normal 0 0 -1
    outer loop
      vertex 77.02179544740073 -51.616965954030896 48.3
      vertex 77.09871545221101 -51.6943196809009 48.3
      vertex 76.7 -51.8856406460551 48.3
    endloop
  endfacet
  facet normal 0 0 -1
    outer loop
      vertex 76.94291737577973 -51.65149515869365 48.3
      vertex 77.02179544740073 -51.616965954030896 48.3
      vertex 76.7 -51.8856406460551 48.3
    endloop
  endfacet
  facet normal 0 0 -1
    outer loop
      vertex 77.5 -51.7 48.3
      vertex 77.59118430732437 -51.70213145034049 48.3
      vertex 78.47401828641395 -51.769365344465974 48.3
    endloop
  endfacet
  facet normal 0 0 -1
    outer loop
      vertex 77.59118430732437 -51.70213145034049 48.3
      vertex 77.65663143066406 -51.689733833648575 48.3
      vertex 78.47401828641395 -51.769365344465974 48.3
    endloop
  endfacet
  facet normal 0 0 -1
    outer loop
      vertex 77.65663143066406 -51.689733833648575 48.3
      vertex 77.81996986687112 -51.694143800054086 48.3
      vertex 78.47401828641395 -51.769365344465974 48.3
    endloop
  endfacet
  facet normal 0 0 -1
    outer loop
      vertex 77.81996986687112 -51.694143800054086 48.3
      vertex 77.90011769522314 -51.66237236466556 48.3
      vertex 78.47401828641395 -51.769365344465974 48.3
    endloop
  endfacet
  facet normal 0 0 -1
    outer loop
      vertex 76.94291737577973 -51.65149515869365 48.3
      vertex 76.7 -51.8856406460551 48.3
      vertex 76.88016694683456 -51.549186005792 48.3
    endloop
  endfacet
  facet normal 0 0 -1
    outer loop
      vertex 77.90011769522314 -51.66237236466556 48.3
      vertex 77.95922011883812 -51.608655439013546 48.3
      vertex 78.47401828641395 -51.769365344465974 48.3
    endloop
  endfacet
  facet normal 0 0 -1
    outer loop
      vertex 77.95922011883812 -51.608655439013546 48.3
      vertex 78.05064976311587 -51.61342849518666 48.3
      vertex 78.47401828641395 -51.769365344465974 48.3
    endloop
  endfacet
  facet normal 0 0 -1
    outer loop
      vertex 76.36862915010153 -51.631370849898474 48.3
      vertex 76.69326045483201 -51.49638034865562 48.3
      vertex 76.52598171358605 -51.769365344465974 48.3
    endloop
  endfacet
  facet normal 0 0 -1
    outer loop
      vertex 76.82759121109119 -51.57557724520918 48.3
      vertex 76.88016694683456 -51.549186005792 48.3
      vertex 76.52598171358605 -51.769365344465974 48.3
    endloop
  endfacet
  facet normal 0 0 -1
    outer loop
      vertex 76.82759121109119 -51.57557724520918 48.3
      vertex 76.52598171358605 -51.769365344465974 48.3
      vertex 76.74792415145538 -51.464571163784235 48.3
    endloop
  endfacet
  facet normal 0 0 -1
    outer loop
      vertex 78.05064976311587 -51.61342849518666 48.3
      vertex 78.10000000000001 -51.53923048454133 48.3
      vertex 78.47401828641395 -51.769365344465974 48.3
    endloop
  endfacet
  facet normal 0 0 -1
    outer loop
      vertex 78.63137084989847 -51.631370849898474 48.3
      vertex 78.47401828641395 -51.769365344465974 48.3
      vertex 78.10000000000001 -51.53923048454133 48.3
    endloop
  endfacet
  facet normal 0 0 -1
    outer loop
      vertex 76.69326045483201 -51.49638034865562 48.3
      vertex 76.74792415145538 -51.464571163784235 48.3
      vertex 76.52598171358605 -51.769365344465974 48.3
    endloop
  endfacet
  facet normal 0 0 -1
    outer loop
      vertex 78.10000000000001 -51.53923048454133 48.3
      vertex 78.19568517105458 -51.54638633574579 48.3
      vertex 78.63137084989847 -51.631370849898474 48.3
    endloop
  endfacet
  facet normal 0 0 -1
    outer loop
      vertex 78.19568517105458 -51.54638633574579 48.3
      vertex 78.25089000881731 -51.45415218076888 48.3
      vertex 78.63137084989847 -51.631370849898474 48.3
    endloop
  endfacet
  facet normal 0 0 -1
    outer loop
      vertex 78.33371636822353 -51.46280285952472 48.3
      vertex 78.63137084989847 -51.631370849898474 48.3
      vertex 78.25089000881731 -51.45415218076888 48.3
    endloop
  endfacet
  facet normal 0 0 -1
    outer loop
      vertex 76.36862915010153 -51.631370849898474 48.3
      vertex 76.64641063523467 -51.35195945822882 48.3
      vertex 76.69326045483201 -51.49638034865562 48.3
    endloop
  endfacet
  facet normal 0 0 -1
    outer loop
      vertex 76.5674954687898 -51.40546095780211 48.3
      vertex 76.64641063523467 -51.35195945822882 48.3
      vertex 76.36862915010153 -51.631370849898474 48.3
    endloop
  endfacet
  facet normal 0 0 -1
    outer loop
      vertex 76.23063465553402 -51.47401828641395 48.3
      vertex 76.49348292667202 -51.27352967271261 48.3
      vertex 76.36862915010153 -51.631370849898474 48.3
    endloop
  endfacet
  facet normal 0 0 -1
    outer loop
      vertex 78.33371636822353 -51.46280285952472 48.3
      vertex 78.369896749674 -51.35154528232969 48.3
      vertex 78.63137084989847 -51.631370849898474 48.3
    endloop
  endfacet
  facet normal 0 0 -1
    outer loop
      vertex 78.76936534446598 -51.47401828641395 48.3
      vertex 78.63137084989847 -51.631370849898474 48.3
      vertex 78.369896749674 -51.35154528232969 48.3
    endloop
  endfacet
  facet normal 0 0 -1
    outer loop
      vertex 76.5674954687898 -51.40546095780211 48.3
      vertex 76.36862915010153 -51.631370849898474 48.3
      vertex 76.54246047197626 -51.23486757822795 48.3
    endloop
  endfacet
  facet normal 0 0 -1
    outer loop
      vertex 76.49348292667202 -51.27352967271261 48.3
      vertex 76.54246047197626 -51.23486757822795 48.3
      vertex 76.36862915010153 -51.631370849898474 48.3
    endloop
  endfacet
  facet normal 0 0 -1
    outer loop
      vertex 78.369896749674 -51.35154528232969 48.3
      vertex 78.42727816221957 -51.359647260807506 48.3
      vertex 78.76936534446598 -51.47401828641395 48.3
    endloop
  endfacet
  facet normal 0 0 -1
    outer loop
      vertex 78.42727816221957 -51.359647260807506 48.3
      vertex 78.45743611679897 -51.23151337718071 48.3
      vertex 78.76936534446598 -51.47401828641395 48.3
    endloop
  endfacet
  facet normal 0 0 -1
    outer loop
      vertex 76.11435935394489 -51.3 48.3
      vertex 76.36862915010153 -51.18420227333251 48.3
      vertex 76.23063465553402 -51.47401828641395 48.3
    endloop
  endfacet
  facet normal 0 0 -1
    outer loop
      vertex 76.23063465553402 -51.47401828641395 48.3
      vertex 76.36862915010153 -51.18420227333251 48.3
      vertex 76.49348292667202 -51.27352967271261 48.3
    endloop
  endfacet
  facet normal 0 0 -1
    outer loop
      vertex 78.88564064605511 -51.3 48.3
      vertex 78.76936534446598 -51.47401828641395 48.3
      vertex 78.5351985186387 -51.24587675287153 48.3
    endloop
  endfacet
  facet normal 0 0 -1
    outer loop
      vertex 78.45743611679897 -51.23151337718071 48.3
      vertex 78.5351985186387 -51.24587675287153 48.3
      vertex 78.76936534446598 -51.47401828641395 48.3
    endloop
  endfacet
  facet normal 0 0 -1
    outer loop
      vertex 78.88564064605511 -51.3 48.3
      vertex 78.5351985186387 -51.24587675287153 48.3
      vertex 78.54489686005003 -51.10132723457851 48.3
    endloop
  endfacet
  facet normal 0 0 -1
    outer loop
      vertex 76.11435935394489 -51.3 48.3
      vertex 76.02179274798195 -51.11229349178414 48.3
      vertex 76.36862915010153 -51.18420227333251 48.3
    endloop
  endfacet
  facet normal 0 0 -1
    outer loop
      vertex 78.54489686005003 -51.10132723457851 48.3
      vertex 78.59743655789795 -51.113633602841794 48.3
      vertex 78.88564064605511 -51.3 48.3
    endloop
  endfacet
  facet normal 0 0 -1
    outer loop
      vertex 78.59743655789795 -51.113633602841794 48.3
      vertex 78.63137084989847 -50.96577451835361 48.3
      vertex 78.88564064605511 -51.3 48.3
    endloop
  endfacet
  facet normal 0 0 -1
    outer loop
      vertex 78.97820725201805 -51.11229349178414 48.3
      vertex 78.88564064605511 -51.3 48.3
      vertex 78.63137084989847 -50.96577451835361 48.3
    endloop
  endfacet
  facet normal 0 0 -1
    outer loop
      vertex 76.36862915010153 -51.18420227333251 48.3
      vertex 76.02179274798195 -51.11229349178414 48.3
      vertex 76.36862915010153 -50.98300609667871 48.3
    endloop
  endfacet
  facet normal 0 0 -1
    outer loop
      vertex 76.36862915010153 -50.98300609667871 48.3
      vertex 76.02179274798195 -51.11229349178414 48.3
      vertex 76.31670702823419 -50.839192352804076 48.3
    endloop
  endfacet
  facet normal 0 0 -1
    outer loop
      vertex 78.63137084989847 -50.96577451835361 48.3
      vertex 78.72743080131885 -50.83422079409426 48.3
      vertex 78.97820725201805 -51.11229349178414 48.3
    endloop
  endfacet
  facet normal 0 0 -1
    outer loop
      vertex 79.04548132206251 -50.91411047216403 48.3
      vertex 78.97820725201805 -51.11229349178414 48.3
      vertex 78.72743080131885 -50.83422079409426 48.3
    endloop
  endfacet
  facet normal 0 0 -1
    outer loop
      vertex 79.04548132206251 -50.91411047216403 48.3
      vertex 78.72743080131885 -50.83422079409426 48.3
      vertex 79.0863117781981 -50.708841907552085 48.3
    endloop
  endfacet
  facet normal 0 0 -1
    outer loop
      vertex 75.95451867793749 -50.91411047216403 48.3
      vertex 76.26970140690229 -50.12202515850437 48.3
      vertex 76.02179274798195 -51.11229349178414 48.3
    endloop
  endfacet
  facet normal 0 0 -1
    outer loop
      vertex 76.02179274798195 -51.11229349178414 48.3
      vertex 76.26970140690229 -50.12202515850437 48.3
      vertex 76.31670702823419 -50.839192352804076 48.3
    endloop
  endfacet
  facet normal 0 0 -1
    outer loop
      vertex 79.1 -50.5 48.3
      vertex 79.0863117781981 -50.708841907552085 48.3
      vertex 78.72743080131885 -50.83422079409426 48.3
    endloop
  endfacet
  facet normal 0 0 -1
    outer loop
      vertex 75.9136882218019 -50.708841907552085 48.3
      vertex 76.26970140690229 -50.12202515850437 48.3
      vertex 75.95451867793749 -50.91411047216403 48.3
    endloop
  endfacet
  facet normal 0 0 -1
    outer loop
      vertex 78.72743080131885 -50.83422079409426 48.3
      vertex 78.68616953494276 -50.20469552027123 48.3
      vertex 79.1 -50.5 48.3
    endloop
  endfacet
  facet normal 0 0 -1
    outer loop
      vertex 75.9136882218019 -50.708841907552085 48.3
      vertex 75.9 -50.5 48.3
      vertex 76.26970140690229 -50.12202515850437 48.3
    endloop
  endfacet
  facet normal 0 0 -1
    outer loop
      vertex 75.9 -50.5 48.3
      vertex 75.9136882218019 -50.291158092447915 48.3
      vertex 76.26970140690229 -50.12202515850437 48.3
    endloop
  endfacet
  facet normal 0 0 -1
    outer loop
      vertex 79.0863117781981 -50.291158092447915 48.3
      vertex 79.1 -50.5 48.3
      vertex 78.63137084989847 -50.05454986738178 48.3
    endloop
  endfacet
  facet normal 0 0 -1
    outer loop
      vertex 78.68616953494276 -50.20469552027123 48.3
      vertex 78.63137084989847 -50.05454986738178 48.3
      vertex 79.1 -50.5 48.3
    endloop
  endfacet
  facet normal 0 0 -1
    outer loop
      vertex 75.9136882218019 -50.291158092447915 48.3
      vertex 75.95451867793749 -50.08588952783597 48.3
      vertex 76.26970140690229 -50.12202515850437 48.3
    endloop
  endfacet
  facet normal 0 0 -1
    outer loop
      vertex 79.0863117781981 -50.291158092447915 48.3
      vertex 78.63137084989847 -50.05454986738178 48.3
      vertex 79.04548132206251 -50.08588952783597 48.3
    endloop
  endfacet
  facet normal 0 0 -1
    outer loop
      vertex 76.36862915010153 -50.107697323768114 48.3
      vertex 76.26970140690229 -50.12202515850437 48.3
      vertex 76.36862915010153 -50.02081862861956 48.3
    endloop
  endfacet
  facet normal 0 0 -1
    outer loop
      vertex 79.04548132206251 -50.08588952783597 48.3
      vertex 78.63137084989847 -50.05454986738178 48.3
      vertex 78.97820725201805 -49.88770650821586 48.3
    endloop
  endfacet
  facet normal 0 0 -1
    outer loop
      vertex 75.95451867793749 -50.08588952783597 48.3
      vertex 76.11435935394489 -49.7 48.3
      vertex 76.26970140690229 -50.12202515850437 48.3
    endloop
  endfacet
  facet normal 0 0 -1
    outer loop
      vertex 76.11435935394489 -49.7 48.3
      vertex 76.36862915010153 -50.02081862861956 48.3
      vertex 76.26970140690229 -50.12202515850437 48.3
    endloop
  endfacet
  facet normal 0 0 -1
    outer loop
      vertex 76.41018073905758 -50.002583890533515 48.3
      vertex 76.36862915010153 -50.02081862861956 48.3
      vertex 76.11435935394489 -49.7 48.3
    endloop
  endfacet
  facet normal 0 0 -1
    outer loop
      vertex 76.02179274798195 -49.88770650821586 48.3
      vertex 76.11435935394489 -49.7 48.3
      vertex 75.95451867793749 -50.08588952783597 48.3
    endloop
  endfacet
  facet normal 0 0 -1
    outer loop
      vertex 76.41018073905758 -50.002583890533515 48.3
      vertex 76.11435935394489 -49.7 48.3
      vertex 76.45667443006599 -49.90830401171039 48.3
    endloop
  endfacet
  facet normal 0 0 -1
    outer loop
      vertex 78.97820725201805 -49.88770650821586 48.3
      vertex 78.63137084989847 -50.05454986738178 48.3
      vertex 78.88564064605511 -49.7 48.3
    endloop
  endfacet
  facet normal 0 0 -1
    outer loop
      vertex 78.88564064605511 -49.7 48.3
      vertex 78.63137084989847 -50.05454986738178 48.3
      vertex 78.63137084989847 -49.82531101265986 48.3
    endloop
  endfacet
  facet normal 0 0 -1
    outer loop
      vertex 76.45667443006599 -49.90830401171039 48.3
      vertex 76.11435935394489 -49.7 48.3
      vertex 76.45448911812096 -49.89490910942854 48.3
    endloop
  endfacet
  facet normal 0 0 -1
    outer loop
      vertex 76.49020441605067 -49.855947558150525 48.3
      vertex 76.45448911812096 -49.89490910942854 48.3
      vertex 76.23063465553402 -49.52598171358605 48.3
    endloop
  endfacet
  facet normal 0 0 -1
    outer loop
      vertex 76.49020441605067 -49.855947558150525 48.3
      vertex 76.23063465553402 -49.52598171358605 48.3
      vertex 76.54283204925235 -49.77718473902545 48.3
    endloop
  endfacet
  facet normal 0 0 -1
    outer loop
      vertex 76.11435935394489 -49.7 48.3
      vertex 76.23063465553402 -49.52598171358605 48.3
      vertex 76.45448911812096 -49.89490910942854 48.3
    endloop
  endfacet
  facet normal 0 0 -1
    outer loop
      vertex 76.54283204925235 -49.77718473902545 48.3
      vertex 76.23063465553402 -49.52598171358605 48.3
      vertex 76.54246826832161 -49.76538530060442 48.3
    endloop
  endfacet
  facet normal 0 0 -1
    outer loop
      vertex 76.58290907008012 -49.72965274357955 48.3
      vertex 76.54246826832161 -49.76538530060442 48.3
      vertex 76.23063465553402 -49.52598171358605 48.3
    endloop
  endfacet
  facet normal 0 0 -1
    outer loop
      vertex 78.50666962499167 -49.72879781590536 48.3
      vertex 78.76936534446598 -49.52598171358605 48.3
      vertex 78.63137084989847 -49.82531101265986 48.3
    endloop
  endfacet
  facet normal 0 0 -1
    outer loop
      vertex 78.88564064605511 -49.7 48.3
      vertex 78.63137084989847 -49.82531101265986 48.3
      vertex 78.76936534446598 -49.52598171358605 48.3
    endloop
  endfacet
  facet normal 0 0 -1
    outer loop
      vertex 78.50666962499167 -49.72879781590536 48.3
      vertex 78.45753173167839 -49.76538530060442 48.3
      vertex 78.76936534446598 -49.52598171358605 48.3
    endloop
  endfacet
  facet normal 0 0 -1
    outer loop
      vertex 76.58290907008012 -49.72965274357955 48.3
      vertex 76.23063465553402 -49.52598171358605 48.3
      vertex 76.63541721989682 -49.66977867394088 48.3
    endloop
  endfacet
  facet normal 0 0 -1
    outer loop
      vertex 78.41709092991988 -49.72965274357955 48.3
      vertex 78.63137084989847 -49.368629150101526 48.3
      vertex 78.45753173167839 -49.76538530060442 48.3
    endloop
  endfacet
  facet normal 0 0 -1
    outer loop
      vertex 78.35463292254691 -49.65843303585806 48.3
      vertex 78.63137084989847 -49.368629150101526 48.3
      vertex 78.41709092991988 -49.72965274357955 48.3
    endloop
  endfacet
  facet normal 0 0 -1
    outer loop
      vertex 78.35463292254691 -49.65843303585806 48.3
      vertex 78.35358711711903 -49.6480181581034 48.3
      vertex 78.63137084989847 -49.368629150101526 48.3
    endloop
  endfacet
  facet normal 0 0 -1
    outer loop
      vertex 78.76936534446598 -49.52598171358605 48.3
      vertex 78.45753173167839 -49.76538530060442 48.3
      vertex 78.63137084989847 -49.368629150101526 48.3
    endloop
  endfacet
  facet normal 0 0 -1
    outer loop
      vertex 78.63137084989847 -49.368629150101526 48.3
      vertex 78.35358711711903 -49.6480181581034 48.3
      vertex 78.30668146739137 -49.50026521539485 48.3
    endloop
  endfacet
  facet normal 0 0 -1
    outer loop
      vertex 76.63541721989682 -49.66977867394088 48.3
      vertex 76.23063465553402 -49.52598171358605 48.3
      vertex 76.52598171358605 -49.230634655534026 48.3
    endloop
  endfacet
  facet normal 0 0 -1
    outer loop
      vertex 76.822448372359 -49.51258785638426 48.3
      vertex 76.74780660336224 -49.53439603932282 48.3
      vertex 76.52598171358605 -49.230634655534026 48.3
    endloop
  endfacet
  facet normal 0 0 -1
    outer loop
      vertex 76.822448372359 -49.51258785638426 48.3
      vertex 76.52598171358605 -49.230634655534026 48.3
      vertex 76.89999999999999 -49.460769515458665 48.3
    endloop
  endfacet
  facet normal 0 0 -1
    outer loop
      vertex 78.30668146739137 -49.50026521539485 48.3
      vertex 78.25219339663776 -49.53439603932282 48.3
      vertex 78.47401828641395 -49.230634655534026 48.3
    endloop
  endfacet
  facet normal 0 0 -1
    outer loop
      vertex 76.36862915010153 -49.368629150101526 48.3
      vertex 76.52598171358605 -49.230634655534026 48.3
      vertex 76.23063465553402 -49.52598171358605 48.3
    endloop
  endfacet
  facet normal 0 0 -1
    outer loop
      vertex 77.04077988116188 -49.39134456098645 48.3
      vertex 76.89999999999999 -49.460769515458665 48.3
      vertex 76.52598171358605 -49.230634655534026 48.3
    endloop
  endfacet
  facet normal 0 0 -1
    outer loop
      vertex 78.1716649173721 -49.41944057860247 48.3
      vertex 78.47401828641395 -49.230634655534026 48.3
      vertex 78.25219339663776 -49.53439603932282 48.3
    endloop
  endfacet
  facet normal 0 0 -1
    outer loop
      vertex 78.1716649173721 -49.41944057860247 48.3
      vertex 78.11980726758044 -49.449346725324475 48.3
      vertex 78.47401828641395 -49.230634655534026 48.3
    endloop
  endfacet
  facet normal 0 0 -1
    outer loop
      vertex 78.63137084989847 -49.368629150101526 48.3
      vertex 78.30668146739137 -49.50026521539485 48.3
      vertex 78.47401828641395 -49.230634655534026 48.3
    endloop
  endfacet
  facet normal 0 0 -1
    outer loop
      vertex 78.04287193228213 -49.432597070165606 48.3
      vertex 78.3 -49.1143593539449 48.3
      vertex 78.11980726758044 -49.449346725324475 48.3
    endloop
  endfacet
  facet normal 0 0 -1
    outer loop
      vertex 77.98105838802005 -49.40211400354597 48.3
      vertex 78.3 -49.1143593539449 48.3
      vertex 78.04287193228213 -49.432597070165606 48.3
    endloop
  endfacet
  facet normal 0 0 -1
    outer loop
      vertex 77.59307085010474 -49.30610018580302 48.3
      vertex 77.58310229956078 -49.26260396519765 48.3
      vertex 77.65663143066406 -49.310266166351425 48.3
    endloop
  endfacet
  facet normal 0 0 -1
    outer loop
      vertex 77.98105838802005 -49.40211400354597 48.3
      vertex 77.97795105568245 -49.38133923540516 48.3
      vertex 78.3 -49.1143593539449 48.3
    endloop
  endfacet
  facet normal 0 0 -1
    outer loop
      vertex 78.47401828641395 -49.230634655534026 48.3
      vertex 78.11980726758044 -49.449346725324475 48.3
      vertex 78.3 -49.1143593539449 48.3
    endloop
  endfacet
  facet normal 0 0 -1
    outer loop
      vertex 76.7 -49.1143593539449 48.3
      vertex 77.04077988116188 -49.39134456098645 48.3
      vertex 76.52598171358605 -49.230634655534026 48.3
    endloop
  endfacet
  facet normal 0 0 -1
    outer loop
      vertex 77.91411047216403 -48.95451867793749 48.3
      vertex 77.18941714587697 -49.34088900845312 48.3
      vertex 77.10109645235062 -49.370869844016404 48.3
    endloop
  endfacet
  facet normal 0 0 -1
    outer loop
      vertex 77.34336856933594 -49.310266166351425 48.3
      vertex 77.18941714587697 -49.34088900845312 48.3
      vertex 77.91411047216403 -48.95451867793749 48.3
    endloop
  endfacet
  facet normal 0 0 -1
    outer loop
      vertex 77.90165836564056 -49.295445540972295 48.3
      vertex 78.11229349178414 -49.02179274798194 48.3
      vertex 77.97795105568245 -49.38133923540516 48.3
    endloop
  endfacet
  facet normal 0 0 -1
    outer loop
      vertex 77.81058285412303 -49.34088900845312 48.3
      vertex 77.65663143066406 -49.310266166351425 48.3
      vertex 78.11229349178414 -49.02179274798194 48.3
    endloop
  endfacet
  facet normal 0 0 -1
    outer loop
      vertex 77.81058285412303 -49.34088900845312 48.3
      vertex 78.11229349178414 -49.02179274798194 48.3
      vertex 77.90165836564056 -49.295445540972295 48.3
    endloop
  endfacet
  facet normal 0 0 -1
    outer loop
      vertex 77.34336856933594 -49.310266166351425 48.3
      vertex 77.91411047216403 -48.95451867793749 48.3
      vertex 77.41291603196196 -49.27997735661509 48.3
    endloop
  endfacet
  facet normal 0 0 -1
    outer loop
      vertex 77.5 -49.3 48.3
      vertex 77.41291603196196 -49.27997735661509 48.3
      vertex 77.91411047216403 -48.95451867793749 48.3
    endloop
  endfacet
  facet normal 0 0 -1
    outer loop
      vertex 77.58310229956078 -49.26260396519765 48.3
      vertex 78.11229349178414 -49.02179274798194 48.3
      vertex 77.65663143066406 -49.310266166351425 48.3
    endloop
  endfacet
  facet normal 0 0 -1
    outer loop
      vertex 77.5 -49.3 48.3
      vertex 77.91411047216403 -48.95451867793749 48.3
      vertex 77.58310229956078 -49.26260396519765 48.3
    endloop
  endfacet
  facet normal 0 0 -1
    outer loop
      vertex 78.3 -49.1143593539449 48.3
      vertex 77.97795105568245 -49.38133923540516 48.3
      vertex 78.11229349178414 -49.02179274798194 48.3
    endloop
  endfacet
  facet normal 0 0 -1
    outer loop
      vertex 77.08588952783597 -48.95451867793749 48.3
      vertex 77.29115809244792 -48.913688221801905 48.3
      vertex 77.10109645235062 -49.370869844016404 48.3
    endloop
  endfacet
  facet normal 0 0 -1
    outer loop
      vertex 77.70884190755208 -48.913688221801905 48.3
      vertex 77.91411047216403 -48.95451867793749 48.3
      vertex 77.10109645235062 -49.370869844016404 48.3
    endloop
  endfacet
  facet normal 0 0 -1
    outer loop
      vertex 77.29115809244792 -48.913688221801905 48.3
      vertex 77.5 -48.9 48.3
      vertex 77.10109645235062 -49.370869844016404 48.3
    endloop
  endfacet
  facet normal 0 0 -1
    outer loop
      vertex 77.70884190755208 -48.913688221801905 48.3
      vertex 77.10109645235062 -49.370869844016404 48.3
      vertex 77.5 -48.9 48.3
    endloop
  endfacet
  facet normal 0 0 -1
    outer loop
      vertex 78.11229349178414 -49.02179274798194 48.3
      vertex 77.58310229956078 -49.26260396519765 48.3
      vertex 77.91411047216403 -48.95451867793749 48.3
    endloop
  endfacet
endsolid OpenSCAD_Model
