solid OpenSCAD_Model
  facet normal -0.44228869021897665 -0.8968727415327005 0
    outer loop
      vertex 79.61731656763492 -12.123879532511285 40
      vertex 79.61731656763492 -12.123879532511285 46
      vertex 79.5 -12.066025403784439 40
    endloop
  endfacet
  facet normal -0.32143946530318984 -0.946930129495096 0
    outer loop
      vertex 79.61731656763492 -12.123879532511285 40
      vertex 79.74118095489747 -12.165925826289067 40
      vertex 79.74118095489747 -12.165925826289067 46
    endloop
  endfacet
  facet normal -0.19509032201611848 -0.9807852804032323 0
    outer loop
      vertex 79.74118095489747 -12.165925826289067 40
      vertex 79.86947380777995 -12.19144486137381 40
      vertex 79.86947380777995 -12.19144486137381 46
    endloop
  endfacet
  facet normal -0.06540312923014195 -0.9978589232386036 0
    outer loop
      vertex 79.86947380777995 -12.19144486137381 40
      vertex 80 -12.2 40
      vertex 80 -12.2 46
    endloop
  endfacet
  facet normal 0.06540312923014195 -0.9978589232386036 0
    outer loop
      vertex 80 -12.2 40
      vertex 80.13052619222005 -12.19144486137381 40
      vertex 80.13052619222005 -12.19144486137381 46
    endloop
  endfacet
  facet normal 0.19509032201611848 -0.9807852804032323 0
    outer loop
      vertex 80.13052619222005 -12.19144486137381 40
      vertex 80.25881904510253 -12.165925826289067 40
      vertex 80.25881904510253 -12.165925826289067 46
    endloop
  endfacet
  facet normal 0.32143946530318984 -0.946930129495096 0
    outer loop
      vertex 80.25881904510253 -12.165925826289067 40
      vertex 80.38268343236508 -12.123879532511285 40
      vertex 80.38268343236508 -12.123879532511285 46
    endloop
  endfacet
  facet normal 0 0 -1
    outer loop
      vertex 79.39123857099128 -11.993353340291234 40
      vertex 79.29289321881345 -11.907106781186547 40
      vertex 79.39123857099128 -10.406646659708764 40
    endloop
  endfacet
  facet normal 0 0 -1
    outer loop
      vertex 79.39123857099128 -11.993353340291234 40
      vertex 79.5 -10.33397459621556 40
      vertex 79.5 -12.066025403784439 40
    endloop
  endfacet
  facet normal 0 0 -1
    outer loop
      vertex 79.61731656763492 -12.123879532511285 40
      vertex 79.5 -12.066025403784439 40
      vertex 79.61731656763492 -10.276120467488713 40
    endloop
  endfacet
  facet normal 0 0 -1
    outer loop
      vertex 79.61731656763492 -12.123879532511285 40
      vertex 79.74118095489747 -10.234074173710932 40
      vertex 79.74118095489747 -12.165925826289067 40
    endloop
  endfacet
  facet normal 0 0 -1
    outer loop
      vertex 79.20664665970877 -11.80876142900872 40
      vertex 79.13397459621557 -11.7 40
      vertex 79.20664665970877 -10.591238570991278 40
    endloop
  endfacet
  facet normal 0 0 -1
    outer loop
      vertex 79.0761204674887 -11.582683432365089 40
      vertex 79.13397459621557 -10.7 40
      vertex 79.13397459621557 -11.7 40
    endloop
  endfacet
  facet normal 0 0 -1
    outer loop
      vertex 79.20664665970877 -11.80876142900872 40
      vertex 79.29289321881345 -10.492893218813451 40
      vertex 79.29289321881345 -11.907106781186547 40
    endloop
  endfacet
  facet normal 0 0 -1
    outer loop
      vertex 79.0761204674887 -11.582683432365089 40
      vertex 79.03407417371093 -11.45881904510252 40
      vertex 79.0761204674887 -10.81731656763491 40
    endloop
  endfacet
  facet normal 0 0 -1
    outer loop
      vertex 79.03407417371093 -11.45881904510252 40
      vertex 79.00855513862619 -11.33052619222005 40
      vertex 79.03407417371093 -10.94118095489748 40
    endloop
  endfacet
  facet normal 0 0 -1
    outer loop
      vertex 79.00855513862619 -11.33052619222005 40
      vertex 79 -11.2 40
      vertex 79.00855513862619 -11.069473807779948 40
    endloop
  endfacet
  facet normal 0 0 -1
    outer loop
      vertex 79.74118095489747 -12.165925826289067 40
      vertex 79.86947380777995 -10.208555138626188 40
      vertex 79.86947380777995 -12.19144486137381 40
    endloop
  endfacet
  facet normal 0 0 -1
    outer loop
      vertex 79.86947380777995 -12.19144486137381 40
      vertex 80 -10.2 40
      vertex 80 -12.2 40
    endloop
  endfacet
  facet normal 0 0 -1
    outer loop
      vertex 80 -12.2 40
      vertex 80.13052619222005 -10.208555138626188 40
      vertex 80.13052619222005 -12.19144486137381 40
    endloop
  endfacet
  facet normal 0 0 -1
    outer loop
      vertex 80.13052619222005 -12.19144486137381 40
      vertex 80.25881904510253 -10.234074173710932 40
      vertex 80.25881904510253 -12.165925826289067 40
    endloop
  endfacet
  facet normal 0 0 -1
    outer loop
      vertex 80.25881904510253 -12.165925826289067 40
      vertex 80.38268343236508 -10.276120467488713 40
      vertex 80.38268343236508 -12.123879532511285 40
    endloop
  endfacet
  facet normal 0 0 -1
    outer loop
      vertex 80.38268343236508 -12.123879532511285 40
      vertex 80.5 -10.33397459621556 40
      vertex 80.5 -12.066025403784439 40
    endloop
  endfacet
  facet normal 0 0 -1
    outer loop
      vertex 80.5 -12.066025403784439 40
      vertex 80.60876142900872 -10.406646659708764 40
      vertex 80.60876142900872 -11.993353340291234 40
    endloop
  endfacet
  facet normal 0 0 -1
    outer loop
      vertex 80.60876142900872 -11.993353340291234 40
      vertex 80.70710678118655 -10.492893218813451 40
      vertex 80.70710678118655 -11.907106781186547 40
    endloop
  endfacet
  facet normal 0 0 -1
    outer loop
      vertex 80.70710678118655 -11.907106781186547 40
      vertex 80.79335334029123 -10.591238570991278 40
      vertex 80.79335334029123 -11.80876142900872 40
    endloop
  endfacet
  facet normal 0 0 -1
    outer loop
      vertex 80.79335334029123 -11.80876142900872 40
      vertex 80.86602540378443 -10.7 40
      vertex 80.86602540378443 -11.7 40
    endloop
  endfacet
  facet normal 0 0 -1
    outer loop
      vertex 80.86602540378443 -11.7 40
      vertex 80.9238795325113 -10.81731656763491 40
      vertex 80.9238795325113 -11.582683432365089 40
    endloop
  endfacet
  facet normal 0 0 -1
    outer loop
      vertex 80.9238795325113 -11.582683432365089 40
      vertex 80.96592582628907 -10.94118095489748 40
      vertex 80.96592582628907 -11.45881904510252 40
    endloop
  endfacet
  facet normal 0 0 -1
    outer loop
      vertex 80.96592582628907 -11.45881904510252 40
      vertex 80.99144486137381 -11.069473807779948 40
      vertex 80.99144486137381 -11.33052619222005 40
    endloop
  endfacet
  facet normal -0.659345815100054 -0.7518398074789906 0
    outer loop
      vertex 79.39123857099128 -11.993353340291234 40
      vertex 79.39123857099128 -11.993353340291234 46
      vertex 79.29289321881345 -11.907106781186547 40
    endloop
  endfacet
  facet normal -0.555570233019598 -0.831469612302548 0
    outer loop
      vertex 79.39123857099128 -11.993353340291234 40
      vertex 79.5 -12.066025403784439 40
      vertex 79.5 -12.066025403784439 46
    endloop
  endfacet
  facet normal -0.7518398074790056 -0.6593458151000368 0
    outer loop
      vertex 79.20664665970877 -11.80876142900872 40
      vertex 79.29289321881345 -11.907106781186547 40
      vertex 79.20664665970877 -11.80876142900872 46
    endloop
  endfacet
  facet normal -0.8314696123025563 -0.5555702330195854 0
    outer loop
      vertex 79.20664665970877 -11.80876142900872 40
      vertex 79.13397459621557 -11.7 46
      vertex 79.13397459621557 -11.7 40
    endloop
  endfacet
  facet normal -0.8968727415326547 -0.44228869021906925 0
    outer loop
      vertex 79.0761204674887 -11.582683432365089 40
      vertex 79.13397459621557 -11.7 40
      vertex 79.0761204674887 -11.582683432365089 46
    endloop
  endfacet
  facet normal -0.9469301294951266 -0.3214394653031 0
    outer loop
      vertex 79.0761204674887 -11.582683432365089 40
      vertex 79.03407417371093 -11.45881904510252 46
      vertex 79.03407417371093 -11.45881904510252 40
    endloop
  endfacet
  facet normal -0.9807852804032313 -0.1950903220161236 0
    outer loop
      vertex 79.03407417371093 -11.45881904510252 40
      vertex 79.00855513862619 -11.33052619222005 46
      vertex 79.00855513862619 -11.33052619222005 40
    endloop
  endfacet
  facet normal -0.9978589232386019 -0.06540312923016633 0
    outer loop
      vertex 79.00855513862619 -11.33052619222005 40
      vertex 79 -11.2 46
      vertex 79 -11.2 40
    endloop
  endfacet
  facet normal 0.44228869021897665 -0.8968727415327005 0
    outer loop
      vertex 80.38268343236508 -12.123879532511285 40
      vertex 80.5 -12.066025403784439 40
      vertex 80.5 -12.066025403784439 46
    endloop
  endfacet
  facet normal 0.555570233019598 -0.831469612302548 0
    outer loop
      vertex 80.5 -12.066025403784439 40
      vertex 80.60876142900872 -11.993353340291234 40
      vertex 80.60876142900872 -11.993353340291234 46
    endloop
  endfacet
  facet normal 0.659345815100054 -0.7518398074789906 0
    outer loop
      vertex 80.60876142900872 -11.993353340291234 40
      vertex 80.70710678118655 -11.907106781186547 40
      vertex 80.70710678118655 -11.907106781186547 46
    endloop
  endfacet
  facet normal 0.7518398074790056 -0.6593458151000368 0
    outer loop
      vertex 80.70710678118655 -11.907106781186547 40
      vertex 80.79335334029123 -11.80876142900872 40
      vertex 80.70710678118655 -11.907106781186547 46
    endloop
  endfacet
  facet normal 0.8314696123025563 -0.5555702330195854 0
    outer loop
      vertex 80.79335334029123 -11.80876142900872 40
      vertex 80.86602540378443 -11.7 40
      vertex 80.79335334029123 -11.80876142900872 46
    endloop
  endfacet
  facet normal 0.8968727415326547 -0.44228869021906925 0
    outer loop
      vertex 80.86602540378443 -11.7 40
      vertex 80.9238795325113 -11.582683432365089 40
      vertex 80.86602540378443 -11.7 46
    endloop
  endfacet
  facet normal 0.9469301294951266 -0.3214394653031 0
    outer loop
      vertex 80.9238795325113 -11.582683432365089 40
      vertex 80.96592582628907 -11.45881904510252 40
      vertex 80.9238795325113 -11.582683432365089 46
    endloop
  endfacet
  facet normal 0.9807852804032313 -0.1950903220161236 0
    outer loop
      vertex 80.96592582628907 -11.45881904510252 40
      vertex 80.99144486137381 -11.33052619222005 40
      vertex 80.96592582628907 -11.45881904510252 46
    endloop
  endfacet
  facet normal 0.9978589232386019 -0.06540312923016633 0
    outer loop
      vertex 80.99144486137381 -11.33052619222005 40
      vertex 81 -11.2 40
      vertex 80.99144486137381 -11.33052619222005 46
    endloop
  endfacet
  facet normal -0.32143946530318984 -0.946930129495096 0
    outer loop
      vertex 79.61731656763492 -12.123879532511285 40
      vertex 79.74118095489747 -12.165925826289067 46
      vertex 79.61731656763492 -12.123879532511285 46
    endloop
  endfacet
  facet normal -0.19509032201611848 -0.9807852804032323 0
    outer loop
      vertex 79.74118095489747 -12.165925826289067 40
      vertex 79.86947380777995 -12.19144486137381 46
      vertex 79.74118095489747 -12.165925826289067 46
    endloop
  endfacet
  facet normal -0.06540312923014195 -0.9978589232386036 0
    outer loop
      vertex 79.86947380777995 -12.19144486137381 40
      vertex 80 -12.2 46
      vertex 79.86947380777995 -12.19144486137381 46
    endloop
  endfacet
  facet normal 0.06540312923014195 -0.9978589232386036 0
    outer loop
      vertex 80 -12.2 40
      vertex 80.13052619222005 -12.19144486137381 46
      vertex 80 -12.2 46
    endloop
  endfacet
  facet normal 0.19509032201611848 -0.9807852804032323 0
    outer loop
      vertex 80.13052619222005 -12.19144486137381 40
      vertex 80.25881904510253 -12.165925826289067 46
      vertex 80.13052619222005 -12.19144486137381 46
    endloop
  endfacet
  facet normal 0.32143946530318984 -0.946930129495096 0
    outer loop
      vertex 80.25881904510253 -12.165925826289067 40
      vertex 80.38268343236508 -12.123879532511285 46
      vertex 80.25881904510253 -12.165925826289067 46
    endloop
  endfacet
  facet normal 0.44228869021897665 -0.8968727415327005 0
    outer loop
      vertex 80.38268343236508 -12.123879532511285 40
      vertex 80.5 -12.066025403784439 46
      vertex 80.38268343236508 -12.123879532511285 46
    endloop
  endfacet
  facet normal -0.6593458151000616 -0.7518398074789837 0
    outer loop
      vertex 78.9042294277843 -12.628036012524223 46
      vertex 78.9042294277843 -12.628036012524223 47.4
      vertex 78.72720779386421 -12.472792206135786 46
    endloop
  endfacet
  facet normal -0.4422886902189911 -0.8968727415326934 0
    outer loop
      vertex 79.31116982174284 -12.862983158520315 46
      vertex 79.31116982174284 -12.862983158520315 47.4
      vertex 79.1 -12.75884572681199 46
    endloop
  endfacet
  facet normal -0.3214394653031655 -0.9469301294951044 0
    outer loop
      vertex 79.31116982174284 -12.862983158520315 46
      vertex 79.53412571881546 -12.938666487320322 46
      vertex 79.53412571881546 -12.938666487320322 47.4
    endloop
  endfacet
  facet normal -0.19509032201611987 -0.980785280403232 0
    outer loop
      vertex 79.53412571881546 -12.938666487320322 46
      vertex 79.76505285400391 -12.984600750472858 46
      vertex 79.76505285400391 -12.984600750472858 47.4
    endloop
  endfacet
  facet normal 0 0 -1
    outer loop
      vertex 79.53412571881546 -12.938666487320322 46
      vertex 79.74118095489747 -12.165925826289067 46
      vertex 79.76505285400391 -12.984600750472858 46
    endloop
  endfacet
  facet normal 0 0 -1
    outer loop
      vertex 79.31116982174284 -12.862983158520315 46
      vertex 79.5 -12.066025403784439 46
      vertex 79.53412571881546 -12.938666487320322 46
    endloop
  endfacet
  facet normal -0.5555702330196095 -0.8314696123025404 0
    outer loop
      vertex 78.9042294277843 -12.628036012524223 46
      vertex 79.1 -12.75884572681199 46
      vertex 79.1 -12.75884572681199 47.4
    endloop
  endfacet
  facet normal -0.5555702330196095 -0.8314696123025404 0
    outer loop
      vertex 78.9042294277843 -12.628036012524223 46
      vertex 79.1 -12.75884572681199 47.4
      vertex 78.9042294277843 -12.628036012524223 47.4
    endloop
  endfacet
  facet normal -0.4422886902189911 -0.8968727415326934 0
    outer loop
      vertex 79.1 -12.75884572681199 46
      vertex 79.31116982174284 -12.862983158520315 47.4
      vertex 79.1 -12.75884572681199 47.4
    endloop
  endfacet
  facet normal -0.3214394653031655 -0.9469301294951044 0
    outer loop
      vertex 79.31116982174284 -12.862983158520315 46
      vertex 79.53412571881546 -12.938666487320322 47.4
      vertex 79.31116982174284 -12.862983158520315 47.4
    endloop
  endfacet
  facet normal -0.19509032201611987 -0.980785280403232 0
    outer loop
      vertex 79.53412571881546 -12.938666487320322 46
      vertex 79.76505285400391 -12.984600750472858 47.4
      vertex 79.53412571881546 -12.938666487320322 47.4
    endloop
  endfacet
  facet normal -0.7518398074790029 -0.6593458151000398 0
    outer loop
      vertex 78.57196398747578 -12.295770572215696 46
      vertex 78.72720779386421 -12.472792206135786 46
      vertex 78.57196398747578 -12.295770572215696 47.4
    endloop
  endfacet
  facet normal -0.8314696123025207 -0.555570233019639 0
    outer loop
      vertex 78.57196398747578 -12.295770572215696 46
      vertex 78.441154273188 -12.1 47.4
      vertex 78.441154273188 -12.1 46
    endloop
  endfacet
  facet normal 0 0 -1
    outer loop
      vertex 79.31116982174284 -12.862983158520315 46
      vertex 79.1 -12.75884572681199 46
      vertex 79.29289321881345 -11.907106781186547 46
    endloop
  endfacet
  facet normal 0 0 -1
    outer loop
      vertex 79.53412571881546 -12.938666487320322 46
      vertex 79.5 -12.066025403784439 46
      vertex 79.61731656763492 -12.123879532511285 46
    endloop
  endfacet
  facet normal 0 0 -1
    outer loop
      vertex 79.53412571881546 -12.938666487320322 46
      vertex 79.61731656763492 -12.123879532511285 46
      vertex 79.74118095489747 -12.165925826289067 46
    endloop
  endfacet
  facet normal 0 0 -1
    outer loop
      vertex 78.9042294277843 -12.628036012524223 46
      vertex 79.0761204674887 -11.582683432365089 46
      vertex 79.1 -12.75884572681199 46
    endloop
  endfacet
  facet normal 0 0 -1
    outer loop
      vertex 79.31116982174284 -12.862983158520315 46
      vertex 79.29289321881345 -11.907106781186547 46
      vertex 79.39123857099128 -11.993353340291234 46
    endloop
  endfacet
  facet normal 0 0 -1
    outer loop
      vertex 79.1 -12.75884572681199 46
      vertex 79.20664665970877 -11.80876142900872 46
      vertex 79.29289321881345 -11.907106781186547 46
    endloop
  endfacet
  facet normal 0 0 -1
    outer loop
      vertex 79.31116982174284 -12.862983158520315 46
      vertex 79.39123857099128 -11.993353340291234 46
      vertex 79.5 -12.066025403784439 46
    endloop
  endfacet
  facet normal -0.6593458151000616 -0.7518398074789837 0
    outer loop
      vertex 78.72720779386421 -12.472792206135786 46
      vertex 78.9042294277843 -12.628036012524223 47.4
      vertex 78.72720779386421 -12.472792206135786 47.4
    endloop
  endfacet
  facet normal -0.7518398074790029 -0.6593458151000398 0
    outer loop
      vertex 78.72720779386421 -12.472792206135786 46
      vertex 78.72720779386421 -12.472792206135786 47.4
      vertex 78.57196398747578 -12.295770572215696 47.4
    endloop
  endfacet
  facet normal -0.8314696123025207 -0.555570233019639 0
    outer loop
      vertex 78.57196398747578 -12.295770572215696 46
      vertex 78.57196398747578 -12.295770572215696 47.4
      vertex 78.441154273188 -12.1 47.4
    endloop
  endfacet
  facet normal -0.0654031292301494 -0.9978589232386031 0
    outer loop
      vertex 79.76505285400391 -12.984600750472858 46
      vertex 80 -13 46
      vertex 80 -13 47.4
    endloop
  endfacet
  facet normal 0.0654031292301494 -0.9978589232386031 0
    outer loop
      vertex 80 -13 46
      vertex 80.23494714599609 -12.984600750472858 46
      vertex 80.23494714599609 -12.984600750472858 47.4
    endloop
  endfacet
  facet normal 0.19509032201611987 -0.980785280403232 0
    outer loop
      vertex 80.23494714599609 -12.984600750472858 46
      vertex 80.46587428118454 -12.938666487320322 46
      vertex 80.46587428118454 -12.938666487320322 47.4
    endloop
  endfacet
  facet normal 0 0 -1
    outer loop
      vertex 79.76505285400391 -12.984600750472858 46
      vertex 80 -12.2 46
      vertex 80 -13 46
    endloop
  endfacet
  facet normal 0 0 -1
    outer loop
      vertex 80 -13 46
      vertex 80 -12.2 46
      vertex 80.23494714599609 -12.984600750472858 46
    endloop
  endfacet
  facet normal 0 0 -1
    outer loop
      vertex 80.23494714599609 -12.984600750472858 46
      vertex 80.25881904510253 -12.165925826289067 46
      vertex 80.46587428118454 -12.938666487320322 46
    endloop
  endfacet
  facet normal 0 0 -1
    outer loop
      vertex 80.46587428118454 -12.938666487320322 46
      vertex 80.5 -12.066025403784439 46
      vertex 80.68883017825716 -12.862983158520315 46
    endloop
  endfacet
  facet normal 0.3214394653031655 -0.9469301294951044 0
    outer loop
      vertex 80.46587428118454 -12.938666487320322 46
      vertex 80.68883017825716 -12.862983158520315 46
      vertex 80.68883017825716 -12.862983158520315 47.4
    endloop
  endfacet
  facet normal 0.4422886902189911 -0.8968727415326934 0
    outer loop
      vertex 80.68883017825716 -12.862983158520315 46
      vertex 80.9 -12.75884572681199 46
      vertex 80.9 -12.75884572681199 47.4
    endloop
  endfacet
  facet normal 0.5555702330196095 -0.8314696123025404 0
    outer loop
      vertex 80.9 -12.75884572681199 46
      vertex 81.0957705722157 -12.628036012524223 46
      vertex 81.0957705722157 -12.628036012524223 47.4
    endloop
  endfacet
  facet normal -0.0654031292301494 -0.9978589232386031 0
    outer loop
      vertex 79.76505285400391 -12.984600750472858 46
      vertex 80 -13 47.4
      vertex 79.76505285400391 -12.984600750472858 47.4
    endloop
  endfacet
  facet normal 0.0654031292301494 -0.9978589232386031 0
    outer loop
      vertex 80 -13 46
      vertex 80.23494714599609 -12.984600750472858 47.4
      vertex 80 -13 47.4
    endloop
  endfacet
  facet normal 0.19509032201611987 -0.980785280403232 0
    outer loop
      vertex 80.23494714599609 -12.984600750472858 46
      vertex 80.46587428118454 -12.938666487320322 47.4
      vertex 80.23494714599609 -12.984600750472858 47.4
    endloop
  endfacet
  facet normal 0.3214394653031655 -0.9469301294951044 0
    outer loop
      vertex 80.46587428118454 -12.938666487320322 46
      vertex 80.68883017825716 -12.862983158520315 47.4
      vertex 80.46587428118454 -12.938666487320322 47.4
    endloop
  endfacet
  facet normal 0.4422886902189911 -0.8968727415326934 0
    outer loop
      vertex 80.68883017825716 -12.862983158520315 46
      vertex 80.9 -12.75884572681199 47.4
      vertex 80.68883017825716 -12.862983158520315 47.4
    endloop
  endfacet
  facet normal 0.5555702330196095 -0.8314696123025404 0
    outer loop
      vertex 80.9 -12.75884572681199 46
      vertex 81.0957705722157 -12.628036012524223 47.4
      vertex 80.9 -12.75884572681199 47.4
    endloop
  endfacet
  facet normal 0.6593458151000616 -0.7518398074789837 0
    outer loop
      vertex 81.0957705722157 -12.628036012524223 46
      vertex 81.27279220613579 -12.472792206135786 47.4
      vertex 81.0957705722157 -12.628036012524223 47.4
    endloop
  endfacet
  facet normal 0 0 -1
    outer loop
      vertex 79.76505285400391 -12.984600750472858 46
      vertex 79.74118095489747 -12.165925826289067 46
      vertex 79.86947380777995 -12.19144486137381 46
    endloop
  endfacet
  facet normal 0 0 -1
    outer loop
      vertex 79.76505285400391 -12.984600750472858 46
      vertex 79.86947380777995 -12.19144486137381 46
      vertex 80 -12.2 46
    endloop
  endfacet
  facet normal 0 0 -1
    outer loop
      vertex 80.23494714599609 -12.984600750472858 46
      vertex 80 -12.2 46
      vertex 80.13052619222005 -12.19144486137381 46
    endloop
  endfacet
  facet normal 0 0 -1
    outer loop
      vertex 80.23494714599609 -12.984600750472858 46
      vertex 80.13052619222005 -12.19144486137381 46
      vertex 80.25881904510253 -12.165925826289067 46
    endloop
  endfacet
  facet normal 0 0 -1
    outer loop
      vertex 80.46587428118454 -12.938666487320322 46
      vertex 80.25881904510253 -12.165925826289067 46
      vertex 80.38268343236508 -12.123879532511285 46
    endloop
  endfacet
  facet normal 0 0 -1
    outer loop
      vertex 80.46587428118454 -12.938666487320322 46
      vertex 80.38268343236508 -12.123879532511285 46
      vertex 80.5 -12.066025403784439 46
    endloop
  endfacet
  facet normal 0 0 -1
    outer loop
      vertex 80.68883017825716 -12.862983158520315 46
      vertex 80.70710678118655 -11.907106781186547 46
      vertex 80.9 -12.75884572681199 46
    endloop
  endfacet
  facet normal 0.6593458151000616 -0.7518398074789837 0
    outer loop
      vertex 81.0957705722157 -12.628036012524223 46
      vertex 81.27279220613579 -12.472792206135786 46
      vertex 81.27279220613579 -12.472792206135786 47.4
    endloop
  endfacet
  facet normal 0.7518398074790029 -0.6593458151000398 0
    outer loop
      vertex 81.27279220613579 -12.472792206135786 46
      vertex 81.42803601252422 -12.295770572215696 46
      vertex 81.27279220613579 -12.472792206135786 47.4
    endloop
  endfacet
  facet normal 0 0 -1
    outer loop
      vertex 80.68883017825716 -12.862983158520315 46
      vertex 80.5 -12.066025403784439 46
      vertex 80.60876142900872 -11.993353340291234 46
    endloop
  endfacet
  facet normal 0 0 -1
    outer loop
      vertex 80.68883017825716 -12.862983158520315 46
      vertex 80.60876142900872 -11.993353340291234 46
      vertex 80.70710678118655 -11.907106781186547 46
    endloop
  endfacet
  facet normal 0 0 -1
    outer loop
      vertex 80.9 -12.75884572681199 46
      vertex 80.70710678118655 -11.907106781186547 46
      vertex 80.79335334029123 -11.80876142900872 46
    endloop
  endfacet
  facet normal -0.659345815100054 -0.7518398074789906 0
    outer loop
      vertex 79.29289321881345 -11.907106781186547 40
      vertex 79.39123857099128 -11.993353340291234 46
      vertex 79.29289321881345 -11.907106781186547 46
    endloop
  endfacet
  facet normal -0.44228869021897665 -0.8968727415327005 0
    outer loop
      vertex 79.5 -12.066025403784439 40
      vertex 79.61731656763492 -12.123879532511285 46
      vertex 79.5 -12.066025403784439 46
    endloop
  endfacet
  facet normal -0.555570233019598 -0.831469612302548 0
    outer loop
      vertex 79.39123857099128 -11.993353340291234 40
      vertex 79.5 -12.066025403784439 46
      vertex 79.39123857099128 -11.993353340291234 46
    endloop
  endfacet
  facet normal -0.8314696123025563 -0.5555702330195854 0
    outer loop
      vertex 79.20664665970877 -11.80876142900872 40
      vertex 79.20664665970877 -11.80876142900872 46
      vertex 79.13397459621557 -11.7 46
    endloop
  endfacet
  facet normal -0.7518398074790056 -0.6593458151000368 0
    outer loop
      vertex 79.29289321881345 -11.907106781186547 40
      vertex 79.29289321881345 -11.907106781186547 46
      vertex 79.20664665970877 -11.80876142900872 46
    endloop
  endfacet
  facet normal -0.8968727415326547 -0.44228869021906925 0
    outer loop
      vertex 79.13397459621557 -11.7 40
      vertex 79.13397459621557 -11.7 46
      vertex 79.0761204674887 -11.582683432365089 46
    endloop
  endfacet
  facet normal -0.9469301294951266 -0.3214394653031 0
    outer loop
      vertex 79.0761204674887 -11.582683432365089 40
      vertex 79.0761204674887 -11.582683432365089 46
      vertex 79.03407417371093 -11.45881904510252 46
    endloop
  endfacet
  facet normal -0.9807852804032313 -0.1950903220161236 0
    outer loop
      vertex 79.03407417371093 -11.45881904510252 40
      vertex 79.03407417371093 -11.45881904510252 46
      vertex 79.00855513862619 -11.33052619222005 46
    endloop
  endfacet
  facet normal -0.9978589232386019 -0.06540312923016633 0
    outer loop
      vertex 79.00855513862619 -11.33052619222005 40
      vertex 79.00855513862619 -11.33052619222005 46
      vertex 79 -11.2 46
    endloop
  endfacet
  facet normal 0.555570233019598 -0.831469612302548 0
    outer loop
      vertex 80.5 -12.066025403784439 40
      vertex 80.60876142900872 -11.993353340291234 46
      vertex 80.5 -12.066025403784439 46
    endloop
  endfacet
  facet normal 0.659345815100054 -0.7518398074789906 0
    outer loop
      vertex 80.60876142900872 -11.993353340291234 40
      vertex 80.70710678118655 -11.907106781186547 46
      vertex 80.60876142900872 -11.993353340291234 46
    endloop
  endfacet
  facet normal 0.7518398074790056 -0.6593458151000368 0
    outer loop
      vertex 80.79335334029123 -11.80876142900872 40
      vertex 80.79335334029123 -11.80876142900872 46
      vertex 80.70710678118655 -11.907106781186547 46
    endloop
  endfacet
  facet normal 0.8314696123025563 -0.5555702330195854 0
    outer loop
      vertex 80.86602540378443 -11.7 40
      vertex 80.86602540378443 -11.7 46
      vertex 80.79335334029123 -11.80876142900872 46
    endloop
  endfacet
  facet normal 0.8968727415326547 -0.44228869021906925 0
    outer loop
      vertex 80.9238795325113 -11.582683432365089 40
      vertex 80.9238795325113 -11.582683432365089 46
      vertex 80.86602540378443 -11.7 46
    endloop
  endfacet
  facet normal 0.9469301294951266 -0.3214394653031 0
    outer loop
      vertex 80.96592582628907 -11.45881904510252 40
      vertex 80.96592582628907 -11.45881904510252 46
      vertex 80.9238795325113 -11.582683432365089 46
    endloop
  endfacet
  facet normal 0.9807852804032313 -0.1950903220161236 0
    outer loop
      vertex 80.99144486137381 -11.33052619222005 40
      vertex 80.99144486137381 -11.33052619222005 46
      vertex 80.96592582628907 -11.45881904510252 46
    endloop
  endfacet
  facet normal 0.9978589232386019 -0.06540312923016633 0
    outer loop
      vertex 81 -11.2 40
      vertex 81 -11.2 46
      vertex 80.99144486137381 -11.33052619222005 46
    endloop
  endfacet
  facet normal -0.8968727415326935 -0.44228869021899103 0
    outer loop
      vertex 78.33701684147968 -11.88883017825716 46
      vertex 78.441154273188 -12.1 46
      vertex 78.33701684147968 -11.88883017825716 47.4
    endloop
  endfacet
  facet normal 0 0 -1
    outer loop
      vertex 78.9042294277843 -12.628036012524223 46
      vertex 79.00855513862619 -11.33052619222005 46
      vertex 79.03407417371093 -11.45881904510252 46
    endloop
  endfacet
  facet normal 0 0 -1
    outer loop
      vertex 78.9042294277843 -12.628036012524223 46
      vertex 79 -11.2 46
      vertex 79.00855513862619 -11.33052619222005 46
    endloop
  endfacet
  facet normal -0.9469301294951006 -0.3214394653031767 0
    outer loop
      vertex 78.33701684147968 -11.88883017825716 46
      vertex 78.26133351267967 -11.665874281184536 47.4
      vertex 78.26133351267967 -11.665874281184536 46
    endloop
  endfacet
  facet normal 0 0 -1
    outer loop
      vertex 79.1 -12.75884572681199 46
      vertex 79.13397459621557 -11.7 46
      vertex 79.20664665970877 -11.80876142900872 46
    endloop
  endfacet
  facet normal 0 0 -1
    outer loop
      vertex 79.1 -12.75884572681199 46
      vertex 79.0761204674887 -11.582683432365089 46
      vertex 79.13397459621557 -11.7 46
    endloop
  endfacet
  facet normal 0 0 -1
    outer loop
      vertex 78.9042294277843 -12.628036012524223 46
      vertex 79.03407417371093 -11.45881904510252 46
      vertex 79.0761204674887 -11.582683432365089 46
    endloop
  endfacet
  facet normal -0.8968727415326935 -0.44228869021899103 0
    outer loop
      vertex 78.441154273188 -12.1 46
      vertex 78.441154273188 -12.1 47.4
      vertex 78.33701684147968 -11.88883017825716 47.4
    endloop
  endfacet
  facet normal -0.9469301294951006 -0.3214394653031767 0
    outer loop
      vertex 78.33701684147968 -11.88883017825716 46
      vertex 78.33701684147968 -11.88883017825716 47.4
      vertex 78.26133351267967 -11.665874281184536 47.4
    endloop
  endfacet
  facet normal 0 0 1
    outer loop
      vertex 78.9042294277843 -12.628036012524223 47.4
      vertex 78.72720779386421 -9.927207793864213 47.4
      vertex 78.72720779386421 -12.472792206135786 47.4
    endloop
  endfacet
  facet normal 0 0 1
    outer loop
      vertex 78.9042294277843 -12.628036012524223 47.4
      vertex 79.1 -12.75884572681199 47.4
      vertex 78.9042294277843 -9.771963987475775 47.4
    endloop
  endfacet
  facet normal 0 0 1
    outer loop
      vertex 79.31116982174284 -12.862983158520315 47.4
      vertex 79.1 -9.64115427318801 47.4
      vertex 79.1 -12.75884572681199 47.4
    endloop
  endfacet
  facet normal 0 0 1
    outer loop
      vertex 79.31116982174284 -12.862983158520315 47.4
      vertex 79.53412571881546 -12.938666487320322 47.4
      vertex 79.31116982174284 -9.537016841479684 47.4
    endloop
  endfacet
  facet normal 0 0 1
    outer loop
      vertex 79.53412571881546 -12.938666487320322 47.4
      vertex 79.76505285400391 -12.984600750472858 47.4
      vertex 79.53412571881546 -9.461333512679676 47.4
    endloop
  endfacet
  facet normal 0 0 -1
    outer loop
      vertex 78.57196398747578 -12.295770572215696 46
      vertex 78.441154273188 -12.1 46
      vertex 78.57196398747578 -10.104229427784302 46
    endloop
  endfacet
  facet normal 0 0 -1
    outer loop
      vertex 78.33701684147968 -11.88883017825716 46
      vertex 78.441154273188 -10.299999999999999 46
      vertex 78.441154273188 -12.1 46
    endloop
  endfacet
  facet normal 0 0 -1
    outer loop
      vertex 78.57196398747578 -12.295770572215696 46
      vertex 78.72720779386421 -9.927207793864213 46
      vertex 78.72720779386421 -12.472792206135786 46
    endloop
  endfacet
  facet normal 0 0 -1
    outer loop
      vertex 78.9042294277843 -12.628036012524223 46
      vertex 78.72720779386421 -12.472792206135786 46
      vertex 78.9042294277843 -9.771963987475775 46
    endloop
  endfacet
  facet normal -0.9807852804032337 -0.1950903220161126 0
    outer loop
      vertex 78.26133351267967 -11.665874281184536 46
      vertex 78.21539924952714 -11.434947145996093 47.4
      vertex 78.21539924952714 -11.434947145996093 46
    endloop
  endfacet
  facet normal 0 0 -1
    outer loop
      vertex 78.33701684147968 -11.88883017825716 46
      vertex 78.26133351267967 -11.665874281184536 46
      vertex 78.33701684147968 -10.511169821742838 46
    endloop
  endfacet
  facet normal 0 0 -1
    outer loop
      vertex 78.26133351267967 -11.665874281184536 46
      vertex 78.21539924952714 -11.434947145996093 46
      vertex 78.26133351267967 -10.734125718815463 46
    endloop
  endfacet
  facet normal 0 0 -1
    outer loop
      vertex 78.21539924952714 -11.434947145996093 46
      vertex 78.2 -11.2 46
      vertex 78.21539924952714 -10.965052854003906 46
    endloop
  endfacet
  facet normal -0.9978589232386053 -0.06540312923011787 0
    outer loop
      vertex 78.21539924952714 -11.434947145996093 46
      vertex 78.2 -11.2 47.4
      vertex 78.2 -11.2 46
    endloop
  endfacet
  facet normal -0.9807852804032337 -0.1950903220161126 0
    outer loop
      vertex 78.26133351267967 -11.665874281184536 46
      vertex 78.26133351267967 -11.665874281184536 47.4
      vertex 78.21539924952714 -11.434947145996093 47.4
    endloop
  endfacet
  facet normal 0 0 1
    outer loop
      vertex 78.57196398747578 -12.295770572215696 47.4
      vertex 78.441154273188 -10.299999999999999 47.4
      vertex 78.441154273188 -12.1 47.4
    endloop
  endfacet
  facet normal 0 0 1
    outer loop
      vertex 78.33701684147968 -11.88883017825716 47.4
      vertex 78.441154273188 -12.1 47.4
      vertex 78.33701684147968 -10.511169821742838 47.4
    endloop
  endfacet
  facet normal 0 0 1
    outer loop
      vertex 78.33701684147968 -11.88883017825716 47.4
      vertex 78.26133351267967 -10.734125718815463 47.4
      vertex 78.26133351267967 -11.665874281184536 47.4
    endloop
  endfacet
  facet normal 0 0 1
    outer loop
      vertex 78.57196398747578 -12.295770572215696 47.4
      vertex 78.72720779386421 -12.472792206135786 47.4
      vertex 78.57196398747578 -10.104229427784302 47.4
    endloop
  endfacet
  facet normal -0.9978589232386053 -0.06540312923011787 0
    outer loop
      vertex 78.21539924952714 -11.434947145996093 46
      vertex 78.21539924952714 -11.434947145996093 47.4
      vertex 78.2 -11.2 47.4
    endloop
  endfacet
  facet normal 0 0 1
    outer loop
      vertex 78.26133351267967 -11.665874281184536 47.4
      vertex 78.21539924952714 -10.965052854003906 47.4
      vertex 78.21539924952714 -11.434947145996093 47.4
    endloop
  endfacet
  facet normal 0 0 -1
    outer loop
      vertex 80.9 -12.75884572681199 46
      vertex 80.79335334029123 -11.80876142900872 46
      vertex 80.86602540378443 -11.7 46
    endloop
  endfacet
  facet normal 0 0 -1
    outer loop
      vertex 80.9 -12.75884572681199 46
      vertex 80.86602540378443 -11.7 46
      vertex 80.9238795325113 -11.582683432365089 46
    endloop
  endfacet
  facet normal 0 0 -1
    outer loop
      vertex 80.9 -12.75884572681199 46
      vertex 80.9238795325113 -11.582683432365089 46
      vertex 80.96592582628907 -11.45881904510252 46
    endloop
  endfacet
  facet normal 0 0 -1
    outer loop
      vertex 80.9 -12.75884572681199 46
      vertex 80.96592582628907 -11.45881904510252 46
      vertex 80.99144486137381 -11.33052619222005 46
    endloop
  endfacet
  facet normal 0 0 -1
    outer loop
      vertex 80.9 -12.75884572681199 46
      vertex 80.99144486137381 -11.33052619222005 46
      vertex 81 -11.2 46
    endloop
  endfacet
  facet normal 0 0 -1
    outer loop
      vertex 80.9 -12.75884572681199 46
      vertex 81.0957705722157 -9.771963987475775 46
      vertex 81.0957705722157 -12.628036012524223 46
    endloop
  endfacet
  facet normal 0 0 -1
    outer loop
      vertex 81.0957705722157 -12.628036012524223 46
      vertex 81.27279220613579 -9.927207793864213 46
      vertex 81.27279220613579 -12.472792206135786 46
    endloop
  endfacet
  facet normal 0 0 1
    outer loop
      vertex 79.76505285400391 -12.984600750472858 47.4
      vertex 80 -13 47.4
      vertex 79.76505285400391 -9.415399249527141 47.4
    endloop
  endfacet
  facet normal 0 0 1
    outer loop
      vertex 80 -13 47.4
      vertex 80.23494714599609 -12.984600750472858 47.4
      vertex 80 -9.399999999999999 47.4
    endloop
  endfacet
  facet normal 0 0 1
    outer loop
      vertex 80.23494714599609 -12.984600750472858 47.4
      vertex 80.46587428118454 -12.938666487320322 47.4
      vertex 80.23494714599609 -9.415399249527141 47.4
    endloop
  endfacet
  facet normal 0 0 1
    outer loop
      vertex 80.46587428118454 -12.938666487320322 47.4
      vertex 80.68883017825716 -12.862983158520315 47.4
      vertex 80.46587428118454 -9.461333512679676 47.4
    endloop
  endfacet
  facet normal 0 0 1
    outer loop
      vertex 80.68883017825716 -12.862983158520315 47.4
      vertex 80.9 -12.75884572681199 47.4
      vertex 80.68883017825716 -9.537016841479684 47.4
    endloop
  endfacet
  facet normal 0 0 1
    outer loop
      vertex 80.9 -12.75884572681199 47.4
      vertex 81.0957705722157 -12.628036012524223 47.4
      vertex 80.9 -9.64115427318801 47.4
    endloop
  endfacet
  facet normal 0 0 -1
    outer loop
      vertex 80.9 -12.75884572681199 46
      vertex 81 -11.2 46
      vertex 81.0957705722157 -9.771963987475775 46
    endloop
  endfacet
  facet normal 0 0 1
    outer loop
      vertex 81.0957705722157 -12.628036012524223 47.4
      vertex 81.27279220613579 -12.472792206135786 47.4
      vertex 81.0957705722157 -9.771963987475775 47.4
    endloop
  endfacet
  facet normal 0 0 1
    outer loop
      vertex 81.27279220613579 -12.472792206135786 47.4
      vertex 81.42803601252422 -12.295770572215696 47.4
      vertex 81.27279220613579 -9.927207793864213 47.4
    endloop
  endfacet
  facet normal 0.8314696123025207 -0.555570233019639 0
    outer loop
      vertex 81.42803601252422 -12.295770572215696 46
      vertex 81.558845726812 -12.1 46
      vertex 81.42803601252422 -12.295770572215696 47.4
    endloop
  endfacet
  facet normal 0.7518398074790029 -0.6593458151000398 0
    outer loop
      vertex 81.42803601252422 -12.295770572215696 46
      vertex 81.42803601252422 -12.295770572215696 47.4
      vertex 81.27279220613579 -12.472792206135786 47.4
    endloop
  endfacet
  facet normal 0.8314696123025207 -0.555570233019639 0
    outer loop
      vertex 81.558845726812 -12.1 46
      vertex 81.558845726812 -12.1 47.4
      vertex 81.42803601252422 -12.295770572215696 47.4
    endloop
  endfacet
  facet normal 0.8968727415326935 -0.44228869021899103 0
    outer loop
      vertex 81.558845726812 -12.1 46
      vertex 81.66298315852032 -11.88883017825716 46
      vertex 81.558845726812 -12.1 47.4
    endloop
  endfacet
  facet normal 0.9469301294951006 -0.3214394653031767 0
    outer loop
      vertex 81.66298315852032 -11.88883017825716 46
      vertex 81.73866648732033 -11.665874281184536 46
      vertex 81.66298315852032 -11.88883017825716 47.4
    endloop
  endfacet
  facet normal 0.8968727415326935 -0.44228869021899103 0
    outer loop
      vertex 81.66298315852032 -11.88883017825716 46
      vertex 81.66298315852032 -11.88883017825716 47.4
      vertex 81.558845726812 -12.1 47.4
    endloop
  endfacet
  facet normal 0.9469301294951006 -0.3214394653031767 0
    outer loop
      vertex 81.73866648732033 -11.665874281184536 46
      vertex 81.73866648732033 -11.665874281184536 47.4
      vertex 81.66298315852032 -11.88883017825716 47.4
    endloop
  endfacet
  facet normal 0 0 -1
    outer loop
      vertex 81.27279220613579 -12.472792206135786 46
      vertex 81.42803601252422 -10.104229427784302 46
      vertex 81.42803601252422 -12.295770572215696 46
    endloop
  endfacet
  facet normal 0 0 -1
    outer loop
      vertex 81.42803601252422 -12.295770572215696 46
      vertex 81.558845726812 -10.299999999999999 46
      vertex 81.558845726812 -12.1 46
    endloop
  endfacet
  facet normal 0 0 -1
    outer loop
      vertex 81.558845726812 -12.1 46
      vertex 81.66298315852032 -10.511169821742838 46
      vertex 81.66298315852032 -11.88883017825716 46
    endloop
  endfacet
  facet normal 0 0 -1
    outer loop
      vertex 81.66298315852032 -11.88883017825716 46
      vertex 81.73866648732033 -10.734125718815463 46
      vertex 81.73866648732033 -11.665874281184536 46
    endloop
  endfacet
  facet normal 0.9807852804032337 -0.1950903220161126 0
    outer loop
      vertex 81.73866648732033 -11.665874281184536 46
      vertex 81.78460075047286 -11.434947145996093 46
      vertex 81.73866648732033 -11.665874281184536 47.4
    endloop
  endfacet
  facet normal 0 0 -1
    outer loop
      vertex 81.73866648732033 -11.665874281184536 46
      vertex 81.78460075047286 -10.965052854003906 46
      vertex 81.78460075047286 -11.434947145996093 46
    endloop
  endfacet
  facet normal 0.9978589232386053 -0.06540312923011787 0
    outer loop
      vertex 81.78460075047286 -11.434947145996093 46
      vertex 81.8 -11.2 46
      vertex 81.78460075047286 -11.434947145996093 47.4
    endloop
  endfacet
  facet normal 0.9807852804032337 -0.1950903220161126 0
    outer loop
      vertex 81.78460075047286 -11.434947145996093 46
      vertex 81.78460075047286 -11.434947145996093 47.4
      vertex 81.73866648732033 -11.665874281184536 47.4
    endloop
  endfacet
  facet normal 0 0 1
    outer loop
      vertex 81.42803601252422 -12.295770572215696 47.4
      vertex 81.558845726812 -12.1 47.4
      vertex 81.42803601252422 -10.104229427784302 47.4
    endloop
  endfacet
  facet normal 0 0 1
    outer loop
      vertex 81.558845726812 -12.1 47.4
      vertex 81.66298315852032 -11.88883017825716 47.4
      vertex 81.558845726812 -10.299999999999999 47.4
    endloop
  endfacet
  facet normal 0.9978589232386053 -0.06540312923011787 0
    outer loop
      vertex 81.78460075047286 -11.434947145996093 47.4
      vertex 81.8 -11.2 46
      vertex 81.8 -11.2 47.4
    endloop
  endfacet
  facet normal 0 0 1
    outer loop
      vertex 81.66298315852032 -11.88883017825716 47.4
      vertex 81.73866648732033 -11.665874281184536 47.4
      vertex 81.66298315852032 -10.511169821742838 47.4
    endloop
  endfacet
  facet normal 0 0 1
    outer loop
      vertex 81.73866648732033 -11.665874281184536 47.4
      vertex 81.78460075047286 -11.434947145996093 47.4
      vertex 81.73866648732033 -10.734125718815463 47.4
    endloop
  endfacet
  facet normal 0 0 1
    outer loop
      vertex 81.78460075047286 -11.434947145996093 47.4
      vertex 81.8 -11.2 47.4
      vertex 81.78460075047286 -10.965052854003906 47.4
    endloop
  endfacet
  facet normal 0 0 -1
    outer loop
      vertex 79.00855513862619 -11.33052619222005 40
      vertex 79.00855513862619 -11.069473807779948 40
      vertex 79.03407417371093 -10.94118095489748 40
    endloop
  endfacet
  facet normal 0 0 -1
    outer loop
      vertex 79.03407417371093 -11.45881904510252 40
      vertex 79.03407417371093 -10.94118095489748 40
      vertex 79.0761204674887 -10.81731656763491 40
    endloop
  endfacet
  facet normal 0 0 -1
    outer loop
      vertex 79.0761204674887 -11.582683432365089 40
      vertex 79.0761204674887 -10.81731656763491 40
      vertex 79.13397459621557 -10.7 40
    endloop
  endfacet
  facet normal 0 0 -1
    outer loop
      vertex 79.13397459621557 -11.7 40
      vertex 79.13397459621557 -10.7 40
      vertex 79.20664665970877 -10.591238570991278 40
    endloop
  endfacet
  facet normal 0 0 -1
    outer loop
      vertex 79.20664665970877 -11.80876142900872 40
      vertex 79.20664665970877 -10.591238570991278 40
      vertex 79.29289321881345 -10.492893218813451 40
    endloop
  endfacet
  facet normal 0 0 -1
    outer loop
      vertex 79.29289321881345 -11.907106781186547 40
      vertex 79.29289321881345 -10.492893218813451 40
      vertex 79.39123857099128 -10.406646659708764 40
    endloop
  endfacet
  facet normal 0 0 -1
    outer loop
      vertex 79.39123857099128 -11.993353340291234 40
      vertex 79.39123857099128 -10.406646659708764 40
      vertex 79.5 -10.33397459621556 40
    endloop
  endfacet
  facet normal 0 0 -1
    outer loop
      vertex 79.5 -12.066025403784439 40
      vertex 79.5 -10.33397459621556 40
      vertex 79.61731656763492 -10.276120467488713 40
    endloop
  endfacet
  facet normal 0 0 -1
    outer loop
      vertex 79.61731656763492 -12.123879532511285 40
      vertex 79.61731656763492 -10.276120467488713 40
      vertex 79.74118095489747 -10.234074173710932 40
    endloop
  endfacet
  facet normal 0 0 -1
    outer loop
      vertex 79.74118095489747 -12.165925826289067 40
      vertex 79.74118095489747 -10.234074173710932 40
      vertex 79.86947380777995 -10.208555138626188 40
    endloop
  endfacet
  facet normal 0 0 -1
    outer loop
      vertex 79.86947380777995 -12.19144486137381 40
      vertex 79.86947380777995 -10.208555138626188 40
      vertex 80 -10.2 40
    endloop
  endfacet
  facet normal 0 0 -1
    outer loop
      vertex 80 -12.2 40
      vertex 80 -10.2 40
      vertex 80.13052619222005 -10.208555138626188 40
    endloop
  endfacet
  facet normal 0 0 -1
    outer loop
      vertex 80.13052619222005 -12.19144486137381 40
      vertex 80.13052619222005 -10.208555138626188 40
      vertex 80.25881904510253 -10.234074173710932 40
    endloop
  endfacet
  facet normal 0 0 -1
    outer loop
      vertex 80.25881904510253 -12.165925826289067 40
      vertex 80.25881904510253 -10.234074173710932 40
      vertex 80.38268343236508 -10.276120467488713 40
    endloop
  endfacet
  facet normal 0 0 -1
    outer loop
      vertex 80.5 -12.066025403784439 40
      vertex 80.5 -10.33397459621556 40
      vertex 80.60876142900872 -10.406646659708764 40
    endloop
  endfacet
  facet normal 0 0 -1
    outer loop
      vertex 80.38268343236508 -12.123879532511285 40
      vertex 80.38268343236508 -10.276120467488713 40
      vertex 80.5 -10.33397459621556 40
    endloop
  endfacet
  facet normal 0 0 -1
    outer loop
      vertex 80.9238795325113 -11.582683432365089 40
      vertex 80.9238795325113 -10.81731656763491 40
      vertex 80.96592582628907 -10.94118095489748 40
    endloop
  endfacet
  facet normal 0 0 -1
    outer loop
      vertex 80.70710678118655 -11.907106781186547 40
      vertex 80.70710678118655 -10.492893218813451 40
      vertex 80.79335334029123 -10.591238570991278 40
    endloop
  endfacet
  facet normal 0 0 -1
    outer loop
      vertex 80.79335334029123 -11.80876142900872 40
      vertex 80.79335334029123 -10.591238570991278 40
      vertex 80.86602540378443 -10.7 40
    endloop
  endfacet
  facet normal 0 0 -1
    outer loop
      vertex 80.86602540378443 -11.7 40
      vertex 80.86602540378443 -10.7 40
      vertex 80.9238795325113 -10.81731656763491 40
    endloop
  endfacet
  facet normal 0 0 -1
    outer loop
      vertex 80.99144486137381 -11.33052619222005 40
      vertex 80.99144486137381 -11.069473807779948 40
      vertex 81 -11.2 40
    endloop
  endfacet
  facet normal 0 0 -1
    outer loop
      vertex 80.96592582628907 -11.45881904510252 40
      vertex 80.96592582628907 -10.94118095489748 40
      vertex 80.99144486137381 -11.069473807779948 40
    endloop
  endfacet
  facet normal 0 0 -1
    outer loop
      vertex 80.60876142900872 -11.993353340291234 40
      vertex 80.60876142900872 -10.406646659708764 40
      vertex 80.70710678118655 -10.492893218813451 40
    endloop
  endfacet
  facet normal -0.9978589232386019 0.06540312923016633 0
    outer loop
      vertex 79 -11.2 40
      vertex 79.00855513862619 -11.069473807779948 46
      vertex 79.00855513862619 -11.069473807779948 40
    endloop
  endfacet
  facet normal -0.9807852804032313 0.1950903220161236 0
    outer loop
      vertex 79.00855513862619 -11.069473807779948 40
      vertex 79.03407417371093 -10.94118095489748 46
      vertex 79.03407417371093 -10.94118095489748 40
    endloop
  endfacet
  facet normal -0.9469301294951266 0.3214394653031 0
    outer loop
      vertex 79.03407417371093 -10.94118095489748 40
      vertex 79.0761204674887 -10.81731656763491 46
      vertex 79.0761204674887 -10.81731656763491 40
    endloop
  endfacet
  facet normal -0.8968727415326547 0.44228869021906925 0
    outer loop
      vertex 79.0761204674887 -10.81731656763491 40
      vertex 79.13397459621557 -10.7 46
      vertex 79.13397459621557 -10.7 40
    endloop
  endfacet
  facet normal -0.8314696123025563 0.5555702330195854 0
    outer loop
      vertex 79.13397459621557 -10.7 40
      vertex 79.20664665970877 -10.591238570991278 46
      vertex 79.20664665970877 -10.591238570991278 40
    endloop
  endfacet
  facet normal -0.7518398074790056 0.6593458151000368 0
    outer loop
      vertex 79.20664665970877 -10.591238570991278 40
      vertex 79.29289321881345 -10.492893218813451 46
      vertex 79.29289321881345 -10.492893218813451 40
    endloop
  endfacet
  facet normal -0.659345815100054 0.7518398074789906 0
    outer loop
      vertex 79.29289321881345 -10.492893218813451 40
      vertex 79.29289321881345 -10.492893218813451 46
      vertex 79.39123857099128 -10.406646659708764 40
    endloop
  endfacet
  facet normal -0.555570233019598 0.831469612302548 0
    outer loop
      vertex 79.39123857099128 -10.406646659708764 40
      vertex 79.39123857099128 -10.406646659708764 46
      vertex 79.5 -10.33397459621556 40
    endloop
  endfacet
  facet normal -0.44228869021897665 0.8968727415327005 0
    outer loop
      vertex 79.5 -10.33397459621556 40
      vertex 79.5 -10.33397459621556 46
      vertex 79.61731656763492 -10.276120467488713 40
    endloop
  endfacet
  facet normal 0.9978589232386019 0.06540312923016633 0
    outer loop
      vertex 81 -11.2 40
      vertex 80.99144486137381 -11.069473807779948 40
      vertex 81 -11.2 46
    endloop
  endfacet
  facet normal 0.9807852804032313 0.1950903220161236 0
    outer loop
      vertex 80.99144486137381 -11.069473807779948 40
      vertex 80.96592582628907 -10.94118095489748 40
      vertex 80.99144486137381 -11.069473807779948 46
    endloop
  endfacet
  facet normal 0.9469301294951266 0.3214394653031 0
    outer loop
      vertex 80.96592582628907 -10.94118095489748 40
      vertex 80.9238795325113 -10.81731656763491 40
      vertex 80.96592582628907 -10.94118095489748 46
    endloop
  endfacet
  facet normal 0.8968727415326547 0.44228869021906925 0
    outer loop
      vertex 80.9238795325113 -10.81731656763491 40
      vertex 80.86602540378443 -10.7 40
      vertex 80.9238795325113 -10.81731656763491 46
    endloop
  endfacet
  facet normal 0.555570233019598 0.831469612302548 0
    outer loop
      vertex 80.5 -10.33397459621556 40
      vertex 80.5 -10.33397459621556 46
      vertex 80.60876142900872 -10.406646659708764 40
    endloop
  endfacet
  facet normal 0.8314696123025563 0.5555702330195854 0
    outer loop
      vertex 80.79335334029123 -10.591238570991278 40
      vertex 80.86602540378443 -10.7 46
      vertex 80.86602540378443 -10.7 40
    endloop
  endfacet
  facet normal 0.7518398074790056 0.6593458151000368 0
    outer loop
      vertex 80.70710678118655 -10.492893218813451 40
      vertex 80.79335334029123 -10.591238570991278 46
      vertex 80.79335334029123 -10.591238570991278 40
    endloop
  endfacet
  facet normal 0.659345815100054 0.7518398074789906 0
    outer loop
      vertex 80.70710678118655 -10.492893218813451 40
      vertex 80.60876142900872 -10.406646659708764 40
      vertex 80.60876142900872 -10.406646659708764 46
    endloop
  endfacet
  facet normal -0.32143946530318984 0.946930129495096 0
    outer loop
      vertex 79.61731656763492 -10.276120467488713 40
      vertex 79.61731656763492 -10.276120467488713 46
      vertex 79.74118095489747 -10.234074173710932 40
    endloop
  endfacet
  facet normal -0.19509032201611848 0.9807852804032323 0
    outer loop
      vertex 79.74118095489747 -10.234074173710932 40
      vertex 79.74118095489747 -10.234074173710932 46
      vertex 79.86947380777995 -10.208555138626188 40
    endloop
  endfacet
  facet normal -0.06540312923014195 0.9978589232386036 0
    outer loop
      vertex 79.86947380777995 -10.208555138626188 40
      vertex 79.86947380777995 -10.208555138626188 46
      vertex 80 -10.2 40
    endloop
  endfacet
  facet normal 0.06540312923014195 0.9978589232386036 0
    outer loop
      vertex 80 -10.2 40
      vertex 80 -10.2 46
      vertex 80.13052619222005 -10.208555138626188 40
    endloop
  endfacet
  facet normal 0.32143946530318984 0.946930129495096 0
    outer loop
      vertex 80.25881904510253 -10.234074173710932 40
      vertex 80.25881904510253 -10.234074173710932 46
      vertex 80.38268343236508 -10.276120467488713 40
    endloop
  endfacet
  facet normal 0.19509032201611848 0.9807852804032323 0
    outer loop
      vertex 80.13052619222005 -10.208555138626188 40
      vertex 80.13052619222005 -10.208555138626188 46
      vertex 80.25881904510253 -10.234074173710932 40
    endloop
  endfacet
  facet normal 0.44228869021897665 0.8968727415327005 0
    outer loop
      vertex 80.38268343236508 -10.276120467488713 40
      vertex 80.38268343236508 -10.276120467488713 46
      vertex 80.5 -10.33397459621556 40
    endloop
  endfacet
  facet normal -0.9978589232386019 0.06540312923016633 0
    outer loop
      vertex 79 -11.2 40
      vertex 79 -11.2 46
      vertex 79.00855513862619 -11.069473807779948 46
    endloop
  endfacet
  facet normal -0.9807852804032313 0.1950903220161236 0
    outer loop
      vertex 79.00855513862619 -11.069473807779948 40
      vertex 79.00855513862619 -11.069473807779948 46
      vertex 79.03407417371093 -10.94118095489748 46
    endloop
  endfacet
  facet normal -0.9469301294951266 0.3214394653031 0
    outer loop
      vertex 79.03407417371093 -10.94118095489748 40
      vertex 79.03407417371093 -10.94118095489748 46
      vertex 79.0761204674887 -10.81731656763491 46
    endloop
  endfacet
  facet normal -0.8968727415326547 0.44228869021906925 0
    outer loop
      vertex 79.0761204674887 -10.81731656763491 40
      vertex 79.0761204674887 -10.81731656763491 46
      vertex 79.13397459621557 -10.7 46
    endloop
  endfacet
  facet normal -0.8314696123025563 0.5555702330195854 0
    outer loop
      vertex 79.13397459621557 -10.7 40
      vertex 79.13397459621557 -10.7 46
      vertex 79.20664665970877 -10.591238570991278 46
    endloop
  endfacet
  facet normal -0.7518398074790056 0.6593458151000368 0
    outer loop
      vertex 79.20664665970877 -10.591238570991278 40
      vertex 79.20664665970877 -10.591238570991278 46
      vertex 79.29289321881345 -10.492893218813451 46
    endloop
  endfacet
  facet normal -0.659345815100054 0.7518398074789906 0
    outer loop
      vertex 79.39123857099128 -10.406646659708764 40
      vertex 79.29289321881345 -10.492893218813451 46
      vertex 79.39123857099128 -10.406646659708764 46
    endloop
  endfacet
  facet normal -0.555570233019598 0.831469612302548 0
    outer loop
      vertex 79.5 -10.33397459621556 40
      vertex 79.39123857099128 -10.406646659708764 46
      vertex 79.5 -10.33397459621556 46
    endloop
  endfacet
  facet normal 0.9978589232386019 0.06540312923016633 0
    outer loop
      vertex 80.99144486137381 -11.069473807779948 40
      vertex 80.99144486137381 -11.069473807779948 46
      vertex 81 -11.2 46
    endloop
  endfacet
  facet normal 0.9807852804032313 0.1950903220161236 0
    outer loop
      vertex 80.96592582628907 -10.94118095489748 40
      vertex 80.96592582628907 -10.94118095489748 46
      vertex 80.99144486137381 -11.069473807779948 46
    endloop
  endfacet
  facet normal 0.9469301294951266 0.3214394653031 0
    outer loop
      vertex 80.9238795325113 -10.81731656763491 40
      vertex 80.9238795325113 -10.81731656763491 46
      vertex 80.96592582628907 -10.94118095489748 46
    endloop
  endfacet
  facet normal 0.44228869021897665 0.8968727415327005 0
    outer loop
      vertex 80.5 -10.33397459621556 40
      vertex 80.38268343236508 -10.276120467488713 46
      vertex 80.5 -10.33397459621556 46
    endloop
  endfacet
  facet normal 0.8968727415326547 0.44228869021906925 0
    outer loop
      vertex 80.86602540378443 -10.7 40
      vertex 80.86602540378443 -10.7 46
      vertex 80.9238795325113 -10.81731656763491 46
    endloop
  endfacet
  facet normal 0.7518398074790056 0.6593458151000368 0
    outer loop
      vertex 80.70710678118655 -10.492893218813451 40
      vertex 80.70710678118655 -10.492893218813451 46
      vertex 80.79335334029123 -10.591238570991278 46
    endloop
  endfacet
  facet normal 0.8314696123025563 0.5555702330195854 0
    outer loop
      vertex 80.79335334029123 -10.591238570991278 40
      vertex 80.79335334029123 -10.591238570991278 46
      vertex 80.86602540378443 -10.7 46
    endloop
  endfacet
  facet normal 0.659345815100054 0.7518398074789906 0
    outer loop
      vertex 80.70710678118655 -10.492893218813451 40
      vertex 80.60876142900872 -10.406646659708764 46
      vertex 80.70710678118655 -10.492893218813451 46
    endloop
  endfacet
  facet normal 0.555570233019598 0.831469612302548 0
    outer loop
      vertex 80.60876142900872 -10.406646659708764 40
      vertex 80.5 -10.33397459621556 46
      vertex 80.60876142900872 -10.406646659708764 46
    endloop
  endfacet
  facet normal 0 0 -1
    outer loop
      vertex 78.21539924952714 -11.434947145996093 46
      vertex 78.21539924952714 -10.965052854003906 46
      vertex 78.26133351267967 -10.734125718815463 46
    endloop
  endfacet
  facet normal -0.9978589232386053 0.06540312923011787 0
    outer loop
      vertex 78.2 -11.2 46
      vertex 78.21539924952714 -10.965052854003906 47.4
      vertex 78.21539924952714 -10.965052854003906 46
    endloop
  endfacet
  facet normal 0 0 -1
    outer loop
      vertex 78.26133351267967 -11.665874281184536 46
      vertex 78.26133351267967 -10.734125718815463 46
      vertex 78.33701684147968 -10.511169821742838 46
    endloop
  endfacet
  facet normal 0 0 -1
    outer loop
      vertex 78.33701684147968 -11.88883017825716 46
      vertex 78.33701684147968 -10.511169821742838 46
      vertex 78.441154273188 -10.299999999999999 46
    endloop
  endfacet
  facet normal 0 0 -1
    outer loop
      vertex 78.441154273188 -12.1 46
      vertex 78.441154273188 -10.299999999999999 46
      vertex 78.57196398747578 -10.104229427784302 46
    endloop
  endfacet
  facet normal 0 0 -1
    outer loop
      vertex 78.57196398747578 -12.295770572215696 46
      vertex 78.57196398747578 -10.104229427784302 46
      vertex 78.72720779386421 -9.927207793864213 46
    endloop
  endfacet
  facet normal -0.9807852804032337 0.1950903220161126 0
    outer loop
      vertex 78.21539924952714 -10.965052854003906 46
      vertex 78.26133351267967 -10.734125718815463 47.4
      vertex 78.26133351267967 -10.734125718815463 46
    endloop
  endfacet
  facet normal 0 0 -1
    outer loop
      vertex 78.9042294277843 -12.628036012524223 46
      vertex 79.1 -9.64115427318801 46
      vertex 79 -11.2 46
    endloop
  endfacet
  facet normal -0.9978589232386053 0.06540312923011787 0
    outer loop
      vertex 78.2 -11.2 46
      vertex 78.2 -11.2 47.4
      vertex 78.21539924952714 -10.965052854003906 47.4
    endloop
  endfacet
  facet normal 0 0 1
    outer loop
      vertex 78.21539924952714 -11.434947145996093 47.4
      vertex 78.21539924952714 -10.965052854003906 47.4
      vertex 78.2 -11.2 47.4
    endloop
  endfacet
  facet normal 0 0 1
    outer loop
      vertex 78.26133351267967 -11.665874281184536 47.4
      vertex 78.26133351267967 -10.734125718815463 47.4
      vertex 78.21539924952714 -10.965052854003906 47.4
    endloop
  endfacet
  facet normal 0 0 1
    outer loop
      vertex 78.33701684147968 -11.88883017825716 47.4
      vertex 78.33701684147968 -10.511169821742838 47.4
      vertex 78.26133351267967 -10.734125718815463 47.4
    endloop
  endfacet
  facet normal -0.9807852804032337 0.1950903220161126 0
    outer loop
      vertex 78.21539924952714 -10.965052854003906 46
      vertex 78.21539924952714 -10.965052854003906 47.4
      vertex 78.26133351267967 -10.734125718815463 47.4
    endloop
  endfacet
  facet normal 0 0 1
    outer loop
      vertex 78.441154273188 -12.1 47.4
      vertex 78.441154273188 -10.299999999999999 47.4
      vertex 78.33701684147968 -10.511169821742838 47.4
    endloop
  endfacet
  facet normal 0 0 1
    outer loop
      vertex 78.57196398747578 -12.295770572215696 47.4
      vertex 78.57196398747578 -10.104229427784302 47.4
      vertex 78.441154273188 -10.299999999999999 47.4
    endloop
  endfacet
  facet normal 0 0 1
    outer loop
      vertex 78.72720779386421 -12.472792206135786 47.4
      vertex 78.72720779386421 -9.927207793864213 47.4
      vertex 78.57196398747578 -10.104229427784302 47.4
    endloop
  endfacet
  facet normal 0 0 1
    outer loop
      vertex 78.9042294277843 -12.628036012524223 47.4
      vertex 78.9042294277843 -9.771963987475775 47.4
      vertex 78.72720779386421 -9.927207793864213 47.4
    endloop
  endfacet
  facet normal 0 0 -1
    outer loop
      vertex 78.72720779386421 -12.472792206135786 46
      vertex 78.72720779386421 -9.927207793864213 46
      vertex 78.9042294277843 -9.771963987475775 46
    endloop
  endfacet
  facet normal 0 0 -1
    outer loop
      vertex 78.9042294277843 -12.628036012524223 46
      vertex 78.9042294277843 -9.771963987475775 46
      vertex 79.1 -9.64115427318801 46
    endloop
  endfacet
  facet normal -0.9469301294951006 0.3214394653031767 0
    outer loop
      vertex 78.26133351267967 -10.734125718815463 46
      vertex 78.33701684147968 -10.511169821742838 47.4
      vertex 78.33701684147968 -10.511169821742838 46
    endloop
  endfacet
  facet normal -0.8968727415326935 0.44228869021899103 0
    outer loop
      vertex 78.33701684147968 -10.511169821742838 46
      vertex 78.441154273188 -10.299999999999999 47.4
      vertex 78.441154273188 -10.299999999999999 46
    endloop
  endfacet
  facet normal 0 0 -1
    outer loop
      vertex 79.1 -9.64115427318801 46
      vertex 79.00855513862619 -11.069473807779948 46
      vertex 79 -11.2 46
    endloop
  endfacet
  facet normal 0 0 -1
    outer loop
      vertex 79.1 -9.64115427318801 46
      vertex 79.03407417371093 -10.94118095489748 46
      vertex 79.00855513862619 -11.069473807779948 46
    endloop
  endfacet
  facet normal 0 0 -1
    outer loop
      vertex 79.1 -9.64115427318801 46
      vertex 79.0761204674887 -10.81731656763491 46
      vertex 79.03407417371093 -10.94118095489748 46
    endloop
  endfacet
  facet normal 0 0 -1
    outer loop
      vertex 79.1 -9.64115427318801 46
      vertex 79.13397459621557 -10.7 46
      vertex 79.0761204674887 -10.81731656763491 46
    endloop
  endfacet
  facet normal 0 0 -1
    outer loop
      vertex 79.1 -9.64115427318801 46
      vertex 79.20664665970877 -10.591238570991278 46
      vertex 79.13397459621557 -10.7 46
    endloop
  endfacet
  facet normal -0.9469301294951006 0.3214394653031767 0
    outer loop
      vertex 78.26133351267967 -10.734125718815463 46
      vertex 78.26133351267967 -10.734125718815463 47.4
      vertex 78.33701684147968 -10.511169821742838 47.4
    endloop
  endfacet
  facet normal -0.8968727415326935 0.44228869021899103 0
    outer loop
      vertex 78.33701684147968 -10.511169821742838 46
      vertex 78.33701684147968 -10.511169821742838 47.4
      vertex 78.441154273188 -10.299999999999999 47.4
    endloop
  endfacet
  facet normal 0 0 1
    outer loop
      vertex 79.1 -12.75884572681199 47.4
      vertex 79.1 -9.64115427318801 47.4
      vertex 78.9042294277843 -9.771963987475775 47.4
    endloop
  endfacet
  facet normal 0 0 1
    outer loop
      vertex 79.31116982174284 -12.862983158520315 47.4
      vertex 79.31116982174284 -9.537016841479684 47.4
      vertex 79.1 -9.64115427318801 47.4
    endloop
  endfacet
  facet normal 0 0 1
    outer loop
      vertex 79.53412571881546 -12.938666487320322 47.4
      vertex 79.53412571881546 -9.461333512679676 47.4
      vertex 79.31116982174284 -9.537016841479684 47.4
    endloop
  endfacet
  facet normal 0 0 1
    outer loop
      vertex 79.76505285400391 -12.984600750472858 47.4
      vertex 79.76505285400391 -9.415399249527141 47.4
      vertex 79.53412571881546 -9.461333512679676 47.4
    endloop
  endfacet
  facet normal 0 0 -1
    outer loop
      vertex 81.27279220613579 -12.472792206135786 46
      vertex 81.27279220613579 -9.927207793864213 46
      vertex 81.42803601252422 -10.104229427784302 46
    endloop
  endfacet
  facet normal 0 0 -1
    outer loop
      vertex 81.0957705722157 -12.628036012524223 46
      vertex 81.0957705722157 -9.771963987475775 46
      vertex 81.27279220613579 -9.927207793864213 46
    endloop
  endfacet
  facet normal 0 0 -1
    outer loop
      vertex 81.0957705722157 -9.771963987475775 46
      vertex 81 -11.2 46
      vertex 80.99144486137381 -11.069473807779948 46
    endloop
  endfacet
  facet normal 0 0 -1
    outer loop
      vertex 81.0957705722157 -9.771963987475775 46
      vertex 80.99144486137381 -11.069473807779948 46
      vertex 80.96592582628907 -10.94118095489748 46
    endloop
  endfacet
  facet normal 0 0 -1
    outer loop
      vertex 80.9 -9.64115427318801 46
      vertex 80.9238795325113 -10.81731656763491 46
      vertex 80.86602540378443 -10.7 46
    endloop
  endfacet
  facet normal 0 0 -1
    outer loop
      vertex 80.9 -9.64115427318801 46
      vertex 80.86602540378443 -10.7 46
      vertex 80.79335334029123 -10.591238570991278 46
    endloop
  endfacet
  facet normal 0 0 -1
    outer loop
      vertex 81.0957705722157 -9.771963987475775 46
      vertex 80.96592582628907 -10.94118095489748 46
      vertex 80.9238795325113 -10.81731656763491 46
    endloop
  endfacet
  facet normal 0 0 1
    outer loop
      vertex 79.76505285400391 -9.415399249527141 47.4
      vertex 80 -13 47.4
      vertex 80 -9.399999999999999 47.4
    endloop
  endfacet
  facet normal 0 0 1
    outer loop
      vertex 80.23494714599609 -12.984600750472858 47.4
      vertex 80.23494714599609 -9.415399249527141 47.4
      vertex 80 -9.399999999999999 47.4
    endloop
  endfacet
  facet normal 0 0 1
    outer loop
      vertex 80.46587428118454 -12.938666487320322 47.4
      vertex 80.46587428118454 -9.461333512679676 47.4
      vertex 80.23494714599609 -9.415399249527141 47.4
    endloop
  endfacet
  facet normal 0 0 1
    outer loop
      vertex 80.9 -12.75884572681199 47.4
      vertex 80.9 -9.64115427318801 47.4
      vertex 80.68883017825716 -9.537016841479684 47.4
    endloop
  endfacet
  facet normal 0 0 1
    outer loop
      vertex 80.68883017825716 -12.862983158520315 47.4
      vertex 80.68883017825716 -9.537016841479684 47.4
      vertex 80.46587428118454 -9.461333512679676 47.4
    endloop
  endfacet
  facet normal 0 0 1
    outer loop
      vertex 81.0957705722157 -12.628036012524223 47.4
      vertex 81.0957705722157 -9.771963987475775 47.4
      vertex 80.9 -9.64115427318801 47.4
    endloop
  endfacet
  facet normal 0 0 1
    outer loop
      vertex 81.27279220613579 -12.472792206135786 47.4
      vertex 81.27279220613579 -9.927207793864213 47.4
      vertex 81.0957705722157 -9.771963987475775 47.4
    endloop
  endfacet
  facet normal -0.44228869021897665 0.8968727415327005 0
    outer loop
      vertex 79.61731656763492 -10.276120467488713 40
      vertex 79.5 -10.33397459621556 46
      vertex 79.61731656763492 -10.276120467488713 46
    endloop
  endfacet
  facet normal -0.32143946530318984 0.946930129495096 0
    outer loop
      vertex 79.74118095489747 -10.234074173710932 40
      vertex 79.61731656763492 -10.276120467488713 46
      vertex 79.74118095489747 -10.234074173710932 46
    endloop
  endfacet
  facet normal -0.19509032201611848 0.9807852804032323 0
    outer loop
      vertex 79.86947380777995 -10.208555138626188 40
      vertex 79.74118095489747 -10.234074173710932 46
      vertex 79.86947380777995 -10.208555138626188 46
    endloop
  endfacet
  facet normal -0.06540312923014195 0.9978589232386036 0
    outer loop
      vertex 80 -10.2 40
      vertex 79.86947380777995 -10.208555138626188 46
      vertex 80 -10.2 46
    endloop
  endfacet
  facet normal 0.06540312923014195 0.9978589232386036 0
    outer loop
      vertex 80.13052619222005 -10.208555138626188 40
      vertex 80 -10.2 46
      vertex 80.13052619222005 -10.208555138626188 46
    endloop
  endfacet
  facet normal 0.32143946530318984 0.946930129495096 0
    outer loop
      vertex 80.38268343236508 -10.276120467488713 40
      vertex 80.25881904510253 -10.234074173710932 46
      vertex 80.38268343236508 -10.276120467488713 46
    endloop
  endfacet
  facet normal 0.19509032201611848 0.9807852804032323 0
    outer loop
      vertex 80.25881904510253 -10.234074173710932 40
      vertex 80.13052619222005 -10.208555138626188 46
      vertex 80.25881904510253 -10.234074173710932 46
    endloop
  endfacet
  facet normal -0.8314696123025207 0.555570233019639 0
    outer loop
      vertex 78.441154273188 -10.299999999999999 46
      vertex 78.57196398747578 -10.104229427784302 47.4
      vertex 78.57196398747578 -10.104229427784302 46
    endloop
  endfacet
  facet normal -0.7518398074790029 0.6593458151000398 0
    outer loop
      vertex 78.57196398747578 -10.104229427784302 46
      vertex 78.72720779386421 -9.927207793864213 47.4
      vertex 78.72720779386421 -9.927207793864213 46
    endloop
  endfacet
  facet normal -0.6593458151000616 0.7518398074789837 0
    outer loop
      vertex 78.72720779386421 -9.927207793864213 46
      vertex 78.72720779386421 -9.927207793864213 47.4
      vertex 78.9042294277843 -9.771963987475775 46
    endloop
  endfacet
  facet normal 0 0 -1
    outer loop
      vertex 79.1 -9.64115427318801 46
      vertex 79.29289321881345 -10.492893218813451 46
      vertex 79.20664665970877 -10.591238570991278 46
    endloop
  endfacet
  facet normal 0 0 -1
    outer loop
      vertex 79.31116982174284 -9.537016841479684 46
      vertex 79.39123857099128 -10.406646659708764 46
      vertex 79.29289321881345 -10.492893218813451 46
    endloop
  endfacet
  facet normal 0 0 -1
    outer loop
      vertex 79.31116982174284 -9.537016841479684 46
      vertex 79.5 -10.33397459621556 46
      vertex 79.39123857099128 -10.406646659708764 46
    endloop
  endfacet
  facet normal 0 0 -1
    outer loop
      vertex 79.1 -9.64115427318801 46
      vertex 79.31116982174284 -9.537016841479684 46
      vertex 79.29289321881345 -10.492893218813451 46
    endloop
  endfacet
  facet normal 0 0 -1
    outer loop
      vertex 79.53412571881546 -9.461333512679676 46
      vertex 79.61731656763492 -10.276120467488713 46
      vertex 79.5 -10.33397459621556 46
    endloop
  endfacet
  facet normal 0 0 -1
    outer loop
      vertex 79.53412571881546 -9.461333512679676 46
      vertex 79.74118095489747 -10.234074173710932 46
      vertex 79.61731656763492 -10.276120467488713 46
    endloop
  endfacet
  facet normal -0.8314696123025207 0.555570233019639 0
    outer loop
      vertex 78.441154273188 -10.299999999999999 46
      vertex 78.441154273188 -10.299999999999999 47.4
      vertex 78.57196398747578 -10.104229427784302 47.4
    endloop
  endfacet
  facet normal -0.7518398074790029 0.6593458151000398 0
    outer loop
      vertex 78.57196398747578 -10.104229427784302 46
      vertex 78.57196398747578 -10.104229427784302 47.4
      vertex 78.72720779386421 -9.927207793864213 47.4
    endloop
  endfacet
  facet normal -0.5555702330196095 0.8314696123025404 0
    outer loop
      vertex 78.9042294277843 -9.771963987475775 46
      vertex 78.9042294277843 -9.771963987475775 47.4
      vertex 79.1 -9.64115427318801 46
    endloop
  endfacet
  facet normal 0 0 -1
    outer loop
      vertex 79.31116982174284 -9.537016841479684 46
      vertex 79.53412571881546 -9.461333512679676 46
      vertex 79.5 -10.33397459621556 46
    endloop
  endfacet
  facet normal 0 0 -1
    outer loop
      vertex 79.53412571881546 -9.461333512679676 46
      vertex 79.76505285400391 -9.415399249527141 46
      vertex 79.74118095489747 -10.234074173710932 46
    endloop
  endfacet
  facet normal -0.4422886902189911 0.8968727415326934 0
    outer loop
      vertex 79.1 -9.64115427318801 46
      vertex 79.1 -9.64115427318801 47.4
      vertex 79.31116982174284 -9.537016841479684 46
    endloop
  endfacet
  facet normal -0.3214394653031655 0.9469301294951044 0
    outer loop
      vertex 79.31116982174284 -9.537016841479684 46
      vertex 79.31116982174284 -9.537016841479684 47.4
      vertex 79.53412571881546 -9.461333512679676 46
    endloop
  endfacet
  facet normal -0.19509032201611987 0.980785280403232 0
    outer loop
      vertex 79.53412571881546 -9.461333512679676 46
      vertex 79.53412571881546 -9.461333512679676 47.4
      vertex 79.76505285400391 -9.415399249527141 46
    endloop
  endfacet
  facet normal -0.6593458151000616 0.7518398074789837 0
    outer loop
      vertex 78.9042294277843 -9.771963987475775 46
      vertex 78.72720779386421 -9.927207793864213 47.4
      vertex 78.9042294277843 -9.771963987475775 47.4
    endloop
  endfacet
  facet normal -0.5555702330196095 0.8314696123025404 0
    outer loop
      vertex 79.1 -9.64115427318801 46
      vertex 78.9042294277843 -9.771963987475775 47.4
      vertex 79.1 -9.64115427318801 47.4
    endloop
  endfacet
  facet normal -0.4422886902189911 0.8968727415326934 0
    outer loop
      vertex 79.31116982174284 -9.537016841479684 46
      vertex 79.1 -9.64115427318801 47.4
      vertex 79.31116982174284 -9.537016841479684 47.4
    endloop
  endfacet
  facet normal -0.3214394653031655 0.9469301294951044 0
    outer loop
      vertex 79.53412571881546 -9.461333512679676 46
      vertex 79.31116982174284 -9.537016841479684 47.4
      vertex 79.53412571881546 -9.461333512679676 47.4
    endloop
  endfacet
  facet normal -0.19509032201611987 0.980785280403232 0
    outer loop
      vertex 79.76505285400391 -9.415399249527141 46
      vertex 79.53412571881546 -9.461333512679676 47.4
      vertex 79.76505285400391 -9.415399249527141 47.4
    endloop
  endfacet
  facet normal 0 0 -1
    outer loop
      vertex 79.76505285400391 -9.415399249527141 46
      vertex 79.86947380777995 -10.208555138626188 46
      vertex 79.74118095489747 -10.234074173710932 46
    endloop
  endfacet
  facet normal 0 0 -1
    outer loop
      vertex 79.76505285400391 -9.415399249527141 46
      vertex 80 -10.2 46
      vertex 79.86947380777995 -10.208555138626188 46
    endloop
  endfacet
  facet normal 0 0 -1
    outer loop
      vertex 80.23494714599609 -9.415399249527141 46
      vertex 80.13052619222005 -10.208555138626188 46
      vertex 80 -10.2 46
    endloop
  endfacet
  facet normal 0 0 -1
    outer loop
      vertex 80.46587428118454 -9.461333512679676 46
      vertex 80.5 -10.33397459621556 46
      vertex 80.38268343236508 -10.276120467488713 46
    endloop
  endfacet
  facet normal 0 0 -1
    outer loop
      vertex 80.46587428118454 -9.461333512679676 46
      vertex 80.38268343236508 -10.276120467488713 46
      vertex 80.25881904510253 -10.234074173710932 46
    endloop
  endfacet
  facet normal 0 0 -1
    outer loop
      vertex 80.23494714599609 -9.415399249527141 46
      vertex 80.25881904510253 -10.234074173710932 46
      vertex 80.13052619222005 -10.208555138626188 46
    endloop
  endfacet
  facet normal 0 0 -1
    outer loop
      vertex 80.9 -9.64115427318801 46
      vertex 80.79335334029123 -10.591238570991278 46
      vertex 80.70710678118655 -10.492893218813451 46
    endloop
  endfacet
  facet normal 0 0 -1
    outer loop
      vertex 80.68883017825716 -9.537016841479684 46
      vertex 80.70710678118655 -10.492893218813451 46
      vertex 80.60876142900872 -10.406646659708764 46
    endloop
  endfacet
  facet normal 0 0 -1
    outer loop
      vertex 80.68883017825716 -9.537016841479684 46
      vertex 80.60876142900872 -10.406646659708764 46
      vertex 80.5 -10.33397459621556 46
    endloop
  endfacet
  facet normal 0 0 -1
    outer loop
      vertex 80.9 -9.64115427318801 46
      vertex 81.0957705722157 -9.771963987475775 46
      vertex 80.9238795325113 -10.81731656763491 46
    endloop
  endfacet
  facet normal 0 0 -1
    outer loop
      vertex 80.68883017825716 -9.537016841479684 46
      vertex 80.9 -9.64115427318801 46
      vertex 80.70710678118655 -10.492893218813451 46
    endloop
  endfacet
  facet normal 0.7518398074790029 0.6593458151000398 0
    outer loop
      vertex 81.27279220613579 -9.927207793864213 46
      vertex 81.27279220613579 -9.927207793864213 47.4
      vertex 81.42803601252422 -10.104229427784302 47.4
    endloop
  endfacet
  facet normal 0.6593458151000616 0.7518398074789837 0
    outer loop
      vertex 81.27279220613579 -9.927207793864213 46
      vertex 81.0957705722157 -9.771963987475775 47.4
      vertex 81.27279220613579 -9.927207793864213 47.4
    endloop
  endfacet
  facet normal 0 0 -1
    outer loop
      vertex 79.76505285400391 -9.415399249527141 46
      vertex 80 -9.399999999999999 46
      vertex 80 -10.2 46
    endloop
  endfacet
  facet normal 0 0 -1
    outer loop
      vertex 80 -9.399999999999999 46
      vertex 80.23494714599609 -9.415399249527141 46
      vertex 80 -10.2 46
    endloop
  endfacet
  facet normal 0 0 -1
    outer loop
      vertex 80.46587428118454 -9.461333512679676 46
      vertex 80.68883017825716 -9.537016841479684 46
      vertex 80.5 -10.33397459621556 46
    endloop
  endfacet
  facet normal 0 0 -1
    outer loop
      vertex 80.23494714599609 -9.415399249527141 46
      vertex 80.46587428118454 -9.461333512679676 46
      vertex 80.25881904510253 -10.234074173710932 46
    endloop
  endfacet
  facet normal -0.0654031292301494 0.9978589232386031 0
    outer loop
      vertex 79.76505285400391 -9.415399249527141 46
      vertex 79.76505285400391 -9.415399249527141 47.4
      vertex 80 -9.399999999999999 46
    endloop
  endfacet
  facet normal 0.0654031292301494 0.9978589232386031 0
    outer loop
      vertex 80 -9.399999999999999 46
      vertex 80 -9.399999999999999 47.4
      vertex 80.23494714599609 -9.415399249527141 46
    endloop
  endfacet
  facet normal 0.19509032201611987 0.980785280403232 0
    outer loop
      vertex 80.23494714599609 -9.415399249527141 46
      vertex 80.23494714599609 -9.415399249527141 47.4
      vertex 80.46587428118454 -9.461333512679676 46
    endloop
  endfacet
  facet normal 0.3214394653031655 0.9469301294951044 0
    outer loop
      vertex 80.46587428118454 -9.461333512679676 46
      vertex 80.46587428118454 -9.461333512679676 47.4
      vertex 80.68883017825716 -9.537016841479684 46
    endloop
  endfacet
  facet normal 0.6593458151000616 0.7518398074789837 0
    outer loop
      vertex 81.27279220613579 -9.927207793864213 46
      vertex 81.0957705722157 -9.771963987475775 46
      vertex 81.0957705722157 -9.771963987475775 47.4
    endloop
  endfacet
  facet normal 0.5555702330196095 0.8314696123025404 0
    outer loop
      vertex 80.9 -9.64115427318801 46
      vertex 80.9 -9.64115427318801 47.4
      vertex 81.0957705722157 -9.771963987475775 46
    endloop
  endfacet
  facet normal 0.4422886902189911 0.8968727415326934 0
    outer loop
      vertex 80.68883017825716 -9.537016841479684 46
      vertex 80.68883017825716 -9.537016841479684 47.4
      vertex 80.9 -9.64115427318801 46
    endloop
  endfacet
  facet normal -0.0654031292301494 0.9978589232386031 0
    outer loop
      vertex 79.76505285400391 -9.415399249527141 47.4
      vertex 80 -9.399999999999999 47.4
      vertex 80 -9.399999999999999 46
    endloop
  endfacet
  facet normal 0.0654031292301494 0.9978589232386031 0
    outer loop
      vertex 80.23494714599609 -9.415399249527141 46
      vertex 80 -9.399999999999999 47.4
      vertex 80.23494714599609 -9.415399249527141 47.4
    endloop
  endfacet
  facet normal 0.19509032201611987 0.980785280403232 0
    outer loop
      vertex 80.46587428118454 -9.461333512679676 46
      vertex 80.23494714599609 -9.415399249527141 47.4
      vertex 80.46587428118454 -9.461333512679676 47.4
    endloop
  endfacet
  facet normal 0.5555702330196095 0.8314696123025404 0
    outer loop
      vertex 81.0957705722157 -9.771963987475775 46
      vertex 80.9 -9.64115427318801 47.4
      vertex 81.0957705722157 -9.771963987475775 47.4
    endloop
  endfacet
  facet normal 0.4422886902189911 0.8968727415326934 0
    outer loop
      vertex 80.9 -9.64115427318801 46
      vertex 80.68883017825716 -9.537016841479684 47.4
      vertex 80.9 -9.64115427318801 47.4
    endloop
  endfacet
  facet normal 0.3214394653031655 0.9469301294951044 0
    outer loop
      vertex 80.68883017825716 -9.537016841479684 46
      vertex 80.46587428118454 -9.461333512679676 47.4
      vertex 80.68883017825716 -9.537016841479684 47.4
    endloop
  endfacet
  facet normal 0 0 -1
    outer loop
      vertex 81.66298315852032 -11.88883017825716 46
      vertex 81.66298315852032 -10.511169821742838 46
      vertex 81.73866648732033 -10.734125718815463 46
    endloop
  endfacet
  facet normal 0 0 -1
    outer loop
      vertex 81.78460075047286 -11.434947145996093 46
      vertex 81.78460075047286 -10.965052854003906 46
      vertex 81.8 -11.2 46
    endloop
  endfacet
  facet normal 0 0 -1
    outer loop
      vertex 81.73866648732033 -11.665874281184536 46
      vertex 81.73866648732033 -10.734125718815463 46
      vertex 81.78460075047286 -10.965052854003906 46
    endloop
  endfacet
  facet normal 0.9978589232386053 0.06540312923011787 0
    outer loop
      vertex 81.8 -11.2 46
      vertex 81.78460075047286 -10.965052854003906 46
      vertex 81.8 -11.2 47.4
    endloop
  endfacet
  facet normal 0 0 -1
    outer loop
      vertex 81.42803601252422 -12.295770572215696 46
      vertex 81.42803601252422 -10.104229427784302 46
      vertex 81.558845726812 -10.299999999999999 46
    endloop
  endfacet
  facet normal 0 0 -1
    outer loop
      vertex 81.558845726812 -12.1 46
      vertex 81.558845726812 -10.299999999999999 46
      vertex 81.66298315852032 -10.511169821742838 46
    endloop
  endfacet
  facet normal 0.9807852804032337 0.1950903220161126 0
    outer loop
      vertex 81.78460075047286 -10.965052854003906 46
      vertex 81.73866648732033 -10.734125718815463 46
      vertex 81.78460075047286 -10.965052854003906 47.4
    endloop
  endfacet
  facet normal 0.9978589232386053 0.06540312923011787 0
    outer loop
      vertex 81.78460075047286 -10.965052854003906 46
      vertex 81.78460075047286 -10.965052854003906 47.4
      vertex 81.8 -11.2 47.4
    endloop
  endfacet
  facet normal 0 0 1
    outer loop
      vertex 81.78460075047286 -11.434947145996093 47.4
      vertex 81.78460075047286 -10.965052854003906 47.4
      vertex 81.73866648732033 -10.734125718815463 47.4
    endloop
  endfacet
  facet normal 0.9807852804032337 0.1950903220161126 0
    outer loop
      vertex 81.73866648732033 -10.734125718815463 46
      vertex 81.73866648732033 -10.734125718815463 47.4
      vertex 81.78460075047286 -10.965052854003906 47.4
    endloop
  endfacet
  facet normal 0 0 1
    outer loop
      vertex 81.73866648732033 -11.665874281184536 47.4
      vertex 81.73866648732033 -10.734125718815463 47.4
      vertex 81.66298315852032 -10.511169821742838 47.4
    endloop
  endfacet
  facet normal 0 0 1
    outer loop
      vertex 81.66298315852032 -11.88883017825716 47.4
      vertex 81.66298315852032 -10.511169821742838 47.4
      vertex 81.558845726812 -10.299999999999999 47.4
    endloop
  endfacet
  facet normal 0 0 1
    outer loop
      vertex 81.558845726812 -12.1 47.4
      vertex 81.558845726812 -10.299999999999999 47.4
      vertex 81.42803601252422 -10.104229427784302 47.4
    endloop
  endfacet
  facet normal 0 0 1
    outer loop
      vertex 81.42803601252422 -12.295770572215696 47.4
      vertex 81.42803601252422 -10.104229427784302 47.4
      vertex 81.27279220613579 -9.927207793864213 47.4
    endloop
  endfacet
  facet normal 0.9469301294951006 0.3214394653031767 0
    outer loop
      vertex 81.73866648732033 -10.734125718815463 46
      vertex 81.66298315852032 -10.511169821742838 46
      vertex 81.73866648732033 -10.734125718815463 47.4
    endloop
  endfacet
  facet normal 0.8968727415326935 0.44228869021899103 0
    outer loop
      vertex 81.66298315852032 -10.511169821742838 46
      vertex 81.558845726812 -10.299999999999999 46
      vertex 81.66298315852032 -10.511169821742838 47.4
    endloop
  endfacet
  facet normal 0.9469301294951006 0.3214394653031767 0
    outer loop
      vertex 81.66298315852032 -10.511169821742838 46
      vertex 81.66298315852032 -10.511169821742838 47.4
      vertex 81.73866648732033 -10.734125718815463 47.4
    endloop
  endfacet
  facet normal 0.8968727415326935 0.44228869021899103 0
    outer loop
      vertex 81.558845726812 -10.299999999999999 46
      vertex 81.558845726812 -10.299999999999999 47.4
      vertex 81.66298315852032 -10.511169821742838 47.4
    endloop
  endfacet
  facet normal 0.8314696123025207 0.555570233019639 0
    outer loop
      vertex 81.42803601252422 -10.104229427784302 46
      vertex 81.558845726812 -10.299999999999999 47.4
      vertex 81.558845726812 -10.299999999999999 46
    endloop
  endfacet
  facet normal 0.7518398074790029 0.6593458151000398 0
    outer loop
      vertex 81.27279220613579 -9.927207793864213 46
      vertex 81.42803601252422 -10.104229427784302 47.4
      vertex 81.42803601252422 -10.104229427784302 46
    endloop
  endfacet
  facet normal 0.8314696123025207 0.555570233019639 0
    outer loop
      vertex 81.42803601252422 -10.104229427784302 46
      vertex 81.42803601252422 -10.104229427784302 47.4
      vertex 81.558845726812 -10.299999999999999 47.4
    endloop
  endfacet
  facet normal -0.44228869021897665 -0.8968727415327005 0
    outer loop
      vertex 88.61731656763492 -12.123879532511285 40
      vertex 88.61731656763492 -12.123879532511285 46
      vertex 88.5 -12.066025403784439 40
    endloop
  endfacet
  facet normal -0.19509032201611848 -0.9807852804032323 0
    outer loop
      vertex 88.74118095489747 -12.165925826289067 40
      vertex 88.86947380777995 -12.19144486137381 40
      vertex 88.86947380777995 -12.19144486137381 46
    endloop
  endfacet
  facet normal -0.32143946530318984 -0.946930129495096 0
    outer loop
      vertex 88.61731656763492 -12.123879532511285 40
      vertex 88.74118095489747 -12.165925826289067 40
      vertex 88.74118095489747 -12.165925826289067 46
    endloop
  endfacet
  facet normal -0.06540312923014195 -0.9978589232386036 0
    outer loop
      vertex 88.86947380777995 -12.19144486137381 40
      vertex 89 -12.2 40
      vertex 89 -12.2 46
    endloop
  endfacet
  facet normal 0.06540312923014195 -0.9978589232386036 0
    outer loop
      vertex 89 -12.2 40
      vertex 89.13052619222005 -12.19144486137381 40
      vertex 89.13052619222005 -12.19144486137381 46
    endloop
  endfacet
  facet normal 0.19509032201611848 -0.9807852804032323 0
    outer loop
      vertex 89.13052619222005 -12.19144486137381 40
      vertex 89.25881904510253 -12.165925826289067 40
      vertex 89.25881904510253 -12.165925826289067 46
    endloop
  endfacet
  facet normal 0.32143946530318984 -0.946930129495096 0
    outer loop
      vertex 89.25881904510253 -12.165925826289067 40
      vertex 89.38268343236508 -12.123879532511285 40
      vertex 89.38268343236508 -12.123879532511285 46
    endloop
  endfacet
  facet normal 0 0 -1
    outer loop
      vertex 88.39123857099128 -11.993353340291234 40
      vertex 88.29289321881345 -11.907106781186547 40
      vertex 88.39123857099128 -10.406646659708764 40
    endloop
  endfacet
  facet normal 0 0 -1
    outer loop
      vertex 88.03407417371093 -11.45881904510252 40
      vertex 88.00855513862619 -11.33052619222005 40
      vertex 88.03407417371093 -10.94118095489748 40
    endloop
  endfacet
  facet normal 0 0 -1
    outer loop
      vertex 88.00855513862619 -11.33052619222005 40
      vertex 88 -11.2 40
      vertex 88.00855513862619 -11.069473807779948 40
    endloop
  endfacet
  facet normal 0 0 -1
    outer loop
      vertex 88.0761204674887 -11.582683432365089 40
      vertex 88.13397459621557 -10.7 40
      vertex 88.13397459621557 -11.7 40
    endloop
  endfacet
  facet normal 0 0 -1
    outer loop
      vertex 88.20664665970877 -11.80876142900872 40
      vertex 88.13397459621557 -11.7 40
      vertex 88.20664665970877 -10.591238570991278 40
    endloop
  endfacet
  facet normal 0 0 -1
    outer loop
      vertex 88.20664665970877 -11.80876142900872 40
      vertex 88.29289321881345 -10.492893218813451 40
      vertex 88.29289321881345 -11.907106781186547 40
    endloop
  endfacet
  facet normal 0 0 -1
    outer loop
      vertex 88.0761204674887 -11.582683432365089 40
      vertex 88.03407417371093 -11.45881904510252 40
      vertex 88.0761204674887 -10.81731656763491 40
    endloop
  endfacet
  facet normal 0 0 -1
    outer loop
      vertex 88.61731656763492 -12.123879532511285 40
      vertex 88.5 -12.066025403784439 40
      vertex 88.61731656763492 -10.276120467488713 40
    endloop
  endfacet
  facet normal 0 0 -1
    outer loop
      vertex 88.39123857099128 -11.993353340291234 40
      vertex 88.5 -10.33397459621556 40
      vertex 88.5 -12.066025403784439 40
    endloop
  endfacet
  facet normal 0 0 -1
    outer loop
      vertex 88.61731656763492 -12.123879532511285 40
      vertex 88.74118095489747 -10.234074173710932 40
      vertex 88.74118095489747 -12.165925826289067 40
    endloop
  endfacet
  facet normal 0 0 -1
    outer loop
      vertex 88.74118095489747 -12.165925826289067 40
      vertex 88.86947380777995 -10.208555138626188 40
      vertex 88.86947380777995 -12.19144486137381 40
    endloop
  endfacet
  facet normal 0 0 -1
    outer loop
      vertex 88.86947380777995 -12.19144486137381 40
      vertex 89 -10.2 40
      vertex 89 -12.2 40
    endloop
  endfacet
  facet normal 0 0 -1
    outer loop
      vertex 89 -12.2 40
      vertex 89.13052619222005 -10.208555138626188 40
      vertex 89.13052619222005 -12.19144486137381 40
    endloop
  endfacet
  facet normal 0 0 -1
    outer loop
      vertex 89.13052619222005 -12.19144486137381 40
      vertex 89.25881904510253 -10.234074173710932 40
      vertex 89.25881904510253 -12.165925826289067 40
    endloop
  endfacet
  facet normal 0 0 -1
    outer loop
      vertex 89.25881904510253 -12.165925826289067 40
      vertex 89.38268343236508 -10.276120467488713 40
      vertex 89.38268343236508 -12.123879532511285 40
    endloop
  endfacet
  facet normal 0 0 -1
    outer loop
      vertex 89.38268343236508 -12.123879532511285 40
      vertex 89.5 -10.33397459621556 40
      vertex 89.5 -12.066025403784439 40
    endloop
  endfacet
  facet normal 0 0 -1
    outer loop
      vertex 89.5 -12.066025403784439 40
      vertex 89.60876142900872 -10.406646659708764 40
      vertex 89.60876142900872 -11.993353340291234 40
    endloop
  endfacet
  facet normal 0 0 -1
    outer loop
      vertex 89.60876142900872 -11.993353340291234 40
      vertex 89.70710678118655 -10.492893218813451 40
      vertex 89.70710678118655 -11.907106781186547 40
    endloop
  endfacet
  facet normal 0 0 -1
    outer loop
      vertex 89.70710678118655 -11.907106781186547 40
      vertex 89.79335334029123 -10.591238570991278 40
      vertex 89.79335334029123 -11.80876142900872 40
    endloop
  endfacet
  facet normal 0 0 -1
    outer loop
      vertex 89.79335334029123 -11.80876142900872 40
      vertex 89.86602540378443 -10.7 40
      vertex 89.86602540378443 -11.7 40
    endloop
  endfacet
  facet normal 0 0 -1
    outer loop
      vertex 89.86602540378443 -11.7 40
      vertex 89.9238795325113 -10.81731656763491 40
      vertex 89.9238795325113 -11.582683432365089 40
    endloop
  endfacet
  facet normal 0 0 -1
    outer loop
      vertex 89.9238795325113 -11.582683432365089 40
      vertex 89.96592582628907 -10.94118095489748 40
      vertex 89.96592582628907 -11.45881904510252 40
    endloop
  endfacet
  facet normal 0 0 -1
    outer loop
      vertex 89.96592582628907 -11.45881904510252 40
      vertex 89.99144486137381 -11.069473807779948 40
      vertex 89.99144486137381 -11.33052619222005 40
    endloop
  endfacet
  facet normal -0.659345815100054 -0.7518398074789906 0
    outer loop
      vertex 88.39123857099128 -11.993353340291234 40
      vertex 88.39123857099128 -11.993353340291234 46
      vertex 88.29289321881345 -11.907106781186547 40
    endloop
  endfacet
  facet normal -0.7518398074790056 -0.6593458151000368 0
    outer loop
      vertex 88.20664665970877 -11.80876142900872 40
      vertex 88.29289321881345 -11.907106781186547 40
      vertex 88.20664665970877 -11.80876142900872 46
    endloop
  endfacet
  facet normal -0.8314696123025563 -0.5555702330195854 0
    outer loop
      vertex 88.20664665970877 -11.80876142900872 40
      vertex 88.13397459621557 -11.7 46
      vertex 88.13397459621557 -11.7 40
    endloop
  endfacet
  facet normal -0.555570233019598 -0.831469612302548 0
    outer loop
      vertex 88.39123857099128 -11.993353340291234 40
      vertex 88.5 -12.066025403784439 40
      vertex 88.5 -12.066025403784439 46
    endloop
  endfacet
  facet normal -0.8968727415326547 -0.44228869021906925 0
    outer loop
      vertex 88.0761204674887 -11.582683432365089 40
      vertex 88.13397459621557 -11.7 40
      vertex 88.0761204674887 -11.582683432365089 46
    endloop
  endfacet
  facet normal -0.9469301294951266 -0.3214394653031 0
    outer loop
      vertex 88.0761204674887 -11.582683432365089 40
      vertex 88.03407417371093 -11.45881904510252 46
      vertex 88.03407417371093 -11.45881904510252 40
    endloop
  endfacet
  facet normal -0.9807852804032313 -0.1950903220161236 0
    outer loop
      vertex 88.03407417371093 -11.45881904510252 40
      vertex 88.00855513862619 -11.33052619222005 46
      vertex 88.00855513862619 -11.33052619222005 40
    endloop
  endfacet
  facet normal -0.9978589232386019 -0.06540312923016633 0
    outer loop
      vertex 88.00855513862619 -11.33052619222005 40
      vertex 88 -11.2 46
      vertex 88 -11.2 40
    endloop
  endfacet
  facet normal 0.44228869021897665 -0.8968727415327005 0
    outer loop
      vertex 89.38268343236508 -12.123879532511285 40
      vertex 89.5 -12.066025403784439 40
      vertex 89.5 -12.066025403784439 46
    endloop
  endfacet
  facet normal 0.555570233019598 -0.831469612302548 0
    outer loop
      vertex 89.5 -12.066025403784439 40
      vertex 89.60876142900872 -11.993353340291234 40
      vertex 89.60876142900872 -11.993353340291234 46
    endloop
  endfacet
  facet normal 0.659345815100054 -0.7518398074789906 0
    outer loop
      vertex 89.60876142900872 -11.993353340291234 40
      vertex 89.70710678118655 -11.907106781186547 40
      vertex 89.70710678118655 -11.907106781186547 46
    endloop
  endfacet
  facet normal 0.7518398074790056 -0.6593458151000368 0
    outer loop
      vertex 89.70710678118655 -11.907106781186547 40
      vertex 89.79335334029123 -11.80876142900872 40
      vertex 89.70710678118655 -11.907106781186547 46
    endloop
  endfacet
  facet normal 0.8314696123025563 -0.5555702330195854 0
    outer loop
      vertex 89.79335334029123 -11.80876142900872 40
      vertex 89.86602540378443 -11.7 40
      vertex 89.79335334029123 -11.80876142900872 46
    endloop
  endfacet
  facet normal 0.8968727415326547 -0.44228869021906925 0
    outer loop
      vertex 89.86602540378443 -11.7 40
      vertex 89.9238795325113 -11.582683432365089 40
      vertex 89.86602540378443 -11.7 46
    endloop
  endfacet
  facet normal 0.9469301294951266 -0.3214394653031 0
    outer loop
      vertex 89.9238795325113 -11.582683432365089 40
      vertex 89.96592582628907 -11.45881904510252 40
      vertex 89.9238795325113 -11.582683432365089 46
    endloop
  endfacet
  facet normal 0.9807852804032313 -0.1950903220161236 0
    outer loop
      vertex 89.96592582628907 -11.45881904510252 40
      vertex 89.99144486137381 -11.33052619222005 40
      vertex 89.96592582628907 -11.45881904510252 46
    endloop
  endfacet
  facet normal 0.9978589232386019 -0.06540312923016633 0
    outer loop
      vertex 89.99144486137381 -11.33052619222005 40
      vertex 90 -11.2 40
      vertex 89.99144486137381 -11.33052619222005 46
    endloop
  endfacet
  facet normal -0.7518398074790029 -0.6593458151000398 0
    outer loop
      vertex 87.57196398747578 -12.295770572215696 46
      vertex 87.72720779386421 -12.472792206135786 46
      vertex 87.57196398747578 -12.295770572215696 47.4
    endloop
  endfacet
  facet normal -0.8314696123025207 -0.555570233019639 0
    outer loop
      vertex 87.57196398747578 -12.295770572215696 46
      vertex 87.441154273188 -12.1 47.4
      vertex 87.441154273188 -12.1 46
    endloop
  endfacet
  facet normal -0.8314696123025207 -0.555570233019639 0
    outer loop
      vertex 87.57196398747578 -12.295770572215696 46
      vertex 87.57196398747578 -12.295770572215696 47.4
      vertex 87.441154273188 -12.1 47.4
    endloop
  endfacet
  facet normal -0.8968727415326935 -0.44228869021899103 0
    outer loop
      vertex 87.33701684147968 -11.88883017825716 46
      vertex 87.441154273188 -12.1 46
      vertex 87.33701684147968 -11.88883017825716 47.4
    endloop
  endfacet
  facet normal -0.9469301294951006 -0.3214394653031767 0
    outer loop
      vertex 87.33701684147968 -11.88883017825716 46
      vertex 87.26133351267967 -11.665874281184536 47.4
      vertex 87.26133351267967 -11.665874281184536 46
    endloop
  endfacet
  facet normal -0.8968727415326935 -0.44228869021899103 0
    outer loop
      vertex 87.441154273188 -12.1 46
      vertex 87.441154273188 -12.1 47.4
      vertex 87.33701684147968 -11.88883017825716 47.4
    endloop
  endfacet
  facet normal -0.9469301294951006 -0.3214394653031767 0
    outer loop
      vertex 87.33701684147968 -11.88883017825716 46
      vertex 87.33701684147968 -11.88883017825716 47.4
      vertex 87.26133351267967 -11.665874281184536 47.4
    endloop
  endfacet
  facet normal 0 0 -1
    outer loop
      vertex 87.33701684147968 -11.88883017825716 46
      vertex 87.441154273188 -10.299999999999999 46
      vertex 87.441154273188 -12.1 46
    endloop
  endfacet
  facet normal 0 0 -1
    outer loop
      vertex 87.57196398747578 -12.295770572215696 46
      vertex 87.441154273188 -12.1 46
      vertex 87.57196398747578 -10.104229427784302 46
    endloop
  endfacet
  facet normal -0.9807852804032337 -0.1950903220161126 0
    outer loop
      vertex 87.26133351267967 -11.665874281184536 46
      vertex 87.21539924952714 -11.434947145996093 47.4
      vertex 87.21539924952714 -11.434947145996093 46
    endloop
  endfacet
  facet normal 0 0 -1
    outer loop
      vertex 87.26133351267967 -11.665874281184536 46
      vertex 87.21539924952714 -11.434947145996093 46
      vertex 87.26133351267967 -10.734125718815463 46
    endloop
  endfacet
  facet normal 0 0 -1
    outer loop
      vertex 87.21539924952714 -11.434947145996093 46
      vertex 87.2 -11.2 46
      vertex 87.21539924952714 -10.965052854003906 46
    endloop
  endfacet
  facet normal 0 0 -1
    outer loop
      vertex 87.33701684147968 -11.88883017825716 46
      vertex 87.26133351267967 -11.665874281184536 46
      vertex 87.33701684147968 -10.511169821742838 46
    endloop
  endfacet
  facet normal -0.9978589232386053 -0.06540312923011787 0
    outer loop
      vertex 87.21539924952714 -11.434947145996093 46
      vertex 87.2 -11.2 47.4
      vertex 87.2 -11.2 46
    endloop
  endfacet
  facet normal -0.9807852804032337 -0.1950903220161126 0
    outer loop
      vertex 87.26133351267967 -11.665874281184536 46
      vertex 87.26133351267967 -11.665874281184536 47.4
      vertex 87.21539924952714 -11.434947145996093 47.4
    endloop
  endfacet
  facet normal 0 0 1
    outer loop
      vertex 87.57196398747578 -12.295770572215696 47.4
      vertex 87.72720779386421 -12.472792206135786 47.4
      vertex 87.57196398747578 -10.104229427784302 47.4
    endloop
  endfacet
  facet normal 0 0 1
    outer loop
      vertex 87.57196398747578 -12.295770572215696 47.4
      vertex 87.441154273188 -10.299999999999999 47.4
      vertex 87.441154273188 -12.1 47.4
    endloop
  endfacet
  facet normal 0 0 1
    outer loop
      vertex 87.33701684147968 -11.88883017825716 47.4
      vertex 87.441154273188 -12.1 47.4
      vertex 87.33701684147968 -10.511169821742838 47.4
    endloop
  endfacet
  facet normal 0 0 1
    outer loop
      vertex 87.33701684147968 -11.88883017825716 47.4
      vertex 87.26133351267967 -10.734125718815463 47.4
      vertex 87.26133351267967 -11.665874281184536 47.4
    endloop
  endfacet
  facet normal -0.9978589232386053 -0.06540312923011787 0
    outer loop
      vertex 87.21539924952714 -11.434947145996093 46
      vertex 87.21539924952714 -11.434947145996093 47.4
      vertex 87.2 -11.2 47.4
    endloop
  endfacet
  facet normal 0 0 1
    outer loop
      vertex 87.26133351267967 -11.665874281184536 47.4
      vertex 87.21539924952714 -10.965052854003906 47.4
      vertex 87.21539924952714 -11.434947145996093 47.4
    endloop
  endfacet
  facet normal -0.19509032201611848 -0.9807852804032323 0
    outer loop
      vertex 88.74118095489747 -12.165925826289067 40
      vertex 88.86947380777995 -12.19144486137381 46
      vertex 88.74118095489747 -12.165925826289067 46
    endloop
  endfacet
  facet normal -0.32143946530318984 -0.946930129495096 0
    outer loop
      vertex 88.61731656763492 -12.123879532511285 40
      vertex 88.74118095489747 -12.165925826289067 46
      vertex 88.61731656763492 -12.123879532511285 46
    endloop
  endfacet
  facet normal -0.06540312923014195 -0.9978589232386036 0
    outer loop
      vertex 88.86947380777995 -12.19144486137381 40
      vertex 89 -12.2 46
      vertex 88.86947380777995 -12.19144486137381 46
    endloop
  endfacet
  facet normal 0.06540312923014195 -0.9978589232386036 0
    outer loop
      vertex 89 -12.2 40
      vertex 89.13052619222005 -12.19144486137381 46
      vertex 89 -12.2 46
    endloop
  endfacet
  facet normal 0.19509032201611848 -0.9807852804032323 0
    outer loop
      vertex 89.13052619222005 -12.19144486137381 40
      vertex 89.25881904510253 -12.165925826289067 46
      vertex 89.13052619222005 -12.19144486137381 46
    endloop
  endfacet
  facet normal 0.32143946530318984 -0.946930129495096 0
    outer loop
      vertex 89.25881904510253 -12.165925826289067 40
      vertex 89.38268343236508 -12.123879532511285 46
      vertex 89.25881904510253 -12.165925826289067 46
    endloop
  endfacet
  facet normal 0.44228869021897665 -0.8968727415327005 0
    outer loop
      vertex 89.38268343236508 -12.123879532511285 40
      vertex 89.5 -12.066025403784439 46
      vertex 89.38268343236508 -12.123879532511285 46
    endloop
  endfacet
  facet normal -0.4422886902189911 -0.8968727415326934 0
    outer loop
      vertex 88.31116982174284 -12.862983158520315 46
      vertex 88.31116982174284 -12.862983158520315 47.4
      vertex 88.1 -12.75884572681199 46
    endloop
  endfacet
  facet normal -0.5555702330196095 -0.8314696123025404 0
    outer loop
      vertex 87.9042294277843 -12.628036012524223 46
      vertex 88.1 -12.75884572681199 46
      vertex 88.1 -12.75884572681199 47.4
    endloop
  endfacet
  facet normal -0.6593458151000616 -0.7518398074789837 0
    outer loop
      vertex 87.9042294277843 -12.628036012524223 46
      vertex 87.9042294277843 -12.628036012524223 47.4
      vertex 87.72720779386421 -12.472792206135786 46
    endloop
  endfacet
  facet normal -0.3214394653031655 -0.9469301294951044 0
    outer loop
      vertex 88.31116982174284 -12.862983158520315 46
      vertex 88.53412571881546 -12.938666487320322 46
      vertex 88.53412571881546 -12.938666487320322 47.4
    endloop
  endfacet
  facet normal -0.19509032201611987 -0.980785280403232 0
    outer loop
      vertex 88.53412571881546 -12.938666487320322 46
      vertex 88.76505285400391 -12.984600750472858 46
      vertex 88.76505285400391 -12.984600750472858 47.4
    endloop
  endfacet
  facet normal -0.0654031292301494 -0.9978589232386031 0
    outer loop
      vertex 88.76505285400391 -12.984600750472858 46
      vertex 89 -13 46
      vertex 89 -13 47.4
    endloop
  endfacet
  facet normal 0.0654031292301494 -0.9978589232386031 0
    outer loop
      vertex 89 -13 46
      vertex 89.23494714599609 -12.984600750472858 46
      vertex 89.23494714599609 -12.984600750472858 47.4
    endloop
  endfacet
  facet normal 0 0 -1
    outer loop
      vertex 88.53412571881546 -12.938666487320322 46
      vertex 88.74118095489747 -12.165925826289067 46
      vertex 88.76505285400391 -12.984600750472858 46
    endloop
  endfacet
  facet normal 0 0 -1
    outer loop
      vertex 88.31116982174284 -12.862983158520315 46
      vertex 88.5 -12.066025403784439 46
      vertex 88.53412571881546 -12.938666487320322 46
    endloop
  endfacet
  facet normal 0 0 -1
    outer loop
      vertex 88.76505285400391 -12.984600750472858 46
      vertex 89 -12.2 46
      vertex 89 -13 46
    endloop
  endfacet
  facet normal 0 0 -1
    outer loop
      vertex 89 -13 46
      vertex 89 -12.2 46
      vertex 89.23494714599609 -12.984600750472858 46
    endloop
  endfacet
  facet normal -0.3214394653031655 -0.9469301294951044 0
    outer loop
      vertex 88.31116982174284 -12.862983158520315 46
      vertex 88.53412571881546 -12.938666487320322 47.4
      vertex 88.31116982174284 -12.862983158520315 47.4
    endloop
  endfacet
  facet normal -0.4422886902189911 -0.8968727415326934 0
    outer loop
      vertex 88.1 -12.75884572681199 46
      vertex 88.31116982174284 -12.862983158520315 47.4
      vertex 88.1 -12.75884572681199 47.4
    endloop
  endfacet
  facet normal -0.5555702330196095 -0.8314696123025404 0
    outer loop
      vertex 87.9042294277843 -12.628036012524223 46
      vertex 88.1 -12.75884572681199 47.4
      vertex 87.9042294277843 -12.628036012524223 47.4
    endloop
  endfacet
  facet normal -0.19509032201611987 -0.980785280403232 0
    outer loop
      vertex 88.53412571881546 -12.938666487320322 46
      vertex 88.76505285400391 -12.984600750472858 47.4
      vertex 88.53412571881546 -12.938666487320322 47.4
    endloop
  endfacet
  facet normal -0.0654031292301494 -0.9978589232386031 0
    outer loop
      vertex 88.76505285400391 -12.984600750472858 46
      vertex 89 -13 47.4
      vertex 88.76505285400391 -12.984600750472858 47.4
    endloop
  endfacet
  facet normal 0.0654031292301494 -0.9978589232386031 0
    outer loop
      vertex 89 -13 46
      vertex 89.23494714599609 -12.984600750472858 47.4
      vertex 89 -13 47.4
    endloop
  endfacet
  facet normal 0 0 -1
    outer loop
      vertex 88.31116982174284 -12.862983158520315 46
      vertex 88.1 -12.75884572681199 46
      vertex 88.29289321881345 -11.907106781186547 46
    endloop
  endfacet
  facet normal 0 0 -1
    outer loop
      vertex 87.9042294277843 -12.628036012524223 46
      vertex 88.0761204674887 -11.582683432365089 46
      vertex 88.1 -12.75884572681199 46
    endloop
  endfacet
  facet normal 0 0 -1
    outer loop
      vertex 88.31116982174284 -12.862983158520315 46
      vertex 88.39123857099128 -11.993353340291234 46
      vertex 88.5 -12.066025403784439 46
    endloop
  endfacet
  facet normal 0 0 -1
    outer loop
      vertex 88.31116982174284 -12.862983158520315 46
      vertex 88.29289321881345 -11.907106781186547 46
      vertex 88.39123857099128 -11.993353340291234 46
    endloop
  endfacet
  facet normal 0 0 -1
    outer loop
      vertex 88.1 -12.75884572681199 46
      vertex 88.20664665970877 -11.80876142900872 46
      vertex 88.29289321881345 -11.907106781186547 46
    endloop
  endfacet
  facet normal 0 0 -1
    outer loop
      vertex 88.76505285400391 -12.984600750472858 46
      vertex 88.74118095489747 -12.165925826289067 46
      vertex 88.86947380777995 -12.19144486137381 46
    endloop
  endfacet
  facet normal 0 0 -1
    outer loop
      vertex 88.53412571881546 -12.938666487320322 46
      vertex 88.61731656763492 -12.123879532511285 46
      vertex 88.74118095489747 -12.165925826289067 46
    endloop
  endfacet
  facet normal 0 0 -1
    outer loop
      vertex 88.53412571881546 -12.938666487320322 46
      vertex 88.5 -12.066025403784439 46
      vertex 88.61731656763492 -12.123879532511285 46
    endloop
  endfacet
  facet normal 0 0 -1
    outer loop
      vertex 88.76505285400391 -12.984600750472858 46
      vertex 88.86947380777995 -12.19144486137381 46
      vertex 89 -12.2 46
    endloop
  endfacet
  facet normal 0 0 -1
    outer loop
      vertex 89.23494714599609 -12.984600750472858 46
      vertex 89 -12.2 46
      vertex 89.13052619222005 -12.19144486137381 46
    endloop
  endfacet
  facet normal 0 0 -1
    outer loop
      vertex 89.23494714599609 -12.984600750472858 46
      vertex 89.13052619222005 -12.19144486137381 46
      vertex 89.25881904510253 -12.165925826289067 46
    endloop
  endfacet
  facet normal -0.6593458151000616 -0.7518398074789837 0
    outer loop
      vertex 87.72720779386421 -12.472792206135786 46
      vertex 87.9042294277843 -12.628036012524223 47.4
      vertex 87.72720779386421 -12.472792206135786 47.4
    endloop
  endfacet
  facet normal -0.7518398074790029 -0.6593458151000398 0
    outer loop
      vertex 87.72720779386421 -12.472792206135786 46
      vertex 87.72720779386421 -12.472792206135786 47.4
      vertex 87.57196398747578 -12.295770572215696 47.4
    endloop
  endfacet
  facet normal 0.19509032201611987 -0.980785280403232 0
    outer loop
      vertex 89.23494714599609 -12.984600750472858 46
      vertex 89.46587428118454 -12.938666487320322 46
      vertex 89.46587428118454 -12.938666487320322 47.4
    endloop
  endfacet
  facet normal 0.3214394653031655 -0.9469301294951044 0
    outer loop
      vertex 89.46587428118454 -12.938666487320322 46
      vertex 89.68883017825716 -12.862983158520315 46
      vertex 89.68883017825716 -12.862983158520315 47.4
    endloop
  endfacet
  facet normal 0.4422886902189911 -0.8968727415326934 0
    outer loop
      vertex 89.68883017825716 -12.862983158520315 46
      vertex 89.9 -12.75884572681199 46
      vertex 89.9 -12.75884572681199 47.4
    endloop
  endfacet
  facet normal 0 0 -1
    outer loop
      vertex 89.23494714599609 -12.984600750472858 46
      vertex 89.25881904510253 -12.165925826289067 46
      vertex 89.46587428118454 -12.938666487320322 46
    endloop
  endfacet
  facet normal 0 0 -1
    outer loop
      vertex 89.46587428118454 -12.938666487320322 46
      vertex 89.5 -12.066025403784439 46
      vertex 89.68883017825716 -12.862983158520315 46
    endloop
  endfacet
  facet normal 0.5555702330196095 -0.8314696123025404 0
    outer loop
      vertex 89.9 -12.75884572681199 46
      vertex 90.0957705722157 -12.628036012524223 46
      vertex 90.0957705722157 -12.628036012524223 47.4
    endloop
  endfacet
  facet normal 0.19509032201611987 -0.980785280403232 0
    outer loop
      vertex 89.23494714599609 -12.984600750472858 46
      vertex 89.46587428118454 -12.938666487320322 47.4
      vertex 89.23494714599609 -12.984600750472858 47.4
    endloop
  endfacet
  facet normal 0.3214394653031655 -0.9469301294951044 0
    outer loop
      vertex 89.46587428118454 -12.938666487320322 46
      vertex 89.68883017825716 -12.862983158520315 47.4
      vertex 89.46587428118454 -12.938666487320322 47.4
    endloop
  endfacet
  facet normal 0.4422886902189911 -0.8968727415326934 0
    outer loop
      vertex 89.68883017825716 -12.862983158520315 46
      vertex 89.9 -12.75884572681199 47.4
      vertex 89.68883017825716 -12.862983158520315 47.4
    endloop
  endfacet
  facet normal 0.5555702330196095 -0.8314696123025404 0
    outer loop
      vertex 89.9 -12.75884572681199 46
      vertex 90.0957705722157 -12.628036012524223 47.4
      vertex 89.9 -12.75884572681199 47.4
    endloop
  endfacet
  facet normal 0.6593458151000616 -0.7518398074789837 0
    outer loop
      vertex 90.0957705722157 -12.628036012524223 46
      vertex 90.27279220613579 -12.472792206135786 47.4
      vertex 90.0957705722157 -12.628036012524223 47.4
    endloop
  endfacet
  facet normal 0 0 -1
    outer loop
      vertex 89.46587428118454 -12.938666487320322 46
      vertex 89.25881904510253 -12.165925826289067 46
      vertex 89.38268343236508 -12.123879532511285 46
    endloop
  endfacet
  facet normal 0 0 -1
    outer loop
      vertex 89.46587428118454 -12.938666487320322 46
      vertex 89.38268343236508 -12.123879532511285 46
      vertex 89.5 -12.066025403784439 46
    endloop
  endfacet
  facet normal 0 0 -1
    outer loop
      vertex 89.68883017825716 -12.862983158520315 46
      vertex 89.70710678118655 -11.907106781186547 46
      vertex 89.9 -12.75884572681199 46
    endloop
  endfacet
  facet normal 0 0 -1
    outer loop
      vertex 89.68883017825716 -12.862983158520315 46
      vertex 89.5 -12.066025403784439 46
      vertex 89.60876142900872 -11.993353340291234 46
    endloop
  endfacet
  facet normal 0 0 -1
    outer loop
      vertex 89.68883017825716 -12.862983158520315 46
      vertex 89.60876142900872 -11.993353340291234 46
      vertex 89.70710678118655 -11.907106781186547 46
    endloop
  endfacet
  facet normal 0 0 -1
    outer loop
      vertex 89.9 -12.75884572681199 46
      vertex 89.70710678118655 -11.907106781186547 46
      vertex 89.79335334029123 -11.80876142900872 46
    endloop
  endfacet
  facet normal 0.6593458151000616 -0.7518398074789837 0
    outer loop
      vertex 90.0957705722157 -12.628036012524223 46
      vertex 90.27279220613579 -12.472792206135786 46
      vertex 90.27279220613579 -12.472792206135786 47.4
    endloop
  endfacet
  facet normal 0.7518398074790029 -0.6593458151000398 0
    outer loop
      vertex 90.27279220613579 -12.472792206135786 46
      vertex 90.42803601252422 -12.295770572215696 46
      vertex 90.27279220613579 -12.472792206135786 47.4
    endloop
  endfacet
  facet normal 0.8314696123025207 -0.555570233019639 0
    outer loop
      vertex 90.42803601252422 -12.295770572215696 46
      vertex 90.558845726812 -12.1 46
      vertex 90.42803601252422 -12.295770572215696 47.4
    endloop
  endfacet
  facet normal 0.7518398074790029 -0.6593458151000398 0
    outer loop
      vertex 90.42803601252422 -12.295770572215696 46
      vertex 90.42803601252422 -12.295770572215696 47.4
      vertex 90.27279220613579 -12.472792206135786 47.4
    endloop
  endfacet
  facet normal 0.8314696123025207 -0.555570233019639 0
    outer loop
      vertex 90.558845726812 -12.1 46
      vertex 90.558845726812 -12.1 47.4
      vertex 90.42803601252422 -12.295770572215696 47.4
    endloop
  endfacet
  facet normal -0.555570233019598 -0.831469612302548 0
    outer loop
      vertex 88.39123857099128 -11.993353340291234 40
      vertex 88.5 -12.066025403784439 46
      vertex 88.39123857099128 -11.993353340291234 46
    endloop
  endfacet
  facet normal -0.659345815100054 -0.7518398074789906 0
    outer loop
      vertex 88.29289321881345 -11.907106781186547 40
      vertex 88.39123857099128 -11.993353340291234 46
      vertex 88.29289321881345 -11.907106781186547 46
    endloop
  endfacet
  facet normal -0.8314696123025563 -0.5555702330195854 0
    outer loop
      vertex 88.20664665970877 -11.80876142900872 40
      vertex 88.20664665970877 -11.80876142900872 46
      vertex 88.13397459621557 -11.7 46
    endloop
  endfacet
  facet normal -0.7518398074790056 -0.6593458151000368 0
    outer loop
      vertex 88.29289321881345 -11.907106781186547 40
      vertex 88.29289321881345 -11.907106781186547 46
      vertex 88.20664665970877 -11.80876142900872 46
    endloop
  endfacet
  facet normal -0.8968727415326547 -0.44228869021906925 0
    outer loop
      vertex 88.13397459621557 -11.7 40
      vertex 88.13397459621557 -11.7 46
      vertex 88.0761204674887 -11.582683432365089 46
    endloop
  endfacet
  facet normal -0.44228869021897665 -0.8968727415327005 0
    outer loop
      vertex 88.5 -12.066025403784439 40
      vertex 88.61731656763492 -12.123879532511285 46
      vertex 88.5 -12.066025403784439 46
    endloop
  endfacet
  facet normal -0.9469301294951266 -0.3214394653031 0
    outer loop
      vertex 88.0761204674887 -11.582683432365089 40
      vertex 88.0761204674887 -11.582683432365089 46
      vertex 88.03407417371093 -11.45881904510252 46
    endloop
  endfacet
  facet normal -0.9807852804032313 -0.1950903220161236 0
    outer loop
      vertex 88.03407417371093 -11.45881904510252 40
      vertex 88.03407417371093 -11.45881904510252 46
      vertex 88.00855513862619 -11.33052619222005 46
    endloop
  endfacet
  facet normal -0.9978589232386019 -0.06540312923016633 0
    outer loop
      vertex 88.00855513862619 -11.33052619222005 40
      vertex 88.00855513862619 -11.33052619222005 46
      vertex 88 -11.2 46
    endloop
  endfacet
  facet normal 0.555570233019598 -0.831469612302548 0
    outer loop
      vertex 89.5 -12.066025403784439 40
      vertex 89.60876142900872 -11.993353340291234 46
      vertex 89.5 -12.066025403784439 46
    endloop
  endfacet
  facet normal 0.659345815100054 -0.7518398074789906 0
    outer loop
      vertex 89.60876142900872 -11.993353340291234 40
      vertex 89.70710678118655 -11.907106781186547 46
      vertex 89.60876142900872 -11.993353340291234 46
    endloop
  endfacet
  facet normal 0.7518398074790056 -0.6593458151000368 0
    outer loop
      vertex 89.79335334029123 -11.80876142900872 40
      vertex 89.79335334029123 -11.80876142900872 46
      vertex 89.70710678118655 -11.907106781186547 46
    endloop
  endfacet
  facet normal 0.8314696123025563 -0.5555702330195854 0
    outer loop
      vertex 89.86602540378443 -11.7 40
      vertex 89.86602540378443 -11.7 46
      vertex 89.79335334029123 -11.80876142900872 46
    endloop
  endfacet
  facet normal 0.8968727415326547 -0.44228869021906925 0
    outer loop
      vertex 89.9238795325113 -11.582683432365089 40
      vertex 89.9238795325113 -11.582683432365089 46
      vertex 89.86602540378443 -11.7 46
    endloop
  endfacet
  facet normal 0.9469301294951266 -0.3214394653031 0
    outer loop
      vertex 89.96592582628907 -11.45881904510252 40
      vertex 89.96592582628907 -11.45881904510252 46
      vertex 89.9238795325113 -11.582683432365089 46
    endloop
  endfacet
  facet normal 0.9807852804032313 -0.1950903220161236 0
    outer loop
      vertex 89.99144486137381 -11.33052619222005 40
      vertex 89.99144486137381 -11.33052619222005 46
      vertex 89.96592582628907 -11.45881904510252 46
    endloop
  endfacet
  facet normal 0.9978589232386019 -0.06540312923016633 0
    outer loop
      vertex 90 -11.2 40
      vertex 90 -11.2 46
      vertex 89.99144486137381 -11.33052619222005 46
    endloop
  endfacet
  facet normal 0 0 -1
    outer loop
      vertex 87.9042294277843 -12.628036012524223 46
      vertex 88.03407417371093 -11.45881904510252 46
      vertex 88.0761204674887 -11.582683432365089 46
    endloop
  endfacet
  facet normal 0 0 -1
    outer loop
      vertex 88.1 -12.75884572681199 46
      vertex 88.13397459621557 -11.7 46
      vertex 88.20664665970877 -11.80876142900872 46
    endloop
  endfacet
  facet normal 0 0 -1
    outer loop
      vertex 88.1 -12.75884572681199 46
      vertex 88.0761204674887 -11.582683432365089 46
      vertex 88.13397459621557 -11.7 46
    endloop
  endfacet
  facet normal 0 0 -1
    outer loop
      vertex 87.9042294277843 -12.628036012524223 46
      vertex 88.00855513862619 -11.33052619222005 46
      vertex 88.03407417371093 -11.45881904510252 46
    endloop
  endfacet
  facet normal 0 0 -1
    outer loop
      vertex 87.9042294277843 -12.628036012524223 46
      vertex 88 -11.2 46
      vertex 88.00855513862619 -11.33052619222005 46
    endloop
  endfacet
  facet normal 0 0 1
    outer loop
      vertex 87.9042294277843 -12.628036012524223 47.4
      vertex 87.72720779386421 -9.927207793864213 47.4
      vertex 87.72720779386421 -12.472792206135786 47.4
    endloop
  endfacet
  facet normal 0 0 1
    outer loop
      vertex 87.9042294277843 -12.628036012524223 47.4
      vertex 88.1 -12.75884572681199 47.4
      vertex 87.9042294277843 -9.771963987475775 47.4
    endloop
  endfacet
  facet normal 0 0 1
    outer loop
      vertex 88.31116982174284 -12.862983158520315 47.4
      vertex 88.53412571881546 -12.938666487320322 47.4
      vertex 88.31116982174284 -9.537016841479684 47.4
    endloop
  endfacet
  facet normal 0 0 1
    outer loop
      vertex 88.31116982174284 -12.862983158520315 47.4
      vertex 88.1 -9.64115427318801 47.4
      vertex 88.1 -12.75884572681199 47.4
    endloop
  endfacet
  facet normal 0 0 1
    outer loop
      vertex 88.53412571881546 -12.938666487320322 47.4
      vertex 88.76505285400391 -12.984600750472858 47.4
      vertex 88.53412571881546 -9.461333512679676 47.4
    endloop
  endfacet
  facet normal 0 0 1
    outer loop
      vertex 88.76505285400391 -12.984600750472858 47.4
      vertex 89 -13 47.4
      vertex 88.76505285400391 -9.415399249527141 47.4
    endloop
  endfacet
  facet normal 0 0 1
    outer loop
      vertex 89 -13 47.4
      vertex 89.23494714599609 -12.984600750472858 47.4
      vertex 89 -9.399999999999999 47.4
    endloop
  endfacet
  facet normal 0 0 -1
    outer loop
      vertex 87.9042294277843 -12.628036012524223 46
      vertex 87.72720779386421 -12.472792206135786 46
      vertex 87.9042294277843 -9.771963987475775 46
    endloop
  endfacet
  facet normal 0 0 -1
    outer loop
      vertex 87.57196398747578 -12.295770572215696 46
      vertex 87.72720779386421 -9.927207793864213 46
      vertex 87.72720779386421 -12.472792206135786 46
    endloop
  endfacet
  facet normal 0 0 -1
    outer loop
      vertex 89.9 -12.75884572681199 46
      vertex 89.79335334029123 -11.80876142900872 46
      vertex 89.86602540378443 -11.7 46
    endloop
  endfacet
  facet normal 0 0 -1
    outer loop
      vertex 89.9 -12.75884572681199 46
      vertex 89.86602540378443 -11.7 46
      vertex 89.9238795325113 -11.582683432365089 46
    endloop
  endfacet
  facet normal 0 0 -1
    outer loop
      vertex 89.9 -12.75884572681199 46
      vertex 89.9238795325113 -11.582683432365089 46
      vertex 89.96592582628907 -11.45881904510252 46
    endloop
  endfacet
  facet normal 0 0 -1
    outer loop
      vertex 89.9 -12.75884572681199 46
      vertex 89.96592582628907 -11.45881904510252 46
      vertex 89.99144486137381 -11.33052619222005 46
    endloop
  endfacet
  facet normal 0 0 -1
    outer loop
      vertex 89.9 -12.75884572681199 46
      vertex 89.99144486137381 -11.33052619222005 46
      vertex 90 -11.2 46
    endloop
  endfacet
  facet normal 0.8968727415326935 -0.44228869021899103 0
    outer loop
      vertex 90.558845726812 -12.1 46
      vertex 90.66298315852032 -11.88883017825716 46
      vertex 90.558845726812 -12.1 47.4
    endloop
  endfacet
  facet normal 0 0 -1
    outer loop
      vertex 89.9 -12.75884572681199 46
      vertex 90.0957705722157 -9.771963987475775 46
      vertex 90.0957705722157 -12.628036012524223 46
    endloop
  endfacet
  facet normal 0 0 -1
    outer loop
      vertex 90.0957705722157 -12.628036012524223 46
      vertex 90.27279220613579 -9.927207793864213 46
      vertex 90.27279220613579 -12.472792206135786 46
    endloop
  endfacet
  facet normal 0.9469301294951006 -0.3214394653031767 0
    outer loop
      vertex 90.66298315852032 -11.88883017825716 46
      vertex 90.73866648732033 -11.665874281184536 46
      vertex 90.66298315852032 -11.88883017825716 47.4
    endloop
  endfacet
  facet normal 0 0 1
    outer loop
      vertex 89.23494714599609 -12.984600750472858 47.4
      vertex 89.46587428118454 -12.938666487320322 47.4
      vertex 89.23494714599609 -9.415399249527141 47.4
    endloop
  endfacet
  facet normal 0 0 1
    outer loop
      vertex 89.46587428118454 -12.938666487320322 47.4
      vertex 89.68883017825716 -12.862983158520315 47.4
      vertex 89.46587428118454 -9.461333512679676 47.4
    endloop
  endfacet
  facet normal 0 0 1
    outer loop
      vertex 89.68883017825716 -12.862983158520315 47.4
      vertex 89.9 -12.75884572681199 47.4
      vertex 89.68883017825716 -9.537016841479684 47.4
    endloop
  endfacet
  facet normal 0 0 1
    outer loop
      vertex 89.9 -12.75884572681199 47.4
      vertex 90.0957705722157 -12.628036012524223 47.4
      vertex 89.9 -9.64115427318801 47.4
    endloop
  endfacet
  facet normal 0.8968727415326935 -0.44228869021899103 0
    outer loop
      vertex 90.66298315852032 -11.88883017825716 46
      vertex 90.66298315852032 -11.88883017825716 47.4
      vertex 90.558845726812 -12.1 47.4
    endloop
  endfacet
  facet normal 0.9469301294951006 -0.3214394653031767 0
    outer loop
      vertex 90.73866648732033 -11.665874281184536 46
      vertex 90.73866648732033 -11.665874281184536 47.4
      vertex 90.66298315852032 -11.88883017825716 47.4
    endloop
  endfacet
  facet normal 0 0 -1
    outer loop
      vertex 89.9 -12.75884572681199 46
      vertex 90 -11.2 46
      vertex 90.0957705722157 -9.771963987475775 46
    endloop
  endfacet
  facet normal 0 0 -1
    outer loop
      vertex 90.27279220613579 -12.472792206135786 46
      vertex 90.42803601252422 -10.104229427784302 46
      vertex 90.42803601252422 -12.295770572215696 46
    endloop
  endfacet
  facet normal 0 0 -1
    outer loop
      vertex 90.42803601252422 -12.295770572215696 46
      vertex 90.558845726812 -10.299999999999999 46
      vertex 90.558845726812 -12.1 46
    endloop
  endfacet
  facet normal 0 0 -1
    outer loop
      vertex 90.558845726812 -12.1 46
      vertex 90.66298315852032 -10.511169821742838 46
      vertex 90.66298315852032 -11.88883017825716 46
    endloop
  endfacet
  facet normal 0 0 -1
    outer loop
      vertex 90.66298315852032 -11.88883017825716 46
      vertex 90.73866648732033 -10.734125718815463 46
      vertex 90.73866648732033 -11.665874281184536 46
    endloop
  endfacet
  facet normal 0.9807852804032337 -0.1950903220161126 0
    outer loop
      vertex 90.73866648732033 -11.665874281184536 46
      vertex 90.78460075047286 -11.434947145996093 46
      vertex 90.73866648732033 -11.665874281184536 47.4
    endloop
  endfacet
  facet normal 0 0 -1
    outer loop
      vertex 90.73866648732033 -11.665874281184536 46
      vertex 90.78460075047286 -10.965052854003906 46
      vertex 90.78460075047286 -11.434947145996093 46
    endloop
  endfacet
  facet normal 0.9978589232386053 -0.06540312923011787 0
    outer loop
      vertex 90.78460075047286 -11.434947145996093 46
      vertex 90.8 -11.2 46
      vertex 90.78460075047286 -11.434947145996093 47.4
    endloop
  endfacet
  facet normal 0.9807852804032337 -0.1950903220161126 0
    outer loop
      vertex 90.78460075047286 -11.434947145996093 46
      vertex 90.78460075047286 -11.434947145996093 47.4
      vertex 90.73866648732033 -11.665874281184536 47.4
    endloop
  endfacet
  facet normal 0 0 1
    outer loop
      vertex 90.0957705722157 -12.628036012524223 47.4
      vertex 90.27279220613579 -12.472792206135786 47.4
      vertex 90.0957705722157 -9.771963987475775 47.4
    endloop
  endfacet
  facet normal 0 0 1
    outer loop
      vertex 90.27279220613579 -12.472792206135786 47.4
      vertex 90.42803601252422 -12.295770572215696 47.4
      vertex 90.27279220613579 -9.927207793864213 47.4
    endloop
  endfacet
  facet normal 0 0 1
    outer loop
      vertex 90.42803601252422 -12.295770572215696 47.4
      vertex 90.558845726812 -12.1 47.4
      vertex 90.42803601252422 -10.104229427784302 47.4
    endloop
  endfacet
  facet normal 0 0 1
    outer loop
      vertex 90.558845726812 -12.1 47.4
      vertex 90.66298315852032 -11.88883017825716 47.4
      vertex 90.558845726812 -10.299999999999999 47.4
    endloop
  endfacet
  facet normal 0.9978589232386053 -0.06540312923011787 0
    outer loop
      vertex 90.78460075047286 -11.434947145996093 47.4
      vertex 90.8 -11.2 46
      vertex 90.8 -11.2 47.4
    endloop
  endfacet
  facet normal 0 0 1
    outer loop
      vertex 90.66298315852032 -11.88883017825716 47.4
      vertex 90.73866648732033 -11.665874281184536 47.4
      vertex 90.66298315852032 -10.511169821742838 47.4
    endloop
  endfacet
  facet normal 0 0 1
    outer loop
      vertex 90.73866648732033 -11.665874281184536 47.4
      vertex 90.78460075047286 -11.434947145996093 47.4
      vertex 90.73866648732033 -10.734125718815463 47.4
    endloop
  endfacet
  facet normal 0 0 1
    outer loop
      vertex 90.78460075047286 -11.434947145996093 47.4
      vertex 90.8 -11.2 47.4
      vertex 90.78460075047286 -10.965052854003906 47.4
    endloop
  endfacet
  facet normal 0 0 -1
    outer loop
      vertex 88.00855513862619 -11.33052619222005 40
      vertex 88.00855513862619 -11.069473807779948 40
      vertex 88.03407417371093 -10.94118095489748 40
    endloop
  endfacet
  facet normal 0 0 -1
    outer loop
      vertex 88.03407417371093 -11.45881904510252 40
      vertex 88.03407417371093 -10.94118095489748 40
      vertex 88.0761204674887 -10.81731656763491 40
    endloop
  endfacet
  facet normal 0 0 -1
    outer loop
      vertex 88.0761204674887 -11.582683432365089 40
      vertex 88.0761204674887 -10.81731656763491 40
      vertex 88.13397459621557 -10.7 40
    endloop
  endfacet
  facet normal 0 0 -1
    outer loop
      vertex 88.13397459621557 -11.7 40
      vertex 88.13397459621557 -10.7 40
      vertex 88.20664665970877 -10.591238570991278 40
    endloop
  endfacet
  facet normal 0 0 -1
    outer loop
      vertex 88.20664665970877 -11.80876142900872 40
      vertex 88.20664665970877 -10.591238570991278 40
      vertex 88.29289321881345 -10.492893218813451 40
    endloop
  endfacet
  facet normal 0 0 -1
    outer loop
      vertex 88.29289321881345 -11.907106781186547 40
      vertex 88.29289321881345 -10.492893218813451 40
      vertex 88.39123857099128 -10.406646659708764 40
    endloop
  endfacet
  facet normal 0 0 -1
    outer loop
      vertex 88.39123857099128 -11.993353340291234 40
      vertex 88.39123857099128 -10.406646659708764 40
      vertex 88.5 -10.33397459621556 40
    endloop
  endfacet
  facet normal 0 0 -1
    outer loop
      vertex 88.5 -12.066025403784439 40
      vertex 88.5 -10.33397459621556 40
      vertex 88.61731656763492 -10.276120467488713 40
    endloop
  endfacet
  facet normal 0 0 -1
    outer loop
      vertex 88.61731656763492 -12.123879532511285 40
      vertex 88.61731656763492 -10.276120467488713 40
      vertex 88.74118095489747 -10.234074173710932 40
    endloop
  endfacet
  facet normal 0 0 -1
    outer loop
      vertex 88.74118095489747 -12.165925826289067 40
      vertex 88.74118095489747 -10.234074173710932 40
      vertex 88.86947380777995 -10.208555138626188 40
    endloop
  endfacet
  facet normal 0 0 -1
    outer loop
      vertex 88.86947380777995 -12.19144486137381 40
      vertex 88.86947380777995 -10.208555138626188 40
      vertex 89 -10.2 40
    endloop
  endfacet
  facet normal 0 0 -1
    outer loop
      vertex 89 -12.2 40
      vertex 89 -10.2 40
      vertex 89.13052619222005 -10.208555138626188 40
    endloop
  endfacet
  facet normal 0 0 -1
    outer loop
      vertex 89.13052619222005 -12.19144486137381 40
      vertex 89.13052619222005 -10.208555138626188 40
      vertex 89.25881904510253 -10.234074173710932 40
    endloop
  endfacet
  facet normal 0 0 -1
    outer loop
      vertex 89.99144486137381 -11.33052619222005 40
      vertex 89.99144486137381 -11.069473807779948 40
      vertex 90 -11.2 40
    endloop
  endfacet
  facet normal 0 0 -1
    outer loop
      vertex 89.96592582628907 -11.45881904510252 40
      vertex 89.96592582628907 -10.94118095489748 40
      vertex 89.99144486137381 -11.069473807779948 40
    endloop
  endfacet
  facet normal 0 0 -1
    outer loop
      vertex 89.9238795325113 -11.582683432365089 40
      vertex 89.9238795325113 -10.81731656763491 40
      vertex 89.96592582628907 -10.94118095489748 40
    endloop
  endfacet
  facet normal 0 0 -1
    outer loop
      vertex 89.70710678118655 -11.907106781186547 40
      vertex 89.70710678118655 -10.492893218813451 40
      vertex 89.79335334029123 -10.591238570991278 40
    endloop
  endfacet
  facet normal 0 0 -1
    outer loop
      vertex 89.86602540378443 -11.7 40
      vertex 89.86602540378443 -10.7 40
      vertex 89.9238795325113 -10.81731656763491 40
    endloop
  endfacet
  facet normal 0 0 -1
    outer loop
      vertex 89.79335334029123 -11.80876142900872 40
      vertex 89.79335334029123 -10.591238570991278 40
      vertex 89.86602540378443 -10.7 40
    endloop
  endfacet
  facet normal 0 0 -1
    outer loop
      vertex 89.25881904510253 -12.165925826289067 40
      vertex 89.25881904510253 -10.234074173710932 40
      vertex 89.38268343236508 -10.276120467488713 40
    endloop
  endfacet
  facet normal 0 0 -1
    outer loop
      vertex 89.38268343236508 -12.123879532511285 40
      vertex 89.38268343236508 -10.276120467488713 40
      vertex 89.5 -10.33397459621556 40
    endloop
  endfacet
  facet normal 0 0 -1
    outer loop
      vertex 89.5 -12.066025403784439 40
      vertex 89.5 -10.33397459621556 40
      vertex 89.60876142900872 -10.406646659708764 40
    endloop
  endfacet
  facet normal 0 0 -1
    outer loop
      vertex 89.60876142900872 -11.993353340291234 40
      vertex 89.60876142900872 -10.406646659708764 40
      vertex 89.70710678118655 -10.492893218813451 40
    endloop
  endfacet
  facet normal -0.9978589232386019 0.06540312923016633 0
    outer loop
      vertex 88 -11.2 40
      vertex 88.00855513862619 -11.069473807779948 46
      vertex 88.00855513862619 -11.069473807779948 40
    endloop
  endfacet
  facet normal -0.9807852804032313 0.1950903220161236 0
    outer loop
      vertex 88.00855513862619 -11.069473807779948 40
      vertex 88.03407417371093 -10.94118095489748 46
      vertex 88.03407417371093 -10.94118095489748 40
    endloop
  endfacet
  facet normal -0.9469301294951266 0.3214394653031 0
    outer loop
      vertex 88.03407417371093 -10.94118095489748 40
      vertex 88.0761204674887 -10.81731656763491 46
      vertex 88.0761204674887 -10.81731656763491 40
    endloop
  endfacet
  facet normal -0.8968727415326547 0.44228869021906925 0
    outer loop
      vertex 88.0761204674887 -10.81731656763491 40
      vertex 88.13397459621557 -10.7 46
      vertex 88.13397459621557 -10.7 40
    endloop
  endfacet
  facet normal -0.8314696123025563 0.5555702330195854 0
    outer loop
      vertex 88.13397459621557 -10.7 40
      vertex 88.20664665970877 -10.591238570991278 46
      vertex 88.20664665970877 -10.591238570991278 40
    endloop
  endfacet
  facet normal -0.7518398074790056 0.6593458151000368 0
    outer loop
      vertex 88.20664665970877 -10.591238570991278 40
      vertex 88.29289321881345 -10.492893218813451 46
      vertex 88.29289321881345 -10.492893218813451 40
    endloop
  endfacet
  facet normal -0.659345815100054 0.7518398074789906 0
    outer loop
      vertex 88.29289321881345 -10.492893218813451 40
      vertex 88.29289321881345 -10.492893218813451 46
      vertex 88.39123857099128 -10.406646659708764 40
    endloop
  endfacet
  facet normal -0.555570233019598 0.831469612302548 0
    outer loop
      vertex 88.39123857099128 -10.406646659708764 40
      vertex 88.39123857099128 -10.406646659708764 46
      vertex 88.5 -10.33397459621556 40
    endloop
  endfacet
  facet normal -0.44228869021897665 0.8968727415327005 0
    outer loop
      vertex 88.5 -10.33397459621556 40
      vertex 88.5 -10.33397459621556 46
      vertex 88.61731656763492 -10.276120467488713 40
    endloop
  endfacet
  facet normal 0.9978589232386019 0.06540312923016633 0
    outer loop
      vertex 90 -11.2 40
      vertex 89.99144486137381 -11.069473807779948 40
      vertex 90 -11.2 46
    endloop
  endfacet
  facet normal 0.9807852804032313 0.1950903220161236 0
    outer loop
      vertex 89.99144486137381 -11.069473807779948 40
      vertex 89.96592582628907 -10.94118095489748 40
      vertex 89.99144486137381 -11.069473807779948 46
    endloop
  endfacet
  facet normal 0.9469301294951266 0.3214394653031 0
    outer loop
      vertex 89.96592582628907 -10.94118095489748 40
      vertex 89.9238795325113 -10.81731656763491 40
      vertex 89.96592582628907 -10.94118095489748 46
    endloop
  endfacet
  facet normal 0.8968727415326547 0.44228869021906925 0
    outer loop
      vertex 89.9238795325113 -10.81731656763491 40
      vertex 89.86602540378443 -10.7 40
      vertex 89.9238795325113 -10.81731656763491 46
    endloop
  endfacet
  facet normal 0.8314696123025563 0.5555702330195854 0
    outer loop
      vertex 89.79335334029123 -10.591238570991278 40
      vertex 89.86602540378443 -10.7 46
      vertex 89.86602540378443 -10.7 40
    endloop
  endfacet
  facet normal 0.7518398074790056 0.6593458151000368 0
    outer loop
      vertex 89.70710678118655 -10.492893218813451 40
      vertex 89.79335334029123 -10.591238570991278 46
      vertex 89.79335334029123 -10.591238570991278 40
    endloop
  endfacet
  facet normal 0.555570233019598 0.831469612302548 0
    outer loop
      vertex 89.5 -10.33397459621556 40
      vertex 89.5 -10.33397459621556 46
      vertex 89.60876142900872 -10.406646659708764 40
    endloop
  endfacet
  facet normal 0.659345815100054 0.7518398074789906 0
    outer loop
      vertex 89.70710678118655 -10.492893218813451 40
      vertex 89.60876142900872 -10.406646659708764 40
      vertex 89.60876142900872 -10.406646659708764 46
    endloop
  endfacet
  facet normal -0.32143946530318984 0.946930129495096 0
    outer loop
      vertex 88.61731656763492 -10.276120467488713 40
      vertex 88.61731656763492 -10.276120467488713 46
      vertex 88.74118095489747 -10.234074173710932 40
    endloop
  endfacet
  facet normal -0.19509032201611848 0.9807852804032323 0
    outer loop
      vertex 88.74118095489747 -10.234074173710932 40
      vertex 88.74118095489747 -10.234074173710932 46
      vertex 88.86947380777995 -10.208555138626188 40
    endloop
  endfacet
  facet normal -0.06540312923014195 0.9978589232386036 0
    outer loop
      vertex 88.86947380777995 -10.208555138626188 40
      vertex 88.86947380777995 -10.208555138626188 46
      vertex 89 -10.2 40
    endloop
  endfacet
  facet normal 0.06540312923014195 0.9978589232386036 0
    outer loop
      vertex 89 -10.2 40
      vertex 89 -10.2 46
      vertex 89.13052619222005 -10.208555138626188 40
    endloop
  endfacet
  facet normal 0.19509032201611848 0.9807852804032323 0
    outer loop
      vertex 89.13052619222005 -10.208555138626188 40
      vertex 89.13052619222005 -10.208555138626188 46
      vertex 89.25881904510253 -10.234074173710932 40
    endloop
  endfacet
  facet normal 0.32143946530318984 0.946930129495096 0
    outer loop
      vertex 89.25881904510253 -10.234074173710932 40
      vertex 89.25881904510253 -10.234074173710932 46
      vertex 89.38268343236508 -10.276120467488713 40
    endloop
  endfacet
  facet normal 0.44228869021897665 0.8968727415327005 0
    outer loop
      vertex 89.38268343236508 -10.276120467488713 40
      vertex 89.38268343236508 -10.276120467488713 46
      vertex 89.5 -10.33397459621556 40
    endloop
  endfacet
  facet normal 0 0 -1
    outer loop
      vertex 87.21539924952714 -11.434947145996093 46
      vertex 87.21539924952714 -10.965052854003906 46
      vertex 87.26133351267967 -10.734125718815463 46
    endloop
  endfacet
  facet normal -0.9978589232386053 0.06540312923011787 0
    outer loop
      vertex 87.2 -11.2 46
      vertex 87.21539924952714 -10.965052854003906 47.4
      vertex 87.21539924952714 -10.965052854003906 46
    endloop
  endfacet
  facet normal 0 0 -1
    outer loop
      vertex 87.26133351267967 -11.665874281184536 46
      vertex 87.26133351267967 -10.734125718815463 46
      vertex 87.33701684147968 -10.511169821742838 46
    endloop
  endfacet
  facet normal 0 0 -1
    outer loop
      vertex 87.33701684147968 -11.88883017825716 46
      vertex 87.33701684147968 -10.511169821742838 46
      vertex 87.441154273188 -10.299999999999999 46
    endloop
  endfacet
  facet normal 0 0 -1
    outer loop
      vertex 87.441154273188 -12.1 46
      vertex 87.441154273188 -10.299999999999999 46
      vertex 87.57196398747578 -10.104229427784302 46
    endloop
  endfacet
  facet normal 0 0 -1
    outer loop
      vertex 87.57196398747578 -12.295770572215696 46
      vertex 87.57196398747578 -10.104229427784302 46
      vertex 87.72720779386421 -9.927207793864213 46
    endloop
  endfacet
  facet normal -0.9807852804032337 0.1950903220161126 0
    outer loop
      vertex 87.21539924952714 -10.965052854003906 46
      vertex 87.26133351267967 -10.734125718815463 47.4
      vertex 87.26133351267967 -10.734125718815463 46
    endloop
  endfacet
  facet normal -0.9978589232386053 0.06540312923011787 0
    outer loop
      vertex 87.2 -11.2 46
      vertex 87.2 -11.2 47.4
      vertex 87.21539924952714 -10.965052854003906 47.4
    endloop
  endfacet
  facet normal 0 0 1
    outer loop
      vertex 87.21539924952714 -11.434947145996093 47.4
      vertex 87.21539924952714 -10.965052854003906 47.4
      vertex 87.2 -11.2 47.4
    endloop
  endfacet
  facet normal 0 0 1
    outer loop
      vertex 87.26133351267967 -11.665874281184536 47.4
      vertex 87.26133351267967 -10.734125718815463 47.4
      vertex 87.21539924952714 -10.965052854003906 47.4
    endloop
  endfacet
  facet normal 0 0 1
    outer loop
      vertex 87.33701684147968 -11.88883017825716 47.4
      vertex 87.33701684147968 -10.511169821742838 47.4
      vertex 87.26133351267967 -10.734125718815463 47.4
    endloop
  endfacet
  facet normal -0.9807852804032337 0.1950903220161126 0
    outer loop
      vertex 87.21539924952714 -10.965052854003906 46
      vertex 87.21539924952714 -10.965052854003906 47.4
      vertex 87.26133351267967 -10.734125718815463 47.4
    endloop
  endfacet
  facet normal 0 0 1
    outer loop
      vertex 87.441154273188 -12.1 47.4
      vertex 87.441154273188 -10.299999999999999 47.4
      vertex 87.33701684147968 -10.511169821742838 47.4
    endloop
  endfacet
  facet normal 0 0 1
    outer loop
      vertex 87.57196398747578 -12.295770572215696 47.4
      vertex 87.57196398747578 -10.104229427784302 47.4
      vertex 87.441154273188 -10.299999999999999 47.4
    endloop
  endfacet
  facet normal -0.9469301294951006 0.3214394653031767 0
    outer loop
      vertex 87.26133351267967 -10.734125718815463 46
      vertex 87.33701684147968 -10.511169821742838 47.4
      vertex 87.33701684147968 -10.511169821742838 46
    endloop
  endfacet
  facet normal -0.8968727415326935 0.44228869021899103 0
    outer loop
      vertex 87.33701684147968 -10.511169821742838 46
      vertex 87.441154273188 -10.299999999999999 47.4
      vertex 87.441154273188 -10.299999999999999 46
    endloop
  endfacet
  facet normal -0.9469301294951006 0.3214394653031767 0
    outer loop
      vertex 87.26133351267967 -10.734125718815463 46
      vertex 87.26133351267967 -10.734125718815463 47.4
      vertex 87.33701684147968 -10.511169821742838 47.4
    endloop
  endfacet
  facet normal -0.8968727415326935 0.44228869021899103 0
    outer loop
      vertex 87.33701684147968 -10.511169821742838 46
      vertex 87.33701684147968 -10.511169821742838 47.4
      vertex 87.441154273188 -10.299999999999999 47.4
    endloop
  endfacet
  facet normal -0.8314696123025207 0.555570233019639 0
    outer loop
      vertex 87.441154273188 -10.299999999999999 46
      vertex 87.57196398747578 -10.104229427784302 47.4
      vertex 87.57196398747578 -10.104229427784302 46
    endloop
  endfacet
  facet normal -0.8314696123025207 0.555570233019639 0
    outer loop
      vertex 87.441154273188 -10.299999999999999 46
      vertex 87.441154273188 -10.299999999999999 47.4
      vertex 87.57196398747578 -10.104229427784302 47.4
    endloop
  endfacet
  facet normal -0.7518398074790029 0.6593458151000398 0
    outer loop
      vertex 87.57196398747578 -10.104229427784302 46
      vertex 87.57196398747578 -10.104229427784302 47.4
      vertex 87.72720779386421 -9.927207793864213 47.4
    endloop
  endfacet
  facet normal -0.9978589232386019 0.06540312923016633 0
    outer loop
      vertex 88 -11.2 40
      vertex 88 -11.2 46
      vertex 88.00855513862619 -11.069473807779948 46
    endloop
  endfacet
  facet normal -0.9807852804032313 0.1950903220161236 0
    outer loop
      vertex 88.00855513862619 -11.069473807779948 40
      vertex 88.00855513862619 -11.069473807779948 46
      vertex 88.03407417371093 -10.94118095489748 46
    endloop
  endfacet
  facet normal -0.9469301294951266 0.3214394653031 0
    outer loop
      vertex 88.03407417371093 -10.94118095489748 40
      vertex 88.03407417371093 -10.94118095489748 46
      vertex 88.0761204674887 -10.81731656763491 46
    endloop
  endfacet
  facet normal -0.8968727415326547 0.44228869021906925 0
    outer loop
      vertex 88.0761204674887 -10.81731656763491 40
      vertex 88.0761204674887 -10.81731656763491 46
      vertex 88.13397459621557 -10.7 46
    endloop
  endfacet
  facet normal -0.8314696123025563 0.5555702330195854 0
    outer loop
      vertex 88.13397459621557 -10.7 40
      vertex 88.13397459621557 -10.7 46
      vertex 88.20664665970877 -10.591238570991278 46
    endloop
  endfacet
  facet normal -0.7518398074790056 0.6593458151000368 0
    outer loop
      vertex 88.20664665970877 -10.591238570991278 40
      vertex 88.20664665970877 -10.591238570991278 46
      vertex 88.29289321881345 -10.492893218813451 46
    endloop
  endfacet
  facet normal -0.659345815100054 0.7518398074789906 0
    outer loop
      vertex 88.39123857099128 -10.406646659708764 40
      vertex 88.29289321881345 -10.492893218813451 46
      vertex 88.39123857099128 -10.406646659708764 46
    endloop
  endfacet
  facet normal -0.555570233019598 0.831469612302548 0
    outer loop
      vertex 88.5 -10.33397459621556 40
      vertex 88.39123857099128 -10.406646659708764 46
      vertex 88.5 -10.33397459621556 46
    endloop
  endfacet
  facet normal 0.9978589232386019 0.06540312923016633 0
    outer loop
      vertex 89.99144486137381 -11.069473807779948 40
      vertex 89.99144486137381 -11.069473807779948 46
      vertex 90 -11.2 46
    endloop
  endfacet
  facet normal 0.9807852804032313 0.1950903220161236 0
    outer loop
      vertex 89.96592582628907 -10.94118095489748 40
      vertex 89.96592582628907 -10.94118095489748 46
      vertex 89.99144486137381 -11.069473807779948 46
    endloop
  endfacet
  facet normal 0.9469301294951266 0.3214394653031 0
    outer loop
      vertex 89.9238795325113 -10.81731656763491 40
      vertex 89.9238795325113 -10.81731656763491 46
      vertex 89.96592582628907 -10.94118095489748 46
    endloop
  endfacet
  facet normal 0.8968727415326547 0.44228869021906925 0
    outer loop
      vertex 89.86602540378443 -10.7 40
      vertex 89.86602540378443 -10.7 46
      vertex 89.9238795325113 -10.81731656763491 46
    endloop
  endfacet
  facet normal 0.7518398074790056 0.6593458151000368 0
    outer loop
      vertex 89.70710678118655 -10.492893218813451 40
      vertex 89.70710678118655 -10.492893218813451 46
      vertex 89.79335334029123 -10.591238570991278 46
    endloop
  endfacet
  facet normal 0.8314696123025563 0.5555702330195854 0
    outer loop
      vertex 89.79335334029123 -10.591238570991278 40
      vertex 89.79335334029123 -10.591238570991278 46
      vertex 89.86602540378443 -10.7 46
    endloop
  endfacet
  facet normal 0.555570233019598 0.831469612302548 0
    outer loop
      vertex 89.60876142900872 -10.406646659708764 40
      vertex 89.5 -10.33397459621556 46
      vertex 89.60876142900872 -10.406646659708764 46
    endloop
  endfacet
  facet normal 0.44228869021897665 0.8968727415327005 0
    outer loop
      vertex 89.5 -10.33397459621556 40
      vertex 89.38268343236508 -10.276120467488713 46
      vertex 89.5 -10.33397459621556 46
    endloop
  endfacet
  facet normal 0.659345815100054 0.7518398074789906 0
    outer loop
      vertex 89.70710678118655 -10.492893218813451 40
      vertex 89.60876142900872 -10.406646659708764 46
      vertex 89.70710678118655 -10.492893218813451 46
    endloop
  endfacet
  facet normal 0 0 -1
    outer loop
      vertex 87.9042294277843 -12.628036012524223 46
      vertex 88.1 -9.64115427318801 46
      vertex 88 -11.2 46
    endloop
  endfacet
  facet normal 0 0 1
    outer loop
      vertex 87.72720779386421 -12.472792206135786 47.4
      vertex 87.72720779386421 -9.927207793864213 47.4
      vertex 87.57196398747578 -10.104229427784302 47.4
    endloop
  endfacet
  facet normal 0 0 1
    outer loop
      vertex 87.9042294277843 -12.628036012524223 47.4
      vertex 87.9042294277843 -9.771963987475775 47.4
      vertex 87.72720779386421 -9.927207793864213 47.4
    endloop
  endfacet
  facet normal 0 0 -1
    outer loop
      vertex 87.72720779386421 -12.472792206135786 46
      vertex 87.72720779386421 -9.927207793864213 46
      vertex 87.9042294277843 -9.771963987475775 46
    endloop
  endfacet
  facet normal 0 0 -1
    outer loop
      vertex 87.9042294277843 -12.628036012524223 46
      vertex 87.9042294277843 -9.771963987475775 46
      vertex 88.1 -9.64115427318801 46
    endloop
  endfacet
  facet normal 0 0 -1
    outer loop
      vertex 88.1 -9.64115427318801 46
      vertex 88.00855513862619 -11.069473807779948 46
      vertex 88 -11.2 46
    endloop
  endfacet
  facet normal 0 0 -1
    outer loop
      vertex 88.1 -9.64115427318801 46
      vertex 88.03407417371093 -10.94118095489748 46
      vertex 88.00855513862619 -11.069473807779948 46
    endloop
  endfacet
  facet normal 0 0 -1
    outer loop
      vertex 88.1 -9.64115427318801 46
      vertex 88.0761204674887 -10.81731656763491 46
      vertex 88.03407417371093 -10.94118095489748 46
    endloop
  endfacet
  facet normal 0 0 -1
    outer loop
      vertex 88.1 -9.64115427318801 46
      vertex 88.13397459621557 -10.7 46
      vertex 88.0761204674887 -10.81731656763491 46
    endloop
  endfacet
  facet normal 0 0 -1
    outer loop
      vertex 88.1 -9.64115427318801 46
      vertex 88.20664665970877 -10.591238570991278 46
      vertex 88.13397459621557 -10.7 46
    endloop
  endfacet
  facet normal 0 0 1
    outer loop
      vertex 88.1 -12.75884572681199 47.4
      vertex 88.1 -9.64115427318801 47.4
      vertex 87.9042294277843 -9.771963987475775 47.4
    endloop
  endfacet
  facet normal 0 0 1
    outer loop
      vertex 88.31116982174284 -12.862983158520315 47.4
      vertex 88.31116982174284 -9.537016841479684 47.4
      vertex 88.1 -9.64115427318801 47.4
    endloop
  endfacet
  facet normal 0 0 1
    outer loop
      vertex 88.53412571881546 -12.938666487320322 47.4
      vertex 88.53412571881546 -9.461333512679676 47.4
      vertex 88.31116982174284 -9.537016841479684 47.4
    endloop
  endfacet
  facet normal 0 0 1
    outer loop
      vertex 88.76505285400391 -12.984600750472858 47.4
      vertex 88.76505285400391 -9.415399249527141 47.4
      vertex 88.53412571881546 -9.461333512679676 47.4
    endloop
  endfacet
  facet normal 0 0 1
    outer loop
      vertex 88.76505285400391 -9.415399249527141 47.4
      vertex 89 -13 47.4
      vertex 89 -9.399999999999999 47.4
    endloop
  endfacet
  facet normal 0 0 1
    outer loop
      vertex 89.23494714599609 -12.984600750472858 47.4
      vertex 89.23494714599609 -9.415399249527141 47.4
      vertex 89 -9.399999999999999 47.4
    endloop
  endfacet
  facet normal 0 0 -1
    outer loop
      vertex 90.78460075047286 -11.434947145996093 46
      vertex 90.78460075047286 -10.965052854003906 46
      vertex 90.8 -11.2 46
    endloop
  endfacet
  facet normal 0 0 -1
    outer loop
      vertex 90.73866648732033 -11.665874281184536 46
      vertex 90.73866648732033 -10.734125718815463 46
      vertex 90.78460075047286 -10.965052854003906 46
    endloop
  endfacet
  facet normal 0 0 -1
    outer loop
      vertex 90.66298315852032 -11.88883017825716 46
      vertex 90.66298315852032 -10.511169821742838 46
      vertex 90.73866648732033 -10.734125718815463 46
    endloop
  endfacet
  facet normal 0.9978589232386053 0.06540312923011787 0
    outer loop
      vertex 90.8 -11.2 46
      vertex 90.78460075047286 -10.965052854003906 46
      vertex 90.8 -11.2 47.4
    endloop
  endfacet
  facet normal 0 0 -1
    outer loop
      vertex 90.0957705722157 -12.628036012524223 46
      vertex 90.0957705722157 -9.771963987475775 46
      vertex 90.27279220613579 -9.927207793864213 46
    endloop
  endfacet
  facet normal 0 0 -1
    outer loop
      vertex 90.27279220613579 -12.472792206135786 46
      vertex 90.27279220613579 -9.927207793864213 46
      vertex 90.42803601252422 -10.104229427784302 46
    endloop
  endfacet
  facet normal 0 0 -1
    outer loop
      vertex 90.558845726812 -12.1 46
      vertex 90.558845726812 -10.299999999999999 46
      vertex 90.66298315852032 -10.511169821742838 46
    endloop
  endfacet
  facet normal 0 0 -1
    outer loop
      vertex 90.42803601252422 -12.295770572215696 46
      vertex 90.42803601252422 -10.104229427784302 46
      vertex 90.558845726812 -10.299999999999999 46
    endloop
  endfacet
  facet normal 0.9807852804032337 0.1950903220161126 0
    outer loop
      vertex 90.78460075047286 -10.965052854003906 46
      vertex 90.73866648732033 -10.734125718815463 46
      vertex 90.78460075047286 -10.965052854003906 47.4
    endloop
  endfacet
  facet normal 0.9978589232386053 0.06540312923011787 0
    outer loop
      vertex 90.78460075047286 -10.965052854003906 46
      vertex 90.78460075047286 -10.965052854003906 47.4
      vertex 90.8 -11.2 47.4
    endloop
  endfacet
  facet normal 0 0 1
    outer loop
      vertex 90.78460075047286 -11.434947145996093 47.4
      vertex 90.78460075047286 -10.965052854003906 47.4
      vertex 90.73866648732033 -10.734125718815463 47.4
    endloop
  endfacet
  facet normal 0.9807852804032337 0.1950903220161126 0
    outer loop
      vertex 90.73866648732033 -10.734125718815463 46
      vertex 90.73866648732033 -10.734125718815463 47.4
      vertex 90.78460075047286 -10.965052854003906 47.4
    endloop
  endfacet
  facet normal 0 0 1
    outer loop
      vertex 90.42803601252422 -12.295770572215696 47.4
      vertex 90.42803601252422 -10.104229427784302 47.4
      vertex 90.27279220613579 -9.927207793864213 47.4
    endloop
  endfacet
  facet normal 0 0 1
    outer loop
      vertex 90.73866648732033 -11.665874281184536 47.4
      vertex 90.73866648732033 -10.734125718815463 47.4
      vertex 90.66298315852032 -10.511169821742838 47.4
    endloop
  endfacet
  facet normal 0 0 1
    outer loop
      vertex 90.66298315852032 -11.88883017825716 47.4
      vertex 90.66298315852032 -10.511169821742838 47.4
      vertex 90.558845726812 -10.299999999999999 47.4
    endloop
  endfacet
  facet normal 0 0 1
    outer loop
      vertex 90.558845726812 -12.1 47.4
      vertex 90.558845726812 -10.299999999999999 47.4
      vertex 90.42803601252422 -10.104229427784302 47.4
    endloop
  endfacet
  facet normal 0 0 -1
    outer loop
      vertex 90.0957705722157 -9.771963987475775 46
      vertex 89.96592582628907 -10.94118095489748 46
      vertex 89.9238795325113 -10.81731656763491 46
    endloop
  endfacet
  facet normal 0 0 -1
    outer loop
      vertex 89.9 -9.64115427318801 46
      vertex 89.9238795325113 -10.81731656763491 46
      vertex 89.86602540378443 -10.7 46
    endloop
  endfacet
  facet normal 0 0 -1
    outer loop
      vertex 89.9 -9.64115427318801 46
      vertex 89.86602540378443 -10.7 46
      vertex 89.79335334029123 -10.591238570991278 46
    endloop
  endfacet
  facet normal 0 0 -1
    outer loop
      vertex 90.0957705722157 -9.771963987475775 46
      vertex 90 -11.2 46
      vertex 89.99144486137381 -11.069473807779948 46
    endloop
  endfacet
  facet normal 0 0 -1
    outer loop
      vertex 90.0957705722157 -9.771963987475775 46
      vertex 89.99144486137381 -11.069473807779948 46
      vertex 89.96592582628907 -10.94118095489748 46
    endloop
  endfacet
  facet normal 0.9469301294951006 0.3214394653031767 0
    outer loop
      vertex 90.73866648732033 -10.734125718815463 46
      vertex 90.66298315852032 -10.511169821742838 46
      vertex 90.73866648732033 -10.734125718815463 47.4
    endloop
  endfacet
  facet normal 0.8968727415326935 0.44228869021899103 0
    outer loop
      vertex 90.66298315852032 -10.511169821742838 46
      vertex 90.558845726812 -10.299999999999999 46
      vertex 90.66298315852032 -10.511169821742838 47.4
    endloop
  endfacet
  facet normal 0 0 1
    outer loop
      vertex 89.46587428118454 -12.938666487320322 47.4
      vertex 89.46587428118454 -9.461333512679676 47.4
      vertex 89.23494714599609 -9.415399249527141 47.4
    endloop
  endfacet
  facet normal 0 0 1
    outer loop
      vertex 89.68883017825716 -12.862983158520315 47.4
      vertex 89.68883017825716 -9.537016841479684 47.4
      vertex 89.46587428118454 -9.461333512679676 47.4
    endloop
  endfacet
  facet normal 0 0 1
    outer loop
      vertex 89.9 -12.75884572681199 47.4
      vertex 89.9 -9.64115427318801 47.4
      vertex 89.68883017825716 -9.537016841479684 47.4
    endloop
  endfacet
  facet normal 0.9469301294951006 0.3214394653031767 0
    outer loop
      vertex 90.66298315852032 -10.511169821742838 46
      vertex 90.66298315852032 -10.511169821742838 47.4
      vertex 90.73866648732033 -10.734125718815463 47.4
    endloop
  endfacet
  facet normal 0 0 1
    outer loop
      vertex 90.0957705722157 -12.628036012524223 47.4
      vertex 90.0957705722157 -9.771963987475775 47.4
      vertex 89.9 -9.64115427318801 47.4
    endloop
  endfacet
  facet normal 0 0 1
    outer loop
      vertex 90.27279220613579 -12.472792206135786 47.4
      vertex 90.27279220613579 -9.927207793864213 47.4
      vertex 90.0957705722157 -9.771963987475775 47.4
    endloop
  endfacet
  facet normal 0.8968727415326935 0.44228869021899103 0
    outer loop
      vertex 90.558845726812 -10.299999999999999 46
      vertex 90.558845726812 -10.299999999999999 47.4
      vertex 90.66298315852032 -10.511169821742838 47.4
    endloop
  endfacet
  facet normal -0.44228869021897665 0.8968727415327005 0
    outer loop
      vertex 88.61731656763492 -10.276120467488713 40
      vertex 88.5 -10.33397459621556 46
      vertex 88.61731656763492 -10.276120467488713 46
    endloop
  endfacet
  facet normal -0.32143946530318984 0.946930129495096 0
    outer loop
      vertex 88.74118095489747 -10.234074173710932 40
      vertex 88.61731656763492 -10.276120467488713 46
      vertex 88.74118095489747 -10.234074173710932 46
    endloop
  endfacet
  facet normal -0.19509032201611848 0.9807852804032323 0
    outer loop
      vertex 88.86947380777995 -10.208555138626188 40
      vertex 88.74118095489747 -10.234074173710932 46
      vertex 88.86947380777995 -10.208555138626188 46
    endloop
  endfacet
  facet normal -0.06540312923014195 0.9978589232386036 0
    outer loop
      vertex 89 -10.2 40
      vertex 88.86947380777995 -10.208555138626188 46
      vertex 89 -10.2 46
    endloop
  endfacet
  facet normal 0.06540312923014195 0.9978589232386036 0
    outer loop
      vertex 89.13052619222005 -10.208555138626188 40
      vertex 89 -10.2 46
      vertex 89.13052619222005 -10.208555138626188 46
    endloop
  endfacet
  facet normal 0.19509032201611848 0.9807852804032323 0
    outer loop
      vertex 89.25881904510253 -10.234074173710932 40
      vertex 89.13052619222005 -10.208555138626188 46
      vertex 89.25881904510253 -10.234074173710932 46
    endloop
  endfacet
  facet normal 0.32143946530318984 0.946930129495096 0
    outer loop
      vertex 89.38268343236508 -10.276120467488713 40
      vertex 89.25881904510253 -10.234074173710932 46
      vertex 89.38268343236508 -10.276120467488713 46
    endloop
  endfacet
  facet normal 0 0 -1
    outer loop
      vertex 88.1 -9.64115427318801 46
      vertex 88.29289321881345 -10.492893218813451 46
      vertex 88.20664665970877 -10.591238570991278 46
    endloop
  endfacet
  facet normal 0 0 -1
    outer loop
      vertex 88.31116982174284 -9.537016841479684 46
      vertex 88.39123857099128 -10.406646659708764 46
      vertex 88.29289321881345 -10.492893218813451 46
    endloop
  endfacet
  facet normal 0 0 -1
    outer loop
      vertex 88.31116982174284 -9.537016841479684 46
      vertex 88.5 -10.33397459621556 46
      vertex 88.39123857099128 -10.406646659708764 46
    endloop
  endfacet
  facet normal 0 0 -1
    outer loop
      vertex 88.1 -9.64115427318801 46
      vertex 88.31116982174284 -9.537016841479684 46
      vertex 88.29289321881345 -10.492893218813451 46
    endloop
  endfacet
  facet normal -0.7518398074790029 0.6593458151000398 0
    outer loop
      vertex 87.57196398747578 -10.104229427784302 46
      vertex 87.72720779386421 -9.927207793864213 47.4
      vertex 87.72720779386421 -9.927207793864213 46
    endloop
  endfacet
  facet normal -0.6593458151000616 0.7518398074789837 0
    outer loop
      vertex 87.72720779386421 -9.927207793864213 46
      vertex 87.72720779386421 -9.927207793864213 47.4
      vertex 87.9042294277843 -9.771963987475775 46
    endloop
  endfacet
  facet normal 0 0 -1
    outer loop
      vertex 88.53412571881546 -9.461333512679676 46
      vertex 88.61731656763492 -10.276120467488713 46
      vertex 88.5 -10.33397459621556 46
    endloop
  endfacet
  facet normal 0 0 -1
    outer loop
      vertex 88.53412571881546 -9.461333512679676 46
      vertex 88.74118095489747 -10.234074173710932 46
      vertex 88.61731656763492 -10.276120467488713 46
    endloop
  endfacet
  facet normal 0 0 -1
    outer loop
      vertex 88.76505285400391 -9.415399249527141 46
      vertex 88.86947380777995 -10.208555138626188 46
      vertex 88.74118095489747 -10.234074173710932 46
    endloop
  endfacet
  facet normal 0 0 -1
    outer loop
      vertex 88.76505285400391 -9.415399249527141 46
      vertex 89 -10.2 46
      vertex 88.86947380777995 -10.208555138626188 46
    endloop
  endfacet
  facet normal 0 0 -1
    outer loop
      vertex 89.23494714599609 -9.415399249527141 46
      vertex 89.13052619222005 -10.208555138626188 46
      vertex 89 -10.2 46
    endloop
  endfacet
  facet normal 0 0 -1
    outer loop
      vertex 89.23494714599609 -9.415399249527141 46
      vertex 89.25881904510253 -10.234074173710932 46
      vertex 89.13052619222005 -10.208555138626188 46
    endloop
  endfacet
  facet normal -0.5555702330196095 0.8314696123025404 0
    outer loop
      vertex 87.9042294277843 -9.771963987475775 46
      vertex 87.9042294277843 -9.771963987475775 47.4
      vertex 88.1 -9.64115427318801 46
    endloop
  endfacet
  facet normal -0.4422886902189911 0.8968727415326934 0
    outer loop
      vertex 88.1 -9.64115427318801 46
      vertex 88.1 -9.64115427318801 47.4
      vertex 88.31116982174284 -9.537016841479684 46
    endloop
  endfacet
  facet normal -0.3214394653031655 0.9469301294951044 0
    outer loop
      vertex 88.31116982174284 -9.537016841479684 46
      vertex 88.31116982174284 -9.537016841479684 47.4
      vertex 88.53412571881546 -9.461333512679676 46
    endloop
  endfacet
  facet normal 0 0 -1
    outer loop
      vertex 88.31116982174284 -9.537016841479684 46
      vertex 88.53412571881546 -9.461333512679676 46
      vertex 88.5 -10.33397459621556 46
    endloop
  endfacet
  facet normal 0 0 -1
    outer loop
      vertex 88.53412571881546 -9.461333512679676 46
      vertex 88.76505285400391 -9.415399249527141 46
      vertex 88.74118095489747 -10.234074173710932 46
    endloop
  endfacet
  facet normal 0 0 -1
    outer loop
      vertex 88.76505285400391 -9.415399249527141 46
      vertex 89 -9.399999999999999 46
      vertex 89 -10.2 46
    endloop
  endfacet
  facet normal 0 0 -1
    outer loop
      vertex 89 -9.399999999999999 46
      vertex 89.23494714599609 -9.415399249527141 46
      vertex 89 -10.2 46
    endloop
  endfacet
  facet normal -0.19509032201611987 0.980785280403232 0
    outer loop
      vertex 88.53412571881546 -9.461333512679676 46
      vertex 88.53412571881546 -9.461333512679676 47.4
      vertex 88.76505285400391 -9.415399249527141 46
    endloop
  endfacet
  facet normal -0.0654031292301494 0.9978589232386031 0
    outer loop
      vertex 88.76505285400391 -9.415399249527141 46
      vertex 88.76505285400391 -9.415399249527141 47.4
      vertex 89 -9.399999999999999 46
    endloop
  endfacet
  facet normal 0.0654031292301494 0.9978589232386031 0
    outer loop
      vertex 89 -9.399999999999999 46
      vertex 89 -9.399999999999999 47.4
      vertex 89.23494714599609 -9.415399249527141 46
    endloop
  endfacet
  facet normal -0.6593458151000616 0.7518398074789837 0
    outer loop
      vertex 87.9042294277843 -9.771963987475775 46
      vertex 87.72720779386421 -9.927207793864213 47.4
      vertex 87.9042294277843 -9.771963987475775 47.4
    endloop
  endfacet
  facet normal -0.5555702330196095 0.8314696123025404 0
    outer loop
      vertex 88.1 -9.64115427318801 46
      vertex 87.9042294277843 -9.771963987475775 47.4
      vertex 88.1 -9.64115427318801 47.4
    endloop
  endfacet
  facet normal -0.4422886902189911 0.8968727415326934 0
    outer loop
      vertex 88.31116982174284 -9.537016841479684 46
      vertex 88.1 -9.64115427318801 47.4
      vertex 88.31116982174284 -9.537016841479684 47.4
    endloop
  endfacet
  facet normal -0.3214394653031655 0.9469301294951044 0
    outer loop
      vertex 88.53412571881546 -9.461333512679676 46
      vertex 88.31116982174284 -9.537016841479684 47.4
      vertex 88.53412571881546 -9.461333512679676 47.4
    endloop
  endfacet
  facet normal -0.19509032201611987 0.980785280403232 0
    outer loop
      vertex 88.76505285400391 -9.415399249527141 46
      vertex 88.53412571881546 -9.461333512679676 47.4
      vertex 88.76505285400391 -9.415399249527141 47.4
    endloop
  endfacet
  facet normal -0.0654031292301494 0.9978589232386031 0
    outer loop
      vertex 88.76505285400391 -9.415399249527141 47.4
      vertex 89 -9.399999999999999 47.4
      vertex 89 -9.399999999999999 46
    endloop
  endfacet
  facet normal 0.0654031292301494 0.9978589232386031 0
    outer loop
      vertex 89.23494714599609 -9.415399249527141 46
      vertex 89 -9.399999999999999 47.4
      vertex 89.23494714599609 -9.415399249527141 47.4
    endloop
  endfacet
  facet normal 0 0 -1
    outer loop
      vertex 89.68883017825716 -9.537016841479684 46
      vertex 89.60876142900872 -10.406646659708764 46
      vertex 89.5 -10.33397459621556 46
    endloop
  endfacet
  facet normal 0 0 -1
    outer loop
      vertex 89.9 -9.64115427318801 46
      vertex 89.79335334029123 -10.591238570991278 46
      vertex 89.70710678118655 -10.492893218813451 46
    endloop
  endfacet
  facet normal 0 0 -1
    outer loop
      vertex 89.68883017825716 -9.537016841479684 46
      vertex 89.70710678118655 -10.492893218813451 46
      vertex 89.60876142900872 -10.406646659708764 46
    endloop
  endfacet
  facet normal 0 0 -1
    outer loop
      vertex 89.9 -9.64115427318801 46
      vertex 90.0957705722157 -9.771963987475775 46
      vertex 89.9238795325113 -10.81731656763491 46
    endloop
  endfacet
  facet normal 0 0 -1
    outer loop
      vertex 89.46587428118454 -9.461333512679676 46
      vertex 89.38268343236508 -10.276120467488713 46
      vertex 89.25881904510253 -10.234074173710932 46
    endloop
  endfacet
  facet normal 0 0 -1
    outer loop
      vertex 89.46587428118454 -9.461333512679676 46
      vertex 89.5 -10.33397459621556 46
      vertex 89.38268343236508 -10.276120467488713 46
    endloop
  endfacet
  facet normal 0 0 -1
    outer loop
      vertex 89.68883017825716 -9.537016841479684 46
      vertex 89.9 -9.64115427318801 46
      vertex 89.70710678118655 -10.492893218813451 46
    endloop
  endfacet
  facet normal 0.8314696123025207 0.555570233019639 0
    outer loop
      vertex 90.42803601252422 -10.104229427784302 46
      vertex 90.558845726812 -10.299999999999999 47.4
      vertex 90.558845726812 -10.299999999999999 46
    endloop
  endfacet
  facet normal 0.7518398074790029 0.6593458151000398 0
    outer loop
      vertex 90.27279220613579 -9.927207793864213 46
      vertex 90.42803601252422 -10.104229427784302 47.4
      vertex 90.42803601252422 -10.104229427784302 46
    endloop
  endfacet
  facet normal 0.8314696123025207 0.555570233019639 0
    outer loop
      vertex 90.42803601252422 -10.104229427784302 46
      vertex 90.42803601252422 -10.104229427784302 47.4
      vertex 90.558845726812 -10.299999999999999 47.4
    endloop
  endfacet
  facet normal 0.7518398074790029 0.6593458151000398 0
    outer loop
      vertex 90.27279220613579 -9.927207793864213 46
      vertex 90.27279220613579 -9.927207793864213 47.4
      vertex 90.42803601252422 -10.104229427784302 47.4
    endloop
  endfacet
  facet normal 0.6593458151000616 0.7518398074789837 0
    outer loop
      vertex 90.27279220613579 -9.927207793864213 46
      vertex 90.0957705722157 -9.771963987475775 47.4
      vertex 90.27279220613579 -9.927207793864213 47.4
    endloop
  endfacet
  facet normal 0 0 -1
    outer loop
      vertex 89.46587428118454 -9.461333512679676 46
      vertex 89.68883017825716 -9.537016841479684 46
      vertex 89.5 -10.33397459621556 46
    endloop
  endfacet
  facet normal 0 0 -1
    outer loop
      vertex 89.23494714599609 -9.415399249527141 46
      vertex 89.46587428118454 -9.461333512679676 46
      vertex 89.25881904510253 -10.234074173710932 46
    endloop
  endfacet
  facet normal 0.5555702330196095 0.8314696123025404 0
    outer loop
      vertex 89.9 -9.64115427318801 46
      vertex 89.9 -9.64115427318801 47.4
      vertex 90.0957705722157 -9.771963987475775 46
    endloop
  endfacet
  facet normal 0.19509032201611987 0.980785280403232 0
    outer loop
      vertex 89.23494714599609 -9.415399249527141 46
      vertex 89.23494714599609 -9.415399249527141 47.4
      vertex 89.46587428118454 -9.461333512679676 46
    endloop
  endfacet
  facet normal 0.3214394653031655 0.9469301294951044 0
    outer loop
      vertex 89.46587428118454 -9.461333512679676 46
      vertex 89.46587428118454 -9.461333512679676 47.4
      vertex 89.68883017825716 -9.537016841479684 46
    endloop
  endfacet
  facet normal 0.4422886902189911 0.8968727415326934 0
    outer loop
      vertex 89.68883017825716 -9.537016841479684 46
      vertex 89.68883017825716 -9.537016841479684 47.4
      vertex 89.9 -9.64115427318801 46
    endloop
  endfacet
  facet normal 0.6593458151000616 0.7518398074789837 0
    outer loop
      vertex 90.27279220613579 -9.927207793864213 46
      vertex 90.0957705722157 -9.771963987475775 46
      vertex 90.0957705722157 -9.771963987475775 47.4
    endloop
  endfacet
  facet normal 0.19509032201611987 0.980785280403232 0
    outer loop
      vertex 89.46587428118454 -9.461333512679676 46
      vertex 89.23494714599609 -9.415399249527141 47.4
      vertex 89.46587428118454 -9.461333512679676 47.4
    endloop
  endfacet
  facet normal 0.3214394653031655 0.9469301294951044 0
    outer loop
      vertex 89.68883017825716 -9.537016841479684 46
      vertex 89.46587428118454 -9.461333512679676 47.4
      vertex 89.68883017825716 -9.537016841479684 47.4
    endloop
  endfacet
  facet normal 0.4422886902189911 0.8968727415326934 0
    outer loop
      vertex 89.9 -9.64115427318801 46
      vertex 89.68883017825716 -9.537016841479684 47.4
      vertex 89.9 -9.64115427318801 47.4
    endloop
  endfacet
  facet normal 0.5555702330196095 0.8314696123025404 0
    outer loop
      vertex 90.0957705722157 -9.771963987475775 46
      vertex 89.9 -9.64115427318801 47.4
      vertex 90.0957705722157 -9.771963987475775 47.4
    endloop
  endfacet
endsolid OpenSCAD_Model
