solid OpenSCAD_Model
  facet normal -0.5555702330195929 -0.8314696123025516 0
    outer loop
      vertex 92.125 6.118430139592794 45.2
      vertex 91.82590607022601 6.3182783141991035 43.2
      vertex 92.125 6.118430139592794 43.2
    endloop
  endfacet
  facet normal -0.7518398074789822 -0.6593458151000634 0
    outer loop
      vertex 91.3182783141991 6.825906070226019 45.2
      vertex 91.3182783141991 6.825906070226019 43.2
      vertex 91.55545635173699 6.555456351736995 43.2
    endloop
  endfacet
  facet normal -0.6593458151000763 -0.7518398074789708 0
    outer loop
      vertex 91.82590607022601 6.3182783141991035 45.2
      vertex 91.55545635173699 6.555456351736995 43.2
      vertex 91.82590607022601 6.3182783141991035 43.2
    endloop
  endfacet
  facet normal -0.4422886902190052 -0.8968727415326864 0
    outer loop
      vertex 92.447620560996 5.9593312855939615 45.2
      vertex 92.125 6.118430139592794 43.2
      vertex 92.447620560996 5.9593312855939615 43.2
    endloop
  endfacet
  facet normal -0.32143946530315864 -0.9469301294951066 0
    outer loop
      vertex 92.78824762596807 5.843703977705062 45.2
      vertex 92.447620560996 5.9593312855939615 43.2
      vertex 92.78824762596807 5.843703977705062 43.2
    endloop
  endfacet
  facet normal -0.19509032201613144 -0.9807852804032298 0
    outer loop
      vertex 93.14105297139486 5.773526631222021 45.2
      vertex 92.78824762596807 5.843703977705062 43.2
      vertex 93.14105297139486 5.773526631222021 43.2
    endloop
  endfacet
  facet normal -0.06540312923014119 -0.9978589232386036 0
    outer loop
      vertex 93.14105297139486 5.773526631222021 43.2
      vertex 93.5 5.75 43.2
      vertex 93.5 5.75 45.2
    endloop
  endfacet
  facet normal 0.06540312923014119 -0.9978589232386036 0
    outer loop
      vertex 93.85894702860514 5.773526631222021 45.2
      vertex 93.5 5.75 43.2
      vertex 93.85894702860514 5.773526631222021 43.2
    endloop
  endfacet
  facet normal 0.19509032201613144 -0.9807852804032298 0
    outer loop
      vertex 94.21175237403193 5.843703977705062 45.2
      vertex 93.85894702860514 5.773526631222021 43.2
      vertex 94.21175237403193 5.843703977705062 43.2
    endloop
  endfacet
  facet normal 0.32143946530315864 -0.9469301294951066 0
    outer loop
      vertex 94.552379439004 5.9593312855939615 45.2
      vertex 94.21175237403193 5.843703977705062 43.2
      vertex 94.552379439004 5.9593312855939615 43.2
    endloop
  endfacet
  facet normal 0.4422886902190052 -0.8968727415326864 0
    outer loop
      vertex 94.875 6.118430139592794 45.2
      vertex 94.552379439004 5.9593312855939615 43.2
      vertex 94.875 6.118430139592794 43.2
    endloop
  endfacet
  facet normal 0.5555702330195929 -0.8314696123025516 0
    outer loop
      vertex 95.17409392977399 6.3182783141991035 45.2
      vertex 94.875 6.118430139592794 43.2
      vertex 95.17409392977399 6.3182783141991035 43.2
    endloop
  endfacet
  facet normal 0.6593458151000763 -0.7518398074789708 0
    outer loop
      vertex 95.44454364826301 6.555456351736995 45.2
      vertex 95.17409392977399 6.3182783141991035 43.2
      vertex 95.44454364826301 6.555456351736995 43.2
    endloop
  endfacet
  facet normal 0.7518398074789822 -0.6593458151000634 0
    outer loop
      vertex 95.44454364826301 6.555456351736995 45.2
      vertex 95.44454364826301 6.555456351736995 43.2
      vertex 95.6817216858009 6.825906070226019 43.2
    endloop
  endfacet
  facet normal 0 0 -1
    outer loop
      vertex 91.11843013959279 9.875 43.2
      vertex 91.11843013959279 7.125 43.2
      vertex 90.95933128559396 7.447620560996003 43.2
    endloop
  endfacet
  facet normal 0 0 -1
    outer loop
      vertex 91.3182783141991 10.174093929773981 43.2
      vertex 91.3182783141991 6.825906070226019 43.2
      vertex 91.11843013959279 7.125 43.2
    endloop
  endfacet
  facet normal 0 0 -1
    outer loop
      vertex 92.125 10.881569860407206 43.2
      vertex 92.125 6.118430139592794 43.2
      vertex 91.82590607022601 6.3182783141991035 43.2
    endloop
  endfacet
  facet normal 0 0 -1
    outer loop
      vertex 91.55545635173699 10.444543648263005 43.2
      vertex 91.55545635173699 6.555456351736995 43.2
      vertex 91.3182783141991 6.825906070226019 43.2
    endloop
  endfacet
  facet normal 0 0 -1
    outer loop
      vertex 91.82590607022601 10.681721685800897 43.2
      vertex 91.82590607022601 6.3182783141991035 43.2
      vertex 91.55545635173699 6.555456351736995 43.2
    endloop
  endfacet
  facet normal 0 0 -1
    outer loop
      vertex 90.84370397770506 9.211752374031931 43.2
      vertex 90.84370397770506 7.788247625968068 43.2
      vertex 90.77352663122203 8.141052971394858 43.2
    endloop
  endfacet
  facet normal 0 0 -1
    outer loop
      vertex 90.77352663122203 8.858947028605142 43.2
      vertex 90.77352663122203 8.141052971394858 43.2
      vertex 90.75 8.5 43.2
    endloop
  endfacet
  facet normal 0 0 -1
    outer loop
      vertex 90.95933128559396 9.552379439003996 43.2
      vertex 90.95933128559396 7.447620560996003 43.2
      vertex 90.84370397770506 7.788247625968068 43.2
    endloop
  endfacet
  facet normal 0 0 -1
    outer loop
      vertex 90.84370397770506 9.211752374031931 43.2
      vertex 90.77352663122203 8.141052971394858 43.2
      vertex 90.77352663122203 8.858947028605142 43.2
    endloop
  endfacet
  facet normal 0 0 -1
    outer loop
      vertex 90.95933128559396 9.552379439003996 43.2
      vertex 90.84370397770506 7.788247625968068 43.2
      vertex 90.84370397770506 9.211752374031931 43.2
    endloop
  endfacet
  facet normal 0 0 -1
    outer loop
      vertex 90.95933128559396 9.552379439003996 43.2
      vertex 91.11843013959279 9.875 43.2
      vertex 90.95933128559396 7.447620560996003 43.2
    endloop
  endfacet
  facet normal 0 0 -1
    outer loop
      vertex 91.3182783141991 10.174093929773981 43.2
      vertex 91.11843013959279 7.125 43.2
      vertex 91.11843013959279 9.875 43.2
    endloop
  endfacet
  facet normal 0 0 -1
    outer loop
      vertex 91.3182783141991 10.174093929773981 43.2
      vertex 91.55545635173699 10.444543648263005 43.2
      vertex 91.3182783141991 6.825906070226019 43.2
    endloop
  endfacet
  facet normal 0 0 -1
    outer loop
      vertex 91.82590607022601 10.681721685800897 43.2
      vertex 91.55545635173699 6.555456351736995 43.2
      vertex 91.55545635173699 10.444543648263005 43.2
    endloop
  endfacet
  facet normal 0 0 -1
    outer loop
      vertex 91.82590607022601 10.681721685800897 43.2
      vertex 92.125 10.881569860407206 43.2
      vertex 91.82590607022601 6.3182783141991035 43.2
    endloop
  endfacet
  facet normal 0 0 -1
    outer loop
      vertex 92.447620560996 11.040668714406038 43.2
      vertex 92.447620560996 5.9593312855939615 43.2
      vertex 92.125 6.118430139592794 43.2
    endloop
  endfacet
  facet normal 0 0 -1
    outer loop
      vertex 92.78824762596807 11.156296022294939 43.2
      vertex 92.78824762596807 5.843703977705062 43.2
      vertex 92.447620560996 5.9593312855939615 43.2
    endloop
  endfacet
  facet normal 0 0 -1
    outer loop
      vertex 93.14105297139486 11.22647336877798 43.2
      vertex 93.14105297139486 5.773526631222021 43.2
      vertex 92.78824762596807 5.843703977705062 43.2
    endloop
  endfacet
  facet normal 0 0 -1
    outer loop
      vertex 93.14105297139486 5.773526631222021 43.2
      vertex 93.5 11.25 43.2
      vertex 93.5 5.75 43.2
    endloop
  endfacet
  facet normal 0 0 -1
    outer loop
      vertex 93.85894702860514 11.22647336877798 43.2
      vertex 93.85894702860514 5.773526631222021 43.2
      vertex 93.5 5.75 43.2
    endloop
  endfacet
  facet normal 0 0 -1
    outer loop
      vertex 94.21175237403193 11.156296022294939 43.2
      vertex 94.21175237403193 5.843703977705062 43.2
      vertex 93.85894702860514 5.773526631222021 43.2
    endloop
  endfacet
  facet normal 0 0 -1
    outer loop
      vertex 94.552379439004 11.040668714406038 43.2
      vertex 94.552379439004 5.9593312855939615 43.2
      vertex 94.21175237403193 5.843703977705062 43.2
    endloop
  endfacet
  facet normal 0 0 -1
    outer loop
      vertex 94.875 10.881569860407206 43.2
      vertex 94.875 6.118430139592794 43.2
      vertex 94.552379439004 5.9593312855939615 43.2
    endloop
  endfacet
  facet normal 0 0 -1
    outer loop
      vertex 95.17409392977399 10.681721685800897 43.2
      vertex 95.17409392977399 6.3182783141991035 43.2
      vertex 94.875 6.118430139592794 43.2
    endloop
  endfacet
  facet normal 0 0 -1
    outer loop
      vertex 95.44454364826301 10.444543648263005 43.2
      vertex 95.44454364826301 6.555456351736995 43.2
      vertex 95.17409392977399 6.3182783141991035 43.2
    endloop
  endfacet
  facet normal 0 0 -1
    outer loop
      vertex 92.447620560996 11.040668714406038 43.2
      vertex 92.125 6.118430139592794 43.2
      vertex 92.125 10.881569860407206 43.2
    endloop
  endfacet
  facet normal 0 0 -1
    outer loop
      vertex 92.447620560996 11.040668714406038 43.2
      vertex 92.78824762596807 11.156296022294939 43.2
      vertex 92.447620560996 5.9593312855939615 43.2
    endloop
  endfacet
  facet normal 0 0 -1
    outer loop
      vertex 92.78824762596807 11.156296022294939 43.2
      vertex 93.14105297139486 11.22647336877798 43.2
      vertex 92.78824762596807 5.843703977705062 43.2
    endloop
  endfacet
  facet normal 0 0 -1
    outer loop
      vertex 93.14105297139486 11.22647336877798 43.2
      vertex 93.5 11.25 43.2
      vertex 93.14105297139486 5.773526631222021 43.2
    endloop
  endfacet
  facet normal 0 0 -1
    outer loop
      vertex 93.5 11.25 43.2
      vertex 93.85894702860514 11.22647336877798 43.2
      vertex 93.5 5.75 43.2
    endloop
  endfacet
  facet normal 0 0 -1
    outer loop
      vertex 93.85894702860514 11.22647336877798 43.2
      vertex 94.21175237403193 11.156296022294939 43.2
      vertex 93.85894702860514 5.773526631222021 43.2
    endloop
  endfacet
  facet normal 0 0 -1
    outer loop
      vertex 94.21175237403193 11.156296022294939 43.2
      vertex 94.552379439004 11.040668714406038 43.2
      vertex 94.21175237403193 5.843703977705062 43.2
    endloop
  endfacet
  facet normal 0 0 -1
    outer loop
      vertex 94.875 10.881569860407206 43.2
      vertex 95.17409392977399 10.681721685800897 43.2
      vertex 94.875 6.118430139592794 43.2
    endloop
  endfacet
  facet normal 0 0 -1
    outer loop
      vertex 95.17409392977399 10.681721685800897 43.2
      vertex 95.44454364826301 10.444543648263005 43.2
      vertex 95.17409392977399 6.3182783141991035 43.2
    endloop
  endfacet
  facet normal 0 0 -1
    outer loop
      vertex 94.552379439004 11.040668714406038 43.2
      vertex 94.875 10.881569860407206 43.2
      vertex 94.552379439004 5.9593312855939615 43.2
    endloop
  endfacet
  facet normal 0 0 -1
    outer loop
      vertex 95.6817216858009 10.174093929773981 43.2
      vertex 95.6817216858009 6.825906070226019 43.2
      vertex 95.44454364826301 6.555456351736995 43.2
    endloop
  endfacet
  facet normal 0 0 -1
    outer loop
      vertex 95.88156986040721 9.875 43.2
      vertex 95.88156986040721 7.125 43.2
      vertex 95.6817216858009 6.825906070226019 43.2
    endloop
  endfacet
  facet normal 0 0 -1
    outer loop
      vertex 96.04066871440604 9.552379439003996 43.2
      vertex 96.04066871440604 7.447620560996003 43.2
      vertex 95.88156986040721 7.125 43.2
    endloop
  endfacet
  facet normal 0 0 -1
    outer loop
      vertex 96.15629602229494 9.211752374031931 43.2
      vertex 96.15629602229494 7.788247625968068 43.2
      vertex 96.04066871440604 7.447620560996003 43.2
    endloop
  endfacet
  facet normal 0 0 -1
    outer loop
      vertex 96.22647336877797 8.858947028605142 43.2
      vertex 96.22647336877797 8.141052971394858 43.2
      vertex 96.15629602229494 7.788247625968068 43.2
    endloop
  endfacet
  facet normal 0 0 -1
    outer loop
      vertex 96.22647336877797 8.858947028605142 43.2
      vertex 96.25 8.5 43.2
      vertex 96.22647336877797 8.141052971394858 43.2
    endloop
  endfacet
  facet normal 0 0 -1
    outer loop
      vertex 96.15629602229494 9.211752374031931 43.2
      vertex 96.22647336877797 8.858947028605142 43.2
      vertex 96.15629602229494 7.788247625968068 43.2
    endloop
  endfacet
  facet normal 0 0 -1
    outer loop
      vertex 95.88156986040721 9.875 43.2
      vertex 96.04066871440604 9.552379439003996 43.2
      vertex 95.88156986040721 7.125 43.2
    endloop
  endfacet
  facet normal 0 0 -1
    outer loop
      vertex 96.04066871440604 9.552379439003996 43.2
      vertex 96.15629602229494 9.211752374031931 43.2
      vertex 96.04066871440604 7.447620560996003 43.2
    endloop
  endfacet
  facet normal 0 0 -1
    outer loop
      vertex 95.44454364826301 10.444543648263005 43.2
      vertex 95.6817216858009 10.174093929773981 43.2
      vertex 95.44454364826301 6.555456351736995 43.2
    endloop
  endfacet
  facet normal 0 0 -1
    outer loop
      vertex 95.6817216858009 10.174093929773981 43.2
      vertex 95.88156986040721 9.875 43.2
      vertex 95.6817216858009 6.825906070226019 43.2
    endloop
  endfacet
  facet normal -0.8314696123025362 -0.5555702330196156 0
    outer loop
      vertex 91.11843013959279 7.125 45.2
      vertex 91.11843013959279 7.125 43.2
      vertex 91.3182783141991 6.825906070226019 43.2
    endloop
  endfacet
  facet normal -0.8968727415326937 -0.44228869021899037 0
    outer loop
      vertex 90.95933128559396 7.447620560996003 45.2
      vertex 90.95933128559396 7.447620560996003 43.2
      vertex 91.11843013959279 7.125 43.2
    endloop
  endfacet
  facet normal -0.9469301294951049 -0.32143946530316386 0
    outer loop
      vertex 90.84370397770506 7.788247625968068 45.2
      vertex 90.84370397770506 7.788247625968068 43.2
      vertex 90.95933128559396 7.447620560996003 43.2
    endloop
  endfacet
  facet normal -0.9807852804032334 -0.19509032201611343 0
    outer loop
      vertex 90.77352663122203 8.141052971394858 45.2
      vertex 90.77352663122203 8.141052971394858 43.2
      vertex 90.84370397770506 7.788247625968068 43.2
    endloop
  endfacet
  facet normal -0.9978589232386027 -0.06540312923015626 0
    outer loop
      vertex 90.75 8.5 45.2
      vertex 90.75 8.5 43.2
      vertex 90.77352663122203 8.141052971394858 43.2
    endloop
  endfacet
  facet normal -0.9978589232386027 0.06540312923015626 0
    outer loop
      vertex 90.77352663122203 8.858947028605142 45.2
      vertex 90.77352663122203 8.858947028605142 43.2
      vertex 90.75 8.5 43.2
    endloop
  endfacet
  facet normal -0.9807852804032333 0.1950903220161139 0
    outer loop
      vertex 90.84370397770506 9.211752374031931 45.2
      vertex 90.84370397770506 9.211752374031931 43.2
      vertex 90.77352663122203 8.858947028605142 43.2
    endloop
  endfacet
  facet normal -0.9469301294951049 0.32143946530316386 0
    outer loop
      vertex 90.95933128559396 9.552379439003996 45.2
      vertex 90.95933128559396 9.552379439003996 43.2
      vertex 90.84370397770506 9.211752374031931 43.2
    endloop
  endfacet
  facet normal -0.8968727415326941 0.4422886902189893 0
    outer loop
      vertex 91.11843013959279 9.875 45.2
      vertex 91.11843013959279 9.875 43.2
      vertex 90.95933128559396 9.552379439003996 43.2
    endloop
  endfacet
  facet normal -0.8314696123025362 0.5555702330196156 0
    outer loop
      vertex 91.3182783141991 10.174093929773981 45.2
      vertex 91.3182783141991 10.174093929773981 43.2
      vertex 91.11843013959279 9.875 43.2
    endloop
  endfacet
  facet normal -0.7518398074789822 0.6593458151000634 0
    outer loop
      vertex 91.55545635173699 10.444543648263005 45.2
      vertex 91.55545635173699 10.444543648263005 43.2
      vertex 91.3182783141991 10.174093929773981 43.2
    endloop
  endfacet
  facet normal -0.6593458151000763 0.7518398074789708 0
    outer loop
      vertex 91.55545635173699 10.444543648263005 45.2
      vertex 91.82590607022601 10.681721685800897 43.2
      vertex 91.55545635173699 10.444543648263005 43.2
    endloop
  endfacet
  facet normal -0.5555702330195929 0.8314696123025516 0
    outer loop
      vertex 91.82590607022601 10.681721685800897 45.2
      vertex 92.125 10.881569860407206 43.2
      vertex 91.82590607022601 10.681721685800897 43.2
    endloop
  endfacet
  facet normal -0.4422886902190052 0.8968727415326864 0
    outer loop
      vertex 92.125 10.881569860407206 45.2
      vertex 92.447620560996 11.040668714406038 43.2
      vertex 92.125 10.881569860407206 43.2
    endloop
  endfacet
  facet normal 0.6593458151000763 0.7518398074789708 0
    outer loop
      vertex 95.17409392977399 10.681721685800897 45.2
      vertex 95.44454364826301 10.444543648263005 43.2
      vertex 95.17409392977399 10.681721685800897 43.2
    endloop
  endfacet
  facet normal 0.5555702330195929 0.8314696123025516 0
    outer loop
      vertex 94.875 10.881569860407206 45.2
      vertex 95.17409392977399 10.681721685800897 43.2
      vertex 94.875 10.881569860407206 43.2
    endloop
  endfacet
  facet normal 0.4422886902190052 0.8968727415326864 0
    outer loop
      vertex 94.552379439004 11.040668714406038 45.2
      vertex 94.875 10.881569860407206 43.2
      vertex 94.552379439004 11.040668714406038 43.2
    endloop
  endfacet
  facet normal -0.3214394653031609 0.946930129495106 0
    outer loop
      vertex 92.447620560996 11.040668714406038 45.2
      vertex 92.78824762596807 11.156296022294939 43.2
      vertex 92.447620560996 11.040668714406038 43.2
    endloop
  endfacet
  facet normal -0.1950903220161291 0.9807852804032303 0
    outer loop
      vertex 92.78824762596807 11.156296022294939 45.2
      vertex 93.14105297139486 11.22647336877798 43.2
      vertex 92.78824762596807 11.156296022294939 43.2
    endloop
  endfacet
  facet normal -0.06540312923014119 0.9978589232386036 0
    outer loop
      vertex 93.14105297139486 11.22647336877798 45.2
      vertex 93.5 11.25 43.2
      vertex 93.14105297139486 11.22647336877798 43.2
    endloop
  endfacet
  facet normal 0.06540312923014119 0.9978589232386036 0
    outer loop
      vertex 93.5 11.25 45.2
      vertex 93.85894702860514 11.22647336877798 43.2
      vertex 93.5 11.25 43.2
    endloop
  endfacet
  facet normal 0.1950903220161291 0.9807852804032303 0
    outer loop
      vertex 93.85894702860514 11.22647336877798 45.2
      vertex 94.21175237403193 11.156296022294939 43.2
      vertex 93.85894702860514 11.22647336877798 43.2
    endloop
  endfacet
  facet normal 0.3214394653031609 0.946930129495106 0
    outer loop
      vertex 94.21175237403193 11.156296022294939 45.2
      vertex 94.552379439004 11.040668714406038 43.2
      vertex 94.21175237403193 11.156296022294939 43.2
    endloop
  endfacet
  facet normal 0.8314696123025362 -0.5555702330196156 0
    outer loop
      vertex 95.6817216858009 6.825906070226019 45.2
      vertex 95.6817216858009 6.825906070226019 43.2
      vertex 95.88156986040721 7.125 43.2
    endloop
  endfacet
  facet normal 0.8968727415326937 -0.44228869021899037 0
    outer loop
      vertex 95.88156986040721 7.125 45.2
      vertex 95.88156986040721 7.125 43.2
      vertex 96.04066871440604 7.447620560996003 43.2
    endloop
  endfacet
  facet normal 0.9469301294951049 -0.32143946530316386 0
    outer loop
      vertex 96.04066871440604 7.447620560996003 45.2
      vertex 96.04066871440604 7.447620560996003 43.2
      vertex 96.15629602229494 7.788247625968068 43.2
    endloop
  endfacet
  facet normal 0.9807852804032334 -0.19509032201611343 0
    outer loop
      vertex 96.15629602229494 7.788247625968068 45.2
      vertex 96.15629602229494 7.788247625968068 43.2
      vertex 96.22647336877797 8.141052971394858 43.2
    endloop
  endfacet
  facet normal 0.9978589232386027 -0.06540312923015626 0
    outer loop
      vertex 96.22647336877797 8.141052971394858 45.2
      vertex 96.22647336877797 8.141052971394858 43.2
      vertex 96.25 8.5 43.2
    endloop
  endfacet
  facet normal 0.9978589232386027 0.06540312923015626 0
    outer loop
      vertex 96.22647336877797 8.858947028605142 43.2
      vertex 96.25 8.5 45.2
      vertex 96.25 8.5 43.2
    endloop
  endfacet
  facet normal 0.9807852804032333 0.1950903220161139 0
    outer loop
      vertex 96.22647336877797 8.858947028605142 45.2
      vertex 96.22647336877797 8.858947028605142 43.2
      vertex 96.15629602229494 9.211752374031931 43.2
    endloop
  endfacet
  facet normal 0.9469301294951049 0.32143946530316386 0
    outer loop
      vertex 96.15629602229494 9.211752374031931 45.2
      vertex 96.15629602229494 9.211752374031931 43.2
      vertex 96.04066871440604 9.552379439003996 43.2
    endloop
  endfacet
  facet normal 0.8314696123025362 0.5555702330196156 0
    outer loop
      vertex 95.88156986040721 9.875 45.2
      vertex 95.88156986040721 9.875 43.2
      vertex 95.6817216858009 10.174093929773981 43.2
    endloop
  endfacet
  facet normal 0.8968727415326941 0.4422886902189893 0
    outer loop
      vertex 96.04066871440604 9.552379439003996 45.2
      vertex 96.04066871440604 9.552379439003996 43.2
      vertex 95.88156986040721 9.875 43.2
    endloop
  endfacet
  facet normal 0.7518398074789822 0.6593458151000634 0
    outer loop
      vertex 95.6817216858009 10.174093929773981 45.2
      vertex 95.6817216858009 10.174093929773981 43.2
      vertex 95.44454364826301 10.444543648263005 43.2
    endloop
  endfacet
  facet normal -0.5555702330195929 -0.8314696123025516 0
    outer loop
      vertex 91.82590607022601 6.3182783141991035 45.2
      vertex 91.82590607022601 6.3182783141991035 43.2
      vertex 92.125 6.118430139592794 45.2
    endloop
  endfacet
  facet normal -0.6593458151000763 -0.7518398074789708 0
    outer loop
      vertex 91.55545635173699 6.555456351736995 45.2
      vertex 91.55545635173699 6.555456351736995 43.2
      vertex 91.82590607022601 6.3182783141991035 45.2
    endloop
  endfacet
  facet normal -0.7518398074789822 -0.6593458151000634 0
    outer loop
      vertex 91.3182783141991 6.825906070226019 45.2
      vertex 91.55545635173699 6.555456351736995 43.2
      vertex 91.55545635173699 6.555456351736995 45.2
    endloop
  endfacet
  facet normal -0.19509032201613144 -0.9807852804032298 0
    outer loop
      vertex 92.78824762596807 5.843703977705062 45.2
      vertex 92.78824762596807 5.843703977705062 43.2
      vertex 93.14105297139486 5.773526631222021 45.2
    endloop
  endfacet
  facet normal -0.32143946530315864 -0.9469301294951066 0
    outer loop
      vertex 92.447620560996 5.9593312855939615 45.2
      vertex 92.447620560996 5.9593312855939615 43.2
      vertex 92.78824762596807 5.843703977705062 45.2
    endloop
  endfacet
  facet normal -0.06540312923014119 -0.9978589232386036 0
    outer loop
      vertex 93.14105297139486 5.773526631222021 45.2
      vertex 93.14105297139486 5.773526631222021 43.2
      vertex 93.5 5.75 45.2
    endloop
  endfacet
  facet normal 0.06540312923014119 -0.9978589232386036 0
    outer loop
      vertex 93.5 5.75 45.2
      vertex 93.5 5.75 43.2
      vertex 93.85894702860514 5.773526631222021 45.2
    endloop
  endfacet
  facet normal -0.4422886902190052 -0.8968727415326864 0
    outer loop
      vertex 92.125 6.118430139592794 45.2
      vertex 92.125 6.118430139592794 43.2
      vertex 92.447620560996 5.9593312855939615 45.2
    endloop
  endfacet
  facet normal 0.19509032201613144 -0.9807852804032298 0
    outer loop
      vertex 93.85894702860514 5.773526631222021 45.2
      vertex 93.85894702860514 5.773526631222021 43.2
      vertex 94.21175237403193 5.843703977705062 45.2
    endloop
  endfacet
  facet normal 0.32143946530315864 -0.9469301294951066 0
    outer loop
      vertex 94.21175237403193 5.843703977705062 45.2
      vertex 94.21175237403193 5.843703977705062 43.2
      vertex 94.552379439004 5.9593312855939615 45.2
    endloop
  endfacet
  facet normal 0.4422886902190052 -0.8968727415326864 0
    outer loop
      vertex 94.552379439004 5.9593312855939615 45.2
      vertex 94.552379439004 5.9593312855939615 43.2
      vertex 94.875 6.118430139592794 45.2
    endloop
  endfacet
  facet normal 0.5555702330195929 -0.8314696123025516 0
    outer loop
      vertex 94.875 6.118430139592794 45.2
      vertex 94.875 6.118430139592794 43.2
      vertex 95.17409392977399 6.3182783141991035 45.2
    endloop
  endfacet
  facet normal 0.6593458151000763 -0.7518398074789708 0
    outer loop
      vertex 95.44454364826301 6.555456351736995 45.2
      vertex 95.17409392977399 6.3182783141991035 45.2
      vertex 95.17409392977399 6.3182783141991035 43.2
    endloop
  endfacet
  facet normal 0.7518398074789822 -0.6593458151000634 0
    outer loop
      vertex 95.44454364826301 6.555456351736995 45.2
      vertex 95.6817216858009 6.825906070226019 43.2
      vertex 95.6817216858009 6.825906070226019 45.2
    endloop
  endfacet
  facet normal 0 0 1
    outer loop
      vertex 92.447620560996 5.9593312855939615 45.2
      vertex 92.78824762596807 5.843703977705062 45.2
      vertex 92.75 7.200961894323342 45.2
    endloop
  endfacet
  facet normal 0 0 1
    outer loop
      vertex 92.125 6.118430139592794 45.2
      vertex 92.447620560996 5.9593312855939615 45.2
      vertex 92.43933982822018 7.439339828220179 45.2
    endloop
  endfacet
  facet normal 0 0 1
    outer loop
      vertex 92.78824762596807 5.843703977705062 45.2
      vertex 92.92597485145237 7.11418070123307 45.2
      vertex 92.75 7.200961894323342 45.2
    endloop
  endfacet
  facet normal 0 0 1
    outer loop
      vertex 92.78824762596807 5.843703977705062 45.2
      vertex 93.11177143234622 7.0511112605663975 45.2
      vertex 92.92597485145237 7.11418070123307 45.2
    endloop
  endfacet
  facet normal 0 0 1
    outer loop
      vertex 93.14105297139486 5.773526631222021 45.2
      vertex 93.5 5.75 45.2
      vertex 93.5 7 45.2
    endloop
  endfacet
  facet normal 0 0 1
    outer loop
      vertex 92.78824762596807 5.843703977705062 45.2
      vertex 93.14105297139486 5.773526631222021 45.2
      vertex 93.11177143234622 7.0511112605663975 45.2
    endloop
  endfacet
  facet normal 0 0 1
    outer loop
      vertex 93.5 5.75 45.2
      vertex 93.85894702860514 5.773526631222021 45.2
      vertex 93.5 7 45.2
    endloop
  endfacet
  facet normal 0 0 1
    outer loop
      vertex 93.14105297139486 5.773526631222021 45.2
      vertex 93.30421071166992 7.0128327079392845 45.2
      vertex 93.11177143234622 7.0511112605663975 45.2
    endloop
  endfacet
  facet normal 0 0 1
    outer loop
      vertex 93.14105297139486 5.773526631222021 45.2
      vertex 93.5 7 45.2
      vertex 93.30421071166992 7.0128327079392845 45.2
    endloop
  endfacet
  facet normal 0 0 1
    outer loop
      vertex 93.85894702860514 5.773526631222021 45.2
      vertex 93.69578928833008 7.0128327079392845 45.2
      vertex 93.5 7 45.2
    endloop
  endfacet
  facet normal 0 0 1
    outer loop
      vertex 93.85894702860514 5.773526631222021 45.2
      vertex 94.21175237403193 5.843703977705062 45.2
      vertex 93.88822856765378 7.0511112605663975 45.2
    endloop
  endfacet
  facet normal 0 0 1
    outer loop
      vertex 94.21175237403193 5.843703977705062 45.2
      vertex 94.552379439004 5.9593312855939615 45.2
      vertex 94.25 7.200961894323342 45.2
    endloop
  endfacet
  facet normal 0 0 1
    outer loop
      vertex 93.85894702860514 5.773526631222021 45.2
      vertex 93.88822856765378 7.0511112605663975 45.2
      vertex 93.69578928833008 7.0128327079392845 45.2
    endloop
  endfacet
  facet normal 0 0 1
    outer loop
      vertex 94.21175237403193 5.843703977705062 45.2
      vertex 94.07402514854763 7.11418070123307 45.2
      vertex 93.88822856765378 7.0511112605663975 45.2
    endloop
  endfacet
  facet normal 0 0 1
    outer loop
      vertex 94.21175237403193 5.843703977705062 45.2
      vertex 94.25 7.200961894323342 45.2
      vertex 94.07402514854763 7.11418070123307 45.2
    endloop
  endfacet
  facet normal 0 0 1
    outer loop
      vertex 94.552379439004 5.9593312855939615 45.2
      vertex 94.875 6.118430139592794 45.2
      vertex 94.56066017177982 7.439339828220179 45.2
    endloop
  endfacet
  facet normal -0.8314696123025362 -0.5555702330196156 0
    outer loop
      vertex 91.11843013959279 7.125 45.2
      vertex 91.3182783141991 6.825906070226019 43.2
      vertex 91.3182783141991 6.825906070226019 45.2
    endloop
  endfacet
  facet normal -0.8968727415326937 -0.44228869021899037 0
    outer loop
      vertex 90.95933128559396 7.447620560996003 45.2
      vertex 91.11843013959279 7.125 43.2
      vertex 91.11843013959279 7.125 45.2
    endloop
  endfacet
  facet normal -0.9469301294951049 -0.32143946530316386 0
    outer loop
      vertex 90.84370397770506 7.788247625968068 45.2
      vertex 90.95933128559396 7.447620560996003 43.2
      vertex 90.95933128559396 7.447620560996003 45.2
    endloop
  endfacet
  facet normal -0.9807852804032334 -0.19509032201611343 0
    outer loop
      vertex 90.77352663122203 8.141052971394858 45.2
      vertex 90.84370397770506 7.788247625968068 43.2
      vertex 90.84370397770506 7.788247625968068 45.2
    endloop
  endfacet
  facet normal -0.9978589232386027 -0.06540312923015626 0
    outer loop
      vertex 90.75 8.5 45.2
      vertex 90.77352663122203 8.141052971394858 43.2
      vertex 90.77352663122203 8.141052971394858 45.2
    endloop
  endfacet
  facet normal -0.9978589232386027 0.06540312923015626 0
    outer loop
      vertex 90.77352663122203 8.858947028605142 45.2
      vertex 90.75 8.5 43.2
      vertex 90.75 8.5 45.2
    endloop
  endfacet
  facet normal -0.9807852804032333 0.1950903220161139 0
    outer loop
      vertex 90.84370397770506 9.211752374031931 45.2
      vertex 90.77352663122203 8.858947028605142 43.2
      vertex 90.77352663122203 8.858947028605142 45.2
    endloop
  endfacet
  facet normal -0.9469301294951049 0.32143946530316386 0
    outer loop
      vertex 90.95933128559396 9.552379439003996 45.2
      vertex 90.84370397770506 9.211752374031931 43.2
      vertex 90.84370397770506 9.211752374031931 45.2
    endloop
  endfacet
  facet normal -0.8968727415326941 0.4422886902189893 0
    outer loop
      vertex 90.95933128559396 9.552379439003996 45.2
      vertex 91.11843013959279 9.875 45.2
      vertex 90.95933128559396 9.552379439003996 43.2
    endloop
  endfacet
  facet normal -0.8314696123025362 0.5555702330196156 0
    outer loop
      vertex 91.3182783141991 10.174093929773981 45.2
      vertex 91.11843013959279 9.875 43.2
      vertex 91.11843013959279 9.875 45.2
    endloop
  endfacet
  facet normal -0.7518398074789822 0.6593458151000634 0
    outer loop
      vertex 91.3182783141991 10.174093929773981 45.2
      vertex 91.55545635173699 10.444543648263005 45.2
      vertex 91.3182783141991 10.174093929773981 43.2
    endloop
  endfacet
  facet normal -0.6593458151000763 0.7518398074789708 0
    outer loop
      vertex 91.82590607022601 10.681721685800897 45.2
      vertex 91.82590607022601 10.681721685800897 43.2
      vertex 91.55545635173699 10.444543648263005 45.2
    endloop
  endfacet
  facet normal -0.5555702330195929 0.8314696123025516 0
    outer loop
      vertex 91.82590607022601 10.681721685800897 45.2
      vertex 92.125 10.881569860407206 45.2
      vertex 92.125 10.881569860407206 43.2
    endloop
  endfacet
  facet normal -0.4422886902190052 0.8968727415326864 0
    outer loop
      vertex 92.447620560996 11.040668714406038 45.2
      vertex 92.447620560996 11.040668714406038 43.2
      vertex 92.125 10.881569860407206 45.2
    endloop
  endfacet
  facet normal 0.6593458151000763 0.7518398074789708 0
    outer loop
      vertex 95.17409392977399 10.681721685800897 45.2
      vertex 95.44454364826301 10.444543648263005 45.2
      vertex 95.44454364826301 10.444543648263005 43.2
    endloop
  endfacet
  facet normal 0.4422886902190052 0.8968727415326864 0
    outer loop
      vertex 94.552379439004 11.040668714406038 45.2
      vertex 94.875 10.881569860407206 45.2
      vertex 94.875 10.881569860407206 43.2
    endloop
  endfacet
  facet normal 0.5555702330195929 0.8314696123025516 0
    outer loop
      vertex 94.875 10.881569860407206 45.2
      vertex 95.17409392977399 10.681721685800897 45.2
      vertex 95.17409392977399 10.681721685800897 43.2
    endloop
  endfacet
  facet normal -0.3214394653031609 0.946930129495106 0
    outer loop
      vertex 92.447620560996 11.040668714406038 45.2
      vertex 92.78824762596807 11.156296022294939 45.2
      vertex 92.78824762596807 11.156296022294939 43.2
    endloop
  endfacet
  facet normal -0.1950903220161291 0.9807852804032303 0
    outer loop
      vertex 92.78824762596807 11.156296022294939 45.2
      vertex 93.14105297139486 11.22647336877798 45.2
      vertex 93.14105297139486 11.22647336877798 43.2
    endloop
  endfacet
  facet normal -0.06540312923014119 0.9978589232386036 0
    outer loop
      vertex 93.14105297139486 11.22647336877798 45.2
      vertex 93.5 11.25 45.2
      vertex 93.5 11.25 43.2
    endloop
  endfacet
  facet normal 0.06540312923014119 0.9978589232386036 0
    outer loop
      vertex 93.5 11.25 45.2
      vertex 93.85894702860514 11.22647336877798 45.2
      vertex 93.85894702860514 11.22647336877798 43.2
    endloop
  endfacet
  facet normal 0.1950903220161291 0.9807852804032303 0
    outer loop
      vertex 93.85894702860514 11.22647336877798 45.2
      vertex 94.21175237403193 11.156296022294939 45.2
      vertex 94.21175237403193 11.156296022294939 43.2
    endloop
  endfacet
  facet normal 0.3214394653031609 0.946930129495106 0
    outer loop
      vertex 94.21175237403193 11.156296022294939 45.2
      vertex 94.552379439004 11.040668714406038 45.2
      vertex 94.552379439004 11.040668714406038 43.2
    endloop
  endfacet
  facet normal 0.8314696123025362 -0.5555702330196156 0
    outer loop
      vertex 95.6817216858009 6.825906070226019 45.2
      vertex 95.88156986040721 7.125 43.2
      vertex 95.88156986040721 7.125 45.2
    endloop
  endfacet
  facet normal 0.8968727415326937 -0.44228869021899037 0
    outer loop
      vertex 96.04066871440604 7.447620560996003 45.2
      vertex 95.88156986040721 7.125 45.2
      vertex 96.04066871440604 7.447620560996003 43.2
    endloop
  endfacet
  facet normal 0.9469301294951049 -0.32143946530316386 0
    outer loop
      vertex 96.15629602229494 7.788247625968068 45.2
      vertex 96.04066871440604 7.447620560996003 45.2
      vertex 96.15629602229494 7.788247625968068 43.2
    endloop
  endfacet
  facet normal 0.9807852804032334 -0.19509032201611343 0
    outer loop
      vertex 96.22647336877797 8.141052971394858 45.2
      vertex 96.15629602229494 7.788247625968068 45.2
      vertex 96.22647336877797 8.141052971394858 43.2
    endloop
  endfacet
  facet normal 0.9978589232386027 -0.06540312923015626 0
    outer loop
      vertex 96.25 8.5 45.2
      vertex 96.22647336877797 8.141052971394858 45.2
      vertex 96.25 8.5 43.2
    endloop
  endfacet
  facet normal 0.9978589232386027 0.06540312923015626 0
    outer loop
      vertex 96.22647336877797 8.858947028605142 45.2
      vertex 96.25 8.5 45.2
      vertex 96.22647336877797 8.858947028605142 43.2
    endloop
  endfacet
  facet normal 0.9807852804032333 0.1950903220161139 0
    outer loop
      vertex 96.15629602229494 9.211752374031931 45.2
      vertex 96.22647336877797 8.858947028605142 45.2
      vertex 96.15629602229494 9.211752374031931 43.2
    endloop
  endfacet
  facet normal 0.9469301294951049 0.32143946530316386 0
    outer loop
      vertex 96.04066871440604 9.552379439003996 45.2
      vertex 96.15629602229494 9.211752374031931 45.2
      vertex 96.04066871440604 9.552379439003996 43.2
    endloop
  endfacet
  facet normal 0.8968727415326941 0.4422886902189893 0
    outer loop
      vertex 95.88156986040721 9.875 45.2
      vertex 96.04066871440604 9.552379439003996 45.2
      vertex 95.88156986040721 9.875 43.2
    endloop
  endfacet
  facet normal 0.8314696123025362 0.5555702330196156 0
    outer loop
      vertex 95.6817216858009 10.174093929773981 45.2
      vertex 95.88156986040721 9.875 45.2
      vertex 95.6817216858009 10.174093929773981 43.2
    endloop
  endfacet
  facet normal 0.7518398074789822 0.6593458151000634 0
    outer loop
      vertex 95.44454364826301 10.444543648263005 45.2
      vertex 95.6817216858009 10.174093929773981 45.2
      vertex 95.44454364826301 10.444543648263005 43.2
    endloop
  endfacet
  facet normal 0 0 1
    outer loop
      vertex 92.125 6.118430139592794 45.2
      vertex 92.11418070123307 7.925974851452366 45.2
      vertex 92.0511112605664 8.111771432346218 45.2
    endloop
  endfacet
  facet normal 0 0 1
    outer loop
      vertex 90.84370397770506 9.211752374031931 45.2
      vertex 90.84370397770506 7.788247625968068 45.2
      vertex 90.95933128559396 7.447620560996003 45.2
    endloop
  endfacet
  facet normal 0 0 1
    outer loop
      vertex 91.11843013959279 9.875 45.2
      vertex 91.11843013959279 7.125 45.2
      vertex 91.3182783141991 6.825906070226019 45.2
    endloop
  endfacet
  facet normal 0 0 1
    outer loop
      vertex 90.95933128559396 9.552379439003996 45.2
      vertex 90.95933128559396 7.447620560996003 45.2
      vertex 91.11843013959279 7.125 45.2
    endloop
  endfacet
  facet normal 0 0 1
    outer loop
      vertex 91.55545635173699 10.444543648263005 45.2
      vertex 91.55545635173699 6.555456351736995 45.2
      vertex 91.82590607022601 6.3182783141991035 45.2
    endloop
  endfacet
  facet normal 0 0 1
    outer loop
      vertex 92.125 6.118430139592794 45.2
      vertex 92.0511112605664 8.111771432346218 45.2
      vertex 92.01283270793928 8.304210711669922 45.2
    endloop
  endfacet
  facet normal 0 0 1
    outer loop
      vertex 92.125 6.118430139592794 45.2
      vertex 92.01283270793928 8.304210711669922 45.2
      vertex 92 8.5 45.2
    endloop
  endfacet
  facet normal 0 0 1
    outer loop
      vertex 91.82590607022601 10.681721685800897 45.2
      vertex 91.82590607022601 6.3182783141991035 45.2
      vertex 92.125 6.118430139592794 45.2
    endloop
  endfacet
  facet normal 0 0 1
    outer loop
      vertex 91.3182783141991 10.174093929773981 45.2
      vertex 91.3182783141991 6.825906070226019 45.2
      vertex 91.55545635173699 6.555456351736995 45.2
    endloop
  endfacet
  facet normal 0 0 1
    outer loop
      vertex 90.77352663122203 8.858947028605142 45.2
      vertex 90.77352663122203 8.141052971394858 45.2
      vertex 90.84370397770506 7.788247625968068 45.2
    endloop
  endfacet
  facet normal 0 0 1
    outer loop
      vertex 90.77352663122203 8.858947028605142 45.2
      vertex 90.75 8.5 45.2
      vertex 90.77352663122203 8.141052971394858 45.2
    endloop
  endfacet
  facet normal 0 0 1
    outer loop
      vertex 90.84370397770506 9.211752374031931 45.2
      vertex 90.77352663122203 8.858947028605142 45.2
      vertex 90.84370397770506 7.788247625968068 45.2
    endloop
  endfacet
  facet normal 0 0 1
    outer loop
      vertex 90.95933128559396 9.552379439003996 45.2
      vertex 90.84370397770506 9.211752374031931 45.2
      vertex 90.95933128559396 7.447620560996003 45.2
    endloop
  endfacet
  facet normal 0 0 1
    outer loop
      vertex 90.95933128559396 9.552379439003996 45.2
      vertex 91.11843013959279 7.125 45.2
      vertex 91.11843013959279 9.875 45.2
    endloop
  endfacet
  facet normal 0 0 1
    outer loop
      vertex 91.82590607022601 10.681721685800897 45.2
      vertex 92.125 6.118430139592794 45.2
      vertex 92 8.5 45.2
    endloop
  endfacet
  facet normal 0 0 1
    outer loop
      vertex 91.3182783141991 10.174093929773981 45.2
      vertex 91.11843013959279 9.875 45.2
      vertex 91.3182783141991 6.825906070226019 45.2
    endloop
  endfacet
  facet normal 0 0 1
    outer loop
      vertex 91.3182783141991 10.174093929773981 45.2
      vertex 91.55545635173699 6.555456351736995 45.2
      vertex 91.55545635173699 10.444543648263005 45.2
    endloop
  endfacet
  facet normal 0 0 1
    outer loop
      vertex 91.82590607022601 10.681721685800897 45.2
      vertex 91.55545635173699 10.444543648263005 45.2
      vertex 91.82590607022601 6.3182783141991035 45.2
    endloop
  endfacet
  facet normal 0 0 1
    outer loop
      vertex 91.82590607022601 10.681721685800897 45.2
      vertex 92 8.5 45.2
      vertex 92.01283270793928 8.695789288330078 45.2
    endloop
  endfacet
  facet normal 0 0 1
    outer loop
      vertex 91.82590607022601 10.681721685800897 45.2
      vertex 92.01283270793928 8.695789288330078 45.2
      vertex 92.0511112605664 8.888228567653782 45.2
    endloop
  endfacet
  facet normal 0 0 1
    outer loop
      vertex 91.82590607022601 10.681721685800897 45.2
      vertex 92.0511112605664 8.888228567653782 45.2
      vertex 92.11418070123307 9.074025148547635 45.2
    endloop
  endfacet
  facet normal 0 0 1
    outer loop
      vertex 92.447620560996 5.9593312855939615 45.2
      vertex 92.58685785648692 7.309969989563147 45.2
      vertex 92.43933982822018 7.439339828220179 45.2
    endloop
  endfacet
  facet normal 0 0 1
    outer loop
      vertex 92.125 6.118430139592794 45.2
      vertex 92.43933982822018 7.439339828220179 45.2
      vertex 92.30996998956314 7.586857856486919 45.2
    endloop
  endfacet
  facet normal 0 0 1
    outer loop
      vertex 92.447620560996 5.9593312855939615 45.2
      vertex 92.75 7.200961894323342 45.2
      vertex 92.58685785648692 7.309969989563147 45.2
    endloop
  endfacet
  facet normal 0 0 1
    outer loop
      vertex 92.125 6.118430139592794 45.2
      vertex 92.30996998956314 7.586857856486919 45.2
      vertex 92.20096189432334 7.75 45.2
    endloop
  endfacet
  facet normal 0 0 1
    outer loop
      vertex 92.125 6.118430139592794 45.2
      vertex 92.20096189432334 7.75 45.2
      vertex 92.11418070123307 7.925974851452366 45.2
    endloop
  endfacet
  facet normal 0 0 1
    outer loop
      vertex 94.552379439004 5.9593312855939615 45.2
      vertex 94.41314214351308 7.309969989563147 45.2
      vertex 94.25 7.200961894323342 45.2
    endloop
  endfacet
  facet normal 0 0 1
    outer loop
      vertex 94.552379439004 5.9593312855939615 45.2
      vertex 94.56066017177982 7.439339828220179 45.2
      vertex 94.41314214351308 7.309969989563147 45.2
    endloop
  endfacet
  facet normal 0 0 1
    outer loop
      vertex 94.875 6.118430139592794 45.2
      vertex 95.17409392977399 6.3182783141991035 45.2
      vertex 94.88581929876693 7.925974851452366 45.2
    endloop
  endfacet
  facet normal 0 0 1
    outer loop
      vertex 94.875 6.118430139592794 45.2
      vertex 94.69003001043686 7.586857856486919 45.2
      vertex 94.56066017177982 7.439339828220179 45.2
    endloop
  endfacet
  facet normal 0 0 1
    outer loop
      vertex 94.875 6.118430139592794 45.2
      vertex 94.79903810567666 7.75 45.2
      vertex 94.69003001043686 7.586857856486919 45.2
    endloop
  endfacet
  facet normal 0 0 1
    outer loop
      vertex 94.875 6.118430139592794 45.2
      vertex 94.88581929876693 7.925974851452366 45.2
      vertex 94.79903810567666 7.75 45.2
    endloop
  endfacet
  facet normal 0 0 1
    outer loop
      vertex 95.17409392977399 6.3182783141991035 45.2
      vertex 94.9488887394336 8.111771432346218 45.2
      vertex 94.88581929876693 7.925974851452366 45.2
    endloop
  endfacet
  facet normal 0 0 1
    outer loop
      vertex 95.17409392977399 6.3182783141991035 45.2
      vertex 94.98716729206072 8.304210711669922 45.2
      vertex 94.9488887394336 8.111771432346218 45.2
    endloop
  endfacet
  facet normal 0 0 1
    outer loop
      vertex 95.17409392977399 6.3182783141991035 45.2
      vertex 95 8.5 45.2
      vertex 94.98716729206072 8.304210711669922 45.2
    endloop
  endfacet
  facet normal 0 0 1
    outer loop
      vertex 95.17409392977399 10.681721685800897 45.2
      vertex 95.17409392977399 6.3182783141991035 45.2
      vertex 95.44454364826301 6.555456351736995 45.2
    endloop
  endfacet
  facet normal 0 0 1
    outer loop
      vertex 94.875 10.881569860407206 45.2
      vertex 95 8.5 45.2
      vertex 95.17409392977399 6.3182783141991035 45.2
    endloop
  endfacet
  facet normal 0 0 1
    outer loop
      vertex 95.17409392977399 10.681721685800897 45.2
      vertex 95.44454364826301 6.555456351736995 45.2
      vertex 95.44454364826301 10.444543648263005 45.2
    endloop
  endfacet
  facet normal 0 0 1
    outer loop
      vertex 94.875 10.881569860407206 45.2
      vertex 94.98716729206072 8.695789288330078 45.2
      vertex 95 8.5 45.2
    endloop
  endfacet
  facet normal 0 0 1
    outer loop
      vertex 94.875 10.881569860407206 45.2
      vertex 94.9488887394336 8.888228567653782 45.2
      vertex 94.98716729206072 8.695789288330078 45.2
    endloop
  endfacet
  facet normal 0 0 1
    outer loop
      vertex 94.875 10.881569860407206 45.2
      vertex 94.88581929876693 9.074025148547635 45.2
      vertex 94.9488887394336 8.888228567653782 45.2
    endloop
  endfacet
  facet normal 0 0 1
    outer loop
      vertex 94.875 10.881569860407206 45.2
      vertex 95.17409392977399 6.3182783141991035 45.2
      vertex 95.17409392977399 10.681721685800897 45.2
    endloop
  endfacet
  facet normal 0 0 1
    outer loop
      vertex 91.82590607022601 10.681721685800897 45.2
      vertex 92.11418070123307 9.074025148547635 45.2
      vertex 92.125 10.881569860407206 45.2
    endloop
  endfacet
  facet normal 0 0 1
    outer loop
      vertex 92.125 10.881569860407206 45.2
      vertex 92.11418070123307 9.074025148547635 45.2
      vertex 92.20096189432334 9.25 45.2
    endloop
  endfacet
  facet normal 0 0 1
    outer loop
      vertex 92.125 10.881569860407206 45.2
      vertex 92.20096189432334 9.25 45.2
      vertex 92.30996998956314 9.413142143513081 45.2
    endloop
  endfacet
  facet normal 0 0 1
    outer loop
      vertex 92.125 10.881569860407206 45.2
      vertex 92.30996998956314 9.413142143513081 45.2
      vertex 92.43933982822018 9.560660171779821 45.2
    endloop
  endfacet
  facet normal 0 0 1
    outer loop
      vertex 92.447620560996 11.040668714406038 45.2
      vertex 92.43933982822018 9.560660171779821 45.2
      vertex 92.58685785648692 9.690030010436853 45.2
    endloop
  endfacet
  facet normal 0 0 1
    outer loop
      vertex 92.447620560996 11.040668714406038 45.2
      vertex 92.58685785648692 9.690030010436853 45.2
      vertex 92.75 9.799038105676658 45.2
    endloop
  endfacet
  facet normal 0 0 1
    outer loop
      vertex 92.78824762596807 11.156296022294939 45.2
      vertex 92.75 9.799038105676658 45.2
      vertex 92.92597485145237 9.885819298766929 45.2
    endloop
  endfacet
  facet normal 0 0 1
    outer loop
      vertex 92.78824762596807 11.156296022294939 45.2
      vertex 92.92597485145237 9.885819298766929 45.2
      vertex 93.11177143234622 9.948888739433603 45.2
    endloop
  endfacet
  facet normal 0 0 1
    outer loop
      vertex 92.447620560996 11.040668714406038 45.2
      vertex 92.125 10.881569860407206 45.2
      vertex 92.43933982822018 9.560660171779821 45.2
    endloop
  endfacet
  facet normal 0 0 1
    outer loop
      vertex 92.447620560996 11.040668714406038 45.2
      vertex 92.75 9.799038105676658 45.2
      vertex 92.78824762596807 11.156296022294939 45.2
    endloop
  endfacet
  facet normal 0 0 1
    outer loop
      vertex 93.14105297139486 11.22647336877798 45.2
      vertex 93.30421071166992 9.987167292060715 45.2
      vertex 93.5 10 45.2
    endloop
  endfacet
  facet normal 0 0 1
    outer loop
      vertex 93.14105297139486 11.22647336877798 45.2
      vertex 93.11177143234622 9.948888739433603 45.2
      vertex 93.30421071166992 9.987167292060715 45.2
    endloop
  endfacet
  facet normal 0 0 1
    outer loop
      vertex 93.85894702860514 11.22647336877798 45.2
      vertex 93.5 10 45.2
      vertex 93.69578928833008 9.987167292060715 45.2
    endloop
  endfacet
  facet normal 0 0 1
    outer loop
      vertex 92.78824762596807 11.156296022294939 45.2
      vertex 93.11177143234622 9.948888739433603 45.2
      vertex 93.14105297139486 11.22647336877798 45.2
    endloop
  endfacet
  facet normal 0 0 1
    outer loop
      vertex 93.14105297139486 11.22647336877798 45.2
      vertex 93.5 10 45.2
      vertex 93.5 11.25 45.2
    endloop
  endfacet
  facet normal 0 0 1
    outer loop
      vertex 93.5 11.25 45.2
      vertex 93.5 10 45.2
      vertex 93.85894702860514 11.22647336877798 45.2
    endloop
  endfacet
  facet normal 0 0 1
    outer loop
      vertex 94.21175237403193 11.156296022294939 45.2
      vertex 93.88822856765378 9.948888739433603 45.2
      vertex 94.07402514854763 9.885819298766929 45.2
    endloop
  endfacet
  facet normal 0 0 1
    outer loop
      vertex 94.21175237403193 11.156296022294939 45.2
      vertex 94.07402514854763 9.885819298766929 45.2
      vertex 94.25 9.799038105676658 45.2
    endloop
  endfacet
  facet normal 0 0 1
    outer loop
      vertex 94.552379439004 11.040668714406038 45.2
      vertex 94.41314214351308 9.690030010436853 45.2
      vertex 94.56066017177982 9.560660171779821 45.2
    endloop
  endfacet
  facet normal 0 0 1
    outer loop
      vertex 94.552379439004 11.040668714406038 45.2
      vertex 94.25 9.799038105676658 45.2
      vertex 94.41314214351308 9.690030010436853 45.2
    endloop
  endfacet
  facet normal 0 0 1
    outer loop
      vertex 94.875 10.881569860407206 45.2
      vertex 94.79903810567666 9.25 45.2
      vertex 94.88581929876693 9.074025148547635 45.2
    endloop
  endfacet
  facet normal 0 0 1
    outer loop
      vertex 94.875 10.881569860407206 45.2
      vertex 94.69003001043686 9.413142143513081 45.2
      vertex 94.79903810567666 9.25 45.2
    endloop
  endfacet
  facet normal 0 0 1
    outer loop
      vertex 94.875 10.881569860407206 45.2
      vertex 94.56066017177982 9.560660171779821 45.2
      vertex 94.69003001043686 9.413142143513081 45.2
    endloop
  endfacet
  facet normal 0 0 1
    outer loop
      vertex 93.85894702860514 11.22647336877798 45.2
      vertex 93.69578928833008 9.987167292060715 45.2
      vertex 93.88822856765378 9.948888739433603 45.2
    endloop
  endfacet
  facet normal 0 0 1
    outer loop
      vertex 94.21175237403193 11.156296022294939 45.2
      vertex 94.25 9.799038105676658 45.2
      vertex 94.552379439004 11.040668714406038 45.2
    endloop
  endfacet
  facet normal 0 0 1
    outer loop
      vertex 93.85894702860514 11.22647336877798 45.2
      vertex 93.88822856765378 9.948888739433603 45.2
      vertex 94.21175237403193 11.156296022294939 45.2
    endloop
  endfacet
  facet normal 0 0 1
    outer loop
      vertex 94.552379439004 11.040668714406038 45.2
      vertex 94.56066017177982 9.560660171779821 45.2
      vertex 94.875 10.881569860407206 45.2
    endloop
  endfacet
  facet normal 0 0 1
    outer loop
      vertex 95.44454364826301 10.444543648263005 45.2
      vertex 95.44454364826301 6.555456351736995 45.2
      vertex 95.6817216858009 6.825906070226019 45.2
    endloop
  endfacet
  facet normal 0 0 1
    outer loop
      vertex 95.6817216858009 10.174093929773981 45.2
      vertex 95.6817216858009 6.825906070226019 45.2
      vertex 95.88156986040721 7.125 45.2
    endloop
  endfacet
  facet normal 0 0 1
    outer loop
      vertex 95.88156986040721 9.875 45.2
      vertex 95.88156986040721 7.125 45.2
      vertex 96.04066871440604 7.447620560996003 45.2
    endloop
  endfacet
  facet normal 0 0 1
    outer loop
      vertex 96.04066871440604 9.552379439003996 45.2
      vertex 96.04066871440604 7.447620560996003 45.2
      vertex 96.15629602229494 7.788247625968068 45.2
    endloop
  endfacet
  facet normal 0 0 1
    outer loop
      vertex 96.15629602229494 9.211752374031931 45.2
      vertex 96.15629602229494 7.788247625968068 45.2
      vertex 96.22647336877797 8.141052971394858 45.2
    endloop
  endfacet
  facet normal 0 0 1
    outer loop
      vertex 96.22647336877797 8.858947028605142 45.2
      vertex 96.22647336877797 8.141052971394858 45.2
      vertex 96.25 8.5 45.2
    endloop
  endfacet
  facet normal 0 0 1
    outer loop
      vertex 96.15629602229494 9.211752374031931 45.2
      vertex 96.22647336877797 8.141052971394858 45.2
      vertex 96.22647336877797 8.858947028605142 45.2
    endloop
  endfacet
  facet normal 0 0 1
    outer loop
      vertex 96.04066871440604 9.552379439003996 45.2
      vertex 96.15629602229494 7.788247625968068 45.2
      vertex 96.15629602229494 9.211752374031931 45.2
    endloop
  endfacet
  facet normal 0 0 1
    outer loop
      vertex 95.6817216858009 10.174093929773981 45.2
      vertex 95.88156986040721 7.125 45.2
      vertex 95.88156986040721 9.875 45.2
    endloop
  endfacet
  facet normal 0 0 1
    outer loop
      vertex 95.44454364826301 10.444543648263005 45.2
      vertex 95.6817216858009 6.825906070226019 45.2
      vertex 95.6817216858009 10.174093929773981 45.2
    endloop
  endfacet
  facet normal 0 0 1
    outer loop
      vertex 95.88156986040721 9.875 45.2
      vertex 96.04066871440604 7.447620560996003 45.2
      vertex 96.04066871440604 9.552379439003996 45.2
    endloop
  endfacet
  facet normal -0.8968727415326836 -0.442288690219011 0
    outer loop
      vertex 92.11418070123307 7.925974851452366 53.2
      vertex 92.11418070123307 7.925974851452366 45.2
      vertex 92.20096189432334 7.75 45.2
    endloop
  endfacet
  facet normal -0.9469301294951146 -0.3214394653031352 0
    outer loop
      vertex 92.0511112605664 8.111771432346218 53.2
      vertex 92.0511112605664 8.111771432346218 45.2
      vertex 92.11418070123307 7.925974851452366 45.2
    endloop
  endfacet
  facet normal -0.9807852804032247 -0.19509032201615759 0
    outer loop
      vertex 92.01283270793928 8.304210711669922 53.2
      vertex 92.01283270793928 8.304210711669922 45.2
      vertex 92.0511112605664 8.111771432346218 45.2
    endloop
  endfacet
  facet normal -0.9978589232386044 -0.06540312923012999 0
    outer loop
      vertex 92 8.5 53.2
      vertex 92 8.5 45.2
      vertex 92.01283270793928 8.304210711669922 45.2
    endloop
  endfacet
  facet normal -0.9978589232386044 0.06540312923012999 0
    outer loop
      vertex 92.01283270793928 8.695789288330078 53.2
      vertex 92.01283270793928 8.695789288330078 45.2
      vertex 92 8.5 45.2
    endloop
  endfacet
  facet normal -0.9807852804032247 0.19509032201615759 0
    outer loop
      vertex 92.0511112605664 8.888228567653782 53.2
      vertex 92.0511112605664 8.888228567653782 45.2
      vertex 92.01283270793928 8.695789288330078 45.2
    endloop
  endfacet
  facet normal -0.9469301294951151 0.32143946530313383 0
    outer loop
      vertex 92.11418070123307 9.074025148547635 53.2
      vertex 92.11418070123307 9.074025148547635 45.2
      vertex 92.0511112605664 8.888228567653782 45.2
    endloop
  endfacet
  facet normal -0.6593458151000949 -0.7518398074789545 0
    outer loop
      vertex 92.58685785648692 7.309969989563147 53.2
      vertex 92.43933982822018 7.439339828220179 45.2
      vertex 92.58685785648692 7.309969989563147 45.2
    endloop
  endfacet
  facet normal -0.5555702330195917 -0.8314696123025522 0
    outer loop
      vertex 92.75 7.200961894323342 53.2
      vertex 92.58685785648692 7.309969989563147 45.2
      vertex 92.75 7.200961894323342 45.2
    endloop
  endfacet
  facet normal -0.44228869021899825 -0.8968727415326897 0
    outer loop
      vertex 92.92597485145237 7.11418070123307 53.2
      vertex 92.75 7.200961894323342 45.2
      vertex 92.92597485145237 7.11418070123307 45.2
    endloop
  endfacet
  facet normal -0.32143946530316775 -0.9469301294951036 0
    outer loop
      vertex 93.11177143234622 7.0511112605663975 53.2
      vertex 92.92597485145237 7.11418070123307 45.2
      vertex 93.11177143234622 7.0511112605663975 45.2
    endloop
  endfacet
  facet normal -0.19509032201612364 -0.9807852804032313 0
    outer loop
      vertex 93.30421071166992 7.0128327079392845 53.2
      vertex 93.11177143234622 7.0511112605663975 45.2
      vertex 93.30421071166992 7.0128327079392845 45.2
    endloop
  endfacet
  facet normal -0.0654031292301441 -0.9978589232386035 0
    outer loop
      vertex 93.5 7 53.2
      vertex 93.30421071166992 7.0128327079392845 45.2
      vertex 93.5 7 45.2
    endloop
  endfacet
  facet normal 0.0654031292301441 -0.9978589232386035 0
    outer loop
      vertex 93.69578928833008 7.0128327079392845 53.2
      vertex 93.5 7 45.2
      vertex 93.69578928833008 7.0128327079392845 45.2
    endloop
  endfacet
  facet normal -0.7518398074789517 -0.659345815100098 0
    outer loop
      vertex 92.30996998956314 7.586857856486919 53.2
      vertex 92.30996998956314 7.586857856486919 45.2
      vertex 92.43933982822018 7.439339828220179 45.2
    endloop
  endfacet
  facet normal -0.831469612302555 -0.5555702330195875 0
    outer loop
      vertex 92.20096189432334 7.75 53.2
      vertex 92.20096189432334 7.75 45.2
      vertex 92.30996998956314 7.586857856486919 45.2
    endloop
  endfacet
  facet normal 0.19509032201612364 -0.9807852804032313 0
    outer loop
      vertex 93.88822856765378 7.0511112605663975 53.2
      vertex 93.69578928833008 7.0128327079392845 45.2
      vertex 93.88822856765378 7.0511112605663975 45.2
    endloop
  endfacet
  facet normal 0.32143946530316775 -0.9469301294951036 0
    outer loop
      vertex 94.07402514854763 7.11418070123307 53.2
      vertex 93.88822856765378 7.0511112605663975 45.2
      vertex 94.07402514854763 7.11418070123307 45.2
    endloop
  endfacet
  facet normal 0.44228869021899825 -0.8968727415326897 0
    outer loop
      vertex 94.25 7.200961894323342 53.2
      vertex 94.07402514854763 7.11418070123307 45.2
      vertex 94.25 7.200961894323342 45.2
    endloop
  endfacet
  facet normal 0.5555702330195917 -0.8314696123025522 0
    outer loop
      vertex 94.41314214351308 7.309969989563147 53.2
      vertex 94.25 7.200961894323342 45.2
      vertex 94.41314214351308 7.309969989563147 45.2
    endloop
  endfacet
  facet normal 0.6593458151000949 -0.7518398074789545 0
    outer loop
      vertex 94.56066017177982 7.439339828220179 53.2
      vertex 94.41314214351308 7.309969989563147 45.2
      vertex 94.56066017177982 7.439339828220179 45.2
    endloop
  endfacet
  facet normal 0.7518398074789517 -0.659345815100098 0
    outer loop
      vertex 94.56066017177982 7.439339828220179 53.2
      vertex 94.56066017177982 7.439339828220179 45.2
      vertex 94.69003001043686 7.586857856486919 45.2
    endloop
  endfacet
  facet normal 0.831469612302555 -0.5555702330195875 0
    outer loop
      vertex 94.69003001043686 7.586857856486919 53.2
      vertex 94.69003001043686 7.586857856486919 45.2
      vertex 94.79903810567666 7.75 45.2
    endloop
  endfacet
  facet normal 0.8968727415326836 -0.442288690219011 0
    outer loop
      vertex 94.79903810567666 7.75 53.2
      vertex 94.79903810567666 7.75 45.2
      vertex 94.88581929876693 7.925974851452366 45.2
    endloop
  endfacet
  facet normal 0.9469301294951146 -0.3214394653031352 0
    outer loop
      vertex 94.88581929876693 7.925974851452366 53.2
      vertex 94.88581929876693 7.925974851452366 45.2
      vertex 94.9488887394336 8.111771432346218 45.2
    endloop
  endfacet
  facet normal 0.9807852804032247 -0.19509032201615759 0
    outer loop
      vertex 94.9488887394336 8.111771432346218 53.2
      vertex 94.9488887394336 8.111771432346218 45.2
      vertex 94.98716729206072 8.304210711669922 45.2
    endloop
  endfacet
  facet normal -0.8968727415326827 0.44228869021901285 0
    outer loop
      vertex 92.20096189432334 9.25 53.2
      vertex 92.20096189432334 9.25 45.2
      vertex 92.11418070123307 9.074025148547635 45.2
    endloop
  endfacet
  facet normal -0.831469612302555 0.5555702330195875 0
    outer loop
      vertex 92.30996998956314 9.413142143513081 53.2
      vertex 92.30996998956314 9.413142143513081 45.2
      vertex 92.20096189432334 9.25 45.2
    endloop
  endfacet
  facet normal -0.7518398074789517 0.659345815100098 0
    outer loop
      vertex 92.43933982822018 9.560660171779821 53.2
      vertex 92.43933982822018 9.560660171779821 45.2
      vertex 92.30996998956314 9.413142143513081 45.2
    endloop
  endfacet
  facet normal -0.6593458151000949 0.7518398074789545 0
    outer loop
      vertex 92.43933982822018 9.560660171779821 53.2
      vertex 92.58685785648692 9.690030010436853 45.2
      vertex 92.43933982822018 9.560660171779821 45.2
    endloop
  endfacet
  facet normal 0.9978589232386044 -0.06540312923012999 0
    outer loop
      vertex 94.98716729206072 8.304210711669922 53.2
      vertex 94.98716729206072 8.304210711669922 45.2
      vertex 95 8.5 45.2
    endloop
  endfacet
  facet normal 0.9978589232386044 0.06540312923012999 0
    outer loop
      vertex 95 8.5 53.2
      vertex 95 8.5 45.2
      vertex 94.98716729206072 8.695789288330078 45.2
    endloop
  endfacet
  facet normal 0.9807852804032247 0.19509032201615759 0
    outer loop
      vertex 94.98716729206072 8.695789288330078 53.2
      vertex 94.98716729206072 8.695789288330078 45.2
      vertex 94.9488887394336 8.888228567653782 45.2
    endloop
  endfacet
  facet normal 0.9469301294951151 0.32143946530313383 0
    outer loop
      vertex 94.9488887394336 8.888228567653782 53.2
      vertex 94.9488887394336 8.888228567653782 45.2
      vertex 94.88581929876693 9.074025148547635 45.2
    endloop
  endfacet
  facet normal 0.8968727415326827 0.44228869021901285 0
    outer loop
      vertex 94.88581929876693 9.074025148547635 53.2
      vertex 94.88581929876693 9.074025148547635 45.2
      vertex 94.79903810567666 9.25 45.2
    endloop
  endfacet
  facet normal 0.831469612302555 0.5555702330195875 0
    outer loop
      vertex 94.79903810567666 9.25 53.2
      vertex 94.79903810567666 9.25 45.2
      vertex 94.69003001043686 9.413142143513081 45.2
    endloop
  endfacet
  facet normal 0.7518398074789517 0.659345815100098 0
    outer loop
      vertex 94.69003001043686 9.413142143513081 53.2
      vertex 94.69003001043686 9.413142143513081 45.2
      vertex 94.56066017177982 9.560660171779821 45.2
    endloop
  endfacet
  facet normal -0.5555702330195917 0.8314696123025522 0
    outer loop
      vertex 92.58685785648692 9.690030010436853 53.2
      vertex 92.75 9.799038105676658 45.2
      vertex 92.58685785648692 9.690030010436853 45.2
    endloop
  endfacet
  facet normal -0.44228869021899464 0.8968727415326915 0
    outer loop
      vertex 92.75 9.799038105676658 53.2
      vertex 92.92597485145237 9.885819298766929 45.2
      vertex 92.75 9.799038105676658 45.2
    endloop
  endfacet
  facet normal -0.32143946530317186 0.9469301294951022 0
    outer loop
      vertex 92.92597485145237 9.885819298766929 53.2
      vertex 93.11177143234622 9.948888739433603 45.2
      vertex 92.92597485145237 9.885819298766929 45.2
    endloop
  endfacet
  facet normal -0.1950903220161193 0.9807852804032323 0
    outer loop
      vertex 93.11177143234622 9.948888739433603 53.2
      vertex 93.30421071166992 9.987167292060715 45.2
      vertex 93.11177143234622 9.948888739433603 45.2
    endloop
  endfacet
  facet normal 0.1950903220161193 0.9807852804032323 0
    outer loop
      vertex 93.69578928833008 9.987167292060715 53.2
      vertex 93.88822856765378 9.948888739433603 45.2
      vertex 93.69578928833008 9.987167292060715 45.2
    endloop
  endfacet
  facet normal -0.0654031292301486 0.997858923238603 0
    outer loop
      vertex 93.30421071166992 9.987167292060715 53.2
      vertex 93.5 10 45.2
      vertex 93.30421071166992 9.987167292060715 45.2
    endloop
  endfacet
  facet normal 0.0654031292301486 0.997858923238603 0
    outer loop
      vertex 93.5 10 53.2
      vertex 93.69578928833008 9.987167292060715 45.2
      vertex 93.5 10 45.2
    endloop
  endfacet
  facet normal 0.32143946530317186 0.9469301294951022 0
    outer loop
      vertex 93.88822856765378 9.948888739433603 53.2
      vertex 94.07402514854763 9.885819298766929 45.2
      vertex 93.88822856765378 9.948888739433603 45.2
    endloop
  endfacet
  facet normal 0.44228869021899464 0.8968727415326915 0
    outer loop
      vertex 94.07402514854763 9.885819298766929 53.2
      vertex 94.25 9.799038105676658 45.2
      vertex 94.07402514854763 9.885819298766929 45.2
    endloop
  endfacet
  facet normal 0.5555702330195917 0.8314696123025522 0
    outer loop
      vertex 94.25 9.799038105676658 53.2
      vertex 94.41314214351308 9.690030010436853 45.2
      vertex 94.25 9.799038105676658 45.2
    endloop
  endfacet
  facet normal 0.6593458151000949 0.7518398074789545 0
    outer loop
      vertex 94.41314214351308 9.690030010436853 53.2
      vertex 94.56066017177982 9.560660171779821 45.2
      vertex 94.41314214351308 9.690030010436853 45.2
    endloop
  endfacet
  facet normal -0.9469301294951146 -0.3214394653031352 0
    outer loop
      vertex 92.0511112605664 8.111771432346218 53.2
      vertex 92.11418070123307 7.925974851452366 45.2
      vertex 92.11418070123307 7.925974851452366 53.2
    endloop
  endfacet
  facet normal -0.9807852804032247 -0.19509032201615759 0
    outer loop
      vertex 92.01283270793928 8.304210711669922 53.2
      vertex 92.0511112605664 8.111771432346218 45.2
      vertex 92.0511112605664 8.111771432346218 53.2
    endloop
  endfacet
  facet normal -0.9978589232386044 -0.06540312923012999 0
    outer loop
      vertex 92 8.5 53.2
      vertex 92.01283270793928 8.304210711669922 45.2
      vertex 92.01283270793928 8.304210711669922 53.2
    endloop
  endfacet
  facet normal -0.9978589232386044 0.06540312923012999 0
    outer loop
      vertex 92.01283270793928 8.695789288330078 53.2
      vertex 92 8.5 45.2
      vertex 92 8.5 53.2
    endloop
  endfacet
  facet normal -0.9807852804032247 0.19509032201615759 0
    outer loop
      vertex 92.0511112605664 8.888228567653782 53.2
      vertex 92.01283270793928 8.695789288330078 45.2
      vertex 92.01283270793928 8.695789288330078 53.2
    endloop
  endfacet
  facet normal -0.9469301294951151 0.32143946530313383 0
    outer loop
      vertex 92.11418070123307 9.074025148547635 53.2
      vertex 92.0511112605664 8.888228567653782 45.2
      vertex 92.0511112605664 8.888228567653782 53.2
    endloop
  endfacet
  facet normal -0.8968727415326827 0.44228869021901285 0
    outer loop
      vertex 92.11418070123307 9.074025148547635 53.2
      vertex 92.20096189432334 9.25 53.2
      vertex 92.11418070123307 9.074025148547635 45.2
    endloop
  endfacet
  facet normal -0.6593458151000949 -0.7518398074789545 0
    outer loop
      vertex 92.43933982822018 7.439339828220179 53.2
      vertex 92.43933982822018 7.439339828220179 45.2
      vertex 92.58685785648692 7.309969989563147 53.2
    endloop
  endfacet
  facet normal -0.5555702330195917 -0.8314696123025522 0
    outer loop
      vertex 92.58685785648692 7.309969989563147 53.2
      vertex 92.58685785648692 7.309969989563147 45.2
      vertex 92.75 7.200961894323342 53.2
    endloop
  endfacet
  facet normal -0.44228869021899825 -0.8968727415326897 0
    outer loop
      vertex 92.75 7.200961894323342 53.2
      vertex 92.75 7.200961894323342 45.2
      vertex 92.92597485145237 7.11418070123307 53.2
    endloop
  endfacet
  facet normal -0.32143946530316775 -0.9469301294951036 0
    outer loop
      vertex 92.92597485145237 7.11418070123307 53.2
      vertex 92.92597485145237 7.11418070123307 45.2
      vertex 93.11177143234622 7.0511112605663975 53.2
    endloop
  endfacet
  facet normal -0.19509032201612364 -0.9807852804032313 0
    outer loop
      vertex 93.11177143234622 7.0511112605663975 53.2
      vertex 93.11177143234622 7.0511112605663975 45.2
      vertex 93.30421071166992 7.0128327079392845 53.2
    endloop
  endfacet
  facet normal -0.0654031292301441 -0.9978589232386035 0
    outer loop
      vertex 93.30421071166992 7.0128327079392845 53.2
      vertex 93.30421071166992 7.0128327079392845 45.2
      vertex 93.5 7 53.2
    endloop
  endfacet
  facet normal 0.0654031292301441 -0.9978589232386035 0
    outer loop
      vertex 93.5 7 53.2
      vertex 93.5 7 45.2
      vertex 93.69578928833008 7.0128327079392845 53.2
    endloop
  endfacet
  facet normal 0.19509032201612364 -0.9807852804032313 0
    outer loop
      vertex 93.69578928833008 7.0128327079392845 53.2
      vertex 93.69578928833008 7.0128327079392845 45.2
      vertex 93.88822856765378 7.0511112605663975 53.2
    endloop
  endfacet
  facet normal -0.831469612302555 -0.5555702330195875 0
    outer loop
      vertex 92.20096189432334 7.75 53.2
      vertex 92.30996998956314 7.586857856486919 45.2
      vertex 92.30996998956314 7.586857856486919 53.2
    endloop
  endfacet
  facet normal -0.7518398074789517 -0.659345815100098 0
    outer loop
      vertex 92.30996998956314 7.586857856486919 53.2
      vertex 92.43933982822018 7.439339828220179 45.2
      vertex 92.43933982822018 7.439339828220179 53.2
    endloop
  endfacet
  facet normal -0.8968727415326836 -0.442288690219011 0
    outer loop
      vertex 92.11418070123307 7.925974851452366 53.2
      vertex 92.20096189432334 7.75 45.2
      vertex 92.20096189432334 7.75 53.2
    endloop
  endfacet
  facet normal 0.32143946530316775 -0.9469301294951036 0
    outer loop
      vertex 93.88822856765378 7.0511112605663975 53.2
      vertex 93.88822856765378 7.0511112605663975 45.2
      vertex 94.07402514854763 7.11418070123307 53.2
    endloop
  endfacet
  facet normal 0.44228869021899825 -0.8968727415326897 0
    outer loop
      vertex 94.07402514854763 7.11418070123307 53.2
      vertex 94.07402514854763 7.11418070123307 45.2
      vertex 94.25 7.200961894323342 53.2
    endloop
  endfacet
  facet normal 0.5555702330195917 -0.8314696123025522 0
    outer loop
      vertex 94.25 7.200961894323342 53.2
      vertex 94.25 7.200961894323342 45.2
      vertex 94.41314214351308 7.309969989563147 53.2
    endloop
  endfacet
  facet normal 0.6593458151000949 -0.7518398074789545 0
    outer loop
      vertex 94.56066017177982 7.439339828220179 53.2
      vertex 94.41314214351308 7.309969989563147 53.2
      vertex 94.41314214351308 7.309969989563147 45.2
    endloop
  endfacet
  facet normal 0.7518398074789517 -0.659345815100098 0
    outer loop
      vertex 94.56066017177982 7.439339828220179 53.2
      vertex 94.69003001043686 7.586857856486919 45.2
      vertex 94.69003001043686 7.586857856486919 53.2
    endloop
  endfacet
  facet normal 0.831469612302555 -0.5555702330195875 0
    outer loop
      vertex 94.69003001043686 7.586857856486919 53.2
      vertex 94.79903810567666 7.75 45.2
      vertex 94.79903810567666 7.75 53.2
    endloop
  endfacet
  facet normal 0.8968727415326836 -0.442288690219011 0
    outer loop
      vertex 94.88581929876693 7.925974851452366 53.2
      vertex 94.79903810567666 7.75 53.2
      vertex 94.88581929876693 7.925974851452366 45.2
    endloop
  endfacet
  facet normal 0.9469301294951146 -0.3214394653031352 0
    outer loop
      vertex 94.9488887394336 8.111771432346218 53.2
      vertex 94.88581929876693 7.925974851452366 53.2
      vertex 94.9488887394336 8.111771432346218 45.2
    endloop
  endfacet
  facet normal -0.831469612302555 0.5555702330195875 0
    outer loop
      vertex 92.30996998956314 9.413142143513081 53.2
      vertex 92.20096189432334 9.25 45.2
      vertex 92.20096189432334 9.25 53.2
    endloop
  endfacet
  facet normal -0.7518398074789517 0.659345815100098 0
    outer loop
      vertex 92.30996998956314 9.413142143513081 53.2
      vertex 92.43933982822018 9.560660171779821 53.2
      vertex 92.30996998956314 9.413142143513081 45.2
    endloop
  endfacet
  facet normal 0.9807852804032247 -0.19509032201615759 0
    outer loop
      vertex 94.98716729206072 8.304210711669922 53.2
      vertex 94.9488887394336 8.111771432346218 53.2
      vertex 94.98716729206072 8.304210711669922 45.2
    endloop
  endfacet
  facet normal 0.9978589232386044 -0.06540312923012999 0
    outer loop
      vertex 95 8.5 53.2
      vertex 94.98716729206072 8.304210711669922 53.2
      vertex 95 8.5 45.2
    endloop
  endfacet
  facet normal 0.9978589232386044 0.06540312923012999 0
    outer loop
      vertex 94.98716729206072 8.695789288330078 53.2
      vertex 95 8.5 53.2
      vertex 94.98716729206072 8.695789288330078 45.2
    endloop
  endfacet
  facet normal 0.9807852804032247 0.19509032201615759 0
    outer loop
      vertex 94.9488887394336 8.888228567653782 53.2
      vertex 94.98716729206072 8.695789288330078 53.2
      vertex 94.9488887394336 8.888228567653782 45.2
    endloop
  endfacet
  facet normal 0.7518398074789517 0.659345815100098 0
    outer loop
      vertex 94.56066017177982 9.560660171779821 53.2
      vertex 94.69003001043686 9.413142143513081 53.2
      vertex 94.56066017177982 9.560660171779821 45.2
    endloop
  endfacet
  facet normal 0.6593458151000949 0.7518398074789545 0
    outer loop
      vertex 94.41314214351308 9.690030010436853 53.2
      vertex 94.56066017177982 9.560660171779821 53.2
      vertex 94.56066017177982 9.560660171779821 45.2
    endloop
  endfacet
  facet normal 0.9469301294951151 0.32143946530313383 0
    outer loop
      vertex 94.88581929876693 9.074025148547635 53.2
      vertex 94.9488887394336 8.888228567653782 53.2
      vertex 94.88581929876693 9.074025148547635 45.2
    endloop
  endfacet
  facet normal 0.8968727415326827 0.44228869021901285 0
    outer loop
      vertex 94.79903810567666 9.25 53.2
      vertex 94.88581929876693 9.074025148547635 53.2
      vertex 94.79903810567666 9.25 45.2
    endloop
  endfacet
  facet normal 0.831469612302555 0.5555702330195875 0
    outer loop
      vertex 94.69003001043686 9.413142143513081 53.2
      vertex 94.79903810567666 9.25 53.2
      vertex 94.69003001043686 9.413142143513081 45.2
    endloop
  endfacet
  facet normal -0.6593458151000949 0.7518398074789545 0
    outer loop
      vertex 92.58685785648692 9.690030010436853 53.2
      vertex 92.58685785648692 9.690030010436853 45.2
      vertex 92.43933982822018 9.560660171779821 53.2
    endloop
  endfacet
  facet normal -0.5555702330195917 0.8314696123025522 0
    outer loop
      vertex 92.58685785648692 9.690030010436853 53.2
      vertex 92.75 9.799038105676658 53.2
      vertex 92.75 9.799038105676658 45.2
    endloop
  endfacet
  facet normal -0.44228869021899464 0.8968727415326915 0
    outer loop
      vertex 92.92597485145237 9.885819298766929 53.2
      vertex 92.92597485145237 9.885819298766929 45.2
      vertex 92.75 9.799038105676658 53.2
    endloop
  endfacet
  facet normal -0.32143946530317186 0.9469301294951022 0
    outer loop
      vertex 92.92597485145237 9.885819298766929 53.2
      vertex 93.11177143234622 9.948888739433603 53.2
      vertex 93.11177143234622 9.948888739433603 45.2
    endloop
  endfacet
  facet normal -0.1950903220161193 0.9807852804032323 0
    outer loop
      vertex 93.11177143234622 9.948888739433603 53.2
      vertex 93.30421071166992 9.987167292060715 53.2
      vertex 93.30421071166992 9.987167292060715 45.2
    endloop
  endfacet
  facet normal -0.0654031292301486 0.997858923238603 0
    outer loop
      vertex 93.30421071166992 9.987167292060715 53.2
      vertex 93.5 10 53.2
      vertex 93.5 10 45.2
    endloop
  endfacet
  facet normal 0.0654031292301486 0.997858923238603 0
    outer loop
      vertex 93.5 10 53.2
      vertex 93.69578928833008 9.987167292060715 53.2
      vertex 93.69578928833008 9.987167292060715 45.2
    endloop
  endfacet
  facet normal 0.1950903220161193 0.9807852804032323 0
    outer loop
      vertex 93.69578928833008 9.987167292060715 53.2
      vertex 93.88822856765378 9.948888739433603 53.2
      vertex 93.88822856765378 9.948888739433603 45.2
    endloop
  endfacet
  facet normal 0.44228869021899464 0.8968727415326915 0
    outer loop
      vertex 94.07402514854763 9.885819298766929 53.2
      vertex 94.25 9.799038105676658 53.2
      vertex 94.25 9.799038105676658 45.2
    endloop
  endfacet
  facet normal 0.32143946530317186 0.9469301294951022 0
    outer loop
      vertex 93.88822856765378 9.948888739433603 53.2
      vertex 94.07402514854763 9.885819298766929 53.2
      vertex 94.07402514854763 9.885819298766929 45.2
    endloop
  endfacet
  facet normal 0.5555702330195917 0.8314696123025522 0
    outer loop
      vertex 94.25 9.799038105676658 53.2
      vertex 94.41314214351308 9.690030010436853 53.2
      vertex 94.41314214351308 9.690030010436853 45.2
    endloop
  endfacet
  facet normal 0 0 1
    outer loop
      vertex 92.11418070123307 9.074025148547635 53.2
      vertex 92.11418070123307 7.925974851452366 53.2
      vertex 92.20096189432334 7.75 53.2
    endloop
  endfacet
  facet normal 0 0 1
    outer loop
      vertex 92.0511112605664 8.888228567653782 53.2
      vertex 92.0511112605664 8.111771432346218 53.2
      vertex 92.11418070123307 7.925974851452366 53.2
    endloop
  endfacet
  facet normal 0 0 1
    outer loop
      vertex 92.01283270793928 8.695789288330078 53.2
      vertex 92.01283270793928 8.304210711669922 53.2
      vertex 92.0511112605664 8.111771432346218 53.2
    endloop
  endfacet
  facet normal 0 0 1
    outer loop
      vertex 92.01283270793928 8.695789288330078 53.2
      vertex 92 8.5 53.2
      vertex 92.01283270793928 8.304210711669922 53.2
    endloop
  endfacet
  facet normal 0 0 1
    outer loop
      vertex 92.0511112605664 8.888228567653782 53.2
      vertex 92.01283270793928 8.695789288330078 53.2
      vertex 92.0511112605664 8.111771432346218 53.2
    endloop
  endfacet
  facet normal 0 0 1
    outer loop
      vertex 92.11418070123307 9.074025148547635 53.2
      vertex 92.0511112605664 8.888228567653782 53.2
      vertex 92.11418070123307 7.925974851452366 53.2
    endloop
  endfacet
  facet normal 0 0 1
    outer loop
      vertex 92.30996998956314 9.413142143513081 53.2
      vertex 92.30996998956314 7.586857856486919 53.2
      vertex 92.43933982822018 7.439339828220179 53.2
    endloop
  endfacet
  facet normal 0 0 1
    outer loop
      vertex 92.43933982822018 9.560660171779821 53.2
      vertex 92.43933982822018 7.439339828220179 53.2
      vertex 92.58685785648692 7.309969989563147 53.2
    endloop
  endfacet
  facet normal 0 0 1
    outer loop
      vertex 92.58685785648692 9.690030010436853 53.2
      vertex 92.58685785648692 7.309969989563147 53.2
      vertex 92.75 7.200961894323342 53.2
    endloop
  endfacet
  facet normal 0 0 1
    outer loop
      vertex 92.75 9.799038105676658 53.2
      vertex 92.75 7.200961894323342 53.2
      vertex 92.92597485145237 7.11418070123307 53.2
    endloop
  endfacet
  facet normal 0 0 1
    outer loop
      vertex 93.11177143234622 9.948888739433603 53.2
      vertex 93.11177143234622 7.0511112605663975 53.2
      vertex 93.30421071166992 7.0128327079392845 53.2
    endloop
  endfacet
  facet normal 0 0 1
    outer loop
      vertex 93.30421071166992 9.987167292060715 53.2
      vertex 93.30421071166992 7.0128327079392845 53.2
      vertex 93.5 7 53.2
    endloop
  endfacet
  facet normal 0 0 1
    outer loop
      vertex 92.92597485145237 9.885819298766929 53.2
      vertex 92.92597485145237 7.11418070123307 53.2
      vertex 93.11177143234622 7.0511112605663975 53.2
    endloop
  endfacet
  facet normal 0 0 1
    outer loop
      vertex 93.5 10 53.2
      vertex 93.5 7 53.2
      vertex 93.69578928833008 7.0128327079392845 53.2
    endloop
  endfacet
  facet normal 0 0 1
    outer loop
      vertex 93.69578928833008 9.987167292060715 53.2
      vertex 93.69578928833008 7.0128327079392845 53.2
      vertex 93.88822856765378 7.0511112605663975 53.2
    endloop
  endfacet
  facet normal 0 0 1
    outer loop
      vertex 93.88822856765378 9.948888739433603 53.2
      vertex 93.88822856765378 7.0511112605663975 53.2
      vertex 94.07402514854763 7.11418070123307 53.2
    endloop
  endfacet
  facet normal 0 0 1
    outer loop
      vertex 94.07402514854763 9.885819298766929 53.2
      vertex 94.07402514854763 7.11418070123307 53.2
      vertex 94.25 7.200961894323342 53.2
    endloop
  endfacet
  facet normal 0 0 1
    outer loop
      vertex 94.25 9.799038105676658 53.2
      vertex 94.25 7.200961894323342 53.2
      vertex 94.41314214351308 7.309969989563147 53.2
    endloop
  endfacet
  facet normal 0 0 1
    outer loop
      vertex 94.41314214351308 9.690030010436853 53.2
      vertex 94.41314214351308 7.309969989563147 53.2
      vertex 94.56066017177982 7.439339828220179 53.2
    endloop
  endfacet
  facet normal 0 0 1
    outer loop
      vertex 92.20096189432334 9.25 53.2
      vertex 92.20096189432334 7.75 53.2
      vertex 92.30996998956314 7.586857856486919 53.2
    endloop
  endfacet
  facet normal 0 0 1
    outer loop
      vertex 92.11418070123307 9.074025148547635 53.2
      vertex 92.20096189432334 7.75 53.2
      vertex 92.20096189432334 9.25 53.2
    endloop
  endfacet
  facet normal 0 0 1
    outer loop
      vertex 92.30996998956314 9.413142143513081 53.2
      vertex 92.20096189432334 9.25 53.2
      vertex 92.30996998956314 7.586857856486919 53.2
    endloop
  endfacet
  facet normal 0 0 1
    outer loop
      vertex 92.30996998956314 9.413142143513081 53.2
      vertex 92.43933982822018 7.439339828220179 53.2
      vertex 92.43933982822018 9.560660171779821 53.2
    endloop
  endfacet
  facet normal 0 0 1
    outer loop
      vertex 92.58685785648692 9.690030010436853 53.2
      vertex 92.43933982822018 9.560660171779821 53.2
      vertex 92.58685785648692 7.309969989563147 53.2
    endloop
  endfacet
  facet normal 0 0 1
    outer loop
      vertex 92.58685785648692 9.690030010436853 53.2
      vertex 92.75 7.200961894323342 53.2
      vertex 92.75 9.799038105676658 53.2
    endloop
  endfacet
  facet normal 0 0 1
    outer loop
      vertex 92.92597485145237 9.885819298766929 53.2
      vertex 92.75 9.799038105676658 53.2
      vertex 92.92597485145237 7.11418070123307 53.2
    endloop
  endfacet
  facet normal 0 0 1
    outer loop
      vertex 92.92597485145237 9.885819298766929 53.2
      vertex 93.11177143234622 7.0511112605663975 53.2
      vertex 93.11177143234622 9.948888739433603 53.2
    endloop
  endfacet
  facet normal 0 0 1
    outer loop
      vertex 93.11177143234622 9.948888739433603 53.2
      vertex 93.30421071166992 7.0128327079392845 53.2
      vertex 93.30421071166992 9.987167292060715 53.2
    endloop
  endfacet
  facet normal 0 0 1
    outer loop
      vertex 93.30421071166992 9.987167292060715 53.2
      vertex 93.5 7 53.2
      vertex 93.5 10 53.2
    endloop
  endfacet
  facet normal 0 0 1
    outer loop
      vertex 93.5 10 53.2
      vertex 93.69578928833008 7.0128327079392845 53.2
      vertex 93.69578928833008 9.987167292060715 53.2
    endloop
  endfacet
  facet normal 0 0 1
    outer loop
      vertex 94.56066017177982 9.560660171779821 53.2
      vertex 94.56066017177982 7.439339828220179 53.2
      vertex 94.69003001043686 7.586857856486919 53.2
    endloop
  endfacet
  facet normal 0 0 1
    outer loop
      vertex 94.41314214351308 9.690030010436853 53.2
      vertex 94.56066017177982 7.439339828220179 53.2
      vertex 94.56066017177982 9.560660171779821 53.2
    endloop
  endfacet
  facet normal 0 0 1
    outer loop
      vertex 94.69003001043686 9.413142143513081 53.2
      vertex 94.69003001043686 7.586857856486919 53.2
      vertex 94.79903810567666 7.75 53.2
    endloop
  endfacet
  facet normal 0 0 1
    outer loop
      vertex 94.79903810567666 9.25 53.2
      vertex 94.79903810567666 7.75 53.2
      vertex 94.88581929876693 7.925974851452366 53.2
    endloop
  endfacet
  facet normal 0 0 1
    outer loop
      vertex 94.88581929876693 9.074025148547635 53.2
      vertex 94.88581929876693 7.925974851452366 53.2
      vertex 94.9488887394336 8.111771432346218 53.2
    endloop
  endfacet
  facet normal 0 0 1
    outer loop
      vertex 94.9488887394336 8.888228567653782 53.2
      vertex 94.9488887394336 8.111771432346218 53.2
      vertex 94.98716729206072 8.304210711669922 53.2
    endloop
  endfacet
  facet normal 0 0 1
    outer loop
      vertex 94.98716729206072 8.695789288330078 53.2
      vertex 94.98716729206072 8.304210711669922 53.2
      vertex 95 8.5 53.2
    endloop
  endfacet
  facet normal 0 0 1
    outer loop
      vertex 94.9488887394336 8.888228567653782 53.2
      vertex 94.98716729206072 8.304210711669922 53.2
      vertex 94.98716729206072 8.695789288330078 53.2
    endloop
  endfacet
  facet normal 0 0 1
    outer loop
      vertex 94.88581929876693 9.074025148547635 53.2
      vertex 94.9488887394336 8.111771432346218 53.2
      vertex 94.9488887394336 8.888228567653782 53.2
    endloop
  endfacet
  facet normal 0 0 1
    outer loop
      vertex 94.69003001043686 9.413142143513081 53.2
      vertex 94.79903810567666 7.75 53.2
      vertex 94.79903810567666 9.25 53.2
    endloop
  endfacet
  facet normal 0 0 1
    outer loop
      vertex 94.56066017177982 9.560660171779821 53.2
      vertex 94.69003001043686 7.586857856486919 53.2
      vertex 94.69003001043686 9.413142143513081 53.2
    endloop
  endfacet
  facet normal 0 0 1
    outer loop
      vertex 94.79903810567666 9.25 53.2
      vertex 94.88581929876693 7.925974851452366 53.2
      vertex 94.88581929876693 9.074025148547635 53.2
    endloop
  endfacet
  facet normal 0 0 1
    outer loop
      vertex 93.69578928833008 9.987167292060715 53.2
      vertex 93.88822856765378 7.0511112605663975 53.2
      vertex 93.88822856765378 9.948888739433603 53.2
    endloop
  endfacet
  facet normal 0 0 1
    outer loop
      vertex 93.88822856765378 9.948888739433603 53.2
      vertex 94.07402514854763 7.11418070123307 53.2
      vertex 94.07402514854763 9.885819298766929 53.2
    endloop
  endfacet
  facet normal 0 0 1
    outer loop
      vertex 94.07402514854763 9.885819298766929 53.2
      vertex 94.25 7.200961894323342 53.2
      vertex 94.25 9.799038105676658 53.2
    endloop
  endfacet
  facet normal 0 0 1
    outer loop
      vertex 94.25 9.799038105676658 53.2
      vertex 94.41314214351308 7.309969989563147 53.2
      vertex 94.41314214351308 9.690030010436853 53.2
    endloop
  endfacet
  facet normal -0.4422886902190052 -0.8968727415326864 0
    outer loop
      vertex 111.447620560996 5.9593312855939615 45.2
      vertex 111.125 6.118430139592794 43.2
      vertex 111.447620560996 5.9593312855939615 43.2
    endloop
  endfacet
  facet normal -0.32143946530315864 -0.9469301294951066 0
    outer loop
      vertex 111.78824762596807 5.843703977705062 45.2
      vertex 111.447620560996 5.9593312855939615 43.2
      vertex 111.78824762596807 5.843703977705062 43.2
    endloop
  endfacet
  facet normal -0.5555702330195929 -0.8314696123025516 0
    outer loop
      vertex 111.125 6.118430139592794 45.2
      vertex 110.82590607022601 6.3182783141991035 43.2
      vertex 111.125 6.118430139592794 43.2
    endloop
  endfacet
  facet normal -0.7518398074789822 -0.6593458151000634 0
    outer loop
      vertex 110.3182783141991 6.825906070226019 45.2
      vertex 110.3182783141991 6.825906070226019 43.2
      vertex 110.55545635173699 6.555456351736995 43.2
    endloop
  endfacet
  facet normal -0.6593458151000763 -0.7518398074789708 0
    outer loop
      vertex 110.82590607022601 6.3182783141991035 45.2
      vertex 110.55545635173699 6.555456351736995 43.2
      vertex 110.82590607022601 6.3182783141991035 43.2
    endloop
  endfacet
  facet normal -0.19509032201613144 -0.9807852804032298 0
    outer loop
      vertex 112.14105297139486 5.773526631222021 45.2
      vertex 111.78824762596807 5.843703977705062 43.2
      vertex 112.14105297139486 5.773526631222021 43.2
    endloop
  endfacet
  facet normal -0.06540312923014119 -0.9978589232386036 0
    outer loop
      vertex 112.14105297139486 5.773526631222021 43.2
      vertex 112.5 5.75 43.2
      vertex 112.5 5.75 45.2
    endloop
  endfacet
  facet normal 0.06540312923014119 -0.9978589232386036 0
    outer loop
      vertex 112.85894702860514 5.773526631222021 45.2
      vertex 112.5 5.75 43.2
      vertex 112.85894702860514 5.773526631222021 43.2
    endloop
  endfacet
  facet normal 0.19509032201613144 -0.9807852804032298 0
    outer loop
      vertex 113.21175237403193 5.843703977705062 45.2
      vertex 112.85894702860514 5.773526631222021 43.2
      vertex 113.21175237403193 5.843703977705062 43.2
    endloop
  endfacet
  facet normal 0.32143946530315864 -0.9469301294951066 0
    outer loop
      vertex 113.552379439004 5.9593312855939615 45.2
      vertex 113.21175237403193 5.843703977705062 43.2
      vertex 113.552379439004 5.9593312855939615 43.2
    endloop
  endfacet
  facet normal 0.4422886902190052 -0.8968727415326864 0
    outer loop
      vertex 113.875 6.118430139592794 45.2
      vertex 113.552379439004 5.9593312855939615 43.2
      vertex 113.875 6.118430139592794 43.2
    endloop
  endfacet
  facet normal 0.5555702330195929 -0.8314696123025516 0
    outer loop
      vertex 114.17409392977399 6.3182783141991035 45.2
      vertex 113.875 6.118430139592794 43.2
      vertex 114.17409392977399 6.3182783141991035 43.2
    endloop
  endfacet
  facet normal 0.6593458151000763 -0.7518398074789708 0
    outer loop
      vertex 114.44454364826301 6.555456351736995 45.2
      vertex 114.17409392977399 6.3182783141991035 43.2
      vertex 114.44454364826301 6.555456351736995 43.2
    endloop
  endfacet
  facet normal 0.7518398074789822 -0.6593458151000634 0
    outer loop
      vertex 114.44454364826301 6.555456351736995 45.2
      vertex 114.44454364826301 6.555456351736995 43.2
      vertex 114.6817216858009 6.825906070226019 43.2
    endloop
  endfacet
  facet normal 0 0 -1
    outer loop
      vertex 110.11843013959279 9.875 43.2
      vertex 110.11843013959279 7.125 43.2
      vertex 109.95933128559396 7.447620560996003 43.2
    endloop
  endfacet
  facet normal 0 0 -1
    outer loop
      vertex 110.3182783141991 10.174093929773981 43.2
      vertex 110.3182783141991 6.825906070226019 43.2
      vertex 110.11843013959279 7.125 43.2
    endloop
  endfacet
  facet normal 0 0 -1
    outer loop
      vertex 111.125 10.881569860407206 43.2
      vertex 111.125 6.118430139592794 43.2
      vertex 110.82590607022601 6.3182783141991035 43.2
    endloop
  endfacet
  facet normal 0 0 -1
    outer loop
      vertex 110.55545635173699 10.444543648263005 43.2
      vertex 110.55545635173699 6.555456351736995 43.2
      vertex 110.3182783141991 6.825906070226019 43.2
    endloop
  endfacet
  facet normal 0 0 -1
    outer loop
      vertex 110.82590607022601 10.681721685800897 43.2
      vertex 110.82590607022601 6.3182783141991035 43.2
      vertex 110.55545635173699 6.555456351736995 43.2
    endloop
  endfacet
  facet normal 0 0 -1
    outer loop
      vertex 111.447620560996 11.040668714406038 43.2
      vertex 111.447620560996 5.9593312855939615 43.2
      vertex 111.125 6.118430139592794 43.2
    endloop
  endfacet
  facet normal 0 0 -1
    outer loop
      vertex 111.78824762596807 11.156296022294939 43.2
      vertex 111.78824762596807 5.843703977705062 43.2
      vertex 111.447620560996 5.9593312855939615 43.2
    endloop
  endfacet
  facet normal 0 0 -1
    outer loop
      vertex 109.84370397770506 9.211752374031931 43.2
      vertex 109.84370397770506 7.788247625968068 43.2
      vertex 109.77352663122203 8.141052971394858 43.2
    endloop
  endfacet
  facet normal 0 0 -1
    outer loop
      vertex 109.77352663122203 8.858947028605142 43.2
      vertex 109.77352663122203 8.141052971394858 43.2
      vertex 109.75 8.5 43.2
    endloop
  endfacet
  facet normal 0 0 -1
    outer loop
      vertex 109.95933128559396 9.552379439003996 43.2
      vertex 109.95933128559396 7.447620560996003 43.2
      vertex 109.84370397770506 7.788247625968068 43.2
    endloop
  endfacet
  facet normal 0 0 -1
    outer loop
      vertex 109.84370397770506 9.211752374031931 43.2
      vertex 109.77352663122203 8.141052971394858 43.2
      vertex 109.77352663122203 8.858947028605142 43.2
    endloop
  endfacet
  facet normal 0 0 -1
    outer loop
      vertex 109.95933128559396 9.552379439003996 43.2
      vertex 109.84370397770506 7.788247625968068 43.2
      vertex 109.84370397770506 9.211752374031931 43.2
    endloop
  endfacet
  facet normal 0 0 -1
    outer loop
      vertex 109.95933128559396 9.552379439003996 43.2
      vertex 110.11843013959279 9.875 43.2
      vertex 109.95933128559396 7.447620560996003 43.2
    endloop
  endfacet
  facet normal 0 0 -1
    outer loop
      vertex 110.3182783141991 10.174093929773981 43.2
      vertex 110.11843013959279 7.125 43.2
      vertex 110.11843013959279 9.875 43.2
    endloop
  endfacet
  facet normal 0 0 -1
    outer loop
      vertex 110.3182783141991 10.174093929773981 43.2
      vertex 110.55545635173699 10.444543648263005 43.2
      vertex 110.3182783141991 6.825906070226019 43.2
    endloop
  endfacet
  facet normal 0 0 -1
    outer loop
      vertex 110.82590607022601 10.681721685800897 43.2
      vertex 110.55545635173699 6.555456351736995 43.2
      vertex 110.55545635173699 10.444543648263005 43.2
    endloop
  endfacet
  facet normal 0 0 -1
    outer loop
      vertex 110.82590607022601 10.681721685800897 43.2
      vertex 111.125 10.881569860407206 43.2
      vertex 110.82590607022601 6.3182783141991035 43.2
    endloop
  endfacet
  facet normal 0 0 -1
    outer loop
      vertex 111.447620560996 11.040668714406038 43.2
      vertex 111.125 6.118430139592794 43.2
      vertex 111.125 10.881569860407206 43.2
    endloop
  endfacet
  facet normal 0 0 -1
    outer loop
      vertex 111.447620560996 11.040668714406038 43.2
      vertex 111.78824762596807 11.156296022294939 43.2
      vertex 111.447620560996 5.9593312855939615 43.2
    endloop
  endfacet
  facet normal 0 0 -1
    outer loop
      vertex 111.78824762596807 11.156296022294939 43.2
      vertex 112.14105297139486 11.22647336877798 43.2
      vertex 111.78824762596807 5.843703977705062 43.2
    endloop
  endfacet
  facet normal 0 0 -1
    outer loop
      vertex 112.14105297139486 11.22647336877798 43.2
      vertex 112.14105297139486 5.773526631222021 43.2
      vertex 111.78824762596807 5.843703977705062 43.2
    endloop
  endfacet
  facet normal 0 0 -1
    outer loop
      vertex 112.14105297139486 5.773526631222021 43.2
      vertex 112.5 11.25 43.2
      vertex 112.5 5.75 43.2
    endloop
  endfacet
  facet normal 0 0 -1
    outer loop
      vertex 112.85894702860514 11.22647336877798 43.2
      vertex 112.85894702860514 5.773526631222021 43.2
      vertex 112.5 5.75 43.2
    endloop
  endfacet
  facet normal 0 0 -1
    outer loop
      vertex 113.21175237403193 11.156296022294939 43.2
      vertex 113.21175237403193 5.843703977705062 43.2
      vertex 112.85894702860514 5.773526631222021 43.2
    endloop
  endfacet
  facet normal 0 0 -1
    outer loop
      vertex 113.552379439004 11.040668714406038 43.2
      vertex 113.552379439004 5.9593312855939615 43.2
      vertex 113.21175237403193 5.843703977705062 43.2
    endloop
  endfacet
  facet normal 0 0 -1
    outer loop
      vertex 113.875 10.881569860407206 43.2
      vertex 113.875 6.118430139592794 43.2
      vertex 113.552379439004 5.9593312855939615 43.2
    endloop
  endfacet
  facet normal 0 0 -1
    outer loop
      vertex 114.17409392977399 10.681721685800897 43.2
      vertex 114.17409392977399 6.3182783141991035 43.2
      vertex 113.875 6.118430139592794 43.2
    endloop
  endfacet
  facet normal 0 0 -1
    outer loop
      vertex 114.44454364826301 10.444543648263005 43.2
      vertex 114.44454364826301 6.555456351736995 43.2
      vertex 114.17409392977399 6.3182783141991035 43.2
    endloop
  endfacet
  facet normal 0 0 -1
    outer loop
      vertex 114.6817216858009 10.174093929773981 43.2
      vertex 114.6817216858009 6.825906070226019 43.2
      vertex 114.44454364826301 6.555456351736995 43.2
    endloop
  endfacet
  facet normal 0 0 -1
    outer loop
      vertex 114.88156986040721 9.875 43.2
      vertex 114.88156986040721 7.125 43.2
      vertex 114.6817216858009 6.825906070226019 43.2
    endloop
  endfacet
  facet normal 0 0 -1
    outer loop
      vertex 115.04066871440604 9.552379439003996 43.2
      vertex 115.04066871440604 7.447620560996003 43.2
      vertex 114.88156986040721 7.125 43.2
    endloop
  endfacet
  facet normal 0 0 -1
    outer loop
      vertex 115.15629602229494 9.211752374031931 43.2
      vertex 115.15629602229494 7.788247625968068 43.2
      vertex 115.04066871440604 7.447620560996003 43.2
    endloop
  endfacet
  facet normal 0 0 -1
    outer loop
      vertex 112.14105297139486 11.22647336877798 43.2
      vertex 112.5 11.25 43.2
      vertex 112.14105297139486 5.773526631222021 43.2
    endloop
  endfacet
  facet normal 0 0 -1
    outer loop
      vertex 112.5 11.25 43.2
      vertex 112.85894702860514 11.22647336877798 43.2
      vertex 112.5 5.75 43.2
    endloop
  endfacet
  facet normal 0 0 -1
    outer loop
      vertex 112.85894702860514 11.22647336877798 43.2
      vertex 113.21175237403193 11.156296022294939 43.2
      vertex 112.85894702860514 5.773526631222021 43.2
    endloop
  endfacet
  facet normal 0 0 -1
    outer loop
      vertex 113.21175237403193 11.156296022294939 43.2
      vertex 113.552379439004 11.040668714406038 43.2
      vertex 113.21175237403193 5.843703977705062 43.2
    endloop
  endfacet
  facet normal 0 0 -1
    outer loop
      vertex 115.22647336877797 8.858947028605142 43.2
      vertex 115.22647336877797 8.141052971394858 43.2
      vertex 115.15629602229494 7.788247625968068 43.2
    endloop
  endfacet
  facet normal 0 0 -1
    outer loop
      vertex 115.22647336877797 8.858947028605142 43.2
      vertex 115.25 8.5 43.2
      vertex 115.22647336877797 8.141052971394858 43.2
    endloop
  endfacet
  facet normal 0 0 -1
    outer loop
      vertex 115.15629602229494 9.211752374031931 43.2
      vertex 115.22647336877797 8.858947028605142 43.2
      vertex 115.15629602229494 7.788247625968068 43.2
    endloop
  endfacet
  facet normal 0 0 -1
    outer loop
      vertex 114.88156986040721 9.875 43.2
      vertex 115.04066871440604 9.552379439003996 43.2
      vertex 114.88156986040721 7.125 43.2
    endloop
  endfacet
  facet normal 0 0 -1
    outer loop
      vertex 115.04066871440604 9.552379439003996 43.2
      vertex 115.15629602229494 9.211752374031931 43.2
      vertex 115.04066871440604 7.447620560996003 43.2
    endloop
  endfacet
  facet normal 0 0 -1
    outer loop
      vertex 113.875 10.881569860407206 43.2
      vertex 114.17409392977399 10.681721685800897 43.2
      vertex 113.875 6.118430139592794 43.2
    endloop
  endfacet
  facet normal 0 0 -1
    outer loop
      vertex 114.17409392977399 10.681721685800897 43.2
      vertex 114.44454364826301 10.444543648263005 43.2
      vertex 114.17409392977399 6.3182783141991035 43.2
    endloop
  endfacet
  facet normal 0 0 -1
    outer loop
      vertex 113.552379439004 11.040668714406038 43.2
      vertex 113.875 10.881569860407206 43.2
      vertex 113.552379439004 5.9593312855939615 43.2
    endloop
  endfacet
  facet normal 0 0 -1
    outer loop
      vertex 114.44454364826301 10.444543648263005 43.2
      vertex 114.6817216858009 10.174093929773981 43.2
      vertex 114.44454364826301 6.555456351736995 43.2
    endloop
  endfacet
  facet normal 0 0 -1
    outer loop
      vertex 114.6817216858009 10.174093929773981 43.2
      vertex 114.88156986040721 9.875 43.2
      vertex 114.6817216858009 6.825906070226019 43.2
    endloop
  endfacet
  facet normal -0.8314696123025362 -0.5555702330196156 0
    outer loop
      vertex 110.11843013959279 7.125 45.2
      vertex 110.11843013959279 7.125 43.2
      vertex 110.3182783141991 6.825906070226019 43.2
    endloop
  endfacet
  facet normal -0.8968727415326937 -0.44228869021899037 0
    outer loop
      vertex 109.95933128559396 7.447620560996003 45.2
      vertex 109.95933128559396 7.447620560996003 43.2
      vertex 110.11843013959279 7.125 43.2
    endloop
  endfacet
  facet normal -0.9469301294951049 -0.32143946530316386 0
    outer loop
      vertex 109.84370397770506 7.788247625968068 45.2
      vertex 109.84370397770506 7.788247625968068 43.2
      vertex 109.95933128559396 7.447620560996003 43.2
    endloop
  endfacet
  facet normal -0.9807852804032334 -0.19509032201611343 0
    outer loop
      vertex 109.77352663122203 8.141052971394858 45.2
      vertex 109.77352663122203 8.141052971394858 43.2
      vertex 109.84370397770506 7.788247625968068 43.2
    endloop
  endfacet
  facet normal -0.9978589232386027 -0.06540312923015626 0
    outer loop
      vertex 109.75 8.5 45.2
      vertex 109.75 8.5 43.2
      vertex 109.77352663122203 8.141052971394858 43.2
    endloop
  endfacet
  facet normal -0.9978589232386027 0.06540312923015626 0
    outer loop
      vertex 109.77352663122203 8.858947028605142 45.2
      vertex 109.77352663122203 8.858947028605142 43.2
      vertex 109.75 8.5 43.2
    endloop
  endfacet
  facet normal -0.9807852804032333 0.1950903220161139 0
    outer loop
      vertex 109.84370397770506 9.211752374031931 45.2
      vertex 109.84370397770506 9.211752374031931 43.2
      vertex 109.77352663122203 8.858947028605142 43.2
    endloop
  endfacet
  facet normal -0.9469301294951049 0.32143946530316386 0
    outer loop
      vertex 109.95933128559396 9.552379439003996 45.2
      vertex 109.95933128559396 9.552379439003996 43.2
      vertex 109.84370397770506 9.211752374031931 43.2
    endloop
  endfacet
  facet normal 0.8314696123025362 -0.5555702330196156 0
    outer loop
      vertex 114.6817216858009 6.825906070226019 45.2
      vertex 114.6817216858009 6.825906070226019 43.2
      vertex 114.88156986040721 7.125 43.2
    endloop
  endfacet
  facet normal 0.8968727415326937 -0.44228869021899037 0
    outer loop
      vertex 114.88156986040721 7.125 45.2
      vertex 114.88156986040721 7.125 43.2
      vertex 115.04066871440604 7.447620560996003 43.2
    endloop
  endfacet
  facet normal 0.9469301294951049 -0.32143946530316386 0
    outer loop
      vertex 115.04066871440604 7.447620560996003 45.2
      vertex 115.04066871440604 7.447620560996003 43.2
      vertex 115.15629602229494 7.788247625968068 43.2
    endloop
  endfacet
  facet normal 0.9807852804032334 -0.19509032201611343 0
    outer loop
      vertex 115.15629602229494 7.788247625968068 45.2
      vertex 115.15629602229494 7.788247625968068 43.2
      vertex 115.22647336877797 8.141052971394858 43.2
    endloop
  endfacet
  facet normal 0.9978589232386027 -0.06540312923015626 0
    outer loop
      vertex 115.22647336877797 8.141052971394858 45.2
      vertex 115.22647336877797 8.141052971394858 43.2
      vertex 115.25 8.5 43.2
    endloop
  endfacet
  facet normal 0.9978589232386027 0.06540312923015626 0
    outer loop
      vertex 115.22647336877797 8.858947028605142 43.2
      vertex 115.25 8.5 45.2
      vertex 115.25 8.5 43.2
    endloop
  endfacet
  facet normal 0.9807852804032333 0.1950903220161139 0
    outer loop
      vertex 115.22647336877797 8.858947028605142 45.2
      vertex 115.22647336877797 8.858947028605142 43.2
      vertex 115.15629602229494 9.211752374031931 43.2
    endloop
  endfacet
  facet normal 0.9469301294951049 0.32143946530316386 0
    outer loop
      vertex 115.15629602229494 9.211752374031931 45.2
      vertex 115.15629602229494 9.211752374031931 43.2
      vertex 115.04066871440604 9.552379439003996 43.2
    endloop
  endfacet
  facet normal -0.8968727415326941 0.4422886902189893 0
    outer loop
      vertex 110.11843013959279 9.875 45.2
      vertex 110.11843013959279 9.875 43.2
      vertex 109.95933128559396 9.552379439003996 43.2
    endloop
  endfacet
  facet normal -0.8314696123025362 0.5555702330196156 0
    outer loop
      vertex 110.3182783141991 10.174093929773981 45.2
      vertex 110.3182783141991 10.174093929773981 43.2
      vertex 110.11843013959279 9.875 43.2
    endloop
  endfacet
  facet normal -0.7518398074789822 0.6593458151000634 0
    outer loop
      vertex 110.55545635173699 10.444543648263005 45.2
      vertex 110.55545635173699 10.444543648263005 43.2
      vertex 110.3182783141991 10.174093929773981 43.2
    endloop
  endfacet
  facet normal -0.6593458151000763 0.7518398074789708 0
    outer loop
      vertex 110.55545635173699 10.444543648263005 45.2
      vertex 110.82590607022601 10.681721685800897 43.2
      vertex 110.55545635173699 10.444543648263005 43.2
    endloop
  endfacet
  facet normal -0.5555702330195929 0.8314696123025516 0
    outer loop
      vertex 110.82590607022601 10.681721685800897 45.2
      vertex 111.125 10.881569860407206 43.2
      vertex 110.82590607022601 10.681721685800897 43.2
    endloop
  endfacet
  facet normal -0.4422886902190052 0.8968727415326864 0
    outer loop
      vertex 111.125 10.881569860407206 45.2
      vertex 111.447620560996 11.040668714406038 43.2
      vertex 111.125 10.881569860407206 43.2
    endloop
  endfacet
  facet normal -0.3214394653031609 0.946930129495106 0
    outer loop
      vertex 111.447620560996 11.040668714406038 45.2
      vertex 111.78824762596807 11.156296022294939 43.2
      vertex 111.447620560996 11.040668714406038 43.2
    endloop
  endfacet
  facet normal -0.1950903220161291 0.9807852804032303 0
    outer loop
      vertex 111.78824762596807 11.156296022294939 45.2
      vertex 112.14105297139486 11.22647336877798 43.2
      vertex 111.78824762596807 11.156296022294939 43.2
    endloop
  endfacet
  facet normal 0.8314696123025362 0.5555702330196156 0
    outer loop
      vertex 114.88156986040721 9.875 45.2
      vertex 114.88156986040721 9.875 43.2
      vertex 114.6817216858009 10.174093929773981 43.2
    endloop
  endfacet
  facet normal 0.8968727415326941 0.4422886902189893 0
    outer loop
      vertex 115.04066871440604 9.552379439003996 45.2
      vertex 115.04066871440604 9.552379439003996 43.2
      vertex 114.88156986040721 9.875 43.2
    endloop
  endfacet
  facet normal 0.7518398074789822 0.6593458151000634 0
    outer loop
      vertex 114.6817216858009 10.174093929773981 45.2
      vertex 114.6817216858009 10.174093929773981 43.2
      vertex 114.44454364826301 10.444543648263005 43.2
    endloop
  endfacet
  facet normal 0.6593458151000763 0.7518398074789708 0
    outer loop
      vertex 114.17409392977399 10.681721685800897 45.2
      vertex 114.44454364826301 10.444543648263005 43.2
      vertex 114.17409392977399 10.681721685800897 43.2
    endloop
  endfacet
  facet normal 0.5555702330195929 0.8314696123025516 0
    outer loop
      vertex 113.875 10.881569860407206 45.2
      vertex 114.17409392977399 10.681721685800897 43.2
      vertex 113.875 10.881569860407206 43.2
    endloop
  endfacet
  facet normal 0.4422886902190052 0.8968727415326864 0
    outer loop
      vertex 113.552379439004 11.040668714406038 45.2
      vertex 113.875 10.881569860407206 43.2
      vertex 113.552379439004 11.040668714406038 43.2
    endloop
  endfacet
  facet normal -0.06540312923014119 0.9978589232386036 0
    outer loop
      vertex 112.14105297139486 11.22647336877798 45.2
      vertex 112.5 11.25 43.2
      vertex 112.14105297139486 11.22647336877798 43.2
    endloop
  endfacet
  facet normal 0.06540312923014119 0.9978589232386036 0
    outer loop
      vertex 112.5 11.25 45.2
      vertex 112.85894702860514 11.22647336877798 43.2
      vertex 112.5 11.25 43.2
    endloop
  endfacet
  facet normal 0.1950903220161291 0.9807852804032303 0
    outer loop
      vertex 112.85894702860514 11.22647336877798 45.2
      vertex 113.21175237403193 11.156296022294939 43.2
      vertex 112.85894702860514 11.22647336877798 43.2
    endloop
  endfacet
  facet normal 0.3214394653031609 0.946930129495106 0
    outer loop
      vertex 113.21175237403193 11.156296022294939 45.2
      vertex 113.552379439004 11.040668714406038 43.2
      vertex 113.21175237403193 11.156296022294939 43.2
    endloop
  endfacet
  facet normal -0.19509032201613144 -0.9807852804032298 0
    outer loop
      vertex 111.78824762596807 5.843703977705062 45.2
      vertex 111.78824762596807 5.843703977705062 43.2
      vertex 112.14105297139486 5.773526631222021 45.2
    endloop
  endfacet
  facet normal -0.32143946530315864 -0.9469301294951066 0
    outer loop
      vertex 111.447620560996 5.9593312855939615 45.2
      vertex 111.447620560996 5.9593312855939615 43.2
      vertex 111.78824762596807 5.843703977705062 45.2
    endloop
  endfacet
  facet normal -0.5555702330195929 -0.8314696123025516 0
    outer loop
      vertex 110.82590607022601 6.3182783141991035 45.2
      vertex 110.82590607022601 6.3182783141991035 43.2
      vertex 111.125 6.118430139592794 45.2
    endloop
  endfacet
  facet normal -0.6593458151000763 -0.7518398074789708 0
    outer loop
      vertex 110.55545635173699 6.555456351736995 45.2
      vertex 110.55545635173699 6.555456351736995 43.2
      vertex 110.82590607022601 6.3182783141991035 45.2
    endloop
  endfacet
  facet normal -0.7518398074789822 -0.6593458151000634 0
    outer loop
      vertex 110.3182783141991 6.825906070226019 45.2
      vertex 110.55545635173699 6.555456351736995 43.2
      vertex 110.55545635173699 6.555456351736995 45.2
    endloop
  endfacet
  facet normal -0.4422886902190052 -0.8968727415326864 0
    outer loop
      vertex 111.125 6.118430139592794 45.2
      vertex 111.125 6.118430139592794 43.2
      vertex 111.447620560996 5.9593312855939615 45.2
    endloop
  endfacet
  facet normal -0.06540312923014119 -0.9978589232386036 0
    outer loop
      vertex 112.14105297139486 5.773526631222021 45.2
      vertex 112.14105297139486 5.773526631222021 43.2
      vertex 112.5 5.75 45.2
    endloop
  endfacet
  facet normal 0.06540312923014119 -0.9978589232386036 0
    outer loop
      vertex 112.5 5.75 45.2
      vertex 112.5 5.75 43.2
      vertex 112.85894702860514 5.773526631222021 45.2
    endloop
  endfacet
  facet normal 0.19509032201613144 -0.9807852804032298 0
    outer loop
      vertex 112.85894702860514 5.773526631222021 45.2
      vertex 112.85894702860514 5.773526631222021 43.2
      vertex 113.21175237403193 5.843703977705062 45.2
    endloop
  endfacet
  facet normal 0.32143946530315864 -0.9469301294951066 0
    outer loop
      vertex 113.21175237403193 5.843703977705062 45.2
      vertex 113.21175237403193 5.843703977705062 43.2
      vertex 113.552379439004 5.9593312855939615 45.2
    endloop
  endfacet
  facet normal 0.4422886902190052 -0.8968727415326864 0
    outer loop
      vertex 113.552379439004 5.9593312855939615 45.2
      vertex 113.552379439004 5.9593312855939615 43.2
      vertex 113.875 6.118430139592794 45.2
    endloop
  endfacet
  facet normal 0.5555702330195929 -0.8314696123025516 0
    outer loop
      vertex 113.875 6.118430139592794 45.2
      vertex 113.875 6.118430139592794 43.2
      vertex 114.17409392977399 6.3182783141991035 45.2
    endloop
  endfacet
  facet normal 0.6593458151000763 -0.7518398074789708 0
    outer loop
      vertex 114.44454364826301 6.555456351736995 45.2
      vertex 114.17409392977399 6.3182783141991035 45.2
      vertex 114.17409392977399 6.3182783141991035 43.2
    endloop
  endfacet
  facet normal 0.7518398074789822 -0.6593458151000634 0
    outer loop
      vertex 114.44454364826301 6.555456351736995 45.2
      vertex 114.6817216858009 6.825906070226019 43.2
      vertex 114.6817216858009 6.825906070226019 45.2
    endloop
  endfacet
  facet normal 0 0 1
    outer loop
      vertex 111.447620560996 5.9593312855939615 45.2
      vertex 111.78824762596807 5.843703977705062 45.2
      vertex 111.75 7.200961894323342 45.2
    endloop
  endfacet
  facet normal 0 0 1
    outer loop
      vertex 111.125 6.118430139592794 45.2
      vertex 111.447620560996 5.9593312855939615 45.2
      vertex 111.43933982822018 7.439339828220179 45.2
    endloop
  endfacet
  facet normal 0 0 1
    outer loop
      vertex 111.78824762596807 5.843703977705062 45.2
      vertex 111.92597485145237 7.11418070123307 45.2
      vertex 111.75 7.200961894323342 45.2
    endloop
  endfacet
  facet normal 0 0 1
    outer loop
      vertex 111.78824762596807 5.843703977705062 45.2
      vertex 112.11177143234622 7.0511112605663975 45.2
      vertex 111.92597485145237 7.11418070123307 45.2
    endloop
  endfacet
  facet normal 0 0 1
    outer loop
      vertex 111.78824762596807 5.843703977705062 45.2
      vertex 112.14105297139486 5.773526631222021 45.2
      vertex 112.11177143234622 7.0511112605663975 45.2
    endloop
  endfacet
  facet normal 0 0 1
    outer loop
      vertex 112.14105297139486 5.773526631222021 45.2
      vertex 112.5 5.75 45.2
      vertex 112.5 7 45.2
    endloop
  endfacet
  facet normal 0 0 1
    outer loop
      vertex 112.5 5.75 45.2
      vertex 112.85894702860514 5.773526631222021 45.2
      vertex 112.5 7 45.2
    endloop
  endfacet
  facet normal 0 0 1
    outer loop
      vertex 112.14105297139486 5.773526631222021 45.2
      vertex 112.30421071166992 7.0128327079392845 45.2
      vertex 112.11177143234622 7.0511112605663975 45.2
    endloop
  endfacet
  facet normal 0 0 1
    outer loop
      vertex 112.14105297139486 5.773526631222021 45.2
      vertex 112.5 7 45.2
      vertex 112.30421071166992 7.0128327079392845 45.2
    endloop
  endfacet
  facet normal 0 0 1
    outer loop
      vertex 112.85894702860514 5.773526631222021 45.2
      vertex 112.69578928833008 7.0128327079392845 45.2
      vertex 112.5 7 45.2
    endloop
  endfacet
  facet normal 0 0 1
    outer loop
      vertex 112.85894702860514 5.773526631222021 45.2
      vertex 113.21175237403193 5.843703977705062 45.2
      vertex 112.88822856765378 7.0511112605663975 45.2
    endloop
  endfacet
  facet normal 0 0 1
    outer loop
      vertex 113.21175237403193 5.843703977705062 45.2
      vertex 113.552379439004 5.9593312855939615 45.2
      vertex 113.25 7.200961894323342 45.2
    endloop
  endfacet
  facet normal 0 0 1
    outer loop
      vertex 112.85894702860514 5.773526631222021 45.2
      vertex 112.88822856765378 7.0511112605663975 45.2
      vertex 112.69578928833008 7.0128327079392845 45.2
    endloop
  endfacet
  facet normal 0 0 1
    outer loop
      vertex 113.21175237403193 5.843703977705062 45.2
      vertex 113.07402514854763 7.11418070123307 45.2
      vertex 112.88822856765378 7.0511112605663975 45.2
    endloop
  endfacet
  facet normal 0 0 1
    outer loop
      vertex 113.21175237403193 5.843703977705062 45.2
      vertex 113.25 7.200961894323342 45.2
      vertex 113.07402514854763 7.11418070123307 45.2
    endloop
  endfacet
  facet normal 0 0 1
    outer loop
      vertex 113.552379439004 5.9593312855939615 45.2
      vertex 113.875 6.118430139592794 45.2
      vertex 113.56066017177982 7.439339828220179 45.2
    endloop
  endfacet
  facet normal -0.8314696123025362 -0.5555702330196156 0
    outer loop
      vertex 110.11843013959279 7.125 45.2
      vertex 110.3182783141991 6.825906070226019 43.2
      vertex 110.3182783141991 6.825906070226019 45.2
    endloop
  endfacet
  facet normal -0.8968727415326937 -0.44228869021899037 0
    outer loop
      vertex 109.95933128559396 7.447620560996003 45.2
      vertex 110.11843013959279 7.125 43.2
      vertex 110.11843013959279 7.125 45.2
    endloop
  endfacet
  facet normal -0.9469301294951049 -0.32143946530316386 0
    outer loop
      vertex 109.84370397770506 7.788247625968068 45.2
      vertex 109.95933128559396 7.447620560996003 43.2
      vertex 109.95933128559396 7.447620560996003 45.2
    endloop
  endfacet
  facet normal -0.9807852804032334 -0.19509032201611343 0
    outer loop
      vertex 109.77352663122203 8.141052971394858 45.2
      vertex 109.84370397770506 7.788247625968068 43.2
      vertex 109.84370397770506 7.788247625968068 45.2
    endloop
  endfacet
  facet normal -0.9978589232386027 -0.06540312923015626 0
    outer loop
      vertex 109.75 8.5 45.2
      vertex 109.77352663122203 8.141052971394858 43.2
      vertex 109.77352663122203 8.141052971394858 45.2
    endloop
  endfacet
  facet normal -0.9978589232386027 0.06540312923015626 0
    outer loop
      vertex 109.77352663122203 8.858947028605142 45.2
      vertex 109.75 8.5 43.2
      vertex 109.75 8.5 45.2
    endloop
  endfacet
  facet normal -0.9807852804032333 0.1950903220161139 0
    outer loop
      vertex 109.84370397770506 9.211752374031931 45.2
      vertex 109.77352663122203 8.858947028605142 43.2
      vertex 109.77352663122203 8.858947028605142 45.2
    endloop
  endfacet
  facet normal -0.9469301294951049 0.32143946530316386 0
    outer loop
      vertex 109.95933128559396 9.552379439003996 45.2
      vertex 109.84370397770506 9.211752374031931 43.2
      vertex 109.84370397770506 9.211752374031931 45.2
    endloop
  endfacet
  facet normal 0.8314696123025362 -0.5555702330196156 0
    outer loop
      vertex 114.6817216858009 6.825906070226019 45.2
      vertex 114.88156986040721 7.125 43.2
      vertex 114.88156986040721 7.125 45.2
    endloop
  endfacet
  facet normal 0.8968727415326937 -0.44228869021899037 0
    outer loop
      vertex 115.04066871440604 7.447620560996003 45.2
      vertex 114.88156986040721 7.125 45.2
      vertex 115.04066871440604 7.447620560996003 43.2
    endloop
  endfacet
  facet normal 0.9469301294951049 -0.32143946530316386 0
    outer loop
      vertex 115.15629602229494 7.788247625968068 45.2
      vertex 115.04066871440604 7.447620560996003 45.2
      vertex 115.15629602229494 7.788247625968068 43.2
    endloop
  endfacet
  facet normal 0.9807852804032334 -0.19509032201611343 0
    outer loop
      vertex 115.22647336877797 8.141052971394858 45.2
      vertex 115.15629602229494 7.788247625968068 45.2
      vertex 115.22647336877797 8.141052971394858 43.2
    endloop
  endfacet
  facet normal 0.9978589232386027 -0.06540312923015626 0
    outer loop
      vertex 115.25 8.5 45.2
      vertex 115.22647336877797 8.141052971394858 45.2
      vertex 115.25 8.5 43.2
    endloop
  endfacet
  facet normal 0.9978589232386027 0.06540312923015626 0
    outer loop
      vertex 115.22647336877797 8.858947028605142 45.2
      vertex 115.25 8.5 45.2
      vertex 115.22647336877797 8.858947028605142 43.2
    endloop
  endfacet
  facet normal 0.9807852804032333 0.1950903220161139 0
    outer loop
      vertex 115.15629602229494 9.211752374031931 45.2
      vertex 115.22647336877797 8.858947028605142 45.2
      vertex 115.15629602229494 9.211752374031931 43.2
    endloop
  endfacet
  facet normal 0.9469301294951049 0.32143946530316386 0
    outer loop
      vertex 115.04066871440604 9.552379439003996 45.2
      vertex 115.15629602229494 9.211752374031931 45.2
      vertex 115.04066871440604 9.552379439003996 43.2
    endloop
  endfacet
  facet normal -0.8968727415326941 0.4422886902189893 0
    outer loop
      vertex 109.95933128559396 9.552379439003996 45.2
      vertex 110.11843013959279 9.875 45.2
      vertex 109.95933128559396 9.552379439003996 43.2
    endloop
  endfacet
  facet normal -0.8314696123025362 0.5555702330196156 0
    outer loop
      vertex 110.3182783141991 10.174093929773981 45.2
      vertex 110.11843013959279 9.875 43.2
      vertex 110.11843013959279 9.875 45.2
    endloop
  endfacet
  facet normal -0.7518398074789822 0.6593458151000634 0
    outer loop
      vertex 110.3182783141991 10.174093929773981 45.2
      vertex 110.55545635173699 10.444543648263005 45.2
      vertex 110.3182783141991 10.174093929773981 43.2
    endloop
  endfacet
  facet normal -0.6593458151000763 0.7518398074789708 0
    outer loop
      vertex 110.82590607022601 10.681721685800897 45.2
      vertex 110.82590607022601 10.681721685800897 43.2
      vertex 110.55545635173699 10.444543648263005 45.2
    endloop
  endfacet
  facet normal -0.5555702330195929 0.8314696123025516 0
    outer loop
      vertex 110.82590607022601 10.681721685800897 45.2
      vertex 111.125 10.881569860407206 45.2
      vertex 111.125 10.881569860407206 43.2
    endloop
  endfacet
  facet normal -0.4422886902190052 0.8968727415326864 0
    outer loop
      vertex 111.447620560996 11.040668714406038 45.2
      vertex 111.447620560996 11.040668714406038 43.2
      vertex 111.125 10.881569860407206 45.2
    endloop
  endfacet
  facet normal -0.3214394653031609 0.946930129495106 0
    outer loop
      vertex 111.447620560996 11.040668714406038 45.2
      vertex 111.78824762596807 11.156296022294939 45.2
      vertex 111.78824762596807 11.156296022294939 43.2
    endloop
  endfacet
  facet normal 0.8968727415326941 0.4422886902189893 0
    outer loop
      vertex 114.88156986040721 9.875 45.2
      vertex 115.04066871440604 9.552379439003996 45.2
      vertex 114.88156986040721 9.875 43.2
    endloop
  endfacet
  facet normal 0.8314696123025362 0.5555702330196156 0
    outer loop
      vertex 114.6817216858009 10.174093929773981 45.2
      vertex 114.88156986040721 9.875 45.2
      vertex 114.6817216858009 10.174093929773981 43.2
    endloop
  endfacet
  facet normal 0.6593458151000763 0.7518398074789708 0
    outer loop
      vertex 114.17409392977399 10.681721685800897 45.2
      vertex 114.44454364826301 10.444543648263005 45.2
      vertex 114.44454364826301 10.444543648263005 43.2
    endloop
  endfacet
  facet normal 0.4422886902190052 0.8968727415326864 0
    outer loop
      vertex 113.552379439004 11.040668714406038 45.2
      vertex 113.875 10.881569860407206 45.2
      vertex 113.875 10.881569860407206 43.2
    endloop
  endfacet
  facet normal 0.5555702330195929 0.8314696123025516 0
    outer loop
      vertex 113.875 10.881569860407206 45.2
      vertex 114.17409392977399 10.681721685800897 45.2
      vertex 114.17409392977399 10.681721685800897 43.2
    endloop
  endfacet
  facet normal 0.7518398074789822 0.6593458151000634 0
    outer loop
      vertex 114.44454364826301 10.444543648263005 45.2
      vertex 114.6817216858009 10.174093929773981 45.2
      vertex 114.44454364826301 10.444543648263005 43.2
    endloop
  endfacet
  facet normal -0.1950903220161291 0.9807852804032303 0
    outer loop
      vertex 111.78824762596807 11.156296022294939 45.2
      vertex 112.14105297139486 11.22647336877798 45.2
      vertex 112.14105297139486 11.22647336877798 43.2
    endloop
  endfacet
  facet normal -0.06540312923014119 0.9978589232386036 0
    outer loop
      vertex 112.14105297139486 11.22647336877798 45.2
      vertex 112.5 11.25 45.2
      vertex 112.5 11.25 43.2
    endloop
  endfacet
  facet normal 0.06540312923014119 0.9978589232386036 0
    outer loop
      vertex 112.5 11.25 45.2
      vertex 112.85894702860514 11.22647336877798 45.2
      vertex 112.85894702860514 11.22647336877798 43.2
    endloop
  endfacet
  facet normal 0.1950903220161291 0.9807852804032303 0
    outer loop
      vertex 112.85894702860514 11.22647336877798 45.2
      vertex 113.21175237403193 11.156296022294939 45.2
      vertex 113.21175237403193 11.156296022294939 43.2
    endloop
  endfacet
  facet normal 0.3214394653031609 0.946930129495106 0
    outer loop
      vertex 113.21175237403193 11.156296022294939 45.2
      vertex 113.552379439004 11.040668714406038 45.2
      vertex 113.552379439004 11.040668714406038 43.2
    endloop
  endfacet
  facet normal 0 0 1
    outer loop
      vertex 109.84370397770506 9.211752374031931 45.2
      vertex 109.84370397770506 7.788247625968068 45.2
      vertex 109.95933128559396 7.447620560996003 45.2
    endloop
  endfacet
  facet normal 0 0 1
    outer loop
      vertex 110.11843013959279 9.875 45.2
      vertex 110.11843013959279 7.125 45.2
      vertex 110.3182783141991 6.825906070226019 45.2
    endloop
  endfacet
  facet normal 0 0 1
    outer loop
      vertex 109.95933128559396 9.552379439003996 45.2
      vertex 109.95933128559396 7.447620560996003 45.2
      vertex 110.11843013959279 7.125 45.2
    endloop
  endfacet
  facet normal 0 0 1
    outer loop
      vertex 111.125 6.118430139592794 45.2
      vertex 111.11418070123307 7.925974851452366 45.2
      vertex 111.0511112605664 8.111771432346218 45.2
    endloop
  endfacet
  facet normal 0 0 1
    outer loop
      vertex 111.447620560996 5.9593312855939615 45.2
      vertex 111.58685785648692 7.309969989563147 45.2
      vertex 111.43933982822018 7.439339828220179 45.2
    endloop
  endfacet
  facet normal 0 0 1
    outer loop
      vertex 111.125 6.118430139592794 45.2
      vertex 111.43933982822018 7.439339828220179 45.2
      vertex 111.30996998956314 7.586857856486919 45.2
    endloop
  endfacet
  facet normal 0 0 1
    outer loop
      vertex 111.447620560996 5.9593312855939615 45.2
      vertex 111.75 7.200961894323342 45.2
      vertex 111.58685785648692 7.309969989563147 45.2
    endloop
  endfacet
  facet normal 0 0 1
    outer loop
      vertex 111.125 6.118430139592794 45.2
      vertex 111.30996998956314 7.586857856486919 45.2
      vertex 111.20096189432334 7.75 45.2
    endloop
  endfacet
  facet normal 0 0 1
    outer loop
      vertex 111.125 6.118430139592794 45.2
      vertex 111.20096189432334 7.75 45.2
      vertex 111.11418070123307 7.925974851452366 45.2
    endloop
  endfacet
  facet normal 0 0 1
    outer loop
      vertex 110.55545635173699 10.444543648263005 45.2
      vertex 110.55545635173699 6.555456351736995 45.2
      vertex 110.82590607022601 6.3182783141991035 45.2
    endloop
  endfacet
  facet normal 0 0 1
    outer loop
      vertex 111.125 6.118430139592794 45.2
      vertex 111.0511112605664 8.111771432346218 45.2
      vertex 111.01283270793928 8.304210711669922 45.2
    endloop
  endfacet
  facet normal 0 0 1
    outer loop
      vertex 111.125 6.118430139592794 45.2
      vertex 111.01283270793928 8.304210711669922 45.2
      vertex 111 8.5 45.2
    endloop
  endfacet
  facet normal 0 0 1
    outer loop
      vertex 110.82590607022601 10.681721685800897 45.2
      vertex 110.82590607022601 6.3182783141991035 45.2
      vertex 111.125 6.118430139592794 45.2
    endloop
  endfacet
  facet normal 0 0 1
    outer loop
      vertex 110.3182783141991 10.174093929773981 45.2
      vertex 110.3182783141991 6.825906070226019 45.2
      vertex 110.55545635173699 6.555456351736995 45.2
    endloop
  endfacet
  facet normal 0 0 1
    outer loop
      vertex 109.77352663122203 8.858947028605142 45.2
      vertex 109.77352663122203 8.141052971394858 45.2
      vertex 109.84370397770506 7.788247625968068 45.2
    endloop
  endfacet
  facet normal 0 0 1
    outer loop
      vertex 109.77352663122203 8.858947028605142 45.2
      vertex 109.75 8.5 45.2
      vertex 109.77352663122203 8.141052971394858 45.2
    endloop
  endfacet
  facet normal 0 0 1
    outer loop
      vertex 109.84370397770506 9.211752374031931 45.2
      vertex 109.77352663122203 8.858947028605142 45.2
      vertex 109.84370397770506 7.788247625968068 45.2
    endloop
  endfacet
  facet normal 0 0 1
    outer loop
      vertex 109.95933128559396 9.552379439003996 45.2
      vertex 109.84370397770506 9.211752374031931 45.2
      vertex 109.95933128559396 7.447620560996003 45.2
    endloop
  endfacet
  facet normal 0 0 1
    outer loop
      vertex 109.95933128559396 9.552379439003996 45.2
      vertex 110.11843013959279 7.125 45.2
      vertex 110.11843013959279 9.875 45.2
    endloop
  endfacet
  facet normal 0 0 1
    outer loop
      vertex 110.3182783141991 10.174093929773981 45.2
      vertex 110.11843013959279 9.875 45.2
      vertex 110.3182783141991 6.825906070226019 45.2
    endloop
  endfacet
  facet normal 0 0 1
    outer loop
      vertex 110.82590607022601 10.681721685800897 45.2
      vertex 111.125 6.118430139592794 45.2
      vertex 111 8.5 45.2
    endloop
  endfacet
  facet normal 0 0 1
    outer loop
      vertex 110.3182783141991 10.174093929773981 45.2
      vertex 110.55545635173699 6.555456351736995 45.2
      vertex 110.55545635173699 10.444543648263005 45.2
    endloop
  endfacet
  facet normal 0 0 1
    outer loop
      vertex 110.82590607022601 10.681721685800897 45.2
      vertex 110.55545635173699 10.444543648263005 45.2
      vertex 110.82590607022601 6.3182783141991035 45.2
    endloop
  endfacet
  facet normal 0 0 1
    outer loop
      vertex 110.82590607022601 10.681721685800897 45.2
      vertex 111 8.5 45.2
      vertex 111.01283270793928 8.695789288330078 45.2
    endloop
  endfacet
  facet normal 0 0 1
    outer loop
      vertex 110.82590607022601 10.681721685800897 45.2
      vertex 111.01283270793928 8.695789288330078 45.2
      vertex 111.0511112605664 8.888228567653782 45.2
    endloop
  endfacet
  facet normal 0 0 1
    outer loop
      vertex 110.82590607022601 10.681721685800897 45.2
      vertex 111.0511112605664 8.888228567653782 45.2
      vertex 111.11418070123307 9.074025148547635 45.2
    endloop
  endfacet
  facet normal 0 0 1
    outer loop
      vertex 113.552379439004 5.9593312855939615 45.2
      vertex 113.41314214351308 7.309969989563147 45.2
      vertex 113.25 7.200961894323342 45.2
    endloop
  endfacet
  facet normal 0 0 1
    outer loop
      vertex 113.552379439004 5.9593312855939615 45.2
      vertex 113.56066017177982 7.439339828220179 45.2
      vertex 113.41314214351308 7.309969989563147 45.2
    endloop
  endfacet
  facet normal 0 0 1
    outer loop
      vertex 113.875 6.118430139592794 45.2
      vertex 114.17409392977399 6.3182783141991035 45.2
      vertex 113.88581929876693 7.925974851452366 45.2
    endloop
  endfacet
  facet normal 0 0 1
    outer loop
      vertex 113.875 6.118430139592794 45.2
      vertex 113.69003001043686 7.586857856486919 45.2
      vertex 113.56066017177982 7.439339828220179 45.2
    endloop
  endfacet
  facet normal 0 0 1
    outer loop
      vertex 113.875 6.118430139592794 45.2
      vertex 113.79903810567666 7.75 45.2
      vertex 113.69003001043686 7.586857856486919 45.2
    endloop
  endfacet
  facet normal 0 0 1
    outer loop
      vertex 113.875 6.118430139592794 45.2
      vertex 113.88581929876693 7.925974851452366 45.2
      vertex 113.79903810567666 7.75 45.2
    endloop
  endfacet
  facet normal 0 0 1
    outer loop
      vertex 114.17409392977399 6.3182783141991035 45.2
      vertex 113.9488887394336 8.111771432346218 45.2
      vertex 113.88581929876693 7.925974851452366 45.2
    endloop
  endfacet
  facet normal 0 0 1
    outer loop
      vertex 114.17409392977399 6.3182783141991035 45.2
      vertex 113.98716729206072 8.304210711669922 45.2
      vertex 113.9488887394336 8.111771432346218 45.2
    endloop
  endfacet
  facet normal 0 0 1
    outer loop
      vertex 114.17409392977399 6.3182783141991035 45.2
      vertex 114 8.5 45.2
      vertex 113.98716729206072 8.304210711669922 45.2
    endloop
  endfacet
  facet normal 0 0 1
    outer loop
      vertex 114.17409392977399 10.681721685800897 45.2
      vertex 114.17409392977399 6.3182783141991035 45.2
      vertex 114.44454364826301 6.555456351736995 45.2
    endloop
  endfacet
  facet normal 0 0 1
    outer loop
      vertex 114.44454364826301 10.444543648263005 45.2
      vertex 114.44454364826301 6.555456351736995 45.2
      vertex 114.6817216858009 6.825906070226019 45.2
    endloop
  endfacet
  facet normal 0 0 1
    outer loop
      vertex 114.6817216858009 10.174093929773981 45.2
      vertex 114.6817216858009 6.825906070226019 45.2
      vertex 114.88156986040721 7.125 45.2
    endloop
  endfacet
  facet normal 0 0 1
    outer loop
      vertex 114.88156986040721 9.875 45.2
      vertex 114.88156986040721 7.125 45.2
      vertex 115.04066871440604 7.447620560996003 45.2
    endloop
  endfacet
  facet normal 0 0 1
    outer loop
      vertex 113.875 10.881569860407206 45.2
      vertex 114 8.5 45.2
      vertex 114.17409392977399 6.3182783141991035 45.2
    endloop
  endfacet
  facet normal 0 0 1
    outer loop
      vertex 115.04066871440604 9.552379439003996 45.2
      vertex 115.04066871440604 7.447620560996003 45.2
      vertex 115.15629602229494 7.788247625968068 45.2
    endloop
  endfacet
  facet normal 0 0 1
    outer loop
      vertex 115.15629602229494 9.211752374031931 45.2
      vertex 115.15629602229494 7.788247625968068 45.2
      vertex 115.22647336877797 8.141052971394858 45.2
    endloop
  endfacet
  facet normal 0 0 1
    outer loop
      vertex 115.22647336877797 8.858947028605142 45.2
      vertex 115.22647336877797 8.141052971394858 45.2
      vertex 115.25 8.5 45.2
    endloop
  endfacet
  facet normal 0 0 1
    outer loop
      vertex 115.15629602229494 9.211752374031931 45.2
      vertex 115.22647336877797 8.141052971394858 45.2
      vertex 115.22647336877797 8.858947028605142 45.2
    endloop
  endfacet
  facet normal 0 0 1
    outer loop
      vertex 115.04066871440604 9.552379439003996 45.2
      vertex 115.15629602229494 7.788247625968068 45.2
      vertex 115.15629602229494 9.211752374031931 45.2
    endloop
  endfacet
  facet normal 0 0 1
    outer loop
      vertex 114.17409392977399 10.681721685800897 45.2
      vertex 114.44454364826301 6.555456351736995 45.2
      vertex 114.44454364826301 10.444543648263005 45.2
    endloop
  endfacet
  facet normal 0 0 1
    outer loop
      vertex 113.875 10.881569860407206 45.2
      vertex 113.98716729206072 8.695789288330078 45.2
      vertex 114 8.5 45.2
    endloop
  endfacet
  facet normal 0 0 1
    outer loop
      vertex 113.875 10.881569860407206 45.2
      vertex 113.9488887394336 8.888228567653782 45.2
      vertex 113.98716729206072 8.695789288330078 45.2
    endloop
  endfacet
  facet normal 0 0 1
    outer loop
      vertex 113.875 10.881569860407206 45.2
      vertex 113.88581929876693 9.074025148547635 45.2
      vertex 113.9488887394336 8.888228567653782 45.2
    endloop
  endfacet
  facet normal 0 0 1
    outer loop
      vertex 113.875 10.881569860407206 45.2
      vertex 114.17409392977399 6.3182783141991035 45.2
      vertex 114.17409392977399 10.681721685800897 45.2
    endloop
  endfacet
  facet normal 0 0 1
    outer loop
      vertex 114.6817216858009 10.174093929773981 45.2
      vertex 114.88156986040721 7.125 45.2
      vertex 114.88156986040721 9.875 45.2
    endloop
  endfacet
  facet normal 0 0 1
    outer loop
      vertex 114.44454364826301 10.444543648263005 45.2
      vertex 114.6817216858009 6.825906070226019 45.2
      vertex 114.6817216858009 10.174093929773981 45.2
    endloop
  endfacet
  facet normal 0 0 1
    outer loop
      vertex 114.88156986040721 9.875 45.2
      vertex 115.04066871440604 7.447620560996003 45.2
      vertex 115.04066871440604 9.552379439003996 45.2
    endloop
  endfacet
  facet normal 0 0 1
    outer loop
      vertex 110.82590607022601 10.681721685800897 45.2
      vertex 111.11418070123307 9.074025148547635 45.2
      vertex 111.125 10.881569860407206 45.2
    endloop
  endfacet
  facet normal 0 0 1
    outer loop
      vertex 111.125 10.881569860407206 45.2
      vertex 111.11418070123307 9.074025148547635 45.2
      vertex 111.20096189432334 9.25 45.2
    endloop
  endfacet
  facet normal 0 0 1
    outer loop
      vertex 111.125 10.881569860407206 45.2
      vertex 111.20096189432334 9.25 45.2
      vertex 111.30996998956314 9.413142143513081 45.2
    endloop
  endfacet
  facet normal 0 0 1
    outer loop
      vertex 111.125 10.881569860407206 45.2
      vertex 111.30996998956314 9.413142143513081 45.2
      vertex 111.43933982822018 9.560660171779821 45.2
    endloop
  endfacet
  facet normal 0 0 1
    outer loop
      vertex 111.447620560996 11.040668714406038 45.2
      vertex 111.43933982822018 9.560660171779821 45.2
      vertex 111.58685785648692 9.690030010436853 45.2
    endloop
  endfacet
  facet normal 0 0 1
    outer loop
      vertex 111.447620560996 11.040668714406038 45.2
      vertex 111.58685785648692 9.690030010436853 45.2
      vertex 111.75 9.799038105676658 45.2
    endloop
  endfacet
  facet normal 0 0 1
    outer loop
      vertex 111.78824762596807 11.156296022294939 45.2
      vertex 111.75 9.799038105676658 45.2
      vertex 111.92597485145237 9.885819298766929 45.2
    endloop
  endfacet
  facet normal 0 0 1
    outer loop
      vertex 111.78824762596807 11.156296022294939 45.2
      vertex 111.92597485145237 9.885819298766929 45.2
      vertex 112.11177143234622 9.948888739433603 45.2
    endloop
  endfacet
  facet normal 0 0 1
    outer loop
      vertex 111.447620560996 11.040668714406038 45.2
      vertex 111.125 10.881569860407206 45.2
      vertex 111.43933982822018 9.560660171779821 45.2
    endloop
  endfacet
  facet normal 0 0 1
    outer loop
      vertex 111.447620560996 11.040668714406038 45.2
      vertex 111.75 9.799038105676658 45.2
      vertex 111.78824762596807 11.156296022294939 45.2
    endloop
  endfacet
  facet normal 0 0 1
    outer loop
      vertex 113.21175237403193 11.156296022294939 45.2
      vertex 112.88822856765378 9.948888739433603 45.2
      vertex 113.07402514854763 9.885819298766929 45.2
    endloop
  endfacet
  facet normal 0 0 1
    outer loop
      vertex 113.21175237403193 11.156296022294939 45.2
      vertex 113.07402514854763 9.885819298766929 45.2
      vertex 113.25 9.799038105676658 45.2
    endloop
  endfacet
  facet normal 0 0 1
    outer loop
      vertex 113.552379439004 11.040668714406038 45.2
      vertex 113.41314214351308 9.690030010436853 45.2
      vertex 113.56066017177982 9.560660171779821 45.2
    endloop
  endfacet
  facet normal 0 0 1
    outer loop
      vertex 113.552379439004 11.040668714406038 45.2
      vertex 113.25 9.799038105676658 45.2
      vertex 113.41314214351308 9.690030010436853 45.2
    endloop
  endfacet
  facet normal 0 0 1
    outer loop
      vertex 112.14105297139486 11.22647336877798 45.2
      vertex 112.30421071166992 9.987167292060715 45.2
      vertex 112.5 10 45.2
    endloop
  endfacet
  facet normal 0 0 1
    outer loop
      vertex 112.14105297139486 11.22647336877798 45.2
      vertex 112.11177143234622 9.948888739433603 45.2
      vertex 112.30421071166992 9.987167292060715 45.2
    endloop
  endfacet
  facet normal 0 0 1
    outer loop
      vertex 112.85894702860514 11.22647336877798 45.2
      vertex 112.5 10 45.2
      vertex 112.69578928833008 9.987167292060715 45.2
    endloop
  endfacet
  facet normal 0 0 1
    outer loop
      vertex 111.78824762596807 11.156296022294939 45.2
      vertex 112.11177143234622 9.948888739433603 45.2
      vertex 112.14105297139486 11.22647336877798 45.2
    endloop
  endfacet
  facet normal 0 0 1
    outer loop
      vertex 112.14105297139486 11.22647336877798 45.2
      vertex 112.5 10 45.2
      vertex 112.5 11.25 45.2
    endloop
  endfacet
  facet normal 0 0 1
    outer loop
      vertex 112.5 11.25 45.2
      vertex 112.5 10 45.2
      vertex 112.85894702860514 11.22647336877798 45.2
    endloop
  endfacet
  facet normal 0 0 1
    outer loop
      vertex 112.85894702860514 11.22647336877798 45.2
      vertex 112.69578928833008 9.987167292060715 45.2
      vertex 112.88822856765378 9.948888739433603 45.2
    endloop
  endfacet
  facet normal 0 0 1
    outer loop
      vertex 113.21175237403193 11.156296022294939 45.2
      vertex 113.25 9.799038105676658 45.2
      vertex 113.552379439004 11.040668714406038 45.2
    endloop
  endfacet
  facet normal 0 0 1
    outer loop
      vertex 112.85894702860514 11.22647336877798 45.2
      vertex 112.88822856765378 9.948888739433603 45.2
      vertex 113.21175237403193 11.156296022294939 45.2
    endloop
  endfacet
  facet normal 0 0 1
    outer loop
      vertex 113.875 10.881569860407206 45.2
      vertex 113.79903810567666 9.25 45.2
      vertex 113.88581929876693 9.074025148547635 45.2
    endloop
  endfacet
  facet normal 0 0 1
    outer loop
      vertex 113.875 10.881569860407206 45.2
      vertex 113.69003001043686 9.413142143513081 45.2
      vertex 113.79903810567666 9.25 45.2
    endloop
  endfacet
  facet normal 0 0 1
    outer loop
      vertex 113.875 10.881569860407206 45.2
      vertex 113.56066017177982 9.560660171779821 45.2
      vertex 113.69003001043686 9.413142143513081 45.2
    endloop
  endfacet
  facet normal 0 0 1
    outer loop
      vertex 113.552379439004 11.040668714406038 45.2
      vertex 113.56066017177982 9.560660171779821 45.2
      vertex 113.875 10.881569860407206 45.2
    endloop
  endfacet
  facet normal -0.5555702330195917 -0.8314696123025522 0
    outer loop
      vertex 111.75 7.200961894323342 53.2
      vertex 111.58685785648692 7.309969989563147 45.2
      vertex 111.75 7.200961894323342 45.2
    endloop
  endfacet
  facet normal -0.44228869021899825 -0.8968727415326897 0
    outer loop
      vertex 111.92597485145237 7.11418070123307 53.2
      vertex 111.75 7.200961894323342 45.2
      vertex 111.92597485145237 7.11418070123307 45.2
    endloop
  endfacet
  facet normal -0.6593458151000949 -0.7518398074789545 0
    outer loop
      vertex 111.58685785648692 7.309969989563147 53.2
      vertex 111.43933982822018 7.439339828220179 45.2
      vertex 111.58685785648692 7.309969989563147 45.2
    endloop
  endfacet
  facet normal -0.9469301294951146 -0.3214394653031352 0
    outer loop
      vertex 111.0511112605664 8.111771432346218 53.2
      vertex 111.0511112605664 8.111771432346218 45.2
      vertex 111.11418070123307 7.925974851452366 45.2
    endloop
  endfacet
  facet normal -0.7518398074789517 -0.659345815100098 0
    outer loop
      vertex 111.30996998956314 7.586857856486919 53.2
      vertex 111.30996998956314 7.586857856486919 45.2
      vertex 111.43933982822018 7.439339828220179 45.2
    endloop
  endfacet
  facet normal -0.831469612302555 -0.5555702330195875 0
    outer loop
      vertex 111.20096189432334 7.75 53.2
      vertex 111.20096189432334 7.75 45.2
      vertex 111.30996998956314 7.586857856486919 45.2
    endloop
  endfacet
  facet normal -0.8968727415326836 -0.442288690219011 0
    outer loop
      vertex 111.11418070123307 7.925974851452366 53.2
      vertex 111.11418070123307 7.925974851452366 45.2
      vertex 111.20096189432334 7.75 45.2
    endloop
  endfacet
  facet normal -0.9807852804032247 -0.19509032201615759 0
    outer loop
      vertex 111.01283270793928 8.304210711669922 53.2
      vertex 111.01283270793928 8.304210711669922 45.2
      vertex 111.0511112605664 8.111771432346218 45.2
    endloop
  endfacet
  facet normal -0.9978589232386044 -0.06540312923012999 0
    outer loop
      vertex 111 8.5 53.2
      vertex 111 8.5 45.2
      vertex 111.01283270793928 8.304210711669922 45.2
    endloop
  endfacet
  facet normal -0.9978589232386044 0.06540312923012999 0
    outer loop
      vertex 111.01283270793928 8.695789288330078 53.2
      vertex 111.01283270793928 8.695789288330078 45.2
      vertex 111 8.5 45.2
    endloop
  endfacet
  facet normal -0.9807852804032247 0.19509032201615759 0
    outer loop
      vertex 111.0511112605664 8.888228567653782 53.2
      vertex 111.0511112605664 8.888228567653782 45.2
      vertex 111.01283270793928 8.695789288330078 45.2
    endloop
  endfacet
  facet normal -0.9469301294951151 0.32143946530313383 0
    outer loop
      vertex 111.11418070123307 9.074025148547635 53.2
      vertex 111.11418070123307 9.074025148547635 45.2
      vertex 111.0511112605664 8.888228567653782 45.2
    endloop
  endfacet
  facet normal -0.8968727415326827 0.44228869021901285 0
    outer loop
      vertex 111.20096189432334 9.25 53.2
      vertex 111.20096189432334 9.25 45.2
      vertex 111.11418070123307 9.074025148547635 45.2
    endloop
  endfacet
  facet normal -0.831469612302555 0.5555702330195875 0
    outer loop
      vertex 111.30996998956314 9.413142143513081 53.2
      vertex 111.30996998956314 9.413142143513081 45.2
      vertex 111.20096189432334 9.25 45.2
    endloop
  endfacet
  facet normal -0.7518398074789517 0.659345815100098 0
    outer loop
      vertex 111.43933982822018 9.560660171779821 53.2
      vertex 111.43933982822018 9.560660171779821 45.2
      vertex 111.30996998956314 9.413142143513081 45.2
    endloop
  endfacet
  facet normal -0.6593458151000949 0.7518398074789545 0
    outer loop
      vertex 111.43933982822018 9.560660171779821 53.2
      vertex 111.58685785648692 9.690030010436853 45.2
      vertex 111.43933982822018 9.560660171779821 45.2
    endloop
  endfacet
  facet normal -0.32143946530316775 -0.9469301294951036 0
    outer loop
      vertex 112.11177143234622 7.0511112605663975 53.2
      vertex 111.92597485145237 7.11418070123307 45.2
      vertex 112.11177143234622 7.0511112605663975 45.2
    endloop
  endfacet
  facet normal -0.19509032201612364 -0.9807852804032313 0
    outer loop
      vertex 112.30421071166992 7.0128327079392845 53.2
      vertex 112.11177143234622 7.0511112605663975 45.2
      vertex 112.30421071166992 7.0128327079392845 45.2
    endloop
  endfacet
  facet normal -0.0654031292301441 -0.9978589232386035 0
    outer loop
      vertex 112.5 7 53.2
      vertex 112.30421071166992 7.0128327079392845 45.2
      vertex 112.5 7 45.2
    endloop
  endfacet
  facet normal 0.0654031292301441 -0.9978589232386035 0
    outer loop
      vertex 112.69578928833008 7.0128327079392845 53.2
      vertex 112.5 7 45.2
      vertex 112.69578928833008 7.0128327079392845 45.2
    endloop
  endfacet
  facet normal 0.19509032201612364 -0.9807852804032313 0
    outer loop
      vertex 112.88822856765378 7.0511112605663975 53.2
      vertex 112.69578928833008 7.0128327079392845 45.2
      vertex 112.88822856765378 7.0511112605663975 45.2
    endloop
  endfacet
  facet normal 0.32143946530316775 -0.9469301294951036 0
    outer loop
      vertex 113.07402514854763 7.11418070123307 53.2
      vertex 112.88822856765378 7.0511112605663975 45.2
      vertex 113.07402514854763 7.11418070123307 45.2
    endloop
  endfacet
  facet normal 0.44228869021899825 -0.8968727415326897 0
    outer loop
      vertex 113.25 7.200961894323342 53.2
      vertex 113.07402514854763 7.11418070123307 45.2
      vertex 113.25 7.200961894323342 45.2
    endloop
  endfacet
  facet normal 0.5555702330195917 -0.8314696123025522 0
    outer loop
      vertex 113.41314214351308 7.309969989563147 53.2
      vertex 113.25 7.200961894323342 45.2
      vertex 113.41314214351308 7.309969989563147 45.2
    endloop
  endfacet
  facet normal 0.6593458151000949 -0.7518398074789545 0
    outer loop
      vertex 113.56066017177982 7.439339828220179 53.2
      vertex 113.41314214351308 7.309969989563147 45.2
      vertex 113.56066017177982 7.439339828220179 45.2
    endloop
  endfacet
  facet normal 0.7518398074789517 -0.659345815100098 0
    outer loop
      vertex 113.56066017177982 7.439339828220179 53.2
      vertex 113.56066017177982 7.439339828220179 45.2
      vertex 113.69003001043686 7.586857856486919 45.2
    endloop
  endfacet
  facet normal 0.831469612302555 -0.5555702330195875 0
    outer loop
      vertex 113.69003001043686 7.586857856486919 53.2
      vertex 113.69003001043686 7.586857856486919 45.2
      vertex 113.79903810567666 7.75 45.2
    endloop
  endfacet
  facet normal 0.8968727415326836 -0.442288690219011 0
    outer loop
      vertex 113.79903810567666 7.75 53.2
      vertex 113.79903810567666 7.75 45.2
      vertex 113.88581929876693 7.925974851452366 45.2
    endloop
  endfacet
  facet normal 0.9469301294951146 -0.3214394653031352 0
    outer loop
      vertex 113.88581929876693 7.925974851452366 53.2
      vertex 113.88581929876693 7.925974851452366 45.2
      vertex 113.9488887394336 8.111771432346218 45.2
    endloop
  endfacet
  facet normal 0.9807852804032247 -0.19509032201615759 0
    outer loop
      vertex 113.9488887394336 8.111771432346218 53.2
      vertex 113.9488887394336 8.111771432346218 45.2
      vertex 113.98716729206072 8.304210711669922 45.2
    endloop
  endfacet
  facet normal 0.9978589232386044 -0.06540312923012999 0
    outer loop
      vertex 113.98716729206072 8.304210711669922 53.2
      vertex 113.98716729206072 8.304210711669922 45.2
      vertex 114 8.5 45.2
    endloop
  endfacet
  facet normal 0.9978589232386044 0.06540312923012999 0
    outer loop
      vertex 114 8.5 53.2
      vertex 114 8.5 45.2
      vertex 113.98716729206072 8.695789288330078 45.2
    endloop
  endfacet
  facet normal 0.9807852804032247 0.19509032201615759 0
    outer loop
      vertex 113.98716729206072 8.695789288330078 53.2
      vertex 113.98716729206072 8.695789288330078 45.2
      vertex 113.9488887394336 8.888228567653782 45.2
    endloop
  endfacet
  facet normal 0.9469301294951151 0.32143946530313383 0
    outer loop
      vertex 113.9488887394336 8.888228567653782 53.2
      vertex 113.9488887394336 8.888228567653782 45.2
      vertex 113.88581929876693 9.074025148547635 45.2
    endloop
  endfacet
  facet normal 0.8968727415326827 0.44228869021901285 0
    outer loop
      vertex 113.88581929876693 9.074025148547635 53.2
      vertex 113.88581929876693 9.074025148547635 45.2
      vertex 113.79903810567666 9.25 45.2
    endloop
  endfacet
  facet normal 0.831469612302555 0.5555702330195875 0
    outer loop
      vertex 113.79903810567666 9.25 53.2
      vertex 113.79903810567666 9.25 45.2
      vertex 113.69003001043686 9.413142143513081 45.2
    endloop
  endfacet
  facet normal 0.7518398074789517 0.659345815100098 0
    outer loop
      vertex 113.69003001043686 9.413142143513081 53.2
      vertex 113.69003001043686 9.413142143513081 45.2
      vertex 113.56066017177982 9.560660171779821 45.2
    endloop
  endfacet
  facet normal -0.5555702330195917 0.8314696123025522 0
    outer loop
      vertex 111.58685785648692 9.690030010436853 53.2
      vertex 111.75 9.799038105676658 45.2
      vertex 111.58685785648692 9.690030010436853 45.2
    endloop
  endfacet
  facet normal -0.44228869021899464 0.8968727415326915 0
    outer loop
      vertex 111.75 9.799038105676658 53.2
      vertex 111.92597485145237 9.885819298766929 45.2
      vertex 111.75 9.799038105676658 45.2
    endloop
  endfacet
  facet normal -0.32143946530317186 0.9469301294951022 0
    outer loop
      vertex 111.92597485145237 9.885819298766929 53.2
      vertex 112.11177143234622 9.948888739433603 45.2
      vertex 111.92597485145237 9.885819298766929 45.2
    endloop
  endfacet
  facet normal -0.1950903220161193 0.9807852804032323 0
    outer loop
      vertex 112.11177143234622 9.948888739433603 53.2
      vertex 112.30421071166992 9.987167292060715 45.2
      vertex 112.11177143234622 9.948888739433603 45.2
    endloop
  endfacet
  facet normal 0.1950903220161193 0.9807852804032323 0
    outer loop
      vertex 112.69578928833008 9.987167292060715 53.2
      vertex 112.88822856765378 9.948888739433603 45.2
      vertex 112.69578928833008 9.987167292060715 45.2
    endloop
  endfacet
  facet normal -0.0654031292301486 0.997858923238603 0
    outer loop
      vertex 112.30421071166992 9.987167292060715 53.2
      vertex 112.5 10 45.2
      vertex 112.30421071166992 9.987167292060715 45.2
    endloop
  endfacet
  facet normal 0.0654031292301486 0.997858923238603 0
    outer loop
      vertex 112.5 10 53.2
      vertex 112.69578928833008 9.987167292060715 45.2
      vertex 112.5 10 45.2
    endloop
  endfacet
  facet normal 0.32143946530317186 0.9469301294951022 0
    outer loop
      vertex 112.88822856765378 9.948888739433603 53.2
      vertex 113.07402514854763 9.885819298766929 45.2
      vertex 112.88822856765378 9.948888739433603 45.2
    endloop
  endfacet
  facet normal 0.44228869021899464 0.8968727415326915 0
    outer loop
      vertex 113.07402514854763 9.885819298766929 53.2
      vertex 113.25 9.799038105676658 45.2
      vertex 113.07402514854763 9.885819298766929 45.2
    endloop
  endfacet
  facet normal 0.5555702330195917 0.8314696123025522 0
    outer loop
      vertex 113.25 9.799038105676658 53.2
      vertex 113.41314214351308 9.690030010436853 45.2
      vertex 113.25 9.799038105676658 45.2
    endloop
  endfacet
  facet normal 0.6593458151000949 0.7518398074789545 0
    outer loop
      vertex 113.41314214351308 9.690030010436853 53.2
      vertex 113.56066017177982 9.560660171779821 45.2
      vertex 113.41314214351308 9.690030010436853 45.2
    endloop
  endfacet
  facet normal -0.6593458151000949 -0.7518398074789545 0
    outer loop
      vertex 111.43933982822018 7.439339828220179 53.2
      vertex 111.43933982822018 7.439339828220179 45.2
      vertex 111.58685785648692 7.309969989563147 53.2
    endloop
  endfacet
  facet normal -0.5555702330195917 -0.8314696123025522 0
    outer loop
      vertex 111.58685785648692 7.309969989563147 53.2
      vertex 111.58685785648692 7.309969989563147 45.2
      vertex 111.75 7.200961894323342 53.2
    endloop
  endfacet
  facet normal -0.44228869021899825 -0.8968727415326897 0
    outer loop
      vertex 111.75 7.200961894323342 53.2
      vertex 111.75 7.200961894323342 45.2
      vertex 111.92597485145237 7.11418070123307 53.2
    endloop
  endfacet
  facet normal -0.9469301294951146 -0.3214394653031352 0
    outer loop
      vertex 111.0511112605664 8.111771432346218 53.2
      vertex 111.11418070123307 7.925974851452366 45.2
      vertex 111.11418070123307 7.925974851452366 53.2
    endloop
  endfacet
  facet normal -0.9807852804032247 -0.19509032201615759 0
    outer loop
      vertex 111.01283270793928 8.304210711669922 53.2
      vertex 111.0511112605664 8.111771432346218 45.2
      vertex 111.0511112605664 8.111771432346218 53.2
    endloop
  endfacet
  facet normal -0.831469612302555 -0.5555702330195875 0
    outer loop
      vertex 111.20096189432334 7.75 53.2
      vertex 111.30996998956314 7.586857856486919 45.2
      vertex 111.30996998956314 7.586857856486919 53.2
    endloop
  endfacet
  facet normal -0.7518398074789517 -0.659345815100098 0
    outer loop
      vertex 111.30996998956314 7.586857856486919 53.2
      vertex 111.43933982822018 7.439339828220179 45.2
      vertex 111.43933982822018 7.439339828220179 53.2
    endloop
  endfacet
  facet normal -0.8968727415326836 -0.442288690219011 0
    outer loop
      vertex 111.11418070123307 7.925974851452366 53.2
      vertex 111.20096189432334 7.75 45.2
      vertex 111.20096189432334 7.75 53.2
    endloop
  endfacet
  facet normal -0.9978589232386044 -0.06540312923012999 0
    outer loop
      vertex 111 8.5 53.2
      vertex 111.01283270793928 8.304210711669922 45.2
      vertex 111.01283270793928 8.304210711669922 53.2
    endloop
  endfacet
  facet normal -0.9978589232386044 0.06540312923012999 0
    outer loop
      vertex 111.01283270793928 8.695789288330078 53.2
      vertex 111 8.5 45.2
      vertex 111 8.5 53.2
    endloop
  endfacet
  facet normal -0.9807852804032247 0.19509032201615759 0
    outer loop
      vertex 111.0511112605664 8.888228567653782 53.2
      vertex 111.01283270793928 8.695789288330078 45.2
      vertex 111.01283270793928 8.695789288330078 53.2
    endloop
  endfacet
  facet normal -0.9469301294951151 0.32143946530313383 0
    outer loop
      vertex 111.11418070123307 9.074025148547635 53.2
      vertex 111.0511112605664 8.888228567653782 45.2
      vertex 111.0511112605664 8.888228567653782 53.2
    endloop
  endfacet
  facet normal -0.8968727415326827 0.44228869021901285 0
    outer loop
      vertex 111.11418070123307 9.074025148547635 53.2
      vertex 111.20096189432334 9.25 53.2
      vertex 111.11418070123307 9.074025148547635 45.2
    endloop
  endfacet
  facet normal -0.831469612302555 0.5555702330195875 0
    outer loop
      vertex 111.30996998956314 9.413142143513081 53.2
      vertex 111.20096189432334 9.25 45.2
      vertex 111.20096189432334 9.25 53.2
    endloop
  endfacet
  facet normal -0.7518398074789517 0.659345815100098 0
    outer loop
      vertex 111.30996998956314 9.413142143513081 53.2
      vertex 111.43933982822018 9.560660171779821 53.2
      vertex 111.30996998956314 9.413142143513081 45.2
    endloop
  endfacet
  facet normal -0.32143946530316775 -0.9469301294951036 0
    outer loop
      vertex 111.92597485145237 7.11418070123307 53.2
      vertex 111.92597485145237 7.11418070123307 45.2
      vertex 112.11177143234622 7.0511112605663975 53.2
    endloop
  endfacet
  facet normal -0.19509032201612364 -0.9807852804032313 0
    outer loop
      vertex 112.11177143234622 7.0511112605663975 53.2
      vertex 112.11177143234622 7.0511112605663975 45.2
      vertex 112.30421071166992 7.0128327079392845 53.2
    endloop
  endfacet
  facet normal -0.0654031292301441 -0.9978589232386035 0
    outer loop
      vertex 112.30421071166992 7.0128327079392845 53.2
      vertex 112.30421071166992 7.0128327079392845 45.2
      vertex 112.5 7 53.2
    endloop
  endfacet
  facet normal 0.0654031292301441 -0.9978589232386035 0
    outer loop
      vertex 112.5 7 53.2
      vertex 112.5 7 45.2
      vertex 112.69578928833008 7.0128327079392845 53.2
    endloop
  endfacet
  facet normal 0.19509032201612364 -0.9807852804032313 0
    outer loop
      vertex 112.69578928833008 7.0128327079392845 53.2
      vertex 112.69578928833008 7.0128327079392845 45.2
      vertex 112.88822856765378 7.0511112605663975 53.2
    endloop
  endfacet
  facet normal 0.32143946530316775 -0.9469301294951036 0
    outer loop
      vertex 112.88822856765378 7.0511112605663975 53.2
      vertex 112.88822856765378 7.0511112605663975 45.2
      vertex 113.07402514854763 7.11418070123307 53.2
    endloop
  endfacet
  facet normal 0.44228869021899825 -0.8968727415326897 0
    outer loop
      vertex 113.07402514854763 7.11418070123307 53.2
      vertex 113.07402514854763 7.11418070123307 45.2
      vertex 113.25 7.200961894323342 53.2
    endloop
  endfacet
  facet normal 0.5555702330195917 -0.8314696123025522 0
    outer loop
      vertex 113.25 7.200961894323342 53.2
      vertex 113.25 7.200961894323342 45.2
      vertex 113.41314214351308 7.309969989563147 53.2
    endloop
  endfacet
  facet normal 0.6593458151000949 -0.7518398074789545 0
    outer loop
      vertex 113.56066017177982 7.439339828220179 53.2
      vertex 113.41314214351308 7.309969989563147 53.2
      vertex 113.41314214351308 7.309969989563147 45.2
    endloop
  endfacet
  facet normal 0.7518398074789517 -0.659345815100098 0
    outer loop
      vertex 113.56066017177982 7.439339828220179 53.2
      vertex 113.69003001043686 7.586857856486919 45.2
      vertex 113.69003001043686 7.586857856486919 53.2
    endloop
  endfacet
  facet normal 0.831469612302555 -0.5555702330195875 0
    outer loop
      vertex 113.69003001043686 7.586857856486919 53.2
      vertex 113.79903810567666 7.75 45.2
      vertex 113.79903810567666 7.75 53.2
    endloop
  endfacet
  facet normal 0.8968727415326836 -0.442288690219011 0
    outer loop
      vertex 113.88581929876693 7.925974851452366 53.2
      vertex 113.79903810567666 7.75 53.2
      vertex 113.88581929876693 7.925974851452366 45.2
    endloop
  endfacet
  facet normal 0.9469301294951146 -0.3214394653031352 0
    outer loop
      vertex 113.9488887394336 8.111771432346218 53.2
      vertex 113.88581929876693 7.925974851452366 53.2
      vertex 113.9488887394336 8.111771432346218 45.2
    endloop
  endfacet
  facet normal 0.6593458151000949 0.7518398074789545 0
    outer loop
      vertex 113.41314214351308 9.690030010436853 53.2
      vertex 113.56066017177982 9.560660171779821 53.2
      vertex 113.56066017177982 9.560660171779821 45.2
    endloop
  endfacet
  facet normal 0.9807852804032247 -0.19509032201615759 0
    outer loop
      vertex 113.98716729206072 8.304210711669922 53.2
      vertex 113.9488887394336 8.111771432346218 53.2
      vertex 113.98716729206072 8.304210711669922 45.2
    endloop
  endfacet
  facet normal 0.9978589232386044 -0.06540312923012999 0
    outer loop
      vertex 114 8.5 53.2
      vertex 113.98716729206072 8.304210711669922 53.2
      vertex 114 8.5 45.2
    endloop
  endfacet
  facet normal 0.9978589232386044 0.06540312923012999 0
    outer loop
      vertex 113.98716729206072 8.695789288330078 53.2
      vertex 114 8.5 53.2
      vertex 113.98716729206072 8.695789288330078 45.2
    endloop
  endfacet
  facet normal 0.9807852804032247 0.19509032201615759 0
    outer loop
      vertex 113.9488887394336 8.888228567653782 53.2
      vertex 113.98716729206072 8.695789288330078 53.2
      vertex 113.9488887394336 8.888228567653782 45.2
    endloop
  endfacet
  facet normal 0.9469301294951151 0.32143946530313383 0
    outer loop
      vertex 113.88581929876693 9.074025148547635 53.2
      vertex 113.9488887394336 8.888228567653782 53.2
      vertex 113.88581929876693 9.074025148547635 45.2
    endloop
  endfacet
  facet normal 0.8968727415326827 0.44228869021901285 0
    outer loop
      vertex 113.79903810567666 9.25 53.2
      vertex 113.88581929876693 9.074025148547635 53.2
      vertex 113.79903810567666 9.25 45.2
    endloop
  endfacet
  facet normal 0.831469612302555 0.5555702330195875 0
    outer loop
      vertex 113.69003001043686 9.413142143513081 53.2
      vertex 113.79903810567666 9.25 53.2
      vertex 113.69003001043686 9.413142143513081 45.2
    endloop
  endfacet
  facet normal 0.7518398074789517 0.659345815100098 0
    outer loop
      vertex 113.56066017177982 9.560660171779821 53.2
      vertex 113.69003001043686 9.413142143513081 53.2
      vertex 113.56066017177982 9.560660171779821 45.2
    endloop
  endfacet
  facet normal -0.6593458151000949 0.7518398074789545 0
    outer loop
      vertex 111.58685785648692 9.690030010436853 53.2
      vertex 111.58685785648692 9.690030010436853 45.2
      vertex 111.43933982822018 9.560660171779821 53.2
    endloop
  endfacet
  facet normal -0.5555702330195917 0.8314696123025522 0
    outer loop
      vertex 111.58685785648692 9.690030010436853 53.2
      vertex 111.75 9.799038105676658 53.2
      vertex 111.75 9.799038105676658 45.2
    endloop
  endfacet
  facet normal -0.44228869021899464 0.8968727415326915 0
    outer loop
      vertex 111.92597485145237 9.885819298766929 53.2
      vertex 111.92597485145237 9.885819298766929 45.2
      vertex 111.75 9.799038105676658 53.2
    endloop
  endfacet
  facet normal -0.32143946530317186 0.9469301294951022 0
    outer loop
      vertex 111.92597485145237 9.885819298766929 53.2
      vertex 112.11177143234622 9.948888739433603 53.2
      vertex 112.11177143234622 9.948888739433603 45.2
    endloop
  endfacet
  facet normal -0.1950903220161193 0.9807852804032323 0
    outer loop
      vertex 112.11177143234622 9.948888739433603 53.2
      vertex 112.30421071166992 9.987167292060715 53.2
      vertex 112.30421071166992 9.987167292060715 45.2
    endloop
  endfacet
  facet normal -0.0654031292301486 0.997858923238603 0
    outer loop
      vertex 112.30421071166992 9.987167292060715 53.2
      vertex 112.5 10 53.2
      vertex 112.5 10 45.2
    endloop
  endfacet
  facet normal 0.0654031292301486 0.997858923238603 0
    outer loop
      vertex 112.5 10 53.2
      vertex 112.69578928833008 9.987167292060715 53.2
      vertex 112.69578928833008 9.987167292060715 45.2
    endloop
  endfacet
  facet normal 0.1950903220161193 0.9807852804032323 0
    outer loop
      vertex 112.69578928833008 9.987167292060715 53.2
      vertex 112.88822856765378 9.948888739433603 53.2
      vertex 112.88822856765378 9.948888739433603 45.2
    endloop
  endfacet
  facet normal 0.32143946530317186 0.9469301294951022 0
    outer loop
      vertex 112.88822856765378 9.948888739433603 53.2
      vertex 113.07402514854763 9.885819298766929 53.2
      vertex 113.07402514854763 9.885819298766929 45.2
    endloop
  endfacet
  facet normal 0.5555702330195917 0.8314696123025522 0
    outer loop
      vertex 113.25 9.799038105676658 53.2
      vertex 113.41314214351308 9.690030010436853 53.2
      vertex 113.41314214351308 9.690030010436853 45.2
    endloop
  endfacet
  facet normal 0.44228869021899464 0.8968727415326915 0
    outer loop
      vertex 113.07402514854763 9.885819298766929 53.2
      vertex 113.25 9.799038105676658 53.2
      vertex 113.25 9.799038105676658 45.2
    endloop
  endfacet
  facet normal 0 0 1
    outer loop
      vertex 111.30996998956314 9.413142143513081 53.2
      vertex 111.30996998956314 7.586857856486919 53.2
      vertex 111.43933982822018 7.439339828220179 53.2
    endloop
  endfacet
  facet normal 0 0 1
    outer loop
      vertex 111.43933982822018 9.560660171779821 53.2
      vertex 111.43933982822018 7.439339828220179 53.2
      vertex 111.58685785648692 7.309969989563147 53.2
    endloop
  endfacet
  facet normal 0 0 1
    outer loop
      vertex 111.58685785648692 9.690030010436853 53.2
      vertex 111.58685785648692 7.309969989563147 53.2
      vertex 111.75 7.200961894323342 53.2
    endloop
  endfacet
  facet normal 0 0 1
    outer loop
      vertex 111.75 9.799038105676658 53.2
      vertex 111.75 7.200961894323342 53.2
      vertex 111.92597485145237 7.11418070123307 53.2
    endloop
  endfacet
  facet normal 0 0 1
    outer loop
      vertex 111.0511112605664 8.888228567653782 53.2
      vertex 111.0511112605664 8.111771432346218 53.2
      vertex 111.11418070123307 7.925974851452366 53.2
    endloop
  endfacet
  facet normal 0 0 1
    outer loop
      vertex 111.01283270793928 8.695789288330078 53.2
      vertex 111.01283270793928 8.304210711669922 53.2
      vertex 111.0511112605664 8.111771432346218 53.2
    endloop
  endfacet
  facet normal 0 0 1
    outer loop
      vertex 111.01283270793928 8.695789288330078 53.2
      vertex 111 8.5 53.2
      vertex 111.01283270793928 8.304210711669922 53.2
    endloop
  endfacet
  facet normal 0 0 1
    outer loop
      vertex 111.0511112605664 8.888228567653782 53.2
      vertex 111.01283270793928 8.695789288330078 53.2
      vertex 111.0511112605664 8.111771432346218 53.2
    endloop
  endfacet
  facet normal 0 0 1
    outer loop
      vertex 111.11418070123307 9.074025148547635 53.2
      vertex 111.0511112605664 8.888228567653782 53.2
      vertex 111.11418070123307 7.925974851452366 53.2
    endloop
  endfacet
  facet normal 0 0 1
    outer loop
      vertex 111.11418070123307 9.074025148547635 53.2
      vertex 111.11418070123307 7.925974851452366 53.2
      vertex 111.20096189432334 7.75 53.2
    endloop
  endfacet
  facet normal 0 0 1
    outer loop
      vertex 111.20096189432334 9.25 53.2
      vertex 111.20096189432334 7.75 53.2
      vertex 111.30996998956314 7.586857856486919 53.2
    endloop
  endfacet
  facet normal 0 0 1
    outer loop
      vertex 111.11418070123307 9.074025148547635 53.2
      vertex 111.20096189432334 7.75 53.2
      vertex 111.20096189432334 9.25 53.2
    endloop
  endfacet
  facet normal 0 0 1
    outer loop
      vertex 111.30996998956314 9.413142143513081 53.2
      vertex 111.20096189432334 9.25 53.2
      vertex 111.30996998956314 7.586857856486919 53.2
    endloop
  endfacet
  facet normal 0 0 1
    outer loop
      vertex 111.30996998956314 9.413142143513081 53.2
      vertex 111.43933982822018 7.439339828220179 53.2
      vertex 111.43933982822018 9.560660171779821 53.2
    endloop
  endfacet
  facet normal 0 0 1
    outer loop
      vertex 111.58685785648692 9.690030010436853 53.2
      vertex 111.43933982822018 9.560660171779821 53.2
      vertex 111.58685785648692 7.309969989563147 53.2
    endloop
  endfacet
  facet normal 0 0 1
    outer loop
      vertex 111.58685785648692 9.690030010436853 53.2
      vertex 111.75 7.200961894323342 53.2
      vertex 111.75 9.799038105676658 53.2
    endloop
  endfacet
  facet normal 0 0 1
    outer loop
      vertex 111.92597485145237 9.885819298766929 53.2
      vertex 111.75 9.799038105676658 53.2
      vertex 111.92597485145237 7.11418070123307 53.2
    endloop
  endfacet
  facet normal 0 0 1
    outer loop
      vertex 112.11177143234622 9.948888739433603 53.2
      vertex 112.11177143234622 7.0511112605663975 53.2
      vertex 112.30421071166992 7.0128327079392845 53.2
    endloop
  endfacet
  facet normal 0 0 1
    outer loop
      vertex 111.92597485145237 9.885819298766929 53.2
      vertex 111.92597485145237 7.11418070123307 53.2
      vertex 112.11177143234622 7.0511112605663975 53.2
    endloop
  endfacet
  facet normal 0 0 1
    outer loop
      vertex 112.30421071166992 9.987167292060715 53.2
      vertex 112.30421071166992 7.0128327079392845 53.2
      vertex 112.5 7 53.2
    endloop
  endfacet
  facet normal 0 0 1
    outer loop
      vertex 112.5 10 53.2
      vertex 112.5 7 53.2
      vertex 112.69578928833008 7.0128327079392845 53.2
    endloop
  endfacet
  facet normal 0 0 1
    outer loop
      vertex 112.69578928833008 9.987167292060715 53.2
      vertex 112.69578928833008 7.0128327079392845 53.2
      vertex 112.88822856765378 7.0511112605663975 53.2
    endloop
  endfacet
  facet normal 0 0 1
    outer loop
      vertex 112.88822856765378 9.948888739433603 53.2
      vertex 112.88822856765378 7.0511112605663975 53.2
      vertex 113.07402514854763 7.11418070123307 53.2
    endloop
  endfacet
  facet normal 0 0 1
    outer loop
      vertex 113.07402514854763 9.885819298766929 53.2
      vertex 113.07402514854763 7.11418070123307 53.2
      vertex 113.25 7.200961894323342 53.2
    endloop
  endfacet
  facet normal 0 0 1
    outer loop
      vertex 113.25 9.799038105676658 53.2
      vertex 113.25 7.200961894323342 53.2
      vertex 113.41314214351308 7.309969989563147 53.2
    endloop
  endfacet
  facet normal 0 0 1
    outer loop
      vertex 113.41314214351308 9.690030010436853 53.2
      vertex 113.41314214351308 7.309969989563147 53.2
      vertex 113.56066017177982 7.439339828220179 53.2
    endloop
  endfacet
  facet normal 0 0 1
    outer loop
      vertex 113.41314214351308 9.690030010436853 53.2
      vertex 113.56066017177982 7.439339828220179 53.2
      vertex 113.56066017177982 9.560660171779821 53.2
    endloop
  endfacet
  facet normal 0 0 1
    outer loop
      vertex 111.92597485145237 9.885819298766929 53.2
      vertex 112.11177143234622 7.0511112605663975 53.2
      vertex 112.11177143234622 9.948888739433603 53.2
    endloop
  endfacet
  facet normal 0 0 1
    outer loop
      vertex 112.11177143234622 9.948888739433603 53.2
      vertex 112.30421071166992 7.0128327079392845 53.2
      vertex 112.30421071166992 9.987167292060715 53.2
    endloop
  endfacet
  facet normal 0 0 1
    outer loop
      vertex 112.30421071166992 9.987167292060715 53.2
      vertex 112.5 7 53.2
      vertex 112.5 10 53.2
    endloop
  endfacet
  facet normal 0 0 1
    outer loop
      vertex 112.5 10 53.2
      vertex 112.69578928833008 7.0128327079392845 53.2
      vertex 112.69578928833008 9.987167292060715 53.2
    endloop
  endfacet
  facet normal 0 0 1
    outer loop
      vertex 112.69578928833008 9.987167292060715 53.2
      vertex 112.88822856765378 7.0511112605663975 53.2
      vertex 112.88822856765378 9.948888739433603 53.2
    endloop
  endfacet
  facet normal 0 0 1
    outer loop
      vertex 112.88822856765378 9.948888739433603 53.2
      vertex 113.07402514854763 7.11418070123307 53.2
      vertex 113.07402514854763 9.885819298766929 53.2
    endloop
  endfacet
  facet normal 0 0 1
    outer loop
      vertex 113.07402514854763 9.885819298766929 53.2
      vertex 113.25 7.200961894323342 53.2
      vertex 113.25 9.799038105676658 53.2
    endloop
  endfacet
  facet normal 0 0 1
    outer loop
      vertex 113.25 9.799038105676658 53.2
      vertex 113.41314214351308 7.309969989563147 53.2
      vertex 113.41314214351308 9.690030010436853 53.2
    endloop
  endfacet
  facet normal 0 0 1
    outer loop
      vertex 113.56066017177982 9.560660171779821 53.2
      vertex 113.56066017177982 7.439339828220179 53.2
      vertex 113.69003001043686 7.586857856486919 53.2
    endloop
  endfacet
  facet normal 0 0 1
    outer loop
      vertex 113.69003001043686 9.413142143513081 53.2
      vertex 113.69003001043686 7.586857856486919 53.2
      vertex 113.79903810567666 7.75 53.2
    endloop
  endfacet
  facet normal 0 0 1
    outer loop
      vertex 113.79903810567666 9.25 53.2
      vertex 113.79903810567666 7.75 53.2
      vertex 113.88581929876693 7.925974851452366 53.2
    endloop
  endfacet
  facet normal 0 0 1
    outer loop
      vertex 113.88581929876693 9.074025148547635 53.2
      vertex 113.88581929876693 7.925974851452366 53.2
      vertex 113.9488887394336 8.111771432346218 53.2
    endloop
  endfacet
  facet normal 0 0 1
    outer loop
      vertex 113.9488887394336 8.888228567653782 53.2
      vertex 113.9488887394336 8.111771432346218 53.2
      vertex 113.98716729206072 8.304210711669922 53.2
    endloop
  endfacet
  facet normal 0 0 1
    outer loop
      vertex 113.98716729206072 8.695789288330078 53.2
      vertex 113.98716729206072 8.304210711669922 53.2
      vertex 114 8.5 53.2
    endloop
  endfacet
  facet normal 0 0 1
    outer loop
      vertex 113.9488887394336 8.888228567653782 53.2
      vertex 113.98716729206072 8.304210711669922 53.2
      vertex 113.98716729206072 8.695789288330078 53.2
    endloop
  endfacet
  facet normal 0 0 1
    outer loop
      vertex 113.88581929876693 9.074025148547635 53.2
      vertex 113.9488887394336 8.111771432346218 53.2
      vertex 113.9488887394336 8.888228567653782 53.2
    endloop
  endfacet
  facet normal 0 0 1
    outer loop
      vertex 113.69003001043686 9.413142143513081 53.2
      vertex 113.79903810567666 7.75 53.2
      vertex 113.79903810567666 9.25 53.2
    endloop
  endfacet
  facet normal 0 0 1
    outer loop
      vertex 113.56066017177982 9.560660171779821 53.2
      vertex 113.69003001043686 7.586857856486919 53.2
      vertex 113.69003001043686 9.413142143513081 53.2
    endloop
  endfacet
  facet normal 0 0 1
    outer loop
      vertex 113.79903810567666 9.25 53.2
      vertex 113.88581929876693 7.925974851452366 53.2
      vertex 113.88581929876693 9.074025148547635 53.2
    endloop
  endfacet
  facet normal 0 0 -1
    outer loop
      vertex 39.261052384440106 43.01711027725238 47.4
      vertex 39 43 47.4
      vertex 38.738947615559894 43.01711027725238 47.4
    endloop
  endfacet
  facet normal 0 0 -1
    outer loop
      vertex 39.261052384440106 44.03483229026056 47.4
      vertex 39.261052384440106 43.01711027725238 47.4
      vertex 38.738947615559894 43.01711027725238 47.4
    endloop
  endfacet
  facet normal 0 0 -1
    outer loop
      vertex 38.23463313526982 43.15224093497743 47.4
      vertex 38.48236190979496 45.59692014984383 47.4
      vertex 38.48236190979496 43.06814834742186 47.4
    endloop
  endfacet
  facet normal 0 0 -1
    outer loop
      vertex 39.261052384440106 44.06814834742186 47.4
      vertex 39.261052384440106 44.03483229026056 47.4
      vertex 38.738947615559894 43.01711027725238 47.4
    endloop
  endfacet
  facet normal 0 0 -1
    outer loop
      vertex 39.261052384440106 43.01711027725238 47.4
      vertex 39.261052384440106 44.03483229026056 47.4
      vertex 39.32927530155692 44.05799085002795 47.4
    endloop
  endfacet
  facet normal 0 0 -1
    outer loop
      vertex 38.48236190979496 43.06814834742186 47.4
      vertex 38.48236190979496 45.59692014984383 47.4
      vertex 38.738947615559894 43.01711027725238 47.4
    endloop
  endfacet
  facet normal 0 0 -1
    outer loop
      vertex 39.261052384440106 44.06814834742186 47.4
      vertex 39.32927530155692 44.05799085002795 47.4
      vertex 39.261052384440106 44.03483229026056 47.4
    endloop
  endfacet
  facet normal 0 0 -1
    outer loop
      vertex 39.261052384440106 43.01711027725238 47.4
      vertex 39.32927530155692 44.05799085002795 47.4
      vertex 39.51763809020504 43.06814834742186 47.4
    endloop
  endfacet
  facet normal 0 0 -1
    outer loop
      vertex 39.51763809020504 43.06814834742186 47.4
      vertex 39.59150340112821 44.19511521414639 47.4
      vertex 39.76536686473018 43.15224093497743 47.4
    endloop
  endfacet
  facet normal 0 0 -1
    outer loop
      vertex 39.51763809020504 43.06814834742186 47.4
      vertex 39.32927530155692 44.05799085002795 47.4
      vertex 39.51763809020504 44.14575999130427 47.4
    endloop
  endfacet
  facet normal 0 0 -1
    outer loop
      vertex 39.76536686473018 43.15224093497743 47.4
      vertex 39.60876142900872 44.45842183755693 47.4
      vertex 40 43.267949192431125 47.4
    endloop
  endfacet
  facet normal 0 0 -1
    outer loop
      vertex 39.51763809020504 43.06814834742186 47.4
      vertex 39.51763809020504 44.14575999130427 47.4
      vertex 39.59150340112821 44.19511521414639 47.4
    endloop
  endfacet
  facet normal 0 0 -1
    outer loop
      vertex 39.76536686473018 43.15224093497743 47.4
      vertex 39.59150340112821 44.19511521414639 47.4
      vertex 39.60876142900872 44.45842183755693 47.4
    endloop
  endfacet
  facet normal 0 0 -1
    outer loop
      vertex 37.267949192431125 46 47.4
      vertex 37.267949192431125 44 47.4
      vertex 37.15224093497743 44.23463313526982 47.4
    endloop
  endfacet
  facet normal 0 0 -1
    outer loop
      vertex 37.15224093497743 45.76536686473018 47.4
      vertex 37.15224093497743 44.23463313526982 47.4
      vertex 37.06814834742186 44.48236190979496 47.4
    endloop
  endfacet
  facet normal 0 0 -1
    outer loop
      vertex 37.58578643762691 46.41421356237309 47.4
      vertex 37.58578643762691 43.58578643762691 47.4
      vertex 37.41329331941753 43.78247714198256 47.4
    endloop
  endfacet
  facet normal 0 0 -1
    outer loop
      vertex 37.41329331941753 46.21752285801744 47.4
      vertex 37.41329331941753 43.78247714198256 47.4
      vertex 37.267949192431125 44 47.4
    endloop
  endfacet
  facet normal 0 0 -1
    outer loop
      vertex 37.06814834742186 45.51763809020504 47.4
      vertex 37.06814834742186 44.48236190979496 47.4
      vertex 37.01711027725238 44.738947615559894 47.4
    endloop
  endfacet
  facet normal 0 0 -1
    outer loop
      vertex 37.01711027725238 45.261052384440106 47.4
      vertex 37.01711027725238 44.738947615559894 47.4
      vertex 37 45 47.4
    endloop
  endfacet
  facet normal 0 0 -1
    outer loop
      vertex 37.06814834742186 45.51763809020504 47.4
      vertex 37.01711027725238 44.738947615559894 47.4
      vertex 37.01711027725238 45.261052384440106 47.4
    endloop
  endfacet
  facet normal 0 0 -1
    outer loop
      vertex 37.15224093497743 45.76536686473018 47.4
      vertex 37.06814834742186 44.48236190979496 47.4
      vertex 37.06814834742186 45.51763809020504 47.4
    endloop
  endfacet
  facet normal 0 0 -1
    outer loop
      vertex 37.15224093497743 45.76536686473018 47.4
      vertex 37.267949192431125 46 47.4
      vertex 37.15224093497743 44.23463313526982 47.4
    endloop
  endfacet
  facet normal 0 0 -1
    outer loop
      vertex 37.41329331941753 46.21752285801744 47.4
      vertex 37.267949192431125 44 47.4
      vertex 37.267949192431125 46 47.4
    endloop
  endfacet
  facet normal 0 0 -1
    outer loop
      vertex 37.41329331941753 46.21752285801744 47.4
      vertex 37.58578643762691 46.41421356237309 47.4
      vertex 37.41329331941753 43.78247714198256 47.4
    endloop
  endfacet
  facet normal 0 0 -1
    outer loop
      vertex 37.78247714198256 46.58670668058247 47.4
      vertex 37.58578643762691 43.58578643762691 47.4
      vertex 37.58578643762691 46.41421356237309 47.4
    endloop
  endfacet
  facet normal 0 0 -1
    outer loop
      vertex 38.23463313526982 43.15224093497743 47.4
      vertex 38 43.267949192431125 47.4
      vertex 38 46.732050807568875 47.4
    endloop
  endfacet
  facet normal 0 0 -1
    outer loop
      vertex 38 46.732050807568875 47.4
      vertex 38 43.267949192431125 47.4
      vertex 37.78247714198256 43.41329331941753 47.4
    endloop
  endfacet
  facet normal 0 0 -1
    outer loop
      vertex 37.78247714198256 46.58670668058247 47.4
      vertex 37.78247714198256 43.41329331941753 47.4
      vertex 37.58578643762691 43.58578643762691 47.4
    endloop
  endfacet
  facet normal 0 0 -1
    outer loop
      vertex 38.48236190979496 45.59692014984383 47.4
      vertex 38.23463313526982 43.15224093497743 47.4
      vertex 38.39123857099128 45.54157816244307 47.4
    endloop
  endfacet
  facet normal 0 0 -1
    outer loop
      vertex 39.261052384440106 44.06814834742186 47.4
      vertex 39.38268343236509 44.8728414623418 47.4
      vertex 39.32927530155692 44.05799085002795 47.4
    endloop
  endfacet
  facet normal 0 0 -1
    outer loop
      vertex 38.61731656763491 45.1271585376582 47.4
      vertex 38.738947615559894 43.01711027725238 47.4
      vertex 38.48236190979496 45.59692014984383 47.4
    endloop
  endfacet
  facet normal 0 0 -1
    outer loop
      vertex 38.738947615559894 45.93185165257814 47.4
      vertex 38.738947615559894 43.01711027725238 47.4
      vertex 38.61731656763491 45.1271585376582 47.4
    endloop
  endfacet
  facet normal 0 0 -1
    outer loop
      vertex 39.261052384440106 46.98288972274762 47.4
      vertex 39.261052384440106 44.06814834742186 47.4
      vertex 38.738947615559894 43.01711027725238 47.4
    endloop
  endfacet
  facet normal 0 0 -1
    outer loop
      vertex 38.23463313526982 46.84775906502257 47.4
      vertex 38.39123857099128 45.54157816244307 47.4
      vertex 38.23463313526982 43.15224093497743 47.4
    endloop
  endfacet
  facet normal 0 0 -1
    outer loop
      vertex 39 47 47.4
      vertex 38.738947615559894 43.01711027725238 47.4
      vertex 38.738947615559894 45.93185165257814 47.4
    endloop
  endfacet
  facet normal 0 0 -1
    outer loop
      vertex 38.61731656763491 45.1271585376582 47.4
      vertex 38.48236190979496 45.59692014984383 47.4
      vertex 38.67072469844308 45.94200914997205 47.4
    endloop
  endfacet
  facet normal 0 0 -1
    outer loop
      vertex 39.261052384440106 46.98288972274762 47.4
      vertex 39.38268343236509 44.8728414623418 47.4
      vertex 39.261052384440106 44.06814834742186 47.4
    endloop
  endfacet
  facet normal 0 0 -1
    outer loop
      vertex 37.78247714198256 46.58670668058247 47.4
      vertex 38 46.732050807568875 47.4
      vertex 37.78247714198256 43.41329331941753 47.4
    endloop
  endfacet
  facet normal 0 0 -1
    outer loop
      vertex 38.23463313526982 46.84775906502257 47.4
      vertex 38.23463313526982 43.15224093497743 47.4
      vertex 38 46.732050807568875 47.4
    endloop
  endfacet
  facet normal 0 0 -1
    outer loop
      vertex 38.48236190979496 45.59692014984383 47.4
      vertex 38.39123857099128 45.54157816244307 47.4
      vertex 38.40849659887179 45.80488478585361 47.4
    endloop
  endfacet
  facet normal 0 0 -1
    outer loop
      vertex 38.23463313526982 46.84775906502257 47.4
      vertex 38.40849659887179 45.80488478585361 47.4
      vertex 38.39123857099128 45.54157816244307 47.4
    endloop
  endfacet
  facet normal 0 0 -1
    outer loop
      vertex 38.48236190979496 46.93185165257814 47.4
      vertex 38.48236190979496 45.59692014984383 47.4
      vertex 38.40849659887179 45.80488478585361 47.4
    endloop
  endfacet
  facet normal 0 0 -1
    outer loop
      vertex 38.738947615559894 45.93185165257814 47.4
      vertex 38.61731656763491 45.1271585376582 47.4
      vertex 38.67072469844308 45.94200914997205 47.4
    endloop
  endfacet
  facet normal 0 0 -1
    outer loop
      vertex 39 47 47.4
      vertex 39.261052384440106 46.98288972274762 47.4
      vertex 38.738947615559894 43.01711027725238 47.4
    endloop
  endfacet
  facet normal 0 0 -1
    outer loop
      vertex 38.48236190979496 46.93185165257814 47.4
      vertex 38.67072469844308 45.94200914997205 47.4
      vertex 38.48236190979496 45.59692014984383 47.4
    endloop
  endfacet
  facet normal 0 0 -1
    outer loop
      vertex 38.23463313526982 46.84775906502257 47.4
      vertex 38.48236190979496 46.93185165257814 47.4
      vertex 38.40849659887179 45.80488478585361 47.4
    endloop
  endfacet
  facet normal 0 0 -1
    outer loop
      vertex 38.738947615559894 46.98288972274762 47.4
      vertex 38.738947615559894 45.93185165257814 47.4
      vertex 38.67072469844308 45.94200914997205 47.4
    endloop
  endfacet
  facet normal 0 0 -1
    outer loop
      vertex 38.48236190979496 46.93185165257814 47.4
      vertex 38.738947615559894 46.98288972274762 47.4
      vertex 38.67072469844308 45.94200914997205 47.4
    endloop
  endfacet
  facet normal 0 0 -1
    outer loop
      vertex 38.738947615559894 46.98288972274762 47.4
      vertex 39 47 47.4
      vertex 38.738947615559894 45.93185165257814 47.4
    endloop
  endfacet
  facet normal 0 0 -1
    outer loop
      vertex 39.51763809020504 44.40307985015617 47.4
      vertex 39.51763809020504 44.14575999130427 47.4
      vertex 39.32927530155692 44.05799085002795 47.4
    endloop
  endfacet
  facet normal 0 0 -1
    outer loop
      vertex 39.51763809020504 44.40307985015617 47.4
      vertex 39.59150340112821 44.19511521414639 47.4
      vertex 39.51763809020504 44.14575999130427 47.4
    endloop
  endfacet
  facet normal 0 0 -1
    outer loop
      vertex 39.51763809020504 44.40307985015617 47.4
      vertex 39.32927530155692 44.05799085002795 47.4
      vertex 39.38268343236509 44.8728414623418 47.4
    endloop
  endfacet
  facet normal 0 0 -1
    outer loop
      vertex 39.51763809020504 44.40307985015617 47.4
      vertex 39.60876142900872 44.45842183755693 47.4
      vertex 39.59150340112821 44.19511521414639 47.4
    endloop
  endfacet
  facet normal 0 0 -1
    outer loop
      vertex 40.21752285801744 46.58670668058247 47.4
      vertex 40.21752285801744 43.41329331941753 47.4
      vertex 40 43.267949192431125 47.4
    endloop
  endfacet
  facet normal 0 0 -1
    outer loop
      vertex 40.41421356237309 46.41421356237309 47.4
      vertex 40.41421356237309 43.58578643762691 47.4
      vertex 40.21752285801744 43.41329331941753 47.4
    endloop
  endfacet
  facet normal 0 0 -1
    outer loop
      vertex 40.58670668058247 46.21752285801744 47.4
      vertex 40.58670668058247 43.78247714198256 47.4
      vertex 40.41421356237309 43.58578643762691 47.4
    endloop
  endfacet
  facet normal 0 0 -1
    outer loop
      vertex 40.732050807568875 46 47.4
      vertex 40.732050807568875 44 47.4
      vertex 40.58670668058247 43.78247714198256 47.4
    endloop
  endfacet
  facet normal 0 0 -1
    outer loop
      vertex 40.84775906502257 45.76536686473018 47.4
      vertex 40.84775906502257 44.23463313526982 47.4
      vertex 40.732050807568875 44 47.4
    endloop
  endfacet
  facet normal 0 0 -1
    outer loop
      vertex 40.93185165257814 45.51763809020504 47.4
      vertex 40.93185165257814 44.48236190979496 47.4
      vertex 40.84775906502257 44.23463313526982 47.4
    endloop
  endfacet
  facet normal 0 0 -1
    outer loop
      vertex 40.98288972274762 45.261052384440106 47.4
      vertex 40.98288972274762 44.738947615559894 47.4
      vertex 40.93185165257814 44.48236190979496 47.4
    endloop
  endfacet
  facet normal 0 0 -1
    outer loop
      vertex 40 43.267949192431125 47.4
      vertex 39.60876142900872 44.45842183755693 47.4
      vertex 39.76536686473018 46.84775906502257 47.4
    endloop
  endfacet
  facet normal 0 0 -1
    outer loop
      vertex 39.60876142900872 44.45842183755693 47.4
      vertex 39.51763809020504 44.40307985015617 47.4
      vertex 39.51763809020504 46.93185165257814 47.4
    endloop
  endfacet
  facet normal 0 0 -1
    outer loop
      vertex 39.51763809020504 44.40307985015617 47.4
      vertex 39.38268343236509 44.8728414623418 47.4
      vertex 39.261052384440106 46.98288972274762 47.4
    endloop
  endfacet
  facet normal 0 0 -1
    outer loop
      vertex 40 46.732050807568875 47.4
      vertex 40.21752285801744 46.58670668058247 47.4
      vertex 40 43.267949192431125 47.4
    endloop
  endfacet
  facet normal 0 0 -1
    outer loop
      vertex 40.93185165257814 45.51763809020504 47.4
      vertex 40.98288972274762 45.261052384440106 47.4
      vertex 40.93185165257814 44.48236190979496 47.4
    endloop
  endfacet
  facet normal 0 0 -1
    outer loop
      vertex 40.84775906502257 45.76536686473018 47.4
      vertex 40.93185165257814 45.51763809020504 47.4
      vertex 40.84775906502257 44.23463313526982 47.4
    endloop
  endfacet
  facet normal 0 0 -1
    outer loop
      vertex 40.21752285801744 46.58670668058247 47.4
      vertex 40.41421356237309 46.41421356237309 47.4
      vertex 40.21752285801744 43.41329331941753 47.4
    endloop
  endfacet
  facet normal 0 0 -1
    outer loop
      vertex 40.41421356237309 46.41421356237309 47.4
      vertex 40.58670668058247 46.21752285801744 47.4
      vertex 40.41421356237309 43.58578643762691 47.4
    endloop
  endfacet
  facet normal 0 0 -1
    outer loop
      vertex 40.732050807568875 46 47.4
      vertex 40.84775906502257 45.76536686473018 47.4
      vertex 40.732050807568875 44 47.4
    endloop
  endfacet
  facet normal 0 0 -1
    outer loop
      vertex 40.58670668058247 46.21752285801744 47.4
      vertex 40.732050807568875 46 47.4
      vertex 40.58670668058247 43.78247714198256 47.4
    endloop
  endfacet
  facet normal 0 0 -1
    outer loop
      vertex 40.98288972274762 45.261052384440106 47.4
      vertex 41 45 47.4
      vertex 40.98288972274762 44.738947615559894 47.4
    endloop
  endfacet
  facet normal 0 0 -1
    outer loop
      vertex 40 46.732050807568875 47.4
      vertex 40 43.267949192431125 47.4
      vertex 39.76536686473018 46.84775906502257 47.4
    endloop
  endfacet
  facet normal 0 0 -1
    outer loop
      vertex 39.76536686473018 46.84775906502257 47.4
      vertex 39.60876142900872 44.45842183755693 47.4
      vertex 39.51763809020504 46.93185165257814 47.4
    endloop
  endfacet
  facet normal 0 0 -1
    outer loop
      vertex 39.51763809020504 46.93185165257814 47.4
      vertex 39.51763809020504 44.40307985015617 47.4
      vertex 39.261052384440106 46.98288972274762 47.4
    endloop
  endfacet
  facet normal -0.6595673831713155 -0.44070883570339386 0.608889636296679
    outer loop
      vertex 37.267949192431125 44 47.4
      vertex 37.41329331941753 43.78247714198256 47.4
      vertex 38.20664665970877 44.39123857099128 48.699999999999996
    endloop
  endfacet
  facet normal -0.15475636303519363 -0.7780127755446021 0.6088896362966804
    outer loop
      vertex 38.48236190979496 43.06814834742186 47.4
      vertex 38.738947615559894 43.01711027725238 47.4
      vertex 38.74118095489748 44.034074173710934 48.699999999999996
    endloop
  endfacet
  facet normal -0.051881355805749985 -0.7915565271856797 0.6088896362966801
    outer loop
      vertex 38.738947615559894 43.01711027725238 47.4
      vertex 39 43 47.4
      vertex 38.86947380777995 44.00855513862619 48.699999999999996
    endloop
  endfacet
  facet normal 0.051881355805749985 -0.7915565271856797 0.6088896362966801
    outer loop
      vertex 39 43 47.4
      vertex 39.261052384440106 43.01711027725238 47.4
      vertex 39.13052619222005 44.00855513862619 48.699999999999996
    endloop
  endfacet
  facet normal -0.5230293295580791 -0.5964006465728595 0.6088896362966784
    outer loop
      vertex 37.58578643762691 43.58578643762691 47.4
      vertex 37.78247714198256 43.41329331941753 47.4
      vertex 38.292893218813454 44.292893218813454 48.699999999999996
    endloop
  endfacet
  facet normal -0.44070883570339386 -0.6595673831713155 0.608889636296679
    outer loop
      vertex 37.78247714198256 43.41329331941753 47.4
      vertex 38 43.267949192431125 47.4
      vertex 38.39123857099128 44.20664665970877 48.699999999999996
    endloop
  endfacet
  facet normal -0.3508476914822849 -0.7114487389770617 0.6088896362966773
    outer loop
      vertex 38 43.267949192431125 47.4
      vertex 38.23463313526982 43.15224093497743 47.4
      vertex 38.5 44.13397459621556 48.699999999999996
    endloop
  endfacet
  facet normal -0.254983445986541 -0.7511570096080625 0.6088896362966789
    outer loop
      vertex 38.23463313526982 43.15224093497743 47.4
      vertex 38.48236190979496 43.06814834742186 47.4
      vertex 38.61731656763491 44.076120467488714 48.699999999999996
    endloop
  endfacet
  facet normal -0.5964006465728595 -0.5230293295580791 0.6088896362966785
    outer loop
      vertex 37.41329331941753 43.78247714198256 47.4
      vertex 37.58578643762691 43.58578643762691 47.4
      vertex 38.20664665970877 44.39123857099128 48.699999999999996
    endloop
  endfacet
  facet normal 0.15475636303519363 -0.7780127755446021 0.6088896362966804
    outer loop
      vertex 39.261052384440106 43.01711027725238 47.4
      vertex 39.51763809020504 43.06814834742186 47.4
      vertex 39.25881904510252 44.034074173710934 48.699999999999996
    endloop
  endfacet
  facet normal 0.254983445986541 -0.7511570096080625 0.6088896362966789
    outer loop
      vertex 39.51763809020504 43.06814834742186 47.4
      vertex 39.76536686473018 43.15224093497743 47.4
      vertex 39.38268343236509 44.076120467488714 48.699999999999996
    endloop
  endfacet
  facet normal 0.3508476914822849 -0.7114487389770617 0.6088896362966773
    outer loop
      vertex 39.76536686473018 43.15224093497743 47.4
      vertex 40 43.267949192431125 47.4
      vertex 39.5 44.13397459621556 48.699999999999996
    endloop
  endfacet
  facet normal 0.44070883570339386 -0.6595673831713155 0.608889636296679
    outer loop
      vertex 40 43.267949192431125 47.4
      vertex 40.21752285801744 43.41329331941753 47.4
      vertex 39.60876142900872 44.20664665970877 48.699999999999996
    endloop
  endfacet
  facet normal 0.5230293295580791 -0.5964006465728595 0.6088896362966784
    outer loop
      vertex 40.41421356237309 43.58578643762691 47.4
      vertex 39.707106781186546 44.292893218813454 48.699999999999996
      vertex 40.21752285801744 43.41329331941753 47.4
    endloop
  endfacet
  facet normal 0.5964006465728595 -0.5230293295580791 0.6088896362966785
    outer loop
      vertex 40.41421356237309 43.58578643762691 47.4
      vertex 40.58670668058247 43.78247714198256 47.4
      vertex 39.79335334029123 44.39123857099128 48.699999999999996
    endloop
  endfacet
  facet normal 0.6595673831713155 -0.44070883570339386 0.608889636296679
    outer loop
      vertex 40.58670668058247 43.78247714198256 47.4
      vertex 40.732050807568875 44 47.4
      vertex 39.79335334029123 44.39123857099128 48.699999999999996
    endloop
  endfacet
  facet normal -0.5964006465728611 -0.5230293295580775 0.6088896362966785
    outer loop
      vertex 37.58578643762691 43.58578643762691 47.4
      vertex 38.292893218813454 44.292893218813454 48.699999999999996
      vertex 38.20664665970877 44.39123857099128 48.699999999999996
    endloop
  endfacet
  facet normal -0.4407088357034148 -0.6595673831713036 0.6088896362966767
    outer loop
      vertex 38 43.267949192431125 47.4
      vertex 38.5 44.13397459621556 48.699999999999996
      vertex 38.39123857099128 44.20664665970877 48.699999999999996
    endloop
  endfacet
  facet normal -0.3508476914822666 -0.7114487389770692 0.6088896362966792
    outer loop
      vertex 38.23463313526982 43.15224093497743 47.4
      vertex 38.61731656763491 44.076120467488714 48.699999999999996
      vertex 38.5 44.13397459621556 48.699999999999996
    endloop
  endfacet
  facet normal -0.5230293295580778 -0.5964006465728607 0.6088896362966784
    outer loop
      vertex 37.78247714198256 43.41329331941753 47.4
      vertex 38.39123857099128 44.20664665970877 48.699999999999996
      vertex 38.292893218813454 44.292893218813454 48.699999999999996
    endloop
  endfacet
  facet normal -0.2549834459865208 -0.7511570096080677 0.6088896362966809
    outer loop
      vertex 38.48236190979496 43.06814834742186 47.4
      vertex 38.74118095489748 44.034074173710934 48.699999999999996
      vertex 38.61731656763491 44.076120467488714 48.699999999999996
    endloop
  endfacet
  facet normal -0.15475636303519313 -0.7780127755446022 0.6088896362966804
    outer loop
      vertex 38.738947615559894 43.01711027725238 47.4
      vertex 38.86947380777995 44.00855513862619 48.699999999999996
      vertex 38.74118095489748 44.034074173710934 48.699999999999996
    endloop
  endfacet
  facet normal -0.05188135580577145 -0.7915565271856798 0.608889636296678
    outer loop
      vertex 39 43 47.4
      vertex 39 44 48.699999999999996
      vertex 38.86947380777995 44.00855513862619 48.699999999999996
    endloop
  endfacet
  facet normal 0.05188135580577145 -0.7915565271856798 0.608889636296678
    outer loop
      vertex 39 43 47.4
      vertex 39.13052619222005 44.00855513862619 48.699999999999996
      vertex 39 44 48.699999999999996
    endloop
  endfacet
  facet normal 0.15475636303519313 -0.7780127755446022 0.6088896362966804
    outer loop
      vertex 39.261052384440106 43.01711027725238 47.4
      vertex 39.25881904510252 44.034074173710934 48.699999999999996
      vertex 39.13052619222005 44.00855513862619 48.699999999999996
    endloop
  endfacet
  facet normal 0.2549834459865208 -0.7511570096080677 0.6088896362966809
    outer loop
      vertex 39.51763809020504 43.06814834742186 47.4
      vertex 39.38268343236509 44.076120467488714 48.699999999999996
      vertex 39.25881904510252 44.034074173710934 48.699999999999996
    endloop
  endfacet
  facet normal 0.3508476914822666 -0.7114487389770692 0.6088896362966792
    outer loop
      vertex 39.76536686473018 43.15224093497743 47.4
      vertex 39.5 44.13397459621556 48.699999999999996
      vertex 39.38268343236509 44.076120467488714 48.699999999999996
    endloop
  endfacet
  facet normal 0.4407088357034148 -0.6595673831713036 0.6088896362966767
    outer loop
      vertex 40 43.267949192431125 47.4
      vertex 39.60876142900872 44.20664665970877 48.699999999999996
      vertex 39.5 44.13397459621556 48.699999999999996
    endloop
  endfacet
  facet normal 0.5230293295580778 -0.5964006465728607 0.6088896362966784
    outer loop
      vertex 40.21752285801744 43.41329331941753 47.4
      vertex 39.707106781186546 44.292893218813454 48.699999999999996
      vertex 39.60876142900872 44.20664665970877 48.699999999999996
    endloop
  endfacet
  facet normal 0.5964006465728611 -0.5230293295580775 0.6088896362966785
    outer loop
      vertex 40.41421356237309 43.58578643762691 47.4
      vertex 39.79335334029123 44.39123857099128 48.699999999999996
      vertex 39.707106781186546 44.292893218813454 48.699999999999996
    endloop
  endfacet
  facet normal -0.7114487389770617 -0.3508476914822849 0.6088896362966773
    outer loop
      vertex 37.15224093497743 44.23463313526982 47.4
      vertex 37.267949192431125 44 47.4
      vertex 38.13397459621556 44.5 48.699999999999996
    endloop
  endfacet
  facet normal -0.7511570096080625 -0.254983445986541 0.6088896362966789
    outer loop
      vertex 37.06814834742186 44.48236190979496 47.4
      vertex 37.15224093497743 44.23463313526982 47.4
      vertex 38.076120467488714 44.61731656763491 48.699999999999996
    endloop
  endfacet
  facet normal -0.7780127755446021 -0.15475636303519363 0.6088896362966804
    outer loop
      vertex 37.01711027725238 44.738947615559894 47.4
      vertex 37.06814834742186 44.48236190979496 47.4
      vertex 38.034074173710934 44.74118095489748 48.699999999999996
    endloop
  endfacet
  facet normal -0.7915565271856797 -0.051881355805749985 0.6088896362966801
    outer loop
      vertex 37 45 47.4
      vertex 37.01711027725238 44.738947615559894 47.4
      vertex 38.00855513862619 44.86947380777995 48.699999999999996
    endloop
  endfacet
  facet normal -0.7915565271856797 0.051881355805749985 0.6088896362966801
    outer loop
      vertex 37.01711027725238 45.261052384440106 47.4
      vertex 37 45 47.4
      vertex 38.00855513862619 45.13052619222005 48.699999999999996
    endloop
  endfacet
  facet normal -0.7780127755446021 0.15475636303519363 0.6088896362966804
    outer loop
      vertex 37.06814834742186 45.51763809020504 47.4
      vertex 37.01711027725238 45.261052384440106 47.4
      vertex 38.034074173710934 45.25881904510252 48.699999999999996
    endloop
  endfacet
  facet normal -0.7511570096080625 0.254983445986541 0.6088896362966789
    outer loop
      vertex 37.15224093497743 45.76536686473018 47.4
      vertex 37.06814834742186 45.51763809020504 47.4
      vertex 38.076120467488714 45.38268343236509 48.699999999999996
    endloop
  endfacet
  facet normal -0.7114487389770617 0.3508476914822849 0.6088896362966773
    outer loop
      vertex 37.15224093497743 45.76536686473018 47.4
      vertex 38.13397459621556 45.5 48.699999999999996
      vertex 37.267949192431125 46 47.4
    endloop
  endfacet
  facet normal -0.6595673831713155 0.44070883570339386 0.608889636296679
    outer loop
      vertex 37.41329331941753 46.21752285801744 47.4
      vertex 37.267949192431125 46 47.4
      vertex 38.20664665970877 45.60876142900872 48.699999999999996
    endloop
  endfacet
  facet normal -0.5964006465728595 0.5230293295580791 0.6088896362966785
    outer loop
      vertex 37.41329331941753 46.21752285801744 47.4
      vertex 38.20664665970877 45.60876142900872 48.699999999999996
      vertex 37.58578643762691 46.41421356237309 47.4
    endloop
  endfacet
  facet normal -0.5230293295580791 0.5964006465728595 0.6088896362966784
    outer loop
      vertex 37.78247714198256 46.58670668058247 47.4
      vertex 37.58578643762691 46.41421356237309 47.4
      vertex 38.292893218813454 45.707106781186546 48.699999999999996
    endloop
  endfacet
  facet normal -0.44070883570339386 0.6595673831713155 0.608889636296679
    outer loop
      vertex 37.78247714198256 46.58670668058247 47.4
      vertex 38.39123857099128 45.79335334029123 48.699999999999996
      vertex 38 46.732050807568875 47.4
    endloop
  endfacet
  facet normal -0.3508476914822849 0.7114487389770617 0.6088896362966773
    outer loop
      vertex 38.23463313526982 46.84775906502257 47.4
      vertex 38 46.732050807568875 47.4
      vertex 38.5 45.86602540378444 48.699999999999996
    endloop
  endfacet
  facet normal -0.254983445986541 0.7511570096080625 0.6088896362966789
    outer loop
      vertex 38.23463313526982 46.84775906502257 47.4
      vertex 38.61731656763491 45.923879532511286 48.699999999999996
      vertex 38.48236190979496 46.93185165257814 47.4
    endloop
  endfacet
  facet normal -0.15475636303519363 0.7780127755446021 0.6088896362966804
    outer loop
      vertex 38.48236190979496 46.93185165257814 47.4
      vertex 38.74118095489748 45.965925826289066 48.699999999999996
      vertex 38.738947615559894 46.98288972274762 47.4
    endloop
  endfacet
  facet normal -0.051881355805749985 0.7915565271856797 0.6088896362966801
    outer loop
      vertex 38.738947615559894 46.98288972274762 47.4
      vertex 38.86947380777995 45.99144486137381 48.699999999999996
      vertex 39 47 47.4
    endloop
  endfacet
  facet normal 0.051881355805749985 0.7915565271856797 0.6088896362966801
    outer loop
      vertex 39 47 47.4
      vertex 39.13052619222005 45.99144486137381 48.699999999999996
      vertex 39.261052384440106 46.98288972274762 47.4
    endloop
  endfacet
  facet normal 0.7114487389770617 -0.3508476914822849 0.6088896362966773
    outer loop
      vertex 40.84775906502257 44.23463313526982 47.4
      vertex 39.86602540378444 44.5 48.699999999999996
      vertex 40.732050807568875 44 47.4
    endloop
  endfacet
  facet normal 0.7511570096080625 -0.254983445986541 0.6088896362966789
    outer loop
      vertex 40.93185165257814 44.48236190979496 47.4
      vertex 39.923879532511286 44.61731656763491 48.699999999999996
      vertex 40.84775906502257 44.23463313526982 47.4
    endloop
  endfacet
  facet normal 0.7780127755446021 -0.15475636303519363 0.6088896362966804
    outer loop
      vertex 40.98288972274762 44.738947615559894 47.4
      vertex 39.965925826289066 44.74118095489748 48.699999999999996
      vertex 40.93185165257814 44.48236190979496 47.4
    endloop
  endfacet
  facet normal 0.7915565271856797 -0.051881355805749985 0.6088896362966801
    outer loop
      vertex 41 45 47.4
      vertex 39.99144486137381 44.86947380777995 48.699999999999996
      vertex 40.98288972274762 44.738947615559894 47.4
    endloop
  endfacet
  facet normal 0.7915565271856797 0.051881355805749985 0.6088896362966801
    outer loop
      vertex 40.98288972274762 45.261052384440106 47.4
      vertex 39.99144486137381 45.13052619222005 48.699999999999996
      vertex 41 45 47.4
    endloop
  endfacet
  facet normal 0.7511570096080625 0.254983445986541 0.6088896362966789
    outer loop
      vertex 40.84775906502257 45.76536686473018 47.4
      vertex 39.923879532511286 45.38268343236509 48.699999999999996
      vertex 40.93185165257814 45.51763809020504 47.4
    endloop
  endfacet
  facet normal 0.7780127755446021 0.15475636303519363 0.6088896362966804
    outer loop
      vertex 40.93185165257814 45.51763809020504 47.4
      vertex 39.965925826289066 45.25881904510252 48.699999999999996
      vertex 40.98288972274762 45.261052384440106 47.4
    endloop
  endfacet
  facet normal 0.5230293295580791 0.5964006465728595 0.6088896362966784
    outer loop
      vertex 40.21752285801744 46.58670668058247 47.4
      vertex 39.707106781186546 45.707106781186546 48.699999999999996
      vertex 40.41421356237309 46.41421356237309 47.4
    endloop
  endfacet
  facet normal 0.7114487389770617 0.3508476914822849 0.6088896362966773
    outer loop
      vertex 40.732050807568875 46 47.4
      vertex 39.86602540378444 45.5 48.699999999999996
      vertex 40.84775906502257 45.76536686473018 47.4
    endloop
  endfacet
  facet normal 0.5964006465728595 0.5230293295580791 0.6088896362966785
    outer loop
      vertex 40.41421356237309 46.41421356237309 47.4
      vertex 39.79335334029123 45.60876142900872 48.699999999999996
      vertex 40.58670668058247 46.21752285801744 47.4
    endloop
  endfacet
  facet normal 0.6595673831713155 0.44070883570339386 0.608889636296679
    outer loop
      vertex 40.58670668058247 46.21752285801744 47.4
      vertex 39.79335334029123 45.60876142900872 48.699999999999996
      vertex 40.732050807568875 46 47.4
    endloop
  endfacet
  facet normal 0.15475636303519363 0.7780127755446021 0.6088896362966804
    outer loop
      vertex 39.261052384440106 46.98288972274762 47.4
      vertex 39.25881904510252 45.965925826289066 48.699999999999996
      vertex 39.51763809020504 46.93185165257814 47.4
    endloop
  endfacet
  facet normal 0.254983445986541 0.7511570096080625 0.6088896362966789
    outer loop
      vertex 39.51763809020504 46.93185165257814 47.4
      vertex 39.38268343236509 45.923879532511286 48.699999999999996
      vertex 39.76536686473018 46.84775906502257 47.4
    endloop
  endfacet
  facet normal 0.44070883570339386 0.6595673831713155 0.608889636296679
    outer loop
      vertex 40 46.732050807568875 47.4
      vertex 39.60876142900872 45.79335334029123 48.699999999999996
      vertex 40.21752285801744 46.58670668058247 47.4
    endloop
  endfacet
  facet normal 0.3508476914822849 0.7114487389770617 0.6088896362966773
    outer loop
      vertex 39.76536686473018 46.84775906502257 47.4
      vertex 39.5 45.86602540378444 48.699999999999996
      vertex 40 46.732050807568875 47.4
    endloop
  endfacet
  facet normal -0.7915565271856798 -0.05188135580577145 0.608889636296678
    outer loop
      vertex 37 45 47.4
      vertex 38.00855513862619 44.86947380777995 48.699999999999996
      vertex 38 45 48.699999999999996
    endloop
  endfacet
  facet normal -0.7915565271856798 0.05188135580577145 0.608889636296678
    outer loop
      vertex 37 45 47.4
      vertex 38 45 48.699999999999996
      vertex 38.00855513862619 45.13052619222005 48.699999999999996
    endloop
  endfacet
  facet normal -0.6595673831713036 -0.4407088357034148 0.6088896362966767
    outer loop
      vertex 37.267949192431125 44 47.4
      vertex 38.20664665970877 44.39123857099128 48.699999999999996
      vertex 38.13397459621556 44.5 48.699999999999996
    endloop
  endfacet
  facet normal -0.7114487389770692 -0.3508476914822666 0.6088896362966792
    outer loop
      vertex 37.15224093497743 44.23463313526982 47.4
      vertex 38.13397459621556 44.5 48.699999999999996
      vertex 38.076120467488714 44.61731656763491 48.699999999999996
    endloop
  endfacet
  facet normal -0.7511570096080677 -0.2549834459865208 0.6088896362966809
    outer loop
      vertex 37.06814834742186 44.48236190979496 47.4
      vertex 38.076120467488714 44.61731656763491 48.699999999999996
      vertex 38.034074173710934 44.74118095489748 48.699999999999996
    endloop
  endfacet
  facet normal -0.7780127755446022 -0.15475636303519313 0.6088896362966804
    outer loop
      vertex 37.01711027725238 44.738947615559894 47.4
      vertex 38.034074173710934 44.74118095489748 48.699999999999996
      vertex 38.00855513862619 44.86947380777995 48.699999999999996
    endloop
  endfacet
  facet normal -0.7780127755446022 0.15475636303519313 0.6088896362966804
    outer loop
      vertex 37.01711027725238 45.261052384440106 47.4
      vertex 38.00855513862619 45.13052619222005 48.699999999999996
      vertex 38.034074173710934 45.25881904510252 48.699999999999996
    endloop
  endfacet
  facet normal -0.7511570096080677 0.2549834459865208 0.6088896362966809
    outer loop
      vertex 37.06814834742186 45.51763809020504 47.4
      vertex 38.034074173710934 45.25881904510252 48.699999999999996
      vertex 38.076120467488714 45.38268343236509 48.699999999999996
    endloop
  endfacet
  facet normal -0.7114487389770692 0.3508476914822666 0.6088896362966792
    outer loop
      vertex 37.15224093497743 45.76536686473018 47.4
      vertex 38.076120467488714 45.38268343236509 48.699999999999996
      vertex 38.13397459621556 45.5 48.699999999999996
    endloop
  endfacet
  facet normal -0.6595673831713036 0.4407088357034148 0.6088896362966767
    outer loop
      vertex 37.267949192431125 46 47.4
      vertex 38.13397459621556 45.5 48.699999999999996
      vertex 38.20664665970877 45.60876142900872 48.699999999999996
    endloop
  endfacet
  facet normal -0.5964006465728611 0.5230293295580775 0.6088896362966785
    outer loop
      vertex 37.58578643762691 46.41421356237309 47.4
      vertex 38.20664665970877 45.60876142900872 48.699999999999996
      vertex 38.292893218813454 45.707106781186546 48.699999999999996
    endloop
  endfacet
  facet normal -0.5230293295580778 0.5964006465728607 0.6088896362966784
    outer loop
      vertex 37.78247714198256 46.58670668058247 47.4
      vertex 38.292893218813454 45.707106781186546 48.699999999999996
      vertex 38.39123857099128 45.79335334029123 48.699999999999996
    endloop
  endfacet
  facet normal -0.4407088357034148 0.6595673831713036 0.6088896362966767
    outer loop
      vertex 38 46.732050807568875 47.4
      vertex 38.39123857099128 45.79335334029123 48.699999999999996
      vertex 38.5 45.86602540378444 48.699999999999996
    endloop
  endfacet
  facet normal -0.3508476914822666 0.7114487389770692 0.6088896362966792
    outer loop
      vertex 38.23463313526982 46.84775906502257 47.4
      vertex 38.5 45.86602540378444 48.699999999999996
      vertex 38.61731656763491 45.923879532511286 48.699999999999996
    endloop
  endfacet
  facet normal -0.2549834459865208 0.7511570096080677 0.6088896362966809
    outer loop
      vertex 38.48236190979496 46.93185165257814 47.4
      vertex 38.61731656763491 45.923879532511286 48.699999999999996
      vertex 38.74118095489748 45.965925826289066 48.699999999999996
    endloop
  endfacet
  facet normal -0.15475636303519313 0.7780127755446022 0.6088896362966804
    outer loop
      vertex 38.738947615559894 46.98288972274762 47.4
      vertex 38.74118095489748 45.965925826289066 48.699999999999996
      vertex 38.86947380777995 45.99144486137381 48.699999999999996
    endloop
  endfacet
  facet normal -0.05188135580577145 0.7915565271856798 0.608889636296678
    outer loop
      vertex 39 47 47.4
      vertex 38.86947380777995 45.99144486137381 48.699999999999996
      vertex 39 46 48.699999999999996
    endloop
  endfacet
  facet normal 0.05188135580577145 0.7915565271856798 0.608889636296678
    outer loop
      vertex 39 47 47.4
      vertex 39 46 48.699999999999996
      vertex 39.13052619222005 45.99144486137381 48.699999999999996
    endloop
  endfacet
  facet normal 0.15475636303519313 0.7780127755446022 0.6088896362966804
    outer loop
      vertex 39.261052384440106 46.98288972274762 47.4
      vertex 39.13052619222005 45.99144486137381 48.699999999999996
      vertex 39.25881904510252 45.965925826289066 48.699999999999996
    endloop
  endfacet
  facet normal 0.6595673831713036 -0.4407088357034148 0.6088896362966767
    outer loop
      vertex 40.732050807568875 44 47.4
      vertex 39.86602540378444 44.5 48.699999999999996
      vertex 39.79335334029123 44.39123857099128 48.699999999999996
    endloop
  endfacet
  facet normal 0.7114487389770692 -0.3508476914822666 0.6088896362966792
    outer loop
      vertex 40.84775906502257 44.23463313526982 47.4
      vertex 39.923879532511286 44.61731656763491 48.699999999999996
      vertex 39.86602540378444 44.5 48.699999999999996
    endloop
  endfacet
  facet normal 0.7511570096080677 -0.2549834459865208 0.6088896362966809
    outer loop
      vertex 40.93185165257814 44.48236190979496 47.4
      vertex 39.965925826289066 44.74118095489748 48.699999999999996
      vertex 39.923879532511286 44.61731656763491 48.699999999999996
    endloop
  endfacet
  facet normal 0.7780127755446022 -0.15475636303519313 0.6088896362966804
    outer loop
      vertex 40.98288972274762 44.738947615559894 47.4
      vertex 39.99144486137381 44.86947380777995 48.699999999999996
      vertex 39.965925826289066 44.74118095489748 48.699999999999996
    endloop
  endfacet
  facet normal 0.7915565271856798 -0.05188135580577145 0.608889636296678
    outer loop
      vertex 41 45 47.4
      vertex 40 45 48.699999999999996
      vertex 39.99144486137381 44.86947380777995 48.699999999999996
    endloop
  endfacet
  facet normal 0.7915565271856798 0.05188135580577145 0.608889636296678
    outer loop
      vertex 41 45 47.4
      vertex 39.99144486137381 45.13052619222005 48.699999999999996
      vertex 40 45 48.699999999999996
    endloop
  endfacet
  facet normal 0.7780127755446022 0.15475636303519313 0.6088896362966804
    outer loop
      vertex 40.98288972274762 45.261052384440106 47.4
      vertex 39.965925826289066 45.25881904510252 48.699999999999996
      vertex 39.99144486137381 45.13052619222005 48.699999999999996
    endloop
  endfacet
  facet normal 0.7511570096080677 0.2549834459865208 0.6088896362966809
    outer loop
      vertex 40.93185165257814 45.51763809020504 47.4
      vertex 39.923879532511286 45.38268343236509 48.699999999999996
      vertex 39.965925826289066 45.25881904510252 48.699999999999996
    endloop
  endfacet
  facet normal 0.7114487389770692 0.3508476914822666 0.6088896362966792
    outer loop
      vertex 40.84775906502257 45.76536686473018 47.4
      vertex 39.86602540378444 45.5 48.699999999999996
      vertex 39.923879532511286 45.38268343236509 48.699999999999996
    endloop
  endfacet
  facet normal 0.6595673831713036 0.4407088357034148 0.6088896362966767
    outer loop
      vertex 40.732050807568875 46 47.4
      vertex 39.79335334029123 45.60876142900872 48.699999999999996
      vertex 39.86602540378444 45.5 48.699999999999996
    endloop
  endfacet
  facet normal 0.5964006465728611 0.5230293295580775 0.6088896362966785
    outer loop
      vertex 40.41421356237309 46.41421356237309 47.4
      vertex 39.707106781186546 45.707106781186546 48.699999999999996
      vertex 39.79335334029123 45.60876142900872 48.699999999999996
    endloop
  endfacet
  facet normal 0.2549834459865208 0.7511570096080677 0.6088896362966809
    outer loop
      vertex 39.51763809020504 46.93185165257814 47.4
      vertex 39.25881904510252 45.965925826289066 48.699999999999996
      vertex 39.38268343236509 45.923879532511286 48.699999999999996
    endloop
  endfacet
  facet normal 0.4407088357034148 0.6595673831713036 0.6088896362966767
    outer loop
      vertex 40 46.732050807568875 47.4
      vertex 39.5 45.86602540378444 48.699999999999996
      vertex 39.60876142900872 45.79335334029123 48.699999999999996
    endloop
  endfacet
  facet normal 0.3508476914822666 0.7114487389770692 0.6088896362966792
    outer loop
      vertex 39.76536686473018 46.84775906502257 47.4
      vertex 39.38268343236509 45.923879532511286 48.699999999999996
      vertex 39.5 45.86602540378444 48.699999999999996
    endloop
  endfacet
  facet normal 0.5230293295580778 0.5964006465728607 0.6088896362966784
    outer loop
      vertex 40.21752285801744 46.58670668058247 47.4
      vertex 39.60876142900872 45.79335334029123 48.699999999999996
      vertex 39.707106781186546 45.707106781186546 48.699999999999996
    endloop
  endfacet
  facet normal -0.4422886902189873 -0.8968727415326953 0
    outer loop
      vertex 38.5 44.13397459621556 53.4
      vertex 38.5 44.13397459621556 48.699999999999996
      vertex 38.61731656763491 44.076120467488714 48.699999999999996
    endloop
  endfacet
  facet normal -0.32143946530314454 -0.9469301294951115 0
    outer loop
      vertex 38.61731656763491 44.076120467488714 53.4
      vertex 38.61731656763491 44.076120467488714 48.699999999999996
      vertex 38.74118095489748 44.034074173710934 48.699999999999996
    endloop
  endfacet
  facet normal -0.1950903220161262 -0.9807852804032308 0
    outer loop
      vertex 38.74118095489748 44.034074173710934 53.4
      vertex 38.74118095489748 44.034074173710934 48.699999999999996
      vertex 38.86947380777995 44.00855513862619 48.699999999999996
    endloop
  endfacet
  facet normal -0.06540312923016546 -0.997858923238602 0
    outer loop
      vertex 38.86947380777995 44.00855513862619 53.4
      vertex 38.86947380777995 44.00855513862619 48.699999999999996
      vertex 39 44 48.699999999999996
    endloop
  endfacet
  facet normal 0.06540312923016546 -0.997858923238602 0
    outer loop
      vertex 39 44 53.4
      vertex 39 44 48.699999999999996
      vertex 39.13052619222005 44.00855513862619 48.699999999999996
    endloop
  endfacet
  facet normal 0.1950903220161262 -0.9807852804032308 0
    outer loop
      vertex 39.13052619222005 44.00855513862619 53.4
      vertex 39.13052619222005 44.00855513862619 48.699999999999996
      vertex 39.25881904510252 44.034074173710934 48.699999999999996
    endloop
  endfacet
  facet normal 0.32143946530314454 -0.9469301294951115 0
    outer loop
      vertex 39.25881904510252 44.034074173710934 53.4
      vertex 39.25881904510252 44.034074173710934 48.699999999999996
      vertex 39.38268343236509 44.076120467488714 48.699999999999996
    endloop
  endfacet
  facet normal 0.4422886902189873 -0.8968727415326953 0
    outer loop
      vertex 39.38268343236509 44.076120467488714 53.4
      vertex 39.38268343236509 44.076120467488714 48.699999999999996
      vertex 39.5 44.13397459621556 48.699999999999996
    endloop
  endfacet
  facet normal -0.5555702330196167 -0.8314696123025355 0
    outer loop
      vertex 38.39123857099128 44.20664665970877 53.4
      vertex 38.39123857099128 44.20664665970877 48.699999999999996
      vertex 38.5 44.13397459621556 48.699999999999996
    endloop
  endfacet
  facet normal -0.6593458151000808 -0.7518398074789668 0
    outer loop
      vertex 38.292893218813454 44.292893218813454 53.4
      vertex 38.292893218813454 44.292893218813454 48.699999999999996
      vertex 38.39123857099128 44.20664665970877 48.699999999999996
    endloop
  endfacet
  facet normal -0.7518398074789668 -0.6593458151000808 0
    outer loop
      vertex 38.20664665970877 44.39123857099128 53.4
      vertex 38.20664665970877 44.39123857099128 48.699999999999996
      vertex 38.292893218813454 44.292893218813454 48.699999999999996
    endloop
  endfacet
  facet normal -0.8314696123025355 -0.5555702330196167 0
    outer loop
      vertex 38.13397459621556 44.5 53.4
      vertex 38.13397459621556 44.5 48.699999999999996
      vertex 38.20664665970877 44.39123857099128 48.699999999999996
    endloop
  endfacet
  facet normal -0.9469301294951115 -0.32143946530314454 0
    outer loop
      vertex 38.034074173710934 44.74118095489748 53.4
      vertex 38.034074173710934 44.74118095489748 48.699999999999996
      vertex 38.076120467488714 44.61731656763491 48.699999999999996
    endloop
  endfacet
  facet normal -0.9807852804032308 -0.1950903220161262 0
    outer loop
      vertex 38.00855513862619 44.86947380777995 53.4
      vertex 38.00855513862619 44.86947380777995 48.699999999999996
      vertex 38.034074173710934 44.74118095489748 48.699999999999996
    endloop
  endfacet
  facet normal -0.8968727415326953 -0.4422886902189873 0
    outer loop
      vertex 38.076120467488714 44.61731656763491 53.4
      vertex 38.076120467488714 44.61731656763491 48.699999999999996
      vertex 38.13397459621556 44.5 48.699999999999996
    endloop
  endfacet
  facet normal -0.997858923238602 -0.06540312923016546 0
    outer loop
      vertex 38 45 53.4
      vertex 38 45 48.699999999999996
      vertex 38.00855513862619 44.86947380777995 48.699999999999996
    endloop
  endfacet
  facet normal -0.997858923238602 0.06540312923016546 0
    outer loop
      vertex 38.00855513862619 45.13052619222005 53.4
      vertex 38.00855513862619 45.13052619222005 48.699999999999996
      vertex 38 45 48.699999999999996
    endloop
  endfacet
  facet normal -0.9807852804032308 0.1950903220161262 0
    outer loop
      vertex 38.034074173710934 45.25881904510252 53.4
      vertex 38.034074173710934 45.25881904510252 48.699999999999996
      vertex 38.00855513862619 45.13052619222005 48.699999999999996
    endloop
  endfacet
  facet normal -0.9469301294951115 0.32143946530314454 0
    outer loop
      vertex 38.076120467488714 45.38268343236509 53.4
      vertex 38.076120467488714 45.38268343236509 48.699999999999996
      vertex 38.034074173710934 45.25881904510252 48.699999999999996
    endloop
  endfacet
  facet normal -0.8968727415326953 0.4422886902189873 0
    outer loop
      vertex 38.13397459621556 45.5 53.4
      vertex 38.13397459621556 45.5 48.699999999999996
      vertex 38.076120467488714 45.38268343236509 48.699999999999996
    endloop
  endfacet
  facet normal -0.8314696123025355 0.5555702330196167 0
    outer loop
      vertex 38.20664665970877 45.60876142900872 53.4
      vertex 38.20664665970877 45.60876142900872 48.699999999999996
      vertex 38.13397459621556 45.5 48.699999999999996
    endloop
  endfacet
  facet normal -0.7518398074789668 0.6593458151000808 0
    outer loop
      vertex 38.292893218813454 45.707106781186546 53.4
      vertex 38.292893218813454 45.707106781186546 48.699999999999996
      vertex 38.20664665970877 45.60876142900872 48.699999999999996
    endloop
  endfacet
  facet normal -0.6593458151000808 0.7518398074789668 0
    outer loop
      vertex 38.39123857099128 45.79335334029123 53.4
      vertex 38.39123857099128 45.79335334029123 48.699999999999996
      vertex 38.292893218813454 45.707106781186546 48.699999999999996
    endloop
  endfacet
  facet normal -0.5555702330196167 0.8314696123025355 0
    outer loop
      vertex 38.5 45.86602540378444 53.4
      vertex 38.5 45.86602540378444 48.699999999999996
      vertex 38.39123857099128 45.79335334029123 48.699999999999996
    endloop
  endfacet
  facet normal -0.4422886902189873 0.8968727415326953 0
    outer loop
      vertex 38.61731656763491 45.923879532511286 53.4
      vertex 38.61731656763491 45.923879532511286 48.699999999999996
      vertex 38.5 45.86602540378444 48.699999999999996
    endloop
  endfacet
  facet normal -0.32143946530314454 0.9469301294951115 0
    outer loop
      vertex 38.74118095489748 45.965925826289066 53.4
      vertex 38.74118095489748 45.965925826289066 48.699999999999996
      vertex 38.61731656763491 45.923879532511286 48.699999999999996
    endloop
  endfacet
  facet normal -0.1950903220161262 0.9807852804032308 0
    outer loop
      vertex 38.86947380777995 45.99144486137381 53.4
      vertex 38.86947380777995 45.99144486137381 48.699999999999996
      vertex 38.74118095489748 45.965925826289066 48.699999999999996
    endloop
  endfacet
  facet normal -0.06540312923016546 0.997858923238602 0
    outer loop
      vertex 39 46 53.4
      vertex 39 46 48.699999999999996
      vertex 38.86947380777995 45.99144486137381 48.699999999999996
    endloop
  endfacet
  facet normal 0.06540312923016546 0.997858923238602 0
    outer loop
      vertex 39.13052619222005 45.99144486137381 53.4
      vertex 39.13052619222005 45.99144486137381 48.699999999999996
      vertex 39 46 48.699999999999996
    endloop
  endfacet
  facet normal 0.1950903220161262 0.9807852804032308 0
    outer loop
      vertex 39.25881904510252 45.965925826289066 53.4
      vertex 39.25881904510252 45.965925826289066 48.699999999999996
      vertex 39.13052619222005 45.99144486137381 48.699999999999996
    endloop
  endfacet
  facet normal 0.5555702330196167 -0.8314696123025355 0
    outer loop
      vertex 39.5 44.13397459621556 53.4
      vertex 39.5 44.13397459621556 48.699999999999996
      vertex 39.60876142900872 44.20664665970877 48.699999999999996
    endloop
  endfacet
  facet normal 0.6593458151000808 -0.7518398074789668 0
    outer loop
      vertex 39.60876142900872 44.20664665970877 53.4
      vertex 39.60876142900872 44.20664665970877 48.699999999999996
      vertex 39.707106781186546 44.292893218813454 48.699999999999996
    endloop
  endfacet
  facet normal 0.7518398074789668 -0.6593458151000808 0
    outer loop
      vertex 39.707106781186546 44.292893218813454 53.4
      vertex 39.707106781186546 44.292893218813454 48.699999999999996
      vertex 39.79335334029123 44.39123857099128 48.699999999999996
    endloop
  endfacet
  facet normal 0.8314696123025355 -0.5555702330196167 0
    outer loop
      vertex 39.79335334029123 44.39123857099128 53.4
      vertex 39.79335334029123 44.39123857099128 48.699999999999996
      vertex 39.86602540378444 44.5 48.699999999999996
    endloop
  endfacet
  facet normal 0.8968727415326953 -0.4422886902189873 0
    outer loop
      vertex 39.86602540378444 44.5 53.4
      vertex 39.86602540378444 44.5 48.699999999999996
      vertex 39.923879532511286 44.61731656763491 48.699999999999996
    endloop
  endfacet
  facet normal 0.9469301294951115 -0.32143946530314454 0
    outer loop
      vertex 39.923879532511286 44.61731656763491 53.4
      vertex 39.923879532511286 44.61731656763491 48.699999999999996
      vertex 39.965925826289066 44.74118095489748 48.699999999999996
    endloop
  endfacet
  facet normal 0.9807852804032308 -0.1950903220161262 0
    outer loop
      vertex 39.965925826289066 44.74118095489748 53.4
      vertex 39.965925826289066 44.74118095489748 48.699999999999996
      vertex 39.99144486137381 44.86947380777995 48.699999999999996
    endloop
  endfacet
  facet normal 0.997858923238602 -0.06540312923016546 0
    outer loop
      vertex 39.99144486137381 44.86947380777995 53.4
      vertex 39.99144486137381 44.86947380777995 48.699999999999996
      vertex 40 45 48.699999999999996
    endloop
  endfacet
  facet normal 0.997858923238602 0.06540312923016546 0
    outer loop
      vertex 40 45 53.4
      vertex 40 45 48.699999999999996
      vertex 39.99144486137381 45.13052619222005 48.699999999999996
    endloop
  endfacet
  facet normal 0.9807852804032308 0.1950903220161262 0
    outer loop
      vertex 39.99144486137381 45.13052619222005 53.4
      vertex 39.99144486137381 45.13052619222005 48.699999999999996
      vertex 39.965925826289066 45.25881904510252 48.699999999999996
    endloop
  endfacet
  facet normal 0.9469301294951115 0.32143946530314454 0
    outer loop
      vertex 39.965925826289066 45.25881904510252 53.4
      vertex 39.965925826289066 45.25881904510252 48.699999999999996
      vertex 39.923879532511286 45.38268343236509 48.699999999999996
    endloop
  endfacet
  facet normal 0.8968727415326953 0.4422886902189873 0
    outer loop
      vertex 39.923879532511286 45.38268343236509 53.4
      vertex 39.923879532511286 45.38268343236509 48.699999999999996
      vertex 39.86602540378444 45.5 48.699999999999996
    endloop
  endfacet
  facet normal 0.8314696123025355 0.5555702330196167 0
    outer loop
      vertex 39.86602540378444 45.5 53.4
      vertex 39.86602540378444 45.5 48.699999999999996
      vertex 39.79335334029123 45.60876142900872 48.699999999999996
    endloop
  endfacet
  facet normal 0.6593458151000808 0.7518398074789668 0
    outer loop
      vertex 39.707106781186546 45.707106781186546 53.4
      vertex 39.707106781186546 45.707106781186546 48.699999999999996
      vertex 39.60876142900872 45.79335334029123 48.699999999999996
    endloop
  endfacet
  facet normal 0.4422886902189873 0.8968727415326953 0
    outer loop
      vertex 39.5 45.86602540378444 53.4
      vertex 39.5 45.86602540378444 48.699999999999996
      vertex 39.38268343236509 45.923879532511286 48.699999999999996
    endloop
  endfacet
  facet normal 0.5555702330196167 0.8314696123025355 0
    outer loop
      vertex 39.60876142900872 45.79335334029123 53.4
      vertex 39.60876142900872 45.79335334029123 48.699999999999996
      vertex 39.5 45.86602540378444 48.699999999999996
    endloop
  endfacet
  facet normal 0.7518398074789668 0.6593458151000808 0
    outer loop
      vertex 39.79335334029123 45.60876142900872 53.4
      vertex 39.79335334029123 45.60876142900872 48.699999999999996
      vertex 39.707106781186546 45.707106781186546 48.699999999999996
    endloop
  endfacet
  facet normal 0.32143946530314454 0.9469301294951115 0
    outer loop
      vertex 39.38268343236509 45.923879532511286 53.4
      vertex 39.38268343236509 45.923879532511286 48.699999999999996
      vertex 39.25881904510252 45.965925826289066 48.699999999999996
    endloop
  endfacet
  facet normal -0.4422886902189873 -0.8968727415326953 0
    outer loop
      vertex 38.5 44.13397459621556 53.4
      vertex 38.61731656763491 44.076120467488714 48.699999999999996
      vertex 38.61731656763491 44.076120467488714 53.4
    endloop
  endfacet
  facet normal -0.32143946530314454 -0.9469301294951115 0
    outer loop
      vertex 38.61731656763491 44.076120467488714 53.4
      vertex 38.74118095489748 44.034074173710934 48.699999999999996
      vertex 38.74118095489748 44.034074173710934 53.4
    endloop
  endfacet
  facet normal -0.1950903220161262 -0.9807852804032308 0
    outer loop
      vertex 38.74118095489748 44.034074173710934 53.4
      vertex 38.86947380777995 44.00855513862619 48.699999999999996
      vertex 38.86947380777995 44.00855513862619 53.4
    endloop
  endfacet
  facet normal -0.06540312923016546 -0.997858923238602 0
    outer loop
      vertex 38.86947380777995 44.00855513862619 53.4
      vertex 39 44 48.699999999999996
      vertex 39 44 53.4
    endloop
  endfacet
  facet normal 0.06540312923016546 -0.997858923238602 0
    outer loop
      vertex 39 44 53.4
      vertex 39.13052619222005 44.00855513862619 48.699999999999996
      vertex 39.13052619222005 44.00855513862619 53.4
    endloop
  endfacet
  facet normal 0.1950903220161262 -0.9807852804032308 0
    outer loop
      vertex 39.13052619222005 44.00855513862619 53.4
      vertex 39.25881904510252 44.034074173710934 48.699999999999996
      vertex 39.25881904510252 44.034074173710934 53.4
    endloop
  endfacet
  facet normal 0.32143946530314454 -0.9469301294951115 0
    outer loop
      vertex 39.25881904510252 44.034074173710934 53.4
      vertex 39.38268343236509 44.076120467488714 48.699999999999996
      vertex 39.38268343236509 44.076120467488714 53.4
    endloop
  endfacet
  facet normal 0.4422886902189873 -0.8968727415326953 0
    outer loop
      vertex 39.38268343236509 44.076120467488714 53.4
      vertex 39.5 44.13397459621556 48.699999999999996
      vertex 39.5 44.13397459621556 53.4
    endloop
  endfacet
  facet normal -0.5555702330196167 -0.8314696123025355 0
    outer loop
      vertex 38.39123857099128 44.20664665970877 53.4
      vertex 38.5 44.13397459621556 48.699999999999996
      vertex 38.5 44.13397459621556 53.4
    endloop
  endfacet
  facet normal -0.6593458151000808 -0.7518398074789668 0
    outer loop
      vertex 38.292893218813454 44.292893218813454 53.4
      vertex 38.39123857099128 44.20664665970877 48.699999999999996
      vertex 38.39123857099128 44.20664665970877 53.4
    endloop
  endfacet
  facet normal -0.7518398074789668 -0.6593458151000808 0
    outer loop
      vertex 38.20664665970877 44.39123857099128 53.4
      vertex 38.292893218813454 44.292893218813454 48.699999999999996
      vertex 38.292893218813454 44.292893218813454 53.4
    endloop
  endfacet
  facet normal -0.8314696123025355 -0.5555702330196167 0
    outer loop
      vertex 38.13397459621556 44.5 53.4
      vertex 38.20664665970877 44.39123857099128 48.699999999999996
      vertex 38.20664665970877 44.39123857099128 53.4
    endloop
  endfacet
  facet normal -0.9469301294951115 -0.32143946530314454 0
    outer loop
      vertex 38.034074173710934 44.74118095489748 53.4
      vertex 38.076120467488714 44.61731656763491 48.699999999999996
      vertex 38.076120467488714 44.61731656763491 53.4
    endloop
  endfacet
  facet normal -0.9807852804032308 -0.1950903220161262 0
    outer loop
      vertex 38.00855513862619 44.86947380777995 53.4
      vertex 38.034074173710934 44.74118095489748 48.699999999999996
      vertex 38.034074173710934 44.74118095489748 53.4
    endloop
  endfacet
  facet normal -0.8968727415326953 -0.4422886902189873 0
    outer loop
      vertex 38.076120467488714 44.61731656763491 53.4
      vertex 38.13397459621556 44.5 48.699999999999996
      vertex 38.13397459621556 44.5 53.4
    endloop
  endfacet
  facet normal -0.997858923238602 -0.06540312923016546 0
    outer loop
      vertex 38 45 53.4
      vertex 38.00855513862619 44.86947380777995 48.699999999999996
      vertex 38.00855513862619 44.86947380777995 53.4
    endloop
  endfacet
  facet normal -0.997858923238602 0.06540312923016546 0
    outer loop
      vertex 38.00855513862619 45.13052619222005 53.4
      vertex 38 45 48.699999999999996
      vertex 38 45 53.4
    endloop
  endfacet
  facet normal -0.9807852804032308 0.1950903220161262 0
    outer loop
      vertex 38.034074173710934 45.25881904510252 53.4
      vertex 38.00855513862619 45.13052619222005 48.699999999999996
      vertex 38.00855513862619 45.13052619222005 53.4
    endloop
  endfacet
  facet normal -0.9469301294951115 0.32143946530314454 0
    outer loop
      vertex 38.076120467488714 45.38268343236509 53.4
      vertex 38.034074173710934 45.25881904510252 48.699999999999996
      vertex 38.034074173710934 45.25881904510252 53.4
    endloop
  endfacet
  facet normal -0.8968727415326953 0.4422886902189873 0
    outer loop
      vertex 38.076120467488714 45.38268343236509 53.4
      vertex 38.13397459621556 45.5 53.4
      vertex 38.076120467488714 45.38268343236509 48.699999999999996
    endloop
  endfacet
  facet normal -0.8314696123025355 0.5555702330196167 0
    outer loop
      vertex 38.20664665970877 45.60876142900872 53.4
      vertex 38.13397459621556 45.5 48.699999999999996
      vertex 38.13397459621556 45.5 53.4
    endloop
  endfacet
  facet normal -0.7518398074789668 0.6593458151000808 0
    outer loop
      vertex 38.20664665970877 45.60876142900872 53.4
      vertex 38.292893218813454 45.707106781186546 53.4
      vertex 38.20664665970877 45.60876142900872 48.699999999999996
    endloop
  endfacet
  facet normal -0.6593458151000808 0.7518398074789668 0
    outer loop
      vertex 38.39123857099128 45.79335334029123 53.4
      vertex 38.292893218813454 45.707106781186546 48.699999999999996
      vertex 38.292893218813454 45.707106781186546 53.4
    endloop
  endfacet
  facet normal -0.5555702330196167 0.8314696123025355 0
    outer loop
      vertex 38.39123857099128 45.79335334029123 53.4
      vertex 38.5 45.86602540378444 53.4
      vertex 38.39123857099128 45.79335334029123 48.699999999999996
    endloop
  endfacet
  facet normal -0.4422886902189873 0.8968727415326953 0
    outer loop
      vertex 38.61731656763491 45.923879532511286 53.4
      vertex 38.5 45.86602540378444 48.699999999999996
      vertex 38.5 45.86602540378444 53.4
    endloop
  endfacet
  facet normal -0.32143946530314454 0.9469301294951115 0
    outer loop
      vertex 38.61731656763491 45.923879532511286 53.4
      vertex 38.74118095489748 45.965925826289066 53.4
      vertex 38.61731656763491 45.923879532511286 48.699999999999996
    endloop
  endfacet
  facet normal -0.1950903220161262 0.9807852804032308 0
    outer loop
      vertex 38.74118095489748 45.965925826289066 53.4
      vertex 38.86947380777995 45.99144486137381 53.4
      vertex 38.74118095489748 45.965925826289066 48.699999999999996
    endloop
  endfacet
  facet normal -0.06540312923016546 0.997858923238602 0
    outer loop
      vertex 38.86947380777995 45.99144486137381 53.4
      vertex 39 46 53.4
      vertex 38.86947380777995 45.99144486137381 48.699999999999996
    endloop
  endfacet
  facet normal 0.06540312923016546 0.997858923238602 0
    outer loop
      vertex 39 46 53.4
      vertex 39.13052619222005 45.99144486137381 53.4
      vertex 39 46 48.699999999999996
    endloop
  endfacet
  facet normal 0.1950903220161262 0.9807852804032308 0
    outer loop
      vertex 39.13052619222005 45.99144486137381 53.4
      vertex 39.25881904510252 45.965925826289066 53.4
      vertex 39.13052619222005 45.99144486137381 48.699999999999996
    endloop
  endfacet
  facet normal 0.32143946530314454 0.9469301294951115 0
    outer loop
      vertex 39.25881904510252 45.965925826289066 53.4
      vertex 39.38268343236509 45.923879532511286 53.4
      vertex 39.25881904510252 45.965925826289066 48.699999999999996
    endloop
  endfacet
  facet normal 0.5555702330196167 -0.8314696123025355 0
    outer loop
      vertex 39.5 44.13397459621556 53.4
      vertex 39.60876142900872 44.20664665970877 48.699999999999996
      vertex 39.60876142900872 44.20664665970877 53.4
    endloop
  endfacet
  facet normal 0.6593458151000808 -0.7518398074789668 0
    outer loop
      vertex 39.707106781186546 44.292893218813454 53.4
      vertex 39.60876142900872 44.20664665970877 53.4
      vertex 39.707106781186546 44.292893218813454 48.699999999999996
    endloop
  endfacet
  facet normal 0.7518398074789668 -0.6593458151000808 0
    outer loop
      vertex 39.707106781186546 44.292893218813454 53.4
      vertex 39.79335334029123 44.39123857099128 48.699999999999996
      vertex 39.79335334029123 44.39123857099128 53.4
    endloop
  endfacet
  facet normal 0.8314696123025355 -0.5555702330196167 0
    outer loop
      vertex 39.79335334029123 44.39123857099128 53.4
      vertex 39.86602540378444 44.5 48.699999999999996
      vertex 39.86602540378444 44.5 53.4
    endloop
  endfacet
  facet normal 0.8968727415326953 -0.4422886902189873 0
    outer loop
      vertex 39.923879532511286 44.61731656763491 53.4
      vertex 39.86602540378444 44.5 53.4
      vertex 39.923879532511286 44.61731656763491 48.699999999999996
    endloop
  endfacet
  facet normal 0.9469301294951115 -0.32143946530314454 0
    outer loop
      vertex 39.965925826289066 44.74118095489748 53.4
      vertex 39.923879532511286 44.61731656763491 53.4
      vertex 39.965925826289066 44.74118095489748 48.699999999999996
    endloop
  endfacet
  facet normal 0.9807852804032308 -0.1950903220161262 0
    outer loop
      vertex 39.99144486137381 44.86947380777995 53.4
      vertex 39.965925826289066 44.74118095489748 53.4
      vertex 39.99144486137381 44.86947380777995 48.699999999999996
    endloop
  endfacet
  facet normal 0.997858923238602 -0.06540312923016546 0
    outer loop
      vertex 40 45 53.4
      vertex 39.99144486137381 44.86947380777995 53.4
      vertex 40 45 48.699999999999996
    endloop
  endfacet
  facet normal 0.997858923238602 0.06540312923016546 0
    outer loop
      vertex 39.99144486137381 45.13052619222005 53.4
      vertex 40 45 53.4
      vertex 39.99144486137381 45.13052619222005 48.699999999999996
    endloop
  endfacet
  facet normal 0.9469301294951115 0.32143946530314454 0
    outer loop
      vertex 39.923879532511286 45.38268343236509 53.4
      vertex 39.965925826289066 45.25881904510252 53.4
      vertex 39.923879532511286 45.38268343236509 48.699999999999996
    endloop
  endfacet
  facet normal 0.9807852804032308 0.1950903220161262 0
    outer loop
      vertex 39.965925826289066 45.25881904510252 53.4
      vertex 39.99144486137381 45.13052619222005 53.4
      vertex 39.965925826289066 45.25881904510252 48.699999999999996
    endloop
  endfacet
  facet normal 0.8968727415326953 0.4422886902189873 0
    outer loop
      vertex 39.86602540378444 45.5 53.4
      vertex 39.923879532511286 45.38268343236509 53.4
      vertex 39.86602540378444 45.5 48.699999999999996
    endloop
  endfacet
  facet normal 0.7518398074789668 0.6593458151000808 0
    outer loop
      vertex 39.707106781186546 45.707106781186546 53.4
      vertex 39.79335334029123 45.60876142900872 53.4
      vertex 39.707106781186546 45.707106781186546 48.699999999999996
    endloop
  endfacet
  facet normal 0.4422886902189873 0.8968727415326953 0
    outer loop
      vertex 39.38268343236509 45.923879532511286 53.4
      vertex 39.5 45.86602540378444 53.4
      vertex 39.38268343236509 45.923879532511286 48.699999999999996
    endloop
  endfacet
  facet normal 0.5555702330196167 0.8314696123025355 0
    outer loop
      vertex 39.5 45.86602540378444 53.4
      vertex 39.60876142900872 45.79335334029123 53.4
      vertex 39.5 45.86602540378444 48.699999999999996
    endloop
  endfacet
  facet normal 0.6593458151000808 0.7518398074789668 0
    outer loop
      vertex 39.60876142900872 45.79335334029123 53.4
      vertex 39.707106781186546 45.707106781186546 53.4
      vertex 39.60876142900872 45.79335334029123 48.699999999999996
    endloop
  endfacet
  facet normal 0.8314696123025355 0.5555702330196167 0
    outer loop
      vertex 39.79335334029123 45.60876142900872 53.4
      vertex 39.86602540378444 45.5 53.4
      vertex 39.79335334029123 45.60876142900872 48.699999999999996
    endloop
  endfacet
  facet normal 0 0 1
    outer loop
      vertex 38.076120467488714 45.38268343236509 53.4
      vertex 38.076120467488714 44.61731656763491 53.4
      vertex 38.13397459621556 44.5 53.4
    endloop
  endfacet
  facet normal 0 0 1
    outer loop
      vertex 38.13397459621556 45.5 53.4
      vertex 38.13397459621556 44.5 53.4
      vertex 38.20664665970877 44.39123857099128 53.4
    endloop
  endfacet
  facet normal 0 0 1
    outer loop
      vertex 38.20664665970877 45.60876142900872 53.4
      vertex 38.20664665970877 44.39123857099128 53.4
      vertex 38.292893218813454 44.292893218813454 53.4
    endloop
  endfacet
  facet normal 0 0 1
    outer loop
      vertex 38.292893218813454 45.707106781186546 53.4
      vertex 38.292893218813454 44.292893218813454 53.4
      vertex 38.39123857099128 44.20664665970877 53.4
    endloop
  endfacet
  facet normal 0 0 1
    outer loop
      vertex 38.39123857099128 45.79335334029123 53.4
      vertex 38.39123857099128 44.20664665970877 53.4
      vertex 38.5 44.13397459621556 53.4
    endloop
  endfacet
  facet normal 0 0 1
    outer loop
      vertex 38.5 45.86602540378444 53.4
      vertex 38.5 44.13397459621556 53.4
      vertex 38.61731656763491 44.076120467488714 53.4
    endloop
  endfacet
  facet normal 0 0 1
    outer loop
      vertex 38.61731656763491 45.923879532511286 53.4
      vertex 38.61731656763491 44.076120467488714 53.4
      vertex 38.74118095489748 44.034074173710934 53.4
    endloop
  endfacet
  facet normal 0 0 1
    outer loop
      vertex 38.74118095489748 45.965925826289066 53.4
      vertex 38.74118095489748 44.034074173710934 53.4
      vertex 38.86947380777995 44.00855513862619 53.4
    endloop
  endfacet
  facet normal 0 0 1
    outer loop
      vertex 38.86947380777995 45.99144486137381 53.4
      vertex 38.86947380777995 44.00855513862619 53.4
      vertex 39 44 53.4
    endloop
  endfacet
  facet normal 0 0 1
    outer loop
      vertex 39 46 53.4
      vertex 39 44 53.4
      vertex 39.13052619222005 44.00855513862619 53.4
    endloop
  endfacet
  facet normal 0 0 1
    outer loop
      vertex 39.13052619222005 45.99144486137381 53.4
      vertex 39.13052619222005 44.00855513862619 53.4
      vertex 39.25881904510252 44.034074173710934 53.4
    endloop
  endfacet
  facet normal 0 0 1
    outer loop
      vertex 39.25881904510252 45.965925826289066 53.4
      vertex 39.25881904510252 44.034074173710934 53.4
      vertex 39.38268343236509 44.076120467488714 53.4
    endloop
  endfacet
  facet normal 0 0 1
    outer loop
      vertex 38.00855513862619 45.13052619222005 53.4
      vertex 38.00855513862619 44.86947380777995 53.4
      vertex 38.034074173710934 44.74118095489748 53.4
    endloop
  endfacet
  facet normal 0 0 1
    outer loop
      vertex 38.034074173710934 45.25881904510252 53.4
      vertex 38.034074173710934 44.74118095489748 53.4
      vertex 38.076120467488714 44.61731656763491 53.4
    endloop
  endfacet
  facet normal 0 0 1
    outer loop
      vertex 38.00855513862619 45.13052619222005 53.4
      vertex 38 45 53.4
      vertex 38.00855513862619 44.86947380777995 53.4
    endloop
  endfacet
  facet normal 0 0 1
    outer loop
      vertex 38.076120467488714 45.38268343236509 53.4
      vertex 38.034074173710934 45.25881904510252 53.4
      vertex 38.076120467488714 44.61731656763491 53.4
    endloop
  endfacet
  facet normal 0 0 1
    outer loop
      vertex 38.034074173710934 45.25881904510252 53.4
      vertex 38.00855513862619 45.13052619222005 53.4
      vertex 38.034074173710934 44.74118095489748 53.4
    endloop
  endfacet
  facet normal 0 0 1
    outer loop
      vertex 38.076120467488714 45.38268343236509 53.4
      vertex 38.13397459621556 44.5 53.4
      vertex 38.13397459621556 45.5 53.4
    endloop
  endfacet
  facet normal 0 0 1
    outer loop
      vertex 38.20664665970877 45.60876142900872 53.4
      vertex 38.13397459621556 45.5 53.4
      vertex 38.20664665970877 44.39123857099128 53.4
    endloop
  endfacet
  facet normal 0 0 1
    outer loop
      vertex 38.20664665970877 45.60876142900872 53.4
      vertex 38.292893218813454 44.292893218813454 53.4
      vertex 38.292893218813454 45.707106781186546 53.4
    endloop
  endfacet
  facet normal 0 0 1
    outer loop
      vertex 38.39123857099128 45.79335334029123 53.4
      vertex 38.5 44.13397459621556 53.4
      vertex 38.5 45.86602540378444 53.4
    endloop
  endfacet
  facet normal 0 0 1
    outer loop
      vertex 38.39123857099128 45.79335334029123 53.4
      vertex 38.292893218813454 45.707106781186546 53.4
      vertex 38.39123857099128 44.20664665970877 53.4
    endloop
  endfacet
  facet normal 0 0 1
    outer loop
      vertex 38.61731656763491 45.923879532511286 53.4
      vertex 38.5 45.86602540378444 53.4
      vertex 38.61731656763491 44.076120467488714 53.4
    endloop
  endfacet
  facet normal 0 0 1
    outer loop
      vertex 38.61731656763491 45.923879532511286 53.4
      vertex 38.74118095489748 44.034074173710934 53.4
      vertex 38.74118095489748 45.965925826289066 53.4
    endloop
  endfacet
  facet normal 0 0 1
    outer loop
      vertex 38.74118095489748 45.965925826289066 53.4
      vertex 38.86947380777995 44.00855513862619 53.4
      vertex 38.86947380777995 45.99144486137381 53.4
    endloop
  endfacet
  facet normal 0 0 1
    outer loop
      vertex 38.86947380777995 45.99144486137381 53.4
      vertex 39 44 53.4
      vertex 39 46 53.4
    endloop
  endfacet
  facet normal 0 0 1
    outer loop
      vertex 39 46 53.4
      vertex 39.13052619222005 44.00855513862619 53.4
      vertex 39.13052619222005 45.99144486137381 53.4
    endloop
  endfacet
  facet normal 0 0 1
    outer loop
      vertex 39.13052619222005 45.99144486137381 53.4
      vertex 39.25881904510252 44.034074173710934 53.4
      vertex 39.25881904510252 45.965925826289066 53.4
    endloop
  endfacet
  facet normal 0 0 1
    outer loop
      vertex 39.38268343236509 45.923879532511286 53.4
      vertex 39.38268343236509 44.076120467488714 53.4
      vertex 39.5 44.13397459621556 53.4
    endloop
  endfacet
  facet normal 0 0 1
    outer loop
      vertex 39.5 45.86602540378444 53.4
      vertex 39.5 44.13397459621556 53.4
      vertex 39.60876142900872 44.20664665970877 53.4
    endloop
  endfacet
  facet normal 0 0 1
    outer loop
      vertex 39.60876142900872 45.79335334029123 53.4
      vertex 39.60876142900872 44.20664665970877 53.4
      vertex 39.707106781186546 44.292893218813454 53.4
    endloop
  endfacet
  facet normal 0 0 1
    outer loop
      vertex 39.707106781186546 45.707106781186546 53.4
      vertex 39.707106781186546 44.292893218813454 53.4
      vertex 39.79335334029123 44.39123857099128 53.4
    endloop
  endfacet
  facet normal 0 0 1
    outer loop
      vertex 39.79335334029123 45.60876142900872 53.4
      vertex 39.79335334029123 44.39123857099128 53.4
      vertex 39.86602540378444 44.5 53.4
    endloop
  endfacet
  facet normal 0 0 1
    outer loop
      vertex 39.923879532511286 45.38268343236509 53.4
      vertex 39.923879532511286 44.61731656763491 53.4
      vertex 39.965925826289066 44.74118095489748 53.4
    endloop
  endfacet
  facet normal 0 0 1
    outer loop
      vertex 39.86602540378444 45.5 53.4
      vertex 39.86602540378444 44.5 53.4
      vertex 39.923879532511286 44.61731656763491 53.4
    endloop
  endfacet
  facet normal 0 0 1
    outer loop
      vertex 39.99144486137381 45.13052619222005 53.4
      vertex 39.99144486137381 44.86947380777995 53.4
      vertex 40 45 53.4
    endloop
  endfacet
  facet normal 0 0 1
    outer loop
      vertex 39.965925826289066 45.25881904510252 53.4
      vertex 39.965925826289066 44.74118095489748 53.4
      vertex 39.99144486137381 44.86947380777995 53.4
    endloop
  endfacet
  facet normal 0 0 1
    outer loop
      vertex 39.79335334029123 45.60876142900872 53.4
      vertex 39.86602540378444 44.5 53.4
      vertex 39.86602540378444 45.5 53.4
    endloop
  endfacet
  facet normal 0 0 1
    outer loop
      vertex 39.86602540378444 45.5 53.4
      vertex 39.923879532511286 44.61731656763491 53.4
      vertex 39.923879532511286 45.38268343236509 53.4
    endloop
  endfacet
  facet normal 0 0 1
    outer loop
      vertex 39.965925826289066 45.25881904510252 53.4
      vertex 39.99144486137381 44.86947380777995 53.4
      vertex 39.99144486137381 45.13052619222005 53.4
    endloop
  endfacet
  facet normal 0 0 1
    outer loop
      vertex 39.923879532511286 45.38268343236509 53.4
      vertex 39.965925826289066 44.74118095489748 53.4
      vertex 39.965925826289066 45.25881904510252 53.4
    endloop
  endfacet
  facet normal 0 0 1
    outer loop
      vertex 39.25881904510252 45.965925826289066 53.4
      vertex 39.38268343236509 44.076120467488714 53.4
      vertex 39.38268343236509 45.923879532511286 53.4
    endloop
  endfacet
  facet normal 0 0 1
    outer loop
      vertex 39.38268343236509 45.923879532511286 53.4
      vertex 39.5 44.13397459621556 53.4
      vertex 39.5 45.86602540378444 53.4
    endloop
  endfacet
  facet normal 0 0 1
    outer loop
      vertex 39.5 45.86602540378444 53.4
      vertex 39.60876142900872 44.20664665970877 53.4
      vertex 39.60876142900872 45.79335334029123 53.4
    endloop
  endfacet
  facet normal 0 0 1
    outer loop
      vertex 39.60876142900872 45.79335334029123 53.4
      vertex 39.707106781186546 44.292893218813454 53.4
      vertex 39.707106781186546 45.707106781186546 53.4
    endloop
  endfacet
  facet normal 0 0 1
    outer loop
      vertex 39.707106781186546 45.707106781186546 53.4
      vertex 39.79335334029123 44.39123857099128 53.4
      vertex 39.79335334029123 45.60876142900872 53.4
    endloop
  endfacet
  facet normal 0 0 -1
    outer loop
      vertex -94.76536686473018 43.15224093497743 47.4
      vertex -94.51763809020504 45.59692014984383 47.4
      vertex -94.51763809020504 43.06814834742186 47.4
    endloop
  endfacet
  facet normal 0 0 -1
    outer loop
      vertex -94.51763809020504 43.06814834742186 47.4
      vertex -94.51763809020504 45.59692014984383 47.4
      vertex -94.2610523844401 43.01711027725238 47.4
    endloop
  endfacet
  facet normal 0 0 -1
    outer loop
      vertex -93.7389476155599 43.01711027725238 47.4
      vertex -94 43 47.4
      vertex -94.2610523844401 43.01711027725238 47.4
    endloop
  endfacet
  facet normal 0 0 -1
    outer loop
      vertex -93.7389476155599 44.03483229026056 47.4
      vertex -93.7389476155599 43.01711027725238 47.4
      vertex -94.2610523844401 43.01711027725238 47.4
    endloop
  endfacet
  facet normal 0 0 -1
    outer loop
      vertex -93.7389476155599 43.01711027725238 47.4
      vertex -93.67072469844308 44.05799085002795 47.4
      vertex -93.48236190979496 43.06814834742186 47.4
    endloop
  endfacet
  facet normal 0 0 -1
    outer loop
      vertex -93.7389476155599 44.06814834742186 47.4
      vertex -93.7389476155599 44.03483229026056 47.4
      vertex -94.2610523844401 43.01711027725238 47.4
    endloop
  endfacet
  facet normal 0 0 -1
    outer loop
      vertex -93.48236190979496 43.06814834742186 47.4
      vertex -93.67072469844308 44.05799085002795 47.4
      vertex -93.48236190979496 44.14575999130427 47.4
    endloop
  endfacet
  facet normal 0 0 -1
    outer loop
      vertex -93.7389476155599 43.01711027725238 47.4
      vertex -93.7389476155599 44.03483229026056 47.4
      vertex -93.67072469844308 44.05799085002795 47.4
    endloop
  endfacet
  facet normal 0 0 -1
    outer loop
      vertex -93.7389476155599 44.06814834742186 47.4
      vertex -93.67072469844308 44.05799085002795 47.4
      vertex -93.7389476155599 44.03483229026056 47.4
    endloop
  endfacet
  facet normal 0 0 -1
    outer loop
      vertex -93.48236190979496 43.06814834742186 47.4
      vertex -93.40849659887179 44.19511521414639 47.4
      vertex -93.23463313526982 43.15224093497743 47.4
    endloop
  endfacet
  facet normal 0 0 -1
    outer loop
      vertex -93.23463313526982 43.15224093497743 47.4
      vertex -93.39123857099128 44.45842183755693 47.4
      vertex -93 43.267949192431125 47.4
    endloop
  endfacet
  facet normal 0 0 -1
    outer loop
      vertex -93.48236190979496 43.06814834742186 47.4
      vertex -93.48236190979496 44.14575999130427 47.4
      vertex -93.40849659887179 44.19511521414639 47.4
    endloop
  endfacet
  facet normal 0 0 -1
    outer loop
      vertex -93.23463313526982 43.15224093497743 47.4
      vertex -93.40849659887179 44.19511521414639 47.4
      vertex -93.39123857099128 44.45842183755693 47.4
    endloop
  endfacet
  facet normal 0 0 -1
    outer loop
      vertex -95.84775906502257 45.76536686473018 47.4
      vertex -95.84775906502257 44.23463313526982 47.4
      vertex -95.93185165257813 44.48236190979496 47.4
    endloop
  endfacet
  facet normal 0 0 -1
    outer loop
      vertex -95.73205080756888 46 47.4
      vertex -95.73205080756888 44 47.4
      vertex -95.84775906502257 44.23463313526982 47.4
    endloop
  endfacet
  facet normal 0 0 -1
    outer loop
      vertex -95.58670668058247 46.21752285801744 47.4
      vertex -95.58670668058247 43.78247714198256 47.4
      vertex -95.73205080756888 44 47.4
    endloop
  endfacet
  facet normal 0 0 -1
    outer loop
      vertex -95.41421356237309 46.41421356237309 47.4
      vertex -95.41421356237309 43.58578643762691 47.4
      vertex -95.58670668058247 43.78247714198256 47.4
    endloop
  endfacet
  facet normal 0 0 -1
    outer loop
      vertex -95.21752285801745 46.58670668058247 47.4
      vertex -95.21752285801745 43.41329331941753 47.4
      vertex -95.41421356237309 43.58578643762691 47.4
    endloop
  endfacet
  facet normal 0 0 -1
    outer loop
      vertex -95 46.732050807568875 47.4
      vertex -95 43.267949192431125 47.4
      vertex -95.21752285801745 43.41329331941753 47.4
    endloop
  endfacet
  facet normal 0 0 -1
    outer loop
      vertex -94.76536686473018 43.15224093497743 47.4
      vertex -95 43.267949192431125 47.4
      vertex -95 46.732050807568875 47.4
    endloop
  endfacet
  facet normal 0 0 -1
    outer loop
      vertex -94.38268343236508 45.1271585376582 47.4
      vertex -94.2610523844401 43.01711027725238 47.4
      vertex -94.51763809020504 45.59692014984383 47.4
    endloop
  endfacet
  facet normal 0 0 -1
    outer loop
      vertex -94.51763809020504 45.59692014984383 47.4
      vertex -94.76536686473018 43.15224093497743 47.4
      vertex -94.60876142900872 45.54157816244307 47.4
    endloop
  endfacet
  facet normal 0 0 -1
    outer loop
      vertex -95.93185165257813 45.51763809020504 47.4
      vertex -95.93185165257813 44.48236190979496 47.4
      vertex -95.98288972274761 44.738947615559894 47.4
    endloop
  endfacet
  facet normal 0 0 -1
    outer loop
      vertex -95.98288972274761 45.261052384440106 47.4
      vertex -95.98288972274761 44.738947615559894 47.4
      vertex -96 45 47.4
    endloop
  endfacet
  facet normal 0 0 -1
    outer loop
      vertex -95.93185165257813 45.51763809020504 47.4
      vertex -95.98288972274761 44.738947615559894 47.4
      vertex -95.98288972274761 45.261052384440106 47.4
    endloop
  endfacet
  facet normal 0 0 -1
    outer loop
      vertex -95.84775906502257 45.76536686473018 47.4
      vertex -95.93185165257813 44.48236190979496 47.4
      vertex -95.93185165257813 45.51763809020504 47.4
    endloop
  endfacet
  facet normal 0 0 -1
    outer loop
      vertex -95.84775906502257 45.76536686473018 47.4
      vertex -95.73205080756888 46 47.4
      vertex -95.84775906502257 44.23463313526982 47.4
    endloop
  endfacet
  facet normal 0 0 -1
    outer loop
      vertex -95.58670668058247 46.21752285801744 47.4
      vertex -95.73205080756888 44 47.4
      vertex -95.73205080756888 46 47.4
    endloop
  endfacet
  facet normal 0 0 -1
    outer loop
      vertex -95.58670668058247 46.21752285801744 47.4
      vertex -95.41421356237309 46.41421356237309 47.4
      vertex -95.58670668058247 43.78247714198256 47.4
    endloop
  endfacet
  facet normal 0 0 -1
    outer loop
      vertex -95.21752285801745 46.58670668058247 47.4
      vertex -95.41421356237309 43.58578643762691 47.4
      vertex -95.41421356237309 46.41421356237309 47.4
    endloop
  endfacet
  facet normal 0 0 -1
    outer loop
      vertex -94.76536686473018 46.84775906502257 47.4
      vertex -94.60876142900872 45.54157816244307 47.4
      vertex -94.76536686473018 43.15224093497743 47.4
    endloop
  endfacet
  facet normal 0 0 -1
    outer loop
      vertex -94.38268343236508 45.1271585376582 47.4
      vertex -94.51763809020504 45.59692014984383 47.4
      vertex -94.32927530155692 45.94200914997205 47.4
    endloop
  endfacet
  facet normal 0 0 -1
    outer loop
      vertex -93.48236190979496 44.40307985015617 47.4
      vertex -93.48236190979496 44.14575999130427 47.4
      vertex -93.67072469844308 44.05799085002795 47.4
    endloop
  endfacet
  facet normal 0 0 -1
    outer loop
      vertex -93.7389476155599 44.06814834742186 47.4
      vertex -93.61731656763492 44.8728414623418 47.4
      vertex -93.67072469844308 44.05799085002795 47.4
    endloop
  endfacet
  facet normal 0 0 -1
    outer loop
      vertex -93.48236190979496 44.40307985015617 47.4
      vertex -93.67072469844308 44.05799085002795 47.4
      vertex -93.61731656763492 44.8728414623418 47.4
    endloop
  endfacet
  facet normal 0 0 -1
    outer loop
      vertex -94.2610523844401 45.93185165257814 47.4
      vertex -94.2610523844401 43.01711027725238 47.4
      vertex -94.38268343236508 45.1271585376582 47.4
    endloop
  endfacet
  facet normal 0 0 -1
    outer loop
      vertex -93.7389476155599 46.98288972274762 47.4
      vertex -93.7389476155599 44.06814834742186 47.4
      vertex -94.2610523844401 43.01711027725238 47.4
    endloop
  endfacet
  facet normal 0 0 -1
    outer loop
      vertex -93.48236190979496 44.40307985015617 47.4
      vertex -93.40849659887179 44.19511521414639 47.4
      vertex -93.48236190979496 44.14575999130427 47.4
    endloop
  endfacet
  facet normal 0 0 -1
    outer loop
      vertex -93.48236190979496 44.40307985015617 47.4
      vertex -93.39123857099128 44.45842183755693 47.4
      vertex -93.40849659887179 44.19511521414639 47.4
    endloop
  endfacet
  facet normal 0 0 -1
    outer loop
      vertex -92.78247714198255 46.58670668058247 47.4
      vertex -92.78247714198255 43.41329331941753 47.4
      vertex -93 43.267949192431125 47.4
    endloop
  endfacet
  facet normal 0 0 -1
    outer loop
      vertex -94 47 47.4
      vertex -94.2610523844401 43.01711027725238 47.4
      vertex -94.2610523844401 45.93185165257814 47.4
    endloop
  endfacet
  facet normal 0 0 -1
    outer loop
      vertex -93.7389476155599 46.98288972274762 47.4
      vertex -93.61731656763492 44.8728414623418 47.4
      vertex -93.7389476155599 44.06814834742186 47.4
    endloop
  endfacet
  facet normal 0 0 -1
    outer loop
      vertex -93.48236190979496 44.40307985015617 47.4
      vertex -93.61731656763492 44.8728414623418 47.4
      vertex -93.7389476155599 46.98288972274762 47.4
    endloop
  endfacet
  facet normal 0 0 -1
    outer loop
      vertex -93 43.267949192431125 47.4
      vertex -93.39123857099128 44.45842183755693 47.4
      vertex -93.23463313526982 46.84775906502257 47.4
    endloop
  endfacet
  facet normal 0 0 -1
    outer loop
      vertex -93.39123857099128 44.45842183755693 47.4
      vertex -93.48236190979496 44.40307985015617 47.4
      vertex -93.48236190979496 46.93185165257814 47.4
    endloop
  endfacet
  facet normal 0 0 -1
    outer loop
      vertex -93 46.732050807568875 47.4
      vertex -92.78247714198255 46.58670668058247 47.4
      vertex -93 43.267949192431125 47.4
    endloop
  endfacet
  facet normal 0 0 -1
    outer loop
      vertex -92.78247714198255 46.58670668058247 47.4
      vertex -92.58578643762691 46.41421356237309 47.4
      vertex -92.78247714198255 43.41329331941753 47.4
    endloop
  endfacet
  facet normal 0 0 -1
    outer loop
      vertex -95.21752285801745 46.58670668058247 47.4
      vertex -95 46.732050807568875 47.4
      vertex -95.21752285801745 43.41329331941753 47.4
    endloop
  endfacet
  facet normal 0 0 -1
    outer loop
      vertex -94.76536686473018 46.84775906502257 47.4
      vertex -94.76536686473018 43.15224093497743 47.4
      vertex -95 46.732050807568875 47.4
    endloop
  endfacet
  facet normal 0 0 -1
    outer loop
      vertex -94.51763809020504 45.59692014984383 47.4
      vertex -94.60876142900872 45.54157816244307 47.4
      vertex -94.59150340112821 45.80488478585361 47.4
    endloop
  endfacet
  facet normal 0 0 -1
    outer loop
      vertex -94.76536686473018 46.84775906502257 47.4
      vertex -94.59150340112821 45.80488478585361 47.4
      vertex -94.60876142900872 45.54157816244307 47.4
    endloop
  endfacet
  facet normal 0 0 -1
    outer loop
      vertex -94.51763809020504 46.93185165257814 47.4
      vertex -94.51763809020504 45.59692014984383 47.4
      vertex -94.59150340112821 45.80488478585361 47.4
    endloop
  endfacet
  facet normal 0 0 -1
    outer loop
      vertex -94.51763809020504 46.93185165257814 47.4
      vertex -94.32927530155692 45.94200914997205 47.4
      vertex -94.51763809020504 45.59692014984383 47.4
    endloop
  endfacet
  facet normal 0 0 -1
    outer loop
      vertex -94.76536686473018 46.84775906502257 47.4
      vertex -94.51763809020504 46.93185165257814 47.4
      vertex -94.59150340112821 45.80488478585361 47.4
    endloop
  endfacet
  facet normal 0 0 -1
    outer loop
      vertex -94.51763809020504 46.93185165257814 47.4
      vertex -94.2610523844401 46.98288972274762 47.4
      vertex -94.32927530155692 45.94200914997205 47.4
    endloop
  endfacet
  facet normal 0 0 -1
    outer loop
      vertex -94.2610523844401 45.93185165257814 47.4
      vertex -94.38268343236508 45.1271585376582 47.4
      vertex -94.32927530155692 45.94200914997205 47.4
    endloop
  endfacet
  facet normal 0 0 -1
    outer loop
      vertex -94 47 47.4
      vertex -93.7389476155599 46.98288972274762 47.4
      vertex -94.2610523844401 43.01711027725238 47.4
    endloop
  endfacet
  facet normal 0 0 -1
    outer loop
      vertex -93.48236190979496 46.93185165257814 47.4
      vertex -93.48236190979496 44.40307985015617 47.4
      vertex -93.7389476155599 46.98288972274762 47.4
    endloop
  endfacet
  facet normal 0 0 -1
    outer loop
      vertex -93 46.732050807568875 47.4
      vertex -93 43.267949192431125 47.4
      vertex -93.23463313526982 46.84775906502257 47.4
    endloop
  endfacet
  facet normal 0 0 -1
    outer loop
      vertex -93.23463313526982 46.84775906502257 47.4
      vertex -93.39123857099128 44.45842183755693 47.4
      vertex -93.48236190979496 46.93185165257814 47.4
    endloop
  endfacet
  facet normal 0 0 -1
    outer loop
      vertex -94.2610523844401 46.98288972274762 47.4
      vertex -94.2610523844401 45.93185165257814 47.4
      vertex -94.32927530155692 45.94200914997205 47.4
    endloop
  endfacet
  facet normal 0 0 -1
    outer loop
      vertex -94.2610523844401 46.98288972274762 47.4
      vertex -94 47 47.4
      vertex -94.2610523844401 45.93185165257814 47.4
    endloop
  endfacet
  facet normal 0 0 -1
    outer loop
      vertex -92.58578643762691 46.41421356237309 47.4
      vertex -92.58578643762691 43.58578643762691 47.4
      vertex -92.78247714198255 43.41329331941753 47.4
    endloop
  endfacet
  facet normal 0 0 -1
    outer loop
      vertex -92.41329331941753 46.21752285801744 47.4
      vertex -92.41329331941753 43.78247714198256 47.4
      vertex -92.58578643762691 43.58578643762691 47.4
    endloop
  endfacet
  facet normal 0 0 -1
    outer loop
      vertex -92.26794919243112 46 47.4
      vertex -92.26794919243112 44 47.4
      vertex -92.41329331941753 43.78247714198256 47.4
    endloop
  endfacet
  facet normal 0 0 -1
    outer loop
      vertex -92.15224093497743 45.76536686473018 47.4
      vertex -92.15224093497743 44.23463313526982 47.4
      vertex -92.26794919243112 44 47.4
    endloop
  endfacet
  facet normal 0 0 -1
    outer loop
      vertex -92.06814834742187 45.51763809020504 47.4
      vertex -92.06814834742187 44.48236190979496 47.4
      vertex -92.15224093497743 44.23463313526982 47.4
    endloop
  endfacet
  facet normal 0 0 -1
    outer loop
      vertex -92.01711027725239 45.261052384440106 47.4
      vertex -92.01711027725239 44.738947615559894 47.4
      vertex -92.06814834742187 44.48236190979496 47.4
    endloop
  endfacet
  facet normal 0 0 -1
    outer loop
      vertex -92.01711027725239 45.261052384440106 47.4
      vertex -92 45 47.4
      vertex -92.01711027725239 44.738947615559894 47.4
    endloop
  endfacet
  facet normal 0 0 -1
    outer loop
      vertex -92.15224093497743 45.76536686473018 47.4
      vertex -92.06814834742187 45.51763809020504 47.4
      vertex -92.15224093497743 44.23463313526982 47.4
    endloop
  endfacet
  facet normal 0 0 -1
    outer loop
      vertex -92.06814834742187 45.51763809020504 47.4
      vertex -92.01711027725239 45.261052384440106 47.4
      vertex -92.06814834742187 44.48236190979496 47.4
    endloop
  endfacet
  facet normal 0 0 -1
    outer loop
      vertex -92.41329331941753 46.21752285801744 47.4
      vertex -92.26794919243112 46 47.4
      vertex -92.41329331941753 43.78247714198256 47.4
    endloop
  endfacet
  facet normal 0 0 -1
    outer loop
      vertex -92.58578643762691 46.41421356237309 47.4
      vertex -92.41329331941753 46.21752285801744 47.4
      vertex -92.58578643762691 43.58578643762691 47.4
    endloop
  endfacet
  facet normal 0 0 -1
    outer loop
      vertex -92.26794919243112 46 47.4
      vertex -92.15224093497743 45.76536686473018 47.4
      vertex -92.26794919243112 44 47.4
    endloop
  endfacet
  facet normal -0.5964006465728711 -0.5230293295580677 0.608889636296677
    outer loop
      vertex -95.58670668058247 43.78247714198256 47.4
      vertex -95.41421356237309 43.58578643762691 47.4
      vertex -94.79335334029123 44.39123857099128 48.699999999999996
    endloop
  endfacet
  facet normal -0.6595673831712963 -0.4407088357034241 0.6088896362966779
    outer loop
      vertex -95.73205080756888 44 47.4
      vertex -95.58670668058247 43.78247714198256 47.4
      vertex -94.79335334029123 44.39123857099128 48.699999999999996
    endloop
  endfacet
  facet normal -0.5230293295580905 -0.596400646572851 0.608889636296677
    outer loop
      vertex -95.41421356237309 43.58578643762691 47.4
      vertex -95.21752285801745 43.41329331941753 47.4
      vertex -94.70710678118655 44.292893218813454 48.699999999999996
    endloop
  endfacet
  facet normal -0.4407088357033834 -0.6595673831713214 0.6088896362966801
    outer loop
      vertex -95.21752285801745 43.41329331941753 47.4
      vertex -95 43.267949192431125 47.4
      vertex -94.60876142900872 44.20664665970877 48.699999999999996
    endloop
  endfacet
  facet normal -0.3508476914822849 -0.7114487389770617 0.6088896362966773
    outer loop
      vertex -95 43.267949192431125 47.4
      vertex -94.76536686473018 43.15224093497743 47.4
      vertex -94.5 44.13397459621556 48.699999999999996
    endloop
  endfacet
  facet normal -0.25498344598654077 -0.7511570096080619 0.6088896362966798
    outer loop
      vertex -94.76536686473018 43.15224093497743 47.4
      vertex -94.51763809020504 43.06814834742186 47.4
      vertex -94.38268343236508 44.076120467488714 48.699999999999996
    endloop
  endfacet
  facet normal -0.15475636303519372 -0.7780127755446026 0.6088896362966799
    outer loop
      vertex -94.51763809020504 43.06814834742186 47.4
      vertex -94.2610523844401 43.01711027725238 47.4
      vertex -94.25881904510253 44.034074173710934 48.699999999999996
    endloop
  endfacet
  facet normal -0.051881355805749985 -0.7915565271856796 0.6088896362966804
    outer loop
      vertex -94.2610523844401 43.01711027725238 47.4
      vertex -94 43 47.4
      vertex -94.13052619222005 44.00855513862619 48.699999999999996
    endloop
  endfacet
  facet normal 0.051881355805749985 -0.7915565271856796 0.6088896362966804
    outer loop
      vertex -94 43 47.4
      vertex -93.7389476155599 43.01711027725238 47.4
      vertex -93.86947380777995 44.00855513862619 48.699999999999996
    endloop
  endfacet
  facet normal 0.15475636303519372 -0.7780127755446027 0.6088896362966799
    outer loop
      vertex -93.7389476155599 43.01711027725238 47.4
      vertex -93.48236190979496 43.06814834742186 47.4
      vertex -93.74118095489747 44.034074173710934 48.699999999999996
    endloop
  endfacet
  facet normal 0.25498344598654077 -0.7511570096080619 0.6088896362966798
    outer loop
      vertex -93.48236190979496 43.06814834742186 47.4
      vertex -93.23463313526982 43.15224093497743 47.4
      vertex -93.61731656763492 44.076120467488714 48.699999999999996
    endloop
  endfacet
  facet normal 0.3508476914822849 -0.7114487389770617 0.6088896362966773
    outer loop
      vertex -93.23463313526982 43.15224093497743 47.4
      vertex -93 43.267949192431125 47.4
      vertex -93.5 44.13397459621556 48.699999999999996
    endloop
  endfacet
  facet normal 0.4407088357033834 -0.6595673831713214 0.6088896362966801
    outer loop
      vertex -93 43.267949192431125 47.4
      vertex -92.78247714198255 43.41329331941753 47.4
      vertex -93.39123857099128 44.20664665970877 48.699999999999996
    endloop
  endfacet
  facet normal 0.5230293295580905 -0.596400646572851 0.608889636296677
    outer loop
      vertex -92.58578643762691 43.58578643762691 47.4
      vertex -93.29289321881345 44.292893218813454 48.699999999999996
      vertex -92.78247714198255 43.41329331941753 47.4
    endloop
  endfacet
  facet normal 0.5964006465728711 -0.5230293295580677 0.608889636296677
    outer loop
      vertex -92.58578643762691 43.58578643762691 47.4
      vertex -92.41329331941753 43.78247714198256 47.4
      vertex -93.20664665970877 44.39123857099128 48.699999999999996
    endloop
  endfacet
  facet normal 0.6595673831712963 -0.4407088357034241 0.6088896362966779
    outer loop
      vertex -92.41329331941753 43.78247714198256 47.4
      vertex -92.26794919243112 44 47.4
      vertex -93.20664665970877 44.39123857099128 48.699999999999996
    endloop
  endfacet
  facet normal -0.25498344598654743 -0.7511570096080601 0.6088896362966791
    outer loop
      vertex -94.51763809020504 43.06814834742186 47.4
      vertex -94.25881904510253 44.034074173710934 48.699999999999996
      vertex -94.38268343236508 44.076120467488714 48.699999999999996
    endloop
  endfacet
  facet normal -0.5964006465728842 -0.5230293295580548 0.6088896362966751
    outer loop
      vertex -95.41421356237309 43.58578643762691 47.4
      vertex -94.70710678118655 44.292893218813454 48.699999999999996
      vertex -94.79335334029123 44.39123857099128 48.699999999999996
    endloop
  endfacet
  facet normal -0.5230293295580551 -0.596400646572878 0.608889636296681
    outer loop
      vertex -95.21752285801745 43.41329331941753 47.4
      vertex -94.60876142900872 44.20664665970877 48.699999999999996
      vertex -94.70710678118655 44.292893218813454 48.699999999999996
    endloop
  endfacet
  facet normal -0.4407088357034148 -0.6595673831713036 0.6088896362966767
    outer loop
      vertex -95 43.267949192431125 47.4
      vertex -94.5 44.13397459621556 48.699999999999996
      vertex -94.60876142900872 44.20664665970877 48.699999999999996
    endloop
  endfacet
  facet normal -0.35084769148224887 -0.7114487389770763 0.6088896362966811
    outer loop
      vertex -94.76536686473018 43.15224093497743 47.4
      vertex -94.38268343236508 44.076120467488714 48.699999999999996
      vertex -94.5 44.13397459621556 48.699999999999996
    endloop
  endfacet
  facet normal -0.15475636303517654 -0.7780127755446048 0.6088896362966816
    outer loop
      vertex -94.2610523844401 43.01711027725238 47.4
      vertex -94.13052619222005 44.00855513862619 48.699999999999996
      vertex -94.25881904510253 44.034074173710934 48.699999999999996
    endloop
  endfacet
  facet normal -0.05188135580577427 -0.7915565271856797 0.608889636296678
    outer loop
      vertex -94 43 47.4
      vertex -94 44 48.699999999999996
      vertex -94.13052619222005 44.00855513862619 48.699999999999996
    endloop
  endfacet
  facet normal 0.05188135580577427 -0.7915565271856797 0.608889636296678
    outer loop
      vertex -94 43 47.4
      vertex -93.86947380777995 44.00855513862619 48.699999999999996
      vertex -94 44 48.699999999999996
    endloop
  endfacet
  facet normal 0.15475636303517654 -0.7780127755446048 0.6088896362966816
    outer loop
      vertex -93.7389476155599 43.01711027725238 47.4
      vertex -93.74118095489747 44.034074173710934 48.699999999999996
      vertex -93.86947380777995 44.00855513862619 48.699999999999996
    endloop
  endfacet
  facet normal 0.25498344598654743 -0.7511570096080601 0.6088896362966791
    outer loop
      vertex -93.48236190979496 43.06814834742186 47.4
      vertex -93.61731656763492 44.076120467488714 48.699999999999996
      vertex -93.74118095489747 44.034074173710934 48.699999999999996
    endloop
  endfacet
  facet normal 0.35084769148224887 -0.7114487389770763 0.6088896362966811
    outer loop
      vertex -93.23463313526982 43.15224093497743 47.4
      vertex -93.5 44.13397459621556 48.699999999999996
      vertex -93.61731656763492 44.076120467488714 48.699999999999996
    endloop
  endfacet
  facet normal 0.4407088357034148 -0.6595673831713036 0.6088896362966767
    outer loop
      vertex -93 43.267949192431125 47.4
      vertex -93.39123857099128 44.20664665970877 48.699999999999996
      vertex -93.5 44.13397459621556 48.699999999999996
    endloop
  endfacet
  facet normal 0.5230293295580551 -0.596400646572878 0.608889636296681
    outer loop
      vertex -92.78247714198255 43.41329331941753 47.4
      vertex -93.29289321881345 44.292893218813454 48.699999999999996
      vertex -93.39123857099128 44.20664665970877 48.699999999999996
    endloop
  endfacet
  facet normal 0.5964006465728842 -0.5230293295580548 0.6088896362966751
    outer loop
      vertex -92.58578643762691 43.58578643762691 47.4
      vertex -93.20664665970877 44.39123857099128 48.699999999999996
      vertex -93.29289321881345 44.292893218813454 48.699999999999996
    endloop
  endfacet
  facet normal -0.7114487389770674 -0.35084769148226613 0.6088896362966816
    outer loop
      vertex -95.84775906502257 44.23463313526982 47.4
      vertex -95.73205080756888 44 47.4
      vertex -94.86602540378443 44.5 48.699999999999996
    endloop
  endfacet
  facet normal -0.7511570096080714 -0.2549834459865225 0.6088896362966757
    outer loop
      vertex -95.93185165257813 44.48236190979496 47.4
      vertex -95.84775906502257 44.23463313526982 47.4
      vertex -94.9238795325113 44.61731656763491 48.699999999999996
    endloop
  endfacet
  facet normal -0.7780127755446042 -0.15475636303519405 0.6088896362966778
    outer loop
      vertex -95.98288972274761 44.738947615559894 47.4
      vertex -95.93185165257813 44.48236190979496 47.4
      vertex -94.96592582628907 44.74118095489748 48.699999999999996
    endloop
  endfacet
  facet normal -0.7915565271856798 -0.051881355805771544 0.608889636296678
    outer loop
      vertex -96 45 47.4
      vertex -95.98288972274761 44.738947615559894 47.4
      vertex -94.99144486137381 44.86947380777995 48.699999999999996
    endloop
  endfacet
  facet normal -0.7915565271856798 0.051881355805771544 0.608889636296678
    outer loop
      vertex -95.98288972274761 45.261052384440106 47.4
      vertex -96 45 47.4
      vertex -94.99144486137381 45.13052619222005 48.699999999999996
    endloop
  endfacet
  facet normal -0.7780127755446042 0.15475636303519405 0.6088896362966778
    outer loop
      vertex -95.93185165257813 45.51763809020504 47.4
      vertex -95.98288972274761 45.261052384440106 47.4
      vertex -94.96592582628907 45.25881904510252 48.699999999999996
    endloop
  endfacet
  facet normal -0.7511570096080714 0.2549834459865225 0.6088896362966757
    outer loop
      vertex -95.84775906502257 45.76536686473018 47.4
      vertex -95.93185165257813 45.51763809020504 47.4
      vertex -94.9238795325113 45.38268343236509 48.699999999999996
    endloop
  endfacet
  facet normal -0.7114487389770674 0.35084769148226613 0.6088896362966816
    outer loop
      vertex -95.84775906502257 45.76536686473018 47.4
      vertex -94.86602540378443 45.5 48.699999999999996
      vertex -95.73205080756888 46 47.4
    endloop
  endfacet
  facet normal -0.6595673831712963 0.4407088357034241 0.6088896362966779
    outer loop
      vertex -95.58670668058247 46.21752285801744 47.4
      vertex -95.73205080756888 46 47.4
      vertex -94.79335334029123 45.60876142900872 48.699999999999996
    endloop
  endfacet
  facet normal -0.5964006465728711 0.5230293295580677 0.608889636296677
    outer loop
      vertex -95.58670668058247 46.21752285801744 47.4
      vertex -94.79335334029123 45.60876142900872 48.699999999999996
      vertex -95.41421356237309 46.41421356237309 47.4
    endloop
  endfacet
  facet normal -0.5230293295580905 0.596400646572851 0.608889636296677
    outer loop
      vertex -95.21752285801745 46.58670668058247 47.4
      vertex -95.41421356237309 46.41421356237309 47.4
      vertex -94.70710678118655 45.707106781186546 48.699999999999996
    endloop
  endfacet
  facet normal -0.4407088357033834 0.6595673831713214 0.6088896362966801
    outer loop
      vertex -95.21752285801745 46.58670668058247 47.4
      vertex -94.60876142900872 45.79335334029123 48.699999999999996
      vertex -95 46.732050807568875 47.4
    endloop
  endfacet
  facet normal -0.3508476914822849 0.7114487389770617 0.6088896362966773
    outer loop
      vertex -94.76536686473018 46.84775906502257 47.4
      vertex -95 46.732050807568875 47.4
      vertex -94.5 45.86602540378444 48.699999999999996
    endloop
  endfacet
  facet normal -0.25498344598654077 0.7511570096080619 0.6088896362966798
    outer loop
      vertex -94.76536686473018 46.84775906502257 47.4
      vertex -94.38268343236508 45.923879532511286 48.699999999999996
      vertex -94.51763809020504 46.93185165257814 47.4
    endloop
  endfacet
  facet normal 0.5964006465728711 0.5230293295580677 0.608889636296677
    outer loop
      vertex -92.58578643762691 46.41421356237309 47.4
      vertex -93.20664665970877 45.60876142900872 48.699999999999996
      vertex -92.41329331941753 46.21752285801744 47.4
    endloop
  endfacet
  facet normal 0.5230293295580905 0.596400646572851 0.608889636296677
    outer loop
      vertex -92.78247714198255 46.58670668058247 47.4
      vertex -93.29289321881345 45.707106781186546 48.699999999999996
      vertex -92.58578643762691 46.41421356237309 47.4
    endloop
  endfacet
  facet normal -0.15475636303519372 0.7780127755446026 0.6088896362966799
    outer loop
      vertex -94.51763809020504 46.93185165257814 47.4
      vertex -94.25881904510253 45.965925826289066 48.699999999999996
      vertex -94.2610523844401 46.98288972274762 47.4
    endloop
  endfacet
  facet normal 0.15475636303519372 0.7780127755446027 0.6088896362966799
    outer loop
      vertex -93.7389476155599 46.98288972274762 47.4
      vertex -93.74118095489747 45.965925826289066 48.699999999999996
      vertex -93.48236190979496 46.93185165257814 47.4
    endloop
  endfacet
  facet normal -0.051881355805749985 0.7915565271856796 0.6088896362966804
    outer loop
      vertex -94.2610523844401 46.98288972274762 47.4
      vertex -94.13052619222005 45.99144486137381 48.699999999999996
      vertex -94 47 47.4
    endloop
  endfacet
  facet normal 0.051881355805749985 0.7915565271856796 0.6088896362966804
    outer loop
      vertex -94 47 47.4
      vertex -93.86947380777995 45.99144486137381 48.699999999999996
      vertex -93.7389476155599 46.98288972274762 47.4
    endloop
  endfacet
  facet normal 0.25498344598654077 0.7511570096080619 0.6088896362966798
    outer loop
      vertex -93.48236190979496 46.93185165257814 47.4
      vertex -93.61731656763492 45.923879532511286 48.699999999999996
      vertex -93.23463313526982 46.84775906502257 47.4
    endloop
  endfacet
  facet normal 0.3508476914822849 0.7114487389770617 0.6088896362966773
    outer loop
      vertex -93.23463313526982 46.84775906502257 47.4
      vertex -93.5 45.86602540378444 48.699999999999996
      vertex -93 46.732050807568875 47.4
    endloop
  endfacet
  facet normal 0.4407088357033834 0.6595673831713214 0.6088896362966801
    outer loop
      vertex -93 46.732050807568875 47.4
      vertex -93.39123857099128 45.79335334029123 48.699999999999996
      vertex -92.78247714198255 46.58670668058247 47.4
    endloop
  endfacet
  facet normal 0.7114487389770674 -0.35084769148226613 0.6088896362966816
    outer loop
      vertex -92.15224093497743 44.23463313526982 47.4
      vertex -93.13397459621557 44.5 48.699999999999996
      vertex -92.26794919243112 44 47.4
    endloop
  endfacet
  facet normal 0.7511570096080714 -0.2549834459865225 0.6088896362966757
    outer loop
      vertex -92.06814834742187 44.48236190979496 47.4
      vertex -93.0761204674887 44.61731656763491 48.699999999999996
      vertex -92.15224093497743 44.23463313526982 47.4
    endloop
  endfacet
  facet normal 0.7780127755446042 -0.15475636303519405 0.6088896362966778
    outer loop
      vertex -92.01711027725239 44.738947615559894 47.4
      vertex -93.03407417371093 44.74118095489748 48.699999999999996
      vertex -92.06814834742187 44.48236190979496 47.4
    endloop
  endfacet
  facet normal 0.7915565271856798 -0.051881355805771544 0.608889636296678
    outer loop
      vertex -92 45 47.4
      vertex -93.00855513862619 44.86947380777995 48.699999999999996
      vertex -92.01711027725239 44.738947615559894 47.4
    endloop
  endfacet
  facet normal 0.7915565271856798 0.051881355805771544 0.608889636296678
    outer loop
      vertex -92.01711027725239 45.261052384440106 47.4
      vertex -93.00855513862619 45.13052619222005 48.699999999999996
      vertex -92 45 47.4
    endloop
  endfacet
  facet normal 0.7780127755446042 0.15475636303519405 0.6088896362966778
    outer loop
      vertex -92.06814834742187 45.51763809020504 47.4
      vertex -93.03407417371093 45.25881904510252 48.699999999999996
      vertex -92.01711027725239 45.261052384440106 47.4
    endloop
  endfacet
  facet normal 0.7511570096080714 0.2549834459865225 0.6088896362966757
    outer loop
      vertex -92.15224093497743 45.76536686473018 47.4
      vertex -93.0761204674887 45.38268343236509 48.699999999999996
      vertex -92.06814834742187 45.51763809020504 47.4
    endloop
  endfacet
  facet normal 0.7114487389770674 0.35084769148226613 0.6088896362966816
    outer loop
      vertex -92.26794919243112 46 47.4
      vertex -93.13397459621557 45.5 48.699999999999996
      vertex -92.15224093497743 45.76536686473018 47.4
    endloop
  endfacet
  facet normal 0.6595673831712963 0.4407088357034241 0.6088896362966779
    outer loop
      vertex -92.41329331941753 46.21752285801744 47.4
      vertex -93.20664665970877 45.60876142900872 48.699999999999996
      vertex -92.26794919243112 46 47.4
    endloop
  endfacet
  facet normal -0.7114487389770382 -0.3508476914823383 0.6088896362966741
    outer loop
      vertex -95.84775906502257 44.23463313526982 47.4
      vertex -94.86602540378443 44.5 48.699999999999996
      vertex -94.9238795325113 44.61731656763491 48.699999999999996
    endloop
  endfacet
  facet normal -0.7511570096080816 -0.25498344598648304 0.6088896362966794
    outer loop
      vertex -95.93185165257813 44.48236190979496 47.4
      vertex -94.9238795325113 44.61731656763491 48.699999999999996
      vertex -94.96592582628907 44.74118095489748 48.699999999999996
    endloop
  endfacet
  facet normal -0.7780127755446044 -0.15475636303519355 0.6088896362966777
    outer loop
      vertex -95.98288972274761 44.738947615559894 47.4
      vertex -94.96592582628907 44.74118095489748 48.699999999999996
      vertex -94.99144486137381 44.86947380777995 48.699999999999996
    endloop
  endfacet
  facet normal -0.65956738317132 -0.4407088357033822 0.6088896362966826
    outer loop
      vertex -95.73205080756888 44 47.4
      vertex -94.79335334029123 44.39123857099128 48.699999999999996
      vertex -94.86602540378443 44.5 48.699999999999996
    endloop
  endfacet
  facet normal -0.7915565271856798 -0.05188135580577145 0.608889636296678
    outer loop
      vertex -96 45 47.4
      vertex -94.99144486137381 44.86947380777995 48.699999999999996
      vertex -95 45 48.699999999999996
    endloop
  endfacet
  facet normal -0.7915565271856798 0.05188135580577145 0.608889636296678
    outer loop
      vertex -96 45 47.4
      vertex -95 45 48.699999999999996
      vertex -94.99144486137381 45.13052619222005 48.699999999999996
    endloop
  endfacet
  facet normal -0.7780127755446044 0.15475636303519355 0.6088896362966777
    outer loop
      vertex -95.98288972274761 45.261052384440106 47.4
      vertex -94.99144486137381 45.13052619222005 48.699999999999996
      vertex -94.96592582628907 45.25881904510252 48.699999999999996
    endloop
  endfacet
  facet normal -0.7511570096080816 0.25498344598648304 0.6088896362966794
    outer loop
      vertex -95.93185165257813 45.51763809020504 47.4
      vertex -94.96592582628907 45.25881904510252 48.699999999999996
      vertex -94.9238795325113 45.38268343236509 48.699999999999996
    endloop
  endfacet
  facet normal -0.7114487389770382 0.3508476914823383 0.6088896362966741
    outer loop
      vertex -95.84775906502257 45.76536686473018 47.4
      vertex -94.9238795325113 45.38268343236509 48.699999999999996
      vertex -94.86602540378443 45.5 48.699999999999996
    endloop
  endfacet
  facet normal 0.65956738317132 -0.4407088357033822 0.6088896362966826
    outer loop
      vertex -92.26794919243112 44 47.4
      vertex -93.13397459621557 44.5 48.699999999999996
      vertex -93.20664665970877 44.39123857099128 48.699999999999996
    endloop
  endfacet
  facet normal 0.7114487389770382 -0.3508476914823383 0.6088896362966741
    outer loop
      vertex -92.15224093497743 44.23463313526982 47.4
      vertex -93.0761204674887 44.61731656763491 48.699999999999996
      vertex -93.13397459621557 44.5 48.699999999999996
    endloop
  endfacet
  facet normal 0.7511570096080816 -0.25498344598648304 0.6088896362966794
    outer loop
      vertex -92.06814834742187 44.48236190979496 47.4
      vertex -93.03407417371093 44.74118095489748 48.699999999999996
      vertex -93.0761204674887 44.61731656763491 48.699999999999996
    endloop
  endfacet
  facet normal 0.7511570096080816 0.25498344598648304 0.6088896362966794
    outer loop
      vertex -92.06814834742187 45.51763809020504 47.4
      vertex -93.0761204674887 45.38268343236509 48.699999999999996
      vertex -93.03407417371093 45.25881904510252 48.699999999999996
    endloop
  endfacet
  facet normal 0.7114487389770382 0.3508476914823383 0.6088896362966741
    outer loop
      vertex -92.15224093497743 45.76536686473018 47.4
      vertex -93.13397459621557 45.5 48.699999999999996
      vertex -93.0761204674887 45.38268343236509 48.699999999999996
    endloop
  endfacet
  facet normal -0.65956738317132 0.4407088357033822 0.6088896362966826
    outer loop
      vertex -95.73205080756888 46 47.4
      vertex -94.86602540378443 45.5 48.699999999999996
      vertex -94.79335334029123 45.60876142900872 48.699999999999996
    endloop
  endfacet
  facet normal -0.5964006465728842 0.5230293295580548 0.6088896362966751
    outer loop
      vertex -95.41421356237309 46.41421356237309 47.4
      vertex -94.79335334029123 45.60876142900872 48.699999999999996
      vertex -94.70710678118655 45.707106781186546 48.699999999999996
    endloop
  endfacet
  facet normal -0.5230293295580551 0.596400646572878 0.608889636296681
    outer loop
      vertex -95.21752285801745 46.58670668058247 47.4
      vertex -94.70710678118655 45.707106781186546 48.699999999999996
      vertex -94.60876142900872 45.79335334029123 48.699999999999996
    endloop
  endfacet
  facet normal -0.4407088357034148 0.6595673831713036 0.6088896362966767
    outer loop
      vertex -95 46.732050807568875 47.4
      vertex -94.60876142900872 45.79335334029123 48.699999999999996
      vertex -94.5 45.86602540378444 48.699999999999996
    endloop
  endfacet
  facet normal -0.35084769148224887 0.7114487389770763 0.6088896362966811
    outer loop
      vertex -94.76536686473018 46.84775906502257 47.4
      vertex -94.5 45.86602540378444 48.699999999999996
      vertex -94.38268343236508 45.923879532511286 48.699999999999996
    endloop
  endfacet
  facet normal -0.25498344598654743 0.7511570096080601 0.6088896362966791
    outer loop
      vertex -94.51763809020504 46.93185165257814 47.4
      vertex -94.38268343236508 45.923879532511286 48.699999999999996
      vertex -94.25881904510253 45.965925826289066 48.699999999999996
    endloop
  endfacet
  facet normal 0.25498344598654743 0.7511570096080601 0.6088896362966791
    outer loop
      vertex -93.48236190979496 46.93185165257814 47.4
      vertex -93.74118095489747 45.965925826289066 48.699999999999996
      vertex -93.61731656763492 45.923879532511286 48.699999999999996
    endloop
  endfacet
  facet normal 0.65956738317132 0.4407088357033822 0.6088896362966826
    outer loop
      vertex -92.26794919243112 46 47.4
      vertex -93.20664665970877 45.60876142900872 48.699999999999996
      vertex -93.13397459621557 45.5 48.699999999999996
    endloop
  endfacet
  facet normal 0.5964006465728842 0.5230293295580548 0.6088896362966751
    outer loop
      vertex -92.58578643762691 46.41421356237309 47.4
      vertex -93.29289321881345 45.707106781186546 48.699999999999996
      vertex -93.20664665970877 45.60876142900872 48.699999999999996
    endloop
  endfacet
  facet normal 0.5230293295580551 0.596400646572878 0.608889636296681
    outer loop
      vertex -92.78247714198255 46.58670668058247 47.4
      vertex -93.39123857099128 45.79335334029123 48.699999999999996
      vertex -93.29289321881345 45.707106781186546 48.699999999999996
    endloop
  endfacet
  facet normal 0.35084769148224887 0.7114487389770763 0.6088896362966811
    outer loop
      vertex -93.23463313526982 46.84775906502257 47.4
      vertex -93.61731656763492 45.923879532511286 48.699999999999996
      vertex -93.5 45.86602540378444 48.699999999999996
    endloop
  endfacet
  facet normal 0.4407088357034148 0.6595673831713036 0.6088896362966767
    outer loop
      vertex -93 46.732050807568875 47.4
      vertex -93.5 45.86602540378444 48.699999999999996
      vertex -93.39123857099128 45.79335334029123 48.699999999999996
    endloop
  endfacet
  facet normal -0.15475636303517654 0.7780127755446048 0.6088896362966816
    outer loop
      vertex -94.2610523844401 46.98288972274762 47.4
      vertex -94.25881904510253 45.965925826289066 48.699999999999996
      vertex -94.13052619222005 45.99144486137381 48.699999999999996
    endloop
  endfacet
  facet normal -0.05188135580577427 0.7915565271856797 0.608889636296678
    outer loop
      vertex -94 47 47.4
      vertex -94.13052619222005 45.99144486137381 48.699999999999996
      vertex -94 46 48.699999999999996
    endloop
  endfacet
  facet normal 0.05188135580577427 0.7915565271856797 0.608889636296678
    outer loop
      vertex -94 47 47.4
      vertex -94 46 48.699999999999996
      vertex -93.86947380777995 45.99144486137381 48.699999999999996
    endloop
  endfacet
  facet normal 0.15475636303517654 0.7780127755446048 0.6088896362966816
    outer loop
      vertex -93.7389476155599 46.98288972274762 47.4
      vertex -93.86947380777995 45.99144486137381 48.699999999999996
      vertex -93.74118095489747 45.965925826289066 48.699999999999996
    endloop
  endfacet
  facet normal 0.7780127755446044 -0.15475636303519355 0.6088896362966777
    outer loop
      vertex -92.01711027725239 44.738947615559894 47.4
      vertex -93.00855513862619 44.86947380777995 48.699999999999996
      vertex -93.03407417371093 44.74118095489748 48.699999999999996
    endloop
  endfacet
  facet normal 0.7915565271856798 -0.05188135580577145 0.608889636296678
    outer loop
      vertex -92 45 47.4
      vertex -93 45 48.699999999999996
      vertex -93.00855513862619 44.86947380777995 48.699999999999996
    endloop
  endfacet
  facet normal 0.7915565271856798 0.05188135580577145 0.608889636296678
    outer loop
      vertex -92 45 47.4
      vertex -93.00855513862619 45.13052619222005 48.699999999999996
      vertex -93 45 48.699999999999996
    endloop
  endfacet
  facet normal 0.7780127755446044 0.15475636303519355 0.6088896362966777
    outer loop
      vertex -92.01711027725239 45.261052384440106 47.4
      vertex -93.03407417371093 45.25881904510252 48.699999999999996
      vertex -93.00855513862619 45.13052619222005 48.699999999999996
    endloop
  endfacet
  facet normal -0.4422886902189657 -0.8968727415327059 0
    outer loop
      vertex -94.5 44.13397459621556 53.4
      vertex -94.5 44.13397459621556 48.699999999999996
      vertex -94.38268343236508 44.076120467488714 48.699999999999996
    endloop
  endfacet
  facet normal -0.19509032201610543 -0.980785280403235 0
    outer loop
      vertex -94.25881904510253 44.034074173710934 53.4
      vertex -94.25881904510253 44.034074173710934 48.699999999999996
      vertex -94.13052619222005 44.00855513862619 48.699999999999996
    endloop
  endfacet
  facet normal -0.32143946530317763 -0.9469301294951001 0
    outer loop
      vertex -94.38268343236508 44.076120467488714 53.4
      vertex -94.38268343236508 44.076120467488714 48.699999999999996
      vertex -94.25881904510253 44.034074173710934 48.699999999999996
    endloop
  endfacet
  facet normal -0.065403129230169 -0.9978589232386019 0
    outer loop
      vertex -94.13052619222005 44.00855513862619 53.4
      vertex -94.13052619222005 44.00855513862619 48.699999999999996
      vertex -94 44 48.699999999999996
    endloop
  endfacet
  facet normal 0.065403129230169 -0.9978589232386019 0
    outer loop
      vertex -94 44 53.4
      vertex -94 44 48.699999999999996
      vertex -93.86947380777995 44.00855513862619 48.699999999999996
    endloop
  endfacet
  facet normal 0.19509032201610543 -0.980785280403235 0
    outer loop
      vertex -93.86947380777995 44.00855513862619 53.4
      vertex -93.86947380777995 44.00855513862619 48.699999999999996
      vertex -93.74118095489747 44.034074173710934 48.699999999999996
    endloop
  endfacet
  facet normal 0.32143946530317763 -0.9469301294951001 0
    outer loop
      vertex -93.74118095489747 44.034074173710934 53.4
      vertex -93.74118095489747 44.034074173710934 48.699999999999996
      vertex -93.61731656763492 44.076120467488714 48.699999999999996
    endloop
  endfacet
  facet normal 0.4422886902189657 -0.8968727415327059 0
    outer loop
      vertex -93.61731656763492 44.076120467488714 53.4
      vertex -93.61731656763492 44.076120467488714 48.699999999999996
      vertex -93.5 44.13397459621556 48.699999999999996
    endloop
  endfacet
  facet normal -0.7518398074789937 -0.6593458151000502 0
    outer loop
      vertex -94.79335334029123 44.39123857099128 53.4
      vertex -94.79335334029123 44.39123857099128 48.699999999999996
      vertex -94.70710678118655 44.292893218813454 48.699999999999996
    endloop
  endfacet
  facet normal -0.8314696123025607 -0.5555702330195792 0
    outer loop
      vertex -94.86602540378443 44.5 53.4
      vertex -94.86602540378443 44.5 48.699999999999996
      vertex -94.79335334029123 44.39123857099128 48.699999999999996
    endloop
  endfacet
  facet normal -0.5555702330196167 -0.8314696123025355 0
    outer loop
      vertex -94.60876142900872 44.20664665970877 53.4
      vertex -94.60876142900872 44.20664665970877 48.699999999999996
      vertex -94.5 44.13397459621556 48.699999999999996
    endloop
  endfacet
  facet normal -0.659345815100054 -0.7518398074789905 0
    outer loop
      vertex -94.70710678118655 44.292893218813454 53.4
      vertex -94.70710678118655 44.292893218813454 48.699999999999996
      vertex -94.60876142900872 44.20664665970877 48.699999999999996
    endloop
  endfacet
  facet normal -0.8968727415326522 -0.4422886902190747 0
    outer loop
      vertex -94.9238795325113 44.61731656763491 53.4
      vertex -94.9238795325113 44.61731656763491 48.699999999999996
      vertex -94.86602540378443 44.5 48.699999999999996
    endloop
  endfacet
  facet normal -0.9807852804032308 -0.1950903220161262 0
    outer loop
      vertex -94.99144486137381 44.86947380777995 53.4
      vertex -94.99144486137381 44.86947380777995 48.699999999999996
      vertex -94.96592582628907 44.74118095489748 48.699999999999996
    endloop
  endfacet
  facet normal -0.946930129495128 -0.32143946530309586 0
    outer loop
      vertex -94.96592582628907 44.74118095489748 53.4
      vertex -94.96592582628907 44.74118095489748 48.699999999999996
      vertex -94.9238795325113 44.61731656763491 48.699999999999996
    endloop
  endfacet
  facet normal -0.997858923238602 -0.06540312923016546 0
    outer loop
      vertex -95 45 53.4
      vertex -95 45 48.699999999999996
      vertex -94.99144486137381 44.86947380777995 48.699999999999996
    endloop
  endfacet
  facet normal -0.997858923238602 0.06540312923016546 0
    outer loop
      vertex -94.99144486137381 45.13052619222005 53.4
      vertex -94.99144486137381 45.13052619222005 48.699999999999996
      vertex -95 45 48.699999999999996
    endloop
  endfacet
  facet normal -0.9807852804032308 0.1950903220161262 0
    outer loop
      vertex -94.96592582628907 45.25881904510252 53.4
      vertex -94.96592582628907 45.25881904510252 48.699999999999996
      vertex -94.99144486137381 45.13052619222005 48.699999999999996
    endloop
  endfacet
  facet normal -0.946930129495128 0.32143946530309586 0
    outer loop
      vertex -94.9238795325113 45.38268343236509 53.4
      vertex -94.9238795325113 45.38268343236509 48.699999999999996
      vertex -94.96592582628907 45.25881904510252 48.699999999999996
    endloop
  endfacet
  facet normal -0.8968727415326522 0.4422886902190747 0
    outer loop
      vertex -94.86602540378443 45.5 53.4
      vertex -94.86602540378443 45.5 48.699999999999996
      vertex -94.9238795325113 45.38268343236509 48.699999999999996
    endloop
  endfacet
  facet normal 0.5555702330196167 -0.8314696123025355 0
    outer loop
      vertex -93.5 44.13397459621556 53.4
      vertex -93.5 44.13397459621556 48.699999999999996
      vertex -93.39123857099128 44.20664665970877 48.699999999999996
    endloop
  endfacet
  facet normal 0.659345815100054 -0.7518398074789905 0
    outer loop
      vertex -93.39123857099128 44.20664665970877 53.4
      vertex -93.39123857099128 44.20664665970877 48.699999999999996
      vertex -93.29289321881345 44.292893218813454 48.699999999999996
    endloop
  endfacet
  facet normal 0.7518398074789937 -0.6593458151000502 0
    outer loop
      vertex -93.29289321881345 44.292893218813454 53.4
      vertex -93.29289321881345 44.292893218813454 48.699999999999996
      vertex -93.20664665970877 44.39123857099128 48.699999999999996
    endloop
  endfacet
  facet normal 0.8314696123025607 -0.5555702330195792 0
    outer loop
      vertex -93.20664665970877 44.39123857099128 53.4
      vertex -93.20664665970877 44.39123857099128 48.699999999999996
      vertex -93.13397459621557 44.5 48.699999999999996
    endloop
  endfacet
  facet normal 0.8968727415326522 -0.4422886902190747 0
    outer loop
      vertex -93.13397459621557 44.5 53.4
      vertex -93.13397459621557 44.5 48.699999999999996
      vertex -93.0761204674887 44.61731656763491 48.699999999999996
    endloop
  endfacet
  facet normal 0.946930129495128 -0.32143946530309586 0
    outer loop
      vertex -93.0761204674887 44.61731656763491 53.4
      vertex -93.0761204674887 44.61731656763491 48.699999999999996
      vertex -93.03407417371093 44.74118095489748 48.699999999999996
    endloop
  endfacet
  facet normal 0.9807852804032308 -0.1950903220161262 0
    outer loop
      vertex -93.03407417371093 44.74118095489748 53.4
      vertex -93.03407417371093 44.74118095489748 48.699999999999996
      vertex -93.00855513862619 44.86947380777995 48.699999999999996
    endloop
  endfacet
  facet normal 0.997858923238602 -0.06540312923016546 0
    outer loop
      vertex -93.00855513862619 44.86947380777995 53.4
      vertex -93.00855513862619 44.86947380777995 48.699999999999996
      vertex -93 45 48.699999999999996
    endloop
  endfacet
  facet normal 0.997858923238602 0.06540312923016546 0
    outer loop
      vertex -93 45 53.4
      vertex -93 45 48.699999999999996
      vertex -93.00855513862619 45.13052619222005 48.699999999999996
    endloop
  endfacet
  facet normal 0.9807852804032308 0.1950903220161262 0
    outer loop
      vertex -93.00855513862619 45.13052619222005 53.4
      vertex -93.00855513862619 45.13052619222005 48.699999999999996
      vertex -93.03407417371093 45.25881904510252 48.699999999999996
    endloop
  endfacet
  facet normal 0.8314696123025607 0.5555702330195792 0
    outer loop
      vertex -93.13397459621557 45.5 53.4
      vertex -93.13397459621557 45.5 48.699999999999996
      vertex -93.20664665970877 45.60876142900872 48.699999999999996
    endloop
  endfacet
  facet normal 0.946930129495128 0.32143946530309586 0
    outer loop
      vertex -93.03407417371093 45.25881904510252 53.4
      vertex -93.03407417371093 45.25881904510252 48.699999999999996
      vertex -93.0761204674887 45.38268343236509 48.699999999999996
    endloop
  endfacet
  facet normal 0.8968727415326522 0.4422886902190747 0
    outer loop
      vertex -93.0761204674887 45.38268343236509 53.4
      vertex -93.0761204674887 45.38268343236509 48.699999999999996
      vertex -93.13397459621557 45.5 48.699999999999996
    endloop
  endfacet
  facet normal -0.8314696123025607 0.5555702330195792 0
    outer loop
      vertex -94.79335334029123 45.60876142900872 53.4
      vertex -94.79335334029123 45.60876142900872 48.699999999999996
      vertex -94.86602540378443 45.5 48.699999999999996
    endloop
  endfacet
  facet normal -0.7518398074789937 0.6593458151000502 0
    outer loop
      vertex -94.70710678118655 45.707106781186546 53.4
      vertex -94.70710678118655 45.707106781186546 48.699999999999996
      vertex -94.79335334029123 45.60876142900872 48.699999999999996
    endloop
  endfacet
  facet normal -0.659345815100054 0.7518398074789905 0
    outer loop
      vertex -94.60876142900872 45.79335334029123 53.4
      vertex -94.60876142900872 45.79335334029123 48.699999999999996
      vertex -94.70710678118655 45.707106781186546 48.699999999999996
    endloop
  endfacet
  facet normal -0.5555702330196167 0.8314696123025355 0
    outer loop
      vertex -94.5 45.86602540378444 53.4
      vertex -94.5 45.86602540378444 48.699999999999996
      vertex -94.60876142900872 45.79335334029123 48.699999999999996
    endloop
  endfacet
  facet normal -0.4422886902189657 0.8968727415327059 0
    outer loop
      vertex -94.38268343236508 45.923879532511286 53.4
      vertex -94.38268343236508 45.923879532511286 48.699999999999996
      vertex -94.5 45.86602540378444 48.699999999999996
    endloop
  endfacet
  facet normal 0.4422886902189657 0.8968727415327059 0
    outer loop
      vertex -93.5 45.86602540378444 53.4
      vertex -93.5 45.86602540378444 48.699999999999996
      vertex -93.61731656763492 45.923879532511286 48.699999999999996
    endloop
  endfacet
  facet normal -0.32143946530317763 0.9469301294951001 0
    outer loop
      vertex -94.25881904510253 45.965925826289066 53.4
      vertex -94.25881904510253 45.965925826289066 48.699999999999996
      vertex -94.38268343236508 45.923879532511286 48.699999999999996
    endloop
  endfacet
  facet normal -0.19509032201610543 0.980785280403235 0
    outer loop
      vertex -94.13052619222005 45.99144486137381 53.4
      vertex -94.13052619222005 45.99144486137381 48.699999999999996
      vertex -94.25881904510253 45.965925826289066 48.699999999999996
    endloop
  endfacet
  facet normal -0.065403129230169 0.9978589232386019 0
    outer loop
      vertex -94 46 53.4
      vertex -94 46 48.699999999999996
      vertex -94.13052619222005 45.99144486137381 48.699999999999996
    endloop
  endfacet
  facet normal 0.065403129230169 0.9978589232386019 0
    outer loop
      vertex -93.86947380777995 45.99144486137381 53.4
      vertex -93.86947380777995 45.99144486137381 48.699999999999996
      vertex -94 46 48.699999999999996
    endloop
  endfacet
  facet normal 0.19509032201610543 0.980785280403235 0
    outer loop
      vertex -93.74118095489747 45.965925826289066 53.4
      vertex -93.74118095489747 45.965925826289066 48.699999999999996
      vertex -93.86947380777995 45.99144486137381 48.699999999999996
    endloop
  endfacet
  facet normal 0.32143946530317763 0.9469301294951001 0
    outer loop
      vertex -93.61731656763492 45.923879532511286 53.4
      vertex -93.61731656763492 45.923879532511286 48.699999999999996
      vertex -93.74118095489747 45.965925826289066 48.699999999999996
    endloop
  endfacet
  facet normal 0.659345815100054 0.7518398074789905 0
    outer loop
      vertex -93.29289321881345 45.707106781186546 53.4
      vertex -93.29289321881345 45.707106781186546 48.699999999999996
      vertex -93.39123857099128 45.79335334029123 48.699999999999996
    endloop
  endfacet
  facet normal 0.7518398074789937 0.6593458151000502 0
    outer loop
      vertex -93.20664665970877 45.60876142900872 53.4
      vertex -93.20664665970877 45.60876142900872 48.699999999999996
      vertex -93.29289321881345 45.707106781186546 48.699999999999996
    endloop
  endfacet
  facet normal 0.5555702330196167 0.8314696123025355 0
    outer loop
      vertex -93.39123857099128 45.79335334029123 53.4
      vertex -93.39123857099128 45.79335334029123 48.699999999999996
      vertex -93.5 45.86602540378444 48.699999999999996
    endloop
  endfacet
  facet normal -0.4422886902189657 -0.8968727415327059 0
    outer loop
      vertex -94.5 44.13397459621556 53.4
      vertex -94.38268343236508 44.076120467488714 48.699999999999996
      vertex -94.38268343236508 44.076120467488714 53.4
    endloop
  endfacet
  facet normal -0.19509032201610543 -0.980785280403235 0
    outer loop
      vertex -94.25881904510253 44.034074173710934 53.4
      vertex -94.13052619222005 44.00855513862619 48.699999999999996
      vertex -94.13052619222005 44.00855513862619 53.4
    endloop
  endfacet
  facet normal -0.32143946530317763 -0.9469301294951001 0
    outer loop
      vertex -94.38268343236508 44.076120467488714 53.4
      vertex -94.25881904510253 44.034074173710934 48.699999999999996
      vertex -94.25881904510253 44.034074173710934 53.4
    endloop
  endfacet
  facet normal -0.065403129230169 -0.9978589232386019 0
    outer loop
      vertex -94.13052619222005 44.00855513862619 53.4
      vertex -94 44 48.699999999999996
      vertex -94 44 53.4
    endloop
  endfacet
  facet normal 0.065403129230169 -0.9978589232386019 0
    outer loop
      vertex -94 44 53.4
      vertex -93.86947380777995 44.00855513862619 48.699999999999996
      vertex -93.86947380777995 44.00855513862619 53.4
    endloop
  endfacet
  facet normal 0.19509032201610543 -0.980785280403235 0
    outer loop
      vertex -93.86947380777995 44.00855513862619 53.4
      vertex -93.74118095489747 44.034074173710934 48.699999999999996
      vertex -93.74118095489747 44.034074173710934 53.4
    endloop
  endfacet
  facet normal 0.32143946530317763 -0.9469301294951001 0
    outer loop
      vertex -93.74118095489747 44.034074173710934 53.4
      vertex -93.61731656763492 44.076120467488714 48.699999999999996
      vertex -93.61731656763492 44.076120467488714 53.4
    endloop
  endfacet
  facet normal 0.4422886902189657 -0.8968727415327059 0
    outer loop
      vertex -93.61731656763492 44.076120467488714 53.4
      vertex -93.5 44.13397459621556 48.699999999999996
      vertex -93.5 44.13397459621556 53.4
    endloop
  endfacet
  facet normal -0.8314696123025607 -0.5555702330195792 0
    outer loop
      vertex -94.86602540378443 44.5 53.4
      vertex -94.79335334029123 44.39123857099128 48.699999999999996
      vertex -94.79335334029123 44.39123857099128 53.4
    endloop
  endfacet
  facet normal -0.659345815100054 -0.7518398074789905 0
    outer loop
      vertex -94.70710678118655 44.292893218813454 53.4
      vertex -94.60876142900872 44.20664665970877 48.699999999999996
      vertex -94.60876142900872 44.20664665970877 53.4
    endloop
  endfacet
  facet normal -0.5555702330196167 -0.8314696123025355 0
    outer loop
      vertex -94.60876142900872 44.20664665970877 53.4
      vertex -94.5 44.13397459621556 48.699999999999996
      vertex -94.5 44.13397459621556 53.4
    endloop
  endfacet
  facet normal -0.7518398074789937 -0.6593458151000502 0
    outer loop
      vertex -94.79335334029123 44.39123857099128 53.4
      vertex -94.70710678118655 44.292893218813454 48.699999999999996
      vertex -94.70710678118655 44.292893218813454 53.4
    endloop
  endfacet
  facet normal -0.8968727415326522 -0.4422886902190747 0
    outer loop
      vertex -94.9238795325113 44.61731656763491 53.4
      vertex -94.86602540378443 44.5 48.699999999999996
      vertex -94.86602540378443 44.5 53.4
    endloop
  endfacet
  facet normal -0.946930129495128 -0.32143946530309586 0
    outer loop
      vertex -94.96592582628907 44.74118095489748 53.4
      vertex -94.9238795325113 44.61731656763491 48.699999999999996
      vertex -94.9238795325113 44.61731656763491 53.4
    endloop
  endfacet
  facet normal -0.9807852804032308 -0.1950903220161262 0
    outer loop
      vertex -94.99144486137381 44.86947380777995 53.4
      vertex -94.96592582628907 44.74118095489748 48.699999999999996
      vertex -94.96592582628907 44.74118095489748 53.4
    endloop
  endfacet
  facet normal -0.997858923238602 -0.06540312923016546 0
    outer loop
      vertex -95 45 53.4
      vertex -94.99144486137381 44.86947380777995 48.699999999999996
      vertex -94.99144486137381 44.86947380777995 53.4
    endloop
  endfacet
  facet normal -0.997858923238602 0.06540312923016546 0
    outer loop
      vertex -94.99144486137381 45.13052619222005 53.4
      vertex -95 45 48.699999999999996
      vertex -95 45 53.4
    endloop
  endfacet
  facet normal -0.9807852804032308 0.1950903220161262 0
    outer loop
      vertex -94.96592582628907 45.25881904510252 53.4
      vertex -94.99144486137381 45.13052619222005 48.699999999999996
      vertex -94.99144486137381 45.13052619222005 53.4
    endloop
  endfacet
  facet normal -0.946930129495128 0.32143946530309586 0
    outer loop
      vertex -94.9238795325113 45.38268343236509 53.4
      vertex -94.96592582628907 45.25881904510252 48.699999999999996
      vertex -94.96592582628907 45.25881904510252 53.4
    endloop
  endfacet
  facet normal -0.8968727415326522 0.4422886902190747 0
    outer loop
      vertex -94.9238795325113 45.38268343236509 53.4
      vertex -94.86602540378443 45.5 53.4
      vertex -94.9238795325113 45.38268343236509 48.699999999999996
    endloop
  endfacet
  facet normal -0.8314696123025607 0.5555702330195792 0
    outer loop
      vertex -94.79335334029123 45.60876142900872 53.4
      vertex -94.86602540378443 45.5 48.699999999999996
      vertex -94.86602540378443 45.5 53.4
    endloop
  endfacet
  facet normal 0.5555702330196167 -0.8314696123025355 0
    outer loop
      vertex -93.5 44.13397459621556 53.4
      vertex -93.39123857099128 44.20664665970877 48.699999999999996
      vertex -93.39123857099128 44.20664665970877 53.4
    endloop
  endfacet
  facet normal 0.659345815100054 -0.7518398074789905 0
    outer loop
      vertex -93.29289321881345 44.292893218813454 53.4
      vertex -93.39123857099128 44.20664665970877 53.4
      vertex -93.29289321881345 44.292893218813454 48.699999999999996
    endloop
  endfacet
  facet normal 0.7518398074789937 -0.6593458151000502 0
    outer loop
      vertex -93.29289321881345 44.292893218813454 53.4
      vertex -93.20664665970877 44.39123857099128 48.699999999999996
      vertex -93.20664665970877 44.39123857099128 53.4
    endloop
  endfacet
  facet normal 0.8314696123025607 -0.5555702330195792 0
    outer loop
      vertex -93.20664665970877 44.39123857099128 53.4
      vertex -93.13397459621557 44.5 48.699999999999996
      vertex -93.13397459621557 44.5 53.4
    endloop
  endfacet
  facet normal 0.8968727415326522 -0.4422886902190747 0
    outer loop
      vertex -93.0761204674887 44.61731656763491 53.4
      vertex -93.13397459621557 44.5 53.4
      vertex -93.0761204674887 44.61731656763491 48.699999999999996
    endloop
  endfacet
  facet normal 0.946930129495128 -0.32143946530309586 0
    outer loop
      vertex -93.03407417371093 44.74118095489748 53.4
      vertex -93.0761204674887 44.61731656763491 53.4
      vertex -93.03407417371093 44.74118095489748 48.699999999999996
    endloop
  endfacet
  facet normal 0.9807852804032308 -0.1950903220161262 0
    outer loop
      vertex -93.00855513862619 44.86947380777995 53.4
      vertex -93.03407417371093 44.74118095489748 53.4
      vertex -93.00855513862619 44.86947380777995 48.699999999999996
    endloop
  endfacet
  facet normal 0.997858923238602 -0.06540312923016546 0
    outer loop
      vertex -93 45 53.4
      vertex -93.00855513862619 44.86947380777995 53.4
      vertex -93 45 48.699999999999996
    endloop
  endfacet
  facet normal 0.997858923238602 0.06540312923016546 0
    outer loop
      vertex -93.00855513862619 45.13052619222005 53.4
      vertex -93 45 53.4
      vertex -93.00855513862619 45.13052619222005 48.699999999999996
    endloop
  endfacet
  facet normal 0.8968727415326522 0.4422886902190747 0
    outer loop
      vertex -93.13397459621557 45.5 53.4
      vertex -93.0761204674887 45.38268343236509 53.4
      vertex -93.13397459621557 45.5 48.699999999999996
    endloop
  endfacet
  facet normal 0.9807852804032308 0.1950903220161262 0
    outer loop
      vertex -93.03407417371093 45.25881904510252 53.4
      vertex -93.00855513862619 45.13052619222005 53.4
      vertex -93.03407417371093 45.25881904510252 48.699999999999996
    endloop
  endfacet
  facet normal 0.946930129495128 0.32143946530309586 0
    outer loop
      vertex -93.0761204674887 45.38268343236509 53.4
      vertex -93.03407417371093 45.25881904510252 53.4
      vertex -93.0761204674887 45.38268343236509 48.699999999999996
    endloop
  endfacet
  facet normal -0.7518398074789937 0.6593458151000502 0
    outer loop
      vertex -94.79335334029123 45.60876142900872 53.4
      vertex -94.70710678118655 45.707106781186546 53.4
      vertex -94.79335334029123 45.60876142900872 48.699999999999996
    endloop
  endfacet
  facet normal -0.659345815100054 0.7518398074789905 0
    outer loop
      vertex -94.60876142900872 45.79335334029123 53.4
      vertex -94.70710678118655 45.707106781186546 48.699999999999996
      vertex -94.70710678118655 45.707106781186546 53.4
    endloop
  endfacet
  facet normal -0.5555702330196167 0.8314696123025355 0
    outer loop
      vertex -94.60876142900872 45.79335334029123 53.4
      vertex -94.5 45.86602540378444 53.4
      vertex -94.60876142900872 45.79335334029123 48.699999999999996
    endloop
  endfacet
  facet normal -0.4422886902189657 0.8968727415327059 0
    outer loop
      vertex -94.38268343236508 45.923879532511286 53.4
      vertex -94.5 45.86602540378444 48.699999999999996
      vertex -94.5 45.86602540378444 53.4
    endloop
  endfacet
  facet normal 0.4422886902189657 0.8968727415327059 0
    outer loop
      vertex -93.61731656763492 45.923879532511286 53.4
      vertex -93.5 45.86602540378444 53.4
      vertex -93.61731656763492 45.923879532511286 48.699999999999996
    endloop
  endfacet
  facet normal -0.32143946530317763 0.9469301294951001 0
    outer loop
      vertex -94.38268343236508 45.923879532511286 53.4
      vertex -94.25881904510253 45.965925826289066 53.4
      vertex -94.38268343236508 45.923879532511286 48.699999999999996
    endloop
  endfacet
  facet normal -0.19509032201610543 0.980785280403235 0
    outer loop
      vertex -94.25881904510253 45.965925826289066 53.4
      vertex -94.13052619222005 45.99144486137381 53.4
      vertex -94.25881904510253 45.965925826289066 48.699999999999996
    endloop
  endfacet
  facet normal -0.065403129230169 0.9978589232386019 0
    outer loop
      vertex -94.13052619222005 45.99144486137381 53.4
      vertex -94 46 53.4
      vertex -94.13052619222005 45.99144486137381 48.699999999999996
    endloop
  endfacet
  facet normal 0.065403129230169 0.9978589232386019 0
    outer loop
      vertex -94 46 53.4
      vertex -93.86947380777995 45.99144486137381 53.4
      vertex -94 46 48.699999999999996
    endloop
  endfacet
  facet normal 0.19509032201610543 0.980785280403235 0
    outer loop
      vertex -93.86947380777995 45.99144486137381 53.4
      vertex -93.74118095489747 45.965925826289066 53.4
      vertex -93.86947380777995 45.99144486137381 48.699999999999996
    endloop
  endfacet
  facet normal 0.32143946530317763 0.9469301294951001 0
    outer loop
      vertex -93.74118095489747 45.965925826289066 53.4
      vertex -93.61731656763492 45.923879532511286 53.4
      vertex -93.74118095489747 45.965925826289066 48.699999999999996
    endloop
  endfacet
  facet normal 0.8314696123025607 0.5555702330195792 0
    outer loop
      vertex -93.20664665970877 45.60876142900872 53.4
      vertex -93.13397459621557 45.5 53.4
      vertex -93.20664665970877 45.60876142900872 48.699999999999996
    endloop
  endfacet
  facet normal 0.7518398074789937 0.6593458151000502 0
    outer loop
      vertex -93.29289321881345 45.707106781186546 53.4
      vertex -93.20664665970877 45.60876142900872 53.4
      vertex -93.29289321881345 45.707106781186546 48.699999999999996
    endloop
  endfacet
  facet normal 0.659345815100054 0.7518398074789905 0
    outer loop
      vertex -93.39123857099128 45.79335334029123 53.4
      vertex -93.29289321881345 45.707106781186546 53.4
      vertex -93.39123857099128 45.79335334029123 48.699999999999996
    endloop
  endfacet
  facet normal 0.5555702330196167 0.8314696123025355 0
    outer loop
      vertex -93.5 45.86602540378444 53.4
      vertex -93.39123857099128 45.79335334029123 53.4
      vertex -93.5 45.86602540378444 48.699999999999996
    endloop
  endfacet
  facet normal 0 0 1
    outer loop
      vertex -94.9238795325113 45.38268343236509 53.4
      vertex -94.9238795325113 44.61731656763491 53.4
      vertex -94.86602540378443 44.5 53.4
    endloop
  endfacet
  facet normal 0 0 1
    outer loop
      vertex -94.86602540378443 45.5 53.4
      vertex -94.86602540378443 44.5 53.4
      vertex -94.79335334029123 44.39123857099128 53.4
    endloop
  endfacet
  facet normal 0 0 1
    outer loop
      vertex -94.79335334029123 45.60876142900872 53.4
      vertex -94.79335334029123 44.39123857099128 53.4
      vertex -94.70710678118655 44.292893218813454 53.4
    endloop
  endfacet
  facet normal 0 0 1
    outer loop
      vertex -94.70710678118655 45.707106781186546 53.4
      vertex -94.70710678118655 44.292893218813454 53.4
      vertex -94.60876142900872 44.20664665970877 53.4
    endloop
  endfacet
  facet normal 0 0 1
    outer loop
      vertex -94.60876142900872 45.79335334029123 53.4
      vertex -94.60876142900872 44.20664665970877 53.4
      vertex -94.5 44.13397459621556 53.4
    endloop
  endfacet
  facet normal 0 0 1
    outer loop
      vertex -94.5 45.86602540378444 53.4
      vertex -94.5 44.13397459621556 53.4
      vertex -94.38268343236508 44.076120467488714 53.4
    endloop
  endfacet
  facet normal 0 0 1
    outer loop
      vertex -94.99144486137381 45.13052619222005 53.4
      vertex -94.99144486137381 44.86947380777995 53.4
      vertex -94.96592582628907 44.74118095489748 53.4
    endloop
  endfacet
  facet normal 0 0 1
    outer loop
      vertex -94.99144486137381 45.13052619222005 53.4
      vertex -95 45 53.4
      vertex -94.99144486137381 44.86947380777995 53.4
    endloop
  endfacet
  facet normal 0 0 1
    outer loop
      vertex -94.96592582628907 45.25881904510252 53.4
      vertex -94.96592582628907 44.74118095489748 53.4
      vertex -94.9238795325113 44.61731656763491 53.4
    endloop
  endfacet
  facet normal 0 0 1
    outer loop
      vertex -94.96592582628907 45.25881904510252 53.4
      vertex -94.99144486137381 45.13052619222005 53.4
      vertex -94.96592582628907 44.74118095489748 53.4
    endloop
  endfacet
  facet normal 0 0 1
    outer loop
      vertex -94.9238795325113 45.38268343236509 53.4
      vertex -94.96592582628907 45.25881904510252 53.4
      vertex -94.9238795325113 44.61731656763491 53.4
    endloop
  endfacet
  facet normal 0 0 1
    outer loop
      vertex -94.9238795325113 45.38268343236509 53.4
      vertex -94.86602540378443 44.5 53.4
      vertex -94.86602540378443 45.5 53.4
    endloop
  endfacet
  facet normal 0 0 1
    outer loop
      vertex -94.79335334029123 45.60876142900872 53.4
      vertex -94.86602540378443 45.5 53.4
      vertex -94.79335334029123 44.39123857099128 53.4
    endloop
  endfacet
  facet normal 0 0 1
    outer loop
      vertex -94.79335334029123 45.60876142900872 53.4
      vertex -94.70710678118655 44.292893218813454 53.4
      vertex -94.70710678118655 45.707106781186546 53.4
    endloop
  endfacet
  facet normal 0 0 1
    outer loop
      vertex -94.60876142900872 45.79335334029123 53.4
      vertex -94.70710678118655 45.707106781186546 53.4
      vertex -94.60876142900872 44.20664665970877 53.4
    endloop
  endfacet
  facet normal 0 0 1
    outer loop
      vertex -94.60876142900872 45.79335334029123 53.4
      vertex -94.5 44.13397459621556 53.4
      vertex -94.5 45.86602540378444 53.4
    endloop
  endfacet
  facet normal 0 0 1
    outer loop
      vertex -94.38268343236508 45.923879532511286 53.4
      vertex -94.5 45.86602540378444 53.4
      vertex -94.38268343236508 44.076120467488714 53.4
    endloop
  endfacet
  facet normal 0 0 1
    outer loop
      vertex -94.38268343236508 45.923879532511286 53.4
      vertex -94.38268343236508 44.076120467488714 53.4
      vertex -94.25881904510253 44.034074173710934 53.4
    endloop
  endfacet
  facet normal 0 0 1
    outer loop
      vertex -94.25881904510253 45.965925826289066 53.4
      vertex -94.25881904510253 44.034074173710934 53.4
      vertex -94.13052619222005 44.00855513862619 53.4
    endloop
  endfacet
  facet normal 0 0 1
    outer loop
      vertex -94.13052619222005 45.99144486137381 53.4
      vertex -94.13052619222005 44.00855513862619 53.4
      vertex -94 44 53.4
    endloop
  endfacet
  facet normal 0 0 1
    outer loop
      vertex -94 46 53.4
      vertex -94 44 53.4
      vertex -93.86947380777995 44.00855513862619 53.4
    endloop
  endfacet
  facet normal 0 0 1
    outer loop
      vertex -93.86947380777995 45.99144486137381 53.4
      vertex -93.86947380777995 44.00855513862619 53.4
      vertex -93.74118095489747 44.034074173710934 53.4
    endloop
  endfacet
  facet normal 0 0 1
    outer loop
      vertex -93.74118095489747 45.965925826289066 53.4
      vertex -93.74118095489747 44.034074173710934 53.4
      vertex -93.61731656763492 44.076120467488714 53.4
    endloop
  endfacet
  facet normal 0 0 1
    outer loop
      vertex -93.61731656763492 45.923879532511286 53.4
      vertex -93.61731656763492 44.076120467488714 53.4
      vertex -93.5 44.13397459621556 53.4
    endloop
  endfacet
  facet normal 0 0 1
    outer loop
      vertex -93.5 45.86602540378444 53.4
      vertex -93.5 44.13397459621556 53.4
      vertex -93.39123857099128 44.20664665970877 53.4
    endloop
  endfacet
  facet normal 0 0 1
    outer loop
      vertex -93.39123857099128 45.79335334029123 53.4
      vertex -93.39123857099128 44.20664665970877 53.4
      vertex -93.29289321881345 44.292893218813454 53.4
    endloop
  endfacet
  facet normal 0 0 1
    outer loop
      vertex -93.29289321881345 45.707106781186546 53.4
      vertex -93.29289321881345 44.292893218813454 53.4
      vertex -93.20664665970877 44.39123857099128 53.4
    endloop
  endfacet
  facet normal 0 0 1
    outer loop
      vertex -93.20664665970877 45.60876142900872 53.4
      vertex -93.20664665970877 44.39123857099128 53.4
      vertex -93.13397459621557 44.5 53.4
    endloop
  endfacet
  facet normal 0 0 1
    outer loop
      vertex -94.38268343236508 45.923879532511286 53.4
      vertex -94.25881904510253 44.034074173710934 53.4
      vertex -94.25881904510253 45.965925826289066 53.4
    endloop
  endfacet
  facet normal 0 0 1
    outer loop
      vertex -94.25881904510253 45.965925826289066 53.4
      vertex -94.13052619222005 44.00855513862619 53.4
      vertex -94.13052619222005 45.99144486137381 53.4
    endloop
  endfacet
  facet normal 0 0 1
    outer loop
      vertex -94.13052619222005 45.99144486137381 53.4
      vertex -94 44 53.4
      vertex -94 46 53.4
    endloop
  endfacet
  facet normal 0 0 1
    outer loop
      vertex -94 46 53.4
      vertex -93.86947380777995 44.00855513862619 53.4
      vertex -93.86947380777995 45.99144486137381 53.4
    endloop
  endfacet
  facet normal 0 0 1
    outer loop
      vertex -93.86947380777995 45.99144486137381 53.4
      vertex -93.74118095489747 44.034074173710934 53.4
      vertex -93.74118095489747 45.965925826289066 53.4
    endloop
  endfacet
  facet normal 0 0 1
    outer loop
      vertex -93.74118095489747 45.965925826289066 53.4
      vertex -93.61731656763492 44.076120467488714 53.4
      vertex -93.61731656763492 45.923879532511286 53.4
    endloop
  endfacet
  facet normal 0 0 1
    outer loop
      vertex -93.61731656763492 45.923879532511286 53.4
      vertex -93.5 44.13397459621556 53.4
      vertex -93.5 45.86602540378444 53.4
    endloop
  endfacet
  facet normal 0 0 1
    outer loop
      vertex -93.13397459621557 45.5 53.4
      vertex -93.13397459621557 44.5 53.4
      vertex -93.0761204674887 44.61731656763491 53.4
    endloop
  endfacet
  facet normal 0 0 1
    outer loop
      vertex -93.20664665970877 45.60876142900872 53.4
      vertex -93.13397459621557 44.5 53.4
      vertex -93.13397459621557 45.5 53.4
    endloop
  endfacet
  facet normal 0 0 1
    outer loop
      vertex -93.0761204674887 45.38268343236509 53.4
      vertex -93.0761204674887 44.61731656763491 53.4
      vertex -93.03407417371093 44.74118095489748 53.4
    endloop
  endfacet
  facet normal 0 0 1
    outer loop
      vertex -93.00855513862619 45.13052619222005 53.4
      vertex -93.00855513862619 44.86947380777995 53.4
      vertex -93 45 53.4
    endloop
  endfacet
  facet normal 0 0 1
    outer loop
      vertex -93.03407417371093 45.25881904510252 53.4
      vertex -93.03407417371093 44.74118095489748 53.4
      vertex -93.00855513862619 44.86947380777995 53.4
    endloop
  endfacet
  facet normal 0 0 1
    outer loop
      vertex -93.03407417371093 45.25881904510252 53.4
      vertex -93.00855513862619 44.86947380777995 53.4
      vertex -93.00855513862619 45.13052619222005 53.4
    endloop
  endfacet
  facet normal 0 0 1
    outer loop
      vertex -93.13397459621557 45.5 53.4
      vertex -93.0761204674887 44.61731656763491 53.4
      vertex -93.0761204674887 45.38268343236509 53.4
    endloop
  endfacet
  facet normal 0 0 1
    outer loop
      vertex -93.0761204674887 45.38268343236509 53.4
      vertex -93.03407417371093 44.74118095489748 53.4
      vertex -93.03407417371093 45.25881904510252 53.4
    endloop
  endfacet
  facet normal 0 0 1
    outer loop
      vertex -93.5 45.86602540378444 53.4
      vertex -93.39123857099128 44.20664665970877 53.4
      vertex -93.39123857099128 45.79335334029123 53.4
    endloop
  endfacet
  facet normal 0 0 1
    outer loop
      vertex -93.39123857099128 45.79335334029123 53.4
      vertex -93.29289321881345 44.292893218813454 53.4
      vertex -93.29289321881345 45.707106781186546 53.4
    endloop
  endfacet
  facet normal 0 0 1
    outer loop
      vertex -93.29289321881345 45.707106781186546 53.4
      vertex -93.20664665970877 44.39123857099128 53.4
      vertex -93.20664665970877 45.60876142900872 53.4
    endloop
  endfacet
  facet normal 0 0 -1
    outer loop
      vertex 39.261052384440106 -44.98288972274762 47.4
      vertex 39 -45 47.4
      vertex 38.738947615559894 -44.98288972274762 47.4
    endloop
  endfacet
  facet normal 0 0 -1
    outer loop
      vertex 39.261052384440106 -43.96516770973944 47.4
      vertex 39.261052384440106 -44.98288972274762 47.4
      vertex 38.738947615559894 -44.98288972274762 47.4
    endloop
  endfacet
  facet normal 0 0 -1
    outer loop
      vertex 39.261052384440106 -43.93185165257814 47.4
      vertex 39.261052384440106 -43.96516770973944 47.4
      vertex 38.738947615559894 -44.98288972274762 47.4
    endloop
  endfacet
  facet normal 0 0 -1
    outer loop
      vertex 39.261052384440106 -44.98288972274762 47.4
      vertex 39.261052384440106 -43.96516770973944 47.4
      vertex 39.32927530155692 -43.94200914997205 47.4
    endloop
  endfacet
  facet normal 0 0 -1
    outer loop
      vertex 38.23463313526982 -44.84775906502257 47.4
      vertex 38.48236190979496 -42.40307985015617 47.4
      vertex 38.48236190979496 -44.93185165257814 47.4
    endloop
  endfacet
  facet normal 0 0 -1
    outer loop
      vertex 38.23463313526982 -44.84775906502257 47.4
      vertex 38 -44.732050807568875 47.4
      vertex 38 -41.267949192431125 47.4
    endloop
  endfacet
  facet normal 0 0 -1
    outer loop
      vertex 38.48236190979496 -44.93185165257814 47.4
      vertex 38.48236190979496 -42.40307985015617 47.4
      vertex 38.738947615559894 -44.98288972274762 47.4
    endloop
  endfacet
  facet normal 0 0 -1
    outer loop
      vertex 39.261052384440106 -43.93185165257814 47.4
      vertex 39.32927530155692 -43.94200914997205 47.4
      vertex 39.261052384440106 -43.96516770973944 47.4
    endloop
  endfacet
  facet normal 0 0 -1
    outer loop
      vertex 39.261052384440106 -43.93185165257814 47.4
      vertex 39.38268343236509 -43.1271585376582 47.4
      vertex 39.32927530155692 -43.94200914997205 47.4
    endloop
  endfacet
  facet normal 0 0 -1
    outer loop
      vertex 37.267949192431125 -42 47.4
      vertex 37.267949192431125 -44 47.4
      vertex 37.15224093497743 -43.76536686473018 47.4
    endloop
  endfacet
  facet normal 0 0 -1
    outer loop
      vertex 37.58578643762691 -41.58578643762691 47.4
      vertex 37.58578643762691 -44.41421356237309 47.4
      vertex 37.41329331941753 -44.21752285801744 47.4
    endloop
  endfacet
  facet normal 0 0 -1
    outer loop
      vertex 37.41329331941753 -41.78247714198256 47.4
      vertex 37.41329331941753 -44.21752285801744 47.4
      vertex 37.267949192431125 -44 47.4
    endloop
  endfacet
  facet normal 0 0 -1
    outer loop
      vertex 37.06814834742186 -42.48236190979496 47.4
      vertex 37.06814834742186 -43.51763809020504 47.4
      vertex 37.01711027725238 -43.261052384440106 47.4
    endloop
  endfacet
  facet normal 0 0 -1
    outer loop
      vertex 37.15224093497743 -42.23463313526982 47.4
      vertex 37.15224093497743 -43.76536686473018 47.4
      vertex 37.06814834742186 -43.51763809020504 47.4
    endloop
  endfacet
  facet normal 0 0 -1
    outer loop
      vertex 37.01711027725238 -42.738947615559894 47.4
      vertex 37.01711027725238 -43.261052384440106 47.4
      vertex 37 -43 47.4
    endloop
  endfacet
  facet normal 0 0 -1
    outer loop
      vertex 37.06814834742186 -42.48236190979496 47.4
      vertex 37.01711027725238 -43.261052384440106 47.4
      vertex 37.01711027725238 -42.738947615559894 47.4
    endloop
  endfacet
  facet normal 0 0 -1
    outer loop
      vertex 37.15224093497743 -42.23463313526982 47.4
      vertex 37.06814834742186 -43.51763809020504 47.4
      vertex 37.06814834742186 -42.48236190979496 47.4
    endloop
  endfacet
  facet normal 0 0 -1
    outer loop
      vertex 37.15224093497743 -42.23463313526982 47.4
      vertex 37.267949192431125 -42 47.4
      vertex 37.15224093497743 -43.76536686473018 47.4
    endloop
  endfacet
  facet normal 0 0 -1
    outer loop
      vertex 37.41329331941753 -41.78247714198256 47.4
      vertex 37.267949192431125 -44 47.4
      vertex 37.267949192431125 -42 47.4
    endloop
  endfacet
  facet normal 0 0 -1
    outer loop
      vertex 37.41329331941753 -41.78247714198256 47.4
      vertex 37.58578643762691 -41.58578643762691 47.4
      vertex 37.41329331941753 -44.21752285801744 47.4
    endloop
  endfacet
  facet normal 0 0 -1
    outer loop
      vertex 37.78247714198256 -41.41329331941753 47.4
      vertex 37.58578643762691 -44.41421356237309 47.4
      vertex 37.58578643762691 -41.58578643762691 47.4
    endloop
  endfacet
  facet normal 0 0 -1
    outer loop
      vertex 37.78247714198256 -41.41329331941753 47.4
      vertex 37.78247714198256 -44.58670668058247 47.4
      vertex 37.58578643762691 -44.41421356237309 47.4
    endloop
  endfacet
  facet normal 0 0 -1
    outer loop
      vertex 38 -41.267949192431125 47.4
      vertex 38 -44.732050807568875 47.4
      vertex 37.78247714198256 -44.58670668058247 47.4
    endloop
  endfacet
  facet normal 0 0 -1
    outer loop
      vertex 38.48236190979496 -42.40307985015617 47.4
      vertex 38.23463313526982 -44.84775906502257 47.4
      vertex 38.39123857099128 -42.45842183755693 47.4
    endloop
  endfacet
  facet normal 0 0 -1
    outer loop
      vertex 38.61731656763491 -42.8728414623418 47.4
      vertex 38.738947615559894 -44.98288972274762 47.4
      vertex 38.48236190979496 -42.40307985015617 47.4
    endloop
  endfacet
  facet normal 0 0 -1
    outer loop
      vertex 38.738947615559894 -42.06814834742186 47.4
      vertex 38.738947615559894 -44.98288972274762 47.4
      vertex 38.61731656763491 -42.8728414623418 47.4
    endloop
  endfacet
  facet normal 0 0 -1
    outer loop
      vertex 39.261052384440106 -41.01711027725238 47.4
      vertex 39.261052384440106 -43.93185165257814 47.4
      vertex 38.738947615559894 -44.98288972274762 47.4
    endloop
  endfacet
  facet normal 0 0 -1
    outer loop
      vertex 38.23463313526982 -41.15224093497743 47.4
      vertex 38.39123857099128 -42.45842183755693 47.4
      vertex 38.23463313526982 -44.84775906502257 47.4
    endloop
  endfacet
  facet normal 0 0 -1
    outer loop
      vertex 37.78247714198256 -41.41329331941753 47.4
      vertex 38 -41.267949192431125 47.4
      vertex 37.78247714198256 -44.58670668058247 47.4
    endloop
  endfacet
  facet normal 0 0 -1
    outer loop
      vertex 38.23463313526982 -41.15224093497743 47.4
      vertex 38.23463313526982 -44.84775906502257 47.4
      vertex 38 -41.267949192431125 47.4
    endloop
  endfacet
  facet normal 0 0 -1
    outer loop
      vertex 38.48236190979496 -42.40307985015617 47.4
      vertex 38.39123857099128 -42.45842183755693 47.4
      vertex 38.40849659887179 -42.19511521414639 47.4
    endloop
  endfacet
  facet normal 0 0 -1
    outer loop
      vertex 39 -41 47.4
      vertex 38.738947615559894 -44.98288972274762 47.4
      vertex 38.738947615559894 -42.06814834742186 47.4
    endloop
  endfacet
  facet normal 0 0 -1
    outer loop
      vertex 39.261052384440106 -41.01711027725238 47.4
      vertex 39.38268343236509 -43.1271585376582 47.4
      vertex 39.261052384440106 -43.93185165257814 47.4
    endloop
  endfacet
  facet normal 0 0 -1
    outer loop
      vertex 38.61731656763491 -42.8728414623418 47.4
      vertex 38.48236190979496 -42.40307985015617 47.4
      vertex 38.67072469844308 -42.05799085002795 47.4
    endloop
  endfacet
  facet normal 0 0 -1
    outer loop
      vertex 38.738947615559894 -42.06814834742186 47.4
      vertex 38.61731656763491 -42.8728414623418 47.4
      vertex 38.67072469844308 -42.05799085002795 47.4
    endloop
  endfacet
  facet normal 0 0 -1
    outer loop
      vertex 39 -41 47.4
      vertex 39.261052384440106 -41.01711027725238 47.4
      vertex 38.738947615559894 -44.98288972274762 47.4
    endloop
  endfacet
  facet normal 0 0 -1
    outer loop
      vertex 39.261052384440106 -44.98288972274762 47.4
      vertex 39.32927530155692 -43.94200914997205 47.4
      vertex 39.51763809020504 -44.93185165257814 47.4
    endloop
  endfacet
  facet normal 0 0 -1
    outer loop
      vertex 39.51763809020504 -44.93185165257814 47.4
      vertex 39.59150340112821 -43.80488478585361 47.4
      vertex 39.76536686473018 -44.84775906502257 47.4
    endloop
  endfacet
  facet normal 0 0 -1
    outer loop
      vertex 39.76536686473018 -44.84775906502257 47.4
      vertex 39.60876142900872 -43.54157816244307 47.4
      vertex 40 -44.732050807568875 47.4
    endloop
  endfacet
  facet normal 0 0 -1
    outer loop
      vertex 39.51763809020504 -44.93185165257814 47.4
      vertex 39.32927530155692 -43.94200914997205 47.4
      vertex 39.51763809020504 -43.85424000869573 47.4
    endloop
  endfacet
  facet normal 0 0 -1
    outer loop
      vertex 39.51763809020504 -44.93185165257814 47.4
      vertex 39.51763809020504 -43.85424000869573 47.4
      vertex 39.59150340112821 -43.80488478585361 47.4
    endloop
  endfacet
  facet normal 0 0 -1
    outer loop
      vertex 39.76536686473018 -44.84775906502257 47.4
      vertex 39.59150340112821 -43.80488478585361 47.4
      vertex 39.60876142900872 -43.54157816244307 47.4
    endloop
  endfacet
  facet normal 0 0 -1
    outer loop
      vertex 39.51763809020504 -43.59692014984383 47.4
      vertex 39.51763809020504 -43.85424000869573 47.4
      vertex 39.32927530155692 -43.94200914997205 47.4
    endloop
  endfacet
  facet normal 0 0 -1
    outer loop
      vertex 39.51763809020504 -43.59692014984383 47.4
      vertex 39.59150340112821 -43.80488478585361 47.4
      vertex 39.51763809020504 -43.85424000869573 47.4
    endloop
  endfacet
  facet normal 0 0 -1
    outer loop
      vertex 39.51763809020504 -43.59692014984383 47.4
      vertex 39.60876142900872 -43.54157816244307 47.4
      vertex 39.59150340112821 -43.80488478585361 47.4
    endloop
  endfacet
  facet normal 0 0 -1
    outer loop
      vertex 40.21752285801744 -41.41329331941753 47.4
      vertex 40.21752285801744 -44.58670668058247 47.4
      vertex 40 -44.732050807568875 47.4
    endloop
  endfacet
  facet normal 0 0 -1
    outer loop
      vertex 39.51763809020504 -43.59692014984383 47.4
      vertex 39.32927530155692 -43.94200914997205 47.4
      vertex 39.38268343236509 -43.1271585376582 47.4
    endloop
  endfacet
  facet normal 0 0 -1
    outer loop
      vertex 40 -44.732050807568875 47.4
      vertex 39.60876142900872 -43.54157816244307 47.4
      vertex 39.76536686473018 -41.15224093497743 47.4
    endloop
  endfacet
  facet normal 0 0 -1
    outer loop
      vertex 40.41421356237309 -41.58578643762691 47.4
      vertex 40.41421356237309 -44.41421356237309 47.4
      vertex 40.21752285801744 -44.58670668058247 47.4
    endloop
  endfacet
  facet normal 0 0 -1
    outer loop
      vertex 40.58670668058247 -41.78247714198256 47.4
      vertex 40.58670668058247 -44.21752285801744 47.4
      vertex 40.41421356237309 -44.41421356237309 47.4
    endloop
  endfacet
  facet normal 0 0 -1
    outer loop
      vertex 40.732050807568875 -42 47.4
      vertex 40.732050807568875 -44 47.4
      vertex 40.58670668058247 -44.21752285801744 47.4
    endloop
  endfacet
  facet normal 0 0 -1
    outer loop
      vertex 40.84775906502257 -42.23463313526982 47.4
      vertex 40.84775906502257 -43.76536686473018 47.4
      vertex 40.732050807568875 -44 47.4
    endloop
  endfacet
  facet normal 0 0 -1
    outer loop
      vertex 40.93185165257814 -42.48236190979496 47.4
      vertex 40.93185165257814 -43.51763809020504 47.4
      vertex 40.84775906502257 -43.76536686473018 47.4
    endloop
  endfacet
  facet normal 0 0 -1
    outer loop
      vertex 40.98288972274762 -42.738947615559894 47.4
      vertex 40.98288972274762 -43.261052384440106 47.4
      vertex 40.93185165257814 -43.51763809020504 47.4
    endloop
  endfacet
  facet normal 0 0 -1
    outer loop
      vertex 40.93185165257814 -42.48236190979496 47.4
      vertex 40.98288972274762 -42.738947615559894 47.4
      vertex 40.93185165257814 -43.51763809020504 47.4
    endloop
  endfacet
  facet normal 0 0 -1
    outer loop
      vertex 39.60876142900872 -43.54157816244307 47.4
      vertex 39.51763809020504 -43.59692014984383 47.4
      vertex 39.51763809020504 -41.06814834742186 47.4
    endloop
  endfacet
  facet normal 0 0 -1
    outer loop
      vertex 39.51763809020504 -43.59692014984383 47.4
      vertex 39.38268343236509 -43.1271585376582 47.4
      vertex 39.261052384440106 -41.01711027725238 47.4
    endloop
  endfacet
  facet normal 0 0 -1
    outer loop
      vertex 40 -41.267949192431125 47.4
      vertex 40 -44.732050807568875 47.4
      vertex 39.76536686473018 -41.15224093497743 47.4
    endloop
  endfacet
  facet normal 0 0 -1
    outer loop
      vertex 40 -41.267949192431125 47.4
      vertex 40.21752285801744 -41.41329331941753 47.4
      vertex 40 -44.732050807568875 47.4
    endloop
  endfacet
  facet normal 0 0 -1
    outer loop
      vertex 40.21752285801744 -41.41329331941753 47.4
      vertex 40.41421356237309 -41.58578643762691 47.4
      vertex 40.21752285801744 -44.58670668058247 47.4
    endloop
  endfacet
  facet normal 0 0 -1
    outer loop
      vertex 40.41421356237309 -41.58578643762691 47.4
      vertex 40.58670668058247 -41.78247714198256 47.4
      vertex 40.41421356237309 -44.41421356237309 47.4
    endloop
  endfacet
  facet normal 0 0 -1
    outer loop
      vertex 40.58670668058247 -41.78247714198256 47.4
      vertex 40.732050807568875 -42 47.4
      vertex 40.58670668058247 -44.21752285801744 47.4
    endloop
  endfacet
  facet normal 0 0 -1
    outer loop
      vertex 40.732050807568875 -42 47.4
      vertex 40.84775906502257 -42.23463313526982 47.4
      vertex 40.732050807568875 -44 47.4
    endloop
  endfacet
  facet normal 0 0 -1
    outer loop
      vertex 40.84775906502257 -42.23463313526982 47.4
      vertex 40.93185165257814 -42.48236190979496 47.4
      vertex 40.84775906502257 -43.76536686473018 47.4
    endloop
  endfacet
  facet normal 0 0 -1
    outer loop
      vertex 40.98288972274762 -42.738947615559894 47.4
      vertex 41 -43 47.4
      vertex 40.98288972274762 -43.261052384440106 47.4
    endloop
  endfacet
  facet normal 0 0 -1
    outer loop
      vertex 38.23463313526982 -41.15224093497743 47.4
      vertex 38.40849659887179 -42.19511521414639 47.4
      vertex 38.39123857099128 -42.45842183755693 47.4
    endloop
  endfacet
  facet normal 0 0 -1
    outer loop
      vertex 38.48236190979496 -41.06814834742186 47.4
      vertex 38.48236190979496 -42.40307985015617 47.4
      vertex 38.40849659887179 -42.19511521414639 47.4
    endloop
  endfacet
  facet normal 0 0 -1
    outer loop
      vertex 38.23463313526982 -41.15224093497743 47.4
      vertex 38.48236190979496 -41.06814834742186 47.4
      vertex 38.40849659887179 -42.19511521414639 47.4
    endloop
  endfacet
  facet normal 0 0 -1
    outer loop
      vertex 38.48236190979496 -41.06814834742186 47.4
      vertex 38.67072469844308 -42.05799085002795 47.4
      vertex 38.48236190979496 -42.40307985015617 47.4
    endloop
  endfacet
  facet normal 0 0 -1
    outer loop
      vertex 38.738947615559894 -41.01711027725238 47.4
      vertex 38.738947615559894 -42.06814834742186 47.4
      vertex 38.67072469844308 -42.05799085002795 47.4
    endloop
  endfacet
  facet normal 0 0 -1
    outer loop
      vertex 38.48236190979496 -41.06814834742186 47.4
      vertex 38.738947615559894 -41.01711027725238 47.4
      vertex 38.67072469844308 -42.05799085002795 47.4
    endloop
  endfacet
  facet normal 0 0 -1
    outer loop
      vertex 38.738947615559894 -41.01711027725238 47.4
      vertex 39 -41 47.4
      vertex 38.738947615559894 -42.06814834742186 47.4
    endloop
  endfacet
  facet normal 0 0 -1
    outer loop
      vertex 39.51763809020504 -41.06814834742186 47.4
      vertex 39.51763809020504 -43.59692014984383 47.4
      vertex 39.261052384440106 -41.01711027725238 47.4
    endloop
  endfacet
  facet normal 0 0 -1
    outer loop
      vertex 39.76536686473018 -41.15224093497743 47.4
      vertex 39.60876142900872 -43.54157816244307 47.4
      vertex 39.51763809020504 -41.06814834742186 47.4
    endloop
  endfacet
  facet normal -0.6595673831713155 -0.44070883570339386 0.608889636296679
    outer loop
      vertex 37.267949192431125 -44 47.4
      vertex 37.41329331941753 -44.21752285801744 47.4
      vertex 38.20664665970877 -43.60876142900872 48.699999999999996
    endloop
  endfacet
  facet normal -0.7114487389770617 -0.3508476914822849 0.6088896362966773
    outer loop
      vertex 37.15224093497743 -43.76536686473018 47.4
      vertex 37.267949192431125 -44 47.4
      vertex 38.13397459621556 -43.5 48.699999999999996
    endloop
  endfacet
  facet normal -0.44070883570339386 -0.6595673831713155 0.608889636296679
    outer loop
      vertex 37.78247714198256 -44.58670668058247 47.4
      vertex 38 -44.732050807568875 47.4
      vertex 38.39123857099128 -43.79335334029123 48.699999999999996
    endloop
  endfacet
  facet normal -0.3508476914822849 -0.7114487389770617 0.6088896362966773
    outer loop
      vertex 38 -44.732050807568875 47.4
      vertex 38.23463313526982 -44.84775906502257 47.4
      vertex 38.5 -43.86602540378444 48.699999999999996
    endloop
  endfacet
  facet normal -0.254983445986541 -0.7511570096080625 0.6088896362966789
    outer loop
      vertex 38.23463313526982 -44.84775906502257 47.4
      vertex 38.48236190979496 -44.93185165257814 47.4
      vertex 38.61731656763491 -43.923879532511286 48.699999999999996
    endloop
  endfacet
  facet normal -0.051881355805749985 -0.7915565271856797 0.6088896362966801
    outer loop
      vertex 38.738947615559894 -44.98288972274762 47.4
      vertex 39 -45 47.4
      vertex 38.86947380777995 -43.99144486137381 48.699999999999996
    endloop
  endfacet
  facet normal 0.051881355805749985 -0.7915565271856797 0.6088896362966801
    outer loop
      vertex 39 -45 47.4
      vertex 39.261052384440106 -44.98288972274762 47.4
      vertex 39.13052619222005 -43.99144486137381 48.699999999999996
    endloop
  endfacet
  facet normal -0.15475636303519363 -0.7780127755446021 0.6088896362966804
    outer loop
      vertex 38.48236190979496 -44.93185165257814 47.4
      vertex 38.738947615559894 -44.98288972274762 47.4
      vertex 38.74118095489748 -43.965925826289066 48.699999999999996
    endloop
  endfacet
  facet normal -0.5230293295580791 -0.5964006465728595 0.6088896362966784
    outer loop
      vertex 37.58578643762691 -44.41421356237309 47.4
      vertex 37.78247714198256 -44.58670668058247 47.4
      vertex 38.292893218813454 -43.707106781186546 48.699999999999996
    endloop
  endfacet
  facet normal -0.5964006465728595 -0.5230293295580791 0.6088896362966785
    outer loop
      vertex 37.41329331941753 -44.21752285801744 47.4
      vertex 37.58578643762691 -44.41421356237309 47.4
      vertex 38.20664665970877 -43.60876142900872 48.699999999999996
    endloop
  endfacet
  facet normal -0.7511570096080625 -0.254983445986541 0.6088896362966789
    outer loop
      vertex 37.06814834742186 -43.51763809020504 47.4
      vertex 37.15224093497743 -43.76536686473018 47.4
      vertex 38.076120467488714 -43.38268343236509 48.699999999999996
    endloop
  endfacet
  facet normal -0.7780127755446021 -0.15475636303519363 0.6088896362966804
    outer loop
      vertex 37.01711027725238 -43.261052384440106 47.4
      vertex 37.06814834742186 -43.51763809020504 47.4
      vertex 38.034074173710934 -43.25881904510252 48.699999999999996
    endloop
  endfacet
  facet normal -0.7915565271856797 -0.051881355805749985 0.6088896362966801
    outer loop
      vertex 37 -43 47.4
      vertex 37.01711027725238 -43.261052384440106 47.4
      vertex 38.00855513862619 -43.13052619222005 48.699999999999996
    endloop
  endfacet
  facet normal -0.7915565271856797 0.051881355805749985 0.6088896362966801
    outer loop
      vertex 37.01711027725238 -42.738947615559894 47.4
      vertex 37 -43 47.4
      vertex 38.00855513862619 -42.86947380777995 48.699999999999996
    endloop
  endfacet
  facet normal -0.7780127755446021 0.15475636303519363 0.6088896362966804
    outer loop
      vertex 37.06814834742186 -42.48236190979496 47.4
      vertex 37.01711027725238 -42.738947615559894 47.4
      vertex 38.034074173710934 -42.74118095489748 48.699999999999996
    endloop
  endfacet
  facet normal -0.7511570096080625 0.254983445986541 0.6088896362966789
    outer loop
      vertex 37.15224093497743 -42.23463313526982 47.4
      vertex 37.06814834742186 -42.48236190979496 47.4
      vertex 38.076120467488714 -42.61731656763491 48.699999999999996
    endloop
  endfacet
  facet normal -0.7114487389770617 0.3508476914822849 0.6088896362966773
    outer loop
      vertex 37.15224093497743 -42.23463313526982 47.4
      vertex 38.13397459621556 -42.5 48.699999999999996
      vertex 37.267949192431125 -42 47.4
    endloop
  endfacet
  facet normal 0.15475636303519363 -0.7780127755446021 0.6088896362966804
    outer loop
      vertex 39.261052384440106 -44.98288972274762 47.4
      vertex 39.51763809020504 -44.93185165257814 47.4
      vertex 39.25881904510252 -43.965925826289066 48.699999999999996
    endloop
  endfacet
  facet normal 0.254983445986541 -0.7511570096080625 0.6088896362966789
    outer loop
      vertex 39.51763809020504 -44.93185165257814 47.4
      vertex 39.76536686473018 -44.84775906502257 47.4
      vertex 39.38268343236509 -43.923879532511286 48.699999999999996
    endloop
  endfacet
  facet normal 0.3508476914822849 -0.7114487389770617 0.6088896362966773
    outer loop
      vertex 39.76536686473018 -44.84775906502257 47.4
      vertex 40 -44.732050807568875 47.4
      vertex 39.5 -43.86602540378444 48.699999999999996
    endloop
  endfacet
  facet normal 0.44070883570339386 -0.6595673831713155 0.608889636296679
    outer loop
      vertex 40 -44.732050807568875 47.4
      vertex 40.21752285801744 -44.58670668058247 47.4
      vertex 39.60876142900872 -43.79335334029123 48.699999999999996
    endloop
  endfacet
  facet normal 0.5230293295580791 -0.5964006465728595 0.6088896362966784
    outer loop
      vertex 40.41421356237309 -44.41421356237309 47.4
      vertex 39.707106781186546 -43.707106781186546 48.699999999999996
      vertex 40.21752285801744 -44.58670668058247 47.4
    endloop
  endfacet
  facet normal 0.5964006465728595 -0.5230293295580791 0.6088896362966785
    outer loop
      vertex 40.41421356237309 -44.41421356237309 47.4
      vertex 40.58670668058247 -44.21752285801744 47.4
      vertex 39.79335334029123 -43.60876142900872 48.699999999999996
    endloop
  endfacet
  facet normal 0.6595673831713155 -0.44070883570339386 0.608889636296679
    outer loop
      vertex 40.58670668058247 -44.21752285801744 47.4
      vertex 40.732050807568875 -44 47.4
      vertex 39.79335334029123 -43.60876142900872 48.699999999999996
    endloop
  endfacet
  facet normal 0.7114487389770617 -0.3508476914822849 0.6088896362966773
    outer loop
      vertex 40.84775906502257 -43.76536686473018 47.4
      vertex 39.86602540378444 -43.5 48.699999999999996
      vertex 40.732050807568875 -44 47.4
    endloop
  endfacet
  facet normal 0.7511570096080625 -0.254983445986541 0.6088896362966789
    outer loop
      vertex 40.93185165257814 -43.51763809020504 47.4
      vertex 39.923879532511286 -43.38268343236509 48.699999999999996
      vertex 40.84775906502257 -43.76536686473018 47.4
    endloop
  endfacet
  facet normal 0.7780127755446021 -0.15475636303519363 0.6088896362966804
    outer loop
      vertex 40.98288972274762 -43.261052384440106 47.4
      vertex 39.965925826289066 -43.25881904510252 48.699999999999996
      vertex 40.93185165257814 -43.51763809020504 47.4
    endloop
  endfacet
  facet normal 0.7915565271856797 -0.051881355805749985 0.6088896362966801
    outer loop
      vertex 41 -43 47.4
      vertex 39.99144486137381 -43.13052619222005 48.699999999999996
      vertex 40.98288972274762 -43.261052384440106 47.4
    endloop
  endfacet
  facet normal 0.7915565271856797 0.051881355805749985 0.6088896362966801
    outer loop
      vertex 40.98288972274762 -42.738947615559894 47.4
      vertex 39.99144486137381 -42.86947380777995 48.699999999999996
      vertex 41 -43 47.4
    endloop
  endfacet
  facet normal 0.7780127755446021 0.15475636303519363 0.6088896362966804
    outer loop
      vertex 40.93185165257814 -42.48236190979496 47.4
      vertex 39.965925826289066 -42.74118095489748 48.699999999999996
      vertex 40.98288972274762 -42.738947615559894 47.4
    endloop
  endfacet
  facet normal 0.7511570096080625 0.254983445986541 0.6088896362966789
    outer loop
      vertex 40.84775906502257 -42.23463313526982 47.4
      vertex 39.923879532511286 -42.61731656763491 48.699999999999996
      vertex 40.93185165257814 -42.48236190979496 47.4
    endloop
  endfacet
  facet normal 0.7114487389770617 0.3508476914822849 0.6088896362966773
    outer loop
      vertex 40.732050807568875 -42 47.4
      vertex 39.86602540378444 -42.5 48.699999999999996
      vertex 40.84775906502257 -42.23463313526982 47.4
    endloop
  endfacet
  facet normal -0.15475636303519313 -0.7780127755446022 0.6088896362966804
    outer loop
      vertex 38.738947615559894 -44.98288972274762 47.4
      vertex 38.86947380777995 -43.99144486137381 48.699999999999996
      vertex 38.74118095489748 -43.965925826289066 48.699999999999996
    endloop
  endfacet
  facet normal -0.05188135580577145 -0.7915565271856798 0.608889636296678
    outer loop
      vertex 39 -45 47.4
      vertex 39 -44 48.699999999999996
      vertex 38.86947380777995 -43.99144486137381 48.699999999999996
    endloop
  endfacet
  facet normal 0.05188135580577145 -0.7915565271856798 0.608889636296678
    outer loop
      vertex 39 -45 47.4
      vertex 39.13052619222005 -43.99144486137381 48.699999999999996
      vertex 39 -44 48.699999999999996
    endloop
  endfacet
  facet normal 0.15475636303519313 -0.7780127755446022 0.6088896362966804
    outer loop
      vertex 39.261052384440106 -44.98288972274762 47.4
      vertex 39.25881904510252 -43.965925826289066 48.699999999999996
      vertex 39.13052619222005 -43.99144486137381 48.699999999999996
    endloop
  endfacet
  facet normal -0.4407088357034148 -0.6595673831713036 0.6088896362966767
    outer loop
      vertex 38 -44.732050807568875 47.4
      vertex 38.5 -43.86602540378444 48.699999999999996
      vertex 38.39123857099128 -43.79335334029123 48.699999999999996
    endloop
  endfacet
  facet normal -0.3508476914822666 -0.7114487389770692 0.6088896362966792
    outer loop
      vertex 38.23463313526982 -44.84775906502257 47.4
      vertex 38.61731656763491 -43.923879532511286 48.699999999999996
      vertex 38.5 -43.86602540378444 48.699999999999996
    endloop
  endfacet
  facet normal -0.5230293295580778 -0.5964006465728607 0.6088896362966784
    outer loop
      vertex 37.78247714198256 -44.58670668058247 47.4
      vertex 38.39123857099128 -43.79335334029123 48.699999999999996
      vertex 38.292893218813454 -43.707106781186546 48.699999999999996
    endloop
  endfacet
  facet normal -0.5964006465728611 -0.5230293295580775 0.6088896362966785
    outer loop
      vertex 37.58578643762691 -44.41421356237309 47.4
      vertex 38.292893218813454 -43.707106781186546 48.699999999999996
      vertex 38.20664665970877 -43.60876142900872 48.699999999999996
    endloop
  endfacet
  facet normal -0.6595673831713036 -0.4407088357034148 0.6088896362966767
    outer loop
      vertex 37.267949192431125 -44 47.4
      vertex 38.20664665970877 -43.60876142900872 48.699999999999996
      vertex 38.13397459621556 -43.5 48.699999999999996
    endloop
  endfacet
  facet normal -0.2549834459865208 -0.7511570096080677 0.6088896362966809
    outer loop
      vertex 38.48236190979496 -44.93185165257814 47.4
      vertex 38.74118095489748 -43.965925826289066 48.699999999999996
      vertex 38.61731656763491 -43.923879532511286 48.699999999999996
    endloop
  endfacet
  facet normal -0.7915565271856798 -0.05188135580577145 0.608889636296678
    outer loop
      vertex 37 -43 47.4
      vertex 38.00855513862619 -43.13052619222005 48.699999999999996
      vertex 38 -43 48.699999999999996
    endloop
  endfacet
  facet normal -0.7915565271856798 0.05188135580577145 0.608889636296678
    outer loop
      vertex 37 -43 47.4
      vertex 38 -43 48.699999999999996
      vertex 38.00855513862619 -42.86947380777995 48.699999999999996
    endloop
  endfacet
  facet normal -0.7114487389770692 -0.3508476914822666 0.6088896362966792
    outer loop
      vertex 37.15224093497743 -43.76536686473018 47.4
      vertex 38.13397459621556 -43.5 48.699999999999996
      vertex 38.076120467488714 -43.38268343236509 48.699999999999996
    endloop
  endfacet
  facet normal -0.7511570096080677 -0.2549834459865208 0.6088896362966809
    outer loop
      vertex 37.06814834742186 -43.51763809020504 47.4
      vertex 38.076120467488714 -43.38268343236509 48.699999999999996
      vertex 38.034074173710934 -43.25881904510252 48.699999999999996
    endloop
  endfacet
  facet normal -0.7780127755446022 -0.15475636303519313 0.6088896362966804
    outer loop
      vertex 37.01711027725238 -43.261052384440106 47.4
      vertex 38.034074173710934 -43.25881904510252 48.699999999999996
      vertex 38.00855513862619 -43.13052619222005 48.699999999999996
    endloop
  endfacet
  facet normal -0.7780127755446022 0.15475636303519313 0.6088896362966804
    outer loop
      vertex 37.01711027725238 -42.738947615559894 47.4
      vertex 38.00855513862619 -42.86947380777995 48.699999999999996
      vertex 38.034074173710934 -42.74118095489748 48.699999999999996
    endloop
  endfacet
  facet normal -0.7511570096080677 0.2549834459865208 0.6088896362966809
    outer loop
      vertex 37.06814834742186 -42.48236190979496 47.4
      vertex 38.034074173710934 -42.74118095489748 48.699999999999996
      vertex 38.076120467488714 -42.61731656763491 48.699999999999996
    endloop
  endfacet
  facet normal -0.7114487389770692 0.3508476914822666 0.6088896362966792
    outer loop
      vertex 37.15224093497743 -42.23463313526982 47.4
      vertex 38.076120467488714 -42.61731656763491 48.699999999999996
      vertex 38.13397459621556 -42.5 48.699999999999996
    endloop
  endfacet
  facet normal -0.6595673831713036 0.4407088357034148 0.6088896362966767
    outer loop
      vertex 37.267949192431125 -42 47.4
      vertex 38.13397459621556 -42.5 48.699999999999996
      vertex 38.20664665970877 -42.39123857099128 48.699999999999996
    endloop
  endfacet
  facet normal 0.2549834459865208 -0.7511570096080677 0.6088896362966809
    outer loop
      vertex 39.51763809020504 -44.93185165257814 47.4
      vertex 39.38268343236509 -43.923879532511286 48.699999999999996
      vertex 39.25881904510252 -43.965925826289066 48.699999999999996
    endloop
  endfacet
  facet normal 0.3508476914822666 -0.7114487389770692 0.6088896362966792
    outer loop
      vertex 39.76536686473018 -44.84775906502257 47.4
      vertex 39.5 -43.86602540378444 48.699999999999996
      vertex 39.38268343236509 -43.923879532511286 48.699999999999996
    endloop
  endfacet
  facet normal 0.4407088357034148 -0.6595673831713036 0.6088896362966767
    outer loop
      vertex 40 -44.732050807568875 47.4
      vertex 39.60876142900872 -43.79335334029123 48.699999999999996
      vertex 39.5 -43.86602540378444 48.699999999999996
    endloop
  endfacet
  facet normal 0.5230293295580778 -0.5964006465728607 0.6088896362966784
    outer loop
      vertex 40.21752285801744 -44.58670668058247 47.4
      vertex 39.707106781186546 -43.707106781186546 48.699999999999996
      vertex 39.60876142900872 -43.79335334029123 48.699999999999996
    endloop
  endfacet
  facet normal 0.5964006465728611 -0.5230293295580775 0.6088896362966785
    outer loop
      vertex 40.41421356237309 -44.41421356237309 47.4
      vertex 39.79335334029123 -43.60876142900872 48.699999999999996
      vertex 39.707106781186546 -43.707106781186546 48.699999999999996
    endloop
  endfacet
  facet normal 0.6595673831713036 -0.4407088357034148 0.6088896362966767
    outer loop
      vertex 40.732050807568875 -44 47.4
      vertex 39.86602540378444 -43.5 48.699999999999996
      vertex 39.79335334029123 -43.60876142900872 48.699999999999996
    endloop
  endfacet
  facet normal 0.7114487389770692 -0.3508476914822666 0.6088896362966792
    outer loop
      vertex 40.84775906502257 -43.76536686473018 47.4
      vertex 39.923879532511286 -43.38268343236509 48.699999999999996
      vertex 39.86602540378444 -43.5 48.699999999999996
    endloop
  endfacet
  facet normal 0.7511570096080677 -0.2549834459865208 0.6088896362966809
    outer loop
      vertex 40.93185165257814 -43.51763809020504 47.4
      vertex 39.965925826289066 -43.25881904510252 48.699999999999996
      vertex 39.923879532511286 -43.38268343236509 48.699999999999996
    endloop
  endfacet
  facet normal 0.7780127755446022 -0.15475636303519313 0.6088896362966804
    outer loop
      vertex 40.98288972274762 -43.261052384440106 47.4
      vertex 39.99144486137381 -43.13052619222005 48.699999999999996
      vertex 39.965925826289066 -43.25881904510252 48.699999999999996
    endloop
  endfacet
  facet normal 0.7915565271856798 -0.05188135580577145 0.608889636296678
    outer loop
      vertex 41 -43 47.4
      vertex 40 -43 48.699999999999996
      vertex 39.99144486137381 -43.13052619222005 48.699999999999996
    endloop
  endfacet
  facet normal 0.7915565271856798 0.05188135580577145 0.608889636296678
    outer loop
      vertex 41 -43 47.4
      vertex 39.99144486137381 -42.86947380777995 48.699999999999996
      vertex 40 -43 48.699999999999996
    endloop
  endfacet
  facet normal 0.6595673831713036 0.4407088357034148 0.6088896362966767
    outer loop
      vertex 40.732050807568875 -42 47.4
      vertex 39.79335334029123 -42.39123857099128 48.699999999999996
      vertex 39.86602540378444 -42.5 48.699999999999996
    endloop
  endfacet
  facet normal 0.7780127755446022 0.15475636303519313 0.6088896362966804
    outer loop
      vertex 40.98288972274762 -42.738947615559894 47.4
      vertex 39.965925826289066 -42.74118095489748 48.699999999999996
      vertex 39.99144486137381 -42.86947380777995 48.699999999999996
    endloop
  endfacet
  facet normal 0.7511570096080677 0.2549834459865208 0.6088896362966809
    outer loop
      vertex 40.93185165257814 -42.48236190979496 47.4
      vertex 39.923879532511286 -42.61731656763491 48.699999999999996
      vertex 39.965925826289066 -42.74118095489748 48.699999999999996
    endloop
  endfacet
  facet normal 0.7114487389770692 0.3508476914822666 0.6088896362966792
    outer loop
      vertex 40.84775906502257 -42.23463313526982 47.4
      vertex 39.86602540378444 -42.5 48.699999999999996
      vertex 39.923879532511286 -42.61731656763491 48.699999999999996
    endloop
  endfacet
  facet normal -0.6595673831713155 0.44070883570339386 0.608889636296679
    outer loop
      vertex 37.41329331941753 -41.78247714198256 47.4
      vertex 37.267949192431125 -42 47.4
      vertex 38.20664665970877 -42.39123857099128 48.699999999999996
    endloop
  endfacet
  facet normal -0.5964006465728595 0.5230293295580791 0.6088896362966785
    outer loop
      vertex 37.41329331941753 -41.78247714198256 47.4
      vertex 38.20664665970877 -42.39123857099128 48.699999999999996
      vertex 37.58578643762691 -41.58578643762691 47.4
    endloop
  endfacet
  facet normal -0.5230293295580791 0.5964006465728595 0.6088896362966784
    outer loop
      vertex 37.78247714198256 -41.41329331941753 47.4
      vertex 37.58578643762691 -41.58578643762691 47.4
      vertex 38.292893218813454 -42.292893218813454 48.699999999999996
    endloop
  endfacet
  facet normal -0.44070883570339386 0.6595673831713155 0.608889636296679
    outer loop
      vertex 37.78247714198256 -41.41329331941753 47.4
      vertex 38.39123857099128 -42.20664665970877 48.699999999999996
      vertex 38 -41.267949192431125 47.4
    endloop
  endfacet
  facet normal -0.3508476914822849 0.7114487389770617 0.6088896362966773
    outer loop
      vertex 38.23463313526982 -41.15224093497743 47.4
      vertex 38 -41.267949192431125 47.4
      vertex 38.5 -42.13397459621556 48.699999999999996
    endloop
  endfacet
  facet normal -0.254983445986541 0.7511570096080625 0.6088896362966789
    outer loop
      vertex 38.23463313526982 -41.15224093497743 47.4
      vertex 38.61731656763491 -42.076120467488714 48.699999999999996
      vertex 38.48236190979496 -41.06814834742186 47.4
    endloop
  endfacet
  facet normal -0.15475636303519363 0.7780127755446021 0.6088896362966804
    outer loop
      vertex 38.48236190979496 -41.06814834742186 47.4
      vertex 38.74118095489748 -42.034074173710934 48.699999999999996
      vertex 38.738947615559894 -41.01711027725238 47.4
    endloop
  endfacet
  facet normal -0.051881355805749985 0.7915565271856797 0.6088896362966801
    outer loop
      vertex 38.738947615559894 -41.01711027725238 47.4
      vertex 38.86947380777995 -42.00855513862619 48.699999999999996
      vertex 39 -41 47.4
    endloop
  endfacet
  facet normal 0.051881355805749985 0.7915565271856797 0.6088896362966801
    outer loop
      vertex 39 -41 47.4
      vertex 39.13052619222005 -42.00855513862619 48.699999999999996
      vertex 39.261052384440106 -41.01711027725238 47.4
    endloop
  endfacet
  facet normal 0.254983445986541 0.7511570096080625 0.6088896362966789
    outer loop
      vertex 39.51763809020504 -41.06814834742186 47.4
      vertex 39.38268343236509 -42.076120467488714 48.699999999999996
      vertex 39.76536686473018 -41.15224093497743 47.4
    endloop
  endfacet
  facet normal 0.44070883570339386 0.6595673831713155 0.608889636296679
    outer loop
      vertex 40 -41.267949192431125 47.4
      vertex 39.60876142900872 -42.20664665970877 48.699999999999996
      vertex 40.21752285801744 -41.41329331941753 47.4
    endloop
  endfacet
  facet normal 0.5230293295580791 0.5964006465728595 0.6088896362966784
    outer loop
      vertex 40.21752285801744 -41.41329331941753 47.4
      vertex 39.707106781186546 -42.292893218813454 48.699999999999996
      vertex 40.41421356237309 -41.58578643762691 47.4
    endloop
  endfacet
  facet normal 0.3508476914822849 0.7114487389770617 0.6088896362966773
    outer loop
      vertex 39.76536686473018 -41.15224093497743 47.4
      vertex 39.5 -42.13397459621556 48.699999999999996
      vertex 40 -41.267949192431125 47.4
    endloop
  endfacet
  facet normal 0.6595673831713155 0.44070883570339386 0.608889636296679
    outer loop
      vertex 40.58670668058247 -41.78247714198256 47.4
      vertex 39.79335334029123 -42.39123857099128 48.699999999999996
      vertex 40.732050807568875 -42 47.4
    endloop
  endfacet
  facet normal 0.5964006465728595 0.5230293295580791 0.6088896362966785
    outer loop
      vertex 40.41421356237309 -41.58578643762691 47.4
      vertex 39.79335334029123 -42.39123857099128 48.699999999999996
      vertex 40.58670668058247 -41.78247714198256 47.4
    endloop
  endfacet
  facet normal 0.15475636303519363 0.7780127755446021 0.6088896362966804
    outer loop
      vertex 39.261052384440106 -41.01711027725238 47.4
      vertex 39.25881904510252 -42.034074173710934 48.699999999999996
      vertex 39.51763809020504 -41.06814834742186 47.4
    endloop
  endfacet
  facet normal -0.5964006465728611 0.5230293295580775 0.6088896362966785
    outer loop
      vertex 37.58578643762691 -41.58578643762691 47.4
      vertex 38.20664665970877 -42.39123857099128 48.699999999999996
      vertex 38.292893218813454 -42.292893218813454 48.699999999999996
    endloop
  endfacet
  facet normal -0.5230293295580778 0.5964006465728607 0.6088896362966784
    outer loop
      vertex 37.78247714198256 -41.41329331941753 47.4
      vertex 38.292893218813454 -42.292893218813454 48.699999999999996
      vertex 38.39123857099128 -42.20664665970877 48.699999999999996
    endloop
  endfacet
  facet normal -0.4407088357034148 0.6595673831713036 0.6088896362966767
    outer loop
      vertex 38 -41.267949192431125 47.4
      vertex 38.39123857099128 -42.20664665970877 48.699999999999996
      vertex 38.5 -42.13397459621556 48.699999999999996
    endloop
  endfacet
  facet normal -0.3508476914822666 0.7114487389770692 0.6088896362966792
    outer loop
      vertex 38.23463313526982 -41.15224093497743 47.4
      vertex 38.5 -42.13397459621556 48.699999999999996
      vertex 38.61731656763491 -42.076120467488714 48.699999999999996
    endloop
  endfacet
  facet normal -0.2549834459865208 0.7511570096080677 0.6088896362966809
    outer loop
      vertex 38.48236190979496 -41.06814834742186 47.4
      vertex 38.61731656763491 -42.076120467488714 48.699999999999996
      vertex 38.74118095489748 -42.034074173710934 48.699999999999996
    endloop
  endfacet
  facet normal -0.15475636303519313 0.7780127755446022 0.6088896362966804
    outer loop
      vertex 38.738947615559894 -41.01711027725238 47.4
      vertex 38.74118095489748 -42.034074173710934 48.699999999999996
      vertex 38.86947380777995 -42.00855513862619 48.699999999999996
    endloop
  endfacet
  facet normal -0.05188135580577145 0.7915565271856798 0.608889636296678
    outer loop
      vertex 39 -41 47.4
      vertex 38.86947380777995 -42.00855513862619 48.699999999999996
      vertex 39 -42 48.699999999999996
    endloop
  endfacet
  facet normal 0.05188135580577145 0.7915565271856798 0.608889636296678
    outer loop
      vertex 39 -41 47.4
      vertex 39 -42 48.699999999999996
      vertex 39.13052619222005 -42.00855513862619 48.699999999999996
    endloop
  endfacet
  facet normal 0.15475636303519313 0.7780127755446022 0.6088896362966804
    outer loop
      vertex 39.261052384440106 -41.01711027725238 47.4
      vertex 39.13052619222005 -42.00855513862619 48.699999999999996
      vertex 39.25881904510252 -42.034074173710934 48.699999999999996
    endloop
  endfacet
  facet normal 0.4407088357034148 0.6595673831713036 0.6088896362966767
    outer loop
      vertex 40 -41.267949192431125 47.4
      vertex 39.5 -42.13397459621556 48.699999999999996
      vertex 39.60876142900872 -42.20664665970877 48.699999999999996
    endloop
  endfacet
  facet normal 0.3508476914822666 0.7114487389770692 0.6088896362966792
    outer loop
      vertex 39.76536686473018 -41.15224093497743 47.4
      vertex 39.38268343236509 -42.076120467488714 48.699999999999996
      vertex 39.5 -42.13397459621556 48.699999999999996
    endloop
  endfacet
  facet normal 0.5230293295580778 0.5964006465728607 0.6088896362966784
    outer loop
      vertex 40.21752285801744 -41.41329331941753 47.4
      vertex 39.60876142900872 -42.20664665970877 48.699999999999996
      vertex 39.707106781186546 -42.292893218813454 48.699999999999996
    endloop
  endfacet
  facet normal 0.5964006465728611 0.5230293295580775 0.6088896362966785
    outer loop
      vertex 40.41421356237309 -41.58578643762691 47.4
      vertex 39.707106781186546 -42.292893218813454 48.699999999999996
      vertex 39.79335334029123 -42.39123857099128 48.699999999999996
    endloop
  endfacet
  facet normal 0.2549834459865208 0.7511570096080677 0.6088896362966809
    outer loop
      vertex 39.51763809020504 -41.06814834742186 47.4
      vertex 39.25881904510252 -42.034074173710934 48.699999999999996
      vertex 39.38268343236509 -42.076120467488714 48.699999999999996
    endloop
  endfacet
  facet normal -0.5555702330196167 -0.8314696123025355 0
    outer loop
      vertex 38.39123857099128 -43.79335334029123 53.4
      vertex 38.39123857099128 -43.79335334029123 48.699999999999996
      vertex 38.5 -43.86602540378444 48.699999999999996
    endloop
  endfacet
  facet normal -0.7518398074789668 -0.6593458151000808 0
    outer loop
      vertex 38.20664665970877 -43.60876142900872 53.4
      vertex 38.20664665970877 -43.60876142900872 48.699999999999996
      vertex 38.292893218813454 -43.707106781186546 48.699999999999996
    endloop
  endfacet
  facet normal -0.6593458151000808 -0.7518398074789668 0
    outer loop
      vertex 38.292893218813454 -43.707106781186546 53.4
      vertex 38.292893218813454 -43.707106781186546 48.699999999999996
      vertex 38.39123857099128 -43.79335334029123 48.699999999999996
    endloop
  endfacet
  facet normal -0.32143946530314454 -0.9469301294951115 0
    outer loop
      vertex 38.61731656763491 -43.923879532511286 53.4
      vertex 38.61731656763491 -43.923879532511286 48.699999999999996
      vertex 38.74118095489748 -43.965925826289066 48.699999999999996
    endloop
  endfacet
  facet normal -0.1950903220161262 -0.9807852804032308 0
    outer loop
      vertex 38.74118095489748 -43.965925826289066 53.4
      vertex 38.74118095489748 -43.965925826289066 48.699999999999996
      vertex 38.86947380777995 -43.99144486137381 48.699999999999996
    endloop
  endfacet
  facet normal -0.06540312923016546 -0.997858923238602 0
    outer loop
      vertex 38.86947380777995 -43.99144486137381 53.4
      vertex 38.86947380777995 -43.99144486137381 48.699999999999996
      vertex 39 -44 48.699999999999996
    endloop
  endfacet
  facet normal 0.06540312923016546 -0.997858923238602 0
    outer loop
      vertex 39 -44 53.4
      vertex 39 -44 48.699999999999996
      vertex 39.13052619222005 -43.99144486137381 48.699999999999996
    endloop
  endfacet
  facet normal 0.1950903220161262 -0.9807852804032308 0
    outer loop
      vertex 39.13052619222005 -43.99144486137381 53.4
      vertex 39.13052619222005 -43.99144486137381 48.699999999999996
      vertex 39.25881904510252 -43.965925826289066 48.699999999999996
    endloop
  endfacet
  facet normal 0.32143946530314454 -0.9469301294951115 0
    outer loop
      vertex 39.25881904510252 -43.965925826289066 53.4
      vertex 39.25881904510252 -43.965925826289066 48.699999999999996
      vertex 39.38268343236509 -43.923879532511286 48.699999999999996
    endloop
  endfacet
  facet normal -0.4422886902189873 -0.8968727415326953 0
    outer loop
      vertex 38.5 -43.86602540378444 53.4
      vertex 38.5 -43.86602540378444 48.699999999999996
      vertex 38.61731656763491 -43.923879532511286 48.699999999999996
    endloop
  endfacet
  facet normal -0.9469301294951115 -0.32143946530314454 0
    outer loop
      vertex 38.034074173710934 -43.25881904510252 53.4
      vertex 38.034074173710934 -43.25881904510252 48.699999999999996
      vertex 38.076120467488714 -43.38268343236509 48.699999999999996
    endloop
  endfacet
  facet normal -0.8314696123025355 -0.5555702330196167 0
    outer loop
      vertex 38.13397459621556 -43.5 53.4
      vertex 38.13397459621556 -43.5 48.699999999999996
      vertex 38.20664665970877 -43.60876142900872 48.699999999999996
    endloop
  endfacet
  facet normal -0.8968727415326953 -0.4422886902189873 0
    outer loop
      vertex 38.076120467488714 -43.38268343236509 53.4
      vertex 38.076120467488714 -43.38268343236509 48.699999999999996
      vertex 38.13397459621556 -43.5 48.699999999999996
    endloop
  endfacet
  facet normal -0.9807852804032308 -0.1950903220161262 0
    outer loop
      vertex 38.00855513862619 -43.13052619222005 53.4
      vertex 38.00855513862619 -43.13052619222005 48.699999999999996
      vertex 38.034074173710934 -43.25881904510252 48.699999999999996
    endloop
  endfacet
  facet normal -0.997858923238602 -0.06540312923016546 0
    outer loop
      vertex 38 -43 53.4
      vertex 38 -43 48.699999999999996
      vertex 38.00855513862619 -43.13052619222005 48.699999999999996
    endloop
  endfacet
  facet normal -0.997858923238602 0.06540312923016546 0
    outer loop
      vertex 38.00855513862619 -42.86947380777995 53.4
      vertex 38.00855513862619 -42.86947380777995 48.699999999999996
      vertex 38 -43 48.699999999999996
    endloop
  endfacet
  facet normal -0.9807852804032308 0.1950903220161262 0
    outer loop
      vertex 38.034074173710934 -42.74118095489748 53.4
      vertex 38.034074173710934 -42.74118095489748 48.699999999999996
      vertex 38.00855513862619 -42.86947380777995 48.699999999999996
    endloop
  endfacet
  facet normal -0.9469301294951115 0.32143946530314454 0
    outer loop
      vertex 38.076120467488714 -42.61731656763491 53.4
      vertex 38.076120467488714 -42.61731656763491 48.699999999999996
      vertex 38.034074173710934 -42.74118095489748 48.699999999999996
    endloop
  endfacet
  facet normal -0.8968727415326953 0.4422886902189873 0
    outer loop
      vertex 38.13397459621556 -42.5 53.4
      vertex 38.13397459621556 -42.5 48.699999999999996
      vertex 38.076120467488714 -42.61731656763491 48.699999999999996
    endloop
  endfacet
  facet normal -0.8314696123025355 0.5555702330196167 0
    outer loop
      vertex 38.20664665970877 -42.39123857099128 53.4
      vertex 38.20664665970877 -42.39123857099128 48.699999999999996
      vertex 38.13397459621556 -42.5 48.699999999999996
    endloop
  endfacet
  facet normal -0.7518398074789668 0.6593458151000808 0
    outer loop
      vertex 38.292893218813454 -42.292893218813454 53.4
      vertex 38.292893218813454 -42.292893218813454 48.699999999999996
      vertex 38.20664665970877 -42.39123857099128 48.699999999999996
    endloop
  endfacet
  facet normal -0.6593458151000808 0.7518398074789668 0
    outer loop
      vertex 38.39123857099128 -42.20664665970877 53.4
      vertex 38.39123857099128 -42.20664665970877 48.699999999999996
      vertex 38.292893218813454 -42.292893218813454 48.699999999999996
    endloop
  endfacet
  facet normal -0.5555702330196167 0.8314696123025355 0
    outer loop
      vertex 38.5 -42.13397459621556 53.4
      vertex 38.5 -42.13397459621556 48.699999999999996
      vertex 38.39123857099128 -42.20664665970877 48.699999999999996
    endloop
  endfacet
  facet normal 0.4422886902189873 -0.8968727415326953 0
    outer loop
      vertex 39.38268343236509 -43.923879532511286 53.4
      vertex 39.38268343236509 -43.923879532511286 48.699999999999996
      vertex 39.5 -43.86602540378444 48.699999999999996
    endloop
  endfacet
  facet normal 0.5555702330196167 -0.8314696123025355 0
    outer loop
      vertex 39.5 -43.86602540378444 53.4
      vertex 39.5 -43.86602540378444 48.699999999999996
      vertex 39.60876142900872 -43.79335334029123 48.699999999999996
    endloop
  endfacet
  facet normal 0.6593458151000808 -0.7518398074789668 0
    outer loop
      vertex 39.60876142900872 -43.79335334029123 53.4
      vertex 39.60876142900872 -43.79335334029123 48.699999999999996
      vertex 39.707106781186546 -43.707106781186546 48.699999999999996
    endloop
  endfacet
  facet normal 0.7518398074789668 -0.6593458151000808 0
    outer loop
      vertex 39.707106781186546 -43.707106781186546 53.4
      vertex 39.707106781186546 -43.707106781186546 48.699999999999996
      vertex 39.79335334029123 -43.60876142900872 48.699999999999996
    endloop
  endfacet
  facet normal 0.8314696123025355 -0.5555702330196167 0
    outer loop
      vertex 39.79335334029123 -43.60876142900872 53.4
      vertex 39.79335334029123 -43.60876142900872 48.699999999999996
      vertex 39.86602540378444 -43.5 48.699999999999996
    endloop
  endfacet
  facet normal 0.8968727415326953 -0.4422886902189873 0
    outer loop
      vertex 39.86602540378444 -43.5 53.4
      vertex 39.86602540378444 -43.5 48.699999999999996
      vertex 39.923879532511286 -43.38268343236509 48.699999999999996
    endloop
  endfacet
  facet normal 0.9469301294951115 -0.32143946530314454 0
    outer loop
      vertex 39.923879532511286 -43.38268343236509 53.4
      vertex 39.923879532511286 -43.38268343236509 48.699999999999996
      vertex 39.965925826289066 -43.25881904510252 48.699999999999996
    endloop
  endfacet
  facet normal 0.9807852804032308 -0.1950903220161262 0
    outer loop
      vertex 39.965925826289066 -43.25881904510252 53.4
      vertex 39.965925826289066 -43.25881904510252 48.699999999999996
      vertex 39.99144486137381 -43.13052619222005 48.699999999999996
    endloop
  endfacet
  facet normal 0.997858923238602 -0.06540312923016546 0
    outer loop
      vertex 39.99144486137381 -43.13052619222005 53.4
      vertex 39.99144486137381 -43.13052619222005 48.699999999999996
      vertex 40 -43 48.699999999999996
    endloop
  endfacet
  facet normal 0.997858923238602 0.06540312923016546 0
    outer loop
      vertex 40 -43 53.4
      vertex 40 -43 48.699999999999996
      vertex 39.99144486137381 -42.86947380777995 48.699999999999996
    endloop
  endfacet
  facet normal 0.9807852804032308 0.1950903220161262 0
    outer loop
      vertex 39.99144486137381 -42.86947380777995 53.4
      vertex 39.99144486137381 -42.86947380777995 48.699999999999996
      vertex 39.965925826289066 -42.74118095489748 48.699999999999996
    endloop
  endfacet
  facet normal 0.9469301294951115 0.32143946530314454 0
    outer loop
      vertex 39.965925826289066 -42.74118095489748 53.4
      vertex 39.965925826289066 -42.74118095489748 48.699999999999996
      vertex 39.923879532511286 -42.61731656763491 48.699999999999996
    endloop
  endfacet
  facet normal 0.8968727415326953 0.4422886902189873 0
    outer loop
      vertex 39.923879532511286 -42.61731656763491 53.4
      vertex 39.923879532511286 -42.61731656763491 48.699999999999996
      vertex 39.86602540378444 -42.5 48.699999999999996
    endloop
  endfacet
  facet normal 0.6593458151000808 0.7518398074789668 0
    outer loop
      vertex 39.707106781186546 -42.292893218813454 53.4
      vertex 39.707106781186546 -42.292893218813454 48.699999999999996
      vertex 39.60876142900872 -42.20664665970877 48.699999999999996
    endloop
  endfacet
  facet normal 0.5555702330196167 0.8314696123025355 0
    outer loop
      vertex 39.60876142900872 -42.20664665970877 53.4
      vertex 39.60876142900872 -42.20664665970877 48.699999999999996
      vertex 39.5 -42.13397459621556 48.699999999999996
    endloop
  endfacet
  facet normal 0.8314696123025355 0.5555702330196167 0
    outer loop
      vertex 39.86602540378444 -42.5 53.4
      vertex 39.86602540378444 -42.5 48.699999999999996
      vertex 39.79335334029123 -42.39123857099128 48.699999999999996
    endloop
  endfacet
  facet normal 0.7518398074789668 0.6593458151000808 0
    outer loop
      vertex 39.79335334029123 -42.39123857099128 53.4
      vertex 39.79335334029123 -42.39123857099128 48.699999999999996
      vertex 39.707106781186546 -42.292893218813454 48.699999999999996
    endloop
  endfacet
  facet normal -0.4422886902189873 0.8968727415326953 0
    outer loop
      vertex 38.61731656763491 -42.076120467488714 53.4
      vertex 38.61731656763491 -42.076120467488714 48.699999999999996
      vertex 38.5 -42.13397459621556 48.699999999999996
    endloop
  endfacet
  facet normal -0.32143946530314454 0.9469301294951115 0
    outer loop
      vertex 38.74118095489748 -42.034074173710934 53.4
      vertex 38.74118095489748 -42.034074173710934 48.699999999999996
      vertex 38.61731656763491 -42.076120467488714 48.699999999999996
    endloop
  endfacet
  facet normal -0.1950903220161262 0.9807852804032308 0
    outer loop
      vertex 38.86947380777995 -42.00855513862619 53.4
      vertex 38.86947380777995 -42.00855513862619 48.699999999999996
      vertex 38.74118095489748 -42.034074173710934 48.699999999999996
    endloop
  endfacet
  facet normal -0.06540312923016546 0.997858923238602 0
    outer loop
      vertex 39 -42 53.4
      vertex 39 -42 48.699999999999996
      vertex 38.86947380777995 -42.00855513862619 48.699999999999996
    endloop
  endfacet
  facet normal 0.06540312923016546 0.997858923238602 0
    outer loop
      vertex 39.13052619222005 -42.00855513862619 53.4
      vertex 39.13052619222005 -42.00855513862619 48.699999999999996
      vertex 39 -42 48.699999999999996
    endloop
  endfacet
  facet normal 0.1950903220161262 0.9807852804032308 0
    outer loop
      vertex 39.25881904510252 -42.034074173710934 53.4
      vertex 39.25881904510252 -42.034074173710934 48.699999999999996
      vertex 39.13052619222005 -42.00855513862619 48.699999999999996
    endloop
  endfacet
  facet normal 0.32143946530314454 0.9469301294951115 0
    outer loop
      vertex 39.38268343236509 -42.076120467488714 53.4
      vertex 39.38268343236509 -42.076120467488714 48.699999999999996
      vertex 39.25881904510252 -42.034074173710934 48.699999999999996
    endloop
  endfacet
  facet normal 0.4422886902189873 0.8968727415326953 0
    outer loop
      vertex 39.5 -42.13397459621556 53.4
      vertex 39.5 -42.13397459621556 48.699999999999996
      vertex 39.38268343236509 -42.076120467488714 48.699999999999996
    endloop
  endfacet
  facet normal -0.5555702330196167 -0.8314696123025355 0
    outer loop
      vertex 38.39123857099128 -43.79335334029123 53.4
      vertex 38.5 -43.86602540378444 48.699999999999996
      vertex 38.5 -43.86602540378444 53.4
    endloop
  endfacet
  facet normal -0.6593458151000808 -0.7518398074789668 0
    outer loop
      vertex 38.292893218813454 -43.707106781186546 53.4
      vertex 38.39123857099128 -43.79335334029123 48.699999999999996
      vertex 38.39123857099128 -43.79335334029123 53.4
    endloop
  endfacet
  facet normal -0.7518398074789668 -0.6593458151000808 0
    outer loop
      vertex 38.20664665970877 -43.60876142900872 53.4
      vertex 38.292893218813454 -43.707106781186546 48.699999999999996
      vertex 38.292893218813454 -43.707106781186546 53.4
    endloop
  endfacet
  facet normal -0.8314696123025355 -0.5555702330196167 0
    outer loop
      vertex 38.13397459621556 -43.5 53.4
      vertex 38.20664665970877 -43.60876142900872 48.699999999999996
      vertex 38.20664665970877 -43.60876142900872 53.4
    endloop
  endfacet
  facet normal -0.32143946530314454 -0.9469301294951115 0
    outer loop
      vertex 38.61731656763491 -43.923879532511286 53.4
      vertex 38.74118095489748 -43.965925826289066 48.699999999999996
      vertex 38.74118095489748 -43.965925826289066 53.4
    endloop
  endfacet
  facet normal -0.1950903220161262 -0.9807852804032308 0
    outer loop
      vertex 38.74118095489748 -43.965925826289066 53.4
      vertex 38.86947380777995 -43.99144486137381 48.699999999999996
      vertex 38.86947380777995 -43.99144486137381 53.4
    endloop
  endfacet
  facet normal -0.06540312923016546 -0.997858923238602 0
    outer loop
      vertex 38.86947380777995 -43.99144486137381 53.4
      vertex 39 -44 48.699999999999996
      vertex 39 -44 53.4
    endloop
  endfacet
  facet normal 0.06540312923016546 -0.997858923238602 0
    outer loop
      vertex 39 -44 53.4
      vertex 39.13052619222005 -43.99144486137381 48.699999999999996
      vertex 39.13052619222005 -43.99144486137381 53.4
    endloop
  endfacet
  facet normal 0.1950903220161262 -0.9807852804032308 0
    outer loop
      vertex 39.13052619222005 -43.99144486137381 53.4
      vertex 39.25881904510252 -43.965925826289066 48.699999999999996
      vertex 39.25881904510252 -43.965925826289066 53.4
    endloop
  endfacet
  facet normal -0.4422886902189873 -0.8968727415326953 0
    outer loop
      vertex 38.5 -43.86602540378444 53.4
      vertex 38.61731656763491 -43.923879532511286 48.699999999999996
      vertex 38.61731656763491 -43.923879532511286 53.4
    endloop
  endfacet
  facet normal -0.9469301294951115 -0.32143946530314454 0
    outer loop
      vertex 38.034074173710934 -43.25881904510252 53.4
      vertex 38.076120467488714 -43.38268343236509 48.699999999999996
      vertex 38.076120467488714 -43.38268343236509 53.4
    endloop
  endfacet
  facet normal -0.9807852804032308 -0.1950903220161262 0
    outer loop
      vertex 38.00855513862619 -43.13052619222005 53.4
      vertex 38.034074173710934 -43.25881904510252 48.699999999999996
      vertex 38.034074173710934 -43.25881904510252 53.4
    endloop
  endfacet
  facet normal -0.8968727415326953 -0.4422886902189873 0
    outer loop
      vertex 38.076120467488714 -43.38268343236509 53.4
      vertex 38.13397459621556 -43.5 48.699999999999996
      vertex 38.13397459621556 -43.5 53.4
    endloop
  endfacet
  facet normal -0.997858923238602 -0.06540312923016546 0
    outer loop
      vertex 38 -43 53.4
      vertex 38.00855513862619 -43.13052619222005 48.699999999999996
      vertex 38.00855513862619 -43.13052619222005 53.4
    endloop
  endfacet
  facet normal -0.997858923238602 0.06540312923016546 0
    outer loop
      vertex 38.00855513862619 -42.86947380777995 53.4
      vertex 38 -43 48.699999999999996
      vertex 38 -43 53.4
    endloop
  endfacet
  facet normal -0.9807852804032308 0.1950903220161262 0
    outer loop
      vertex 38.034074173710934 -42.74118095489748 53.4
      vertex 38.00855513862619 -42.86947380777995 48.699999999999996
      vertex 38.00855513862619 -42.86947380777995 53.4
    endloop
  endfacet
  facet normal -0.9469301294951115 0.32143946530314454 0
    outer loop
      vertex 38.076120467488714 -42.61731656763491 53.4
      vertex 38.034074173710934 -42.74118095489748 48.699999999999996
      vertex 38.034074173710934 -42.74118095489748 53.4
    endloop
  endfacet
  facet normal -0.8968727415326953 0.4422886902189873 0
    outer loop
      vertex 38.076120467488714 -42.61731656763491 53.4
      vertex 38.13397459621556 -42.5 53.4
      vertex 38.076120467488714 -42.61731656763491 48.699999999999996
    endloop
  endfacet
  facet normal -0.8314696123025355 0.5555702330196167 0
    outer loop
      vertex 38.20664665970877 -42.39123857099128 53.4
      vertex 38.13397459621556 -42.5 48.699999999999996
      vertex 38.13397459621556 -42.5 53.4
    endloop
  endfacet
  facet normal -0.7518398074789668 0.6593458151000808 0
    outer loop
      vertex 38.20664665970877 -42.39123857099128 53.4
      vertex 38.292893218813454 -42.292893218813454 53.4
      vertex 38.20664665970877 -42.39123857099128 48.699999999999996
    endloop
  endfacet
  facet normal -0.6593458151000808 0.7518398074789668 0
    outer loop
      vertex 38.39123857099128 -42.20664665970877 53.4
      vertex 38.292893218813454 -42.292893218813454 48.699999999999996
      vertex 38.292893218813454 -42.292893218813454 53.4
    endloop
  endfacet
  facet normal -0.5555702330196167 0.8314696123025355 0
    outer loop
      vertex 38.39123857099128 -42.20664665970877 53.4
      vertex 38.5 -42.13397459621556 53.4
      vertex 38.39123857099128 -42.20664665970877 48.699999999999996
    endloop
  endfacet
  facet normal 0.32143946530314454 -0.9469301294951115 0
    outer loop
      vertex 39.25881904510252 -43.965925826289066 53.4
      vertex 39.38268343236509 -43.923879532511286 48.699999999999996
      vertex 39.38268343236509 -43.923879532511286 53.4
    endloop
  endfacet
  facet normal 0.4422886902189873 -0.8968727415326953 0
    outer loop
      vertex 39.38268343236509 -43.923879532511286 53.4
      vertex 39.5 -43.86602540378444 48.699999999999996
      vertex 39.5 -43.86602540378444 53.4
    endloop
  endfacet
  facet normal 0.5555702330196167 -0.8314696123025355 0
    outer loop
      vertex 39.5 -43.86602540378444 53.4
      vertex 39.60876142900872 -43.79335334029123 48.699999999999996
      vertex 39.60876142900872 -43.79335334029123 53.4
    endloop
  endfacet
  facet normal 0.6593458151000808 -0.7518398074789668 0
    outer loop
      vertex 39.707106781186546 -43.707106781186546 53.4
      vertex 39.60876142900872 -43.79335334029123 53.4
      vertex 39.707106781186546 -43.707106781186546 48.699999999999996
    endloop
  endfacet
  facet normal 0.7518398074789668 -0.6593458151000808 0
    outer loop
      vertex 39.707106781186546 -43.707106781186546 53.4
      vertex 39.79335334029123 -43.60876142900872 48.699999999999996
      vertex 39.79335334029123 -43.60876142900872 53.4
    endloop
  endfacet
  facet normal 0.8314696123025355 -0.5555702330196167 0
    outer loop
      vertex 39.79335334029123 -43.60876142900872 53.4
      vertex 39.86602540378444 -43.5 48.699999999999996
      vertex 39.86602540378444 -43.5 53.4
    endloop
  endfacet
  facet normal 0.8968727415326953 -0.4422886902189873 0
    outer loop
      vertex 39.923879532511286 -43.38268343236509 53.4
      vertex 39.86602540378444 -43.5 53.4
      vertex 39.923879532511286 -43.38268343236509 48.699999999999996
    endloop
  endfacet
  facet normal 0.9469301294951115 -0.32143946530314454 0
    outer loop
      vertex 39.965925826289066 -43.25881904510252 53.4
      vertex 39.923879532511286 -43.38268343236509 53.4
      vertex 39.965925826289066 -43.25881904510252 48.699999999999996
    endloop
  endfacet
  facet normal 0.9807852804032308 -0.1950903220161262 0
    outer loop
      vertex 39.99144486137381 -43.13052619222005 53.4
      vertex 39.965925826289066 -43.25881904510252 53.4
      vertex 39.99144486137381 -43.13052619222005 48.699999999999996
    endloop
  endfacet
  facet normal 0.997858923238602 -0.06540312923016546 0
    outer loop
      vertex 40 -43 53.4
      vertex 39.99144486137381 -43.13052619222005 53.4
      vertex 40 -43 48.699999999999996
    endloop
  endfacet
  facet normal 0.997858923238602 0.06540312923016546 0
    outer loop
      vertex 39.99144486137381 -42.86947380777995 53.4
      vertex 40 -43 53.4
      vertex 39.99144486137381 -42.86947380777995 48.699999999999996
    endloop
  endfacet
  facet normal 0.9807852804032308 0.1950903220161262 0
    outer loop
      vertex 39.965925826289066 -42.74118095489748 53.4
      vertex 39.99144486137381 -42.86947380777995 53.4
      vertex 39.965925826289066 -42.74118095489748 48.699999999999996
    endloop
  endfacet
  facet normal 0.9469301294951115 0.32143946530314454 0
    outer loop
      vertex 39.923879532511286 -42.61731656763491 53.4
      vertex 39.965925826289066 -42.74118095489748 53.4
      vertex 39.923879532511286 -42.61731656763491 48.699999999999996
    endloop
  endfacet
  facet normal 0.8968727415326953 0.4422886902189873 0
    outer loop
      vertex 39.86602540378444 -42.5 53.4
      vertex 39.923879532511286 -42.61731656763491 53.4
      vertex 39.86602540378444 -42.5 48.699999999999996
    endloop
  endfacet
  facet normal 0.7518398074789668 0.6593458151000808 0
    outer loop
      vertex 39.707106781186546 -42.292893218813454 53.4
      vertex 39.79335334029123 -42.39123857099128 53.4
      vertex 39.707106781186546 -42.292893218813454 48.699999999999996
    endloop
  endfacet
  facet normal 0.5555702330196167 0.8314696123025355 0
    outer loop
      vertex 39.5 -42.13397459621556 53.4
      vertex 39.60876142900872 -42.20664665970877 53.4
      vertex 39.5 -42.13397459621556 48.699999999999996
    endloop
  endfacet
  facet normal 0.6593458151000808 0.7518398074789668 0
    outer loop
      vertex 39.60876142900872 -42.20664665970877 53.4
      vertex 39.707106781186546 -42.292893218813454 53.4
      vertex 39.60876142900872 -42.20664665970877 48.699999999999996
    endloop
  endfacet
  facet normal 0.8314696123025355 0.5555702330196167 0
    outer loop
      vertex 39.79335334029123 -42.39123857099128 53.4
      vertex 39.86602540378444 -42.5 53.4
      vertex 39.79335334029123 -42.39123857099128 48.699999999999996
    endloop
  endfacet
  facet normal -0.4422886902189873 0.8968727415326953 0
    outer loop
      vertex 38.61731656763491 -42.076120467488714 53.4
      vertex 38.5 -42.13397459621556 48.699999999999996
      vertex 38.5 -42.13397459621556 53.4
    endloop
  endfacet
  facet normal -0.32143946530314454 0.9469301294951115 0
    outer loop
      vertex 38.61731656763491 -42.076120467488714 53.4
      vertex 38.74118095489748 -42.034074173710934 53.4
      vertex 38.61731656763491 -42.076120467488714 48.699999999999996
    endloop
  endfacet
  facet normal -0.1950903220161262 0.9807852804032308 0
    outer loop
      vertex 38.74118095489748 -42.034074173710934 53.4
      vertex 38.86947380777995 -42.00855513862619 53.4
      vertex 38.74118095489748 -42.034074173710934 48.699999999999996
    endloop
  endfacet
  facet normal -0.06540312923016546 0.997858923238602 0
    outer loop
      vertex 38.86947380777995 -42.00855513862619 53.4
      vertex 39 -42 53.4
      vertex 38.86947380777995 -42.00855513862619 48.699999999999996
    endloop
  endfacet
  facet normal 0.06540312923016546 0.997858923238602 0
    outer loop
      vertex 39 -42 53.4
      vertex 39.13052619222005 -42.00855513862619 53.4
      vertex 39 -42 48.699999999999996
    endloop
  endfacet
  facet normal 0.32143946530314454 0.9469301294951115 0
    outer loop
      vertex 39.25881904510252 -42.034074173710934 53.4
      vertex 39.38268343236509 -42.076120467488714 53.4
      vertex 39.25881904510252 -42.034074173710934 48.699999999999996
    endloop
  endfacet
  facet normal 0.1950903220161262 0.9807852804032308 0
    outer loop
      vertex 39.13052619222005 -42.00855513862619 53.4
      vertex 39.25881904510252 -42.034074173710934 53.4
      vertex 39.13052619222005 -42.00855513862619 48.699999999999996
    endloop
  endfacet
  facet normal 0.4422886902189873 0.8968727415326953 0
    outer loop
      vertex 39.38268343236509 -42.076120467488714 53.4
      vertex 39.5 -42.13397459621556 53.4
      vertex 39.38268343236509 -42.076120467488714 48.699999999999996
    endloop
  endfacet
  facet normal 0 0 1
    outer loop
      vertex 38.20664665970877 -42.39123857099128 53.4
      vertex 38.20664665970877 -43.60876142900872 53.4
      vertex 38.292893218813454 -43.707106781186546 53.4
    endloop
  endfacet
  facet normal 0 0 1
    outer loop
      vertex 38.292893218813454 -42.292893218813454 53.4
      vertex 38.292893218813454 -43.707106781186546 53.4
      vertex 38.39123857099128 -43.79335334029123 53.4
    endloop
  endfacet
  facet normal 0 0 1
    outer loop
      vertex 38.39123857099128 -42.20664665970877 53.4
      vertex 38.39123857099128 -43.79335334029123 53.4
      vertex 38.5 -43.86602540378444 53.4
    endloop
  endfacet
  facet normal 0 0 1
    outer loop
      vertex 38.034074173710934 -42.74118095489748 53.4
      vertex 38.034074173710934 -43.25881904510252 53.4
      vertex 38.076120467488714 -43.38268343236509 53.4
    endloop
  endfacet
  facet normal 0 0 1
    outer loop
      vertex 38.00855513862619 -42.86947380777995 53.4
      vertex 38.00855513862619 -43.13052619222005 53.4
      vertex 38.034074173710934 -43.25881904510252 53.4
    endloop
  endfacet
  facet normal 0 0 1
    outer loop
      vertex 38.034074173710934 -42.74118095489748 53.4
      vertex 38.00855513862619 -42.86947380777995 53.4
      vertex 38.034074173710934 -43.25881904510252 53.4
    endloop
  endfacet
  facet normal 0 0 1
    outer loop
      vertex 38.00855513862619 -42.86947380777995 53.4
      vertex 38 -43 53.4
      vertex 38.00855513862619 -43.13052619222005 53.4
    endloop
  endfacet
  facet normal 0 0 1
    outer loop
      vertex 38.076120467488714 -42.61731656763491 53.4
      vertex 38.034074173710934 -42.74118095489748 53.4
      vertex 38.076120467488714 -43.38268343236509 53.4
    endloop
  endfacet
  facet normal 0 0 1
    outer loop
      vertex 38.076120467488714 -42.61731656763491 53.4
      vertex 38.076120467488714 -43.38268343236509 53.4
      vertex 38.13397459621556 -43.5 53.4
    endloop
  endfacet
  facet normal 0 0 1
    outer loop
      vertex 38.13397459621556 -42.5 53.4
      vertex 38.13397459621556 -43.5 53.4
      vertex 38.20664665970877 -43.60876142900872 53.4
    endloop
  endfacet
  facet normal 0 0 1
    outer loop
      vertex 38.076120467488714 -42.61731656763491 53.4
      vertex 38.13397459621556 -43.5 53.4
      vertex 38.13397459621556 -42.5 53.4
    endloop
  endfacet
  facet normal 0 0 1
    outer loop
      vertex 38.5 -42.13397459621556 53.4
      vertex 38.5 -43.86602540378444 53.4
      vertex 38.61731656763491 -43.923879532511286 53.4
    endloop
  endfacet
  facet normal 0 0 1
    outer loop
      vertex 38.61731656763491 -42.076120467488714 53.4
      vertex 38.61731656763491 -43.923879532511286 53.4
      vertex 38.74118095489748 -43.965925826289066 53.4
    endloop
  endfacet
  facet normal 0 0 1
    outer loop
      vertex 38.74118095489748 -42.034074173710934 53.4
      vertex 38.74118095489748 -43.965925826289066 53.4
      vertex 38.86947380777995 -43.99144486137381 53.4
    endloop
  endfacet
  facet normal 0 0 1
    outer loop
      vertex 38.86947380777995 -42.00855513862619 53.4
      vertex 38.86947380777995 -43.99144486137381 53.4
      vertex 39 -44 53.4
    endloop
  endfacet
  facet normal 0 0 1
    outer loop
      vertex 39 -42 53.4
      vertex 39 -44 53.4
      vertex 39.13052619222005 -43.99144486137381 53.4
    endloop
  endfacet
  facet normal 0 0 1
    outer loop
      vertex 39.13052619222005 -42.00855513862619 53.4
      vertex 39.13052619222005 -43.99144486137381 53.4
      vertex 39.25881904510252 -43.965925826289066 53.4
    endloop
  endfacet
  facet normal 0 0 1
    outer loop
      vertex 39.25881904510252 -42.034074173710934 53.4
      vertex 39.25881904510252 -43.965925826289066 53.4
      vertex 39.38268343236509 -43.923879532511286 53.4
    endloop
  endfacet
  facet normal 0 0 1
    outer loop
      vertex 38.20664665970877 -42.39123857099128 53.4
      vertex 38.13397459621556 -42.5 53.4
      vertex 38.20664665970877 -43.60876142900872 53.4
    endloop
  endfacet
  facet normal 0 0 1
    outer loop
      vertex 38.20664665970877 -42.39123857099128 53.4
      vertex 38.292893218813454 -43.707106781186546 53.4
      vertex 38.292893218813454 -42.292893218813454 53.4
    endloop
  endfacet
  facet normal 0 0 1
    outer loop
      vertex 38.39123857099128 -42.20664665970877 53.4
      vertex 38.292893218813454 -42.292893218813454 53.4
      vertex 38.39123857099128 -43.79335334029123 53.4
    endloop
  endfacet
  facet normal 0 0 1
    outer loop
      vertex 38.39123857099128 -42.20664665970877 53.4
      vertex 38.5 -43.86602540378444 53.4
      vertex 38.5 -42.13397459621556 53.4
    endloop
  endfacet
  facet normal 0 0 1
    outer loop
      vertex 38.61731656763491 -42.076120467488714 53.4
      vertex 38.5 -42.13397459621556 53.4
      vertex 38.61731656763491 -43.923879532511286 53.4
    endloop
  endfacet
  facet normal 0 0 1
    outer loop
      vertex 38.61731656763491 -42.076120467488714 53.4
      vertex 38.74118095489748 -43.965925826289066 53.4
      vertex 38.74118095489748 -42.034074173710934 53.4
    endloop
  endfacet
  facet normal 0 0 1
    outer loop
      vertex 38.74118095489748 -42.034074173710934 53.4
      vertex 38.86947380777995 -43.99144486137381 53.4
      vertex 38.86947380777995 -42.00855513862619 53.4
    endloop
  endfacet
  facet normal 0 0 1
    outer loop
      vertex 38.86947380777995 -42.00855513862619 53.4
      vertex 39 -44 53.4
      vertex 39 -42 53.4
    endloop
  endfacet
  facet normal 0 0 1
    outer loop
      vertex 39 -42 53.4
      vertex 39.13052619222005 -43.99144486137381 53.4
      vertex 39.13052619222005 -42.00855513862619 53.4
    endloop
  endfacet
  facet normal 0 0 1
    outer loop
      vertex 39.13052619222005 -42.00855513862619 53.4
      vertex 39.25881904510252 -43.965925826289066 53.4
      vertex 39.25881904510252 -42.034074173710934 53.4
    endloop
  endfacet
  facet normal 0 0 1
    outer loop
      vertex 39.38268343236509 -42.076120467488714 53.4
      vertex 39.38268343236509 -43.923879532511286 53.4
      vertex 39.5 -43.86602540378444 53.4
    endloop
  endfacet
  facet normal 0 0 1
    outer loop
      vertex 39.5 -42.13397459621556 53.4
      vertex 39.5 -43.86602540378444 53.4
      vertex 39.60876142900872 -43.79335334029123 53.4
    endloop
  endfacet
  facet normal 0 0 1
    outer loop
      vertex 39.60876142900872 -42.20664665970877 53.4
      vertex 39.60876142900872 -43.79335334029123 53.4
      vertex 39.707106781186546 -43.707106781186546 53.4
    endloop
  endfacet
  facet normal 0 0 1
    outer loop
      vertex 39.707106781186546 -42.292893218813454 53.4
      vertex 39.707106781186546 -43.707106781186546 53.4
      vertex 39.79335334029123 -43.60876142900872 53.4
    endloop
  endfacet
  facet normal 0 0 1
    outer loop
      vertex 39.79335334029123 -42.39123857099128 53.4
      vertex 39.79335334029123 -43.60876142900872 53.4
      vertex 39.86602540378444 -43.5 53.4
    endloop
  endfacet
  facet normal 0 0 1
    outer loop
      vertex 39.86602540378444 -42.5 53.4
      vertex 39.86602540378444 -43.5 53.4
      vertex 39.923879532511286 -43.38268343236509 53.4
    endloop
  endfacet
  facet normal 0 0 1
    outer loop
      vertex 39.923879532511286 -42.61731656763491 53.4
      vertex 39.923879532511286 -43.38268343236509 53.4
      vertex 39.965925826289066 -43.25881904510252 53.4
    endloop
  endfacet
  facet normal 0 0 1
    outer loop
      vertex 39.965925826289066 -42.74118095489748 53.4
      vertex 39.965925826289066 -43.25881904510252 53.4
      vertex 39.99144486137381 -43.13052619222005 53.4
    endloop
  endfacet
  facet normal 0 0 1
    outer loop
      vertex 39.99144486137381 -42.86947380777995 53.4
      vertex 39.99144486137381 -43.13052619222005 53.4
      vertex 40 -43 53.4
    endloop
  endfacet
  facet normal 0 0 1
    outer loop
      vertex 39.923879532511286 -42.61731656763491 53.4
      vertex 39.965925826289066 -43.25881904510252 53.4
      vertex 39.965925826289066 -42.74118095489748 53.4
    endloop
  endfacet
  facet normal 0 0 1
    outer loop
      vertex 39.965925826289066 -42.74118095489748 53.4
      vertex 39.99144486137381 -43.13052619222005 53.4
      vertex 39.99144486137381 -42.86947380777995 53.4
    endloop
  endfacet
  facet normal 0 0 1
    outer loop
      vertex 39.25881904510252 -42.034074173710934 53.4
      vertex 39.38268343236509 -43.923879532511286 53.4
      vertex 39.38268343236509 -42.076120467488714 53.4
    endloop
  endfacet
  facet normal 0 0 1
    outer loop
      vertex 39.38268343236509 -42.076120467488714 53.4
      vertex 39.5 -43.86602540378444 53.4
      vertex 39.5 -42.13397459621556 53.4
    endloop
  endfacet
  facet normal 0 0 1
    outer loop
      vertex 39.5 -42.13397459621556 53.4
      vertex 39.60876142900872 -43.79335334029123 53.4
      vertex 39.60876142900872 -42.20664665970877 53.4
    endloop
  endfacet
  facet normal 0 0 1
    outer loop
      vertex 39.60876142900872 -42.20664665970877 53.4
      vertex 39.707106781186546 -43.707106781186546 53.4
      vertex 39.707106781186546 -42.292893218813454 53.4
    endloop
  endfacet
  facet normal 0 0 1
    outer loop
      vertex 39.707106781186546 -42.292893218813454 53.4
      vertex 39.79335334029123 -43.60876142900872 53.4
      vertex 39.79335334029123 -42.39123857099128 53.4
    endloop
  endfacet
  facet normal 0 0 1
    outer loop
      vertex 39.79335334029123 -42.39123857099128 53.4
      vertex 39.86602540378444 -43.5 53.4
      vertex 39.86602540378444 -42.5 53.4
    endloop
  endfacet
  facet normal 0 0 1
    outer loop
      vertex 39.86602540378444 -42.5 53.4
      vertex 39.923879532511286 -43.38268343236509 53.4
      vertex 39.923879532511286 -42.61731656763491 53.4
    endloop
  endfacet
  facet normal 0 0 -1
    outer loop
      vertex -94.51763809020504 -44.93185165257814 47.4
      vertex -94.51763809020504 -42.40307985015617 47.4
      vertex -94.2610523844401 -44.98288972274762 47.4
    endloop
  endfacet
  facet normal 0 0 -1
    outer loop
      vertex -94.76536686473018 -44.84775906502257 47.4
      vertex -94.51763809020504 -42.40307985015617 47.4
      vertex -94.51763809020504 -44.93185165257814 47.4
    endloop
  endfacet
  facet normal 0 0 -1
    outer loop
      vertex -94.76536686473018 -44.84775906502257 47.4
      vertex -95 -44.732050807568875 47.4
      vertex -95 -41.267949192431125 47.4
    endloop
  endfacet
  facet normal 0 0 -1
    outer loop
      vertex -93.7389476155599 -44.98288972274762 47.4
      vertex -94 -45 47.4
      vertex -94.2610523844401 -44.98288972274762 47.4
    endloop
  endfacet
  facet normal 0 0 -1
    outer loop
      vertex -93.7389476155599 -43.96516770973944 47.4
      vertex -93.7389476155599 -44.98288972274762 47.4
      vertex -94.2610523844401 -44.98288972274762 47.4
    endloop
  endfacet
  facet normal 0 0 -1
    outer loop
      vertex -93.7389476155599 -44.98288972274762 47.4
      vertex -93.67072469844308 -43.94200914997205 47.4
      vertex -93.48236190979496 -44.93185165257814 47.4
    endloop
  endfacet
  facet normal 0 0 -1
    outer loop
      vertex -93.7389476155599 -43.93185165257814 47.4
      vertex -93.7389476155599 -43.96516770973944 47.4
      vertex -94.2610523844401 -44.98288972274762 47.4
    endloop
  endfacet
  facet normal 0 0 -1
    outer loop
      vertex -93.7389476155599 -44.98288972274762 47.4
      vertex -93.7389476155599 -43.96516770973944 47.4
      vertex -93.67072469844308 -43.94200914997205 47.4
    endloop
  endfacet
  facet normal 0 0 -1
    outer loop
      vertex -93.48236190979496 -44.93185165257814 47.4
      vertex -93.40849659887179 -43.80488478585361 47.4
      vertex -93.23463313526982 -44.84775906502257 47.4
    endloop
  endfacet
  facet normal 0 0 -1
    outer loop
      vertex -93.23463313526982 -44.84775906502257 47.4
      vertex -93.39123857099128 -43.54157816244307 47.4
      vertex -93 -44.732050807568875 47.4
    endloop
  endfacet
  facet normal 0 0 -1
    outer loop
      vertex -93.48236190979496 -44.93185165257814 47.4
      vertex -93.67072469844308 -43.94200914997205 47.4
      vertex -93.48236190979496 -43.85424000869573 47.4
    endloop
  endfacet
  facet normal 0 0 -1
    outer loop
      vertex -93.7389476155599 -43.93185165257814 47.4
      vertex -93.67072469844308 -43.94200914997205 47.4
      vertex -93.7389476155599 -43.96516770973944 47.4
    endloop
  endfacet
  facet normal 0 0 -1
    outer loop
      vertex -93.48236190979496 -43.59692014984383 47.4
      vertex -93.48236190979496 -43.85424000869573 47.4
      vertex -93.67072469844308 -43.94200914997205 47.4
    endloop
  endfacet
  facet normal 0 0 -1
    outer loop
      vertex -93.7389476155599 -43.93185165257814 47.4
      vertex -93.61731656763492 -43.1271585376582 47.4
      vertex -93.67072469844308 -43.94200914997205 47.4
    endloop
  endfacet
  facet normal 0 0 -1
    outer loop
      vertex -93.48236190979496 -44.93185165257814 47.4
      vertex -93.48236190979496 -43.85424000869573 47.4
      vertex -93.40849659887179 -43.80488478585361 47.4
    endloop
  endfacet
  facet normal 0 0 -1
    outer loop
      vertex -93.23463313526982 -44.84775906502257 47.4
      vertex -93.40849659887179 -43.80488478585361 47.4
      vertex -93.39123857099128 -43.54157816244307 47.4
    endloop
  endfacet
  facet normal 0 0 -1
    outer loop
      vertex -93.48236190979496 -43.59692014984383 47.4
      vertex -93.40849659887179 -43.80488478585361 47.4
      vertex -93.48236190979496 -43.85424000869573 47.4
    endloop
  endfacet
  facet normal 0 0 -1
    outer loop
      vertex -93.48236190979496 -43.59692014984383 47.4
      vertex -93.39123857099128 -43.54157816244307 47.4
      vertex -93.40849659887179 -43.80488478585361 47.4
    endloop
  endfacet
  facet normal 0 0 -1
    outer loop
      vertex -92.78247714198255 -41.41329331941753 47.4
      vertex -92.78247714198255 -44.58670668058247 47.4
      vertex -93 -44.732050807568875 47.4
    endloop
  endfacet
  facet normal 0 0 -1
    outer loop
      vertex -95.58670668058247 -41.78247714198256 47.4
      vertex -95.58670668058247 -44.21752285801744 47.4
      vertex -95.73205080756888 -44 47.4
    endloop
  endfacet
  facet normal 0 0 -1
    outer loop
      vertex -95.73205080756888 -42 47.4
      vertex -95.73205080756888 -44 47.4
      vertex -95.84775906502257 -43.76536686473018 47.4
    endloop
  endfacet
  facet normal 0 0 -1
    outer loop
      vertex -95.41421356237309 -41.58578643762691 47.4
      vertex -95.41421356237309 -44.41421356237309 47.4
      vertex -95.58670668058247 -44.21752285801744 47.4
    endloop
  endfacet
  facet normal 0 0 -1
    outer loop
      vertex -95.21752285801745 -41.41329331941753 47.4
      vertex -95.21752285801745 -44.58670668058247 47.4
      vertex -95.41421356237309 -44.41421356237309 47.4
    endloop
  endfacet
  facet normal 0 0 -1
    outer loop
      vertex -95.84775906502257 -42.23463313526982 47.4
      vertex -95.84775906502257 -43.76536686473018 47.4
      vertex -95.93185165257813 -43.51763809020504 47.4
    endloop
  endfacet
  facet normal 0 0 -1
    outer loop
      vertex -95.93185165257813 -42.48236190979496 47.4
      vertex -95.93185165257813 -43.51763809020504 47.4
      vertex -95.98288972274761 -43.261052384440106 47.4
    endloop
  endfacet
  facet normal 0 0 -1
    outer loop
      vertex -95.98288972274761 -42.738947615559894 47.4
      vertex -95.98288972274761 -43.261052384440106 47.4
      vertex -96 -43 47.4
    endloop
  endfacet
  facet normal 0 0 -1
    outer loop
      vertex -95 -41.267949192431125 47.4
      vertex -95 -44.732050807568875 47.4
      vertex -95.21752285801745 -44.58670668058247 47.4
    endloop
  endfacet
  facet normal 0 0 -1
    outer loop
      vertex -94.38268343236508 -42.8728414623418 47.4
      vertex -94.2610523844401 -44.98288972274762 47.4
      vertex -94.51763809020504 -42.40307985015617 47.4
    endloop
  endfacet
  facet normal 0 0 -1
    outer loop
      vertex -94.51763809020504 -42.40307985015617 47.4
      vertex -94.76536686473018 -44.84775906502257 47.4
      vertex -94.60876142900872 -42.45842183755693 47.4
    endloop
  endfacet
  facet normal 0 0 -1
    outer loop
      vertex -95.93185165257813 -42.48236190979496 47.4
      vertex -95.98288972274761 -43.261052384440106 47.4
      vertex -95.98288972274761 -42.738947615559894 47.4
    endloop
  endfacet
  facet normal 0 0 -1
    outer loop
      vertex -95.84775906502257 -42.23463313526982 47.4
      vertex -95.93185165257813 -43.51763809020504 47.4
      vertex -95.93185165257813 -42.48236190979496 47.4
    endloop
  endfacet
  facet normal 0 0 -1
    outer loop
      vertex -95.84775906502257 -42.23463313526982 47.4
      vertex -95.73205080756888 -42 47.4
      vertex -95.84775906502257 -43.76536686473018 47.4
    endloop
  endfacet
  facet normal 0 0 -1
    outer loop
      vertex -95.58670668058247 -41.78247714198256 47.4
      vertex -95.73205080756888 -44 47.4
      vertex -95.73205080756888 -42 47.4
    endloop
  endfacet
  facet normal 0 0 -1
    outer loop
      vertex -95.58670668058247 -41.78247714198256 47.4
      vertex -95.41421356237309 -41.58578643762691 47.4
      vertex -95.58670668058247 -44.21752285801744 47.4
    endloop
  endfacet
  facet normal 0 0 -1
    outer loop
      vertex -95.21752285801745 -41.41329331941753 47.4
      vertex -95.41421356237309 -44.41421356237309 47.4
      vertex -95.41421356237309 -41.58578643762691 47.4
    endloop
  endfacet
  facet normal 0 0 -1
    outer loop
      vertex -94.76536686473018 -41.15224093497743 47.4
      vertex -94.60876142900872 -42.45842183755693 47.4
      vertex -94.76536686473018 -44.84775906502257 47.4
    endloop
  endfacet
  facet normal 0 0 -1
    outer loop
      vertex -95.21752285801745 -41.41329331941753 47.4
      vertex -95 -41.267949192431125 47.4
      vertex -95.21752285801745 -44.58670668058247 47.4
    endloop
  endfacet
  facet normal 0 0 -1
    outer loop
      vertex -94.76536686473018 -41.15224093497743 47.4
      vertex -94.76536686473018 -44.84775906502257 47.4
      vertex -95 -41.267949192431125 47.4
    endloop
  endfacet
  facet normal 0 0 -1
    outer loop
      vertex -94.51763809020504 -42.40307985015617 47.4
      vertex -94.60876142900872 -42.45842183755693 47.4
      vertex -94.59150340112821 -42.19511521414639 47.4
    endloop
  endfacet
  facet normal 0 0 -1
    outer loop
      vertex -94.38268343236508 -42.8728414623418 47.4
      vertex -94.51763809020504 -42.40307985015617 47.4
      vertex -94.32927530155692 -42.05799085002795 47.4
    endloop
  endfacet
  facet normal 0 0 -1
    outer loop
      vertex -94.2610523844401 -42.06814834742186 47.4
      vertex -94.2610523844401 -44.98288972274762 47.4
      vertex -94.38268343236508 -42.8728414623418 47.4
    endloop
  endfacet
  facet normal 0 0 -1
    outer loop
      vertex -93.48236190979496 -43.59692014984383 47.4
      vertex -93.67072469844308 -43.94200914997205 47.4
      vertex -93.61731656763492 -43.1271585376582 47.4
    endloop
  endfacet
  facet normal 0 0 -1
    outer loop
      vertex -93.7389476155599 -41.01711027725238 47.4
      vertex -93.7389476155599 -43.93185165257814 47.4
      vertex -94.2610523844401 -44.98288972274762 47.4
    endloop
  endfacet
  facet normal 0 0 -1
    outer loop
      vertex -93 -44.732050807568875 47.4
      vertex -93.39123857099128 -43.54157816244307 47.4
      vertex -93.23463313526982 -41.15224093497743 47.4
    endloop
  endfacet
  facet normal 0 0 -1
    outer loop
      vertex -94 -41 47.4
      vertex -94.2610523844401 -44.98288972274762 47.4
      vertex -94.2610523844401 -42.06814834742186 47.4
    endloop
  endfacet
  facet normal 0 0 -1
    outer loop
      vertex -93.7389476155599 -41.01711027725238 47.4
      vertex -93.61731656763492 -43.1271585376582 47.4
      vertex -93.7389476155599 -43.93185165257814 47.4
    endloop
  endfacet
  facet normal 0 0 -1
    outer loop
      vertex -93.48236190979496 -43.59692014984383 47.4
      vertex -93.61731656763492 -43.1271585376582 47.4
      vertex -93.7389476155599 -41.01711027725238 47.4
    endloop
  endfacet
  facet normal 0 0 -1
    outer loop
      vertex -94.2610523844401 -42.06814834742186 47.4
      vertex -94.38268343236508 -42.8728414623418 47.4
      vertex -94.32927530155692 -42.05799085002795 47.4
    endloop
  endfacet
  facet normal 0 0 -1
    outer loop
      vertex -94 -41 47.4
      vertex -93.7389476155599 -41.01711027725238 47.4
      vertex -94.2610523844401 -44.98288972274762 47.4
    endloop
  endfacet
  facet normal 0 0 -1
    outer loop
      vertex -93.39123857099128 -43.54157816244307 47.4
      vertex -93.48236190979496 -43.59692014984383 47.4
      vertex -93.48236190979496 -41.06814834742186 47.4
    endloop
  endfacet
  facet normal 0 0 -1
    outer loop
      vertex -92.78247714198255 -41.41329331941753 47.4
      vertex -92.58578643762691 -41.58578643762691 47.4
      vertex -92.78247714198255 -44.58670668058247 47.4
    endloop
  endfacet
  facet normal 0 0 -1
    outer loop
      vertex -93 -41.267949192431125 47.4
      vertex -92.78247714198255 -41.41329331941753 47.4
      vertex -93 -44.732050807568875 47.4
    endloop
  endfacet
  facet normal 0 0 -1
    outer loop
      vertex -93 -41.267949192431125 47.4
      vertex -93 -44.732050807568875 47.4
      vertex -93.23463313526982 -41.15224093497743 47.4
    endloop
  endfacet
  facet normal 0 0 -1
    outer loop
      vertex -92.58578643762691 -41.58578643762691 47.4
      vertex -92.58578643762691 -44.41421356237309 47.4
      vertex -92.78247714198255 -44.58670668058247 47.4
    endloop
  endfacet
  facet normal 0 0 -1
    outer loop
      vertex -92.41329331941753 -41.78247714198256 47.4
      vertex -92.41329331941753 -44.21752285801744 47.4
      vertex -92.58578643762691 -44.41421356237309 47.4
    endloop
  endfacet
  facet normal 0 0 -1
    outer loop
      vertex -92.26794919243112 -42 47.4
      vertex -92.26794919243112 -44 47.4
      vertex -92.41329331941753 -44.21752285801744 47.4
    endloop
  endfacet
  facet normal 0 0 -1
    outer loop
      vertex -92.15224093497743 -42.23463313526982 47.4
      vertex -92.15224093497743 -43.76536686473018 47.4
      vertex -92.26794919243112 -44 47.4
    endloop
  endfacet
  facet normal 0 0 -1
    outer loop
      vertex -92.06814834742187 -42.48236190979496 47.4
      vertex -92.06814834742187 -43.51763809020504 47.4
      vertex -92.15224093497743 -43.76536686473018 47.4
    endloop
  endfacet
  facet normal 0 0 -1
    outer loop
      vertex -92.01711027725239 -42.738947615559894 47.4
      vertex -92.01711027725239 -43.261052384440106 47.4
      vertex -92.06814834742187 -43.51763809020504 47.4
    endloop
  endfacet
  facet normal 0 0 -1
    outer loop
      vertex -92.01711027725239 -42.738947615559894 47.4
      vertex -92 -43 47.4
      vertex -92.01711027725239 -43.261052384440106 47.4
    endloop
  endfacet
  facet normal 0 0 -1
    outer loop
      vertex -92.06814834742187 -42.48236190979496 47.4
      vertex -92.01711027725239 -42.738947615559894 47.4
      vertex -92.06814834742187 -43.51763809020504 47.4
    endloop
  endfacet
  facet normal 0 0 -1
    outer loop
      vertex -92.41329331941753 -41.78247714198256 47.4
      vertex -92.26794919243112 -42 47.4
      vertex -92.41329331941753 -44.21752285801744 47.4
    endloop
  endfacet
  facet normal 0 0 -1
    outer loop
      vertex -92.58578643762691 -41.58578643762691 47.4
      vertex -92.41329331941753 -41.78247714198256 47.4
      vertex -92.58578643762691 -44.41421356237309 47.4
    endloop
  endfacet
  facet normal 0 0 -1
    outer loop
      vertex -92.15224093497743 -42.23463313526982 47.4
      vertex -92.06814834742187 -42.48236190979496 47.4
      vertex -92.15224093497743 -43.76536686473018 47.4
    endloop
  endfacet
  facet normal 0 0 -1
    outer loop
      vertex -92.26794919243112 -42 47.4
      vertex -92.15224093497743 -42.23463313526982 47.4
      vertex -92.26794919243112 -44 47.4
    endloop
  endfacet
  facet normal 0 0 -1
    outer loop
      vertex -94.76536686473018 -41.15224093497743 47.4
      vertex -94.59150340112821 -42.19511521414639 47.4
      vertex -94.60876142900872 -42.45842183755693 47.4
    endloop
  endfacet
  facet normal 0 0 -1
    outer loop
      vertex -94.51763809020504 -41.06814834742186 47.4
      vertex -94.51763809020504 -42.40307985015617 47.4
      vertex -94.59150340112821 -42.19511521414639 47.4
    endloop
  endfacet
  facet normal 0 0 -1
    outer loop
      vertex -94.51763809020504 -41.06814834742186 47.4
      vertex -94.32927530155692 -42.05799085002795 47.4
      vertex -94.51763809020504 -42.40307985015617 47.4
    endloop
  endfacet
  facet normal 0 0 -1
    outer loop
      vertex -94.76536686473018 -41.15224093497743 47.4
      vertex -94.51763809020504 -41.06814834742186 47.4
      vertex -94.59150340112821 -42.19511521414639 47.4
    endloop
  endfacet
  facet normal 0 0 -1
    outer loop
      vertex -94.51763809020504 -41.06814834742186 47.4
      vertex -94.2610523844401 -41.01711027725238 47.4
      vertex -94.32927530155692 -42.05799085002795 47.4
    endloop
  endfacet
  facet normal 0 0 -1
    outer loop
      vertex -93.48236190979496 -41.06814834742186 47.4
      vertex -93.48236190979496 -43.59692014984383 47.4
      vertex -93.7389476155599 -41.01711027725238 47.4
    endloop
  endfacet
  facet normal 0 0 -1
    outer loop
      vertex -94.2610523844401 -41.01711027725238 47.4
      vertex -94.2610523844401 -42.06814834742186 47.4
      vertex -94.32927530155692 -42.05799085002795 47.4
    endloop
  endfacet
  facet normal 0 0 -1
    outer loop
      vertex -93.23463313526982 -41.15224093497743 47.4
      vertex -93.39123857099128 -43.54157816244307 47.4
      vertex -93.48236190979496 -41.06814834742186 47.4
    endloop
  endfacet
  facet normal 0 0 -1
    outer loop
      vertex -94.2610523844401 -41.01711027725238 47.4
      vertex -94 -41 47.4
      vertex -94.2610523844401 -42.06814834742186 47.4
    endloop
  endfacet
  facet normal -0.4407088357033834 -0.6595673831713214 0.6088896362966801
    outer loop
      vertex -95.21752285801745 -44.58670668058247 47.4
      vertex -95 -44.732050807568875 47.4
      vertex -94.60876142900872 -43.79335334029123 48.699999999999996
    endloop
  endfacet
  facet normal -0.3508476914822849 -0.7114487389770617 0.6088896362966773
    outer loop
      vertex -95 -44.732050807568875 47.4
      vertex -94.76536686473018 -44.84775906502257 47.4
      vertex -94.5 -43.86602540378444 48.699999999999996
    endloop
  endfacet
  facet normal -0.25498344598654077 -0.7511570096080619 0.6088896362966798
    outer loop
      vertex -94.76536686473018 -44.84775906502257 47.4
      vertex -94.51763809020504 -44.93185165257814 47.4
      vertex -94.38268343236508 -43.923879532511286 48.699999999999996
    endloop
  endfacet
  facet normal -0.5964006465728711 -0.5230293295580677 0.608889636296677
    outer loop
      vertex -95.58670668058247 -44.21752285801744 47.4
      vertex -95.41421356237309 -44.41421356237309 47.4
      vertex -94.79335334029123 -43.60876142900872 48.699999999999996
    endloop
  endfacet
  facet normal -0.6595673831712963 -0.4407088357034241 0.6088896362966779
    outer loop
      vertex -95.73205080756888 -44 47.4
      vertex -95.58670668058247 -44.21752285801744 47.4
      vertex -94.79335334029123 -43.60876142900872 48.699999999999996
    endloop
  endfacet
  facet normal -0.7114487389770674 -0.35084769148226613 0.6088896362966816
    outer loop
      vertex -95.84775906502257 -43.76536686473018 47.4
      vertex -95.73205080756888 -44 47.4
      vertex -94.86602540378443 -43.5 48.699999999999996
    endloop
  endfacet
  facet normal -0.5230293295580905 -0.596400646572851 0.608889636296677
    outer loop
      vertex -95.41421356237309 -44.41421356237309 47.4
      vertex -95.21752285801745 -44.58670668058247 47.4
      vertex -94.70710678118655 -43.707106781186546 48.699999999999996
    endloop
  endfacet
  facet normal -0.051881355805749985 -0.7915565271856796 0.6088896362966804
    outer loop
      vertex -94.2610523844401 -44.98288972274762 47.4
      vertex -94 -45 47.4
      vertex -94.13052619222005 -43.99144486137381 48.699999999999996
    endloop
  endfacet
  facet normal 0.051881355805749985 -0.7915565271856796 0.6088896362966804
    outer loop
      vertex -94 -45 47.4
      vertex -93.7389476155599 -44.98288972274762 47.4
      vertex -93.86947380777995 -43.99144486137381 48.699999999999996
    endloop
  endfacet
  facet normal -0.15475636303519372 -0.7780127755446026 0.6088896362966799
    outer loop
      vertex -94.51763809020504 -44.93185165257814 47.4
      vertex -94.2610523844401 -44.98288972274762 47.4
      vertex -94.25881904510253 -43.965925826289066 48.699999999999996
    endloop
  endfacet
  facet normal 0.15475636303519372 -0.7780127755446027 0.6088896362966799
    outer loop
      vertex -93.7389476155599 -44.98288972274762 47.4
      vertex -93.48236190979496 -44.93185165257814 47.4
      vertex -93.74118095489747 -43.965925826289066 48.699999999999996
    endloop
  endfacet
  facet normal 0.25498344598654077 -0.7511570096080619 0.6088896362966798
    outer loop
      vertex -93.48236190979496 -44.93185165257814 47.4
      vertex -93.23463313526982 -44.84775906502257 47.4
      vertex -93.61731656763492 -43.923879532511286 48.699999999999996
    endloop
  endfacet
  facet normal 0.3508476914822849 -0.7114487389770617 0.6088896362966773
    outer loop
      vertex -93.23463313526982 -44.84775906502257 47.4
      vertex -93 -44.732050807568875 47.4
      vertex -93.5 -43.86602540378444 48.699999999999996
    endloop
  endfacet
  facet normal 0.4407088357033834 -0.6595673831713214 0.6088896362966801
    outer loop
      vertex -93 -44.732050807568875 47.4
      vertex -92.78247714198255 -44.58670668058247 47.4
      vertex -93.39123857099128 -43.79335334029123 48.699999999999996
    endloop
  endfacet
  facet normal 0.5230293295580905 -0.596400646572851 0.608889636296677
    outer loop
      vertex -92.58578643762691 -44.41421356237309 47.4
      vertex -93.29289321881345 -43.707106781186546 48.699999999999996
      vertex -92.78247714198255 -44.58670668058247 47.4
    endloop
  endfacet
  facet normal 0.5964006465728711 -0.5230293295580677 0.608889636296677
    outer loop
      vertex -92.58578643762691 -44.41421356237309 47.4
      vertex -92.41329331941753 -44.21752285801744 47.4
      vertex -93.20664665970877 -43.60876142900872 48.699999999999996
    endloop
  endfacet
  facet normal -0.7780127755446042 -0.15475636303519405 0.6088896362966778
    outer loop
      vertex -95.98288972274761 -43.261052384440106 47.4
      vertex -95.93185165257813 -43.51763809020504 47.4
      vertex -94.96592582628907 -43.25881904510252 48.699999999999996
    endloop
  endfacet
  facet normal -0.7511570096080714 -0.2549834459865225 0.6088896362966757
    outer loop
      vertex -95.93185165257813 -43.51763809020504 47.4
      vertex -95.84775906502257 -43.76536686473018 47.4
      vertex -94.9238795325113 -43.38268343236509 48.699999999999996
    endloop
  endfacet
  facet normal -0.7915565271856798 -0.051881355805771544 0.608889636296678
    outer loop
      vertex -96 -43 47.4
      vertex -95.98288972274761 -43.261052384440106 47.4
      vertex -94.99144486137381 -43.13052619222005 48.699999999999996
    endloop
  endfacet
  facet normal -0.7915565271856798 0.051881355805771544 0.608889636296678
    outer loop
      vertex -95.98288972274761 -42.738947615559894 47.4
      vertex -96 -43 47.4
      vertex -94.99144486137381 -42.86947380777995 48.699999999999996
    endloop
  endfacet
  facet normal -0.7780127755446042 0.15475636303519405 0.6088896362966778
    outer loop
      vertex -95.93185165257813 -42.48236190979496 47.4
      vertex -95.98288972274761 -42.738947615559894 47.4
      vertex -94.96592582628907 -42.74118095489748 48.699999999999996
    endloop
  endfacet
  facet normal -0.7511570096080714 0.2549834459865225 0.6088896362966757
    outer loop
      vertex -95.84775906502257 -42.23463313526982 47.4
      vertex -95.93185165257813 -42.48236190979496 47.4
      vertex -94.9238795325113 -42.61731656763491 48.699999999999996
    endloop
  endfacet
  facet normal -0.7114487389770674 0.35084769148226613 0.6088896362966816
    outer loop
      vertex -95.84775906502257 -42.23463313526982 47.4
      vertex -94.86602540378443 -42.5 48.699999999999996
      vertex -95.73205080756888 -42 47.4
    endloop
  endfacet
  facet normal 0.6595673831712963 -0.4407088357034241 0.6088896362966779
    outer loop
      vertex -92.41329331941753 -44.21752285801744 47.4
      vertex -92.26794919243112 -44 47.4
      vertex -93.20664665970877 -43.60876142900872 48.699999999999996
    endloop
  endfacet
  facet normal 0.7114487389770674 -0.35084769148226613 0.6088896362966816
    outer loop
      vertex -92.15224093497743 -43.76536686473018 47.4
      vertex -93.13397459621557 -43.5 48.699999999999996
      vertex -92.26794919243112 -44 47.4
    endloop
  endfacet
  facet normal 0.7511570096080714 -0.2549834459865225 0.6088896362966757
    outer loop
      vertex -92.06814834742187 -43.51763809020504 47.4
      vertex -93.0761204674887 -43.38268343236509 48.699999999999996
      vertex -92.15224093497743 -43.76536686473018 47.4
    endloop
  endfacet
  facet normal 0.7780127755446042 -0.15475636303519405 0.6088896362966778
    outer loop
      vertex -92.01711027725239 -43.261052384440106 47.4
      vertex -93.03407417371093 -43.25881904510252 48.699999999999996
      vertex -92.06814834742187 -43.51763809020504 47.4
    endloop
  endfacet
  facet normal 0.7915565271856798 -0.051881355805771544 0.608889636296678
    outer loop
      vertex -92 -43 47.4
      vertex -93.00855513862619 -43.13052619222005 48.699999999999996
      vertex -92.01711027725239 -43.261052384440106 47.4
    endloop
  endfacet
  facet normal 0.7915565271856798 0.051881355805771544 0.608889636296678
    outer loop
      vertex -92.01711027725239 -42.738947615559894 47.4
      vertex -93.00855513862619 -42.86947380777995 48.699999999999996
      vertex -92 -43 47.4
    endloop
  endfacet
  facet normal 0.7780127755446042 0.15475636303519405 0.6088896362966778
    outer loop
      vertex -92.06814834742187 -42.48236190979496 47.4
      vertex -93.03407417371093 -42.74118095489748 48.699999999999996
      vertex -92.01711027725239 -42.738947615559894 47.4
    endloop
  endfacet
  facet normal 0.7511570096080714 0.2549834459865225 0.6088896362966757
    outer loop
      vertex -92.15224093497743 -42.23463313526982 47.4
      vertex -93.0761204674887 -42.61731656763491 48.699999999999996
      vertex -92.06814834742187 -42.48236190979496 47.4
    endloop
  endfacet
  facet normal 0.7114487389770674 0.35084769148226613 0.6088896362966816
    outer loop
      vertex -92.26794919243112 -42 47.4
      vertex -93.13397459621557 -42.5 48.699999999999996
      vertex -92.15224093497743 -42.23463313526982 47.4
    endloop
  endfacet
  facet normal -0.5230293295580551 -0.596400646572878 0.608889636296681
    outer loop
      vertex -95.21752285801745 -44.58670668058247 47.4
      vertex -94.60876142900872 -43.79335334029123 48.699999999999996
      vertex -94.70710678118655 -43.707106781186546 48.699999999999996
    endloop
  endfacet
  facet normal -0.4407088357034148 -0.6595673831713036 0.6088896362966767
    outer loop
      vertex -95 -44.732050807568875 47.4
      vertex -94.5 -43.86602540378444 48.699999999999996
      vertex -94.60876142900872 -43.79335334029123 48.699999999999996
    endloop
  endfacet
  facet normal -0.35084769148224887 -0.7114487389770763 0.6088896362966811
    outer loop
      vertex -94.76536686473018 -44.84775906502257 47.4
      vertex -94.38268343236508 -43.923879532511286 48.699999999999996
      vertex -94.5 -43.86602540378444 48.699999999999996
    endloop
  endfacet
  facet normal -0.25498344598654743 -0.7511570096080601 0.6088896362966791
    outer loop
      vertex -94.51763809020504 -44.93185165257814 47.4
      vertex -94.25881904510253 -43.965925826289066 48.699999999999996
      vertex -94.38268343236508 -43.923879532511286 48.699999999999996
    endloop
  endfacet
  facet normal -0.5964006465728842 -0.5230293295580548 0.6088896362966751
    outer loop
      vertex -95.41421356237309 -44.41421356237309 47.4
      vertex -94.70710678118655 -43.707106781186546 48.699999999999996
      vertex -94.79335334029123 -43.60876142900872 48.699999999999996
    endloop
  endfacet
  facet normal -0.65956738317132 -0.4407088357033822 0.6088896362966826
    outer loop
      vertex -95.73205080756888 -44 47.4
      vertex -94.79335334029123 -43.60876142900872 48.699999999999996
      vertex -94.86602540378443 -43.5 48.699999999999996
    endloop
  endfacet
  facet normal -0.15475636303517654 -0.7780127755446048 0.6088896362966816
    outer loop
      vertex -94.2610523844401 -44.98288972274762 47.4
      vertex -94.13052619222005 -43.99144486137381 48.699999999999996
      vertex -94.25881904510253 -43.965925826289066 48.699999999999996
    endloop
  endfacet
  facet normal -0.05188135580577427 -0.7915565271856797 0.608889636296678
    outer loop
      vertex -94 -45 47.4
      vertex -94 -44 48.699999999999996
      vertex -94.13052619222005 -43.99144486137381 48.699999999999996
    endloop
  endfacet
  facet normal 0.05188135580577427 -0.7915565271856797 0.608889636296678
    outer loop
      vertex -94 -45 47.4
      vertex -93.86947380777995 -43.99144486137381 48.699999999999996
      vertex -94 -44 48.699999999999996
    endloop
  endfacet
  facet normal 0.15475636303517654 -0.7780127755446048 0.6088896362966816
    outer loop
      vertex -93.7389476155599 -44.98288972274762 47.4
      vertex -93.74118095489747 -43.965925826289066 48.699999999999996
      vertex -93.86947380777995 -43.99144486137381 48.699999999999996
    endloop
  endfacet
  facet normal 0.25498344598654743 -0.7511570096080601 0.6088896362966791
    outer loop
      vertex -93.48236190979496 -44.93185165257814 47.4
      vertex -93.61731656763492 -43.923879532511286 48.699999999999996
      vertex -93.74118095489747 -43.965925826289066 48.699999999999996
    endloop
  endfacet
  facet normal 0.35084769148224887 -0.7114487389770763 0.6088896362966811
    outer loop
      vertex -93.23463313526982 -44.84775906502257 47.4
      vertex -93.5 -43.86602540378444 48.699999999999996
      vertex -93.61731656763492 -43.923879532511286 48.699999999999996
    endloop
  endfacet
  facet normal 0.4407088357034148 -0.6595673831713036 0.6088896362966767
    outer loop
      vertex -93 -44.732050807568875 47.4
      vertex -93.39123857099128 -43.79335334029123 48.699999999999996
      vertex -93.5 -43.86602540378444 48.699999999999996
    endloop
  endfacet
  facet normal 0.5230293295580551 -0.596400646572878 0.608889636296681
    outer loop
      vertex -92.78247714198255 -44.58670668058247 47.4
      vertex -93.29289321881345 -43.707106781186546 48.699999999999996
      vertex -93.39123857099128 -43.79335334029123 48.699999999999996
    endloop
  endfacet
  facet normal 0.5964006465728842 -0.5230293295580548 0.6088896362966751
    outer loop
      vertex -92.58578643762691 -44.41421356237309 47.4
      vertex -93.20664665970877 -43.60876142900872 48.699999999999996
      vertex -93.29289321881345 -43.707106781186546 48.699999999999996
    endloop
  endfacet
  facet normal 0.65956738317132 -0.4407088357033822 0.6088896362966826
    outer loop
      vertex -92.26794919243112 -44 47.4
      vertex -93.13397459621557 -43.5 48.699999999999996
      vertex -93.20664665970877 -43.60876142900872 48.699999999999996
    endloop
  endfacet
  facet normal -0.7114487389770382 -0.3508476914823383 0.6088896362966741
    outer loop
      vertex -95.84775906502257 -43.76536686473018 47.4
      vertex -94.86602540378443 -43.5 48.699999999999996
      vertex -94.9238795325113 -43.38268343236509 48.699999999999996
    endloop
  endfacet
  facet normal -0.7511570096080816 -0.25498344598648304 0.6088896362966794
    outer loop
      vertex -95.93185165257813 -43.51763809020504 47.4
      vertex -94.9238795325113 -43.38268343236509 48.699999999999996
      vertex -94.96592582628907 -43.25881904510252 48.699999999999996
    endloop
  endfacet
  facet normal -0.7780127755446044 -0.15475636303519355 0.6088896362966777
    outer loop
      vertex -95.98288972274761 -43.261052384440106 47.4
      vertex -94.96592582628907 -43.25881904510252 48.699999999999996
      vertex -94.99144486137381 -43.13052619222005 48.699999999999996
    endloop
  endfacet
  facet normal -0.7915565271856798 -0.05188135580577145 0.608889636296678
    outer loop
      vertex -96 -43 47.4
      vertex -94.99144486137381 -43.13052619222005 48.699999999999996
      vertex -95 -43 48.699999999999996
    endloop
  endfacet
  facet normal -0.7915565271856798 0.05188135580577145 0.608889636296678
    outer loop
      vertex -96 -43 47.4
      vertex -95 -43 48.699999999999996
      vertex -94.99144486137381 -42.86947380777995 48.699999999999996
    endloop
  endfacet
  facet normal -0.7780127755446044 0.15475636303519355 0.6088896362966777
    outer loop
      vertex -95.98288972274761 -42.738947615559894 47.4
      vertex -94.99144486137381 -42.86947380777995 48.699999999999996
      vertex -94.96592582628907 -42.74118095489748 48.699999999999996
    endloop
  endfacet
  facet normal -0.7511570096080816 0.25498344598648304 0.6088896362966794
    outer loop
      vertex -95.93185165257813 -42.48236190979496 47.4
      vertex -94.96592582628907 -42.74118095489748 48.699999999999996
      vertex -94.9238795325113 -42.61731656763491 48.699999999999996
    endloop
  endfacet
  facet normal -0.7114487389770382 0.3508476914823383 0.6088896362966741
    outer loop
      vertex -95.84775906502257 -42.23463313526982 47.4
      vertex -94.9238795325113 -42.61731656763491 48.699999999999996
      vertex -94.86602540378443 -42.5 48.699999999999996
    endloop
  endfacet
  facet normal -0.65956738317132 0.4407088357033822 0.6088896362966826
    outer loop
      vertex -95.73205080756888 -42 47.4
      vertex -94.86602540378443 -42.5 48.699999999999996
      vertex -94.79335334029123 -42.39123857099128 48.699999999999996
    endloop
  endfacet
  facet normal 0.7114487389770382 -0.3508476914823383 0.6088896362966741
    outer loop
      vertex -92.15224093497743 -43.76536686473018 47.4
      vertex -93.0761204674887 -43.38268343236509 48.699999999999996
      vertex -93.13397459621557 -43.5 48.699999999999996
    endloop
  endfacet
  facet normal 0.7511570096080816 -0.25498344598648304 0.6088896362966794
    outer loop
      vertex -92.06814834742187 -43.51763809020504 47.4
      vertex -93.03407417371093 -43.25881904510252 48.699999999999996
      vertex -93.0761204674887 -43.38268343236509 48.699999999999996
    endloop
  endfacet
  facet normal 0.7511570096080816 0.25498344598648304 0.6088896362966794
    outer loop
      vertex -92.06814834742187 -42.48236190979496 47.4
      vertex -93.0761204674887 -42.61731656763491 48.699999999999996
      vertex -93.03407417371093 -42.74118095489748 48.699999999999996
    endloop
  endfacet
  facet normal 0.7114487389770382 0.3508476914823383 0.6088896362966741
    outer loop
      vertex -92.15224093497743 -42.23463313526982 47.4
      vertex -93.13397459621557 -42.5 48.699999999999996
      vertex -93.0761204674887 -42.61731656763491 48.699999999999996
    endloop
  endfacet
  facet normal 0.65956738317132 0.4407088357033822 0.6088896362966826
    outer loop
      vertex -92.26794919243112 -42 47.4
      vertex -93.20664665970877 -42.39123857099128 48.699999999999996
      vertex -93.13397459621557 -42.5 48.699999999999996
    endloop
  endfacet
  facet normal 0.7780127755446044 -0.15475636303519355 0.6088896362966777
    outer loop
      vertex -92.01711027725239 -43.261052384440106 47.4
      vertex -93.00855513862619 -43.13052619222005 48.699999999999996
      vertex -93.03407417371093 -43.25881904510252 48.699999999999996
    endloop
  endfacet
  facet normal 0.7915565271856798 -0.05188135580577145 0.608889636296678
    outer loop
      vertex -92 -43 47.4
      vertex -93 -43 48.699999999999996
      vertex -93.00855513862619 -43.13052619222005 48.699999999999996
    endloop
  endfacet
  facet normal 0.7915565271856798 0.05188135580577145 0.608889636296678
    outer loop
      vertex -92 -43 47.4
      vertex -93.00855513862619 -42.86947380777995 48.699999999999996
      vertex -93 -43 48.699999999999996
    endloop
  endfacet
  facet normal 0.7780127755446044 0.15475636303519355 0.6088896362966777
    outer loop
      vertex -92.01711027725239 -42.738947615559894 47.4
      vertex -93.03407417371093 -42.74118095489748 48.699999999999996
      vertex -93.00855513862619 -42.86947380777995 48.699999999999996
    endloop
  endfacet
  facet normal -0.6595673831712963 0.4407088357034241 0.6088896362966779
    outer loop
      vertex -95.58670668058247 -41.78247714198256 47.4
      vertex -95.73205080756888 -42 47.4
      vertex -94.79335334029123 -42.39123857099128 48.699999999999996
    endloop
  endfacet
  facet normal -0.5964006465728711 0.5230293295580677 0.608889636296677
    outer loop
      vertex -95.58670668058247 -41.78247714198256 47.4
      vertex -94.79335334029123 -42.39123857099128 48.699999999999996
      vertex -95.41421356237309 -41.58578643762691 47.4
    endloop
  endfacet
  facet normal -0.5230293295580905 0.596400646572851 0.608889636296677
    outer loop
      vertex -95.21752285801745 -41.41329331941753 47.4
      vertex -95.41421356237309 -41.58578643762691 47.4
      vertex -94.70710678118655 -42.292893218813454 48.699999999999996
    endloop
  endfacet
  facet normal -0.4407088357033834 0.6595673831713214 0.6088896362966801
    outer loop
      vertex -95.21752285801745 -41.41329331941753 47.4
      vertex -94.60876142900872 -42.20664665970877 48.699999999999996
      vertex -95 -41.267949192431125 47.4
    endloop
  endfacet
  facet normal -0.3508476914822849 0.7114487389770617 0.6088896362966773
    outer loop
      vertex -94.76536686473018 -41.15224093497743 47.4
      vertex -95 -41.267949192431125 47.4
      vertex -94.5 -42.13397459621556 48.699999999999996
    endloop
  endfacet
  facet normal -0.25498344598654077 0.7511570096080619 0.6088896362966798
    outer loop
      vertex -94.76536686473018 -41.15224093497743 47.4
      vertex -94.38268343236508 -42.076120467488714 48.699999999999996
      vertex -94.51763809020504 -41.06814834742186 47.4
    endloop
  endfacet
  facet normal 0.5964006465728711 0.5230293295580677 0.608889636296677
    outer loop
      vertex -92.58578643762691 -41.58578643762691 47.4
      vertex -93.20664665970877 -42.39123857099128 48.699999999999996
      vertex -92.41329331941753 -41.78247714198256 47.4
    endloop
  endfacet
  facet normal 0.25498344598654077 0.7511570096080619 0.6088896362966798
    outer loop
      vertex -93.48236190979496 -41.06814834742186 47.4
      vertex -93.61731656763492 -42.076120467488714 48.699999999999996
      vertex -93.23463313526982 -41.15224093497743 47.4
    endloop
  endfacet
  facet normal 0.3508476914822849 0.7114487389770617 0.6088896362966773
    outer loop
      vertex -93.23463313526982 -41.15224093497743 47.4
      vertex -93.5 -42.13397459621556 48.699999999999996
      vertex -93 -41.267949192431125 47.4
    endloop
  endfacet
  facet normal 0.4407088357033834 0.6595673831713214 0.6088896362966801
    outer loop
      vertex -93 -41.267949192431125 47.4
      vertex -93.39123857099128 -42.20664665970877 48.699999999999996
      vertex -92.78247714198255 -41.41329331941753 47.4
    endloop
  endfacet
  facet normal 0.5230293295580905 0.596400646572851 0.608889636296677
    outer loop
      vertex -92.78247714198255 -41.41329331941753 47.4
      vertex -93.29289321881345 -42.292893218813454 48.699999999999996
      vertex -92.58578643762691 -41.58578643762691 47.4
    endloop
  endfacet
  facet normal -0.15475636303519372 0.7780127755446026 0.6088896362966799
    outer loop
      vertex -94.51763809020504 -41.06814834742186 47.4
      vertex -94.25881904510253 -42.034074173710934 48.699999999999996
      vertex -94.2610523844401 -41.01711027725238 47.4
    endloop
  endfacet
  facet normal -0.051881355805749985 0.7915565271856796 0.6088896362966804
    outer loop
      vertex -94.2610523844401 -41.01711027725238 47.4
      vertex -94.13052619222005 -42.00855513862619 48.699999999999996
      vertex -94 -41 47.4
    endloop
  endfacet
  facet normal 0.051881355805749985 0.7915565271856796 0.6088896362966804
    outer loop
      vertex -94 -41 47.4
      vertex -93.86947380777995 -42.00855513862619 48.699999999999996
      vertex -93.7389476155599 -41.01711027725238 47.4
    endloop
  endfacet
  facet normal 0.15475636303519372 0.7780127755446027 0.6088896362966799
    outer loop
      vertex -93.7389476155599 -41.01711027725238 47.4
      vertex -93.74118095489747 -42.034074173710934 48.699999999999996
      vertex -93.48236190979496 -41.06814834742186 47.4
    endloop
  endfacet
  facet normal 0.6595673831712963 0.4407088357034241 0.6088896362966779
    outer loop
      vertex -92.41329331941753 -41.78247714198256 47.4
      vertex -93.20664665970877 -42.39123857099128 48.699999999999996
      vertex -92.26794919243112 -42 47.4
    endloop
  endfacet
  facet normal -0.5964006465728842 0.5230293295580548 0.6088896362966751
    outer loop
      vertex -95.41421356237309 -41.58578643762691 47.4
      vertex -94.79335334029123 -42.39123857099128 48.699999999999996
      vertex -94.70710678118655 -42.292893218813454 48.699999999999996
    endloop
  endfacet
  facet normal -0.5230293295580551 0.596400646572878 0.608889636296681
    outer loop
      vertex -95.21752285801745 -41.41329331941753 47.4
      vertex -94.70710678118655 -42.292893218813454 48.699999999999996
      vertex -94.60876142900872 -42.20664665970877 48.699999999999996
    endloop
  endfacet
  facet normal -0.4407088357034148 0.6595673831713036 0.6088896362966767
    outer loop
      vertex -95 -41.267949192431125 47.4
      vertex -94.60876142900872 -42.20664665970877 48.699999999999996
      vertex -94.5 -42.13397459621556 48.699999999999996
    endloop
  endfacet
  facet normal -0.35084769148224887 0.7114487389770763 0.6088896362966811
    outer loop
      vertex -94.76536686473018 -41.15224093497743 47.4
      vertex -94.5 -42.13397459621556 48.699999999999996
      vertex -94.38268343236508 -42.076120467488714 48.699999999999996
    endloop
  endfacet
  facet normal -0.25498344598654743 0.7511570096080601 0.6088896362966791
    outer loop
      vertex -94.51763809020504 -41.06814834742186 47.4
      vertex -94.38268343236508 -42.076120467488714 48.699999999999996
      vertex -94.25881904510253 -42.034074173710934 48.699999999999996
    endloop
  endfacet
  facet normal -0.15475636303517654 0.7780127755446048 0.6088896362966816
    outer loop
      vertex -94.2610523844401 -41.01711027725238 47.4
      vertex -94.25881904510253 -42.034074173710934 48.699999999999996
      vertex -94.13052619222005 -42.00855513862619 48.699999999999996
    endloop
  endfacet
  facet normal -0.05188135580577427 0.7915565271856797 0.608889636296678
    outer loop
      vertex -94 -41 47.4
      vertex -94.13052619222005 -42.00855513862619 48.699999999999996
      vertex -94 -42 48.699999999999996
    endloop
  endfacet
  facet normal 0.05188135580577427 0.7915565271856797 0.608889636296678
    outer loop
      vertex -94 -41 47.4
      vertex -94 -42 48.699999999999996
      vertex -93.86947380777995 -42.00855513862619 48.699999999999996
    endloop
  endfacet
  facet normal 0.15475636303517654 0.7780127755446048 0.6088896362966816
    outer loop
      vertex -93.7389476155599 -41.01711027725238 47.4
      vertex -93.86947380777995 -42.00855513862619 48.699999999999996
      vertex -93.74118095489747 -42.034074173710934 48.699999999999996
    endloop
  endfacet
  facet normal 0.25498344598654743 0.7511570096080601 0.6088896362966791
    outer loop
      vertex -93.48236190979496 -41.06814834742186 47.4
      vertex -93.74118095489747 -42.034074173710934 48.699999999999996
      vertex -93.61731656763492 -42.076120467488714 48.699999999999996
    endloop
  endfacet
  facet normal 0.5230293295580551 0.596400646572878 0.608889636296681
    outer loop
      vertex -92.78247714198255 -41.41329331941753 47.4
      vertex -93.39123857099128 -42.20664665970877 48.699999999999996
      vertex -93.29289321881345 -42.292893218813454 48.699999999999996
    endloop
  endfacet
  facet normal 0.35084769148224887 0.7114487389770763 0.6088896362966811
    outer loop
      vertex -93.23463313526982 -41.15224093497743 47.4
      vertex -93.61731656763492 -42.076120467488714 48.699999999999996
      vertex -93.5 -42.13397459621556 48.699999999999996
    endloop
  endfacet
  facet normal 0.4407088357034148 0.6595673831713036 0.6088896362966767
    outer loop
      vertex -93 -41.267949192431125 47.4
      vertex -93.5 -42.13397459621556 48.699999999999996
      vertex -93.39123857099128 -42.20664665970877 48.699999999999996
    endloop
  endfacet
  facet normal 0.5964006465728842 0.5230293295580548 0.6088896362966751
    outer loop
      vertex -92.58578643762691 -41.58578643762691 47.4
      vertex -93.29289321881345 -42.292893218813454 48.699999999999996
      vertex -93.20664665970877 -42.39123857099128 48.699999999999996
    endloop
  endfacet
  facet normal -0.7518398074789937 -0.6593458151000502 0
    outer loop
      vertex -94.79335334029123 -43.60876142900872 53.4
      vertex -94.79335334029123 -43.60876142900872 48.699999999999996
      vertex -94.70710678118655 -43.707106781186546 48.699999999999996
    endloop
  endfacet
  facet normal -0.5555702330196167 -0.8314696123025355 0
    outer loop
      vertex -94.60876142900872 -43.79335334029123 53.4
      vertex -94.60876142900872 -43.79335334029123 48.699999999999996
      vertex -94.5 -43.86602540378444 48.699999999999996
    endloop
  endfacet
  facet normal -0.4422886902189657 -0.8968727415327059 0
    outer loop
      vertex -94.5 -43.86602540378444 53.4
      vertex -94.5 -43.86602540378444 48.699999999999996
      vertex -94.38268343236508 -43.923879532511286 48.699999999999996
    endloop
  endfacet
  facet normal -0.659345815100054 -0.7518398074789905 0
    outer loop
      vertex -94.70710678118655 -43.707106781186546 53.4
      vertex -94.70710678118655 -43.707106781186546 48.699999999999996
      vertex -94.60876142900872 -43.79335334029123 48.699999999999996
    endloop
  endfacet
  facet normal -0.32143946530317763 -0.9469301294951001 0
    outer loop
      vertex -94.38268343236508 -43.923879532511286 53.4
      vertex -94.38268343236508 -43.923879532511286 48.699999999999996
      vertex -94.25881904510253 -43.965925826289066 48.699999999999996
    endloop
  endfacet
  facet normal -0.19509032201610543 -0.980785280403235 0
    outer loop
      vertex -94.25881904510253 -43.965925826289066 53.4
      vertex -94.25881904510253 -43.965925826289066 48.699999999999996
      vertex -94.13052619222005 -43.99144486137381 48.699999999999996
    endloop
  endfacet
  facet normal -0.065403129230169 -0.9978589232386019 0
    outer loop
      vertex -94.13052619222005 -43.99144486137381 53.4
      vertex -94.13052619222005 -43.99144486137381 48.699999999999996
      vertex -94 -44 48.699999999999996
    endloop
  endfacet
  facet normal 0.065403129230169 -0.9978589232386019 0
    outer loop
      vertex -94 -44 53.4
      vertex -94 -44 48.699999999999996
      vertex -93.86947380777995 -43.99144486137381 48.699999999999996
    endloop
  endfacet
  facet normal 0.19509032201610543 -0.980785280403235 0
    outer loop
      vertex -93.86947380777995 -43.99144486137381 53.4
      vertex -93.86947380777995 -43.99144486137381 48.699999999999996
      vertex -93.74118095489747 -43.965925826289066 48.699999999999996
    endloop
  endfacet
  facet normal 0.32143946530317763 -0.9469301294951001 0
    outer loop
      vertex -93.74118095489747 -43.965925826289066 53.4
      vertex -93.74118095489747 -43.965925826289066 48.699999999999996
      vertex -93.61731656763492 -43.923879532511286 48.699999999999996
    endloop
  endfacet
  facet normal 0.4422886902189657 -0.8968727415327059 0
    outer loop
      vertex -93.61731656763492 -43.923879532511286 53.4
      vertex -93.61731656763492 -43.923879532511286 48.699999999999996
      vertex -93.5 -43.86602540378444 48.699999999999996
    endloop
  endfacet
  facet normal 0.5555702330196167 -0.8314696123025355 0
    outer loop
      vertex -93.5 -43.86602540378444 53.4
      vertex -93.5 -43.86602540378444 48.699999999999996
      vertex -93.39123857099128 -43.79335334029123 48.699999999999996
    endloop
  endfacet
  facet normal 0.659345815100054 -0.7518398074789905 0
    outer loop
      vertex -93.39123857099128 -43.79335334029123 53.4
      vertex -93.39123857099128 -43.79335334029123 48.699999999999996
      vertex -93.29289321881345 -43.707106781186546 48.699999999999996
    endloop
  endfacet
  facet normal 0.7518398074789937 -0.6593458151000502 0
    outer loop
      vertex -93.29289321881345 -43.707106781186546 53.4
      vertex -93.29289321881345 -43.707106781186546 48.699999999999996
      vertex -93.20664665970877 -43.60876142900872 48.699999999999996
    endloop
  endfacet
  facet normal 0.8314696123025607 -0.5555702330195792 0
    outer loop
      vertex -93.20664665970877 -43.60876142900872 53.4
      vertex -93.20664665970877 -43.60876142900872 48.699999999999996
      vertex -93.13397459621557 -43.5 48.699999999999996
    endloop
  endfacet
  facet normal -0.8314696123025607 -0.5555702330195792 0
    outer loop
      vertex -94.86602540378443 -43.5 53.4
      vertex -94.86602540378443 -43.5 48.699999999999996
      vertex -94.79335334029123 -43.60876142900872 48.699999999999996
    endloop
  endfacet
  facet normal -0.8968727415326522 -0.4422886902190747 0
    outer loop
      vertex -94.9238795325113 -43.38268343236509 53.4
      vertex -94.9238795325113 -43.38268343236509 48.699999999999996
      vertex -94.86602540378443 -43.5 48.699999999999996
    endloop
  endfacet
  facet normal -0.946930129495128 -0.32143946530309586 0
    outer loop
      vertex -94.96592582628907 -43.25881904510252 53.4
      vertex -94.96592582628907 -43.25881904510252 48.699999999999996
      vertex -94.9238795325113 -43.38268343236509 48.699999999999996
    endloop
  endfacet
  facet normal -0.9807852804032308 -0.1950903220161262 0
    outer loop
      vertex -94.99144486137381 -43.13052619222005 53.4
      vertex -94.99144486137381 -43.13052619222005 48.699999999999996
      vertex -94.96592582628907 -43.25881904510252 48.699999999999996
    endloop
  endfacet
  facet normal -0.997858923238602 -0.06540312923016546 0
    outer loop
      vertex -95 -43 53.4
      vertex -95 -43 48.699999999999996
      vertex -94.99144486137381 -43.13052619222005 48.699999999999996
    endloop
  endfacet
  facet normal -0.997858923238602 0.06540312923016546 0
    outer loop
      vertex -94.99144486137381 -42.86947380777995 53.4
      vertex -94.99144486137381 -42.86947380777995 48.699999999999996
      vertex -95 -43 48.699999999999996
    endloop
  endfacet
  facet normal -0.9807852804032308 0.1950903220161262 0
    outer loop
      vertex -94.96592582628907 -42.74118095489748 53.4
      vertex -94.96592582628907 -42.74118095489748 48.699999999999996
      vertex -94.99144486137381 -42.86947380777995 48.699999999999996
    endloop
  endfacet
  facet normal -0.946930129495128 0.32143946530309586 0
    outer loop
      vertex -94.9238795325113 -42.61731656763491 53.4
      vertex -94.9238795325113 -42.61731656763491 48.699999999999996
      vertex -94.96592582628907 -42.74118095489748 48.699999999999996
    endloop
  endfacet
  facet normal -0.8968727415326522 0.4422886902190747 0
    outer loop
      vertex -94.86602540378443 -42.5 53.4
      vertex -94.86602540378443 -42.5 48.699999999999996
      vertex -94.9238795325113 -42.61731656763491 48.699999999999996
    endloop
  endfacet
  facet normal -0.8314696123025607 0.5555702330195792 0
    outer loop
      vertex -94.79335334029123 -42.39123857099128 53.4
      vertex -94.79335334029123 -42.39123857099128 48.699999999999996
      vertex -94.86602540378443 -42.5 48.699999999999996
    endloop
  endfacet
  facet normal -0.7518398074789937 0.6593458151000502 0
    outer loop
      vertex -94.70710678118655 -42.292893218813454 53.4
      vertex -94.70710678118655 -42.292893218813454 48.699999999999996
      vertex -94.79335334029123 -42.39123857099128 48.699999999999996
    endloop
  endfacet
  facet normal -0.659345815100054 0.7518398074789905 0
    outer loop
      vertex -94.60876142900872 -42.20664665970877 53.4
      vertex -94.60876142900872 -42.20664665970877 48.699999999999996
      vertex -94.70710678118655 -42.292893218813454 48.699999999999996
    endloop
  endfacet
  facet normal -0.5555702330196167 0.8314696123025355 0
    outer loop
      vertex -94.5 -42.13397459621556 53.4
      vertex -94.5 -42.13397459621556 48.699999999999996
      vertex -94.60876142900872 -42.20664665970877 48.699999999999996
    endloop
  endfacet
  facet normal 0.8968727415326522 -0.4422886902190747 0
    outer loop
      vertex -93.13397459621557 -43.5 53.4
      vertex -93.13397459621557 -43.5 48.699999999999996
      vertex -93.0761204674887 -43.38268343236509 48.699999999999996
    endloop
  endfacet
  facet normal 0.946930129495128 -0.32143946530309586 0
    outer loop
      vertex -93.0761204674887 -43.38268343236509 53.4
      vertex -93.0761204674887 -43.38268343236509 48.699999999999996
      vertex -93.03407417371093 -43.25881904510252 48.699999999999996
    endloop
  endfacet
  facet normal 0.9807852804032308 -0.1950903220161262 0
    outer loop
      vertex -93.03407417371093 -43.25881904510252 53.4
      vertex -93.03407417371093 -43.25881904510252 48.699999999999996
      vertex -93.00855513862619 -43.13052619222005 48.699999999999996
    endloop
  endfacet
  facet normal 0.997858923238602 -0.06540312923016546 0
    outer loop
      vertex -93.00855513862619 -43.13052619222005 53.4
      vertex -93.00855513862619 -43.13052619222005 48.699999999999996
      vertex -93 -43 48.699999999999996
    endloop
  endfacet
  facet normal 0.997858923238602 0.06540312923016546 0
    outer loop
      vertex -93 -43 53.4
      vertex -93 -43 48.699999999999996
      vertex -93.00855513862619 -42.86947380777995 48.699999999999996
    endloop
  endfacet
  facet normal 0.9807852804032308 0.1950903220161262 0
    outer loop
      vertex -93.00855513862619 -42.86947380777995 53.4
      vertex -93.00855513862619 -42.86947380777995 48.699999999999996
      vertex -93.03407417371093 -42.74118095489748 48.699999999999996
    endloop
  endfacet
  facet normal 0.946930129495128 0.32143946530309586 0
    outer loop
      vertex -93.03407417371093 -42.74118095489748 53.4
      vertex -93.03407417371093 -42.74118095489748 48.699999999999996
      vertex -93.0761204674887 -42.61731656763491 48.699999999999996
    endloop
  endfacet
  facet normal 0.8968727415326522 0.4422886902190747 0
    outer loop
      vertex -93.0761204674887 -42.61731656763491 53.4
      vertex -93.0761204674887 -42.61731656763491 48.699999999999996
      vertex -93.13397459621557 -42.5 48.699999999999996
    endloop
  endfacet
  facet normal 0.8314696123025607 0.5555702330195792 0
    outer loop
      vertex -93.13397459621557 -42.5 53.4
      vertex -93.13397459621557 -42.5 48.699999999999996
      vertex -93.20664665970877 -42.39123857099128 48.699999999999996
    endloop
  endfacet
  facet normal 0.7518398074789937 0.6593458151000502 0
    outer loop
      vertex -93.20664665970877 -42.39123857099128 53.4
      vertex -93.20664665970877 -42.39123857099128 48.699999999999996
      vertex -93.29289321881345 -42.292893218813454 48.699999999999996
    endloop
  endfacet
  facet normal 0.659345815100054 0.7518398074789905 0
    outer loop
      vertex -93.29289321881345 -42.292893218813454 53.4
      vertex -93.29289321881345 -42.292893218813454 48.699999999999996
      vertex -93.39123857099128 -42.20664665970877 48.699999999999996
    endloop
  endfacet
  facet normal 0.5555702330196167 0.8314696123025355 0
    outer loop
      vertex -93.39123857099128 -42.20664665970877 53.4
      vertex -93.39123857099128 -42.20664665970877 48.699999999999996
      vertex -93.5 -42.13397459621556 48.699999999999996
    endloop
  endfacet
  facet normal -0.4422886902189657 0.8968727415327059 0
    outer loop
      vertex -94.38268343236508 -42.076120467488714 53.4
      vertex -94.38268343236508 -42.076120467488714 48.699999999999996
      vertex -94.5 -42.13397459621556 48.699999999999996
    endloop
  endfacet
  facet normal -0.32143946530317763 0.9469301294951001 0
    outer loop
      vertex -94.25881904510253 -42.034074173710934 53.4
      vertex -94.25881904510253 -42.034074173710934 48.699999999999996
      vertex -94.38268343236508 -42.076120467488714 48.699999999999996
    endloop
  endfacet
  facet normal -0.19509032201610543 0.980785280403235 0
    outer loop
      vertex -94.13052619222005 -42.00855513862619 53.4
      vertex -94.13052619222005 -42.00855513862619 48.699999999999996
      vertex -94.25881904510253 -42.034074173710934 48.699999999999996
    endloop
  endfacet
  facet normal -0.065403129230169 0.9978589232386019 0
    outer loop
      vertex -94 -42 53.4
      vertex -94 -42 48.699999999999996
      vertex -94.13052619222005 -42.00855513862619 48.699999999999996
    endloop
  endfacet
  facet normal 0.065403129230169 0.9978589232386019 0
    outer loop
      vertex -93.86947380777995 -42.00855513862619 53.4
      vertex -93.86947380777995 -42.00855513862619 48.699999999999996
      vertex -94 -42 48.699999999999996
    endloop
  endfacet
  facet normal 0.19509032201610543 0.980785280403235 0
    outer loop
      vertex -93.74118095489747 -42.034074173710934 53.4
      vertex -93.74118095489747 -42.034074173710934 48.699999999999996
      vertex -93.86947380777995 -42.00855513862619 48.699999999999996
    endloop
  endfacet
  facet normal 0.32143946530317763 0.9469301294951001 0
    outer loop
      vertex -93.61731656763492 -42.076120467488714 53.4
      vertex -93.61731656763492 -42.076120467488714 48.699999999999996
      vertex -93.74118095489747 -42.034074173710934 48.699999999999996
    endloop
  endfacet
  facet normal 0.4422886902189657 0.8968727415327059 0
    outer loop
      vertex -93.5 -42.13397459621556 53.4
      vertex -93.5 -42.13397459621556 48.699999999999996
      vertex -93.61731656763492 -42.076120467488714 48.699999999999996
    endloop
  endfacet
  facet normal -0.8314696123025607 -0.5555702330195792 0
    outer loop
      vertex -94.86602540378443 -43.5 53.4
      vertex -94.79335334029123 -43.60876142900872 48.699999999999996
      vertex -94.79335334029123 -43.60876142900872 53.4
    endloop
  endfacet
  facet normal -0.659345815100054 -0.7518398074789905 0
    outer loop
      vertex -94.70710678118655 -43.707106781186546 53.4
      vertex -94.60876142900872 -43.79335334029123 48.699999999999996
      vertex -94.60876142900872 -43.79335334029123 53.4
    endloop
  endfacet
  facet normal -0.5555702330196167 -0.8314696123025355 0
    outer loop
      vertex -94.60876142900872 -43.79335334029123 53.4
      vertex -94.5 -43.86602540378444 48.699999999999996
      vertex -94.5 -43.86602540378444 53.4
    endloop
  endfacet
  facet normal -0.4422886902189657 -0.8968727415327059 0
    outer loop
      vertex -94.5 -43.86602540378444 53.4
      vertex -94.38268343236508 -43.923879532511286 48.699999999999996
      vertex -94.38268343236508 -43.923879532511286 53.4
    endloop
  endfacet
  facet normal -0.7518398074789937 -0.6593458151000502 0
    outer loop
      vertex -94.79335334029123 -43.60876142900872 53.4
      vertex -94.70710678118655 -43.707106781186546 48.699999999999996
      vertex -94.70710678118655 -43.707106781186546 53.4
    endloop
  endfacet
  facet normal -0.32143946530317763 -0.9469301294951001 0
    outer loop
      vertex -94.38268343236508 -43.923879532511286 53.4
      vertex -94.25881904510253 -43.965925826289066 48.699999999999996
      vertex -94.25881904510253 -43.965925826289066 53.4
    endloop
  endfacet
  facet normal -0.19509032201610543 -0.980785280403235 0
    outer loop
      vertex -94.25881904510253 -43.965925826289066 53.4
      vertex -94.13052619222005 -43.99144486137381 48.699999999999996
      vertex -94.13052619222005 -43.99144486137381 53.4
    endloop
  endfacet
  facet normal -0.065403129230169 -0.9978589232386019 0
    outer loop
      vertex -94.13052619222005 -43.99144486137381 53.4
      vertex -94 -44 48.699999999999996
      vertex -94 -44 53.4
    endloop
  endfacet
  facet normal 0.065403129230169 -0.9978589232386019 0
    outer loop
      vertex -94 -44 53.4
      vertex -93.86947380777995 -43.99144486137381 48.699999999999996
      vertex -93.86947380777995 -43.99144486137381 53.4
    endloop
  endfacet
  facet normal 0.19509032201610543 -0.980785280403235 0
    outer loop
      vertex -93.86947380777995 -43.99144486137381 53.4
      vertex -93.74118095489747 -43.965925826289066 48.699999999999996
      vertex -93.74118095489747 -43.965925826289066 53.4
    endloop
  endfacet
  facet normal 0.32143946530317763 -0.9469301294951001 0
    outer loop
      vertex -93.74118095489747 -43.965925826289066 53.4
      vertex -93.61731656763492 -43.923879532511286 48.699999999999996
      vertex -93.61731656763492 -43.923879532511286 53.4
    endloop
  endfacet
  facet normal 0.4422886902189657 -0.8968727415327059 0
    outer loop
      vertex -93.61731656763492 -43.923879532511286 53.4
      vertex -93.5 -43.86602540378444 48.699999999999996
      vertex -93.5 -43.86602540378444 53.4
    endloop
  endfacet
  facet normal 0.5555702330196167 -0.8314696123025355 0
    outer loop
      vertex -93.5 -43.86602540378444 53.4
      vertex -93.39123857099128 -43.79335334029123 48.699999999999996
      vertex -93.39123857099128 -43.79335334029123 53.4
    endloop
  endfacet
  facet normal 0.659345815100054 -0.7518398074789905 0
    outer loop
      vertex -93.29289321881345 -43.707106781186546 53.4
      vertex -93.39123857099128 -43.79335334029123 53.4
      vertex -93.29289321881345 -43.707106781186546 48.699999999999996
    endloop
  endfacet
  facet normal 0.7518398074789937 -0.6593458151000502 0
    outer loop
      vertex -93.29289321881345 -43.707106781186546 53.4
      vertex -93.20664665970877 -43.60876142900872 48.699999999999996
      vertex -93.20664665970877 -43.60876142900872 53.4
    endloop
  endfacet
  facet normal -0.8968727415326522 -0.4422886902190747 0
    outer loop
      vertex -94.9238795325113 -43.38268343236509 53.4
      vertex -94.86602540378443 -43.5 48.699999999999996
      vertex -94.86602540378443 -43.5 53.4
    endloop
  endfacet
  facet normal -0.9807852804032308 -0.1950903220161262 0
    outer loop
      vertex -94.99144486137381 -43.13052619222005 53.4
      vertex -94.96592582628907 -43.25881904510252 48.699999999999996
      vertex -94.96592582628907 -43.25881904510252 53.4
    endloop
  endfacet
  facet normal -0.946930129495128 -0.32143946530309586 0
    outer loop
      vertex -94.96592582628907 -43.25881904510252 53.4
      vertex -94.9238795325113 -43.38268343236509 48.699999999999996
      vertex -94.9238795325113 -43.38268343236509 53.4
    endloop
  endfacet
  facet normal -0.997858923238602 -0.06540312923016546 0
    outer loop
      vertex -95 -43 53.4
      vertex -94.99144486137381 -43.13052619222005 48.699999999999996
      vertex -94.99144486137381 -43.13052619222005 53.4
    endloop
  endfacet
  facet normal -0.997858923238602 0.06540312923016546 0
    outer loop
      vertex -94.99144486137381 -42.86947380777995 53.4
      vertex -95 -43 48.699999999999996
      vertex -95 -43 53.4
    endloop
  endfacet
  facet normal -0.9807852804032308 0.1950903220161262 0
    outer loop
      vertex -94.96592582628907 -42.74118095489748 53.4
      vertex -94.99144486137381 -42.86947380777995 48.699999999999996
      vertex -94.99144486137381 -42.86947380777995 53.4
    endloop
  endfacet
  facet normal -0.946930129495128 0.32143946530309586 0
    outer loop
      vertex -94.9238795325113 -42.61731656763491 53.4
      vertex -94.96592582628907 -42.74118095489748 48.699999999999996
      vertex -94.96592582628907 -42.74118095489748 53.4
    endloop
  endfacet
  facet normal -0.8968727415326522 0.4422886902190747 0
    outer loop
      vertex -94.9238795325113 -42.61731656763491 53.4
      vertex -94.86602540378443 -42.5 53.4
      vertex -94.9238795325113 -42.61731656763491 48.699999999999996
    endloop
  endfacet
  facet normal -0.8314696123025607 0.5555702330195792 0
    outer loop
      vertex -94.79335334029123 -42.39123857099128 53.4
      vertex -94.86602540378443 -42.5 48.699999999999996
      vertex -94.86602540378443 -42.5 53.4
    endloop
  endfacet
  facet normal -0.7518398074789937 0.6593458151000502 0
    outer loop
      vertex -94.79335334029123 -42.39123857099128 53.4
      vertex -94.70710678118655 -42.292893218813454 53.4
      vertex -94.79335334029123 -42.39123857099128 48.699999999999996
    endloop
  endfacet
  facet normal -0.659345815100054 0.7518398074789905 0
    outer loop
      vertex -94.60876142900872 -42.20664665970877 53.4
      vertex -94.70710678118655 -42.292893218813454 48.699999999999996
      vertex -94.70710678118655 -42.292893218813454 53.4
    endloop
  endfacet
  facet normal -0.5555702330196167 0.8314696123025355 0
    outer loop
      vertex -94.60876142900872 -42.20664665970877 53.4
      vertex -94.5 -42.13397459621556 53.4
      vertex -94.60876142900872 -42.20664665970877 48.699999999999996
    endloop
  endfacet
  facet normal 0.8314696123025607 -0.5555702330195792 0
    outer loop
      vertex -93.20664665970877 -43.60876142900872 53.4
      vertex -93.13397459621557 -43.5 48.699999999999996
      vertex -93.13397459621557 -43.5 53.4
    endloop
  endfacet
  facet normal 0.8968727415326522 -0.4422886902190747 0
    outer loop
      vertex -93.0761204674887 -43.38268343236509 53.4
      vertex -93.13397459621557 -43.5 53.4
      vertex -93.0761204674887 -43.38268343236509 48.699999999999996
    endloop
  endfacet
  facet normal 0.946930129495128 -0.32143946530309586 0
    outer loop
      vertex -93.03407417371093 -43.25881904510252 53.4
      vertex -93.0761204674887 -43.38268343236509 53.4
      vertex -93.03407417371093 -43.25881904510252 48.699999999999996
    endloop
  endfacet
  facet normal 0.9807852804032308 -0.1950903220161262 0
    outer loop
      vertex -93.00855513862619 -43.13052619222005 53.4
      vertex -93.03407417371093 -43.25881904510252 53.4
      vertex -93.00855513862619 -43.13052619222005 48.699999999999996
    endloop
  endfacet
  facet normal 0.997858923238602 -0.06540312923016546 0
    outer loop
      vertex -93 -43 53.4
      vertex -93.00855513862619 -43.13052619222005 53.4
      vertex -93 -43 48.699999999999996
    endloop
  endfacet
  facet normal 0.997858923238602 0.06540312923016546 0
    outer loop
      vertex -93.00855513862619 -42.86947380777995 53.4
      vertex -93 -43 53.4
      vertex -93.00855513862619 -42.86947380777995 48.699999999999996
    endloop
  endfacet
  facet normal 0.8968727415326522 0.4422886902190747 0
    outer loop
      vertex -93.13397459621557 -42.5 53.4
      vertex -93.0761204674887 -42.61731656763491 53.4
      vertex -93.13397459621557 -42.5 48.699999999999996
    endloop
  endfacet
  facet normal 0.9807852804032308 0.1950903220161262 0
    outer loop
      vertex -93.03407417371093 -42.74118095489748 53.4
      vertex -93.00855513862619 -42.86947380777995 53.4
      vertex -93.03407417371093 -42.74118095489748 48.699999999999996
    endloop
  endfacet
  facet normal 0.946930129495128 0.32143946530309586 0
    outer loop
      vertex -93.0761204674887 -42.61731656763491 53.4
      vertex -93.03407417371093 -42.74118095489748 53.4
      vertex -93.0761204674887 -42.61731656763491 48.699999999999996
    endloop
  endfacet
  facet normal 0.8314696123025607 0.5555702330195792 0
    outer loop
      vertex -93.20664665970877 -42.39123857099128 53.4
      vertex -93.13397459621557 -42.5 53.4
      vertex -93.20664665970877 -42.39123857099128 48.699999999999996
    endloop
  endfacet
  facet normal 0.7518398074789937 0.6593458151000502 0
    outer loop
      vertex -93.29289321881345 -42.292893218813454 53.4
      vertex -93.20664665970877 -42.39123857099128 53.4
      vertex -93.29289321881345 -42.292893218813454 48.699999999999996
    endloop
  endfacet
  facet normal 0.659345815100054 0.7518398074789905 0
    outer loop
      vertex -93.39123857099128 -42.20664665970877 53.4
      vertex -93.29289321881345 -42.292893218813454 53.4
      vertex -93.39123857099128 -42.20664665970877 48.699999999999996
    endloop
  endfacet
  facet normal 0.5555702330196167 0.8314696123025355 0
    outer loop
      vertex -93.5 -42.13397459621556 53.4
      vertex -93.39123857099128 -42.20664665970877 53.4
      vertex -93.5 -42.13397459621556 48.699999999999996
    endloop
  endfacet
  facet normal -0.4422886902189657 0.8968727415327059 0
    outer loop
      vertex -94.38268343236508 -42.076120467488714 53.4
      vertex -94.5 -42.13397459621556 48.699999999999996
      vertex -94.5 -42.13397459621556 53.4
    endloop
  endfacet
  facet normal -0.32143946530317763 0.9469301294951001 0
    outer loop
      vertex -94.38268343236508 -42.076120467488714 53.4
      vertex -94.25881904510253 -42.034074173710934 53.4
      vertex -94.38268343236508 -42.076120467488714 48.699999999999996
    endloop
  endfacet
  facet normal -0.19509032201610543 0.980785280403235 0
    outer loop
      vertex -94.25881904510253 -42.034074173710934 53.4
      vertex -94.13052619222005 -42.00855513862619 53.4
      vertex -94.25881904510253 -42.034074173710934 48.699999999999996
    endloop
  endfacet
  facet normal -0.065403129230169 0.9978589232386019 0
    outer loop
      vertex -94.13052619222005 -42.00855513862619 53.4
      vertex -94 -42 53.4
      vertex -94.13052619222005 -42.00855513862619 48.699999999999996
    endloop
  endfacet
  facet normal 0.065403129230169 0.9978589232386019 0
    outer loop
      vertex -94 -42 53.4
      vertex -93.86947380777995 -42.00855513862619 53.4
      vertex -94 -42 48.699999999999996
    endloop
  endfacet
  facet normal 0.19509032201610543 0.980785280403235 0
    outer loop
      vertex -93.86947380777995 -42.00855513862619 53.4
      vertex -93.74118095489747 -42.034074173710934 53.4
      vertex -93.86947380777995 -42.00855513862619 48.699999999999996
    endloop
  endfacet
  facet normal 0.32143946530317763 0.9469301294951001 0
    outer loop
      vertex -93.74118095489747 -42.034074173710934 53.4
      vertex -93.61731656763492 -42.076120467488714 53.4
      vertex -93.74118095489747 -42.034074173710934 48.699999999999996
    endloop
  endfacet
  facet normal 0.4422886902189657 0.8968727415327059 0
    outer loop
      vertex -93.61731656763492 -42.076120467488714 53.4
      vertex -93.5 -42.13397459621556 53.4
      vertex -93.61731656763492 -42.076120467488714 48.699999999999996
    endloop
  endfacet
  facet normal 0 0 1
    outer loop
      vertex -94.79335334029123 -42.39123857099128 53.4
      vertex -94.79335334029123 -43.60876142900872 53.4
      vertex -94.70710678118655 -43.707106781186546 53.4
    endloop
  endfacet
  facet normal 0 0 1
    outer loop
      vertex -94.70710678118655 -42.292893218813454 53.4
      vertex -94.70710678118655 -43.707106781186546 53.4
      vertex -94.60876142900872 -43.79335334029123 53.4
    endloop
  endfacet
  facet normal 0 0 1
    outer loop
      vertex -94.60876142900872 -42.20664665970877 53.4
      vertex -94.60876142900872 -43.79335334029123 53.4
      vertex -94.5 -43.86602540378444 53.4
    endloop
  endfacet
  facet normal 0 0 1
    outer loop
      vertex -94.5 -42.13397459621556 53.4
      vertex -94.5 -43.86602540378444 53.4
      vertex -94.38268343236508 -43.923879532511286 53.4
    endloop
  endfacet
  facet normal 0 0 1
    outer loop
      vertex -94.99144486137381 -42.86947380777995 53.4
      vertex -94.99144486137381 -43.13052619222005 53.4
      vertex -94.96592582628907 -43.25881904510252 53.4
    endloop
  endfacet
  facet normal 0 0 1
    outer loop
      vertex -94.96592582628907 -42.74118095489748 53.4
      vertex -94.96592582628907 -43.25881904510252 53.4
      vertex -94.9238795325113 -43.38268343236509 53.4
    endloop
  endfacet
  facet normal 0 0 1
    outer loop
      vertex -94.9238795325113 -42.61731656763491 53.4
      vertex -94.9238795325113 -43.38268343236509 53.4
      vertex -94.86602540378443 -43.5 53.4
    endloop
  endfacet
  facet normal 0 0 1
    outer loop
      vertex -94.86602540378443 -42.5 53.4
      vertex -94.86602540378443 -43.5 53.4
      vertex -94.79335334029123 -43.60876142900872 53.4
    endloop
  endfacet
  facet normal 0 0 1
    outer loop
      vertex -94.96592582628907 -42.74118095489748 53.4
      vertex -94.99144486137381 -42.86947380777995 53.4
      vertex -94.96592582628907 -43.25881904510252 53.4
    endloop
  endfacet
  facet normal 0 0 1
    outer loop
      vertex -94.99144486137381 -42.86947380777995 53.4
      vertex -95 -43 53.4
      vertex -94.99144486137381 -43.13052619222005 53.4
    endloop
  endfacet
  facet normal 0 0 1
    outer loop
      vertex -94.9238795325113 -42.61731656763491 53.4
      vertex -94.86602540378443 -43.5 53.4
      vertex -94.86602540378443 -42.5 53.4
    endloop
  endfacet
  facet normal 0 0 1
    outer loop
      vertex -94.9238795325113 -42.61731656763491 53.4
      vertex -94.96592582628907 -42.74118095489748 53.4
      vertex -94.9238795325113 -43.38268343236509 53.4
    endloop
  endfacet
  facet normal 0 0 1
    outer loop
      vertex -94.79335334029123 -42.39123857099128 53.4
      vertex -94.86602540378443 -42.5 53.4
      vertex -94.79335334029123 -43.60876142900872 53.4
    endloop
  endfacet
  facet normal 0 0 1
    outer loop
      vertex -94.79335334029123 -42.39123857099128 53.4
      vertex -94.70710678118655 -43.707106781186546 53.4
      vertex -94.70710678118655 -42.292893218813454 53.4
    endloop
  endfacet
  facet normal 0 0 1
    outer loop
      vertex -94.60876142900872 -42.20664665970877 53.4
      vertex -94.70710678118655 -42.292893218813454 53.4
      vertex -94.60876142900872 -43.79335334029123 53.4
    endloop
  endfacet
  facet normal 0 0 1
    outer loop
      vertex -94.60876142900872 -42.20664665970877 53.4
      vertex -94.5 -43.86602540378444 53.4
      vertex -94.5 -42.13397459621556 53.4
    endloop
  endfacet
  facet normal 0 0 1
    outer loop
      vertex -94.38268343236508 -42.076120467488714 53.4
      vertex -94.5 -42.13397459621556 53.4
      vertex -94.38268343236508 -43.923879532511286 53.4
    endloop
  endfacet
  facet normal 0 0 1
    outer loop
      vertex -94.38268343236508 -42.076120467488714 53.4
      vertex -94.38268343236508 -43.923879532511286 53.4
      vertex -94.25881904510253 -43.965925826289066 53.4
    endloop
  endfacet
  facet normal 0 0 1
    outer loop
      vertex -94.25881904510253 -42.034074173710934 53.4
      vertex -94.25881904510253 -43.965925826289066 53.4
      vertex -94.13052619222005 -43.99144486137381 53.4
    endloop
  endfacet
  facet normal 0 0 1
    outer loop
      vertex -94.13052619222005 -42.00855513862619 53.4
      vertex -94.13052619222005 -43.99144486137381 53.4
      vertex -94 -44 53.4
    endloop
  endfacet
  facet normal 0 0 1
    outer loop
      vertex -94 -42 53.4
      vertex -94 -44 53.4
      vertex -93.86947380777995 -43.99144486137381 53.4
    endloop
  endfacet
  facet normal 0 0 1
    outer loop
      vertex -93.86947380777995 -42.00855513862619 53.4
      vertex -93.86947380777995 -43.99144486137381 53.4
      vertex -93.74118095489747 -43.965925826289066 53.4
    endloop
  endfacet
  facet normal 0 0 1
    outer loop
      vertex -93.74118095489747 -42.034074173710934 53.4
      vertex -93.74118095489747 -43.965925826289066 53.4
      vertex -93.61731656763492 -43.923879532511286 53.4
    endloop
  endfacet
  facet normal 0 0 1
    outer loop
      vertex -93.61731656763492 -42.076120467488714 53.4
      vertex -93.61731656763492 -43.923879532511286 53.4
      vertex -93.5 -43.86602540378444 53.4
    endloop
  endfacet
  facet normal 0 0 1
    outer loop
      vertex -93.39123857099128 -42.20664665970877 53.4
      vertex -93.39123857099128 -43.79335334029123 53.4
      vertex -93.29289321881345 -43.707106781186546 53.4
    endloop
  endfacet
  facet normal 0 0 1
    outer loop
      vertex -93.5 -42.13397459621556 53.4
      vertex -93.5 -43.86602540378444 53.4
      vertex -93.39123857099128 -43.79335334029123 53.4
    endloop
  endfacet
  facet normal 0 0 1
    outer loop
      vertex -93.29289321881345 -42.292893218813454 53.4
      vertex -93.29289321881345 -43.707106781186546 53.4
      vertex -93.20664665970877 -43.60876142900872 53.4
    endloop
  endfacet
  facet normal 0 0 1
    outer loop
      vertex -93.20664665970877 -42.39123857099128 53.4
      vertex -93.20664665970877 -43.60876142900872 53.4
      vertex -93.13397459621557 -43.5 53.4
    endloop
  endfacet
  facet normal 0 0 1
    outer loop
      vertex -93.13397459621557 -42.5 53.4
      vertex -93.13397459621557 -43.5 53.4
      vertex -93.0761204674887 -43.38268343236509 53.4
    endloop
  endfacet
  facet normal 0 0 1
    outer loop
      vertex -93.03407417371093 -42.74118095489748 53.4
      vertex -93.03407417371093 -43.25881904510252 53.4
      vertex -93.00855513862619 -43.13052619222005 53.4
    endloop
  endfacet
  facet normal 0 0 1
    outer loop
      vertex -93.0761204674887 -42.61731656763491 53.4
      vertex -93.0761204674887 -43.38268343236509 53.4
      vertex -93.03407417371093 -43.25881904510252 53.4
    endloop
  endfacet
  facet normal 0 0 1
    outer loop
      vertex -93.00855513862619 -42.86947380777995 53.4
      vertex -93.00855513862619 -43.13052619222005 53.4
      vertex -93 -43 53.4
    endloop
  endfacet
  facet normal 0 0 1
    outer loop
      vertex -93.0761204674887 -42.61731656763491 53.4
      vertex -93.03407417371093 -43.25881904510252 53.4
      vertex -93.03407417371093 -42.74118095489748 53.4
    endloop
  endfacet
  facet normal 0 0 1
    outer loop
      vertex -93.03407417371093 -42.74118095489748 53.4
      vertex -93.00855513862619 -43.13052619222005 53.4
      vertex -93.00855513862619 -42.86947380777995 53.4
    endloop
  endfacet
  facet normal 0 0 1
    outer loop
      vertex -94.38268343236508 -42.076120467488714 53.4
      vertex -94.25881904510253 -43.965925826289066 53.4
      vertex -94.25881904510253 -42.034074173710934 53.4
    endloop
  endfacet
  facet normal 0 0 1
    outer loop
      vertex -94.25881904510253 -42.034074173710934 53.4
      vertex -94.13052619222005 -43.99144486137381 53.4
      vertex -94.13052619222005 -42.00855513862619 53.4
    endloop
  endfacet
  facet normal 0 0 1
    outer loop
      vertex -94.13052619222005 -42.00855513862619 53.4
      vertex -94 -44 53.4
      vertex -94 -42 53.4
    endloop
  endfacet
  facet normal 0 0 1
    outer loop
      vertex -94 -42 53.4
      vertex -93.86947380777995 -43.99144486137381 53.4
      vertex -93.86947380777995 -42.00855513862619 53.4
    endloop
  endfacet
  facet normal 0 0 1
    outer loop
      vertex -93.86947380777995 -42.00855513862619 53.4
      vertex -93.74118095489747 -43.965925826289066 53.4
      vertex -93.74118095489747 -42.034074173710934 53.4
    endloop
  endfacet
  facet normal 0 0 1
    outer loop
      vertex -93.74118095489747 -42.034074173710934 53.4
      vertex -93.61731656763492 -43.923879532511286 53.4
      vertex -93.61731656763492 -42.076120467488714 53.4
    endloop
  endfacet
  facet normal 0 0 1
    outer loop
      vertex -93.61731656763492 -42.076120467488714 53.4
      vertex -93.5 -43.86602540378444 53.4
      vertex -93.5 -42.13397459621556 53.4
    endloop
  endfacet
  facet normal 0 0 1
    outer loop
      vertex -93.5 -42.13397459621556 53.4
      vertex -93.39123857099128 -43.79335334029123 53.4
      vertex -93.39123857099128 -42.20664665970877 53.4
    endloop
  endfacet
  facet normal 0 0 1
    outer loop
      vertex -93.39123857099128 -42.20664665970877 53.4
      vertex -93.29289321881345 -43.707106781186546 53.4
      vertex -93.29289321881345 -42.292893218813454 53.4
    endloop
  endfacet
  facet normal 0 0 1
    outer loop
      vertex -93.29289321881345 -42.292893218813454 53.4
      vertex -93.20664665970877 -43.60876142900872 53.4
      vertex -93.20664665970877 -42.39123857099128 53.4
    endloop
  endfacet
  facet normal 0 0 1
    outer loop
      vertex -93.20664665970877 -42.39123857099128 53.4
      vertex -93.13397459621557 -43.5 53.4
      vertex -93.13397459621557 -42.5 53.4
    endloop
  endfacet
  facet normal 0 0 1
    outer loop
      vertex -93.13397459621557 -42.5 53.4
      vertex -93.0761204674887 -43.38268343236509 53.4
      vertex -93.0761204674887 -42.61731656763491 53.4
    endloop
  endfacet
endsolid OpenSCAD_Model
