solid OpenSCAD_Model
  facet normal 1.673001755365948e-15 1.4671831620015876e-15 -1
    outer loop
      vertex 89.04797599165052 -54.73051371481046 6.9
      vertex 88.86862915010153 -55.131370849898474 6.8999999999999995
      vertex 88.73063465553402 -54.97401828641395 6.8999999999999995
    endloop
  endfacet
  facet normal 3.6668273198045835e-15 7.293773029547823e-16 -1
    outer loop
      vertex 88.81026616635143 -54.15663143066406 6.9
      vertex 88.84088900845312 -54.31058285412303 6.9
      vertex 88.73063465553402 -54.97401828641395 6.8999999999999995
    endloop
  endfacet
  facet normal 0 0 -1
    outer loop
      vertex 88.4136882218019 -54.208841907552085 6.8999999999999995
      vertex 88.45451867793749 -53.58588952783597 6.8999999999999995
      vertex 88.45451867793749 -54.41411047216403 6.8999999999999995
    endloop
  endfacet
  facet normal 0 0 -1
    outer loop
      vertex 88.45451867793749 -54.41411047216403 6.8999999999999995
      vertex 88.52179274798195 -53.38770650821586 6.8999999999999995
      vertex 88.52179274798195 -54.61229349178414 6.8999999999999995
    endloop
  endfacet
  facet normal 0 0 -1
    outer loop
      vertex 88.4136882218019 -54.208841907552085 6.8999999999999995
      vertex 88.4136882218019 -53.791158092447915 6.8999999999999995
      vertex 88.45451867793749 -53.58588952783597 6.8999999999999995
    endloop
  endfacet
  facet normal 0 0 -1
    outer loop
      vertex 88.45451867793749 -54.41411047216403 6.8999999999999995
      vertex 88.45451867793749 -53.58588952783597 6.8999999999999995
      vertex 88.52179274798195 -53.38770650821586 6.8999999999999995
    endloop
  endfacet
  facet normal 0 0 -1
    outer loop
      vertex 88.52179274798195 -54.61229349178414 6.8999999999999995
      vertex 88.61435935394489 -53.2 6.8999999999999995
      vertex 88.61435935394489 -54.8 6.8999999999999995
    endloop
  endfacet
  facet normal 0 0 -1
    outer loop
      vertex 88.52179274798195 -54.61229349178414 6.8999999999999995
      vertex 88.52179274798195 -53.38770650821586 6.8999999999999995
      vertex 88.61435935394489 -53.2 6.8999999999999995
    endloop
  endfacet
  facet normal 0 0 -1
    outer loop
      vertex 88.61435935394489 -54.8 6.8999999999999995
      vertex 88.73063465553402 -53.02598171358605 6.8999999999999995
      vertex 88.73063465553402 -54.97401828641395 6.8999999999999995
    endloop
  endfacet
  facet normal 1.2804353910990024e-14 0 -1
    outer loop
      vertex 88.8 -54 6.9
      vertex 88.73063465553402 -54.97401828641395 6.8999999999999995
      vertex 88.73063465553402 -53.02598171358605 6.8999999999999995
    endloop
  endfacet
  facet normal 0 0 -1
    outer loop
      vertex 88.61435935394489 -54.8 6.8999999999999995
      vertex 88.61435935394489 -53.2 6.8999999999999995
      vertex 88.73063465553402 -53.02598171358605 6.8999999999999995
    endloop
  endfacet
  facet normal 1.467183162001557e-15 1.6730017553659994e-15 -1
    outer loop
      vertex 89.15147186257614 -54.848528137423855 6.9
      vertex 89.02598171358605 -55.269365344465974 6.8999999999999995
      vertex 88.86862915010153 -55.131370849898474 6.8999999999999995
    endloop
  endfacet
  facet normal 1.673001755365986e-15 1.4671831620015704e-15 -1
    outer loop
      vertex 89.04797599165052 -54.73051371481046 6.9
      vertex 89.15147186257614 -54.848528137423855 6.9
      vertex 88.86862915010153 -55.131370849898474 6.8999999999999995
    endloop
  endfacet
  facet normal 3.683097341761209e-15 -2.126437241717471e-15 -1
    outer loop
      vertex 89.4 -55.03923048454133 6.9
      vertex 89.2 -55.3856406460551 6.9
      vertex 89.02598171358605 -55.269365344465974 6.8999999999999995
    endloop
  endfacet
  facet normal 1.2362606579551846e-15 1.8501948248524997e-15 -1
    outer loop
      vertex 89.26948628518953 -54.95202400834948 6.9
      vertex 89.4 -55.03923048454133 6.9
      vertex 89.02598171358605 -55.269365344465974 6.8999999999999995
    endloop
  endfacet
  facet normal 9.361329103705646e-16 -1.898289755831822e-15 -1
    outer loop
      vertex 89.26948628518953 -53.04797599165052 6.9
      vertex 89.2 -52.6143593539449 6.8999999999999995
      vertex 89.38770650821586 -52.52179274798194 6.8999999999999995
    endloop
  endfacet
  facet normal 4.107961299515474e-15 -1.1007249127433888e-15 -1
    outer loop
      vertex 89.68941714587697 -55.15911099154688 6.9
      vertex 89.58588952783597 -55.54548132206251 6.9
      vertex 89.38770650821586 -55.47820725201806 6.8999999999999995
    endloop
  endfacet
  facet normal 7.15270439722141e-16 2.1071187679811243e-15 -1
    outer loop
      vertex 89.5407798811619 -55.108655439013546 6.9
      vertex 89.68941714587697 -55.15911099154688 6.9
      vertex 89.38770650821586 -55.47820725201806 6.8999999999999995
    endloop
  endfacet
  facet normal -1.2362606579551846e-15 -1.8501948248524997e-15 -1
    outer loop
      vertex 90.73051371481047 -53.04797599165052 6.9
      vertex 90.6 -52.96076951545867 6.9
      vertex 90.97401828641395 -52.730634655534026 6.8999999999999995
    endloop
  endfacet
  facet normal -3.683097341761209e-15 2.126437241717471e-15 -1
    outer loop
      vertex 90.6 -52.96076951545867 6.9
      vertex 90.8 -52.6143593539449 6.9
      vertex 90.97401828641395 -52.730634655534026 6.8999999999999995
    endloop
  endfacet
  facet normal -1.4671831620016471e-15 -1.6730017553659727e-15 -1
    outer loop
      vertex 90.84852813742386 -53.151471862576145 6.9
      vertex 90.73051371481047 -53.04797599165052 6.9
      vertex 90.97401828641395 -52.730634655534026 6.8999999999999995
    endloop
  endfacet
  facet normal 8.4693650361055e-15 -5.551115123125801e-16 -1
    outer loop
      vertex 91.47820725201805 -53.38770650821586 6.9
      vertex 91.38564064605511 -54.8 6.9
      vertex 91.38564064605511 -53.2 6.8999999999999995
    endloop
  endfacet
  facet normal 2.1423557514357256e-15 1.056492939752517e-15 -1
    outer loop
      vertex 88.96076951545868 -54.6 6.9
      vertex 88.73063465553402 -54.97401828641395 6.8999999999999995
      vertex 88.89134456098645 -54.45922011883811 6.9
    endloop
  endfacet
  facet normal 2.647640643835858e-15 8.987528924898079e-16 -1
    outer loop
      vertex 88.89134456098645 -54.45922011883811 6.9
      vertex 88.73063465553402 -54.97401828641395 6.8999999999999995
      vertex 88.84088900845312 -54.31058285412303 6.9
    endloop
  endfacet
  facet normal 6.667712023561272e-15 4.370249350790343e-16 -1
    outer loop
      vertex 88.81026616635143 -54.15663143066406 6.9
      vertex 88.73063465553402 -54.97401828641395 6.8999999999999995
      vertex 88.8 -54 6.9
    endloop
  endfacet
  facet normal 1.8501948248524366e-15 1.2362606579551763e-15 -1
    outer loop
      vertex 89.04797599165052 -54.73051371481046 6.9
      vertex 88.73063465553402 -54.97401828641395 6.8999999999999995
      vertex 88.96076951545868 -54.6 6.9
    endloop
  endfacet
  facet normal 1.4671831620016467e-15 1.6730017553659723e-15 -1
    outer loop
      vertex 89.26948628518953 -54.95202400834948 6.9
      vertex 89.02598171358605 -55.269365344465974 6.8999999999999995
      vertex 89.15147186257614 -54.848528137423855 6.9
    endloop
  endfacet
  facet normal 1.3270880348107156e-15 -1.98612760046245e-15 -1
    outer loop
      vertex 89.26948628518953 -53.04797599165052 6.9
      vertex 89.38770650821586 -52.52179274798194 6.8999999999999995
      vertex 89.4 -52.96076951545868 6.9
    endloop
  endfacet
  facet normal -2.9449582982899475e-15 3.623235152653531e-15 -1
    outer loop
      vertex 89.5407798811619 -55.108655439013546 6.9
      vertex 89.38770650821586 -55.47820725201806 6.8999999999999995
      vertex 89.2 -55.3856406460551 6.9
    endloop
  endfacet
  facet normal 0 0 -1
    outer loop
      vertex 89.4 -55.03923048454133 6.9
      vertex 89.5407798811619 -55.108655439013546 6.9
      vertex 89.2 -55.3856406460551 6.9
    endloop
  endfacet
  facet normal 0 0 -1
    outer loop
      vertex 90.6 -55.03923048454132 6.9
      vertex 90.73051371481047 -54.95202400834948 6.9
      vertex 90.61229349178414 -55.47820725201806 6.9
    endloop
  endfacet
  facet normal 0 0 -1
    outer loop
      vertex 90.73051371481047 -54.95202400834948 6.9
      vertex 90.8 -55.3856406460551 6.9
      vertex 90.61229349178414 -55.47820725201806 6.9
    endloop
  endfacet
  facet normal 0 0 -1
    outer loop
      vertex 90.84852813742386 -53.151471862576145 6.9
      vertex 91.13137084989847 -52.868629150101526 6.9
      vertex 90.95202400834948 -53.26948628518954 6.9
    endloop
  endfacet
  facet normal 0 0 -1
    outer loop
      vertex 91.03923048454132 -53.4 6.9
      vertex 90.95202400834948 -53.26948628518954 6.9
      vertex 91.26936534446598 -53.02598171358605 6.9
    endloop
  endfacet
  facet normal 0 0 -1
    outer loop
      vertex 90.95202400834948 -53.26948628518954 6.9
      vertex 91.13137084989847 -52.868629150101526 6.9
      vertex 91.26936534446598 -53.02598171358605 6.9
    endloop
  endfacet
  facet normal 1.1817619346408775e-14 -1.963934861879935e-15 -1
    outer loop
      vertex 91.15911099154688 -53.68941714587697 6.9
      vertex 91.10865543901355 -53.54077988116189 6.8999999999999995
      vertex 91.26936534446598 -53.02598171358605 6.9
    endloop
  endfacet
  facet normal 0 0 -1
    outer loop
      vertex 91.15911099154688 -53.68941714587697 6.9
      vertex 91.26936534446598 -53.02598171358605 6.9
      vertex 91.18973383364857 -53.84336856933594 6.9
    endloop
  endfacet
  facet normal -3.479569932342389e-14 3.3898686865112988e-15 -1
    outer loop
      vertex 91.2 -54 6.8999999999999995
      vertex 91.18973383364857 -53.84336856933594 6.9
      vertex 91.26936534446598 -53.02598171358605 6.9
    endloop
  endfacet
  facet normal -5.69172399087072e-15 3.5021392026783282e-15 -1
    outer loop
      vertex 91.10865543901355 -53.54077988116189 6.8999999999999995
      vertex 91.03923048454132 -53.4 6.9
      vertex 91.26936534446598 -53.02598171358605 6.9
    endloop
  endfacet
  facet normal 0 0 -1
    outer loop
      vertex 90.4592201188381 -52.891344560986454 6.9
      vertex 90.31058285412303 -52.84088900845312 6.9
      vertex 90.61229349178414 -52.52179274798194 6.9
    endloop
  endfacet
  facet normal 3.392690859793643e-15 -3.2078436807248064e-15 -1
    outer loop
      vertex 90.31058285412303 -52.84088900845312 6.9
      vertex 90.41411047216404 -52.4545186779375 6.8999999999999995
      vertex 90.61229349178414 -52.52179274798194 6.9
    endloop
  endfacet
  facet normal 0 0 -1
    outer loop
      vertex 90.4592201188381 -52.891344560986454 6.9
      vertex 90.8 -52.6143593539449 6.9
      vertex 90.6 -52.96076951545867 6.9
    endloop
  endfacet
  facet normal 0 0 -1
    outer loop
      vertex 90.4592201188381 -52.891344560986454 6.9
      vertex 90.61229349178414 -52.52179274798194 6.9
      vertex 90.8 -52.6143593539449 6.9
    endloop
  endfacet
  facet normal 3.0072363867720634e-15 -3.0072363867720634e-15 -1
    outer loop
      vertex 90.84852813742386 -53.151471862576145 6.9
      vertex 90.97401828641395 -52.730634655534026 6.8999999999999995
      vertex 91.13137084989847 -52.868629150101526 6.9
    endloop
  endfacet
  facet normal 8.307830882489579e-16 -5.551115123125802e-16 -1
    outer loop
      vertex 91.26936534446598 -54.97401828641395 6.9
      vertex 91.38564064605511 -53.2 6.8999999999999995
      vertex 91.38564064605511 -54.8 6.9
    endloop
  endfacet
  facet normal 1.2804353910990024e-14 0 -1
    outer loop
      vertex 91.2 -54 6.8999999999999995
      vertex 91.26936534446598 -53.02598171358605 6.9
      vertex 91.26936534446598 -54.97401828641395 6.9
    endloop
  endfacet
  facet normal -7.638581947855211e-15 0 -1
    outer loop
      vertex 91.38564064605511 -53.2 6.8999999999999995
      vertex 91.26936534446598 -54.97401828641395 6.9
      vertex 91.26936534446598 -53.02598171358605 6.9
    endloop
  endfacet
  facet normal 0 0 -1
    outer loop
      vertex 91.38564064605511 -54.8 6.9
      vertex 91.47820725201805 -53.38770650821586 6.9
      vertex 91.47820725201805 -54.61229349178414 6.9
    endloop
  endfacet
  facet normal 0 0 -1
    outer loop
      vertex 91.47820725201805 -54.61229349178414 6.9
      vertex 91.54548132206251 -53.58588952783597 6.9
      vertex 91.54548132206251 -54.41411047216403 6.9
    endloop
  endfacet
  facet normal 0 0 -1
    outer loop
      vertex 91.54548132206251 -54.41411047216403 6.9
      vertex 91.5863117781981 -53.791158092447915 6.9
      vertex 91.5863117781981 -54.208841907552085 6.9
    endloop
  endfacet
  facet normal 0 0 -1
    outer loop
      vertex 91.54548132206251 -53.58588952783597 6.9
      vertex 91.47820725201805 -54.61229349178414 6.9
      vertex 91.47820725201805 -53.38770650821586 6.9
    endloop
  endfacet
  facet normal 0 0 -1
    outer loop
      vertex 91.5863117781981 -53.791158092447915 6.9
      vertex 91.54548132206251 -54.41411047216403 6.9
      vertex 91.54548132206251 -53.58588952783597 6.9
    endloop
  endfacet
  facet normal 1.6361556841288298e-14 -1.0723930924262031e-15 -1
    outer loop
      vertex 115.4136882218019 -54.208841907552085 6.8999999999999995
      vertex 115.45451867793749 -53.58588952783597 6.8999999999999995
      vertex 115.45451867793749 -54.41411047216403 6.9
    endloop
  endfacet
  facet normal -1.320238866346454e-14 0 -1
    outer loop
      vertex 115.45451867793749 -54.41411047216403 6.9
      vertex 115.52179274798195 -53.38770650821586 6.8999999999999995
      vertex 115.52179274798195 -54.61229349178414 6.8999999999999995
    endloop
  endfacet
  facet normal 0 0 -1
    outer loop
      vertex 115.4136882218019 -54.208841907552085 6.8999999999999995
      vertex 115.4136882218019 -53.791158092447915 6.8999999999999995
      vertex 115.45451867793749 -53.58588952783597 6.8999999999999995
    endloop
  endfacet
  facet normal 3.1591681778181357e-15 -1.072393092426203e-15 -1
    outer loop
      vertex 115.45451867793749 -54.41411047216403 6.9
      vertex 115.45451867793749 -53.58588952783597 6.8999999999999995
      vertex 115.52179274798195 -53.38770650821586 6.8999999999999995
    endloop
  endfacet
  facet normal 0 0 -1
    outer loop
      vertex 115.52179274798195 -54.61229349178414 6.8999999999999995
      vertex 115.61435935394489 -53.2 6.8999999999999995
      vertex 115.61435935394489 -54.8 6.8999999999999995
    endloop
  endfacet
  facet normal 0 0 -1
    outer loop
      vertex 115.52179274798195 -54.61229349178414 6.8999999999999995
      vertex 115.52179274798195 -53.38770650821586 6.8999999999999995
      vertex 115.61435935394489 -53.2 6.8999999999999995
    endloop
  endfacet
  facet normal 0 0 -1
    outer loop
      vertex 115.61435935394489 -54.8 6.8999999999999995
      vertex 115.73063465553402 -53.02598171358605 6.8999999999999995
      vertex 115.73063465553402 -54.97401828641395 6.8999999999999995
    endloop
  endfacet
  facet normal 1.2804353910990024e-14 0 -1
    outer loop
      vertex 115.8 -54 6.9
      vertex 115.73063465553402 -54.97401828641395 6.8999999999999995
      vertex 115.73063465553402 -53.02598171358605 6.8999999999999995
    endloop
  endfacet
  facet normal 0 0 -1
    outer loop
      vertex 115.61435935394489 -54.8 6.8999999999999995
      vertex 115.61435935394489 -53.2 6.8999999999999995
      vertex 115.73063465553402 -53.02598171358605 6.8999999999999995
    endloop
  endfacet
  facet normal 1.591318074986686e-15 1.3955484968983473e-15 -1
    outer loop
      vertex 115.96076951545868 -54.6 6.9
      vertex 115.86862915010153 -55.131370849898474 6.8999999999999995
      vertex 115.73063465553402 -54.97401828641395 6.8999999999999995
    endloop
  endfacet
  facet normal 1.450855205945508e-15 -1.272365866824793e-15 -1
    outer loop
      vertex 115.89134456098645 -53.54077988116189 6.9
      vertex 115.73063465553402 -53.02598171358605 6.8999999999999995
      vertex 115.86862915010153 -52.868629150101526 6.8999999999999995
    endloop
  endfacet
  facet normal 1.395548496898349e-15 -1.59131807498677e-15 -1
    outer loop
      vertex 116.04797599165052 -53.26948628518954 6.9
      vertex 115.86862915010153 -52.868629150101526 6.8999999999999995
      vertex 116.02598171358605 -52.730634655534026 6.8999999999999995
    endloop
  endfacet
  facet normal 1.2362606579552512e-15 -1.8501948248524484e-15 -1
    outer loop
      vertex 116.26948628518953 -53.04797599165052 6.9
      vertex 116.02598171358605 -52.730634655534026 6.8999999999999995
      vertex 116.2 -52.6143593539449 6.8999999999999995
    endloop
  endfacet
  facet normal -7.152704397220838e-16 -2.1071187679811784e-15 -1
    outer loop
      vertex 117.31058285412303 -52.84088900845312 6.9
      vertex 117.41411047216404 -52.4545186779375 6.8999999999999995
      vertex 117.61229349178414 -52.52179274798194 6.8999999999999995
    endloop
  endfacet
  facet normal 6.667712023561272e-15 4.370249350790343e-16 -1
    outer loop
      vertex 118.2 -54 6.8999999999999995
      vertex 118.18973383364857 -53.84336856933594 6.8999999999999995
      vertex 118.26936534446598 -53.02598171358605 6.9
    endloop
  endfacet
  facet normal 2.1423557514357256e-15 1.056492939752517e-15 -1
    outer loop
      vertex 115.96076951545868 -54.6 6.9
      vertex 115.73063465553402 -54.97401828641395 6.8999999999999995
      vertex 115.89134456098645 -54.45922011883811 6.9
    endloop
  endfacet
  facet normal 3.666827319804584e-15 7.293773029547824e-16 -1
    outer loop
      vertex 115.84088900845312 -54.31058285412303 6.9
      vertex 115.73063465553402 -54.97401828641395 6.8999999999999995
      vertex 115.81026616635143 -54.15663143066406 6.9
    endloop
  endfacet
  facet normal 6.667712023561272e-15 4.370249350790343e-16 -1
    outer loop
      vertex 115.81026616635143 -54.15663143066406 6.9
      vertex 115.73063465553402 -54.97401828641395 6.8999999999999995
      vertex 115.8 -54 6.9
    endloop
  endfacet
  facet normal 2.647640643835858e-15 8.987528924898079e-16 -1
    outer loop
      vertex 115.89134456098645 -54.45922011883811 6.9
      vertex 115.73063465553402 -54.97401828641395 6.8999999999999995
      vertex 115.84088900845312 -54.31058285412303 6.9
    endloop
  endfacet
  facet normal 0 0 -1
    outer loop
      vertex 116.26948628518953 -54.95202400834948 6.9
      vertex 116.2 -55.3856406460551 6.9
      vertex 116.02598171358605 -55.269365344465974 6.9
    endloop
  endfacet
  facet normal 0 0 -1
    outer loop
      vertex 116.15147186257614 -54.848528137423855 6.9
      vertex 116.26948628518953 -54.95202400834948 6.9
      vertex 116.02598171358605 -55.269365344465974 6.9
    endloop
  endfacet
  facet normal 2.647640643835858e-15 -8.987528924898079e-16 -1
    outer loop
      vertex 115.84088900845312 -53.68941714587697 6.9
      vertex 115.73063465553402 -53.02598171358605 6.8999999999999995
      vertex 115.89134456098645 -53.54077988116189 6.9
    endloop
  endfacet
  facet normal 1.9861276004625595e-15 -1.3270880348109335e-15 -1
    outer loop
      vertex 115.96076951545868 -53.4 6.9
      vertex 115.86862915010153 -52.868629150101526 6.8999999999999995
      vertex 116.04797599165052 -53.26948628518954 6.9
    endloop
  endfacet
  facet normal 0 0 -1
    outer loop
      vertex 116.5407798811619 -55.108655439013546 6.9
      vertex 116.38770650821586 -55.47820725201806 6.9
      vertex 116.2 -55.3856406460551 6.9
    endloop
  endfacet
  facet normal 0 0 -1
    outer loop
      vertex 116.5407798811619 -55.108655439013546 6.9
      vertex 116.2 -55.3856406460551 6.9
      vertex 116.4 -55.03923048454133 6.9
    endloop
  endfacet
  facet normal 0 0 -1
    outer loop
      vertex 116.68941714587697 -55.15911099154688 6.9
      vertex 116.58588952783597 -55.54548132206251 6.9
      vertex 116.38770650821586 -55.47820725201806 6.9
    endloop
  endfacet
  facet normal 0 0 -1
    outer loop
      vertex 116.5407798811619 -55.108655439013546 6.9
      vertex 116.68941714587697 -55.15911099154688 6.9
      vertex 116.38770650821586 -55.47820725201806 6.9
    endloop
  endfacet
  facet normal 1.4671831620016471e-15 -1.6730017553659727e-15 -1
    outer loop
      vertex 116.15147186257614 -53.151471862576145 6.9
      vertex 116.02598171358605 -52.730634655534026 6.8999999999999995
      vertex 116.26948628518953 -53.04797599165052 6.9
    endloop
  endfacet
  facet normal -7.15270439722141e-16 -2.1071187679811243e-15 -1
    outer loop
      vertex 117.31058285412303 -52.84088900845312 6.9
      vertex 117.61229349178414 -52.52179274798194 6.8999999999999995
      vertex 117.4592201188381 -52.891344560986454 6.9
    endloop
  endfacet
  facet normal 0 0 -1
    outer loop
      vertex 117.6 -52.96076951545867 6.9
      vertex 117.4592201188381 -52.891344560986454 6.9
      vertex 117.8 -52.6143593539449 6.9
    endloop
  endfacet
  facet normal 2.9449582982899475e-15 -3.623235152653531e-15 -1
    outer loop
      vertex 117.4592201188381 -52.891344560986454 6.9
      vertex 117.61229349178414 -52.52179274798194 6.8999999999999995
      vertex 117.8 -52.6143593539449 6.9
    endloop
  endfacet
  facet normal 0 0 -1
    outer loop
      vertex 117.73051371481047 -54.95202400834948 6.9
      vertex 117.97401828641395 -55.269365344465974 6.9
      vertex 117.8 -55.3856406460551 6.9
    endloop
  endfacet
  facet normal 0 0 -1
    outer loop
      vertex 117.73051371481047 -54.95202400834948 6.9
      vertex 117.84852813742386 -54.848528137423855 6.9
      vertex 117.97401828641395 -55.269365344465974 6.9
    endloop
  endfacet
  facet normal 0 0 -1
    outer loop
      vertex 117.95202400834948 -54.73051371481046 6.9
      vertex 118.13137084989847 -55.131370849898474 6.9
      vertex 117.97401828641395 -55.269365344465974 6.9
    endloop
  endfacet
  facet normal 0 0 -1
    outer loop
      vertex 117.95202400834948 -54.73051371481046 6.9
      vertex 118.03923048454132 -54.6 6.9
      vertex 118.13137084989847 -55.131370849898474 6.9
    endloop
  endfacet
  facet normal 0 0 -1
    outer loop
      vertex 118.10865543901355 -54.45922011883811 6.9
      vertex 118.26936534446598 -54.97401828641395 6.9
      vertex 118.13137084989847 -55.131370849898474 6.9
    endloop
  endfacet
  facet normal -9.169978702572918e-15 -2.8626877543697427e-15 -1
    outer loop
      vertex 118.10865543901355 -54.45922011883811 6.9
      vertex 118.15911099154688 -54.31058285412303 6.8999999999999995
      vertex 118.26936534446598 -54.97401828641395 6.9
    endloop
  endfacet
  facet normal 0 0 -1
    outer loop
      vertex 118.26936534446598 -54.97401828641395 6.9
      vertex 118.38564064605511 -53.2 6.9
      vertex 118.38564064605511 -54.8 6.9
    endloop
  endfacet
  facet normal 1.2804353910990024e-14 0 -1
    outer loop
      vertex 118.2 -54 6.8999999999999995
      vertex 118.26936534446598 -53.02598171358605 6.9
      vertex 118.26936534446598 -54.97401828641395 6.9
    endloop
  endfacet
  facet normal 0 0 -1
    outer loop
      vertex 118.38564064605511 -53.2 6.9
      vertex 118.26936534446598 -54.97401828641395 6.9
      vertex 118.26936534446598 -53.02598171358605 6.9
    endloop
  endfacet
  facet normal -1.5801758200041458e-14 2.6260469979928127e-15 -1
    outer loop
      vertex 118.18973383364857 -53.84336856933594 6.8999999999999995
      vertex 118.15911099154688 -53.68941714587697 6.9
      vertex 118.26936534446598 -53.02598171358605 6.9
    endloop
  endfacet
  facet normal 0 0 -1
    outer loop
      vertex 118.10865543901355 -53.54077988116189 6.9
      vertex 118.26936534446598 -53.02598171358605 6.9
      vertex 118.15911099154688 -53.68941714587697 6.9
    endloop
  endfacet
  facet normal 0 0 -1
    outer loop
      vertex 118.10865543901355 -53.54077988116189 6.9
      vertex 118.03923048454132 -53.4 6.9
      vertex 118.26936534446598 -53.02598171358605 6.9
    endloop
  endfacet
  facet normal 3.782474504170431e-15 -2.3273708045987045e-15 -1
    outer loop
      vertex 118.03923048454132 -53.4 6.9
      vertex 118.13137084989847 -52.868629150101526 6.8999999999999995
      vertex 118.26936534446598 -53.02598171358605 6.9
    endloop
  endfacet
  facet normal 0 0 -1
    outer loop
      vertex 118.38564064605511 -54.8 6.9
      vertex 118.47820725201805 -53.38770650821586 6.9
      vertex 118.47820725201805 -54.61229349178414 6.9
    endloop
  endfacet
  facet normal 0 0 -1
    outer loop
      vertex 118.47820725201805 -53.38770650821586 6.9
      vertex 118.38564064605511 -54.8 6.9
      vertex 118.38564064605511 -53.2 6.9
    endloop
  endfacet
  facet normal 0 0 -1
    outer loop
      vertex 118.47820725201805 -54.61229349178414 6.9
      vertex 118.54548132206251 -53.58588952783597 6.9
      vertex 118.54548132206251 -54.41411047216403 6.9
    endloop
  endfacet
  facet normal 0 0 -1
    outer loop
      vertex 118.54548132206251 -54.41411047216403 6.9
      vertex 118.5863117781981 -53.791158092447915 6.9
      vertex 118.5863117781981 -54.208841907552085 6.9
    endloop
  endfacet
  facet normal 0 0 -1
    outer loop
      vertex 118.54548132206251 -53.58588952783597 6.9
      vertex 118.47820725201805 -54.61229349178414 6.9
      vertex 118.47820725201805 -53.38770650821586 6.9
    endloop
  endfacet
  facet normal 0 0 -1
    outer loop
      vertex 118.5863117781981 -53.791158092447915 6.9
      vertex 118.54548132206251 -54.41411047216403 6.9
      vertex 118.54548132206251 -53.58588952783597 6.9
    endloop
  endfacet
  facet normal 0 0 -1
    outer loop
      vertex 117.84852813742386 -53.151471862576145 6.9
      vertex 117.73051371481047 -53.04797599165052 6.9
      vertex 117.97401828641395 -52.730634655534026 6.9
    endloop
  endfacet
  facet normal 0 0 -1
    outer loop
      vertex 117.73051371481047 -53.04797599165052 6.9
      vertex 117.8 -52.6143593539449 6.9
      vertex 117.97401828641395 -52.730634655534026 6.9
    endloop
  endfacet
  facet normal 4.610292835227702e-15 -7.387911230780528e-16 -1
    outer loop
      vertex 89.26948628518953 23.047975991650517 6.9
      vertex 89.2 22.6143593539449 6.9
      vertex 89.02598171358605 22.730634655534026 6.8999999999999995
    endloop
  endfacet
  facet normal 0 0 -1
    outer loop
      vertex 88.4136882218019 23.79115809244792 6.8999999999999995
      vertex 88.45451867793749 24.414110472164033 6.8999999999999995
      vertex 88.45451867793749 23.585889527835967 6.8999999999999995
    endloop
  endfacet
  facet normal 0 0 -1
    outer loop
      vertex 88.45451867793749 23.585889527835967 6.8999999999999995
      vertex 88.52179274798195 24.612293491784143 6.8999999999999995
      vertex 88.52179274798195 23.387706508215857 6.8999999999999995
    endloop
  endfacet
  facet normal 0 0 -1
    outer loop
      vertex 88.4136882218019 23.79115809244792 6.8999999999999995
      vertex 88.4136882218019 24.20884190755208 6.8999999999999995
      vertex 88.45451867793749 24.414110472164033 6.8999999999999995
    endloop
  endfacet
  facet normal 0 0 -1
    outer loop
      vertex 88.45451867793749 23.585889527835967 6.8999999999999995
      vertex 88.45451867793749 24.414110472164033 6.8999999999999995
      vertex 88.52179274798195 24.612293491784143 6.8999999999999995
    endloop
  endfacet
  facet normal 0 0 -1
    outer loop
      vertex 88.52179274798195 23.387706508215857 6.8999999999999995
      vertex 88.61435935394489 24.8 6.8999999999999995
      vertex 88.61435935394489 23.2 6.8999999999999995
    endloop
  endfacet
  facet normal 0 0 -1
    outer loop
      vertex 88.52179274798195 23.387706508215857 6.8999999999999995
      vertex 88.52179274798195 24.612293491784143 6.8999999999999995
      vertex 88.61435935394489 24.8 6.8999999999999995
    endloop
  endfacet
  facet normal 1.591318074986707e-15 1.3955484968983343e-15 -1
    outer loop
      vertex 88.96076951545868 23.4 6.9
      vertex 88.86862915010153 22.868629150101523 6.8999999999999995
      vertex 88.73063465553402 23.02598171358605 6.8999999999999995
    endloop
  endfacet
  facet normal 3.6668273198045835e-15 7.293773029547823e-16 -1
    outer loop
      vertex 88.81026616635143 23.843368569335937 6.9
      vertex 88.84088900845312 23.689417145876973 6.9
      vertex 88.73063465553402 23.02598171358605 6.8999999999999995
    endloop
  endfacet
  facet normal 0 0 -1
    outer loop
      vertex 88.61435935394489 23.2 6.8999999999999995
      vertex 88.73063465553402 24.97401828641395 6.8999999999999995
      vertex 88.73063465553402 23.02598171358605 6.8999999999999995
    endloop
  endfacet
  facet normal 1.2804353910990024e-14 0 -1
    outer loop
      vertex 88.8 24 6.9
      vertex 88.73063465553402 23.02598171358605 6.8999999999999995
      vertex 88.73063465553402 24.97401828641395 6.8999999999999995
    endloop
  endfacet
  facet normal 0 0 -1
    outer loop
      vertex 88.61435935394489 23.2 6.8999999999999995
      vertex 88.61435935394489 24.8 6.8999999999999995
      vertex 88.73063465553402 24.97401828641395 6.8999999999999995
    endloop
  endfacet
  facet normal 1.4508552059455245e-15 -1.2723658668247788e-15 -1
    outer loop
      vertex 88.89134456098645 24.459220118838108 6.9
      vertex 88.73063465553402 24.97401828641395 6.8999999999999995
      vertex 88.86862915010153 25.131370849898477 6.8999999999999995
    endloop
  endfacet
  facet normal 1.3955484968983145e-15 -1.5913180749867715e-15 -1
    outer loop
      vertex 89.04797599165052 24.730513714810463 6.9
      vertex 88.86862915010153 25.131370849898477 6.8999999999999995
      vertex 89.02598171358605 25.269365344465974 6.8999999999999995
    endloop
  endfacet
  facet normal 1.2362606579552512e-15 -1.8501948248524484e-15 -1
    outer loop
      vertex 89.26948628518953 24.952024008349483 6.9
      vertex 89.02598171358605 25.269365344465974 6.8999999999999995
      vertex 89.2 25.3856406460551 6.8999999999999995
    endloop
  endfacet
  facet normal -3.929143689585057e-15 1.6275046047388216e-15 -1
    outer loop
      vertex 90.4592201188381 25.108655439013543 6.9
      vertex 90.61229349178414 25.47820725201806 6.9
      vertex 90.8 25.3856406460551 6.8999999999999995
    endloop
  endfacet
  facet normal -1.2362606579552512e-15 -1.8501948248524484e-15 -1
    outer loop
      vertex 90.73051371481047 24.952024008349483 6.9
      vertex 90.8 25.3856406460551 6.8999999999999995
      vertex 90.97401828641395 25.269365344465974 6.8999999999999995
    endloop
  endfacet
  facet normal 8.469365036105485e-15 -5.551115123125778e-16 -1
    outer loop
      vertex 91.47820725201805 24.612293491784143 6.9
      vertex 91.38564064605511 23.2 6.9
      vertex 91.38564064605511 24.8 6.8999999999999995
    endloop
  endfacet
  facet normal 1.4671831620016467e-15 1.6730017553659723e-15 -1
    outer loop
      vertex 89.26948628518953 23.047975991650517 6.9
      vertex 89.02598171358605 22.730634655534026 6.8999999999999995
      vertex 89.15147186257614 23.151471862576145 6.9
    endloop
  endfacet
  facet normal 2.14235575143575e-15 1.0564929397525024e-15 -1
    outer loop
      vertex 88.96076951545868 23.4 6.9
      vertex 88.73063465553402 23.02598171358605 6.8999999999999995
      vertex 88.89134456098645 23.540779881161892 6.9
    endloop
  endfacet
  facet normal 2.6476406438358153e-15 8.987528924898148e-16 -1
    outer loop
      vertex 88.89134456098645 23.540779881161892 6.9
      vertex 88.73063465553402 23.02598171358605 6.8999999999999995
      vertex 88.84088900845312 23.689417145876973 6.9
    endloop
  endfacet
  facet normal 6.667712023561272e-15 4.370249350790343e-16 -1
    outer loop
      vertex 88.81026616635143 23.843368569335937 6.9
      vertex 88.73063465553402 23.02598171358605 6.8999999999999995
      vertex 88.8 24 6.9
    endloop
  endfacet
  facet normal 2.6476406438358153e-15 -8.987528924898148e-16 -1
    outer loop
      vertex 88.84088900845312 24.310582854123027 6.9
      vertex 88.73063465553402 24.97401828641395 6.8999999999999995
      vertex 88.89134456098645 24.459220118838108 6.9
    endloop
  endfacet
  facet normal 1.986127600462549e-15 -1.3270880348109264e-15 -1
    outer loop
      vertex 88.96076951545868 24.6 6.9
      vertex 88.86862915010153 25.131370849898477 6.8999999999999995
      vertex 89.04797599165052 24.730513714810463 6.9
    endloop
  endfacet
  facet normal 1.4671831620016471e-15 -1.6730017553659727e-15 -1
    outer loop
      vertex 89.15147186257614 24.848528137423855 6.9
      vertex 89.02598171358605 25.269365344465974 6.8999999999999995
      vertex 89.26948628518953 24.952024008349483 6.9
    endloop
  endfacet
  facet normal 0 0 -1
    outer loop
      vertex 89.5407798811619 22.891344560986457 6.9
      vertex 89.38770650821586 22.52179274798194 6.9
      vertex 89.2 22.6143593539449 6.9
    endloop
  endfacet
  facet normal 0 0 -1
    outer loop
      vertex 89.4 22.960769515458672 6.9
      vertex 89.5407798811619 22.891344560986457 6.9
      vertex 89.2 22.6143593539449 6.9
    endloop
  endfacet
  facet normal 0 0 -1
    outer loop
      vertex 89.68941714587697 22.840889008453118 6.9
      vertex 89.58588952783597 22.45451867793749 6.9
      vertex 89.38770650821586 22.52179274798194 6.9
    endloop
  endfacet
  facet normal 0 0 -1
    outer loop
      vertex 89.68941714587697 22.840889008453118 6.9
      vertex 89.38770650821586 22.52179274798194 6.9
      vertex 89.5407798811619 22.891344560986457 6.9
    endloop
  endfacet
  facet normal 0 0 -1
    outer loop
      vertex 90.73051371481047 23.047975991650517 6.9
      vertex 90.97401828641395 22.730634655534026 6.9
      vertex 90.8 22.6143593539449 6.9
    endloop
  endfacet
  facet normal 0 0 -1
    outer loop
      vertex 90.73051371481047 23.047975991650517 6.9
      vertex 90.84852813742386 23.151471862576145 6.9
      vertex 90.97401828641395 22.730634655534026 6.9
    endloop
  endfacet
  facet normal 0 0 -1
    outer loop
      vertex 90.95202400834948 23.269486285189537 6.9
      vertex 91.13137084989847 22.868629150101523 6.9
      vertex 90.97401828641395 22.730634655534026 6.9
    endloop
  endfacet
  facet normal 0 0 -1
    outer loop
      vertex 90.4592201188381 25.108655439013543 6.9
      vertex 90.31058285412303 25.159110991546882 6.9
      vertex 90.61229349178414 25.47820725201806 6.9
    endloop
  endfacet
  facet normal 3.392690859793556e-15 -3.2078436807247243e-15 -1
    outer loop
      vertex 90.31058285412303 25.159110991546882 6.9
      vertex 90.41411047216404 25.545481322062507 6.8999999999999995
      vertex 90.61229349178414 25.47820725201806 6.9
    endloop
  endfacet
  facet normal -9.841853912950634e-16 -1.9957305479147193e-15 -1
    outer loop
      vertex 90.4592201188381 25.108655439013543 6.9
      vertex 90.8 25.3856406460551 6.8999999999999995
      vertex 90.6 25.039230484541328 6.9
    endloop
  endfacet
  facet normal 0 0 -1
    outer loop
      vertex 90.95202400834948 23.269486285189537 6.9
      vertex 91.03923048454132 23.4 6.9
      vertex 91.13137084989847 22.868629150101523 6.9
    endloop
  endfacet
  facet normal 0 0 -1
    outer loop
      vertex 91.10865543901355 23.540779881161892 6.9
      vertex 91.26936534446598 23.02598171358605 6.9
      vertex 91.13137084989847 22.868629150101523 6.9
    endloop
  endfacet
  facet normal -9.169978702573052e-15 -2.8626877543697652e-15 -1
    outer loop
      vertex 91.10865543901355 23.540779881161892 6.9
      vertex 91.15911099154688 23.689417145876973 6.8999999999999995
      vertex 91.26936534446598 23.02598171358605 6.9
    endloop
  endfacet
  facet normal -1.4671831620016467e-15 -1.6730017553659723e-15 -1
    outer loop
      vertex 90.73051371481047 24.952024008349483 6.9
      vertex 90.97401828641395 25.269365344465974 6.8999999999999995
      vertex 90.84852813742386 24.848528137423855 6.9
    endloop
  endfacet
  facet normal 1.1817619346408868e-14 -1.9639348618799505e-15 -1
    outer loop
      vertex 91.15911099154688 24.310582854123027 6.9
      vertex 91.10865543901355 24.459220118838108 6.8999999999999995
      vertex 91.26936534446598 24.97401828641395 6.9
    endloop
  endfacet
  facet normal -3.479569932342389e-14 3.3898686865112988e-15 -1
    outer loop
      vertex 91.2 24 6.8999999999999995
      vertex 91.18973383364857 24.156631430664063 6.9
      vertex 91.26936534446598 24.97401828641395 6.9
    endloop
  endfacet
  facet normal 0 0 -1
    outer loop
      vertex 91.15911099154688 24.310582854123027 6.9
      vertex 91.26936534446598 24.97401828641395 6.9
      vertex 91.18973383364857 24.156631430664063 6.9
    endloop
  endfacet
  facet normal -5.691723990870641e-15 3.5021392026782793e-15 -1
    outer loop
      vertex 91.10865543901355 24.459220118838108 6.8999999999999995
      vertex 91.03923048454132 24.6 6.9
      vertex 91.26936534446598 24.97401828641395 6.9
    endloop
  endfacet
  facet normal 0 0 -1
    outer loop
      vertex 91.03923048454132 24.6 6.9
      vertex 91.13137084989847 25.131370849898477 6.9
      vertex 91.26936534446598 24.97401828641395 6.9
    endloop
  endfacet
  facet normal 8.307830882489371e-16 -5.551115123125778e-16 -1
    outer loop
      vertex 91.26936534446598 23.02598171358605 6.9
      vertex 91.38564064605511 24.8 6.8999999999999995
      vertex 91.38564064605511 23.2 6.9
    endloop
  endfacet
  facet normal 1.2804353910990024e-14 0 -1
    outer loop
      vertex 91.2 24 6.8999999999999995
      vertex 91.26936534446598 24.97401828641395 6.9
      vertex 91.26936534446598 23.02598171358605 6.9
    endloop
  endfacet
  facet normal -7.638581947855211e-15 0 -1
    outer loop
      vertex 91.38564064605511 24.8 6.8999999999999995
      vertex 91.26936534446598 23.02598171358605 6.9
      vertex 91.26936534446598 24.97401828641395 6.9
    endloop
  endfacet
  facet normal 0 0 -1
    outer loop
      vertex 91.38564064605511 23.2 6.9
      vertex 91.47820725201805 24.612293491784143 6.9
      vertex 91.47820725201805 23.387706508215857 6.9
    endloop
  endfacet
  facet normal 0 0 -1
    outer loop
      vertex 91.47820725201805 23.387706508215857 6.9
      vertex 91.54548132206251 24.414110472164033 6.9
      vertex 91.54548132206251 23.585889527835967 6.9
    endloop
  endfacet
  facet normal 0 0 -1
    outer loop
      vertex 91.54548132206251 23.585889527835967 6.9
      vertex 91.5863117781981 24.20884190755208 6.9
      vertex 91.5863117781981 23.79115809244792 6.9
    endloop
  endfacet
  facet normal 0 0 -1
    outer loop
      vertex 91.54548132206251 24.414110472164033 6.9
      vertex 91.47820725201805 23.387706508215857 6.9
      vertex 91.47820725201805 24.612293491784143 6.9
    endloop
  endfacet
  facet normal 0 0 -1
    outer loop
      vertex 91.5863117781981 24.20884190755208 6.9
      vertex 91.54548132206251 23.585889527835967 6.9
      vertex 91.54548132206251 24.414110472164033 6.9
    endloop
  endfacet
  facet normal 1.6361556841288203e-14 -1.0723930924262031e-15 -1
    outer loop
      vertex 115.4136882218019 23.79115809244792 6.8999999999999995
      vertex 115.45451867793749 24.414110472164033 6.8999999999999995
      vertex 115.45451867793749 23.585889527835967 6.9
    endloop
  endfacet
  facet normal -1.320238866346454e-14 0 -1
    outer loop
      vertex 115.45451867793749 23.585889527835967 6.9
      vertex 115.52179274798195 24.612293491784143 6.8999999999999995
      vertex 115.52179274798195 23.387706508215857 6.8999999999999995
    endloop
  endfacet
  facet normal 0 0 -1
    outer loop
      vertex 115.4136882218019 23.79115809244792 6.8999999999999995
      vertex 115.4136882218019 24.20884190755208 6.8999999999999995
      vertex 115.45451867793749 24.414110472164033 6.8999999999999995
    endloop
  endfacet
  facet normal 3.1591681778181357e-15 -1.072393092426203e-15 -1
    outer loop
      vertex 115.45451867793749 23.585889527835967 6.9
      vertex 115.45451867793749 24.414110472164033 6.8999999999999995
      vertex 115.52179274798195 24.612293491784143 6.8999999999999995
    endloop
  endfacet
  facet normal 0 0 -1
    outer loop
      vertex 115.52179274798195 23.387706508215857 6.8999999999999995
      vertex 115.61435935394489 24.8 6.8999999999999995
      vertex 115.61435935394489 23.2 6.8999999999999995
    endloop
  endfacet
  facet normal 0 0 -1
    outer loop
      vertex 115.52179274798195 23.387706508215857 6.8999999999999995
      vertex 115.52179274798195 24.612293491784143 6.8999999999999995
      vertex 115.61435935394489 24.8 6.8999999999999995
    endloop
  endfacet
  facet normal 0 0 -1
    outer loop
      vertex 115.61435935394489 23.2 6.8999999999999995
      vertex 115.73063465553402 24.97401828641395 6.8999999999999995
      vertex 115.73063465553402 23.02598171358605 6.8999999999999995
    endloop
  endfacet
  facet normal 1.2804353910990024e-14 0 -1
    outer loop
      vertex 115.8 24 6.9
      vertex 115.73063465553402 23.02598171358605 6.8999999999999995
      vertex 115.73063465553402 24.97401828641395 6.8999999999999995
    endloop
  endfacet
  facet normal 0 0 -1
    outer loop
      vertex 115.61435935394489 23.2 6.8999999999999995
      vertex 115.61435935394489 24.8 6.8999999999999995
      vertex 115.73063465553402 24.97401828641395 6.8999999999999995
    endloop
  endfacet
  facet normal 3.929143689585057e-15 -1.6275046047388216e-15 -1
    outer loop
      vertex 116.5407798811619 22.891344560986457 6.9
      vertex 116.38770650821586 22.52179274798194 6.9
      vertex 116.2 22.6143593539449 6.8999999999999995
    endloop
  endfacet
  facet normal 9.841853912950634e-16 1.9957305479147193e-15 -1
    outer loop
      vertex 116.4 22.960769515458672 6.9
      vertex 116.5407798811619 22.891344560986457 6.9
      vertex 116.2 22.6143593539449 6.8999999999999995
    endloop
  endfacet
  facet normal 1.591318074986707e-15 1.3955484968983343e-15 -1
    outer loop
      vertex 115.96076951545868 23.4 6.9
      vertex 115.86862915010153 22.868629150101523 6.8999999999999995
      vertex 115.73063465553402 23.02598171358605 6.8999999999999995
    endloop
  endfacet
  facet normal 1.4508552059455245e-15 -1.2723658668247788e-15 -1
    outer loop
      vertex 115.89134456098645 24.459220118838108 6.9
      vertex 115.73063465553402 24.97401828641395 6.8999999999999995
      vertex 115.86862915010153 25.131370849898477 6.8999999999999995
    endloop
  endfacet
  facet normal 1.3955484968983145e-15 -1.5913180749867715e-15 -1
    outer loop
      vertex 116.04797599165052 24.730513714810463 6.9
      vertex 115.86862915010153 25.131370849898477 6.8999999999999995
      vertex 116.02598171358605 25.269365344465974 6.8999999999999995
    endloop
  endfacet
  facet normal 1.2362606579552512e-15 -1.8501948248524484e-15 -1
    outer loop
      vertex 116.26948628518953 24.952024008349483 6.9
      vertex 116.02598171358605 25.269365344465974 6.8999999999999995
      vertex 116.2 25.3856406460551 6.8999999999999995
    endloop
  endfacet
  facet normal -7.15270439722141e-16 -2.1071187679811247e-15 -1
    outer loop
      vertex 117.31058285412303 25.159110991546882 6.9
      vertex 117.41411047216404 25.545481322062507 6.8999999999999995
      vertex 117.61229349178414 25.47820725201806 6.8999999999999995
    endloop
  endfacet
  facet normal 6.667712023561272e-15 4.370249350790343e-16 -1
    outer loop
      vertex 118.2 24 6.8999999999999995
      vertex 118.18973383364857 24.156631430664063 6.8999999999999995
      vertex 118.26936534446598 24.97401828641395 6.9
    endloop
  endfacet
  facet normal -3.374032177272451e-15 2.588985947930501e-15 -1
    outer loop
      vertex 116.26948628518953 23.047975991650517 6.9
      vertex 116.2 22.6143593539449 6.8999999999999995
      vertex 116.02598171358605 22.730634655534026 6.9
    endloop
  endfacet
  facet normal 0 0 -1
    outer loop
      vertex 116.15147186257614 23.151471862576145 6.9
      vertex 116.26948628518953 23.047975991650517 6.9
      vertex 116.02598171358605 22.730634655534026 6.9
    endloop
  endfacet
  facet normal 0 0 -1
    outer loop
      vertex 116.68941714587697 22.840889008453118 6.9
      vertex 116.58588952783597 22.45451867793749 6.9
      vertex 116.38770650821586 22.52179274798194 6.9
    endloop
  endfacet
  facet normal 0 0 -1
    outer loop
      vertex 116.68941714587697 22.840889008453118 6.9
      vertex 116.38770650821586 22.52179274798194 6.9
      vertex 116.5407798811619 22.891344560986457 6.9
    endloop
  endfacet
  facet normal 2.14235575143575e-15 1.0564929397525024e-15 -1
    outer loop
      vertex 115.96076951545868 23.4 6.9
      vertex 115.73063465553402 23.02598171358605 6.8999999999999995
      vertex 115.89134456098645 23.540779881161892 6.9
    endloop
  endfacet
  facet normal 6.667712023561272e-15 4.370249350790343e-16 -1
    outer loop
      vertex 115.81026616635143 23.843368569335937 6.9
      vertex 115.73063465553402 23.02598171358605 6.8999999999999995
      vertex 115.8 24 6.9
    endloop
  endfacet
  facet normal 3.666827319804584e-15 7.293773029547824e-16 -1
    outer loop
      vertex 115.84088900845312 23.689417145876973 6.9
      vertex 115.73063465553402 23.02598171358605 6.8999999999999995
      vertex 115.81026616635143 23.843368569335937 6.9
    endloop
  endfacet
  facet normal 2.6476406438358153e-15 8.987528924898148e-16 -1
    outer loop
      vertex 115.89134456098645 23.540779881161892 6.9
      vertex 115.73063465553402 23.02598171358605 6.8999999999999995
      vertex 115.84088900845312 23.689417145876973 6.9
    endloop
  endfacet
  facet normal 2.6476406438358153e-15 -8.987528924898148e-16 -1
    outer loop
      vertex 115.84088900845312 24.310582854123027 6.9
      vertex 115.73063465553402 24.97401828641395 6.8999999999999995
      vertex 115.89134456098645 24.459220118838108 6.9
    endloop
  endfacet
  facet normal 1.986127600462549e-15 -1.3270880348109264e-15 -1
    outer loop
      vertex 115.96076951545868 24.6 6.9
      vertex 115.86862915010153 25.131370849898477 6.8999999999999995
      vertex 116.04797599165052 24.730513714810463 6.9
    endloop
  endfacet
  facet normal 1.4671831620016471e-15 -1.6730017553659727e-15 -1
    outer loop
      vertex 116.15147186257614 24.848528137423855 6.9
      vertex 116.02598171358605 25.269365344465974 6.8999999999999995
      vertex 116.26948628518953 24.952024008349483 6.9
    endloop
  endfacet
  facet normal -7.152704397221792e-16 -2.1071187679810884e-15 -1
    outer loop
      vertex 117.31058285412303 25.159110991546882 6.9
      vertex 117.61229349178414 25.47820725201806 6.8999999999999995
      vertex 117.4592201188381 25.108655439013543 6.9
    endloop
  endfacet
  facet normal 0 0 -1
    outer loop
      vertex 117.6 25.039230484541328 6.9
      vertex 117.4592201188381 25.108655439013543 6.9
      vertex 117.8 25.3856406460551 6.9
    endloop
  endfacet
  facet normal 2.9449582982899617e-15 -3.623235152653503e-15 -1
    outer loop
      vertex 117.4592201188381 25.108655439013543 6.9
      vertex 117.61229349178414 25.47820725201806 6.8999999999999995
      vertex 117.8 25.3856406460551 6.9
    endloop
  endfacet
  facet normal 0 0 -1
    outer loop
      vertex 117.73051371481047 23.047975991650517 6.9
      vertex 117.97401828641395 22.730634655534026 6.9
      vertex 117.8 22.6143593539449 6.9
    endloop
  endfacet
  facet normal 0 0 -1
    outer loop
      vertex 117.73051371481047 23.047975991650517 6.9
      vertex 117.84852813742386 23.151471862576145 6.9
      vertex 117.97401828641395 22.730634655534026 6.9
    endloop
  endfacet
  facet normal 0 0 -1
    outer loop
      vertex 117.95202400834948 23.269486285189537 6.9
      vertex 118.13137084989847 22.868629150101523 6.9
      vertex 117.97401828641395 22.730634655534026 6.9
    endloop
  endfacet
  facet normal 0 0 -1
    outer loop
      vertex 117.95202400834948 23.269486285189537 6.9
      vertex 118.03923048454132 23.4 6.9
      vertex 118.13137084989847 22.868629150101523 6.9
    endloop
  endfacet
  facet normal 0 0 -1
    outer loop
      vertex 117.73051371481047 24.952024008349483 6.9
      vertex 117.97401828641395 25.269365344465974 6.9
      vertex 117.84852813742386 24.848528137423855 6.9
    endloop
  endfacet
  facet normal 0 0 -1
    outer loop
      vertex 117.73051371481047 24.952024008349483 6.9
      vertex 117.8 25.3856406460551 6.9
      vertex 117.97401828641395 25.269365344465974 6.9
    endloop
  endfacet
  facet normal 0 0 -1
    outer loop
      vertex 118.10865543901355 23.540779881161892 6.9
      vertex 118.26936534446598 23.02598171358605 6.9
      vertex 118.13137084989847 22.868629150101523 6.9
    endloop
  endfacet
  facet normal -9.169978702573052e-15 -2.8626877543697652e-15 -1
    outer loop
      vertex 118.10865543901355 23.540779881161892 6.9
      vertex 118.15911099154688 23.689417145876973 6.8999999999999995
      vertex 118.26936534446598 23.02598171358605 6.9
    endloop
  endfacet
  facet normal 0 0 -1
    outer loop
      vertex 118.26936534446598 23.02598171358605 6.9
      vertex 118.38564064605511 24.8 6.9
      vertex 118.38564064605511 23.2 6.9
    endloop
  endfacet
  facet normal 1.2804353910990024e-14 0 -1
    outer loop
      vertex 118.2 24 6.8999999999999995
      vertex 118.26936534446598 24.97401828641395 6.9
      vertex 118.26936534446598 23.02598171358605 6.9
    endloop
  endfacet
  facet normal 0 0 -1
    outer loop
      vertex 118.38564064605511 24.8 6.9
      vertex 118.26936534446598 23.02598171358605 6.9
      vertex 118.26936534446598 24.97401828641395 6.9
    endloop
  endfacet
  facet normal 0 0 -1
    outer loop
      vertex 118.38564064605511 23.2 6.9
      vertex 118.47820725201805 24.612293491784143 6.9
      vertex 118.47820725201805 23.387706508215857 6.9
    endloop
  endfacet
  facet normal 0 0 -1
    outer loop
      vertex 118.47820725201805 24.612293491784143 6.9
      vertex 118.38564064605511 23.2 6.9
      vertex 118.38564064605511 24.8 6.9
    endloop
  endfacet
  facet normal 0 0 -1
    outer loop
      vertex 118.47820725201805 23.387706508215857 6.9
      vertex 118.54548132206251 24.414110472164033 6.9
      vertex 118.54548132206251 23.585889527835967 6.9
    endloop
  endfacet
  facet normal 0 0 -1
    outer loop
      vertex 118.54548132206251 23.585889527835967 6.9
      vertex 118.5863117781981 24.20884190755208 6.9
      vertex 118.5863117781981 23.79115809244792 6.9
    endloop
  endfacet
  facet normal 0 0 -1
    outer loop
      vertex 118.54548132206251 24.414110472164033 6.9
      vertex 118.47820725201805 23.387706508215857 6.9
      vertex 118.47820725201805 24.612293491784143 6.9
    endloop
  endfacet
  facet normal 0 0 -1
    outer loop
      vertex 118.5863117781981 24.20884190755208 6.9
      vertex 118.54548132206251 23.585889527835967 6.9
      vertex 118.54548132206251 24.414110472164033 6.9
    endloop
  endfacet
  facet normal 0 0 -1
    outer loop
      vertex 118.15911099154688 24.310582854123027 6.9
      vertex 118.10865543901355 24.459220118838108 6.9
      vertex 118.26936534446598 24.97401828641395 6.9
    endloop
  endfacet
  facet normal -1.5801758200041458e-14 2.6260469979928127e-15 -1
    outer loop
      vertex 118.18973383364857 24.156631430664063 6.8999999999999995
      vertex 118.15911099154688 24.310582854123027 6.9
      vertex 118.26936534446598 24.97401828641395 6.9
    endloop
  endfacet
  facet normal 0 0 -1
    outer loop
      vertex 118.10865543901355 24.459220118838108 6.9
      vertex 118.03923048454132 24.6 6.9
      vertex 118.26936534446598 24.97401828641395 6.9
    endloop
  endfacet
  facet normal 3.782474504170396e-15 -2.327370804598683e-15 -1
    outer loop
      vertex 118.03923048454132 24.6 6.9
      vertex 118.13137084989847 25.131370849898477 6.8999999999999995
      vertex 118.26936534446598 24.97401828641395 6.9
    endloop
  endfacet
  facet normal 0 0 1
    outer loop
      vertex 88.73063465553402 -54.97401828641395 6.8999999999999995
      vertex 88.61435935394489 -53.2 6.8999999999999995
      vertex 88.61435935394489 -54.8 6.8999999999999995
    endloop
  endfacet
  facet normal 0 0 1
    outer loop
      vertex 88.73063465553402 -54.97401828641395 6.8999999999999995
      vertex 88.86862915010153 -55.131370849898474 6.8999999999999995
      vertex 88.73063465553402 -53.02598171358605 6.8999999999999995
    endloop
  endfacet
  facet normal 0 0 1
    outer loop
      vertex 88.45451867793749 -54.41411047216403 6.8999999999999995
      vertex 88.4136882218019 -53.791158092447915 6.8999999999999995
      vertex 88.4136882218019 -54.208841907552085 6.8999999999999995
    endloop
  endfacet
  facet normal 0 0 1
    outer loop
      vertex 88.52179274798195 -54.61229349178414 6.8999999999999995
      vertex 88.45451867793749 -53.58588952783597 6.8999999999999995
      vertex 88.45451867793749 -54.41411047216403 6.8999999999999995
    endloop
  endfacet
  facet normal 0 0 1
    outer loop
      vertex 88.45451867793749 -54.41411047216403 6.8999999999999995
      vertex 88.45451867793749 -53.58588952783597 6.8999999999999995
      vertex 88.4136882218019 -53.791158092447915 6.8999999999999995
    endloop
  endfacet
  facet normal 0 0 1
    outer loop
      vertex 88.52179274798195 -54.61229349178414 6.8999999999999995
      vertex 88.52179274798195 -53.38770650821586 6.8999999999999995
      vertex 88.45451867793749 -53.58588952783597 6.8999999999999995
    endloop
  endfacet
  facet normal 0 0 1
    outer loop
      vertex 88.61435935394489 -54.8 6.8999999999999995
      vertex 88.52179274798195 -53.38770650821586 6.8999999999999995
      vertex 88.52179274798195 -54.61229349178414 6.8999999999999995
    endloop
  endfacet
  facet normal 0 0 1
    outer loop
      vertex 88.61435935394489 -54.8 6.8999999999999995
      vertex 88.61435935394489 -53.2 6.8999999999999995
      vertex 88.52179274798195 -53.38770650821586 6.8999999999999995
    endloop
  endfacet
  facet normal 0 0 1
    outer loop
      vertex 88.73063465553402 -54.97401828641395 6.8999999999999995
      vertex 88.73063465553402 -53.02598171358605 6.8999999999999995
      vertex 88.61435935394489 -53.2 6.8999999999999995
    endloop
  endfacet
  facet normal -1.607617124697933e-13 -1.0536879323378515e-14 1
    outer loop
      vertex 88.86862915010153 -55.131370849898474 6.8999999999999995
      vertex 88.81026616635143 -54.15663143066406 6.9
      vertex 88.73063465553402 -53.02598171358605 6.8999999999999995
    endloop
  endfacet
  facet normal -1.395548496898349e-15 -1.59131807498677e-15 1
    outer loop
      vertex 88.86862915010153 -55.131370849898474 6.8999999999999995
      vertex 89.02598171358605 -55.269365344465974 6.8999999999999995
      vertex 89.04797599165052 -54.73051371481046 6.9
    endloop
  endfacet
  facet normal -9.841853912950871e-16 1.995730547914665e-15 1
    outer loop
      vertex 89.2 -52.6143593539449 6.8999999999999995
      vertex 89.4 -52.96076951545868 6.9
      vertex 89.38770650821586 -52.52179274798194 6.8999999999999995
    endloop
  endfacet
  facet normal -1.160464307517039e-12 -8.173134849940587e-14 1
    outer loop
      vertex 91.26936534446598 -54.97401828641395 6.9
      vertex 91.18973383364857 -53.84336856933594 6.9
      vertex 91.2 -54 6.8999999999999995
    endloop
  endfacet
  facet normal 9.465183995665191e-15 -1.6412746610016404e-15 1
    outer loop
      vertex 91.13137084989847 -52.868629150101526 6.9
      vertex 91.03923048454132 -53.4 6.9
      vertex 91.10865543901355 -53.54077988116189 6.8999999999999995
    endloop
  endfacet
  facet normal 5.431858397212885e-15 4.907686313964769e-16 1
    outer loop
      vertex 90.8 -52.6143593539449 6.9
      vertex 90.84852813742386 -53.151471862576145 6.9
      vertex 90.97401828641395 -52.730634655534026 6.8999999999999995
    endloop
  endfacet
  facet normal -1.1256547927049324e-15 5.551115123125802e-16 1
    outer loop
      vertex 91.38564064605511 -54.8 6.9
      vertex 91.47820725201805 -54.61229349178414 6.9
      vertex 91.38564064605511 -53.2 6.8999999999999995
    endloop
  endfacet
  facet normal -9.595019828810433e-15 0 1
    outer loop
      vertex 91.47820725201805 -54.61229349178414 6.9
      vertex 91.47820725201805 -53.38770650821586 6.9
      vertex 91.38564064605511 -53.2 6.8999999999999995
    endloop
  endfacet
  facet normal -3.540254261719379e-15 -1.2017543865998001e-15 1
    outer loop
      vertex 88.86862915010153 -55.131370849898474 6.8999999999999995
      vertex 88.89134456098645 -54.45922011883811 6.9
      vertex 88.84088900845312 -54.31058285412303 6.9
    endloop
  endfacet
  facet normal -6.553625622199092e-15 -1.3035971874316882e-15 1
    outer loop
      vertex 88.86862915010153 -55.131370849898474 6.8999999999999995
      vertex 88.84088900845312 -54.31058285412303 6.9
      vertex 88.81026616635143 -54.15663143066406 6.9
    endloop
  endfacet
  facet normal -1.607617124698168e-13 -1.0536879323380164e-14 1
    outer loop
      vertex 88.73063465553402 -53.02598171358605 6.8999999999999995
      vertex 88.81026616635143 -54.15663143066406 6.9
      vertex 88.8 -54 6.9
    endloop
  endfacet
  facet normal -1.795916255586533e-15 -1.5749762856555108e-15 1
    outer loop
      vertex 89.02598171358605 -55.269365344465974 6.8999999999999995
      vertex 89.15147186257614 -54.848528137423855 6.9
      vertex 89.04797599165052 -54.73051371481046 6.9
    endloop
  endfacet
  facet normal -2.507678918291755e-15 -1.2366503885108614e-15 1
    outer loop
      vertex 88.86862915010153 -55.131370849898474 6.8999999999999995
      vertex 88.96076951545868 -54.6 6.9
      vertex 88.89134456098645 -54.45922011883811 6.9
    endloop
  endfacet
  facet normal -1.9861276004625595e-15 -1.3270880348109333e-15 1
    outer loop
      vertex 88.86862915010153 -55.131370849898474 6.8999999999999995
      vertex 89.04797599165052 -54.73051371481046 6.9
      vertex 88.96076951545868 -54.6 6.9
    endloop
  endfacet
  facet normal -5.431858397212885e-15 -4.907686313964769e-16 1
    outer loop
      vertex 89.02598171358605 -55.269365344465974 6.8999999999999995
      vertex 89.2 -55.3856406460551 6.9
      vertex 89.15147186257614 -54.848528137423855 6.9
    endloop
  endfacet
  facet normal 0 0 1
    outer loop
      vertex 89.2 -55.3856406460551 6.9
      vertex 89.26948628518953 -54.95202400834948 6.9
      vertex 89.15147186257614 -54.848528137423855 6.9
    endloop
  endfacet
  facet normal 3.683097341761275e-15 -2.1264372417175088e-15 1
    outer loop
      vertex 89.38770650821586 -55.47820725201806 6.8999999999999995
      vertex 89.4 -55.03923048454133 6.9
      vertex 89.2 -55.3856406460551 6.9
    endloop
  endfacet
  facet normal 0 0 1
    outer loop
      vertex 89.2 -55.3856406460551 6.9
      vertex 89.4 -55.03923048454133 6.9
      vertex 89.26948628518953 -54.95202400834948 6.9
    endloop
  endfacet
  facet normal -1.236260657955069e-15 1.8501948248524776e-15 1
    outer loop
      vertex 89.2 -52.6143593539449 6.8999999999999995
      vertex 89.26948628518953 -53.04797599165052 6.9
      vertex 89.4 -52.96076951545868 6.9
    endloop
  endfacet
  facet normal -9.841853912951027e-16 -1.9957305479146968e-15 1
    outer loop
      vertex 89.38770650821586 -55.47820725201806 6.8999999999999995
      vertex 89.5407798811619 -55.108655439013546 6.9
      vertex 89.4 -55.03923048454133 6.9
    endloop
  endfacet
  facet normal -4.64441412930701e-15 -4.796141632423647e-16 1
    outer loop
      vertex 89.38770650821586 -55.47820725201806 6.8999999999999995
      vertex 89.58588952783597 -55.54548132206251 6.9
      vertex 89.5407798811619 -55.108655439013546 6.9
    endloop
  endfacet
  facet normal 0 0 1
    outer loop
      vertex 89.58588952783597 -55.54548132206251 6.9
      vertex 89.68941714587697 -55.15911099154688 6.9
      vertex 89.5407798811619 -55.108655439013546 6.9
    endloop
  endfacet
  facet normal 0 0 1
    outer loop
      vertex 90.61229349178414 -55.47820725201806 6.9
      vertex 90.8 -55.3856406460551 6.9
      vertex 90.6 -55.03923048454132 6.9
    endloop
  endfacet
  facet normal 0 0 1
    outer loop
      vertex 90.8 -55.3856406460551 6.9
      vertex 90.73051371481047 -54.95202400834948 6.9
      vertex 90.6 -55.03923048454132 6.9
    endloop
  endfacet
  facet normal 1.795916255586533e-15 1.5749762856555108e-15 1
    outer loop
      vertex 90.97401828641395 -52.730634655534026 6.8999999999999995
      vertex 90.84852813742386 -53.151471862576145 6.9
      vertex 90.95202400834948 -53.26948628518954 6.9
    endloop
  endfacet
  facet normal 0 0 1
    outer loop
      vertex 91.26936534446598 -54.97401828641395 6.9
      vertex 91.13137084989847 -52.868629150101526 6.9
      vertex 91.18973383364857 -53.84336856933594 6.9
    endloop
  endfacet
  facet normal 0 0 1
    outer loop
      vertex 91.13137084989847 -52.868629150101526 6.9
      vertex 90.95202400834948 -53.26948628518954 6.9
      vertex 91.03923048454132 -53.4 6.9
    endloop
  endfacet
  facet normal -1.95495941450626e-14 -6.607169129472676e-16 1
    outer loop
      vertex 91.13137084989847 -52.868629150101526 6.9
      vertex 91.10865543901355 -53.54077988116189 6.8999999999999995
      vertex 91.15911099154688 -53.68941714587697 6.9
    endloop
  endfacet
  facet normal 0 0 1
    outer loop
      vertex 91.13137084989847 -52.868629150101526 6.9
      vertex 91.15911099154688 -53.68941714587697 6.9
      vertex 91.18973383364857 -53.84336856933594 6.9
    endloop
  endfacet
  facet normal 0 0 1
    outer loop
      vertex 91.26936534446598 -54.97401828641395 6.9
      vertex 91.26936534446598 -53.02598171358605 6.9
      vertex 91.13137084989847 -52.868629150101526 6.9
    endloop
  endfacet
  facet normal 7.15270439722153e-16 2.10711876798116e-15 1
    outer loop
      vertex 90.41411047216404 -52.4545186779375 6.8999999999999995
      vertex 90.31058285412303 -52.84088900845312 6.9
      vertex 90.4592201188381 -52.891344560986454 6.9
    endloop
  endfacet
  facet normal -3.929143689585213e-15 1.627504604738902e-15 1
    outer loop
      vertex 90.41411047216404 -52.4545186779375 6.8999999999999995
      vertex 90.4592201188381 -52.891344560986454 6.9
      vertex 90.61229349178414 -52.52179274798194 6.9
    endloop
  endfacet
  facet normal 0 0 1
    outer loop
      vertex 90.61229349178414 -52.52179274798194 6.9
      vertex 90.4592201188381 -52.891344560986454 6.9
      vertex 90.6 -52.96076951545867 6.9
    endloop
  endfacet
  facet normal 0 0 1
    outer loop
      vertex 90.8 -52.6143593539449 6.9
      vertex 90.6 -52.96076951545867 6.9
      vertex 90.73051371481047 -53.04797599165052 6.9
    endloop
  endfacet
  facet normal 0 0 1
    outer loop
      vertex 90.8 -52.6143593539449 6.9
      vertex 90.61229349178414 -52.52179274798194 6.9
      vertex 90.6 -52.96076951545867 6.9
    endloop
  endfacet
  facet normal 0 0 1
    outer loop
      vertex 90.8 -52.6143593539449 6.9
      vertex 90.73051371481047 -53.04797599165052 6.9
      vertex 90.84852813742386 -53.151471862576145 6.9
    endloop
  endfacet
  facet normal -4.053897759445834e-15 1.8137478305319766e-15 1
    outer loop
      vertex 91.13137084989847 -52.868629150101526 6.9
      vertex 90.97401828641395 -52.730634655534026 6.8999999999999995
      vertex 90.95202400834948 -53.26948628518954 6.9
    endloop
  endfacet
  facet normal 0 0 1
    outer loop
      vertex 91.26936534446598 -54.97401828641395 6.9
      vertex 91.38564064605511 -54.8 6.9
      vertex 91.26936534446598 -53.02598171358605 6.9
    endloop
  endfacet
  facet normal 8.46936503610417e-15 5.551115123125802e-16 1
    outer loop
      vertex 91.38564064605511 -54.8 6.9
      vertex 91.38564064605511 -53.2 6.8999999999999995
      vertex 91.26936534446598 -53.02598171358605 6.9
    endloop
  endfacet
  facet normal 0 0 1
    outer loop
      vertex 91.47820725201805 -54.61229349178414 6.9
      vertex 91.54548132206251 -54.41411047216403 6.9
      vertex 91.47820725201805 -53.38770650821586 6.9
    endloop
  endfacet
  facet normal 0 0 1
    outer loop
      vertex 91.54548132206251 -54.41411047216403 6.9
      vertex 91.5863117781981 -54.208841907552085 6.9
      vertex 91.54548132206251 -53.58588952783597 6.9
    endloop
  endfacet
  facet normal 0 0 1
    outer loop
      vertex 91.54548132206251 -54.41411047216403 6.9
      vertex 91.54548132206251 -53.58588952783597 6.9
      vertex 91.47820725201805 -53.38770650821586 6.9
    endloop
  endfacet
  facet normal 0 0 1
    outer loop
      vertex 91.5863117781981 -54.208841907552085 6.9
      vertex 91.5863117781981 -53.791158092447915 6.9
      vertex 91.54548132206251 -53.58588952783597 6.9
    endloop
  endfacet
  facet normal 0 0 1
    outer loop
      vertex 115.73063465553402 -54.97401828641395 6.8999999999999995
      vertex 115.61435935394489 -53.2 6.8999999999999995
      vertex 115.61435935394489 -54.8 6.8999999999999995
    endloop
  endfacet
  facet normal -2.1752840985926357e-14 0 1
    outer loop
      vertex 115.45451867793749 -54.41411047216403 6.9
      vertex 115.4136882218019 -53.791158092447915 6.8999999999999995
      vertex 115.4136882218019 -54.208841907552085 6.8999999999999995
    endloop
  endfacet
  facet normal 1.6361556841282675e-14 1.072393092426203e-15 1
    outer loop
      vertex 115.45451867793749 -54.41411047216403 6.9
      vertex 115.52179274798195 -54.61229349178414 6.8999999999999995
      vertex 115.45451867793749 -53.58588952783597 6.8999999999999995
    endloop
  endfacet
  facet normal -5.391284144638062e-15 1.0723930924262031e-15 1
    outer loop
      vertex 115.45451867793749 -54.41411047216403 6.9
      vertex 115.45451867793749 -53.58588952783597 6.8999999999999995
      vertex 115.4136882218019 -53.791158092447915 6.8999999999999995
    endloop
  endfacet
  facet normal 0 0 1
    outer loop
      vertex 115.52179274798195 -54.61229349178414 6.8999999999999995
      vertex 115.52179274798195 -53.38770650821586 6.8999999999999995
      vertex 115.45451867793749 -53.58588952783597 6.8999999999999995
    endloop
  endfacet
  facet normal 0 0 1
    outer loop
      vertex 115.61435935394489 -54.8 6.8999999999999995
      vertex 115.52179274798195 -53.38770650821586 6.8999999999999995
      vertex 115.52179274798195 -54.61229349178414 6.8999999999999995
    endloop
  endfacet
  facet normal 0 0 1
    outer loop
      vertex 115.61435935394489 -54.8 6.8999999999999995
      vertex 115.61435935394489 -53.2 6.8999999999999995
      vertex 115.52179274798195 -53.38770650821586 6.8999999999999995
    endloop
  endfacet
  facet normal 0 0 1
    outer loop
      vertex 115.73063465553402 -54.97401828641395 6.8999999999999995
      vertex 115.73063465553402 -53.02598171358605 6.8999999999999995
      vertex 115.61435935394489 -53.2 6.8999999999999995
    endloop
  endfacet
  facet normal 0 0 1
    outer loop
      vertex 115.86862915010153 -55.131370849898474 6.8999999999999995
      vertex 115.73063465553402 -53.02598171358605 6.8999999999999995
      vertex 115.73063465553402 -54.97401828641395 6.8999999999999995
    endloop
  endfacet
  facet normal -1.607617124697933e-13 -1.0536879323378515e-14 1
    outer loop
      vertex 115.86862915010153 -55.131370849898474 6.8999999999999995
      vertex 115.81026616635143 -54.15663143066406 6.9
      vertex 115.73063465553402 -53.02598171358605 6.8999999999999995
    endloop
  endfacet
  facet normal -1.2833620171899475e-15 1.1254782825745549e-15 1
    outer loop
      vertex 115.73063465553402 -53.02598171358605 6.8999999999999995
      vertex 115.84088900845312 -53.68941714587697 6.9
      vertex 115.86862915010153 -52.868629150101526 6.8999999999999995
    endloop
  endfacet
  facet normal -1.2723658668247794e-15 1.4508552059455673e-15 1
    outer loop
      vertex 115.86862915010153 -52.868629150101526 6.8999999999999995
      vertex 115.96076951545868 -53.4 6.9
      vertex 116.02598171358605 -52.730634655534026 6.8999999999999995
    endloop
  endfacet
  facet normal -1.1759006971088395e-15 1.7598597596154455e-15 1
    outer loop
      vertex 116.02598171358605 -52.730634655534026 6.8999999999999995
      vertex 116.15147186257614 -53.151471862576145 6.9
      vertex 116.2 -52.6143593539449 6.8999999999999995
    endloop
  endfacet
  facet normal 7.152704397220747e-16 2.107118767981152e-15 1
    outer loop
      vertex 117.41411047216404 -52.4545186779375 6.8999999999999995
      vertex 117.4592201188381 -52.891344560986454 6.9
      vertex 117.61229349178414 -52.52179274798194 6.8999999999999995
    endloop
  endfacet
  facet normal -1.2833620171899475e-15 1.125478282574555e-15 1
    outer loop
      vertex 118.13137084989847 -55.131370849898474 6.9
      vertex 118.26936534446598 -54.97401828641395 6.9
      vertex 118.15911099154688 -54.31058285412303 6.8999999999999995
    endloop
  endfacet
  facet normal -1.607617124698168e-13 -1.0536879323380164e-14 1
    outer loop
      vertex 118.26936534446598 -54.97401828641395 6.9
      vertex 118.18973383364857 -53.84336856933594 6.8999999999999995
      vertex 118.2 -54 6.8999999999999995
    endloop
  endfacet
  facet normal -7.44284158900885e-14 -4.456436603898482e-15 1
    outer loop
      vertex 118.26936534446598 -54.97401828641395 6.9
      vertex 118.13137084989847 -52.868629150101526 6.8999999999999995
      vertex 118.18973383364857 -53.84336856933594 6.8999999999999995
    endloop
  endfacet
  facet normal 4.149410956609232e-14 2.4844794357786797e-15 1
    outer loop
      vertex 118.13137084989847 -52.868629150101526 6.8999999999999995
      vertex 118.15911099154688 -53.68941714587697 6.9
      vertex 118.18973383364857 -53.84336856933594 6.8999999999999995
    endloop
  endfacet
  facet normal -6.436332278934668e-15 0 1
    outer loop
      vertex 118.26936534446598 -54.97401828641395 6.9
      vertex 118.26936534446598 -53.02598171358605 6.9
      vertex 118.13137084989847 -52.868629150101526 6.8999999999999995
    endloop
  endfacet
  facet normal -3.540254261719379e-15 -1.2017543865998001e-15 1
    outer loop
      vertex 115.86862915010153 -55.131370849898474 6.8999999999999995
      vertex 115.89134456098645 -54.45922011883811 6.9
      vertex 115.84088900845312 -54.31058285412303 6.9
    endloop
  endfacet
  facet normal -6.553625622199092e-15 -1.3035971874316882e-15 1
    outer loop
      vertex 115.86862915010153 -55.131370849898474 6.8999999999999995
      vertex 115.84088900845312 -54.31058285412303 6.9
      vertex 115.81026616635143 -54.15663143066406 6.9
    endloop
  endfacet
  facet normal -2.507678918291755e-15 -1.2366503885108614e-15 1
    outer loop
      vertex 115.86862915010153 -55.131370849898474 6.8999999999999995
      vertex 115.96076951545868 -54.6 6.9
      vertex 115.89134456098645 -54.45922011883811 6.9
    endloop
  endfacet
  facet normal 0 0 1
    outer loop
      vertex 116.2 -55.3856406460551 6.9
      vertex 116.15147186257614 -54.848528137423855 6.9
      vertex 116.02598171358605 -55.269365344465974 6.9
    endloop
  endfacet
  facet normal 0 0 1
    outer loop
      vertex 116.2 -55.3856406460551 6.9
      vertex 116.26948628518953 -54.95202400834948 6.9
      vertex 116.15147186257614 -54.848528137423855 6.9
    endloop
  endfacet
  facet normal -1.607617124698168e-13 -1.0536879323380164e-14 1
    outer loop
      vertex 115.73063465553402 -53.02598171358605 6.8999999999999995
      vertex 115.81026616635143 -54.15663143066406 6.9
      vertex 115.8 -54 6.9
    endloop
  endfacet
  facet normal -3.540254261719379e-15 1.2017543865998001e-15 1
    outer loop
      vertex 115.86862915010153 -52.868629150101526 6.8999999999999995
      vertex 115.84088900845312 -53.68941714587697 6.9
      vertex 115.89134456098645 -53.54077988116189 6.9
    endloop
  endfacet
  facet normal -2.324810111196393e-15 1.5533884535201437e-15 1
    outer loop
      vertex 116.02598171358605 -52.730634655534026 6.8999999999999995
      vertex 115.96076951545868 -53.4 6.9
      vertex 116.04797599165052 -53.26948628518954 6.9
    endloop
  endfacet
  facet normal 0 0 1
    outer loop
      vertex 116.2 -55.3856406460551 6.9
      vertex 116.38770650821586 -55.47820725201806 6.9
      vertex 116.4 -55.03923048454133 6.9
    endloop
  endfacet
  facet normal 0 0 1
    outer loop
      vertex 116.38770650821586 -55.47820725201806 6.9
      vertex 116.5407798811619 -55.108655439013546 6.9
      vertex 116.4 -55.03923048454133 6.9
    endloop
  endfacet
  facet normal 0 0 1
    outer loop
      vertex 116.58588952783597 -55.54548132206251 6.9
      vertex 116.5407798811619 -55.108655439013546 6.9
      vertex 116.38770650821586 -55.47820725201806 6.9
    endloop
  endfacet
  facet normal 0 0 1
    outer loop
      vertex 116.58588952783597 -55.54548132206251 6.9
      vertex 116.68941714587697 -55.15911099154688 6.9
      vertex 116.5407798811619 -55.108655439013546 6.9
    endloop
  endfacet
  facet normal -1.5749762856556437e-15 1.7959162555865765e-15 1
    outer loop
      vertex 116.2 -52.6143593539449 6.8999999999999995
      vertex 116.15147186257614 -53.151471862576145 6.9
      vertex 116.26948628518953 -53.04797599165052 6.9
    endloop
  endfacet
  facet normal 7.15270439722153e-16 2.10711876798116e-15 1
    outer loop
      vertex 117.41411047216404 -52.4545186779375 6.8999999999999995
      vertex 117.31058285412303 -52.84088900845312 6.9
      vertex 117.4592201188381 -52.891344560986454 6.9
    endloop
  endfacet
  facet normal 9.841853912951027e-16 1.9957305479146968e-15 1
    outer loop
      vertex 117.61229349178414 -52.52179274798194 6.8999999999999995
      vertex 117.4592201188381 -52.891344560986454 6.9
      vertex 117.6 -52.96076951545867 6.9
    endloop
  endfacet
  facet normal 0 0 1
    outer loop
      vertex 117.8 -55.3856406460551 6.9
      vertex 117.84852813742386 -54.848528137423855 6.9
      vertex 117.73051371481047 -54.95202400834948 6.9
    endloop
  endfacet
  facet normal 0 0 1
    outer loop
      vertex 117.8 -55.3856406460551 6.9
      vertex 117.97401828641395 -55.269365344465974 6.9
      vertex 117.84852813742386 -54.848528137423855 6.9
    endloop
  endfacet
  facet normal 0 0 1
    outer loop
      vertex 117.97401828641395 -55.269365344465974 6.9
      vertex 118.13137084989847 -55.131370849898474 6.9
      vertex 118.03923048454132 -54.6 6.9
    endloop
  endfacet
  facet normal 0 0 1
    outer loop
      vertex 117.97401828641395 -55.269365344465974 6.9
      vertex 118.03923048454132 -54.6 6.9
      vertex 117.95202400834948 -54.73051371481046 6.9
    endloop
  endfacet
  facet normal 2.507678918291755e-15 1.2366503885108614e-15 1
    outer loop
      vertex 118.13137084989847 -52.868629150101526 6.8999999999999995
      vertex 118.03923048454132 -53.4 6.9
      vertex 118.10865543901355 -53.54077988116189 6.9
    endloop
  endfacet
  facet normal 1.6009339883343222e-14 5.410374736525325e-16 1
    outer loop
      vertex 118.13137084989847 -55.131370849898474 6.9
      vertex 118.15911099154688 -54.31058285412303 6.8999999999999995
      vertex 118.10865543901355 -54.45922011883811 6.9
    endloop
  endfacet
  facet normal 0 0 1
    outer loop
      vertex 118.26936534446598 -54.97401828641395 6.9
      vertex 118.38564064605511 -54.8 6.9
      vertex 118.26936534446598 -53.02598171358605 6.9
    endloop
  endfacet
  facet normal 0 0 1
    outer loop
      vertex 118.38564064605511 -54.8 6.9
      vertex 118.38564064605511 -53.2 6.9
      vertex 118.26936534446598 -53.02598171358605 6.9
    endloop
  endfacet
  facet normal 3.540254261719379e-15 1.2017543865998001e-15 1
    outer loop
      vertex 118.13137084989847 -52.868629150101526 6.8999999999999995
      vertex 118.10865543901355 -53.54077988116189 6.9
      vertex 118.15911099154688 -53.68941714587697 6.9
    endloop
  endfacet
  facet normal 0 0 1
    outer loop
      vertex 118.38564064605511 -54.8 6.9
      vertex 118.47820725201805 -54.61229349178414 6.9
      vertex 118.38564064605511 -53.2 6.9
    endloop
  endfacet
  facet normal 0 0 1
    outer loop
      vertex 118.47820725201805 -54.61229349178414 6.9
      vertex 118.47820725201805 -53.38770650821586 6.9
      vertex 118.38564064605511 -53.2 6.9
    endloop
  endfacet
  facet normal 0 0 1
    outer loop
      vertex 118.47820725201805 -54.61229349178414 6.9
      vertex 118.54548132206251 -54.41411047216403 6.9
      vertex 118.47820725201805 -53.38770650821586 6.9
    endloop
  endfacet
  facet normal 0 0 1
    outer loop
      vertex 118.54548132206251 -54.41411047216403 6.9
      vertex 118.5863117781981 -54.208841907552085 6.9
      vertex 118.54548132206251 -53.58588952783597 6.9
    endloop
  endfacet
  facet normal 0 0 1
    outer loop
      vertex 118.54548132206251 -54.41411047216403 6.9
      vertex 118.54548132206251 -53.58588952783597 6.9
      vertex 118.47820725201805 -53.38770650821586 6.9
    endloop
  endfacet
  facet normal 0 0 1
    outer loop
      vertex 118.5863117781981 -54.208841907552085 6.9
      vertex 118.5863117781981 -53.791158092447915 6.9
      vertex 118.54548132206251 -53.58588952783597 6.9
    endloop
  endfacet
  facet normal -3.683097341761275e-15 2.1264372417175088e-15 1
    outer loop
      vertex 117.61229349178414 -52.52179274798194 6.8999999999999995
      vertex 117.6 -52.96076951545867 6.9
      vertex 117.8 -52.6143593539449 6.9
    endloop
  endfacet
  facet normal 0 0 1
    outer loop
      vertex 117.8 -52.6143593539449 6.9
      vertex 117.73051371481047 -53.04797599165052 6.9
      vertex 117.84852813742386 -53.151471862576145 6.9
    endloop
  endfacet
  facet normal 0 0 1
    outer loop
      vertex 117.8 -52.6143593539449 6.9
      vertex 117.84852813742386 -53.151471862576145 6.9
      vertex 117.97401828641395 -52.730634655534026 6.9
    endloop
  endfacet
  facet normal 0 0 1
    outer loop
      vertex 88.45451867793749 23.585889527835967 6.8999999999999995
      vertex 88.4136882218019 24.20884190755208 6.8999999999999995
      vertex 88.4136882218019 23.79115809244792 6.8999999999999995
    endloop
  endfacet
  facet normal 0 0 1
    outer loop
      vertex 88.52179274798195 23.387706508215857 6.8999999999999995
      vertex 88.45451867793749 24.414110472164033 6.8999999999999995
      vertex 88.45451867793749 23.585889527835967 6.8999999999999995
    endloop
  endfacet
  facet normal 0 0 1
    outer loop
      vertex 88.45451867793749 23.585889527835967 6.8999999999999995
      vertex 88.45451867793749 24.414110472164033 6.8999999999999995
      vertex 88.4136882218019 24.20884190755208 6.8999999999999995
    endloop
  endfacet
  facet normal 0 0 1
    outer loop
      vertex 88.52179274798195 23.387706508215857 6.8999999999999995
      vertex 88.52179274798195 24.612293491784143 6.8999999999999995
      vertex 88.45451867793749 24.414110472164033 6.8999999999999995
    endloop
  endfacet
  facet normal 0 0 1
    outer loop
      vertex 88.61435935394489 23.2 6.8999999999999995
      vertex 88.52179274798195 24.612293491784143 6.8999999999999995
      vertex 88.52179274798195 23.387706508215857 6.8999999999999995
    endloop
  endfacet
  facet normal 0 0 1
    outer loop
      vertex 88.61435935394489 23.2 6.8999999999999995
      vertex 88.61435935394489 24.8 6.8999999999999995
      vertex 88.52179274798195 24.612293491784143 6.8999999999999995
    endloop
  endfacet
  facet normal 0 0 1
    outer loop
      vertex 88.73063465553402 23.02598171358605 6.8999999999999995
      vertex 88.86862915010153 22.868629150101523 6.8999999999999995
      vertex 88.73063465553402 24.97401828641395 6.8999999999999995
    endloop
  endfacet
  facet normal 0 0 1
    outer loop
      vertex 88.73063465553402 23.02598171358605 6.8999999999999995
      vertex 88.61435935394489 24.8 6.8999999999999995
      vertex 88.61435935394489 23.2 6.8999999999999995
    endloop
  endfacet
  facet normal 0 0 1
    outer loop
      vertex 88.73063465553402 23.02598171358605 6.8999999999999995
      vertex 88.73063465553402 24.97401828641395 6.8999999999999995
      vertex 88.61435935394489 24.8 6.8999999999999995
    endloop
  endfacet
  facet normal -1.6076171246978955e-13 -1.0536879323378251e-14 1
    outer loop
      vertex 88.86862915010153 22.868629150101523 6.8999999999999995
      vertex 88.81026616635143 23.843368569335937 6.9
      vertex 88.73063465553402 24.97401828641395 6.8999999999999995
    endloop
  endfacet
  facet normal -1.2833620171899718e-15 1.125478282574551e-15 1
    outer loop
      vertex 88.73063465553402 24.97401828641395 6.8999999999999995
      vertex 88.84088900845312 24.310582854123027 6.9
      vertex 88.86862915010153 25.131370849898477 6.8999999999999995
    endloop
  endfacet
  facet normal -1.2723658668247437e-15 1.4508552059455637e-15 1
    outer loop
      vertex 88.86862915010153 25.131370849898477 6.8999999999999995
      vertex 88.96076951545868 24.6 6.9
      vertex 89.02598171358605 25.269365344465974 6.8999999999999995
    endloop
  endfacet
  facet normal -1.1759006971088395e-15 1.7598597596154455e-15 1
    outer loop
      vertex 89.02598171358605 25.269365344465974 6.8999999999999995
      vertex 89.15147186257614 24.848528137423855 6.9
      vertex 89.2 25.3856406460551 6.8999999999999995
    endloop
  endfacet
  facet normal -1.2833620171899718e-15 1.125478282574551e-15 1
    outer loop
      vertex 91.13137084989847 22.868629150101523 6.9
      vertex 91.26936534446598 23.02598171358605 6.9
      vertex 91.15911099154688 23.689417145876973 6.8999999999999995
    endloop
  endfacet
  facet normal -1.160464307517039e-12 -8.173134849940587e-14 1
    outer loop
      vertex 91.26936534446598 23.02598171358605 6.9
      vertex 91.18973383364857 24.156631430664063 6.9
      vertex 91.2 24 6.8999999999999995
    endloop
  endfacet
  facet normal 1.1759006971088395e-15 1.7598597596154455e-15 1
    outer loop
      vertex 90.8 25.3856406460551 6.8999999999999995
      vertex 90.84852813742386 24.848528137423855 6.9
      vertex 90.97401828641395 25.269365344465974 6.8999999999999995
    endloop
  endfacet
  facet normal 9.465183995665144e-15 -1.6412746610016213e-15 1
    outer loop
      vertex 91.13137084989847 25.131370849898477 6.9
      vertex 91.03923048454132 24.6 6.9
      vertex 91.10865543901355 24.459220118838108 6.8999999999999995
    endloop
  endfacet
  facet normal -1.1256547927049486e-15 5.551115123125778e-16 1
    outer loop
      vertex 91.38564064605511 23.2 6.9
      vertex 91.47820725201805 23.387706508215857 6.9
      vertex 91.38564064605511 24.8 6.8999999999999995
    endloop
  endfacet
  facet normal -9.595019828810433e-15 0 1
    outer loop
      vertex 91.47820725201805 23.387706508215857 6.9
      vertex 91.47820725201805 24.612293491784143 6.9
      vertex 91.38564064605511 24.8 6.8999999999999995
    endloop
  endfacet
  facet normal -5.431858397212885e-15 -4.907686313964769e-16 1
    outer loop
      vertex 89.02598171358605 22.730634655534026 6.8999999999999995
      vertex 89.2 22.6143593539449 6.9
      vertex 89.15147186257614 23.151471862576145 6.9
    endloop
  endfacet
  facet normal 0 0 1
    outer loop
      vertex 89.2 22.6143593539449 6.9
      vertex 89.26948628518953 23.047975991650517 6.9
      vertex 89.15147186257614 23.151471862576145 6.9
    endloop
  endfacet
  facet normal 0 0 1
    outer loop
      vertex 89.38770650821586 22.52179274798194 6.9
      vertex 89.4 22.960769515458672 6.9
      vertex 89.2 22.6143593539449 6.9
    endloop
  endfacet
  facet normal -6.553625622199057e-15 -1.3035971874316813e-15 1
    outer loop
      vertex 88.86862915010153 22.868629150101523 6.8999999999999995
      vertex 88.84088900845312 23.689417145876973 6.9
      vertex 88.81026616635143 23.843368569335937 6.9
    endloop
  endfacet
  facet normal -3.5402542617192674e-15 -1.2017543865997908e-15 1
    outer loop
      vertex 88.86862915010153 22.868629150101523 6.8999999999999995
      vertex 88.89134456098645 23.540779881161892 6.9
      vertex 88.84088900845312 23.689417145876973 6.9
    endloop
  endfacet
  facet normal -1.607617124698168e-13 -1.0536879323380164e-14 1
    outer loop
      vertex 88.73063465553402 24.97401828641395 6.8999999999999995
      vertex 88.81026616635143 23.843368569335937 6.9
      vertex 88.8 24 6.9
    endloop
  endfacet
  facet normal -3.5402542617192674e-15 1.2017543865997908e-15 1
    outer loop
      vertex 88.86862915010153 25.131370849898477 6.8999999999999995
      vertex 88.84088900845312 24.310582854123027 6.9
      vertex 88.89134456098645 24.459220118838108 6.9
    endloop
  endfacet
  facet normal -2.507678918291789e-15 -1.236650388510847e-15 1
    outer loop
      vertex 88.86862915010153 22.868629150101523 6.8999999999999995
      vertex 88.96076951545868 23.4 6.9
      vertex 88.89134456098645 23.540779881161892 6.9
    endloop
  endfacet
  facet normal -2.324810111196393e-15 1.5533884535201437e-15 1
    outer loop
      vertex 89.02598171358605 25.269365344465974 6.8999999999999995
      vertex 88.96076951545868 24.6 6.9
      vertex 89.04797599165052 24.730513714810463 6.9
    endloop
  endfacet
  facet normal -1.5749762856556437e-15 1.7959162555865765e-15 1
    outer loop
      vertex 89.2 25.3856406460551 6.8999999999999995
      vertex 89.15147186257614 24.848528137423855 6.9
      vertex 89.26948628518953 24.952024008349483 6.9
    endloop
  endfacet
  facet normal 0 0 1
    outer loop
      vertex 89.38770650821586 22.52179274798194 6.9
      vertex 89.5407798811619 22.891344560986457 6.9
      vertex 89.4 22.960769515458672 6.9
    endloop
  endfacet
  facet normal 0 0 1
    outer loop
      vertex 89.38770650821586 22.52179274798194 6.9
      vertex 89.58588952783597 22.45451867793749 6.9
      vertex 89.5407798811619 22.891344560986457 6.9
    endloop
  endfacet
  facet normal 0 0 1
    outer loop
      vertex 89.58588952783597 22.45451867793749 6.9
      vertex 89.68941714587697 22.840889008453118 6.9
      vertex 89.5407798811619 22.891344560986457 6.9
    endloop
  endfacet
  facet normal 0 0 1
    outer loop
      vertex 90.8 22.6143593539449 6.9
      vertex 90.84852813742386 23.151471862576145 6.9
      vertex 90.73051371481047 23.047975991650517 6.9
    endloop
  endfacet
  facet normal 0 0 1
    outer loop
      vertex 90.8 22.6143593539449 6.9
      vertex 90.97401828641395 22.730634655534026 6.9
      vertex 90.84852813742386 23.151471862576145 6.9
    endloop
  endfacet
  facet normal 0 0 1
    outer loop
      vertex 90.97401828641395 22.730634655534026 6.9
      vertex 91.13137084989847 22.868629150101523 6.9
      vertex 91.03923048454132 23.4 6.9
    endloop
  endfacet
  facet normal 7.152704397221871e-16 2.107118767981112e-15 1
    outer loop
      vertex 90.41411047216404 25.545481322062507 6.8999999999999995
      vertex 90.31058285412303 25.159110991546882 6.9
      vertex 90.4592201188381 25.108655439013543 6.9
    endloop
  endfacet
  facet normal -3.929143689585166e-15 1.627504604738867e-15 1
    outer loop
      vertex 90.41411047216404 25.545481322062507 6.8999999999999995
      vertex 90.4592201188381 25.108655439013543 6.9
      vertex 90.61229349178414 25.47820725201806 6.9
    endloop
  endfacet
  facet normal 0 0 1
    outer loop
      vertex 90.61229349178414 25.47820725201806 6.9
      vertex 90.4592201188381 25.108655439013543 6.9
      vertex 90.6 25.039230484541328 6.9
    endloop
  endfacet
  facet normal 4.6672827330563776e-15 -1.3070669380281215e-16 1
    outer loop
      vertex 90.8 25.3856406460551 6.8999999999999995
      vertex 90.61229349178414 25.47820725201806 6.9
      vertex 90.6 25.039230484541328 6.9
    endloop
  endfacet
  facet normal 0 0 1
    outer loop
      vertex 90.97401828641395 22.730634655534026 6.9
      vertex 91.03923048454132 23.4 6.9
      vertex 90.95202400834948 23.269486285189537 6.9
    endloop
  endfacet
  facet normal 1.6009339883343267e-14 5.410374736525283e-16 1
    outer loop
      vertex 91.13137084989847 22.868629150101523 6.9
      vertex 91.15911099154688 23.689417145876973 6.8999999999999995
      vertex 91.10865543901355 23.540779881161892 6.9
    endloop
  endfacet
  facet normal 0 0 1
    outer loop
      vertex 91.26936534446598 23.02598171358605 6.9
      vertex 91.13137084989847 25.131370849898477 6.9
      vertex 91.18973383364857 24.156631430664063 6.9
    endloop
  endfacet
  facet normal 1.5749762856556437e-15 1.7959162555865765e-15 1
    outer loop
      vertex 90.8 25.3856406460551 6.8999999999999995
      vertex 90.73051371481047 24.952024008349483 6.9
      vertex 90.84852813742386 24.848528137423855 6.9
    endloop
  endfacet
  facet normal 0 0 1
    outer loop
      vertex 91.13137084989847 25.131370849898477 6.9
      vertex 91.15911099154688 24.310582854123027 6.9
      vertex 91.18973383364857 24.156631430664063 6.9
    endloop
  endfacet
  facet normal 0 0 1
    outer loop
      vertex 91.26936534446598 23.02598171358605 6.9
      vertex 91.26936534446598 24.97401828641395 6.9
      vertex 91.13137084989847 25.131370849898477 6.9
    endloop
  endfacet
  facet normal -1.9549594145062537e-14 -6.607169129472625e-16 1
    outer loop
      vertex 91.13137084989847 25.131370849898477 6.9
      vertex 91.10865543901355 24.459220118838108 6.8999999999999995
      vertex 91.15911099154688 24.310582854123027 6.9
    endloop
  endfacet
  facet normal 0 0 1
    outer loop
      vertex 91.26936534446598 23.02598171358605 6.9
      vertex 91.38564064605511 23.2 6.9
      vertex 91.26936534446598 24.97401828641395 6.9
    endloop
  endfacet
  facet normal 0 0 1
    outer loop
      vertex 91.47820725201805 23.387706508215857 6.9
      vertex 91.54548132206251 23.585889527835967 6.9
      vertex 91.47820725201805 24.612293491784143 6.9
    endloop
  endfacet
  facet normal 0 0 1
    outer loop
      vertex 91.54548132206251 23.585889527835967 6.9
      vertex 91.5863117781981 23.79115809244792 6.9
      vertex 91.54548132206251 24.414110472164033 6.9
    endloop
  endfacet
  facet normal 0 0 1
    outer loop
      vertex 91.54548132206251 23.585889527835967 6.9
      vertex 91.54548132206251 24.414110472164033 6.9
      vertex 91.47820725201805 24.612293491784143 6.9
    endloop
  endfacet
  facet normal 0 0 1
    outer loop
      vertex 91.5863117781981 23.79115809244792 6.9
      vertex 91.5863117781981 24.20884190755208 6.9
      vertex 91.54548132206251 24.414110472164033 6.9
    endloop
  endfacet
  facet normal 8.469365036104149e-15 5.551115123125778e-16 1
    outer loop
      vertex 91.38564064605511 23.2 6.9
      vertex 91.38564064605511 24.8 6.8999999999999995
      vertex 91.26936534446598 24.97401828641395 6.9
    endloop
  endfacet
  facet normal -2.175284098592636e-14 0 1
    outer loop
      vertex 115.45451867793749 23.585889527835967 6.9
      vertex 115.4136882218019 24.20884190755208 6.8999999999999995
      vertex 115.4136882218019 23.79115809244792 6.8999999999999995
    endloop
  endfacet
  facet normal 1.6361556841282675e-14 1.072393092426203e-15 1
    outer loop
      vertex 115.45451867793749 23.585889527835967 6.9
      vertex 115.52179274798195 23.387706508215857 6.8999999999999995
      vertex 115.45451867793749 24.414110472164033 6.8999999999999995
    endloop
  endfacet
  facet normal -5.391284144638155e-15 1.0723930924262031e-15 1
    outer loop
      vertex 115.45451867793749 23.585889527835967 6.9
      vertex 115.45451867793749 24.414110472164033 6.8999999999999995
      vertex 115.4136882218019 24.20884190755208 6.8999999999999995
    endloop
  endfacet
  facet normal 0 0 1
    outer loop
      vertex 115.52179274798195 23.387706508215857 6.8999999999999995
      vertex 115.52179274798195 24.612293491784143 6.8999999999999995
      vertex 115.45451867793749 24.414110472164033 6.8999999999999995
    endloop
  endfacet
  facet normal 0 0 1
    outer loop
      vertex 115.61435935394489 23.2 6.8999999999999995
      vertex 115.52179274798195 24.612293491784143 6.8999999999999995
      vertex 115.52179274798195 23.387706508215857 6.8999999999999995
    endloop
  endfacet
  facet normal 0 0 1
    outer loop
      vertex 115.61435935394489 23.2 6.8999999999999995
      vertex 115.61435935394489 24.8 6.8999999999999995
      vertex 115.52179274798195 24.612293491784143 6.8999999999999995
    endloop
  endfacet
  facet normal 0 0 1
    outer loop
      vertex 115.73063465553402 23.02598171358605 6.8999999999999995
      vertex 115.61435935394489 24.8 6.8999999999999995
      vertex 115.61435935394489 23.2 6.8999999999999995
    endloop
  endfacet
  facet normal 0 0 1
    outer loop
      vertex 115.73063465553402 23.02598171358605 6.8999999999999995
      vertex 115.73063465553402 24.97401828641395 6.8999999999999995
      vertex 115.61435935394489 24.8 6.8999999999999995
    endloop
  endfacet
  facet normal 0 0 1
    outer loop
      vertex 115.86862915010153 22.868629150101523 6.8999999999999995
      vertex 115.73063465553402 24.97401828641395 6.8999999999999995
      vertex 115.73063465553402 23.02598171358605 6.8999999999999995
    endloop
  endfacet
  facet normal -1.6076171246978955e-13 -1.0536879323378251e-14 1
    outer loop
      vertex 115.86862915010153 22.868629150101523 6.8999999999999995
      vertex 115.81026616635143 23.843368569335937 6.9
      vertex 115.73063465553402 24.97401828641395 6.8999999999999995
    endloop
  endfacet
  facet normal -1.2833620171899718e-15 1.125478282574551e-15 1
    outer loop
      vertex 115.73063465553402 24.97401828641395 6.8999999999999995
      vertex 115.84088900845312 24.310582854123027 6.9
      vertex 115.86862915010153 25.131370849898477 6.8999999999999995
    endloop
  endfacet
  facet normal -1.2723658668247437e-15 1.4508552059455637e-15 1
    outer loop
      vertex 115.86862915010153 25.131370849898477 6.8999999999999995
      vertex 115.96076951545868 24.6 6.9
      vertex 116.02598171358605 25.269365344465974 6.8999999999999995
    endloop
  endfacet
  facet normal -1.1759006971088395e-15 1.7598597596154455e-15 1
    outer loop
      vertex 116.02598171358605 25.269365344465974 6.8999999999999995
      vertex 116.15147186257614 24.848528137423855 6.9
      vertex 116.2 25.3856406460551 6.8999999999999995
    endloop
  endfacet
  facet normal 7.15270439722135e-16 2.107118767981107e-15 1
    outer loop
      vertex 117.41411047216404 25.545481322062507 6.8999999999999995
      vertex 117.4592201188381 25.108655439013543 6.9
      vertex 117.61229349178414 25.47820725201806 6.8999999999999995
    endloop
  endfacet
  facet normal -1.2833620171899718e-15 1.125478282574551e-15 1
    outer loop
      vertex 118.13137084989847 22.868629150101523 6.9
      vertex 118.26936534446598 23.02598171358605 6.9
      vertex 118.15911099154688 23.689417145876973 6.8999999999999995
    endloop
  endfacet
  facet normal -1.607617124698168e-13 -1.0536879323380164e-14 1
    outer loop
      vertex 118.26936534446598 23.02598171358605 6.9
      vertex 118.18973383364857 24.156631430664063 6.8999999999999995
      vertex 118.2 24 6.8999999999999995
    endloop
  endfacet
  facet normal -7.442841589008699e-14 -4.456436603898376e-15 1
    outer loop
      vertex 118.26936534446598 23.02598171358605 6.9
      vertex 118.13137084989847 25.131370849898477 6.8999999999999995
      vertex 118.18973383364857 24.156631430664063 6.8999999999999995
    endloop
  endfacet
  facet normal 4.149410956609225e-14 2.4844794357786666e-15 1
    outer loop
      vertex 118.13137084989847 25.131370849898477 6.8999999999999995
      vertex 118.15911099154688 24.310582854123027 6.9
      vertex 118.18973383364857 24.156631430664063 6.8999999999999995
    endloop
  endfacet
  facet normal -6.436332278934668e-15 0 1
    outer loop
      vertex 118.26936534446598 23.02598171358605 6.9
      vertex 118.26936534446598 24.97401828641395 6.9
      vertex 118.13137084989847 25.131370849898477 6.8999999999999995
    endloop
  endfacet
  facet normal 4.2559577001040455e-15 -1.2690911282189687e-15 1
    outer loop
      vertex 116.02598171358605 22.730634655534026 6.9
      vertex 116.2 22.6143593539449 6.8999999999999995
      vertex 116.15147186257614 23.151471862576145 6.9
    endloop
  endfacet
  facet normal -1.5749762856556437e-15 -1.7959162555865765e-15 1
    outer loop
      vertex 116.2 22.6143593539449 6.8999999999999995
      vertex 116.26948628518953 23.047975991650517 6.9
      vertex 116.15147186257614 23.151471862576145 6.9
    endloop
  endfacet
  facet normal -4.6672827330563776e-15 1.3070669380281215e-16 1
    outer loop
      vertex 116.2 22.6143593539449 6.8999999999999995
      vertex 116.38770650821586 22.52179274798194 6.9
      vertex 116.4 22.960769515458672 6.9
    endloop
  endfacet
  facet normal 0 0 1
    outer loop
      vertex 116.38770650821586 22.52179274798194 6.9
      vertex 116.5407798811619 22.891344560986457 6.9
      vertex 116.4 22.960769515458672 6.9
    endloop
  endfacet
  facet normal 0 0 1
    outer loop
      vertex 116.58588952783597 22.45451867793749 6.9
      vertex 116.5407798811619 22.891344560986457 6.9
      vertex 116.38770650821586 22.52179274798194 6.9
    endloop
  endfacet
  facet normal 0 0 1
    outer loop
      vertex 116.58588952783597 22.45451867793749 6.9
      vertex 116.68941714587697 22.840889008453118 6.9
      vertex 116.5407798811619 22.891344560986457 6.9
    endloop
  endfacet
  facet normal -6.553625622199057e-15 -1.3035971874316813e-15 1
    outer loop
      vertex 115.86862915010153 22.868629150101523 6.8999999999999995
      vertex 115.84088900845312 23.689417145876973 6.9
      vertex 115.81026616635143 23.843368569335937 6.9
    endloop
  endfacet
  facet normal -3.5402542617192674e-15 -1.2017543865997908e-15 1
    outer loop
      vertex 115.86862915010153 22.868629150101523 6.8999999999999995
      vertex 115.89134456098645 23.540779881161892 6.9
      vertex 115.84088900845312 23.689417145876973 6.9
    endloop
  endfacet
  facet normal -2.507678918291789e-15 -1.236650388510847e-15 1
    outer loop
      vertex 115.86862915010153 22.868629150101523 6.8999999999999995
      vertex 115.96076951545868 23.4 6.9
      vertex 115.89134456098645 23.540779881161892 6.9
    endloop
  endfacet
  facet normal -1.607617124698168e-13 -1.0536879323380164e-14 1
    outer loop
      vertex 115.73063465553402 24.97401828641395 6.8999999999999995
      vertex 115.81026616635143 23.843368569335937 6.9
      vertex 115.8 24 6.9
    endloop
  endfacet
  facet normal -3.5402542617192674e-15 1.2017543865997908e-15 1
    outer loop
      vertex 115.86862915010153 25.131370849898477 6.8999999999999995
      vertex 115.84088900845312 24.310582854123027 6.9
      vertex 115.89134456098645 24.459220118838108 6.9
    endloop
  endfacet
  facet normal -2.324810111196393e-15 1.5533884535201437e-15 1
    outer loop
      vertex 116.02598171358605 25.269365344465974 6.8999999999999995
      vertex 115.96076951545868 24.6 6.9
      vertex 116.04797599165052 24.730513714810463 6.9
    endloop
  endfacet
  facet normal -1.5749762856556437e-15 1.7959162555865765e-15 1
    outer loop
      vertex 116.2 25.3856406460551 6.8999999999999995
      vertex 116.15147186257614 24.848528137423855 6.9
      vertex 116.26948628518953 24.952024008349483 6.9
    endloop
  endfacet
  facet normal 7.152704397221871e-16 2.107118767981112e-15 1
    outer loop
      vertex 117.41411047216404 25.545481322062507 6.8999999999999995
      vertex 117.31058285412303 25.159110991546882 6.9
      vertex 117.4592201188381 25.108655439013543 6.9
    endloop
  endfacet
  facet normal 9.84185391295053e-16 1.995730547914698e-15 1
    outer loop
      vertex 117.61229349178414 25.47820725201806 6.8999999999999995
      vertex 117.4592201188381 25.108655439013543 6.9
      vertex 117.6 25.039230484541328 6.9
    endloop
  endfacet
  facet normal 0 0 1
    outer loop
      vertex 117.8 22.6143593539449 6.9
      vertex 117.84852813742386 23.151471862576145 6.9
      vertex 117.73051371481047 23.047975991650517 6.9
    endloop
  endfacet
  facet normal 0 0 1
    outer loop
      vertex 117.8 22.6143593539449 6.9
      vertex 117.97401828641395 22.730634655534026 6.9
      vertex 117.84852813742386 23.151471862576145 6.9
    endloop
  endfacet
  facet normal 0 0 1
    outer loop
      vertex 117.97401828641395 22.730634655534026 6.9
      vertex 118.13137084989847 22.868629150101523 6.9
      vertex 118.03923048454132 23.4 6.9
    endloop
  endfacet
  facet normal 0 0 1
    outer loop
      vertex 117.97401828641395 22.730634655534026 6.9
      vertex 118.03923048454132 23.4 6.9
      vertex 117.95202400834948 23.269486285189537 6.9
    endloop
  endfacet
  facet normal -3.683097341761275e-15 2.1264372417175088e-15 1
    outer loop
      vertex 117.61229349178414 25.47820725201806 6.8999999999999995
      vertex 117.6 25.039230484541328 6.9
      vertex 117.8 25.3856406460551 6.9
    endloop
  endfacet
  facet normal 0 0 1
    outer loop
      vertex 117.8 25.3856406460551 6.9
      vertex 117.73051371481047 24.952024008349483 6.9
      vertex 117.84852813742386 24.848528137423855 6.9
    endloop
  endfacet
  facet normal 0 0 1
    outer loop
      vertex 117.97401828641395 25.269365344465974 6.9
      vertex 117.8 25.3856406460551 6.9
      vertex 117.84852813742386 24.848528137423855 6.9
    endloop
  endfacet
  facet normal 2.507678918291789e-15 1.236650388510847e-15 1
    outer loop
      vertex 118.13137084989847 25.131370849898477 6.8999999999999995
      vertex 118.03923048454132 24.6 6.9
      vertex 118.10865543901355 24.459220118838108 6.9
    endloop
  endfacet
  facet normal 1.6009339883343267e-14 5.410374736525283e-16 1
    outer loop
      vertex 118.13137084989847 22.868629150101523 6.9
      vertex 118.15911099154688 23.689417145876973 6.8999999999999995
      vertex 118.10865543901355 23.540779881161892 6.9
    endloop
  endfacet
  facet normal 0 0 1
    outer loop
      vertex 118.26936534446598 23.02598171358605 6.9
      vertex 118.38564064605511 23.2 6.9
      vertex 118.26936534446598 24.97401828641395 6.9
    endloop
  endfacet
  facet normal 0 0 1
    outer loop
      vertex 118.38564064605511 23.2 6.9
      vertex 118.47820725201805 23.387706508215857 6.9
      vertex 118.38564064605511 24.8 6.9
    endloop
  endfacet
  facet normal 0 0 1
    outer loop
      vertex 118.47820725201805 23.387706508215857 6.9
      vertex 118.47820725201805 24.612293491784143 6.9
      vertex 118.38564064605511 24.8 6.9
    endloop
  endfacet
  facet normal 0 0 1
    outer loop
      vertex 118.47820725201805 23.387706508215857 6.9
      vertex 118.54548132206251 23.585889527835967 6.9
      vertex 118.47820725201805 24.612293491784143 6.9
    endloop
  endfacet
  facet normal 0 0 1
    outer loop
      vertex 118.54548132206251 23.585889527835967 6.9
      vertex 118.5863117781981 23.79115809244792 6.9
      vertex 118.54548132206251 24.414110472164033 6.9
    endloop
  endfacet
  facet normal 0 0 1
    outer loop
      vertex 118.54548132206251 23.585889527835967 6.9
      vertex 118.54548132206251 24.414110472164033 6.9
      vertex 118.47820725201805 24.612293491784143 6.9
    endloop
  endfacet
  facet normal 0 0 1
    outer loop
      vertex 118.5863117781981 23.79115809244792 6.9
      vertex 118.5863117781981 24.20884190755208 6.9
      vertex 118.54548132206251 24.414110472164033 6.9
    endloop
  endfacet
  facet normal 3.5402542617192674e-15 1.2017543865997908e-15 1
    outer loop
      vertex 118.13137084989847 25.131370849898477 6.8999999999999995
      vertex 118.10865543901355 24.459220118838108 6.9
      vertex 118.15911099154688 24.310582854123027 6.9
    endloop
  endfacet
  facet normal 0 0 1
    outer loop
      vertex 118.38564064605511 23.2 6.9
      vertex 118.38564064605511 24.8 6.9
      vertex 118.26936534446598 24.97401828641395 6.9
    endloop
  endfacet
endsolid OpenSCAD_Model
