solid OpenSCAD_Model
  facet normal 0 0 1
    outer loop
      vertex -94.84852813742386 -43.848528137423855 49.9
      vertex -95.2615882524695 -43.98288636021601 49.9
      vertex -95.16992073103076 -44.08741313522877 49.9
    endloop
  endfacet
  facet normal 0 0 1
    outer loop
      vertex -95.03923048454132 -43.6 49.9
      vertex -95.26936534446598 -43.83971787732414 49.9
      vertex -95.26035970890875 -43.836618839231704 49.9
    endloop
  endfacet
  facet normal 0 0 1
    outer loop
      vertex -95.03923048454132 -43.6 49.9
      vertex -95.38068471672786 -43.72438713009064 49.9
      vertex -95.26936534446598 -43.83971787732414 49.9
    endloop
  endfacet
  facet normal 0 0 1
    outer loop
      vertex -94.95202400834948 -43.73051371481046 49.9
      vertex -95.26035970890875 -43.836618839231704 49.9
      vertex -95.2615882524695 -43.98288636021601 49.9
    endloop
  endfacet
  facet normal 0 0 1
    outer loop
      vertex -95.03923048454132 -43.6 49.9
      vertex -95.26035970890875 -43.836618839231704 49.9
      vertex -94.95202400834948 -43.73051371481046 49.9
    endloop
  endfacet
  facet normal 0 0 1
    outer loop
      vertex -94.6 -44.03923048454132 49.9
      vertex -94.97350295213158 -44.252650188125116 49.9
      vertex -94.96531979884334 -44.25035897591969 49.9
    endloop
  endfacet
  facet normal 0 0 1
    outer loop
      vertex -94.6 -44.03923048454132 49.9
      vertex -94.97026729472866 -44.14769982637938 49.9
      vertex -94.97350295213158 -44.252650188125116 49.9
    endloop
  endfacet
  facet normal 0 0 1
    outer loop
      vertex -94.45922011883812 -44.10865543901354 49.9
      vertex -94.96531979884334 -44.25035897591969 49.9
      vertex -94.90098714645752 -44.31816319208776 49.9
    endloop
  endfacet
  facet normal 0 0 1
    outer loop
      vertex -94.45922011883812 -44.10865543901354 49.9
      vertex -94.6 -44.03923048454132 49.9
      vertex -94.96531979884334 -44.25035897591969 49.9
    endloop
  endfacet
  facet normal 0 0 1
    outer loop
      vertex -94.84852813742386 -43.848528137423855 49.9
      vertex -95.16992073103076 -44.08741313522877 49.9
      vertex -95.11628116234454 -44.07088582887605 49.9
    endloop
  endfacet
  facet normal 0 0 1
    outer loop
      vertex -94.73051371481047 -43.95202400834948 49.9
      vertex -95.11628116234454 -44.07088582887605 49.9
      vertex -94.97026729472866 -44.14769982637938 49.9
    endloop
  endfacet
  facet normal 0 0 1
    outer loop
      vertex -94.84852813742386 -43.848528137423855 49.9
      vertex -95.11628116234454 -44.07088582887605 49.9
      vertex -94.73051371481047 -43.95202400834948 49.9
    endloop
  endfacet
  facet normal 0 0 1
    outer loop
      vertex -94.95202400834948 -43.73051371481046 49.9
      vertex -95.2615882524695 -43.98288636021601 49.9
      vertex -94.84852813742386 -43.848528137423855 49.9
    endloop
  endfacet
  facet normal 0 0 1
    outer loop
      vertex -94.6 -44.03923048454132 49.9
      vertex -94.73051371481047 -43.95202400834948 49.9
      vertex -94.97026729472866 -44.14769982637938 49.9
    endloop
  endfacet
  facet normal 0 0 1
    outer loop
      vertex -95.10865543901355 -43.45922011883811 49.9
      vertex -95.47748954122814 -43.601343341165176 49.9
      vertex -95.41649551443008 -43.73743251636075 49.9
    endloop
  endfacet
  facet normal 0 0 1
    outer loop
      vertex -95.10865543901355 -43.45922011883811 49.9
      vertex -95.47820725201805 -43.44038077413373 49.9
      vertex -95.47748954122814 -43.601343341165176 49.9
    endloop
  endfacet
  facet normal 0 0 1
    outer loop
      vertex -95.10865543901355 -43.45922011883811 49.9
      vertex -95.41649551443008 -43.73743251636075 49.9
      vertex -95.38068471672786 -43.72438713009064 49.9
    endloop
  endfacet
  facet normal 0 0 1
    outer loop
      vertex -95.03923048454132 -43.6 49.9
      vertex -95.10865543901355 -43.45922011883811 49.9
      vertex -95.38068471672786 -43.72438713009064 49.9
    endloop
  endfacet
  facet normal 0 0 1
    outer loop
      vertex -95.10865543901355 -43.45922011883811 49.9
      vertex -95.15911099154688 -43.31058285412303 49.9
      vertex -95.47820725201805 -43.44038077413373 49.9
    endloop
  endfacet
  facet normal 0 0 1
    outer loop
      vertex -95.15911099154688 -43.31058285412303 49.9
      vertex -95.53150315930493 -43.20084492046475 49.9
      vertex -95.47820725201805 -43.44038077413373 49.9
    endloop
  endfacet
  facet normal 0 0 1
    outer loop
      vertex -95.18973383364857 -43.15663143066406 49.9
      vertex -95.5863117781981 -43.184693709175306 49.9
      vertex -95.53150315930493 -43.20084492046475 49.9
    endloop
  endfacet
  facet normal 0 0 1
    outer loop
      vertex -95.2 -43 49.9
      vertex -95.5863117781981 -42.900945697897924 49.9
      vertex -95.5863117781981 -43.184693709175306 49.9
    endloop
  endfacet
  facet normal 0 0 1
    outer loop
      vertex -95.18973383364857 -43.15663143066406 49.9
      vertex -95.2 -43 49.9
      vertex -95.5863117781981 -43.184693709175306 49.9
    endloop
  endfacet
  facet normal 0 0 1
    outer loop
      vertex -95.15911099154688 -43.31058285412303 49.9
      vertex -95.18973383364857 -43.15663143066406 49.9
      vertex -95.53150315930493 -43.20084492046475 49.9
    endloop
  endfacet
  facet normal 0 0 1
    outer loop
      vertex -94.15663143066406 -44.189733833648575 49.9
      vertex -93.22511523138314 -44.398026107535415 49.9
      vertex -94 -44.2 49.9
    endloop
  endfacet
  facet normal 0 0 1
    outer loop
      vertex -94 -44.2 49.9
      vertex -93.22511523138314 -44.398026107535415 49.9
      vertex -93.84336856933594 -44.189733833648575 49.9
    endloop
  endfacet
  facet normal 0 0 1
    outer loop
      vertex -94.15663143066406 -44.189733833648575 49.9
      vertex -93.27077359712091 -44.42054232175906 49.9
      vertex -93.22511523138314 -44.398026107535415 49.9
    endloop
  endfacet
  facet normal 0 0 1
    outer loop
      vertex -93.84336856933594 -44.189733833648575 49.9
      vertex -93.20326471269885 -44.356956342961084 49.9
      vertex -93.68941714587697 -44.15911099154688 49.9
    endloop
  endfacet
  facet normal 0 0 1
    outer loop
      vertex -95.2 -43 49.9
      vertex -95.18973383364857 -42.84336856933594 49.9
      vertex -95.5863117781981 -42.900945697897924 49.9
    endloop
  endfacet
  facet normal 0 0 1
    outer loop
      vertex -95.18973383364857 -42.84336856933594 49.9
      vertex -95.55668090945248 -42.75676221153204 49.9
      vertex -95.5863117781981 -42.900945697897924 49.9
    endloop
  endfacet
  facet normal 0 0 1
    outer loop
      vertex -95.54548132206251 -42.6061688483526 49.9
      vertex -95.54679198950396 -42.605886448736214 49.9
      vertex -95.55668090945248 -42.75676221153204 49.9
    endloop
  endfacet
  facet normal 0 0 1
    outer loop
      vertex -95.15911099154688 -42.68941714587697 49.9
      vertex -95.54548132206251 -42.6061688483526 49.9
      vertex -95.55668090945248 -42.75676221153204 49.9
    endloop
  endfacet
  facet normal 0 0 1
    outer loop
      vertex -95.18973383364857 -42.84336856933594 49.9
      vertex -95.15911099154688 -42.68941714587697 49.9
      vertex -95.55668090945248 -42.75676221153204 49.9
    endloop
  endfacet
  facet normal 0 0 1
    outer loop
      vertex -95.15911099154688 -42.68941714587697 49.9
      vertex -95.48344392338353 -42.46760267391342 49.9
      vertex -95.54548132206251 -42.6061688483526 49.9
    endloop
  endfacet
  facet normal 0 0 1
    outer loop
      vertex -95.15911099154688 -42.68941714587697 49.9
      vertex -95.47820725201805 -42.46862513058374 49.9
      vertex -95.48344392338353 -42.46760267391342 49.9
    endloop
  endfacet
  facet normal 0 0 1
    outer loop
      vertex -95.10865543901355 -42.54077988116189 49.9
      vertex -95.39465252017573 -42.337494629266445 49.9
      vertex -95.47820725201805 -42.46862513058374 49.9
    endloop
  endfacet
  facet normal 0 0 1
    outer loop
      vertex -95.10865543901355 -42.54077988116189 49.9
      vertex -95.47820725201805 -42.46862513058374 49.9
      vertex -95.15911099154688 -42.68941714587697 49.9
    endloop
  endfacet
  facet normal 0 0 1
    outer loop
      vertex -95.03923048454132 -42.4 49.9
      vertex -95.38571120651385 -42.20107654456616 49.9
      vertex -95.39465252017573 -42.337494629266445 49.9
    endloop
  endfacet
  facet normal 0 0 1
    outer loop
      vertex -95.10865543901355 -42.54077988116189 49.9
      vertex -95.03923048454132 -42.4 49.9
      vertex -95.39465252017573 -42.337494629266445 49.9
    endloop
  endfacet
  facet normal 0 0 1
    outer loop
      vertex -95.03923048454132 -42.4 49.9
      vertex -95.38564064605511 -42.20108767476023 49.9
      vertex -95.38571120651385 -42.20107654456616 49.9
    endloop
  endfacet
  facet normal 0 0 1
    outer loop
      vertex -94.95202400834948 -42.26948628518954 49.9
      vertex -95.27365431782728 -42.09141880184899 49.9
      vertex -95.38564064605511 -42.20108767476023 49.9
    endloop
  endfacet
  facet normal 0 0 1
    outer loop
      vertex -94.95202400834948 -42.26948628518954 49.9
      vertex -95.38564064605511 -42.20108767476023 49.9
      vertex -95.03923048454132 -42.4 49.9
    endloop
  endfacet
  facet normal 0 0 1
    outer loop
      vertex -94.95202400834948 -42.26948628518954 49.9
      vertex -95.26936534446598 -42.092024659567464 49.9
      vertex -95.27365431782728 -42.09141880184899 49.9
    endloop
  endfacet
  facet normal 0 0 1
    outer loop
      vertex -94.84852813742386 -42.151471862576145 49.9
      vertex -95.13972685828708 -41.996117201993975 49.9
      vertex -95.26936534446598 -42.092024659567464 49.9
    endloop
  endfacet
  facet normal 0 0 1
    outer loop
      vertex -94.84852813742386 -42.151471862576145 49.9
      vertex -95.26936534446598 -42.092024659567464 49.9
      vertex -94.95202400834948 -42.26948628518954 49.9
    endloop
  endfacet
  facet normal 0 0 1
    outer loop
      vertex -94.73051371481047 -42.04797599165052 49.9
      vertex -95.13137084989847 -41.89999273998417 49.9
      vertex -95.13341123208149 -41.89975936653163 49.9
    endloop
  endfacet
  facet normal 0 0 1
    outer loop
      vertex -94.73051371481047 -42.04797599165052 49.9
      vertex -95.13341123208149 -41.89975936653163 49.9
      vertex -95.13972685828708 -41.996117201993975 49.9
    endloop
  endfacet
  facet normal 0 0 1
    outer loop
      vertex -94.84852813742386 -42.151471862576145 49.9
      vertex -94.73051371481047 -42.04797599165052 49.9
      vertex -95.13972685828708 -41.996117201993975 49.9
    endloop
  endfacet
  facet normal 0 0 1
    outer loop
      vertex -94.6 -41.96076951545867 49.9
      vertex -95.13137084989847 -41.89999273998417 49.9
      vertex -94.73051371481047 -42.04797599165052 49.9
    endloop
  endfacet
  facet normal 0 0 1
    outer loop
      vertex -94.6 -41.96076951545867 49.9
      vertex -94.98098273819197 -41.836891656291776 49.9
      vertex -95.13137084989847 -41.89999273998417 49.9
    endloop
  endfacet
  facet normal 0 0 1
    outer loop
      vertex -94.6 -41.96076951545867 49.9
      vertex -94.4592201188381 -41.891344560986454 49.9
      vertex -94.98098273819197 -41.836891656291776 49.9
    endloop
  endfacet
  facet normal 0 0 1
    outer loop
      vertex -94.31058285412303 -41.84088900845312 49.9
      vertex -94.97347194165923 -41.73542384533141 49.9
      vertex -94.97432705125269 -41.735345496638075 49.9
    endloop
  endfacet
  facet normal 0 0 1
    outer loop
      vertex -94.31058285412303 -41.84088900845312 49.9
      vertex -94.97432705125269 -41.735345496638075 49.9
      vertex -94.98098273819197 -41.836891656291776 49.9
    endloop
  endfacet
  facet normal 0 0 1
    outer loop
      vertex -94.4592201188381 -41.891344560986454 49.9
      vertex -94.31058285412303 -41.84088900845312 49.9
      vertex -94.98098273819197 -41.836891656291776 49.9
    endloop
  endfacet
  facet normal 0 0 1
    outer loop
      vertex -94.15663143066406 -41.810266166351425 49.9
      vertex -94.81139869177586 -41.72787567184214 49.9
      vertex -94.97347194165923 -41.73542384533141 49.9
    endloop
  endfacet
  facet normal 0 0 1
    outer loop
      vertex -94 -41.8 49.9
      vertex -94.81107322288285 -41.72463442003431 49.9
      vertex -94.81139869177586 -41.72787567184214 49.9
    endloop
  endfacet
  facet normal 0 0 1
    outer loop
      vertex -94.15663143066406 -41.810266166351425 49.9
      vertex -94.97347194165923 -41.73542384533141 49.9
      vertex -94.31058285412303 -41.84088900845312 49.9
    endloop
  endfacet
  facet normal 0 0 1
    outer loop
      vertex -94.15663143066406 -41.810266166351425 49.9
      vertex -94 -41.8 49.9
      vertex -94.81139869177586 -41.72787567184214 49.9
    endloop
  endfacet
  facet normal 0 0 1
    outer loop
      vertex -93.84336856933594 -44.189733833648575 49.9
      vertex -93.22511523138314 -44.398026107535415 49.9
      vertex -93.20326471269885 -44.356956342961084 49.9
    endloop
  endfacet
  facet normal 0 0 1
    outer loop
      vertex -93.20326471269885 -44.356956342961084 49.9
      vertex -93.1700551116819 -44.36563211136607 49.9
      vertex -93.68941714587697 -44.15911099154688 49.9
    endloop
  endfacet
  facet normal 0 0 1
    outer loop
      vertex -93.68941714587697 -44.15911099154688 49.9
      vertex -93.1700551116819 -44.36563211136607 49.9
      vertex -93.09901285354248 -44.31816319208776 49.9
    endloop
  endfacet
  facet normal 0 0 1
    outer loop
      vertex -93.68941714587697 -44.15911099154688 49.9
      vertex -93.09901285354248 -44.31816319208776 49.9
      vertex -93.5407798811619 -44.108655439013546 49.9
    endloop
  endfacet
  facet normal 0 0 1
    outer loop
      vertex -93.5407798811619 -44.108655439013546 49.9
      vertex -93.09901285354248 -44.31816319208776 49.9
      vertex -93.02793447042318 -44.25224772223137 49.9
    endloop
  endfacet
  facet normal 0 0 1
    outer loop
      vertex -93.5407798811619 -44.108655439013546 49.9
      vertex -93.02793447042318 -44.25224772223137 49.9
      vertex -93.4 -44.03923048454133 49.9
    endloop
  endfacet
  facet normal 0 0 1
    outer loop
      vertex -93.4 -44.03923048454133 49.9
      vertex -93.01165904454699 -44.25680470083149 49.9
      vertex -92.92292669073022 -44.17898851502824 49.9
    endloop
  endfacet
  facet normal 0 0 1
    outer loop
      vertex -93.02793447042318 -44.25224772223137 49.9
      vertex -93.01165904454699 -44.25680470083149 49.9
      vertex -93.4 -44.03923048454133 49.9
    endloop
  endfacet
  facet normal 0 0 1
    outer loop
      vertex -93.26948628518953 -43.95202400834948 49.9
      vertex -92.92292669073022 -44.17898851502824 49.9
      vertex -92.86862915010153 -44.075535230336186 49.9
    endloop
  endfacet
  facet normal 0 0 1
    outer loop
      vertex -93.4 -44.03923048454133 49.9
      vertex -92.92292669073022 -44.17898851502824 49.9
      vertex -93.26948628518953 -43.95202400834948 49.9
    endloop
  endfacet
  facet normal 0 0 1
    outer loop
      vertex -93.26948628518953 -43.95202400834948 49.9
      vertex -92.86862915010153 -44.075535230336186 49.9
      vertex -93.15147186257614 -43.848528137423855 49.9
    endloop
  endfacet
  facet normal 0 0 1
    outer loop
      vertex -92.86862915010153 -44.075535230336186 49.9
      vertex -92.83007926896924 -44.08741313522877 49.9
      vertex -93.15147186257614 -43.848528137423855 49.9
    endloop
  endfacet
  facet normal 0 0 1
    outer loop
      vertex -93.15147186257614 -43.848528137423855 49.9
      vertex -92.7384117475305 -43.98288636021601 49.9
      vertex -93.04797599165052 -43.73051371481046 49.9
    endloop
  endfacet
  facet normal 0 0 1
    outer loop
      vertex -93.15147186257614 -43.848528137423855 49.9
      vertex -92.83007926896924 -44.08741313522877 49.9
      vertex -92.7384117475305 -43.98288636021601 49.9
    endloop
  endfacet
  facet normal 0 0 1
    outer loop
      vertex -93.04797599165052 -43.73051371481046 49.9
      vertex -92.7384117475305 -43.98288636021601 49.9
      vertex -92.73063465553402 -43.83971787732414 49.9
    endloop
  endfacet
  facet normal 0 0 1
    outer loop
      vertex -93.04797599165052 -43.73051371481046 49.9
      vertex -92.73063465553402 -43.83971787732414 49.9
      vertex -92.96076951545868 -43.6 49.9
    endloop
  endfacet
  facet normal 0 0 1
    outer loop
      vertex -92.96076951545868 -43.6 49.9
      vertex -92.65767416373863 -43.86482519394607 49.9
      vertex -92.61435935394489 -43.726192507701576 49.9
    endloop
  endfacet
  facet normal 0 0 1
    outer loop
      vertex -92.73063465553402 -43.83971787732414 49.9
      vertex -92.65767416373863 -43.86482519394607 49.9
      vertex -92.96076951545868 -43.6 49.9
    endloop
  endfacet
  facet normal 0 0 1
    outer loop
      vertex -92.96076951545868 -43.6 49.9
      vertex -92.61435935394489 -43.726192507701576 49.9
      vertex -92.89134456098645 -43.45922011883811 49.9
    endloop
  endfacet
  facet normal 0 0 1
    outer loop
      vertex -92.61435935394489 -43.726192507701576 49.9
      vertex -92.58350448556992 -43.73743251636075 49.9
      vertex -92.89134456098645 -43.45922011883811 49.9
    endloop
  endfacet
  facet normal 0 0 1
    outer loop
      vertex -92.89134456098645 -43.45922011883811 49.9
      vertex -92.58350448556992 -43.73743251636075 49.9
      vertex -92.52179274798195 -43.601619897398855 49.9
    endloop
  endfacet
  facet normal 0 0 1
    outer loop
      vertex -92.89134456098645 -43.45922011883811 49.9
      vertex -92.45451867793749 -43.32308983182287 49.9
      vertex -92.84088900845312 -43.31058285412303 49.9
    endloop
  endfacet
  facet normal 0 0 1
    outer loop
      vertex -92.89134456098645 -43.45922011883811 49.9
      vertex -92.52179274798195 -43.601619897398855 49.9
      vertex -92.45451867793749 -43.32308983182287 49.9
    endloop
  endfacet
  facet normal 0 0 1
    outer loop
      vertex -92.52179274798195 -43.601619897398855 49.9
      vertex -92.51858865367775 -43.602854534338384 49.9
      vertex -92.45451867793749 -43.32308983182287 49.9
    endloop
  endfacet
  facet normal 0 0 1
    outer loop
      vertex -92.84088900845312 -43.31058285412303 49.9
      vertex -92.4136882218019 -43.184693709175306 49.9
      vertex -92.81026616635143 -43.15663143066406 49.9
    endloop
  endfacet
  facet normal 0 0 1
    outer loop
      vertex -92.81026616635143 -43.15663143066406 49.9
      vertex -92.40289338271907 -43.04414448969864 49.9
      vertex -92.8 -43 49.9
    endloop
  endfacet
  facet normal 0 0 1
    outer loop
      vertex -92.45451867793749 -43.32308983182287 49.9
      vertex -92.43521707775604 -43.317074775310616 49.9
      vertex -92.84088900845312 -43.31058285412303 49.9
    endloop
  endfacet
  facet normal 0 0 1
    outer loop
      vertex -92.84088900845312 -43.31058285412303 49.9
      vertex -92.43521707775604 -43.317074775310616 49.9
      vertex -92.4136882218019 -43.184693709175306 49.9
    endloop
  endfacet
  facet normal 0 0 1
    outer loop
      vertex -92.81026616635143 -43.15663143066406 49.9
      vertex -92.41207429287478 -43.18421811048965 49.9
      vertex -92.40289338271907 -43.04414448969864 49.9
    endloop
  endfacet
  facet normal 0 0 1
    outer loop
      vertex -92.4136882218019 -43.184693709175306 49.9
      vertex -92.41207429287478 -43.18421811048965 49.9
      vertex -92.81026616635143 -43.15663143066406 49.9
    endloop
  endfacet
  facet normal 0 0 1
    outer loop
      vertex -92.8 -43 49.9
      vertex -92.42100708252855 -42.902822328853475 49.9
      vertex -92.81026616635143 -42.84336856933594 49.9
    endloop
  endfacet
  facet normal 0 0 1
    outer loop
      vertex -92.81026616635143 -42.84336856933594 49.9
      vertex -92.42155189318736 -42.751624746738706 49.9
      vertex -92.84088900845312 -42.68941714587697 49.9
    endloop
  endfacet
  facet normal 0 0 1
    outer loop
      vertex -92.8 -43 49.9
      vertex -92.40289338271907 -43.04414448969864 49.9
      vertex -92.42100708252855 -42.902822328853475 49.9
    endloop
  endfacet
  facet normal 0 0 1
    outer loop
      vertex -92.81026616635143 -42.84336856933594 49.9
      vertex -92.42100708252855 -42.902822328853475 49.9
      vertex -92.42155189318736 -42.751624746738706 49.9
    endloop
  endfacet
  facet normal 0 0 1
    outer loop
      vertex -92.84088900845312 -42.68941714587697 49.9
      vertex -92.42155189318736 -42.751624746738706 49.9
      vertex -92.45586689455168 -42.6064593384057 49.9
    endloop
  endfacet
  facet normal 0 0 1
    outer loop
      vertex -92.84088900845312 -42.68941714587697 49.9
      vertex -92.52716518751743 -42.46967409590074 49.9
      vertex -92.89134456098645 -42.54077988116189 49.9
    endloop
  endfacet
  facet normal 0 0 1
    outer loop
      vertex -92.89134456098645 -42.54077988116189 49.9
      vertex -92.55124645741269 -42.32798029384583 49.9
      vertex -92.96076951545868 -42.4 49.9
    endloop
  endfacet
  facet normal 0 0 1
    outer loop
      vertex -92.96076951545868 -42.4 49.9
      vertex -92.55124645741269 -42.32798029384583 49.9
      vertex -92.6138616851091 -42.2010091725676 49.9
    endloop
  endfacet
  facet normal 0 0 1
    outer loop
      vertex -92.84088900845312 -42.68941714587697 49.9
      vertex -92.45586689455168 -42.6064593384057 49.9
      vertex -92.49603195647556 -42.46359535283558 49.9
    endloop
  endfacet
  facet normal 0 0 1
    outer loop
      vertex -92.84088900845312 -42.68941714587697 49.9
      vertex -92.49603195647556 -42.46359535283558 49.9
      vertex -92.52716518751743 -42.46967409590074 49.9
    endloop
  endfacet
  facet normal 0 0 1
    outer loop
      vertex -92.89134456098645 -42.54077988116189 49.9
      vertex -92.52716518751743 -42.46967409590074 49.9
      vertex -92.55124645741269 -42.32798029384583 49.9
    endloop
  endfacet
  facet normal 0 0 1
    outer loop
      vertex -93.04797599165052 -42.26948628518954 49.9
      vertex -92.73500379111323 -42.09264184095115 49.9
      vertex -93.15147186257614 -42.151471862576145 49.9
    endloop
  endfacet
  facet normal 0 0 1
    outer loop
      vertex -93.26948628518953 -42.04797599165052 49.9
      vertex -93.15147186257614 -42.151471862576145 49.9
      vertex -92.76717214416817 -41.98431869276852 49.9
    endloop
  endfacet
  facet normal 0 0 1
    outer loop
      vertex -93.26948628518953 -42.04797599165052 49.9
      vertex -92.87668350675658 -41.90091397573903 49.9
      vertex -93.4 -41.96076951545868 49.9
    endloop
  endfacet
  facet normal 0 0 1
    outer loop
      vertex -93.26948628518953 -42.04797599165052 49.9
      vertex -92.84363144526999 -41.897133569417676 49.9
      vertex -92.87668350675658 -41.90091397573903 49.9
    endloop
  endfacet
  facet normal 0 0 1
    outer loop
      vertex -93.26948628518953 -42.04797599165052 49.9
      vertex -92.76717214416817 -41.98431869276852 49.9
      vertex -92.84363144526999 -41.897133569417676 49.9
    endloop
  endfacet
  facet normal 0 0 1
    outer loop
      vertex -93.54077988116188 -41.89134456098646 49.9
      vertex -93.4 -41.96076951545868 49.9
      vertex -92.91696358252047 -41.826240990518 49.9
    endloop
  endfacet
  facet normal 0 0 1
    outer loop
      vertex -93.4 -41.96076951545868 49.9
      vertex -92.87668350675658 -41.90091397573903 49.9
      vertex -92.91696358252047 -41.826240990518 49.9
    endloop
  endfacet
  facet normal 0 0 1
    outer loop
      vertex -93.54077988116188 -41.89134456098646 49.9
      vertex -92.91696358252047 -41.826240990518 49.9
      vertex -93.02108895248652 -41.734925491857354 49.9
    endloop
  endfacet
  facet normal 0 0 1
    outer loop
      vertex -93.04797599165052 -42.26948628518954 49.9
      vertex -92.96076951545868 -42.4 49.9
      vertex -92.6144313886687 -42.201099037504605 49.9
    endloop
  endfacet
  facet normal 0 0 1
    outer loop
      vertex -93.04797599165052 -42.26948628518954 49.9
      vertex -92.69031207691921 -42.08632871710649 49.9
      vertex -92.73500379111323 -42.09264184095115 49.9
    endloop
  endfacet
  facet normal 0 0 1
    outer loop
      vertex -92.96076951545868 -42.4 49.9
      vertex -92.6138616851091 -42.2010091725676 49.9
      vertex -92.6144313886687 -42.201099037504605 49.9
    endloop
  endfacet
  facet normal 0 0 1
    outer loop
      vertex -93.04797599165052 -42.26948628518954 49.9
      vertex -92.6144313886687 -42.201099037504605 49.9
      vertex -92.69031207691921 -42.08632871710649 49.9
    endloop
  endfacet
  facet normal 0 0 1
    outer loop
      vertex -93.15147186257614 -42.151471862576145 49.9
      vertex -92.73500379111323 -42.09264184095115 49.9
      vertex -92.76717214416817 -41.98431869276852 49.9
    endloop
  endfacet
  facet normal 0 0 1
    outer loop
      vertex 38.151471862576145 -43.848528137423855 49.9
      vertex 37.73841174753051 -43.98288636021601 49.9
      vertex 37.83007926896925 -44.08741313522877 49.9
    endloop
  endfacet
  facet normal 0 0 1
    outer loop
      vertex 37.96076951545867 -43.6 49.9
      vertex 37.61931528327216 -43.72438713009063 49.9
      vertex 37.730634655534026 -43.839717877324134 49.9
    endloop
  endfacet
  facet normal 0 0 1
    outer loop
      vertex 38.04797599165052 -43.73051371481046 49.9
      vertex 37.73964029109125 -43.8366188392317 49.9
      vertex 37.73841174753051 -43.98288636021601 49.9
    endloop
  endfacet
  facet normal 0 0 1
    outer loop
      vertex 37.96076951545867 -43.6 49.9
      vertex 37.730634655534026 -43.839717877324134 49.9
      vertex 37.73964029109125 -43.8366188392317 49.9
    endloop
  endfacet
  facet normal 0 0 1
    outer loop
      vertex 37.96076951545867 -43.6 49.9
      vertex 37.73964029109125 -43.8366188392317 49.9
      vertex 38.04797599165052 -43.73051371481046 49.9
    endloop
  endfacet
  facet normal 0 0 1
    outer loop
      vertex 38.4 -44.03923048454133 49.9
      vertex 38.026497047868425 -44.252650188125116 49.9
      vertex 38.03468020115666 -44.25035897591969 49.9
    endloop
  endfacet
  facet normal 0 0 1
    outer loop
      vertex 38.4 -44.03923048454133 49.9
      vertex 38.02973270527134 -44.14769982637938 49.9
      vertex 38.026497047868425 -44.252650188125116 49.9
    endloop
  endfacet
  facet normal 0 0 1
    outer loop
      vertex 38.68941714587697 -44.15911099154688 49.9
      vertex 38.09901285354248 -44.31816319208776 49.9
      vertex 38.170055111681904 -44.36563211136607 49.9
    endloop
  endfacet
  facet normal 0 0 1
    outer loop
      vertex 38.68941714587697 -44.15911099154688 49.9
      vertex 38.170055111681904 -44.36563211136607 49.9
      vertex 38.21892253775462 -44.352865849255956 49.9
    endloop
  endfacet
  facet normal 0 0 1
    outer loop
      vertex 38.54077988116189 -44.108655439013546 49.9
      vertex 38.03468020115666 -44.25035897591969 49.9
      vertex 38.09901285354248 -44.31816319208776 49.9
    endloop
  endfacet
  facet normal 0 0 1
    outer loop
      vertex 38.54077988116189 -44.108655439013546 49.9
      vertex 38.4 -44.03923048454133 49.9
      vertex 38.03468020115666 -44.25035897591969 49.9
    endloop
  endfacet
  facet normal 0 0 1
    outer loop
      vertex 38.54077988116189 -44.108655439013546 49.9
      vertex 38.09901285354248 -44.31816319208776 49.9
      vertex 38.68941714587697 -44.15911099154688 49.9
    endloop
  endfacet
  facet normal 0 0 1
    outer loop
      vertex 38.151471862576145 -43.848528137423855 49.9
      vertex 37.83007926896925 -44.08741313522877 49.9
      vertex 37.883718837655465 -44.07088582887605 49.9
    endloop
  endfacet
  facet normal 0 0 1
    outer loop
      vertex 38.26948628518954 -43.95202400834948 49.9
      vertex 37.883718837655465 -44.07088582887605 49.9
      vertex 38.02973270527134 -44.14769982637938 49.9
    endloop
  endfacet
  facet normal 0 0 1
    outer loop
      vertex 38.26948628518954 -43.95202400834948 49.9
      vertex 38.151471862576145 -43.848528137423855 49.9
      vertex 37.883718837655465 -44.07088582887605 49.9
    endloop
  endfacet
  facet normal 0 0 1
    outer loop
      vertex 38.04797599165052 -43.73051371481046 49.9
      vertex 37.73841174753051 -43.98288636021601 49.9
      vertex 38.151471862576145 -43.848528137423855 49.9
    endloop
  endfacet
  facet normal 0 0 1
    outer loop
      vertex 38.4 -44.03923048454133 49.9
      vertex 38.26948628518954 -43.95202400834948 49.9
      vertex 38.02973270527134 -44.14769982637938 49.9
    endloop
  endfacet
  facet normal 0 0 1
    outer loop
      vertex 37.891344560986454 -43.45922011883811 49.9
      vertex 37.522510458771855 -43.601343341165176 49.9
      vertex 37.58350448556991 -43.73743251636075 49.9
    endloop
  endfacet
  facet normal 0 0 1
    outer loop
      vertex 37.891344560986454 -43.45922011883811 49.9
      vertex 37.52179274798194 -43.44038077413373 49.9
      vertex 37.522510458771855 -43.601343341165176 49.9
    endloop
  endfacet
  facet normal 0 0 1
    outer loop
      vertex 37.891344560986454 -43.45922011883811 49.9
      vertex 37.58350448556991 -43.73743251636075 49.9
      vertex 37.61931528327216 -43.72438713009063 49.9
    endloop
  endfacet
  facet normal 0 0 1
    outer loop
      vertex 37.96076951545867 -43.6 49.9
      vertex 37.891344560986454 -43.45922011883811 49.9
      vertex 37.61931528327216 -43.72438713009063 49.9
    endloop
  endfacet
  facet normal 0 0 1
    outer loop
      vertex 37.891344560986454 -43.45922011883811 49.9
      vertex 37.84088900845312 -43.31058285412303 49.9
      vertex 37.52179274798194 -43.44038077413373 49.9
    endloop
  endfacet
  facet normal 0 0 1
    outer loop
      vertex 37.84088900845312 -43.31058285412303 49.9
      vertex 37.46849684069507 -43.20084492046476 49.9
      vertex 37.52179274798194 -43.44038077413373 49.9
    endloop
  endfacet
  facet normal 0 0 1
    outer loop
      vertex 37.810266166351425 -43.15663143066406 49.9
      vertex 37.413688221801905 -43.184693709175306 49.9
      vertex 37.46849684069507 -43.20084492046476 49.9
    endloop
  endfacet
  facet normal 0 0 1
    outer loop
      vertex 37.8 -43 49.9
      vertex 37.413688221801905 -42.900945697897924 49.9
      vertex 37.413688221801905 -43.184693709175306 49.9
    endloop
  endfacet
  facet normal 0 0 1
    outer loop
      vertex 37.84088900845312 -43.31058285412303 49.9
      vertex 37.810266166351425 -43.15663143066406 49.9
      vertex 37.46849684069507 -43.20084492046476 49.9
    endloop
  endfacet
  facet normal 0 0 1
    outer loop
      vertex 37.810266166351425 -43.15663143066406 49.9
      vertex 37.8 -43 49.9
      vertex 37.413688221801905 -43.184693709175306 49.9
    endloop
  endfacet
  facet normal 0 0 1
    outer loop
      vertex 37.810266166351425 -42.84336856933594 49.9
      vertex 37.44331909054752 -42.75676221153204 49.9
      vertex 37.413688221801905 -42.900945697897924 49.9
    endloop
  endfacet
  facet normal 0 0 1
    outer loop
      vertex 37.45451867793749 -42.6061688483526 49.9
      vertex 37.45320801049605 -42.605886448736214 49.9
      vertex 37.44331909054752 -42.75676221153204 49.9
    endloop
  endfacet
  facet normal 0 0 1
    outer loop
      vertex 37.84088900845312 -42.68941714587697 49.9
      vertex 37.45451867793749 -42.6061688483526 49.9
      vertex 37.44331909054752 -42.75676221153204 49.9
    endloop
  endfacet
  facet normal 0 0 1
    outer loop
      vertex 37.8 -43 49.9
      vertex 37.810266166351425 -42.84336856933594 49.9
      vertex 37.413688221801905 -42.900945697897924 49.9
    endloop
  endfacet
  facet normal 0 0 1
    outer loop
      vertex 37.810266166351425 -42.84336856933594 49.9
      vertex 37.84088900845312 -42.68941714587697 49.9
      vertex 37.44331909054752 -42.75676221153204 49.9
    endloop
  endfacet
  facet normal 0 0 1
    outer loop
      vertex 37.84088900845312 -42.68941714587697 49.9
      vertex 37.51655607661646 -42.46760267391341 49.9
      vertex 37.45451867793749 -42.6061688483526 49.9
    endloop
  endfacet
  facet normal 0 0 1
    outer loop
      vertex 37.84088900845312 -42.68941714587697 49.9
      vertex 37.52179274798194 -42.46862513058373 49.9
      vertex 37.51655607661646 -42.46760267391341 49.9
    endloop
  endfacet
  facet normal 0 0 1
    outer loop
      vertex 37.891344560986454 -42.54077988116189 49.9
      vertex 37.52179274798194 -42.46862513058373 49.9
      vertex 37.84088900845312 -42.68941714587697 49.9
    endloop
  endfacet
  facet normal 0 0 1
    outer loop
      vertex 37.891344560986454 -42.54077988116189 49.9
      vertex 37.60534747982428 -42.337494629266445 49.9
      vertex 37.52179274798194 -42.46862513058373 49.9
    endloop
  endfacet
  facet normal 0 0 1
    outer loop
      vertex 37.96076951545867 -42.4 49.9
      vertex 37.61428879348616 -42.20107654456616 49.9
      vertex 37.60534747982428 -42.337494629266445 49.9
    endloop
  endfacet
  facet normal 0 0 1
    outer loop
      vertex 37.891344560986454 -42.54077988116189 49.9
      vertex 37.96076951545867 -42.4 49.9
      vertex 37.60534747982428 -42.337494629266445 49.9
    endloop
  endfacet
  facet normal 0 0 1
    outer loop
      vertex 37.96076951545867 -42.4 49.9
      vertex 37.6143593539449 -42.20108767476023 49.9
      vertex 37.61428879348616 -42.20107654456616 49.9
    endloop
  endfacet
  facet normal 0 0 1
    outer loop
      vertex 38.04797599165052 -42.26948628518954 49.9
      vertex 37.72634568217273 -42.09141880184899 49.9
      vertex 37.6143593539449 -42.20108767476023 49.9
    endloop
  endfacet
  facet normal 0 0 1
    outer loop
      vertex 38.04797599165052 -42.26948628518954 49.9
      vertex 37.6143593539449 -42.20108767476023 49.9
      vertex 37.96076951545867 -42.4 49.9
    endloop
  endfacet
  facet normal 0 0 1
    outer loop
      vertex 38.04797599165052 -42.26948628518954 49.9
      vertex 37.730634655534026 -42.092024659567464 49.9
      vertex 37.72634568217273 -42.09141880184899 49.9
    endloop
  endfacet
  facet normal 0 0 1
    outer loop
      vertex 38.151471862576145 -42.151471862576145 49.9
      vertex 37.86027314171292 -41.996117201993975 49.9
      vertex 37.730634655534026 -42.092024659567464 49.9
    endloop
  endfacet
  facet normal 0 0 1
    outer loop
      vertex 38.151471862576145 -42.151471862576145 49.9
      vertex 37.730634655534026 -42.092024659567464 49.9
      vertex 38.04797599165052 -42.26948628518954 49.9
    endloop
  endfacet
  facet normal 0 0 1
    outer loop
      vertex 38.26948628518954 -42.04797599165052 49.9
      vertex 37.868629150101526 -41.89999273998417 49.9
      vertex 37.86658876791851 -41.89975936653163 49.9
    endloop
  endfacet
  facet normal 0 0 1
    outer loop
      vertex 38.26948628518954 -42.04797599165052 49.9
      vertex 37.86658876791851 -41.89975936653163 49.9
      vertex 37.86027314171292 -41.996117201993975 49.9
    endloop
  endfacet
  facet normal 0 0 1
    outer loop
      vertex 38.151471862576145 -42.151471862576145 49.9
      vertex 38.26948628518954 -42.04797599165052 49.9
      vertex 37.86027314171292 -41.996117201993975 49.9
    endloop
  endfacet
  facet normal 0 0 1
    outer loop
      vertex 38.4 -41.96076951545867 49.9
      vertex 37.868629150101526 -41.89999273998417 49.9
      vertex 38.26948628518954 -42.04797599165052 49.9
    endloop
  endfacet
  facet normal 0 0 1
    outer loop
      vertex 38.4 -41.96076951545867 49.9
      vertex 38.019017261808024 -41.836891656291776 49.9
      vertex 37.868629150101526 -41.89999273998417 49.9
    endloop
  endfacet
  facet normal 0 0 1
    outer loop
      vertex 38.4 -41.96076951545867 49.9
      vertex 38.54077988116189 -41.891344560986454 49.9
      vertex 38.019017261808024 -41.836891656291776 49.9
    endloop
  endfacet
  facet normal 0 0 1
    outer loop
      vertex 38.68941714587698 -41.84088900845312 49.9
      vertex 38.025672948747314 -41.735345496638075 49.9
      vertex 38.019017261808024 -41.836891656291776 49.9
    endloop
  endfacet
  facet normal 0 0 1
    outer loop
      vertex 38.54077988116189 -41.891344560986454 49.9
      vertex 38.68941714587698 -41.84088900845312 49.9
      vertex 38.019017261808024 -41.836891656291776 49.9
    endloop
  endfacet
  facet normal 0 0 1
    outer loop
      vertex 38.84336856933594 -44.189733833648575 49.9
      vertex 38.21892253775462 -44.352865849255956 49.9
      vertex 38.40920646372391 -44.35098057038167 49.9
    endloop
  endfacet
  facet normal 0 0 1
    outer loop
      vertex 39 -44.2 49.9
      vertex 38.40920646372391 -44.35098057038167 49.9
      vertex 38.403072338299765 -44.387279455845075 49.9
    endloop
  endfacet
  facet normal 0 0 1
    outer loop
      vertex 38.68941714587697 -44.15911099154688 49.9
      vertex 38.21892253775462 -44.352865849255956 49.9
      vertex 38.84336856933594 -44.189733833648575 49.9
    endloop
  endfacet
  facet normal 0 0 1
    outer loop
      vertex 38.84336856933594 -44.189733833648575 49.9
      vertex 38.40920646372391 -44.35098057038167 49.9
      vertex 39 -44.2 49.9
    endloop
  endfacet
  facet normal 0 0 1
    outer loop
      vertex 39.45922011883811 -44.108655439013546 49.9
      vertex 39.90098714645752 -44.31816319208776 49.9
      vertex 39.972065529576824 -44.25224772223137 49.9
    endloop
  endfacet
  facet normal 0 0 1
    outer loop
      vertex 39.45922011883811 -44.108655439013546 49.9
      vertex 39.972065529576824 -44.25224772223137 49.9
      vertex 39.6 -44.03923048454133 49.9
    endloop
  endfacet
  facet normal 0 0 1
    outer loop
      vertex 39.6 -44.03923048454133 49.9
      vertex 39.98834095545301 -44.25680470083149 49.9
      vertex 40.07707330926977 -44.17898851502824 49.9
    endloop
  endfacet
  facet normal 0 0 1
    outer loop
      vertex 39.972065529576824 -44.25224772223137 49.9
      vertex 39.98834095545301 -44.25680470083149 49.9
      vertex 39.6 -44.03923048454133 49.9
    endloop
  endfacet
  facet normal 0 0 1
    outer loop
      vertex 39.73051371481046 -43.95202400834948 49.9
      vertex 40.07707330926977 -44.17898851502824 49.9
      vertex 40.131370849898474 -44.075535230336186 49.9
    endloop
  endfacet
  facet normal 0 0 1
    outer loop
      vertex 39.6 -44.03923048454133 49.9
      vertex 40.07707330926977 -44.17898851502824 49.9
      vertex 39.73051371481046 -43.95202400834948 49.9
    endloop
  endfacet
  facet normal 0 0 1
    outer loop
      vertex 39.73051371481046 -43.95202400834948 49.9
      vertex 40.131370849898474 -44.075535230336186 49.9
      vertex 39.848528137423855 -43.848528137423855 49.9
    endloop
  endfacet
  facet normal 0 0 1
    outer loop
      vertex 40.131370849898474 -44.075535230336186 49.9
      vertex 40.16992073103075 -44.08741313522877 49.9
      vertex 39.848528137423855 -43.848528137423855 49.9
    endloop
  endfacet
  facet normal 0 0 1
    outer loop
      vertex 39.848528137423855 -43.848528137423855 49.9
      vertex 40.26158825246949 -43.98288636021601 49.9
      vertex 39.95202400834948 -43.73051371481046 49.9
    endloop
  endfacet
  facet normal 0 0 1
    outer loop
      vertex 39.848528137423855 -43.848528137423855 49.9
      vertex 40.16992073103075 -44.08741313522877 49.9
      vertex 40.26158825246949 -43.98288636021601 49.9
    endloop
  endfacet
  facet normal 0 0 1
    outer loop
      vertex 39.95202400834948 -43.73051371481046 49.9
      vertex 40.26158825246949 -43.98288636021601 49.9
      vertex 40.269365344465974 -43.839717877324134 49.9
    endloop
  endfacet
  facet normal 0 0 1
    outer loop
      vertex 39.95202400834948 -43.73051371481046 49.9
      vertex 40.269365344465974 -43.839717877324134 49.9
      vertex 40.03923048454133 -43.6 49.9
    endloop
  endfacet
  facet normal 0 0 1
    outer loop
      vertex 40.03923048454133 -43.6 49.9
      vertex 40.34232583626137 -43.86482519394606 49.9
      vertex 40.3856406460551 -43.72619250770157 49.9
    endloop
  endfacet
  facet normal 0 0 1
    outer loop
      vertex 40.269365344465974 -43.839717877324134 49.9
      vertex 40.34232583626137 -43.86482519394606 49.9
      vertex 40.03923048454133 -43.6 49.9
    endloop
  endfacet
  facet normal 0 0 1
    outer loop
      vertex 40.03923048454133 -43.6 49.9
      vertex 40.3856406460551 -43.72619250770157 49.9
      vertex 40.108655439013546 -43.45922011883811 49.9
    endloop
  endfacet
  facet normal 0 0 1
    outer loop
      vertex 40.3856406460551 -43.72619250770157 49.9
      vertex 40.41649551443009 -43.73743251636075 49.9
      vertex 40.108655439013546 -43.45922011883811 49.9
    endloop
  endfacet
  facet normal 0 0 1
    outer loop
      vertex 40.108655439013546 -43.45922011883811 49.9
      vertex 40.54548132206251 -43.32308983182287 49.9
      vertex 40.15911099154688 -43.31058285412303 49.9
    endloop
  endfacet
  facet normal 0 0 1
    outer loop
      vertex 40.108655439013546 -43.45922011883811 49.9
      vertex 40.41649551443009 -43.73743251636075 49.9
      vertex 40.47820725201806 -43.601619897398855 49.9
    endloop
  endfacet
  facet normal 0 0 1
    outer loop
      vertex 40.108655439013546 -43.45922011883811 49.9
      vertex 40.47820725201806 -43.601619897398855 49.9
      vertex 40.54548132206251 -43.32308983182287 49.9
    endloop
  endfacet
  facet normal 0 0 1
    outer loop
      vertex 40.47820725201806 -43.601619897398855 49.9
      vertex 40.481411346322254 -43.602854534338384 49.9
      vertex 40.54548132206251 -43.32308983182287 49.9
    endloop
  endfacet
  facet normal 0 0 1
    outer loop
      vertex 40.15911099154688 -43.31058285412303 49.9
      vertex 40.586311778198095 -43.184693709175306 49.9
      vertex 40.189733833648575 -43.15663143066406 49.9
    endloop
  endfacet
  facet normal 0 0 1
    outer loop
      vertex 40.189733833648575 -43.15663143066406 49.9
      vertex 40.59710661728094 -43.04414448969864 49.9
      vertex 40.2 -43 49.9
    endloop
  endfacet
  facet normal 0 0 1
    outer loop
      vertex 40.54548132206251 -43.32308983182287 49.9
      vertex 40.56478292224396 -43.317074775310616 49.9
      vertex 40.15911099154688 -43.31058285412303 49.9
    endloop
  endfacet
  facet normal 0 0 1
    outer loop
      vertex 40.15911099154688 -43.31058285412303 49.9
      vertex 40.56478292224396 -43.317074775310616 49.9
      vertex 40.586311778198095 -43.184693709175306 49.9
    endloop
  endfacet
  facet normal 0 0 1
    outer loop
      vertex 40.189733833648575 -43.15663143066406 49.9
      vertex 40.58792570712523 -43.184218110489645 49.9
      vertex 40.59710661728094 -43.04414448969864 49.9
    endloop
  endfacet
  facet normal 0 0 1
    outer loop
      vertex 40.586311778198095 -43.184693709175306 49.9
      vertex 40.58792570712523 -43.184218110489645 49.9
      vertex 40.189733833648575 -43.15663143066406 49.9
    endloop
  endfacet
  facet normal 0 0 1
    outer loop
      vertex 39 -41.8 49.9
      vertex 39.15663143066406 -41.810266166351425 49.9
      vertex 39.78683156209494 -41.73005941670267 49.9
    endloop
  endfacet
  facet normal 0 0 1
    outer loop
      vertex 39.15663143066406 -41.810266166351425 49.9
      vertex 39.31058285412303 -41.84088900845312 49.9
      vertex 39.971754437639156 -41.73558121018476 49.9
    endloop
  endfacet
  facet normal 0 0 1
    outer loop
      vertex 39 -41.8 49.9
      vertex 39.78683156209494 -41.73005941670267 49.9
      vertex 39.78720865862649 -41.72674618451212 49.9
    endloop
  endfacet
  facet normal 0 0 1
    outer loop
      vertex 40.2 -43 49.9
      vertex 40.57899291747145 -42.902822328853475 49.9
      vertex 40.189733833648575 -42.84336856933594 49.9
    endloop
  endfacet
  facet normal 0 0 1
    outer loop
      vertex 40.189733833648575 -42.84336856933594 49.9
      vertex 40.57844810681264 -42.751624746738706 49.9
      vertex 40.15911099154688 -42.68941714587697 49.9
    endloop
  endfacet
  facet normal 0 0 1
    outer loop
      vertex 40.2 -43 49.9
      vertex 40.59710661728094 -43.04414448969864 49.9
      vertex 40.57899291747145 -42.902822328853475 49.9
    endloop
  endfacet
  facet normal 0 0 1
    outer loop
      vertex 40.189733833648575 -42.84336856933594 49.9
      vertex 40.57899291747145 -42.902822328853475 49.9
      vertex 40.57844810681264 -42.751624746738706 49.9
    endloop
  endfacet
  facet normal 0 0 1
    outer loop
      vertex 40.15911099154688 -42.68941714587697 49.9
      vertex 40.57844810681264 -42.751624746738706 49.9
      vertex 40.54413310544831 -42.6064593384057 49.9
    endloop
  endfacet
  facet normal 0 0 1
    outer loop
      vertex 40.15911099154688 -42.68941714587697 49.9
      vertex 40.47283481248258 -42.469674095900736 49.9
      vertex 40.108655439013546 -42.54077988116189 49.9
    endloop
  endfacet
  facet normal 0 0 1
    outer loop
      vertex 40.108655439013546 -42.54077988116189 49.9
      vertex 40.44875354258732 -42.32798029384583 49.9
      vertex 40.03923048454133 -42.4 49.9
    endloop
  endfacet
  facet normal 0 0 1
    outer loop
      vertex 40.03923048454133 -42.4 49.9
      vertex 40.44875354258732 -42.32798029384583 49.9
      vertex 40.386138314890886 -42.2010091725676 49.9
    endloop
  endfacet
  facet normal 0 0 1
    outer loop
      vertex 40.15911099154688 -42.68941714587697 49.9
      vertex 40.54413310544831 -42.6064593384057 49.9
      vertex 40.503968043524445 -42.46359535283558 49.9
    endloop
  endfacet
  facet normal 0 0 1
    outer loop
      vertex 40.15911099154688 -42.68941714587697 49.9
      vertex 40.503968043524445 -42.46359535283558 49.9
      vertex 40.47283481248258 -42.469674095900736 49.9
    endloop
  endfacet
  facet normal 0 0 1
    outer loop
      vertex 40.108655439013546 -42.54077988116189 49.9
      vertex 40.47283481248258 -42.469674095900736 49.9
      vertex 40.44875354258732 -42.32798029384583 49.9
    endloop
  endfacet
  facet normal 0 0 1
    outer loop
      vertex 39.95202400834948 -42.26948628518954 49.9
      vertex 40.264996208886764 -42.09264184095115 49.9
      vertex 39.848528137423855 -42.151471862576145 49.9
    endloop
  endfacet
  facet normal 0 0 1
    outer loop
      vertex 39.73051371481046 -42.04797599165052 49.9
      vertex 40.123316493243415 -41.90091397573903 49.9
      vertex 39.6 -41.96076951545867 49.9
    endloop
  endfacet
  facet normal 0 0 1
    outer loop
      vertex 39.73051371481046 -42.04797599165052 49.9
      vertex 39.848528137423855 -42.151471862576145 49.9
      vertex 40.23282785583182 -41.98431869276852 49.9
    endloop
  endfacet
  facet normal 0 0 1
    outer loop
      vertex 39.73051371481046 -42.04797599165052 49.9
      vertex 40.15636855473001 -41.897133569417676 49.9
      vertex 40.123316493243415 -41.90091397573903 49.9
    endloop
  endfacet
  facet normal 0 0 1
    outer loop
      vertex 39.73051371481046 -42.04797599165052 49.9
      vertex 40.23282785583182 -41.98431869276852 49.9
      vertex 40.15636855473001 -41.897133569417676 49.9
    endloop
  endfacet
  facet normal 0 0 1
    outer loop
      vertex 39.31058285412303 -41.84088900845312 49.9
      vertex 39.45922011883811 -41.891344560986454 49.9
      vertex 39.97891104751347 -41.734925491857354 49.9
    endloop
  endfacet
  facet normal 0 0 1
    outer loop
      vertex 39.45922011883811 -41.891344560986454 49.9
      vertex 39.6 -41.96076951545867 49.9
      vertex 40.08303641747954 -41.826240990518 49.9
    endloop
  endfacet
  facet normal 0 0 1
    outer loop
      vertex 39.31058285412303 -41.84088900845312 49.9
      vertex 39.97891104751347 -41.734925491857354 49.9
      vertex 39.971754437639156 -41.73558121018476 49.9
    endloop
  endfacet
  facet normal 0 0 1
    outer loop
      vertex 39.15663143066406 -41.810266166351425 49.9
      vertex 39.971754437639156 -41.73558121018476 49.9
      vertex 39.78683156209494 -41.73005941670267 49.9
    endloop
  endfacet
  facet normal 0 0 1
    outer loop
      vertex 39.45922011883811 -41.891344560986454 49.9
      vertex 40.08303641747954 -41.826240990518 49.9
      vertex 39.97891104751347 -41.734925491857354 49.9
    endloop
  endfacet
  facet normal 0 0 1
    outer loop
      vertex 39.6 -41.96076951545867 49.9
      vertex 40.123316493243415 -41.90091397573903 49.9
      vertex 40.08303641747954 -41.826240990518 49.9
    endloop
  endfacet
  facet normal 0 0 1
    outer loop
      vertex 39.95202400834948 -42.26948628518954 49.9
      vertex 40.03923048454133 -42.4 49.9
      vertex 40.38556861133129 -42.201099037504605 49.9
    endloop
  endfacet
  facet normal 0 0 1
    outer loop
      vertex 39.95202400834948 -42.26948628518954 49.9
      vertex 40.30968792308077 -42.08632871710649 49.9
      vertex 40.264996208886764 -42.09264184095115 49.9
    endloop
  endfacet
  facet normal 0 0 1
    outer loop
      vertex 40.03923048454133 -42.4 49.9
      vertex 40.386138314890886 -42.2010091725676 49.9
      vertex 40.38556861133129 -42.201099037504605 49.9
    endloop
  endfacet
  facet normal 0 0 1
    outer loop
      vertex 39.95202400834948 -42.26948628518954 49.9
      vertex 40.38556861133129 -42.201099037504605 49.9
      vertex 40.30968792308077 -42.08632871710649 49.9
    endloop
  endfacet
  facet normal 0 0 1
    outer loop
      vertex 39.848528137423855 -42.151471862576145 49.9
      vertex 40.264996208886764 -42.09264184095115 49.9
      vertex 40.23282785583182 -41.98431869276852 49.9
    endloop
  endfacet
  facet normal 0 0 1
    outer loop
      vertex -94.84852813742386 44.151471862576145 49.9
      vertex -95.26499620888677 44.09264184095115 49.9
      vertex -95.23282785583183 43.98431869276852 49.9
    endloop
  endfacet
  facet normal 0 0 1
    outer loop
      vertex -94.95202400834948 44.269486285189544 49.9
      vertex -95.3855686113313 44.20109903750461 49.9
      vertex -95.26936534446598 44.092024659567464 49.9
    endloop
  endfacet
  facet normal 0 0 1
    outer loop
      vertex -95.03923048454132 44.400000000000006 49.9
      vertex -95.3861383148909 44.2010091725676 49.9
      vertex -95.3855686113313 44.20109903750461 49.9
    endloop
  endfacet
  facet normal 0 0 1
    outer loop
      vertex -94.95202400834948 44.269486285189544 49.9
      vertex -95.26936534446598 44.092024659567464 49.9
      vertex -95.26499620888677 44.09264184095115 49.9
    endloop
  endfacet
  facet normal 0 0 1
    outer loop
      vertex -95.03923048454132 44.400000000000006 49.9
      vertex -95.3855686113313 44.20109903750461 49.9
      vertex -94.95202400834948 44.269486285189544 49.9
    endloop
  endfacet
  facet normal 0 0 1
    outer loop
      vertex -94.45922011883812 43.89134456098646 49.9
      vertex -94.97070928942041 43.83796382801527 49.9
      vertex -94.97387176338852 43.735387212003594 49.9
    endloop
  endfacet
  facet normal 0 0 1
    outer loop
      vertex -94.6 43.96076951545868 49.9
      vertex -95.12331649324341 43.90091397573904 49.9
      vertex -94.97070928942041 43.83796382801527 49.9
    endloop
  endfacet
  facet normal 0 0 1
    outer loop
      vertex -94.15663143066406 43.810266166351425 49.9
      vertex -94.97175443763916 43.73558121018476 49.9
      vertex -94.95128047484329 43.715441735569485 49.9
    endloop
  endfacet
  facet normal 0 0 1
    outer loop
      vertex -94 43.8 49.9
      vertex -94.95128047484329 43.715441735569485 49.9
      vertex -94.94703265288307 43.71260343167798 49.9
    endloop
  endfacet
  facet normal 0 0 1
    outer loop
      vertex -94.31058285412303 43.84088900845312 49.9
      vertex -94.97387176338852 43.735387212003594 49.9
      vertex -94.97175443763916 43.73558121018476 49.9
    endloop
  endfacet
  facet normal 0 0 1
    outer loop
      vertex -94.6 43.96076951545868 49.9
      vertex -94.97070928942041 43.83796382801527 49.9
      vertex -94.45922011883812 43.89134456098646 49.9
    endloop
  endfacet
  facet normal 0 0 1
    outer loop
      vertex -94.45922011883812 43.89134456098646 49.9
      vertex -94.97387176338852 43.735387212003594 49.9
      vertex -94.31058285412303 43.84088900845312 49.9
    endloop
  endfacet
  facet normal 0 0 1
    outer loop
      vertex -94.73051371481047 44.04797599165052 49.9
      vertex -95.23282785583183 43.98431869276852 49.9
      vertex -95.15636855473002 43.89713356941768 49.9
    endloop
  endfacet
  facet normal 0 0 1
    outer loop
      vertex -94.73051371481047 44.04797599165052 49.9
      vertex -95.15636855473002 43.89713356941768 49.9
      vertex -95.12331649324341 43.90091397573904 49.9
    endloop
  endfacet
  facet normal 0 0 1
    outer loop
      vertex -94.84852813742386 44.151471862576145 49.9
      vertex -95.23282785583183 43.98431869276852 49.9
      vertex -94.73051371481047 44.04797599165052 49.9
    endloop
  endfacet
  facet normal 0 0 1
    outer loop
      vertex -94.6 43.96076951545868 49.9
      vertex -94.73051371481047 44.04797599165052 49.9
      vertex -95.12331649324341 43.90091397573904 49.9
    endloop
  endfacet
  facet normal 0 0 1
    outer loop
      vertex -94.84852813742386 44.151471862576145 49.9
      vertex -94.95202400834948 44.269486285189544 49.9
      vertex -95.26499620888677 44.09264184095115 49.9
    endloop
  endfacet
  facet normal 0 0 1
    outer loop
      vertex -95.10865543901355 44.54077988116188 49.9
      vertex -95.47283481248257 44.469674095900736 49.9
      vertex -95.44875354258731 44.32798029384584 49.9
    endloop
  endfacet
  facet normal 0 0 1
    outer loop
      vertex -95.15911099154688 44.68941714587697 49.9
      vertex -95.47820725201805 44.46862513058373 49.9
      vertex -95.47283481248257 44.469674095900736 49.9
    endloop
  endfacet
  facet normal 0 0 1
    outer loop
      vertex -95.15911099154688 44.68941714587697 49.9
      vertex -95.54413310544832 44.6064593384057 49.9
      vertex -95.47820725201805 44.46862513058373 49.9
    endloop
  endfacet
  facet normal 0 0 1
    outer loop
      vertex -95.03923048454132 44.400000000000006 49.9
      vertex -95.44875354258731 44.32798029384584 49.9
      vertex -95.3861383148909 44.2010091725676 49.9
    endloop
  endfacet
  facet normal 0 0 1
    outer loop
      vertex -95.03923048454132 44.400000000000006 49.9
      vertex -95.10865543901355 44.54077988116188 49.9
      vertex -95.44875354258731 44.32798029384584 49.9
    endloop
  endfacet
  facet normal 0 0 1
    outer loop
      vertex -95.10865543901355 44.54077988116188 49.9
      vertex -95.15911099154688 44.68941714587697 49.9
      vertex -95.47283481248257 44.469674095900736 49.9
    endloop
  endfacet
  facet normal 0 0 1
    outer loop
      vertex -95.15911099154688 44.68941714587697 49.9
      vertex -95.54548132206251 44.759405523161185 49.9
      vertex -95.54413310544832 44.6064593384057 49.9
    endloop
  endfacet
  facet normal 0 0 1
    outer loop
      vertex -95.18973383364857 44.84336856933594 49.9
      vertex -95.57899291747145 44.902822328853475 49.9
      vertex -95.54548132206251 44.759405523161185 49.9
    endloop
  endfacet
  facet normal 0 0 1
    outer loop
      vertex -95.18973383364857 45.15663143066406 49.9
      vertex -95.5863117781981 44.900945697897924 49.9
      vertex -95.57899291747145 44.902822328853475 49.9
    endloop
  endfacet
  facet normal 0 0 1
    outer loop
      vertex -95.18973383364857 44.84336856933594 49.9
      vertex -95.2 45 49.9
      vertex -95.57899291747145 44.902822328853475 49.9
    endloop
  endfacet
  facet normal 0 0 1
    outer loop
      vertex -95.15911099154688 44.68941714587697 49.9
      vertex -95.18973383364857 44.84336856933594 49.9
      vertex -95.54548132206251 44.759405523161185 49.9
    endloop
  endfacet
  facet normal 0 0 1
    outer loop
      vertex -94.31058285412303 43.84088900845312 49.9
      vertex -94.97175443763916 43.73558121018476 49.9
      vertex -94.15663143066406 43.810266166351425 49.9
    endloop
  endfacet
  facet normal 0 0 1
    outer loop
      vertex -94.15663143066406 43.810266166351425 49.9
      vertex -94.95128047484329 43.715441735569485 49.9
      vertex -94 43.8 49.9
    endloop
  endfacet
  facet normal 0 0 1
    outer loop
      vertex -95.18973383364857 45.15663143066406 49.9
      vertex -95.5863117781981 45.184693709175306 49.9
      vertex -95.5863117781981 44.900945697897924 49.9
    endloop
  endfacet
  facet normal 0 0 1
    outer loop
      vertex -95.2 45 49.9
      vertex -95.18973383364857 45.15663143066406 49.9
      vertex -95.57899291747145 44.902822328853475 49.9
    endloop
  endfacet
  facet normal 0 0 1
    outer loop
      vertex -95.15911099154688 45.31058285412303 49.9
      vertex -95.54548132206251 45.32308983182288 49.9
      vertex -95.55157152636916 45.32119191026553 49.9
    endloop
  endfacet
  facet normal 0 0 1
    outer loop
      vertex -95.15911099154688 45.31058285412303 49.9
      vertex -95.55157152636916 45.32119191026553 49.9
      vertex -95.5863117781981 45.184693709175306 49.9
    endloop
  endfacet
  facet normal 0 0 1
    outer loop
      vertex -95.18973383364857 45.15663143066406 49.9
      vertex -95.15911099154688 45.31058285412303 49.9
      vertex -95.5863117781981 45.184693709175306 49.9
    endloop
  endfacet
  facet normal 0 0 1
    outer loop
      vertex -95.47820725201805 45.60161989739886 49.9
      vertex -95.47888960294767 45.60188282838136 49.9
      vertex -95.54548132206251 45.32308983182288 49.9
    endloop
  endfacet
  facet normal 0 0 1
    outer loop
      vertex -95.10865543901355 45.45922011883812 49.9
      vertex -95.47820725201805 45.60161989739886 49.9
      vertex -95.54548132206251 45.32308983182288 49.9
    endloop
  endfacet
  facet normal 0 0 1
    outer loop
      vertex -95.10865543901355 45.45922011883812 49.9
      vertex -95.39036543287693 45.727913683243294 49.9
      vertex -95.47820725201805 45.60161989739886 49.9
    endloop
  endfacet
  facet normal 0 0 1
    outer loop
      vertex -95.10865543901355 45.45922011883812 49.9
      vertex -95.54548132206251 45.32308983182288 49.9
      vertex -95.15911099154688 45.31058285412303 49.9
    endloop
  endfacet
  facet normal 0 0 1
    outer loop
      vertex -95.10865543901355 45.45922011883812 49.9
      vertex -95.38564064605511 45.72619250770157 49.9
      vertex -95.39036543287693 45.727913683243294 49.9
    endloop
  endfacet
  facet normal 0 0 1
    outer loop
      vertex -95.03923048454132 45.599999999999994 49.9
      vertex -95.38564064605511 45.72619250770157 49.9
      vertex -95.10865543901355 45.45922011883812 49.9
    endloop
  endfacet
  facet normal 0 0 1
    outer loop
      vertex -95.03923048454132 45.599999999999994 49.9
      vertex -95.27797369733958 45.8426802016708 49.9
      vertex -95.38564064605511 45.72619250770157 49.9
    endloop
  endfacet
  facet normal 0 0 1
    outer loop
      vertex -95.03923048454132 45.599999999999994 49.9
      vertex -95.26936534446598 45.839717877324134 49.9
      vertex -95.27797369733958 45.8426802016708 49.9
    endloop
  endfacet
  facet normal 0 0 1
    outer loop
      vertex -94.95202400834948 45.730513714810456 49.9
      vertex -95.26936534446598 45.839717877324134 49.9
      vertex -95.03923048454132 45.599999999999994 49.9
    endloop
  endfacet
  facet normal 0 0 1
    outer loop
      vertex -94.95202400834948 45.730513714810456 49.9
      vertex -95.14361812117774 45.94451359895058 49.9
      vertex -95.26936534446598 45.839717877324134 49.9
    endloop
  endfacet
  facet normal 0 0 1
    outer loop
      vertex -94.95202400834948 45.730513714810456 49.9
      vertex -94.84852813742386 45.848528137423855 49.9
      vertex -95.14361812117774 45.94451359895058 49.9
    endloop
  endfacet
  facet normal 0 0 1
    outer loop
      vertex -94.84852813742386 45.848528137423855 49.9
      vertex -95.13495806554516 46.07664051535988 49.9
      vertex -95.14361812117774 45.94451359895058 49.9
    endloop
  endfacet
  facet normal 0 0 1
    outer loop
      vertex -94.84852813742386 45.848528137423855 49.9
      vertex -95.13137084989847 46.075535230336186 49.9
      vertex -95.13495806554516 46.07664051535988 49.9
    endloop
  endfacet
  facet normal 0 0 1
    outer loop
      vertex -94.73051371481047 45.95202400834948 49.9
      vertex -94.98177176977998 46.15107004798624 49.9
      vertex -95.13137084989847 46.075535230336186 49.9
    endloop
  endfacet
  facet normal 0 0 1
    outer loop
      vertex -94.73051371481047 45.95202400834948 49.9
      vertex -95.13137084989847 46.075535230336186 49.9
      vertex -94.84852813742386 45.848528137423855 49.9
    endloop
  endfacet
  facet normal 0 0 1
    outer loop
      vertex -94.73051371481047 45.95202400834948 49.9
      vertex -94.6 46.03923048454132 49.9
      vertex -94.98177176977998 46.15107004798624 49.9
    endloop
  endfacet
  facet normal 0 0 1
    outer loop
      vertex -94.6 46.03923048454132 49.9
      vertex -94.97508482572553 46.25309309906155 49.9
      vertex -94.98177176977998 46.15107004798624 49.9
    endloop
  endfacet
  facet normal 0 0 1
    outer loop
      vertex -94.6 46.03923048454132 49.9
      vertex -94.97206552957682 46.25224772223137 49.9
      vertex -94.97508482572553 46.25309309906155 49.9
    endloop
  endfacet
  facet normal 0 0 1
    outer loop
      vertex -94.4592201188381 46.108655439013546 49.9
      vertex -94.97206552957682 46.25224772223137 49.9
      vertex -94.6 46.03923048454132 49.9
    endloop
  endfacet
  facet normal 0 0 1
    outer loop
      vertex -94.4592201188381 46.108655439013546 49.9
      vertex -94.8092571283397 46.2934515471578 49.9
      vertex -94.97206552957682 46.25224772223137 49.9
    endloop
  endfacet
  facet normal 0 0 1
    outer loop
      vertex -94 46.2 49.9
      vertex -93.84336856933594 46.189733833648575 49.9
      vertex -93.4092064637239 46.35098057038167 49.9
    endloop
  endfacet
  facet normal 0 0 1
    outer loop
      vertex -93.84336856933594 46.189733833648575 49.9
      vertex -93.68941714587697 46.15911099154688 49.9
      vertex -93.21892253775462 46.352865849255956 49.9
    endloop
  endfacet
  facet normal 0 0 1
    outer loop
      vertex -93.68941714587697 46.15911099154688 49.9
      vertex -93.54077988116188 46.10865543901354 49.9
      vertex -93.21111723526106 46.287962787324254 49.9
    endloop
  endfacet
  facet normal 0 0 1
    outer loop
      vertex -94 46.2 49.9
      vertex -93.4092064637239 46.35098057038167 49.9
      vertex -93.40307233829976 46.387279455845075 49.9
    endloop
  endfacet
  facet normal 0 0 1
    outer loop
      vertex -93.84336856933594 46.189733833648575 49.9
      vertex -93.21892253775462 46.352865849255956 49.9
      vertex -93.4092064637239 46.35098057038167 49.9
    endloop
  endfacet
  facet normal 0 0 1
    outer loop
      vertex -93.68941714587697 43.84088900845312 49.9
      vertex -92.91696358252047 43.82624099051801 49.9
      vertex -93.5407798811619 43.891344560986454 49.9
    endloop
  endfacet
  facet normal 0 0 1
    outer loop
      vertex -93.68941714587697 43.84088900845312 49.9
      vertex -93.02108895248654 43.734925491857354 49.9
      vertex -92.91696358252047 43.82624099051801 49.9
    endloop
  endfacet
  facet normal 0 0 1
    outer loop
      vertex -93.5407798811619 43.891344560986454 49.9
      vertex -92.91696358252047 43.82624099051801 49.9
      vertex -93.4 43.96076951545868 49.9
    endloop
  endfacet
  facet normal 0 0 1
    outer loop
      vertex -93.4 43.96076951545868 49.9
      vertex -92.91696358252047 43.82624099051801 49.9
      vertex -92.86862915010153 43.89999273998418 49.9
    endloop
  endfacet
  facet normal 0 0 1
    outer loop
      vertex -93.4 43.96076951545868 49.9
      vertex -92.86862915010153 43.89999273998418 49.9
      vertex -93.26948628518953 44.04797599165052 49.9
    endloop
  endfacet
  facet normal 0 0 1
    outer loop
      vertex -93.26948628518953 44.04797599165052 49.9
      vertex -92.76717214416817 43.98431869276852 49.9
      vertex -93.15147186257614 44.151471862576145 49.9
    endloop
  endfacet
  facet normal 0 0 1
    outer loop
      vertex -93.26948628518953 44.04797599165052 49.9
      vertex -92.84363144526998 43.89713356941768 49.9
      vertex -92.76717214416817 43.98431869276852 49.9
    endloop
  endfacet
  facet normal 0 0 1
    outer loop
      vertex -92.86862915010153 43.89999273998418 49.9
      vertex -92.84363144526998 43.89713356941768 49.9
      vertex -93.26948628518953 44.04797599165052 49.9
    endloop
  endfacet
  facet normal 0 0 1
    outer loop
      vertex -93.15147186257614 44.151471862576145 49.9
      vertex -92.73063465553402 44.092024659567464 49.9
      vertex -93.04797599165052 44.269486285189544 49.9
    endloop
  endfacet
  facet normal 0 0 1
    outer loop
      vertex -93.15147186257614 44.151471862576145 49.9
      vertex -92.76717214416817 43.98431869276852 49.9
      vertex -92.73063465553402 44.092024659567464 49.9
    endloop
  endfacet
  facet normal 0 0 1
    outer loop
      vertex -92.73063465553402 44.092024659567464 49.9
      vertex -92.69031207691921 44.08632871710649 49.9
      vertex -93.04797599165052 44.269486285189544 49.9
    endloop
  endfacet
  facet normal 0 0 1
    outer loop
      vertex -93.04797599165052 44.269486285189544 49.9
      vertex -92.61435935394489 44.20108767476024 49.9
      vertex -92.96076951545868 44.400000000000006 49.9
    endloop
  endfacet
  facet normal 0 0 1
    outer loop
      vertex -93.04797599165052 44.269486285189544 49.9
      vertex -92.69031207691921 44.08632871710649 49.9
      vertex -92.61435935394489 44.20108767476024 49.9
    endloop
  endfacet
  facet normal 0 0 1
    outer loop
      vertex -92.61435935394489 44.20108767476024 49.9
      vertex -92.6138616851091 44.2010091725676 49.9
      vertex -92.96076951545868 44.400000000000006 49.9
    endloop
  endfacet
  facet normal 0 0 1
    outer loop
      vertex -92.96076951545868 44.400000000000006 49.9
      vertex -92.55124645741269 44.32798029384584 49.9
      vertex -92.89134456098645 44.54077988116188 49.9
    endloop
  endfacet
  facet normal 0 0 1
    outer loop
      vertex -92.96076951545868 44.400000000000006 49.9
      vertex -92.6138616851091 44.2010091725676 49.9
      vertex -92.55124645741269 44.32798029384584 49.9
    endloop
  endfacet
  facet normal 0 0 1
    outer loop
      vertex -92.89134456098645 44.54077988116188 49.9
      vertex -92.52179274798195 44.46862513058373 49.9
      vertex -92.84088900845312 44.68941714587697 49.9
    endloop
  endfacet
  facet normal 0 0 1
    outer loop
      vertex -92.89134456098645 44.54077988116188 49.9
      vertex -92.55124645741269 44.32798029384584 49.9
      vertex -92.52179274798195 44.46862513058373 49.9
    endloop
  endfacet
  facet normal 0 0 1
    outer loop
      vertex -92.52179274798195 44.46862513058373 49.9
      vertex -92.49603195647556 44.46359535283558 49.9
      vertex -92.84088900845312 44.68941714587697 49.9
    endloop
  endfacet
  facet normal 0 0 1
    outer loop
      vertex -92.84088900845312 44.68941714587697 49.9
      vertex -92.49603195647556 44.46359535283558 49.9
      vertex -92.45451867793749 44.6061688483526 49.9
    endloop
  endfacet
  facet normal 0 0 1
    outer loop
      vertex -92.84088900845312 44.68941714587697 49.9
      vertex -92.42155189318736 44.751624746738706 49.9
      vertex -92.81026616635143 44.84336856933594 49.9
    endloop
  endfacet
  facet normal 0 0 1
    outer loop
      vertex -92.81026616635143 44.84336856933594 49.9
      vertex -92.4136882218019 44.900945697897924 49.9
      vertex -92.8 45 49.9
    endloop
  endfacet
  facet normal 0 0 1
    outer loop
      vertex -92.84088900845312 44.68941714587697 49.9
      vertex -92.45451867793749 44.6061688483526 49.9
      vertex -92.42155189318736 44.751624746738706 49.9
    endloop
  endfacet
  facet normal 0 0 1
    outer loop
      vertex -92.45451867793749 44.6061688483526 49.9
      vertex -92.45065064692173 44.60533543291824 49.9
      vertex -92.42155189318736 44.751624746738706 49.9
    endloop
  endfacet
  facet normal 0 0 1
    outer loop
      vertex -92.81026616635143 44.84336856933594 49.9
      vertex -92.42155189318736 44.751624746738706 49.9
      vertex -92.4136882218019 44.900945697897924 49.9
    endloop
  endfacet
  facet normal 0 0 1
    outer loop
      vertex -92.8 45 49.9
      vertex -92.4136882218019 44.900945697897924 49.9
      vertex -92.40289338271907 45.04414448969864 49.9
    endloop
  endfacet
  facet normal 0 0 1
    outer loop
      vertex -92.8 45 49.9
      vertex -92.40289338271907 45.04414448969864 49.9
      vertex -92.81026616635143 45.15663143066406 49.9
    endloop
  endfacet
  facet normal 0 0 1
    outer loop
      vertex -92.81026616635143 45.15663143066406 49.9
      vertex -92.46849684069507 45.20084492046475 49.9
      vertex -92.84088900845312 45.31058285412303 49.9
    endloop
  endfacet
  facet normal 0 0 1
    outer loop
      vertex -92.81026616635143 45.15663143066406 49.9
      vertex -92.40289338271907 45.04414448969864 49.9
      vertex -92.41207429287478 45.18421811048965 49.9
    endloop
  endfacet
  facet normal 0 0 1
    outer loop
      vertex -92.81026616635143 45.15663143066406 49.9
      vertex -92.41207429287478 45.18421811048965 49.9
      vertex -92.46849684069507 45.20084492046475 49.9
    endloop
  endfacet
  facet normal 0 0 1
    outer loop
      vertex -92.84088900845312 45.31058285412303 49.9
      vertex -92.46849684069507 45.20084492046475 49.9
      vertex -92.47051642189767 45.461238306157775 49.9
    endloop
  endfacet
  facet normal 0 0 1
    outer loop
      vertex -92.84088900845312 45.31058285412303 49.9
      vertex -92.47051642189767 45.461238306157775 49.9
      vertex -92.89134456098645 45.45922011883812 49.9
    endloop
  endfacet
  facet normal 0 0 1
    outer loop
      vertex -92.89134456098645 45.45922011883812 49.9
      vertex -92.61931528327214 45.72438713009063 49.9
      vertex -92.96076951545868 45.599999999999994 49.9
    endloop
  endfacet
  facet normal 0 0 1
    outer loop
      vertex -92.89134456098645 45.45922011883812 49.9
      vertex -92.52251045877186 45.60134334116518 49.9
      vertex -92.5835044855699 45.73743251636074 49.9
    endloop
  endfacet
  facet normal 0 0 1
    outer loop
      vertex -92.89134456098645 45.45922011883812 49.9
      vertex -92.5835044855699 45.73743251636074 49.9
      vertex -92.61931528327214 45.72438713009063 49.9
    endloop
  endfacet
  facet normal 0 0 1
    outer loop
      vertex -92.89134456098645 45.45922011883812 49.9
      vertex -92.47051642189767 45.461238306157775 49.9
      vertex -92.52251045877186 45.60134334116518 49.9
    endloop
  endfacet
  facet normal 0 0 1
    outer loop
      vertex -93.26948628518953 45.95202400834948 49.9
      vertex -92.92292669073022 46.17898851502823 49.9
      vertex -93.4 46.03923048454132 49.9
    endloop
  endfacet
  facet normal 0 0 1
    outer loop
      vertex -93.15147186257614 45.848528137423855 49.9
      vertex -93.04797599165052 45.730513714810456 49.9
      vertex -92.7384117475305 45.98288636021601 49.9
    endloop
  endfacet
  facet normal 0 0 1
    outer loop
      vertex -93.15147186257614 45.848528137423855 49.9
      vertex -92.88371883765546 46.07088582887605 49.9
      vertex -93.26948628518953 45.95202400834948 49.9
    endloop
  endfacet
  facet normal 0 0 1
    outer loop
      vertex -93.15147186257614 45.848528137423855 49.9
      vertex -92.83007926896924 46.08741313522877 49.9
      vertex -92.88371883765546 46.07088582887605 49.9
    endloop
  endfacet
  facet normal 0 0 1
    outer loop
      vertex -93.4 46.03923048454132 49.9
      vertex -93.03468020115666 46.250358975919696 49.9
      vertex -93.54077988116188 46.10865543901354 49.9
    endloop
  endfacet
  facet normal 0 0 1
    outer loop
      vertex -93.54077988116188 46.10865543901354 49.9
      vertex -93.03468020115666 46.250358975919696 49.9
      vertex -93.21111723526106 46.287962787324254 49.9
    endloop
  endfacet
  facet normal 0 0 1
    outer loop
      vertex -93.68941714587697 46.15911099154688 49.9
      vertex -93.20326471269885 46.356956342961084 49.9
      vertex -93.21892253775462 46.352865849255956 49.9
    endloop
  endfacet
  facet normal 0 0 1
    outer loop
      vertex -93.68941714587697 46.15911099154688 49.9
      vertex -93.21111723526106 46.287962787324254 49.9
      vertex -93.20326471269885 46.356956342961084 49.9
    endloop
  endfacet
  facet normal 0 0 1
    outer loop
      vertex -93.4 46.03923048454132 49.9
      vertex -92.92292669073022 46.17898851502823 49.9
      vertex -93.011659044547 46.25680470083148 49.9
    endloop
  endfacet
  facet normal 0 0 1
    outer loop
      vertex -93.4 46.03923048454132 49.9
      vertex -93.011659044547 46.25680470083148 49.9
      vertex -93.03468020115666 46.250358975919696 49.9
    endloop
  endfacet
  facet normal 0 0 1
    outer loop
      vertex -93.26948628518953 45.95202400834948 49.9
      vertex -92.88371883765546 46.07088582887605 49.9
      vertex -92.92292669073022 46.17898851502823 49.9
    endloop
  endfacet
  facet normal 0 0 1
    outer loop
      vertex -93.04797599165052 45.730513714810456 49.9
      vertex -92.96076951545868 45.599999999999994 49.9
      vertex -92.73964029109125 45.8366188392317 49.9
    endloop
  endfacet
  facet normal 0 0 1
    outer loop
      vertex -93.04797599165052 45.730513714810456 49.9
      vertex -92.73964029109125 45.8366188392317 49.9
      vertex -92.7384117475305 45.98288636021601 49.9
    endloop
  endfacet
  facet normal 0 0 1
    outer loop
      vertex -92.96076951545868 45.599999999999994 49.9
      vertex -92.61931528327214 45.72438713009063 49.9
      vertex -92.65767416373862 45.86482519394606 49.9
    endloop
  endfacet
  facet normal 0 0 1
    outer loop
      vertex -92.96076951545868 45.599999999999994 49.9
      vertex -92.65767416373862 45.86482519394606 49.9
      vertex -92.73964029109125 45.8366188392317 49.9
    endloop
  endfacet
  facet normal 0 0 1
    outer loop
      vertex -93.15147186257614 45.848528137423855 49.9
      vertex -92.7384117475305 45.98288636021601 49.9
      vertex -92.83007926896924 46.08741313522877 49.9
    endloop
  endfacet
  facet normal 0 0 1
    outer loop
      vertex 38.151471862576145 44.151471862576145 49.9
      vertex 37.735003791113236 44.09264184095115 49.9
      vertex 37.76717214416818 43.98431869276852 49.9
    endloop
  endfacet
  facet normal 0 0 1
    outer loop
      vertex 38.04797599165052 44.269486285189544 49.9
      vertex 37.61443138866871 44.20109903750461 49.9
      vertex 37.730634655534026 44.092024659567464 49.9
    endloop
  endfacet
  facet normal 0 0 1
    outer loop
      vertex 37.96076951545867 44.400000000000006 49.9
      vertex 37.61386168510911 44.2010091725676 49.9
      vertex 37.61443138866871 44.20109903750461 49.9
    endloop
  endfacet
  facet normal 0 0 1
    outer loop
      vertex 38.04797599165052 44.269486285189544 49.9
      vertex 37.730634655534026 44.092024659567464 49.9
      vertex 37.735003791113236 44.09264184095115 49.9
    endloop
  endfacet
  facet normal 0 0 1
    outer loop
      vertex 37.96076951545867 44.400000000000006 49.9
      vertex 37.61443138866871 44.20109903750461 49.9
      vertex 38.04797599165052 44.269486285189544 49.9
    endloop
  endfacet
  facet normal 0 0 1
    outer loop
      vertex 38.54077988116189 43.891344560986454 49.9
      vertex 38.029290710579595 43.83796382801527 49.9
      vertex 38.026128236611484 43.735387212003594 49.9
    endloop
  endfacet
  facet normal 0 0 1
    outer loop
      vertex 38.4 43.96076951545868 49.9
      vertex 37.876683506756585 43.90091397573904 49.9
      vertex 38.029290710579595 43.83796382801527 49.9
    endloop
  endfacet
  facet normal 0 0 1
    outer loop
      vertex 38.84336856933594 43.810266166351425 49.9
      vertex 38.02824556236084 43.73558121018476 49.9
      vertex 38.04871952515671 43.715441735569485 49.9
    endloop
  endfacet
  facet normal 0 0 1
    outer loop
      vertex 39 43.8 49.9
      vertex 38.04871952515671 43.715441735569485 49.9
      vertex 38.052967347116926 43.71260343167798 49.9
    endloop
  endfacet
  facet normal 0 0 1
    outer loop
      vertex 38.68941714587697 43.84088900845312 49.9
      vertex 38.026128236611484 43.735387212003594 49.9
      vertex 38.02824556236084 43.73558121018476 49.9
    endloop
  endfacet
  facet normal 0 0 1
    outer loop
      vertex 38.4 43.96076951545868 49.9
      vertex 38.029290710579595 43.83796382801527 49.9
      vertex 38.54077988116189 43.891344560986454 49.9
    endloop
  endfacet
  facet normal 0 0 1
    outer loop
      vertex 38.54077988116189 43.891344560986454 49.9
      vertex 38.026128236611484 43.735387212003594 49.9
      vertex 38.68941714587697 43.84088900845312 49.9
    endloop
  endfacet
  facet normal 0 0 1
    outer loop
      vertex 38.26948628518954 44.04797599165052 49.9
      vertex 37.76717214416818 43.98431869276852 49.9
      vertex 37.843631445269985 43.89713356941768 49.9
    endloop
  endfacet
  facet normal 0 0 1
    outer loop
      vertex 38.26948628518954 44.04797599165052 49.9
      vertex 37.843631445269985 43.89713356941768 49.9
      vertex 37.876683506756585 43.90091397573904 49.9
    endloop
  endfacet
  facet normal 0 0 1
    outer loop
      vertex 38.151471862576145 44.151471862576145 49.9
      vertex 37.76717214416818 43.98431869276852 49.9
      vertex 38.26948628518954 44.04797599165052 49.9
    endloop
  endfacet
  facet normal 0 0 1
    outer loop
      vertex 38.4 43.96076951545868 49.9
      vertex 38.26948628518954 44.04797599165052 49.9
      vertex 37.876683506756585 43.90091397573904 49.9
    endloop
  endfacet
  facet normal 0 0 1
    outer loop
      vertex 38.151471862576145 44.151471862576145 49.9
      vertex 38.04797599165052 44.269486285189544 49.9
      vertex 37.735003791113236 44.09264184095115 49.9
    endloop
  endfacet
  facet normal 0 0 1
    outer loop
      vertex 37.891344560986454 44.54077988116188 49.9
      vertex 37.52716518751742 44.46967409590073 49.9
      vertex 37.55124645741268 44.32798029384584 49.9
    endloop
  endfacet
  facet normal 0 0 1
    outer loop
      vertex 37.84088900845312 44.68941714587697 49.9
      vertex 37.52179274798194 44.468625130583725 49.9
      vertex 37.52716518751742 44.46967409590073 49.9
    endloop
  endfacet
  facet normal 0 0 1
    outer loop
      vertex 37.84088900845312 44.68941714587697 49.9
      vertex 37.45586689455168 44.6064593384057 49.9
      vertex 37.52179274798194 44.468625130583725 49.9
    endloop
  endfacet
  facet normal 0 0 1
    outer loop
      vertex 37.96076951545867 44.400000000000006 49.9
      vertex 37.55124645741268 44.32798029384584 49.9
      vertex 37.61386168510911 44.2010091725676 49.9
    endloop
  endfacet
  facet normal 0 0 1
    outer loop
      vertex 37.96076951545867 44.400000000000006 49.9
      vertex 37.891344560986454 44.54077988116188 49.9
      vertex 37.55124645741268 44.32798029384584 49.9
    endloop
  endfacet
  facet normal 0 0 1
    outer loop
      vertex 37.891344560986454 44.54077988116188 49.9
      vertex 37.84088900845312 44.68941714587697 49.9
      vertex 37.52716518751742 44.46967409590073 49.9
    endloop
  endfacet
  facet normal 0 0 1
    outer loop
      vertex 37.84088900845312 44.68941714587697 49.9
      vertex 37.45451867793749 44.759405523161185 49.9
      vertex 37.45586689455168 44.6064593384057 49.9
    endloop
  endfacet
  facet normal 0 0 1
    outer loop
      vertex 37.810266166351425 44.84336856933594 49.9
      vertex 37.42100708252855 44.902822328853475 49.9
      vertex 37.45451867793749 44.759405523161185 49.9
    endloop
  endfacet
  facet normal 0 0 1
    outer loop
      vertex 37.810266166351425 45.15663143066406 49.9
      vertex 37.413688221801905 44.900945697897924 49.9
      vertex 37.42100708252855 44.902822328853475 49.9
    endloop
  endfacet
  facet normal 0 0 1
    outer loop
      vertex 37.84088900845312 44.68941714587697 49.9
      vertex 37.810266166351425 44.84336856933594 49.9
      vertex 37.45451867793749 44.759405523161185 49.9
    endloop
  endfacet
  facet normal 0 0 1
    outer loop
      vertex 37.810266166351425 44.84336856933594 49.9
      vertex 37.8 45 49.9
      vertex 37.42100708252855 44.902822328853475 49.9
    endloop
  endfacet
  facet normal 0 0 1
    outer loop
      vertex 37.810266166351425 45.15663143066406 49.9
      vertex 37.413688221801905 45.184693709175306 49.9
      vertex 37.413688221801905 44.900945697897924 49.9
    endloop
  endfacet
  facet normal 0 0 1
    outer loop
      vertex 37.84088900845312 45.31058285412303 49.9
      vertex 37.45451867793749 45.32308983182288 49.9
      vertex 37.448428473630855 45.32119191026553 49.9
    endloop
  endfacet
  facet normal 0 0 1
    outer loop
      vertex 37.84088900845312 45.31058285412303 49.9
      vertex 37.448428473630855 45.32119191026553 49.9
      vertex 37.413688221801905 45.184693709175306 49.9
    endloop
  endfacet
  facet normal 0 0 1
    outer loop
      vertex 37.8 45 49.9
      vertex 37.810266166351425 45.15663143066406 49.9
      vertex 37.42100708252855 44.902822328853475 49.9
    endloop
  endfacet
  facet normal 0 0 1
    outer loop
      vertex 37.810266166351425 45.15663143066406 49.9
      vertex 37.84088900845312 45.31058285412303 49.9
      vertex 37.413688221801905 45.184693709175306 49.9
    endloop
  endfacet
  facet normal 0 0 1
    outer loop
      vertex 37.52179274798194 45.60161989739886 49.9
      vertex 37.52111039705232 45.60188282838136 49.9
      vertex 37.45451867793749 45.32308983182288 49.9
    endloop
  endfacet
  facet normal 0 0 1
    outer loop
      vertex 37.891344560986454 45.45922011883812 49.9
      vertex 37.52179274798194 45.60161989739886 49.9
      vertex 37.45451867793749 45.32308983182288 49.9
    endloop
  endfacet
  facet normal 0 0 1
    outer loop
      vertex 37.891344560986454 45.45922011883812 49.9
      vertex 37.45451867793749 45.32308983182288 49.9
      vertex 37.84088900845312 45.31058285412303 49.9
    endloop
  endfacet
  facet normal 0 0 1
    outer loop
      vertex 37.891344560986454 45.45922011883812 49.9
      vertex 37.60963456712307 45.72791368324329 49.9
      vertex 37.52179274798194 45.60161989739886 49.9
    endloop
  endfacet
  facet normal 0 0 1
    outer loop
      vertex 37.891344560986454 45.45922011883812 49.9
      vertex 37.6143593539449 45.72619250770156 49.9
      vertex 37.60963456712307 45.72791368324329 49.9
    endloop
  endfacet
  facet normal 0 0 1
    outer loop
      vertex 37.96076951545867 45.599999999999994 49.9
      vertex 37.6143593539449 45.72619250770156 49.9
      vertex 37.891344560986454 45.45922011883812 49.9
    endloop
  endfacet
  facet normal 0 0 1
    outer loop
      vertex 37.96076951545867 45.599999999999994 49.9
      vertex 37.72202630266044 45.8426802016708 49.9
      vertex 37.6143593539449 45.72619250770156 49.9
    endloop
  endfacet
  facet normal 0 0 1
    outer loop
      vertex 37.96076951545867 45.599999999999994 49.9
      vertex 37.730634655534026 45.839717877324134 49.9
      vertex 37.72202630266044 45.8426802016708 49.9
    endloop
  endfacet
  facet normal 0 0 1
    outer loop
      vertex 38.04797599165052 45.730513714810456 49.9
      vertex 37.730634655534026 45.839717877324134 49.9
      vertex 37.96076951545867 45.599999999999994 49.9
    endloop
  endfacet
  facet normal 0 0 1
    outer loop
      vertex 38.04797599165052 45.730513714810456 49.9
      vertex 37.85638187882226 45.94451359895058 49.9
      vertex 37.730634655534026 45.839717877324134 49.9
    endloop
  endfacet
  facet normal 0 0 1
    outer loop
      vertex 38.04797599165052 45.730513714810456 49.9
      vertex 38.151471862576145 45.848528137423855 49.9
      vertex 37.85638187882226 45.94451359895058 49.9
    endloop
  endfacet
  facet normal 0 0 1
    outer loop
      vertex 38.151471862576145 45.848528137423855 49.9
      vertex 37.86504193445483 46.07664051535988 49.9
      vertex 37.85638187882226 45.94451359895058 49.9
    endloop
  endfacet
  facet normal 0 0 1
    outer loop
      vertex 38.151471862576145 45.848528137423855 49.9
      vertex 37.868629150101526 46.075535230336186 49.9
      vertex 37.86504193445483 46.07664051535988 49.9
    endloop
  endfacet
  facet normal 0 0 1
    outer loop
      vertex 38.26948628518954 45.95202400834948 49.9
      vertex 38.01822823022001 46.15107004798624 49.9
      vertex 37.868629150101526 46.075535230336186 49.9
    endloop
  endfacet
  facet normal 0 0 1
    outer loop
      vertex 38.26948628518954 45.95202400834948 49.9
      vertex 37.868629150101526 46.075535230336186 49.9
      vertex 38.151471862576145 45.848528137423855 49.9
    endloop
  endfacet
  facet normal 0 0 1
    outer loop
      vertex 38.26948628518954 45.95202400834948 49.9
      vertex 38.4 46.03923048454132 49.9
      vertex 38.01822823022001 46.15107004798624 49.9
    endloop
  endfacet
  facet normal 0 0 1
    outer loop
      vertex 38.4 46.03923048454132 49.9
      vertex 38.02491517427446 46.25309309906155 49.9
      vertex 38.01822823022001 46.15107004798624 49.9
    endloop
  endfacet
  facet normal 0 0 1
    outer loop
      vertex 38.4 46.03923048454132 49.9
      vertex 38.027934470423176 46.25224772223137 49.9
      vertex 38.02491517427446 46.25309309906155 49.9
    endloop
  endfacet
  facet normal 0 0 1
    outer loop
      vertex 38.54077988116189 46.108655439013546 49.9
      vertex 38.027934470423176 46.25224772223137 49.9
      vertex 38.4 46.03923048454132 49.9
    endloop
  endfacet
  facet normal 0 0 1
    outer loop
      vertex 38.54077988116189 46.108655439013546 49.9
      vertex 38.1907428716603 46.2934515471578 49.9
      vertex 38.027934470423176 46.25224772223137 49.9
    endloop
  endfacet
  facet normal 0 0 1
    outer loop
      vertex 38.68941714587697 43.84088900845312 49.9
      vertex 38.02824556236084 43.73558121018476 49.9
      vertex 38.84336856933594 43.810266166351425 49.9
    endloop
  endfacet
  facet normal 0 0 1
    outer loop
      vertex 38.84336856933594 43.810266166351425 49.9
      vertex 38.04871952515671 43.715441735569485 49.9
      vertex 39 43.8 49.9
    endloop
  endfacet
  facet normal 0 0 1
    outer loop
      vertex 39.31058285412303 43.84088900845312 49.9
      vertex 40.08303641747953 43.82624099051801 49.9
      vertex 39.45922011883811 43.891344560986454 49.9
    endloop
  endfacet
  facet normal 0 0 1
    outer loop
      vertex 39.31058285412303 43.84088900845312 49.9
      vertex 39.97891104751346 43.734925491857354 49.9
      vertex 40.08303641747953 43.82624099051801 49.9
    endloop
  endfacet
  facet normal 0 0 1
    outer loop
      vertex 39.45922011883811 43.891344560986454 49.9
      vertex 40.08303641747953 43.82624099051801 49.9
      vertex 39.6 43.96076951545868 49.9
    endloop
  endfacet
  facet normal 0 0 1
    outer loop
      vertex 39.6 43.96076951545868 49.9
      vertex 40.08303641747953 43.82624099051801 49.9
      vertex 40.131370849898474 43.89999273998418 49.9
    endloop
  endfacet
  facet normal 0 0 1
    outer loop
      vertex 39.6 43.96076951545868 49.9
      vertex 40.131370849898474 43.89999273998418 49.9
      vertex 39.73051371481046 44.04797599165052 49.9
    endloop
  endfacet
  facet normal 0 0 1
    outer loop
      vertex 39.73051371481046 44.04797599165052 49.9
      vertex 40.156368554730015 43.89713356941768 49.9
      vertex 40.23282785583182 43.98431869276852 49.9
    endloop
  endfacet
  facet normal 0 0 1
    outer loop
      vertex 40.131370849898474 43.89999273998418 49.9
      vertex 40.156368554730015 43.89713356941768 49.9
      vertex 39.73051371481046 44.04797599165052 49.9
    endloop
  endfacet
  facet normal 0 0 1
    outer loop
      vertex 39.73051371481046 44.04797599165052 49.9
      vertex 40.23282785583182 43.98431869276852 49.9
      vertex 39.848528137423855 44.151471862576145 49.9
    endloop
  endfacet
  facet normal 0 0 1
    outer loop
      vertex 39.848528137423855 44.151471862576145 49.9
      vertex 40.269365344465974 44.092024659567464 49.9
      vertex 39.95202400834948 44.269486285189544 49.9
    endloop
  endfacet
  facet normal 0 0 1
    outer loop
      vertex 39.848528137423855 44.151471862576145 49.9
      vertex 40.23282785583182 43.98431869276852 49.9
      vertex 40.269365344465974 44.092024659567464 49.9
    endloop
  endfacet
  facet normal 0 0 1
    outer loop
      vertex 40.269365344465974 44.092024659567464 49.9
      vertex 40.30968792308077 44.08632871710649 49.9
      vertex 39.95202400834948 44.269486285189544 49.9
    endloop
  endfacet
  facet normal 0 0 1
    outer loop
      vertex 39.95202400834948 44.269486285189544 49.9
      vertex 40.3856406460551 44.20108767476024 49.9
      vertex 40.03923048454133 44.400000000000006 49.9
    endloop
  endfacet
  facet normal 0 0 1
    outer loop
      vertex 39.95202400834948 44.269486285189544 49.9
      vertex 40.30968792308077 44.08632871710649 49.9
      vertex 40.3856406460551 44.20108767476024 49.9
    endloop
  endfacet
  facet normal 0 0 1
    outer loop
      vertex 40.3856406460551 44.20108767476024 49.9
      vertex 40.38613831489089 44.2010091725676 49.9
      vertex 40.03923048454133 44.400000000000006 49.9
    endloop
  endfacet
  facet normal 0 0 1
    outer loop
      vertex 40.03923048454133 44.400000000000006 49.9
      vertex 40.38613831489089 44.2010091725676 49.9
      vertex 40.44875354258732 44.32798029384584 49.9
    endloop
  endfacet
  facet normal 0 0 1
    outer loop
      vertex 40.03923048454133 44.400000000000006 49.9
      vertex 40.44875354258732 44.32798029384584 49.9
      vertex 40.108655439013546 44.54077988116188 49.9
    endloop
  endfacet
  facet normal 0 0 1
    outer loop
      vertex 40.108655439013546 44.54077988116188 49.9
      vertex 40.47820725201806 44.468625130583725 49.9
      vertex 40.15911099154688 44.68941714587697 49.9
    endloop
  endfacet
  facet normal 0 0 1
    outer loop
      vertex 40.108655439013546 44.54077988116188 49.9
      vertex 40.44875354258732 44.32798029384584 49.9
      vertex 40.47820725201806 44.468625130583725 49.9
    endloop
  endfacet
  facet normal 0 0 1
    outer loop
      vertex 40.47820725201806 44.468625130583725 49.9
      vertex 40.503968043524445 44.463595352835576 49.9
      vertex 40.15911099154688 44.68941714587697 49.9
    endloop
  endfacet
  facet normal 0 0 1
    outer loop
      vertex 40.15911099154688 44.68941714587697 49.9
      vertex 40.503968043524445 44.463595352835576 49.9
      vertex 40.54548132206251 44.6061688483526 49.9
    endloop
  endfacet
  facet normal 0 0 1
    outer loop
      vertex 40.15911099154688 44.68941714587697 49.9
      vertex 40.57844810681264 44.751624746738706 49.9
      vertex 40.189733833648575 44.84336856933594 49.9
    endloop
  endfacet
  facet normal 0 0 1
    outer loop
      vertex 40.189733833648575 44.84336856933594 49.9
      vertex 40.586311778198095 44.900945697897924 49.9
      vertex 40.2 45 49.9
    endloop
  endfacet
  facet normal 0 0 1
    outer loop
      vertex 40.15911099154688 44.68941714587697 49.9
      vertex 40.54548132206251 44.6061688483526 49.9
      vertex 40.57844810681264 44.751624746738706 49.9
    endloop
  endfacet
  facet normal 0 0 1
    outer loop
      vertex 40.54548132206251 44.6061688483526 49.9
      vertex 40.54934935307826 44.60533543291824 49.9
      vertex 40.57844810681264 44.751624746738706 49.9
    endloop
  endfacet
  facet normal 0 0 1
    outer loop
      vertex 40.189733833648575 44.84336856933594 49.9
      vertex 40.57844810681264 44.751624746738706 49.9
      vertex 40.586311778198095 44.900945697897924 49.9
    endloop
  endfacet
  facet normal 0 0 1
    outer loop
      vertex 40.2 45 49.9
      vertex 40.586311778198095 44.900945697897924 49.9
      vertex 40.59710661728094 45.04414448969864 49.9
    endloop
  endfacet
  facet normal 0 0 1
    outer loop
      vertex 39.15663143066406 46.189733833648575 49.9
      vertex 39.31058285412303 46.15911099154688 49.9
      vertex 39.78107746224538 46.352865849255956 49.9
    endloop
  endfacet
  facet normal 0 0 1
    outer loop
      vertex 39.31058285412303 46.15911099154688 49.9
      vertex 39.45922011883811 46.108655439013546 49.9
      vertex 39.78888276473895 46.287962787324254 49.9
    endloop
  endfacet
  facet normal 0 0 1
    outer loop
      vertex 39 46.2 49.9
      vertex 39.15663143066406 46.189733833648575 49.9
      vertex 39.77488476861684 46.398026107535415 49.9
    endloop
  endfacet
  facet normal 0 0 1
    outer loop
      vertex 39 46.2 49.9
      vertex 39.77488476861684 46.398026107535415 49.9
      vertex 39.72922640287908 46.42054232175906 49.9
    endloop
  endfacet
  facet normal 0 0 1
    outer loop
      vertex 40.2 45 49.9
      vertex 40.59710661728094 45.04414448969864 49.9
      vertex 40.189733833648575 45.15663143066406 49.9
    endloop
  endfacet
  facet normal 0 0 1
    outer loop
      vertex 40.189733833648575 45.15663143066406 49.9
      vertex 40.53150315930493 45.20084492046476 49.9
      vertex 40.15911099154688 45.31058285412303 49.9
    endloop
  endfacet
  facet normal 0 0 1
    outer loop
      vertex 40.189733833648575 45.15663143066406 49.9
      vertex 40.59710661728094 45.04414448969864 49.9
      vertex 40.58792570712523 45.184218110489645 49.9
    endloop
  endfacet
  facet normal 0 0 1
    outer loop
      vertex 40.189733833648575 45.15663143066406 49.9
      vertex 40.58792570712523 45.184218110489645 49.9
      vertex 40.53150315930493 45.20084492046476 49.9
    endloop
  endfacet
  facet normal 0 0 1
    outer loop
      vertex 40.15911099154688 45.31058285412303 49.9
      vertex 40.53150315930493 45.20084492046476 49.9
      vertex 40.52948357810233 45.46123830615777 49.9
    endloop
  endfacet
  facet normal 0 0 1
    outer loop
      vertex 40.15911099154688 45.31058285412303 49.9
      vertex 40.52948357810233 45.46123830615777 49.9
      vertex 40.108655439013546 45.45922011883812 49.9
    endloop
  endfacet
  facet normal 0 0 1
    outer loop
      vertex 40.108655439013546 45.45922011883812 49.9
      vertex 40.38068471672784 45.724387130090626 49.9
      vertex 40.03923048454133 45.599999999999994 49.9
    endloop
  endfacet
  facet normal 0 0 1
    outer loop
      vertex 40.108655439013546 45.45922011883812 49.9
      vertex 40.41649551443009 45.73743251636074 49.9
      vertex 40.38068471672784 45.724387130090626 49.9
    endloop
  endfacet
  facet normal 0 0 1
    outer loop
      vertex 40.108655439013546 45.45922011883812 49.9
      vertex 40.52948357810233 45.46123830615777 49.9
      vertex 40.477489541228145 45.60134334116518 49.9
    endloop
  endfacet
  facet normal 0 0 1
    outer loop
      vertex 40.108655439013546 45.45922011883812 49.9
      vertex 40.477489541228145 45.60134334116518 49.9
      vertex 40.41649551443009 45.73743251636074 49.9
    endloop
  endfacet
  facet normal 0 0 1
    outer loop
      vertex 39.848528137423855 45.848528137423855 49.9
      vertex 39.95202400834948 45.730513714810456 49.9
      vertex 40.26158825246949 45.98288636021601 49.9
    endloop
  endfacet
  facet normal 0 0 1
    outer loop
      vertex 39.73051371481046 45.95202400834948 49.9
      vertex 39.848528137423855 45.848528137423855 49.9
      vertex 40.116281162344535 46.07088582887605 49.9
    endloop
  endfacet
  facet normal 0 0 1
    outer loop
      vertex 39.73051371481046 45.95202400834948 49.9
      vertex 40.07707330926978 46.17898851502823 49.9
      vertex 39.6 46.03923048454132 49.9
    endloop
  endfacet
  facet normal 0 0 1
    outer loop
      vertex 39.848528137423855 45.848528137423855 49.9
      vertex 40.16992073103075 46.08741313522877 49.9
      vertex 40.116281162344535 46.07088582887605 49.9
    endloop
  endfacet
  facet normal 0 0 1
    outer loop
      vertex 39.6 46.03923048454132 49.9
      vertex 39.965319798843346 46.250358975919696 49.9
      vertex 39.45922011883811 46.108655439013546 49.9
    endloop
  endfacet
  facet normal 0 0 1
    outer loop
      vertex 39.45922011883811 46.108655439013546 49.9
      vertex 39.965319798843346 46.250358975919696 49.9
      vertex 39.78888276473895 46.287962787324254 49.9
    endloop
  endfacet
  facet normal 0 0 1
    outer loop
      vertex 39.31058285412303 46.15911099154688 49.9
      vertex 39.796735287301146 46.356956342961084 49.9
      vertex 39.78107746224538 46.352865849255956 49.9
    endloop
  endfacet
  facet normal 0 0 1
    outer loop
      vertex 39.15663143066406 46.189733833648575 49.9
      vertex 39.78107746224538 46.352865849255956 49.9
      vertex 39.77488476861684 46.398026107535415 49.9
    endloop
  endfacet
  facet normal 0 0 1
    outer loop
      vertex 39.31058285412303 46.15911099154688 49.9
      vertex 39.78888276473895 46.287962787324254 49.9
      vertex 39.796735287301146 46.356956342961084 49.9
    endloop
  endfacet
  facet normal 0 0 1
    outer loop
      vertex 39.6 46.03923048454132 49.9
      vertex 40.07707330926978 46.17898851502823 49.9
      vertex 39.988340955453005 46.25680470083148 49.9
    endloop
  endfacet
  facet normal 0 0 1
    outer loop
      vertex 39.6 46.03923048454132 49.9
      vertex 39.988340955453005 46.25680470083148 49.9
      vertex 39.965319798843346 46.250358975919696 49.9
    endloop
  endfacet
  facet normal 0 0 1
    outer loop
      vertex 39.73051371481046 45.95202400834948 49.9
      vertex 40.116281162344535 46.07088582887605 49.9
      vertex 40.07707330926978 46.17898851502823 49.9
    endloop
  endfacet
  facet normal 0 0 1
    outer loop
      vertex 39.95202400834948 45.730513714810456 49.9
      vertex 40.03923048454133 45.599999999999994 49.9
      vertex 40.26035970890875 45.8366188392317 49.9
    endloop
  endfacet
  facet normal 0 0 1
    outer loop
      vertex 39.95202400834948 45.730513714810456 49.9
      vertex 40.26035970890875 45.8366188392317 49.9
      vertex 40.26158825246949 45.98288636021601 49.9
    endloop
  endfacet
  facet normal 0 0 1
    outer loop
      vertex 40.03923048454133 45.599999999999994 49.9
      vertex 40.38068471672784 45.724387130090626 49.9
      vertex 40.34232583626137 45.86482519394606 49.9
    endloop
  endfacet
  facet normal 0 0 1
    outer loop
      vertex 40.03923048454133 45.599999999999994 49.9
      vertex 40.34232583626137 45.86482519394606 49.9
      vertex 40.26035970890875 45.8366188392317 49.9
    endloop
  endfacet
  facet normal 0 0 1
    outer loop
      vertex 39.848528137423855 45.848528137423855 49.9
      vertex 40.26158825246949 45.98288636021601 49.9
      vertex 40.16992073103075 46.08741313522877 49.9
    endloop
  endfacet
  facet normal 0 0 -1
    outer loop
      vertex -95.2615882524695 -43.98288636021601 49.9
      vertex -95.26035970890875 -43.836618839231704 49.9
      vertex -95.11628116234454 -44.07088582887605 49.9
    endloop
  endfacet
  facet normal 0 0 -1
    outer loop
      vertex -95.2615882524695 -43.98288636021601 49.9
      vertex -95.11628116234454 -44.07088582887605 49.9
      vertex -95.16992073103076 -44.08741313522877 49.9
    endloop
  endfacet
  facet normal 0 0 -1
    outer loop
      vertex -95.26035970890875 -43.836618839231704 49.9
      vertex -95.15911099154688 -43.31058285412303 49.9
      vertex -95.11628116234454 -44.07088582887605 49.9
    endloop
  endfacet
  facet normal 0 0 -1
    outer loop
      vertex -94.97350295213158 -44.252650188125116 49.9
      vertex -94.84852813742386 -43.848528137423855 49.9
      vertex -94.96531979884334 -44.25035897591969 49.9
    endloop
  endfacet
  facet normal 0 0 -1
    outer loop
      vertex -94.90098714645752 -44.31816319208776 49.9
      vertex -94.96531979884334 -44.25035897591969 49.9
      vertex -94.73051371481047 -43.95202400834948 49.9
    endloop
  endfacet
  facet normal 0 0 -1
    outer loop
      vertex -94.6 -44.03923048454132 49.9
      vertex -94.90098714645752 -44.31816319208776 49.9
      vertex -94.73051371481047 -43.95202400834948 49.9
    endloop
  endfacet
  facet normal 0 0 -1
    outer loop
      vertex -94.45922011883812 -44.10865543901354 49.9
      vertex -94.90098714645752 -44.31816319208776 49.9
      vertex -94.6 -44.03923048454132 49.9
    endloop
  endfacet
  facet normal 0 0 -1
    outer loop
      vertex -94.97026729472866 -44.14769982637938 49.9
      vertex -94.95202400834948 -43.73051371481046 49.9
      vertex -94.97350295213158 -44.252650188125116 49.9
    endloop
  endfacet
  facet normal 0 0 -1
    outer loop
      vertex -94.97026729472866 -44.14769982637938 49.9
      vertex -95.11628116234454 -44.07088582887605 49.9
      vertex -94.95202400834948 -43.73051371481046 49.9
    endloop
  endfacet
  facet normal 0 0 -1
    outer loop
      vertex -94.95202400834948 -43.73051371481046 49.9
      vertex -94.84852813742386 -43.848528137423855 49.9
      vertex -94.97350295213158 -44.252650188125116 49.9
    endloop
  endfacet
  facet normal 0 0 -1
    outer loop
      vertex -94.84852813742386 -43.848528137423855 49.9
      vertex -94.73051371481047 -43.95202400834948 49.9
      vertex -94.96531979884334 -44.25035897591969 49.9
    endloop
  endfacet
  facet normal 0 0 -1
    outer loop
      vertex -95.03923048454132 -43.6 49.9
      vertex -94.95202400834948 -43.73051371481046 49.9
      vertex -95.11628116234454 -44.07088582887605 49.9
    endloop
  endfacet
  facet normal 0 0 -1
    outer loop
      vertex -95.41649551443008 -43.73743251636075 49.9
      vertex -95.47748954122814 -43.601343341165176 49.9
      vertex -95.38068471672786 -43.72438713009064 49.9
    endloop
  endfacet
  facet normal 0 0 -1
    outer loop
      vertex -95.10865543901355 -43.45922011883811 49.9
      vertex -95.03923048454132 -43.6 49.9
      vertex -95.11628116234454 -44.07088582887605 49.9
    endloop
  endfacet
  facet normal 0 0 -1
    outer loop
      vertex -95.10865543901355 -43.45922011883811 49.9
      vertex -95.11628116234454 -44.07088582887605 49.9
      vertex -95.15911099154688 -43.31058285412303 49.9
    endloop
  endfacet
  facet normal 0 0 -1
    outer loop
      vertex -95.15911099154688 -43.31058285412303 49.9
      vertex -95.26035970890875 -43.836618839231704 49.9
      vertex -95.18973383364857 -43.15663143066406 49.9
    endloop
  endfacet
  facet normal 0 0 -1
    outer loop
      vertex -95.53150315930493 -43.20084492046475 49.9
      vertex -95.5863117781981 -43.184693709175306 49.9
      vertex -95.5863117781981 -42.900945697897924 49.9
    endloop
  endfacet
  facet normal 0 0 -1
    outer loop
      vertex -95.47748954122814 -43.601343341165176 49.9
      vertex -95.47820725201805 -43.44038077413373 49.9
      vertex -95.47820725201805 -42.46862513058374 49.9
    endloop
  endfacet
  facet normal 0 0 -1
    outer loop
      vertex -95.47820725201805 -43.44038077413373 49.9
      vertex -95.53150315930493 -43.20084492046475 49.9
      vertex -95.47820725201805 -42.46862513058374 49.9
    endloop
  endfacet
  facet normal 0 0 -1
    outer loop
      vertex -95.47748954122814 -43.601343341165176 49.9
      vertex -95.38564064605511 -42.20108767476023 49.9
      vertex -95.38068471672786 -43.72438713009064 49.9
    endloop
  endfacet
  facet normal 0 0 -1
    outer loop
      vertex -95.18973383364857 -43.15663143066406 49.9
      vertex -95.26035970890875 -43.836618839231704 49.9
      vertex -95.2 -43 49.9
    endloop
  endfacet
  facet normal 0 0 -1
    outer loop
      vertex -95.26936534446598 -43.83971787732414 49.9
      vertex -95.38068471672786 -43.72438713009064 49.9
      vertex -95.26936534446598 -42.092024659567464 49.9
    endloop
  endfacet
  facet normal 0 0 -1
    outer loop
      vertex -95.26035970890875 -43.836618839231704 49.9
      vertex -95.26936534446598 -43.83971787732414 49.9
      vertex -95.26936534446598 -42.092024659567464 49.9
    endloop
  endfacet
  facet normal 0 0 -1
    outer loop
      vertex -94.15663143066406 -44.189733833648575 49.9
      vertex -94 -44.2 49.9
      vertex -93.27077359712091 -44.42054232175906 49.9
    endloop
  endfacet
  facet normal 0 0 -1
    outer loop
      vertex -94 -44.2 49.9
      vertex -93.84336856933594 -44.189733833648575 49.9
      vertex -93.27077359712091 -44.42054232175906 49.9
    endloop
  endfacet
  facet normal 0 0 -1
    outer loop
      vertex -93.84336856933594 -44.189733833648575 49.9
      vertex -93.68941714587697 -44.15911099154688 49.9
      vertex -93.27077359712091 -44.42054232175906 49.9
    endloop
  endfacet
  facet normal 0 0 -1
    outer loop
      vertex -93.5407798811619 -44.108655439013546 49.9
      vertex -93.27077359712091 -44.42054232175906 49.9
      vertex -93.68941714587697 -44.15911099154688 49.9
    endloop
  endfacet
  facet normal 0 0 -1
    outer loop
      vertex -95.55668090945248 -42.75676221153204 49.9
      vertex -95.53150315930493 -43.20084492046475 49.9
      vertex -95.5863117781981 -42.900945697897924 49.9
    endloop
  endfacet
  facet normal 0 0 -1
    outer loop
      vertex -95.55668090945248 -42.75676221153204 49.9
      vertex -95.54679198950396 -42.605886448736214 49.9
      vertex -95.53150315930493 -43.20084492046475 49.9
    endloop
  endfacet
  facet normal 0 0 -1
    outer loop
      vertex -95.53150315930493 -43.20084492046475 49.9
      vertex -95.54679198950396 -42.605886448736214 49.9
      vertex -95.54548132206251 -42.6061688483526 49.9
    endloop
  endfacet
  facet normal 0 0 -1
    outer loop
      vertex -95.53150315930493 -43.20084492046475 49.9
      vertex -95.54548132206251 -42.6061688483526 49.9
      vertex -95.48344392338353 -42.46760267391342 49.9
    endloop
  endfacet
  facet normal 0 0 -1
    outer loop
      vertex -95.53150315930493 -43.20084492046475 49.9
      vertex -95.48344392338353 -42.46760267391342 49.9
      vertex -95.47820725201805 -42.46862513058374 49.9
    endloop
  endfacet
  facet normal 0 0 -1
    outer loop
      vertex -95.39465252017573 -42.337494629266445 49.9
      vertex -95.47748954122814 -43.601343341165176 49.9
      vertex -95.47820725201805 -42.46862513058374 49.9
    endloop
  endfacet
  facet normal 0 0 -1
    outer loop
      vertex -95.39465252017573 -42.337494629266445 49.9
      vertex -95.38564064605511 -42.20108767476023 49.9
      vertex -95.47748954122814 -43.601343341165176 49.9
    endloop
  endfacet
  facet normal 0 0 -1
    outer loop
      vertex -95.38068471672786 -43.72438713009064 49.9
      vertex -95.38564064605511 -42.20108767476023 49.9
      vertex -95.27365431782728 -42.09141880184899 49.9
    endloop
  endfacet
  facet normal 0 0 -1
    outer loop
      vertex -95.13972685828708 -41.996117201993975 49.9
      vertex -95.2 -43 49.9
      vertex -95.26035970890875 -43.836618839231704 49.9
    endloop
  endfacet
  facet normal 0 0 -1
    outer loop
      vertex -95.38068471672786 -43.72438713009064 49.9
      vertex -95.27365431782728 -42.09141880184899 49.9
      vertex -95.26936534446598 -42.092024659567464 49.9
    endloop
  endfacet
  facet normal 0 0 -1
    outer loop
      vertex -95.13972685828708 -41.996117201993975 49.9
      vertex -95.26035970890875 -43.836618839231704 49.9
      vertex -95.26936534446598 -42.092024659567464 49.9
    endloop
  endfacet
  facet normal 0 0 -1
    outer loop
      vertex -95.2 -43 49.9
      vertex -95.13341123208149 -41.89975936653163 49.9
      vertex -95.18973383364857 -42.84336856933594 49.9
    endloop
  endfacet
  facet normal 0 0 -1
    outer loop
      vertex -95.18973383364857 -42.84336856933594 49.9
      vertex -95.13341123208149 -41.89975936653163 49.9
      vertex -95.15911099154688 -42.68941714587697 49.9
    endloop
  endfacet
  facet normal 0 0 -1
    outer loop
      vertex -95.15911099154688 -42.68941714587697 49.9
      vertex -95.13341123208149 -41.89975936653163 49.9
      vertex -95.10865543901355 -42.54077988116189 49.9
    endloop
  endfacet
  facet normal 0 0 -1
    outer loop
      vertex -95.2 -43 49.9
      vertex -95.13972685828708 -41.996117201993975 49.9
      vertex -95.13341123208149 -41.89975936653163 49.9
    endloop
  endfacet
  facet normal 0 0 -1
    outer loop
      vertex -95.39465252017573 -42.337494629266445 49.9
      vertex -95.38571120651385 -42.20107654456616 49.9
      vertex -95.38564064605511 -42.20108767476023 49.9
    endloop
  endfacet
  facet normal 0 0 -1
    outer loop
      vertex -95.10865543901355 -42.54077988116189 49.9
      vertex -95.13137084989847 -41.89999273998417 49.9
      vertex -95.03923048454132 -42.4 49.9
    endloop
  endfacet
  facet normal 0 0 -1
    outer loop
      vertex -95.13341123208149 -41.89975936653163 49.9
      vertex -95.13137084989847 -41.89999273998417 49.9
      vertex -95.10865543901355 -42.54077988116189 49.9
    endloop
  endfacet
  facet normal 0 0 -1
    outer loop
      vertex -95.03923048454132 -42.4 49.9
      vertex -95.13137084989847 -41.89999273998417 49.9
      vertex -94.95202400834948 -42.26948628518954 49.9
    endloop
  endfacet
  facet normal 0 0 -1
    outer loop
      vertex -94.95202400834948 -42.26948628518954 49.9
      vertex -94.97432705125269 -41.735345496638075 49.9
      vertex -94.84852813742386 -42.151471862576145 49.9
    endloop
  endfacet
  facet normal 0 0 -1
    outer loop
      vertex -94.98098273819197 -41.836891656291776 49.9
      vertex -94.97432705125269 -41.735345496638075 49.9
      vertex -94.95202400834948 -42.26948628518954 49.9
    endloop
  endfacet
  facet normal 0 0 -1
    outer loop
      vertex -94.98098273819197 -41.836891656291776 49.9
      vertex -94.95202400834948 -42.26948628518954 49.9
      vertex -95.13137084989847 -41.89999273998417 49.9
    endloop
  endfacet
  facet normal 0 0 -1
    outer loop
      vertex -94.73051371481047 -42.04797599165052 49.9
      vertex -94.84852813742386 -42.151471862576145 49.9
      vertex -94.81107322288285 -41.72463442003431 49.9
    endloop
  endfacet
  facet normal 0 0 -1
    outer loop
      vertex -94.97432705125269 -41.735345496638075 49.9
      vertex -94.97347194165923 -41.73542384533141 49.9
      vertex -94.84852813742386 -42.151471862576145 49.9
    endloop
  endfacet
  facet normal 0 0 -1
    outer loop
      vertex -94.81139869177586 -41.72787567184214 49.9
      vertex -94.81107322288285 -41.72463442003431 49.9
      vertex -94.84852813742386 -42.151471862576145 49.9
    endloop
  endfacet
  facet normal 0 0 -1
    outer loop
      vertex -94.81139869177586 -41.72787567184214 49.9
      vertex -94.84852813742386 -42.151471862576145 49.9
      vertex -94.97347194165923 -41.73542384533141 49.9
    endloop
  endfacet
  facet normal 0 0 -1
    outer loop
      vertex -94.6 -41.96076951545867 49.9
      vertex -94.73051371481047 -42.04797599165052 49.9
      vertex -94.81107322288285 -41.72463442003431 49.9
    endloop
  endfacet
  facet normal 0 0 -1
    outer loop
      vertex -94.4592201188381 -41.891344560986454 49.9
      vertex -94.6 -41.96076951545867 49.9
      vertex -94.81107322288285 -41.72463442003431 49.9
    endloop
  endfacet
  facet normal 0 0 -1
    outer loop
      vertex -94.4592201188381 -41.891344560986454 49.9
      vertex -94.81107322288285 -41.72463442003431 49.9
      vertex -94.31058285412303 -41.84088900845312 49.9
    endloop
  endfacet
  facet normal 0 0 -1
    outer loop
      vertex -94.15663143066406 -41.810266166351425 49.9
      vertex -94.31058285412303 -41.84088900845312 49.9
      vertex -94.81107322288285 -41.72463442003431 49.9
    endloop
  endfacet
  facet normal 0 0 -1
    outer loop
      vertex -94 -41.8 49.9
      vertex -94.15663143066406 -41.810266166351425 49.9
      vertex -94.81107322288285 -41.72463442003431 49.9
    endloop
  endfacet
  facet normal 0 0 -1
    outer loop
      vertex -93.27077359712091 -44.42054232175906 49.9
      vertex -93.26948628518953 -43.95202400834948 49.9
      vertex -93.22511523138314 -44.398026107535415 49.9
    endloop
  endfacet
  facet normal 0 0 -1
    outer loop
      vertex -93.5407798811619 -44.108655439013546 49.9
      vertex -93.4 -44.03923048454133 49.9
      vertex -93.27077359712091 -44.42054232175906 49.9
    endloop
  endfacet
  facet normal 0 0 -1
    outer loop
      vertex -93.22511523138314 -44.398026107535415 49.9
      vertex -93.26948628518953 -43.95202400834948 49.9
      vertex -93.20326471269885 -44.356956342961084 49.9
    endloop
  endfacet
  facet normal 0 0 -1
    outer loop
      vertex -93.4 -44.03923048454133 49.9
      vertex -93.26948628518953 -43.95202400834948 49.9
      vertex -93.27077359712091 -44.42054232175906 49.9
    endloop
  endfacet
  facet normal 0 0 -1
    outer loop
      vertex -93.15147186257614 -43.848528137423855 49.9
      vertex -93.1700551116819 -44.36563211136607 49.9
      vertex -93.20326471269885 -44.356956342961084 49.9
    endloop
  endfacet
  facet normal 0 0 -1
    outer loop
      vertex -93.1700551116819 -44.36563211136607 49.9
      vertex -93.04797599165052 -43.73051371481046 49.9
      vertex -93.09901285354248 -44.31816319208776 49.9
    endloop
  endfacet
  facet normal 0 0 -1
    outer loop
      vertex -93.09901285354248 -44.31816319208776 49.9
      vertex -93.04797599165052 -43.73051371481046 49.9
      vertex -93.02793447042318 -44.25224772223137 49.9
    endloop
  endfacet
  facet normal 0 0 -1
    outer loop
      vertex -93.04797599165052 -43.73051371481046 49.9
      vertex -93.01165904454699 -44.25680470083149 49.9
      vertex -93.02793447042318 -44.25224772223137 49.9
    endloop
  endfacet
  facet normal 0 0 -1
    outer loop
      vertex -93.26948628518953 -43.95202400834948 49.9
      vertex -93.15147186257614 -43.848528137423855 49.9
      vertex -93.20326471269885 -44.356956342961084 49.9
    endloop
  endfacet
  facet normal 0 0 -1
    outer loop
      vertex -93.15147186257614 -43.848528137423855 49.9
      vertex -93.04797599165052 -43.73051371481046 49.9
      vertex -93.1700551116819 -44.36563211136607 49.9
    endloop
  endfacet
  facet normal 0 0 -1
    outer loop
      vertex -92.92292669073022 -44.17898851502824 49.9
      vertex -93.01165904454699 -44.25680470083149 49.9
      vertex -92.96076951545868 -43.6 49.9
    endloop
  endfacet
  facet normal 0 0 -1
    outer loop
      vertex -93.04797599165052 -43.73051371481046 49.9
      vertex -92.96076951545868 -43.6 49.9
      vertex -93.01165904454699 -44.25680470083149 49.9
    endloop
  endfacet
  facet normal 0 0 -1
    outer loop
      vertex -92.92292669073022 -44.17898851502824 49.9
      vertex -92.96076951545868 -43.6 49.9
      vertex -92.86862915010153 -44.075535230336186 49.9
    endloop
  endfacet
  facet normal 0 0 -1
    outer loop
      vertex -92.83007926896924 -44.08741313522877 49.9
      vertex -92.86862915010153 -44.075535230336186 49.9
      vertex -92.89134456098645 -43.45922011883811 49.9
    endloop
  endfacet
  facet normal 0 0 -1
    outer loop
      vertex -92.96076951545868 -43.6 49.9
      vertex -92.89134456098645 -43.45922011883811 49.9
      vertex -92.86862915010153 -44.075535230336186 49.9
    endloop
  endfacet
  facet normal 0 0 -1
    outer loop
      vertex -92.84088900845312 -43.31058285412303 49.9
      vertex -92.83007926896924 -44.08741313522877 49.9
      vertex -92.89134456098645 -43.45922011883811 49.9
    endloop
  endfacet
  facet normal 0 0 -1
    outer loop
      vertex -92.84088900845312 -43.31058285412303 49.9
      vertex -92.81026616635143 -43.15663143066406 49.9
      vertex -92.83007926896924 -44.08741313522877 49.9
    endloop
  endfacet
  facet normal 0 0 -1
    outer loop
      vertex -92.81026616635143 -43.15663143066406 49.9
      vertex -92.8 -43 49.9
      vertex -92.83007926896924 -44.08741313522877 49.9
    endloop
  endfacet
  facet normal 0 0 -1
    outer loop
      vertex -92.7384117475305 -43.98288636021601 49.9
      vertex -92.83007926896924 -44.08741313522877 49.9
      vertex -92.73500379111323 -42.09264184095115 49.9
    endloop
  endfacet
  facet normal 0 0 -1
    outer loop
      vertex -92.7384117475305 -43.98288636021601 49.9
      vertex -92.73500379111323 -42.09264184095115 49.9
      vertex -92.73063465553402 -43.83971787732414 49.9
    endloop
  endfacet
  facet normal 0 0 -1
    outer loop
      vertex -92.65767416373863 -43.86482519394607 49.9
      vertex -92.73063465553402 -43.83971787732414 49.9
      vertex -92.6144313886687 -42.201099037504605 49.9
    endloop
  endfacet
  facet normal 0 0 -1
    outer loop
      vertex -92.8 -43 49.9
      vertex -92.73500379111323 -42.09264184095115 49.9
      vertex -92.83007926896924 -44.08741313522877 49.9
    endloop
  endfacet
  facet normal 0 0 -1
    outer loop
      vertex -92.58350448556992 -43.73743251636075 49.9
      vertex -92.52716518751743 -42.46967409590074 49.9
      vertex -92.52179274798195 -43.601619897398855 49.9
    endloop
  endfacet
  facet normal 0 0 -1
    outer loop
      vertex -92.58350448556992 -43.73743251636075 49.9
      vertex -92.61435935394489 -43.726192507701576 49.9
      vertex -92.52716518751743 -42.46967409590074 49.9
    endloop
  endfacet
  facet normal 0 0 -1
    outer loop
      vertex -92.65767416373863 -43.86482519394607 49.9
      vertex -92.6144313886687 -42.201099037504605 49.9
      vertex -92.61435935394489 -43.726192507701576 49.9
    endloop
  endfacet
  facet normal 0 0 -1
    outer loop
      vertex -92.51858865367775 -43.602854534338384 49.9
      vertex -92.52179274798195 -43.601619897398855 49.9
      vertex -92.45586689455168 -42.6064593384057 49.9
    endloop
  endfacet
  facet normal 0 0 -1
    outer loop
      vertex -92.42100708252855 -42.902822328853475 49.9
      vertex -92.43521707775604 -43.317074775310616 49.9
      vertex -92.45451867793749 -43.32308983182287 49.9
    endloop
  endfacet
  facet normal 0 0 -1
    outer loop
      vertex -92.51858865367775 -43.602854534338384 49.9
      vertex -92.45586689455168 -42.6064593384057 49.9
      vertex -92.45451867793749 -43.32308983182287 49.9
    endloop
  endfacet
  facet normal 0 0 -1
    outer loop
      vertex -92.42100708252855 -42.902822328853475 49.9
      vertex -92.4136882218019 -43.184693709175306 49.9
      vertex -92.43521707775604 -43.317074775310616 49.9
    endloop
  endfacet
  facet normal 0 0 -1
    outer loop
      vertex -92.41207429287478 -43.18421811048965 49.9
      vertex -92.4136882218019 -43.184693709175306 49.9
      vertex -92.40289338271907 -43.04414448969864 49.9
    endloop
  endfacet
  facet normal 0 0 -1
    outer loop
      vertex -92.40289338271907 -43.04414448969864 49.9
      vertex -92.4136882218019 -43.184693709175306 49.9
      vertex -92.42100708252855 -42.902822328853475 49.9
    endloop
  endfacet
  facet normal 0 0 -1
    outer loop
      vertex -92.69031207691921 -42.08632871710649 49.9
      vertex -92.73063465553402 -43.83971787732414 49.9
      vertex -92.73500379111323 -42.09264184095115 49.9
    endloop
  endfacet
  facet normal 0 0 -1
    outer loop
      vertex -92.69031207691921 -42.08632871710649 49.9
      vertex -92.6144313886687 -42.201099037504605 49.9
      vertex -92.73063465553402 -43.83971787732414 49.9
    endloop
  endfacet
  facet normal 0 0 -1
    outer loop
      vertex -92.55124645741269 -42.32798029384583 49.9
      vertex -92.52716518751743 -42.46967409590074 49.9
      vertex -92.61435935394489 -43.726192507701576 49.9
    endloop
  endfacet
  facet normal 0 0 -1
    outer loop
      vertex -92.42155189318736 -42.751624746738706 49.9
      vertex -92.42100708252855 -42.902822328853475 49.9
      vertex -92.45451867793749 -43.32308983182287 49.9
    endloop
  endfacet
  facet normal 0 0 -1
    outer loop
      vertex -92.42155189318736 -42.751624746738706 49.9
      vertex -92.45451867793749 -43.32308983182287 49.9
      vertex -92.45586689455168 -42.6064593384057 49.9
    endloop
  endfacet
  facet normal 0 0 -1
    outer loop
      vertex -92.45586689455168 -42.6064593384057 49.9
      vertex -92.52179274798195 -43.601619897398855 49.9
      vertex -92.52716518751743 -42.46967409590074 49.9
    endloop
  endfacet
  facet normal 0 0 -1
    outer loop
      vertex -92.55124645741269 -42.32798029384583 49.9
      vertex -92.61435935394489 -43.726192507701576 49.9
      vertex -92.6144313886687 -42.201099037504605 49.9
    endloop
  endfacet
  facet normal 0 0 -1
    outer loop
      vertex -92.81026616635143 -42.84336856933594 49.9
      vertex -92.84088900845312 -42.68941714587697 49.9
      vertex -92.73500379111323 -42.09264184095115 49.9
    endloop
  endfacet
  facet normal 0 0 -1
    outer loop
      vertex -92.8 -43 49.9
      vertex -92.81026616635143 -42.84336856933594 49.9
      vertex -92.73500379111323 -42.09264184095115 49.9
    endloop
  endfacet
  facet normal 0 0 -1
    outer loop
      vertex -92.89134456098645 -42.54077988116189 49.9
      vertex -92.87668350675658 -41.90091397573903 49.9
      vertex -92.84088900845312 -42.68941714587697 49.9
    endloop
  endfacet
  facet normal 0 0 -1
    outer loop
      vertex -92.49603195647556 -42.46359535283558 49.9
      vertex -92.45586689455168 -42.6064593384057 49.9
      vertex -92.52716518751743 -42.46967409590074 49.9
    endloop
  endfacet
  facet normal 0 0 -1
    outer loop
      vertex -92.96076951545868 -42.4 49.9
      vertex -93.04797599165052 -42.26948628518954 49.9
      vertex -92.87668350675658 -41.90091397573903 49.9
    endloop
  endfacet
  facet normal 0 0 -1
    outer loop
      vertex -93.04797599165052 -42.26948628518954 49.9
      vertex -93.15147186257614 -42.151471862576145 49.9
      vertex -93.02108895248652 -41.734925491857354 49.9
    endloop
  endfacet
  facet normal 0 0 -1
    outer loop
      vertex -93.15147186257614 -42.151471862576145 49.9
      vertex -93.26948628518953 -42.04797599165052 49.9
      vertex -93.02108895248652 -41.734925491857354 49.9
    endloop
  endfacet
  facet normal 0 0 -1
    outer loop
      vertex -93.02108895248652 -41.734925491857354 49.9
      vertex -92.91696358252047 -41.826240990518 49.9
      vertex -93.04797599165052 -42.26948628518954 49.9
    endloop
  endfacet
  facet normal 0 0 -1
    outer loop
      vertex -92.91696358252047 -41.826240990518 49.9
      vertex -92.87668350675658 -41.90091397573903 49.9
      vertex -93.04797599165052 -42.26948628518954 49.9
    endloop
  endfacet
  facet normal 0 0 -1
    outer loop
      vertex -93.54077988116188 -41.89134456098646 49.9
      vertex -93.02108895248652 -41.734925491857354 49.9
      vertex -93.4 -41.96076951545868 49.9
    endloop
  endfacet
  facet normal 0 0 -1
    outer loop
      vertex -93.4 -41.96076951545868 49.9
      vertex -93.02108895248652 -41.734925491857354 49.9
      vertex -93.26948628518953 -42.04797599165052 49.9
    endloop
  endfacet
  facet normal 0 0 -1
    outer loop
      vertex -92.89134456098645 -42.54077988116189 49.9
      vertex -92.96076951545868 -42.4 49.9
      vertex -92.87668350675658 -41.90091397573903 49.9
    endloop
  endfacet
  facet normal 0 0 -1
    outer loop
      vertex -92.76717214416817 -41.98431869276852 49.9
      vertex -92.84088900845312 -42.68941714587697 49.9
      vertex -92.87668350675658 -41.90091397573903 49.9
    endloop
  endfacet
  facet normal 0 0 -1
    outer loop
      vertex -92.76717214416817 -41.98431869276852 49.9
      vertex -92.73500379111323 -42.09264184095115 49.9
      vertex -92.84088900845312 -42.68941714587697 49.9
    endloop
  endfacet
  facet normal 0 0 -1
    outer loop
      vertex -92.55124645741269 -42.32798029384583 49.9
      vertex -92.6144313886687 -42.201099037504605 49.9
      vertex -92.6138616851091 -42.2010091725676 49.9
    endloop
  endfacet
  facet normal 0 0 -1
    outer loop
      vertex -92.84363144526999 -41.897133569417676 49.9
      vertex -92.76717214416817 -41.98431869276852 49.9
      vertex -92.87668350675658 -41.90091397573903 49.9
    endloop
  endfacet
  facet normal 0 0 -1
    outer loop
      vertex 37.73841174753051 -43.98288636021601 49.9
      vertex 37.73964029109125 -43.8366188392317 49.9
      vertex 37.883718837655465 -44.07088582887605 49.9
    endloop
  endfacet
  facet normal 0 0 -1
    outer loop
      vertex 37.73841174753051 -43.98288636021601 49.9
      vertex 37.883718837655465 -44.07088582887605 49.9
      vertex 37.83007926896925 -44.08741313522877 49.9
    endloop
  endfacet
  facet normal 0 0 -1
    outer loop
      vertex 37.73964029109125 -43.8366188392317 49.9
      vertex 37.84088900845312 -43.31058285412303 49.9
      vertex 37.883718837655465 -44.07088582887605 49.9
    endloop
  endfacet
  facet normal 0 0 -1
    outer loop
      vertex 38.09901285354248 -44.31816319208776 49.9
      vertex 38.03468020115666 -44.25035897591969 49.9
      vertex 38.26948628518954 -43.95202400834948 49.9
    endloop
  endfacet
  facet normal 0 0 -1
    outer loop
      vertex 38.09901285354248 -44.31816319208776 49.9
      vertex 38.26948628518954 -43.95202400834948 49.9
      vertex 38.170055111681904 -44.36563211136607 49.9
    endloop
  endfacet
  facet normal 0 0 -1
    outer loop
      vertex 38.026497047868425 -44.252650188125116 49.9
      vertex 38.151471862576145 -43.848528137423855 49.9
      vertex 38.03468020115666 -44.25035897591969 49.9
    endloop
  endfacet
  facet normal 0 0 -1
    outer loop
      vertex 38.403072338299765 -44.387279455845075 49.9
      vertex 38.40920646372391 -44.35098057038167 49.9
      vertex 38.54077988116189 -44.108655439013546 49.9
    endloop
  endfacet
  facet normal 0 0 -1
    outer loop
      vertex 38.40920646372391 -44.35098057038167 49.9
      vertex 38.21892253775462 -44.352865849255956 49.9
      vertex 38.54077988116189 -44.108655439013546 49.9
    endloop
  endfacet
  facet normal 0 0 -1
    outer loop
      vertex 38.170055111681904 -44.36563211136607 49.9
      vertex 38.26948628518954 -43.95202400834948 49.9
      vertex 38.21892253775462 -44.352865849255956 49.9
    endloop
  endfacet
  facet normal 0 0 -1
    outer loop
      vertex 38.4 -44.03923048454133 49.9
      vertex 38.21892253775462 -44.352865849255956 49.9
      vertex 38.26948628518954 -43.95202400834948 49.9
    endloop
  endfacet
  facet normal 0 0 -1
    outer loop
      vertex 38.4 -44.03923048454133 49.9
      vertex 38.54077988116189 -44.108655439013546 49.9
      vertex 38.21892253775462 -44.352865849255956 49.9
    endloop
  endfacet
  facet normal 0 0 -1
    outer loop
      vertex 38.02973270527134 -44.14769982637938 49.9
      vertex 38.04797599165052 -43.73051371481046 49.9
      vertex 38.026497047868425 -44.252650188125116 49.9
    endloop
  endfacet
  facet normal 0 0 -1
    outer loop
      vertex 38.02973270527134 -44.14769982637938 49.9
      vertex 37.883718837655465 -44.07088582887605 49.9
      vertex 38.04797599165052 -43.73051371481046 49.9
    endloop
  endfacet
  facet normal 0 0 -1
    outer loop
      vertex 38.151471862576145 -43.848528137423855 49.9
      vertex 38.26948628518954 -43.95202400834948 49.9
      vertex 38.03468020115666 -44.25035897591969 49.9
    endloop
  endfacet
  facet normal 0 0 -1
    outer loop
      vertex 38.04797599165052 -43.73051371481046 49.9
      vertex 38.151471862576145 -43.848528137423855 49.9
      vertex 38.026497047868425 -44.252650188125116 49.9
    endloop
  endfacet
  facet normal 0 0 -1
    outer loop
      vertex 37.96076951545867 -43.6 49.9
      vertex 38.04797599165052 -43.73051371481046 49.9
      vertex 37.883718837655465 -44.07088582887605 49.9
    endloop
  endfacet
  facet normal 0 0 -1
    outer loop
      vertex 37.58350448556991 -43.73743251636075 49.9
      vertex 37.522510458771855 -43.601343341165176 49.9
      vertex 37.61931528327216 -43.72438713009063 49.9
    endloop
  endfacet
  facet normal 0 0 -1
    outer loop
      vertex 37.891344560986454 -43.45922011883811 49.9
      vertex 37.96076951545867 -43.6 49.9
      vertex 37.883718837655465 -44.07088582887605 49.9
    endloop
  endfacet
  facet normal 0 0 -1
    outer loop
      vertex 37.891344560986454 -43.45922011883811 49.9
      vertex 37.883718837655465 -44.07088582887605 49.9
      vertex 37.84088900845312 -43.31058285412303 49.9
    endloop
  endfacet
  facet normal 0 0 -1
    outer loop
      vertex 37.84088900845312 -43.31058285412303 49.9
      vertex 37.73964029109125 -43.8366188392317 49.9
      vertex 37.810266166351425 -43.15663143066406 49.9
    endloop
  endfacet
  facet normal 0 0 -1
    outer loop
      vertex 37.46849684069507 -43.20084492046476 49.9
      vertex 37.413688221801905 -43.184693709175306 49.9
      vertex 37.413688221801905 -42.900945697897924 49.9
    endloop
  endfacet
  facet normal 0 0 -1
    outer loop
      vertex 37.522510458771855 -43.601343341165176 49.9
      vertex 37.52179274798194 -43.44038077413373 49.9
      vertex 37.52179274798194 -42.46862513058373 49.9
    endloop
  endfacet
  facet normal 0 0 -1
    outer loop
      vertex 37.52179274798194 -43.44038077413373 49.9
      vertex 37.46849684069507 -43.20084492046476 49.9
      vertex 37.52179274798194 -42.46862513058373 49.9
    endloop
  endfacet
  facet normal 0 0 -1
    outer loop
      vertex 37.522510458771855 -43.601343341165176 49.9
      vertex 37.6143593539449 -42.20108767476023 49.9
      vertex 37.61931528327216 -43.72438713009063 49.9
    endloop
  endfacet
  facet normal 0 0 -1
    outer loop
      vertex 37.810266166351425 -43.15663143066406 49.9
      vertex 37.73964029109125 -43.8366188392317 49.9
      vertex 37.8 -43 49.9
    endloop
  endfacet
  facet normal 0 0 -1
    outer loop
      vertex 37.730634655534026 -43.839717877324134 49.9
      vertex 37.61931528327216 -43.72438713009063 49.9
      vertex 37.730634655534026 -42.092024659567464 49.9
    endloop
  endfacet
  facet normal 0 0 -1
    outer loop
      vertex 37.73964029109125 -43.8366188392317 49.9
      vertex 37.730634655534026 -43.839717877324134 49.9
      vertex 37.730634655534026 -42.092024659567464 49.9
    endloop
  endfacet
  facet normal 0 0 -1
    outer loop
      vertex 37.44331909054752 -42.75676221153204 49.9
      vertex 37.46849684069507 -43.20084492046476 49.9
      vertex 37.413688221801905 -42.900945697897924 49.9
    endloop
  endfacet
  facet normal 0 0 -1
    outer loop
      vertex 37.44331909054752 -42.75676221153204 49.9
      vertex 37.45320801049605 -42.605886448736214 49.9
      vertex 37.46849684069507 -43.20084492046476 49.9
    endloop
  endfacet
  facet normal 0 0 -1
    outer loop
      vertex 37.46849684069507 -43.20084492046476 49.9
      vertex 37.45320801049605 -42.605886448736214 49.9
      vertex 37.45451867793749 -42.6061688483526 49.9
    endloop
  endfacet
  facet normal 0 0 -1
    outer loop
      vertex 37.46849684069507 -43.20084492046476 49.9
      vertex 37.45451867793749 -42.6061688483526 49.9
      vertex 37.51655607661646 -42.46760267391341 49.9
    endloop
  endfacet
  facet normal 0 0 -1
    outer loop
      vertex 37.46849684069507 -43.20084492046476 49.9
      vertex 37.51655607661646 -42.46760267391341 49.9
      vertex 37.52179274798194 -42.46862513058373 49.9
    endloop
  endfacet
  facet normal 0 0 -1
    outer loop
      vertex 37.60534747982428 -42.337494629266445 49.9
      vertex 37.522510458771855 -43.601343341165176 49.9
      vertex 37.52179274798194 -42.46862513058373 49.9
    endloop
  endfacet
  facet normal 0 0 -1
    outer loop
      vertex 37.60534747982428 -42.337494629266445 49.9
      vertex 37.6143593539449 -42.20108767476023 49.9
      vertex 37.522510458771855 -43.601343341165176 49.9
    endloop
  endfacet
  facet normal 0 0 -1
    outer loop
      vertex 37.61931528327216 -43.72438713009063 49.9
      vertex 37.6143593539449 -42.20108767476023 49.9
      vertex 37.72634568217273 -42.09141880184899 49.9
    endloop
  endfacet
  facet normal 0 0 -1
    outer loop
      vertex 37.86027314171292 -41.996117201993975 49.9
      vertex 37.8 -43 49.9
      vertex 37.73964029109125 -43.8366188392317 49.9
    endloop
  endfacet
  facet normal 0 0 -1
    outer loop
      vertex 37.61931528327216 -43.72438713009063 49.9
      vertex 37.72634568217273 -42.09141880184899 49.9
      vertex 37.730634655534026 -42.092024659567464 49.9
    endloop
  endfacet
  facet normal 0 0 -1
    outer loop
      vertex 37.86027314171292 -41.996117201993975 49.9
      vertex 37.73964029109125 -43.8366188392317 49.9
      vertex 37.730634655534026 -42.092024659567464 49.9
    endloop
  endfacet
  facet normal 0 0 -1
    outer loop
      vertex 37.8 -43 49.9
      vertex 37.86658876791851 -41.89975936653163 49.9
      vertex 37.810266166351425 -42.84336856933594 49.9
    endloop
  endfacet
  facet normal 0 0 -1
    outer loop
      vertex 37.810266166351425 -42.84336856933594 49.9
      vertex 37.86658876791851 -41.89975936653163 49.9
      vertex 37.84088900845312 -42.68941714587697 49.9
    endloop
  endfacet
  facet normal 0 0 -1
    outer loop
      vertex 37.84088900845312 -42.68941714587697 49.9
      vertex 37.86658876791851 -41.89975936653163 49.9
      vertex 37.891344560986454 -42.54077988116189 49.9
    endloop
  endfacet
  facet normal 0 0 -1
    outer loop
      vertex 37.8 -43 49.9
      vertex 37.86027314171292 -41.996117201993975 49.9
      vertex 37.86658876791851 -41.89975936653163 49.9
    endloop
  endfacet
  facet normal 0 0 -1
    outer loop
      vertex 37.60534747982428 -42.337494629266445 49.9
      vertex 37.61428879348616 -42.20107654456616 49.9
      vertex 37.6143593539449 -42.20108767476023 49.9
    endloop
  endfacet
  facet normal 0 0 -1
    outer loop
      vertex 37.891344560986454 -42.54077988116189 49.9
      vertex 37.868629150101526 -41.89999273998417 49.9
      vertex 37.96076951545867 -42.4 49.9
    endloop
  endfacet
  facet normal 0 0 -1
    outer loop
      vertex 37.86658876791851 -41.89975936653163 49.9
      vertex 37.868629150101526 -41.89999273998417 49.9
      vertex 37.891344560986454 -42.54077988116189 49.9
    endloop
  endfacet
  facet normal 0 0 -1
    outer loop
      vertex 37.96076951545867 -42.4 49.9
      vertex 37.868629150101526 -41.89999273998417 49.9
      vertex 38.04797599165052 -42.26948628518954 49.9
    endloop
  endfacet
  facet normal 0 0 -1
    outer loop
      vertex 38.019017261808024 -41.836891656291776 49.9
      vertex 38.025672948747314 -41.735345496638075 49.9
      vertex 38.04797599165052 -42.26948628518954 49.9
    endloop
  endfacet
  facet normal 0 0 -1
    outer loop
      vertex 38.019017261808024 -41.836891656291776 49.9
      vertex 38.04797599165052 -42.26948628518954 49.9
      vertex 37.868629150101526 -41.89999273998417 49.9
    endloop
  endfacet
  facet normal 0 0 -1
    outer loop
      vertex 38.151471862576145 -42.151471862576145 49.9
      vertex 38.04797599165052 -42.26948628518954 49.9
      vertex 38.025672948747314 -41.735345496638075 49.9
    endloop
  endfacet
  facet normal 0 0 -1
    outer loop
      vertex 38.26948628518954 -42.04797599165052 49.9
      vertex 38.151471862576145 -42.151471862576145 49.9
      vertex 38.025672948747314 -41.735345496638075 49.9
    endloop
  endfacet
  facet normal 0 0 -1
    outer loop
      vertex 38.4 -41.96076951545867 49.9
      vertex 38.26948628518954 -42.04797599165052 49.9
      vertex 38.025672948747314 -41.735345496638075 49.9
    endloop
  endfacet
  facet normal 0 0 -1
    outer loop
      vertex 38.54077988116189 -41.891344560986454 49.9
      vertex 38.4 -41.96076951545867 49.9
      vertex 38.025672948747314 -41.735345496638075 49.9
    endloop
  endfacet
  facet normal 0 0 -1
    outer loop
      vertex 38.54077988116189 -41.891344560986454 49.9
      vertex 38.025672948747314 -41.735345496638075 49.9
      vertex 38.68941714587698 -41.84088900845312 49.9
    endloop
  endfacet
  facet normal 0 0 -1
    outer loop
      vertex 38.68941714587697 -44.15911099154688 49.9
      vertex 38.84336856933594 -44.189733833648575 49.9
      vertex 38.403072338299765 -44.387279455845075 49.9
    endloop
  endfacet
  facet normal 0 0 -1
    outer loop
      vertex 38.54077988116189 -44.108655439013546 49.9
      vertex 38.68941714587697 -44.15911099154688 49.9
      vertex 38.403072338299765 -44.387279455845075 49.9
    endloop
  endfacet
  facet normal 0 0 -1
    outer loop
      vertex 38.84336856933594 -44.189733833648575 49.9
      vertex 39 -44.2 49.9
      vertex 38.403072338299765 -44.387279455845075 49.9
    endloop
  endfacet
  facet normal 0 0 -1
    outer loop
      vertex 39.45922011883811 -44.108655439013546 49.9
      vertex 39.6 -44.03923048454133 49.9
      vertex 39.90098714645752 -44.31816319208776 49.9
    endloop
  endfacet
  facet normal 0 0 -1
    outer loop
      vertex 39.6 -44.03923048454133 49.9
      vertex 39.73051371481046 -43.95202400834948 49.9
      vertex 39.90098714645752 -44.31816319208776 49.9
    endloop
  endfacet
  facet normal 0 0 -1
    outer loop
      vertex 39.90098714645752 -44.31816319208776 49.9
      vertex 39.95202400834948 -43.73051371481046 49.9
      vertex 39.972065529576824 -44.25224772223137 49.9
    endloop
  endfacet
  facet normal 0 0 -1
    outer loop
      vertex 39.95202400834948 -43.73051371481046 49.9
      vertex 39.98834095545301 -44.25680470083149 49.9
      vertex 39.972065529576824 -44.25224772223137 49.9
    endloop
  endfacet
  facet normal 0 0 -1
    outer loop
      vertex 39.73051371481046 -43.95202400834948 49.9
      vertex 39.848528137423855 -43.848528137423855 49.9
      vertex 39.90098714645752 -44.31816319208776 49.9
    endloop
  endfacet
  facet normal 0 0 -1
    outer loop
      vertex 39.848528137423855 -43.848528137423855 49.9
      vertex 39.95202400834948 -43.73051371481046 49.9
      vertex 39.90098714645752 -44.31816319208776 49.9
    endloop
  endfacet
  facet normal 0 0 -1
    outer loop
      vertex 40.07707330926977 -44.17898851502824 49.9
      vertex 39.98834095545301 -44.25680470083149 49.9
      vertex 40.03923048454133 -43.6 49.9
    endloop
  endfacet
  facet normal 0 0 -1
    outer loop
      vertex 39.95202400834948 -43.73051371481046 49.9
      vertex 40.03923048454133 -43.6 49.9
      vertex 39.98834095545301 -44.25680470083149 49.9
    endloop
  endfacet
  facet normal 0 0 -1
    outer loop
      vertex 40.07707330926977 -44.17898851502824 49.9
      vertex 40.03923048454133 -43.6 49.9
      vertex 40.131370849898474 -44.075535230336186 49.9
    endloop
  endfacet
  facet normal 0 0 -1
    outer loop
      vertex 40.16992073103075 -44.08741313522877 49.9
      vertex 40.131370849898474 -44.075535230336186 49.9
      vertex 40.108655439013546 -43.45922011883811 49.9
    endloop
  endfacet
  facet normal 0 0 -1
    outer loop
      vertex 40.03923048454133 -43.6 49.9
      vertex 40.108655439013546 -43.45922011883811 49.9
      vertex 40.131370849898474 -44.075535230336186 49.9
    endloop
  endfacet
  facet normal 0 0 -1
    outer loop
      vertex 40.15911099154688 -43.31058285412303 49.9
      vertex 40.16992073103075 -44.08741313522877 49.9
      vertex 40.108655439013546 -43.45922011883811 49.9
    endloop
  endfacet
  facet normal 0 0 -1
    outer loop
      vertex 40.15911099154688 -43.31058285412303 49.9
      vertex 40.189733833648575 -43.15663143066406 49.9
      vertex 40.16992073103075 -44.08741313522877 49.9
    endloop
  endfacet
  facet normal 0 0 -1
    outer loop
      vertex 40.189733833648575 -43.15663143066406 49.9
      vertex 40.2 -43 49.9
      vertex 40.16992073103075 -44.08741313522877 49.9
    endloop
  endfacet
  facet normal 0 0 -1
    outer loop
      vertex 40.26158825246949 -43.98288636021601 49.9
      vertex 40.16992073103075 -44.08741313522877 49.9
      vertex 40.264996208886764 -42.09264184095115 49.9
    endloop
  endfacet
  facet normal 0 0 -1
    outer loop
      vertex 40.26158825246949 -43.98288636021601 49.9
      vertex 40.264996208886764 -42.09264184095115 49.9
      vertex 40.269365344465974 -43.839717877324134 49.9
    endloop
  endfacet
  facet normal 0 0 -1
    outer loop
      vertex 40.2 -43 49.9
      vertex 40.264996208886764 -42.09264184095115 49.9
      vertex 40.16992073103075 -44.08741313522877 49.9
    endloop
  endfacet
  facet normal 0 0 -1
    outer loop
      vertex 40.41649551443009 -43.73743251636075 49.9
      vertex 40.47283481248258 -42.469674095900736 49.9
      vertex 40.47820725201806 -43.601619897398855 49.9
    endloop
  endfacet
  facet normal 0 0 -1
    outer loop
      vertex 40.34232583626137 -43.86482519394606 49.9
      vertex 40.269365344465974 -43.839717877324134 49.9
      vertex 40.38556861133129 -42.201099037504605 49.9
    endloop
  endfacet
  facet normal 0 0 -1
    outer loop
      vertex 40.41649551443009 -43.73743251636075 49.9
      vertex 40.3856406460551 -43.72619250770157 49.9
      vertex 40.47283481248258 -42.469674095900736 49.9
    endloop
  endfacet
  facet normal 0 0 -1
    outer loop
      vertex 40.34232583626137 -43.86482519394606 49.9
      vertex 40.38556861133129 -42.201099037504605 49.9
      vertex 40.3856406460551 -43.72619250770157 49.9
    endloop
  endfacet
  facet normal 0 0 -1
    outer loop
      vertex 40.481411346322254 -43.602854534338384 49.9
      vertex 40.47820725201806 -43.601619897398855 49.9
      vertex 40.54413310544831 -42.6064593384057 49.9
    endloop
  endfacet
  facet normal 0 0 -1
    outer loop
      vertex 40.57899291747145 -42.902822328853475 49.9
      vertex 40.56478292224396 -43.317074775310616 49.9
      vertex 40.54548132206251 -43.32308983182287 49.9
    endloop
  endfacet
  facet normal 0 0 -1
    outer loop
      vertex 40.481411346322254 -43.602854534338384 49.9
      vertex 40.54413310544831 -42.6064593384057 49.9
      vertex 40.54548132206251 -43.32308983182287 49.9
    endloop
  endfacet
  facet normal 0 0 -1
    outer loop
      vertex 40.57899291747145 -42.902822328853475 49.9
      vertex 40.586311778198095 -43.184693709175306 49.9
      vertex 40.56478292224396 -43.317074775310616 49.9
    endloop
  endfacet
  facet normal 0 0 -1
    outer loop
      vertex 40.58792570712523 -43.184218110489645 49.9
      vertex 40.586311778198095 -43.184693709175306 49.9
      vertex 40.59710661728094 -43.04414448969864 49.9
    endloop
  endfacet
  facet normal 0 0 -1
    outer loop
      vertex 40.59710661728094 -43.04414448969864 49.9
      vertex 40.586311778198095 -43.184693709175306 49.9
      vertex 40.57899291747145 -42.902822328853475 49.9
    endloop
  endfacet
  facet normal 0 0 -1
    outer loop
      vertex 39 -41.8 49.9
      vertex 39.78720865862649 -41.72674618451212 49.9
      vertex 39.15663143066406 -41.810266166351425 49.9
    endloop
  endfacet
  facet normal 0 0 -1
    outer loop
      vertex 39.31058285412303 -41.84088900845312 49.9
      vertex 39.78720865862649 -41.72674618451212 49.9
      vertex 39.45922011883811 -41.891344560986454 49.9
    endloop
  endfacet
  facet normal 0 0 -1
    outer loop
      vertex 39.31058285412303 -41.84088900845312 49.9
      vertex 39.15663143066406 -41.810266166351425 49.9
      vertex 39.78720865862649 -41.72674618451212 49.9
    endloop
  endfacet
  facet normal 0 0 -1
    outer loop
      vertex 40.30968792308077 -42.08632871710649 49.9
      vertex 40.269365344465974 -43.839717877324134 49.9
      vertex 40.264996208886764 -42.09264184095115 49.9
    endloop
  endfacet
  facet normal 0 0 -1
    outer loop
      vertex 40.30968792308077 -42.08632871710649 49.9
      vertex 40.38556861133129 -42.201099037504605 49.9
      vertex 40.269365344465974 -43.839717877324134 49.9
    endloop
  endfacet
  facet normal 0 0 -1
    outer loop
      vertex 40.44875354258732 -42.32798029384583 49.9
      vertex 40.47283481248258 -42.469674095900736 49.9
      vertex 40.3856406460551 -43.72619250770157 49.9
    endloop
  endfacet
  facet normal 0 0 -1
    outer loop
      vertex 40.57844810681264 -42.751624746738706 49.9
      vertex 40.57899291747145 -42.902822328853475 49.9
      vertex 40.54548132206251 -43.32308983182287 49.9
    endloop
  endfacet
  facet normal 0 0 -1
    outer loop
      vertex 40.57844810681264 -42.751624746738706 49.9
      vertex 40.54548132206251 -43.32308983182287 49.9
      vertex 40.54413310544831 -42.6064593384057 49.9
    endloop
  endfacet
  facet normal 0 0 -1
    outer loop
      vertex 40.54413310544831 -42.6064593384057 49.9
      vertex 40.47820725201806 -43.601619897398855 49.9
      vertex 40.47283481248258 -42.469674095900736 49.9
    endloop
  endfacet
  facet normal 0 0 -1
    outer loop
      vertex 40.44875354258732 -42.32798029384583 49.9
      vertex 40.3856406460551 -43.72619250770157 49.9
      vertex 40.38556861133129 -42.201099037504605 49.9
    endloop
  endfacet
  facet normal 0 0 -1
    outer loop
      vertex 40.2 -43 49.9
      vertex 40.189733833648575 -42.84336856933594 49.9
      vertex 40.264996208886764 -42.09264184095115 49.9
    endloop
  endfacet
  facet normal 0 0 -1
    outer loop
      vertex 40.189733833648575 -42.84336856933594 49.9
      vertex 40.15911099154688 -42.68941714587697 49.9
      vertex 40.264996208886764 -42.09264184095115 49.9
    endloop
  endfacet
  facet normal 0 0 -1
    outer loop
      vertex 40.108655439013546 -42.54077988116189 49.9
      vertex 40.123316493243415 -41.90091397573903 49.9
      vertex 40.15911099154688 -42.68941714587697 49.9
    endloop
  endfacet
  facet normal 0 0 -1
    outer loop
      vertex 40.503968043524445 -42.46359535283558 49.9
      vertex 40.54413310544831 -42.6064593384057 49.9
      vertex 40.47283481248258 -42.469674095900736 49.9
    endloop
  endfacet
  facet normal 0 0 -1
    outer loop
      vertex 40.03923048454133 -42.4 49.9
      vertex 39.95202400834948 -42.26948628518954 49.9
      vertex 40.123316493243415 -41.90091397573903 49.9
    endloop
  endfacet
  facet normal 0 0 -1
    outer loop
      vertex 39.95202400834948 -42.26948628518954 49.9
      vertex 39.848528137423855 -42.151471862576145 49.9
      vertex 39.971754437639156 -41.73558121018476 49.9
    endloop
  endfacet
  facet normal 0 0 -1
    outer loop
      vertex 39.848528137423855 -42.151471862576145 49.9
      vertex 39.73051371481046 -42.04797599165052 49.9
      vertex 39.971754437639156 -41.73558121018476 49.9
    endloop
  endfacet
  facet normal 0 0 -1
    outer loop
      vertex 39.97891104751347 -41.734925491857354 49.9
      vertex 40.08303641747954 -41.826240990518 49.9
      vertex 39.95202400834948 -42.26948628518954 49.9
    endloop
  endfacet
  facet normal 0 0 -1
    outer loop
      vertex 40.08303641747954 -41.826240990518 49.9
      vertex 40.123316493243415 -41.90091397573903 49.9
      vertex 39.95202400834948 -42.26948628518954 49.9
    endloop
  endfacet
  facet normal 0 0 -1
    outer loop
      vertex 39.45922011883811 -41.891344560986454 49.9
      vertex 39.78720865862649 -41.72674618451212 49.9
      vertex 39.6 -41.96076951545867 49.9
    endloop
  endfacet
  facet normal 0 0 -1
    outer loop
      vertex 39.6 -41.96076951545867 49.9
      vertex 39.78720865862649 -41.72674618451212 49.9
      vertex 39.73051371481046 -42.04797599165052 49.9
    endloop
  endfacet
  facet normal 0 0 -1
    outer loop
      vertex 39.78720865862649 -41.72674618451212 49.9
      vertex 39.78683156209494 -41.73005941670267 49.9
      vertex 39.73051371481046 -42.04797599165052 49.9
    endloop
  endfacet
  facet normal 0 0 -1
    outer loop
      vertex 39.78683156209494 -41.73005941670267 49.9
      vertex 39.971754437639156 -41.73558121018476 49.9
      vertex 39.73051371481046 -42.04797599165052 49.9
    endloop
  endfacet
  facet normal 0 0 -1
    outer loop
      vertex 39.97891104751347 -41.734925491857354 49.9
      vertex 39.95202400834948 -42.26948628518954 49.9
      vertex 39.971754437639156 -41.73558121018476 49.9
    endloop
  endfacet
  facet normal 0 0 -1
    outer loop
      vertex 40.108655439013546 -42.54077988116189 49.9
      vertex 40.03923048454133 -42.4 49.9
      vertex 40.123316493243415 -41.90091397573903 49.9
    endloop
  endfacet
  facet normal 0 0 -1
    outer loop
      vertex 40.23282785583182 -41.98431869276852 49.9
      vertex 40.15911099154688 -42.68941714587697 49.9
      vertex 40.123316493243415 -41.90091397573903 49.9
    endloop
  endfacet
  facet normal 0 0 -1
    outer loop
      vertex 40.23282785583182 -41.98431869276852 49.9
      vertex 40.264996208886764 -42.09264184095115 49.9
      vertex 40.15911099154688 -42.68941714587697 49.9
    endloop
  endfacet
  facet normal 0 0 -1
    outer loop
      vertex 40.44875354258732 -42.32798029384583 49.9
      vertex 40.38556861133129 -42.201099037504605 49.9
      vertex 40.386138314890886 -42.2010091725676 49.9
    endloop
  endfacet
  facet normal 0 0 -1
    outer loop
      vertex 40.15636855473001 -41.897133569417676 49.9
      vertex 40.23282785583182 -41.98431869276852 49.9
      vertex 40.123316493243415 -41.90091397573903 49.9
    endloop
  endfacet
  facet normal 0 0 -1
    outer loop
      vertex -95.15636855473002 43.89713356941768 49.9
      vertex -95.23282785583183 43.98431869276852 49.9
      vertex -95.12331649324341 43.90091397573904 49.9
    endloop
  endfacet
  facet normal 0 0 -1
    outer loop
      vertex -95.44875354258731 44.32798029384584 49.9
      vertex -95.3855686113313 44.20109903750461 49.9
      vertex -95.3861383148909 44.2010091725676 49.9
    endloop
  endfacet
  facet normal 0 0 -1
    outer loop
      vertex -95.23282785583183 43.98431869276852 49.9
      vertex -95.26499620888677 44.09264184095115 49.9
      vertex -95.15911099154688 44.68941714587697 49.9
    endloop
  endfacet
  facet normal 0 0 -1
    outer loop
      vertex -95.23282785583183 43.98431869276852 49.9
      vertex -95.15911099154688 44.68941714587697 49.9
      vertex -95.12331649324341 43.90091397573904 49.9
    endloop
  endfacet
  facet normal 0 0 -1
    outer loop
      vertex -95.10865543901355 44.54077988116188 49.9
      vertex -95.03923048454132 44.400000000000006 49.9
      vertex -95.12331649324341 43.90091397573904 49.9
    endloop
  endfacet
  facet normal 0 0 -1
    outer loop
      vertex -94.97387176338852 43.735387212003594 49.9
      vertex -94.84852813742386 44.151471862576145 49.9
      vertex -94.97175443763916 43.73558121018476 49.9
    endloop
  endfacet
  facet normal 0 0 -1
    outer loop
      vertex -94.95128047484329 43.715441735569485 49.9
      vertex -94.73051371481047 44.04797599165052 49.9
      vertex -94.94703265288307 43.71260343167798 49.9
    endloop
  endfacet
  facet normal 0 0 -1
    outer loop
      vertex -94.95128047484329 43.715441735569485 49.9
      vertex -94.97175443763916 43.73558121018476 49.9
      vertex -94.73051371481047 44.04797599165052 49.9
    endloop
  endfacet
  facet normal 0 0 -1
    outer loop
      vertex -94.6 43.96076951545868 49.9
      vertex -94.94703265288307 43.71260343167798 49.9
      vertex -94.73051371481047 44.04797599165052 49.9
    endloop
  endfacet
  facet normal 0 0 -1
    outer loop
      vertex -94.45922011883812 43.89134456098646 49.9
      vertex -94.94703265288307 43.71260343167798 49.9
      vertex -94.6 43.96076951545868 49.9
    endloop
  endfacet
  facet normal 0 0 -1
    outer loop
      vertex -94.31058285412303 43.84088900845312 49.9
      vertex -94.94703265288307 43.71260343167798 49.9
      vertex -94.45922011883812 43.89134456098646 49.9
    endloop
  endfacet
  facet normal 0 0 -1
    outer loop
      vertex -94.97387176338852 43.735387212003594 49.9
      vertex -94.97070928942041 43.83796382801527 49.9
      vertex -94.95202400834948 44.269486285189544 49.9
    endloop
  endfacet
  facet normal 0 0 -1
    outer loop
      vertex -94.97070928942041 43.83796382801527 49.9
      vertex -95.12331649324341 43.90091397573904 49.9
      vertex -94.95202400834948 44.269486285189544 49.9
    endloop
  endfacet
  facet normal 0 0 -1
    outer loop
      vertex -94.95202400834948 44.269486285189544 49.9
      vertex -94.84852813742386 44.151471862576145 49.9
      vertex -94.97387176338852 43.735387212003594 49.9
    endloop
  endfacet
  facet normal 0 0 -1
    outer loop
      vertex -94.84852813742386 44.151471862576145 49.9
      vertex -94.73051371481047 44.04797599165052 49.9
      vertex -94.97175443763916 43.73558121018476 49.9
    endloop
  endfacet
  facet normal 0 0 -1
    outer loop
      vertex -95.03923048454132 44.400000000000006 49.9
      vertex -94.95202400834948 44.269486285189544 49.9
      vertex -95.12331649324341 43.90091397573904 49.9
    endloop
  endfacet
  facet normal 0 0 -1
    outer loop
      vertex -95.10865543901355 44.54077988116188 49.9
      vertex -95.12331649324341 43.90091397573904 49.9
      vertex -95.15911099154688 44.68941714587697 49.9
    endloop
  endfacet
  facet normal 0 0 -1
    outer loop
      vertex -95.15911099154688 44.68941714587697 49.9
      vertex -95.26499620888677 44.09264184095115 49.9
      vertex -95.18973383364857 44.84336856933594 49.9
    endloop
  endfacet
  facet normal 0 0 -1
    outer loop
      vertex -95.18973383364857 44.84336856933594 49.9
      vertex -95.26499620888677 44.09264184095115 49.9
      vertex -95.2 45 49.9
    endloop
  endfacet
  facet normal 0 0 -1
    outer loop
      vertex -95.44875354258731 44.32798029384584 49.9
      vertex -95.38564064605511 45.72619250770157 49.9
      vertex -95.3855686113313 44.20109903750461 49.9
    endloop
  endfacet
  facet normal 0 0 -1
    outer loop
      vertex -95.47820725201805 44.46862513058373 49.9
      vertex -95.54413310544832 44.6064593384057 49.9
      vertex -95.47820725201805 45.60161989739886 49.9
    endloop
  endfacet
  facet normal 0 0 -1
    outer loop
      vertex -95.54413310544832 44.6064593384057 49.9
      vertex -95.54548132206251 44.759405523161185 49.9
      vertex -95.54548132206251 45.32308983182288 49.9
    endloop
  endfacet
  facet normal 0 0 -1
    outer loop
      vertex -95.47283481248257 44.469674095900736 49.9
      vertex -95.47820725201805 44.46862513058373 49.9
      vertex -95.47820725201805 45.60161989739886 49.9
    endloop
  endfacet
  facet normal 0 0 -1
    outer loop
      vertex -95.54548132206251 44.759405523161185 49.9
      vertex -95.57899291747145 44.902822328853475 49.9
      vertex -95.54548132206251 45.32308983182288 49.9
    endloop
  endfacet
  facet normal 0 0 -1
    outer loop
      vertex -95.57899291747145 44.902822328853475 49.9
      vertex -95.5863117781981 44.900945697897924 49.9
      vertex -95.5863117781981 45.184693709175306 49.9
    endloop
  endfacet
  facet normal 0 0 -1
    outer loop
      vertex -95.44875354258731 44.32798029384584 49.9
      vertex -95.47283481248257 44.469674095900736 49.9
      vertex -95.38564064605511 45.72619250770157 49.9
    endloop
  endfacet
  facet normal 0 0 -1
    outer loop
      vertex -95.26936534446598 44.092024659567464 49.9
      vertex -95.3855686113313 44.20109903750461 49.9
      vertex -95.26936534446598 45.839717877324134 49.9
    endloop
  endfacet
  facet normal 0 0 -1
    outer loop
      vertex -95.26499620888677 44.09264184095115 49.9
      vertex -95.26936534446598 44.092024659567464 49.9
      vertex -95.26936534446598 45.839717877324134 49.9
    endloop
  endfacet
  facet normal 0 0 -1
    outer loop
      vertex -94.31058285412303 43.84088900845312 49.9
      vertex -94.15663143066406 43.810266166351425 49.9
      vertex -94.94703265288307 43.71260343167798 49.9
    endloop
  endfacet
  facet normal 0 0 -1
    outer loop
      vertex -94.15663143066406 43.810266166351425 49.9
      vertex -94 43.8 49.9
      vertex -94.94703265288307 43.71260343167798 49.9
    endloop
  endfacet
  facet normal 0 0 -1
    outer loop
      vertex -95.55157152636916 45.32119191026553 49.9
      vertex -95.57899291747145 44.902822328853475 49.9
      vertex -95.5863117781981 45.184693709175306 49.9
    endloop
  endfacet
  facet normal 0 0 -1
    outer loop
      vertex -95.54413310544832 44.6064593384057 49.9
      vertex -95.54548132206251 45.32308983182288 49.9
      vertex -95.47888960294767 45.60188282838136 49.9
    endloop
  endfacet
  facet normal 0 0 -1
    outer loop
      vertex -95.55157152636916 45.32119191026553 49.9
      vertex -95.54548132206251 45.32308983182288 49.9
      vertex -95.57899291747145 44.902822328853475 49.9
    endloop
  endfacet
  facet normal 0 0 -1
    outer loop
      vertex -95.54413310544832 44.6064593384057 49.9
      vertex -95.47888960294767 45.60188282838136 49.9
      vertex -95.47820725201805 45.60161989739886 49.9
    endloop
  endfacet
  facet normal 0 0 -1
    outer loop
      vertex -95.47283481248257 44.469674095900736 49.9
      vertex -95.47820725201805 45.60161989739886 49.9
      vertex -95.39036543287693 45.727913683243294 49.9
    endloop
  endfacet
  facet normal 0 0 -1
    outer loop
      vertex -95.3855686113313 44.20109903750461 49.9
      vertex -95.38564064605511 45.72619250770157 49.9
      vertex -95.27797369733958 45.8426802016708 49.9
    endloop
  endfacet
  facet normal 0 0 -1
    outer loop
      vertex -95.47283481248257 44.469674095900736 49.9
      vertex -95.39036543287693 45.727913683243294 49.9
      vertex -95.38564064605511 45.72619250770157 49.9
    endloop
  endfacet
  facet normal 0 0 -1
    outer loop
      vertex -95.14361812117774 45.94451359895058 49.9
      vertex -95.2 45 49.9
      vertex -95.26499620888677 44.09264184095115 49.9
    endloop
  endfacet
  facet normal 0 0 -1
    outer loop
      vertex -95.3855686113313 44.20109903750461 49.9
      vertex -95.27797369733958 45.8426802016708 49.9
      vertex -95.26936534446598 45.839717877324134 49.9
    endloop
  endfacet
  facet normal 0 0 -1
    outer loop
      vertex -95.14361812117774 45.94451359895058 49.9
      vertex -95.26499620888677 44.09264184095115 49.9
      vertex -95.26936534446598 45.839717877324134 49.9
    endloop
  endfacet
  facet normal 0 0 -1
    outer loop
      vertex -95.2 45 49.9
      vertex -95.13495806554516 46.07664051535988 49.9
      vertex -95.18973383364857 45.15663143066406 49.9
    endloop
  endfacet
  facet normal 0 0 -1
    outer loop
      vertex -95.18973383364857 45.15663143066406 49.9
      vertex -95.13495806554516 46.07664051535988 49.9
      vertex -95.15911099154688 45.31058285412303 49.9
    endloop
  endfacet
  facet normal 0 0 -1
    outer loop
      vertex -95.15911099154688 45.31058285412303 49.9
      vertex -95.13495806554516 46.07664051535988 49.9
      vertex -95.10865543901355 45.45922011883812 49.9
    endloop
  endfacet
  facet normal 0 0 -1
    outer loop
      vertex -95.2 45 49.9
      vertex -95.14361812117774 45.94451359895058 49.9
      vertex -95.13495806554516 46.07664051535988 49.9
    endloop
  endfacet
  facet normal 0 0 -1
    outer loop
      vertex -95.10865543901355 45.45922011883812 49.9
      vertex -95.13137084989847 46.075535230336186 49.9
      vertex -95.03923048454132 45.599999999999994 49.9
    endloop
  endfacet
  facet normal 0 0 -1
    outer loop
      vertex -95.13495806554516 46.07664051535988 49.9
      vertex -95.13137084989847 46.075535230336186 49.9
      vertex -95.10865543901355 45.45922011883812 49.9
    endloop
  endfacet
  facet normal 0 0 -1
    outer loop
      vertex -95.03923048454132 45.599999999999994 49.9
      vertex -95.13137084989847 46.075535230336186 49.9
      vertex -94.95202400834948 45.730513714810456 49.9
    endloop
  endfacet
  facet normal 0 0 -1
    outer loop
      vertex -94.98177176977998 46.15107004798624 49.9
      vertex -94.97508482572553 46.25309309906155 49.9
      vertex -94.95202400834948 45.730513714810456 49.9
    endloop
  endfacet
  facet normal 0 0 -1
    outer loop
      vertex -94.98177176977998 46.15107004798624 49.9
      vertex -94.95202400834948 45.730513714810456 49.9
      vertex -95.13137084989847 46.075535230336186 49.9
    endloop
  endfacet
  facet normal 0 0 -1
    outer loop
      vertex -94.84852813742386 45.848528137423855 49.9
      vertex -94.95202400834948 45.730513714810456 49.9
      vertex -94.8092571283397 46.2934515471578 49.9
    endloop
  endfacet
  facet normal 0 0 -1
    outer loop
      vertex -94.73051371481047 45.95202400834948 49.9
      vertex -94.84852813742386 45.848528137423855 49.9
      vertex -94.8092571283397 46.2934515471578 49.9
    endloop
  endfacet
  facet normal 0 0 -1
    outer loop
      vertex -94.97508482572553 46.25309309906155 49.9
      vertex -94.97206552957682 46.25224772223137 49.9
      vertex -94.95202400834948 45.730513714810456 49.9
    endloop
  endfacet
  facet normal 0 0 -1
    outer loop
      vertex -94.95202400834948 45.730513714810456 49.9
      vertex -94.97206552957682 46.25224772223137 49.9
      vertex -94.8092571283397 46.2934515471578 49.9
    endloop
  endfacet
  facet normal 0 0 -1
    outer loop
      vertex -94.6 46.03923048454132 49.9
      vertex -94.73051371481047 45.95202400834948 49.9
      vertex -94.8092571283397 46.2934515471578 49.9
    endloop
  endfacet
  facet normal 0 0 -1
    outer loop
      vertex -94.4592201188381 46.108655439013546 49.9
      vertex -94.6 46.03923048454132 49.9
      vertex -94.8092571283397 46.2934515471578 49.9
    endloop
  endfacet
  facet normal 0 0 -1
    outer loop
      vertex -94 46.2 49.9
      vertex -93.40307233829976 46.387279455845075 49.9
      vertex -93.84336856933594 46.189733833648575 49.9
    endloop
  endfacet
  facet normal 0 0 -1
    outer loop
      vertex -93.68941714587697 46.15911099154688 49.9
      vertex -93.40307233829976 46.387279455845075 49.9
      vertex -93.54077988116188 46.10865543901354 49.9
    endloop
  endfacet
  facet normal 0 0 -1
    outer loop
      vertex -93.68941714587697 46.15911099154688 49.9
      vertex -93.84336856933594 46.189733833648575 49.9
      vertex -93.40307233829976 46.387279455845075 49.9
    endloop
  endfacet
  facet normal 0 0 -1
    outer loop
      vertex -93.5407798811619 43.891344560986454 49.9
      vertex -93.02108895248654 43.734925491857354 49.9
      vertex -93.68941714587697 43.84088900845312 49.9
    endloop
  endfacet
  facet normal 0 0 -1
    outer loop
      vertex -93.5407798811619 43.891344560986454 49.9
      vertex -93.4 43.96076951545868 49.9
      vertex -93.02108895248654 43.734925491857354 49.9
    endloop
  endfacet
  facet normal 0 0 -1
    outer loop
      vertex -93.4 43.96076951545868 49.9
      vertex -93.26948628518953 44.04797599165052 49.9
      vertex -93.02108895248654 43.734925491857354 49.9
    endloop
  endfacet
  facet normal 0 0 -1
    outer loop
      vertex -93.26948628518953 44.04797599165052 49.9
      vertex -93.15147186257614 44.151471862576145 49.9
      vertex -93.02108895248654 43.734925491857354 49.9
    endloop
  endfacet
  facet normal 0 0 -1
    outer loop
      vertex -93.15147186257614 44.151471862576145 49.9
      vertex -93.04797599165052 44.269486285189544 49.9
      vertex -93.02108895248654 43.734925491857354 49.9
    endloop
  endfacet
  facet normal 0 0 -1
    outer loop
      vertex -93.02108895248654 43.734925491857354 49.9
      vertex -92.96076951545868 44.400000000000006 49.9
      vertex -92.91696358252047 43.82624099051801 49.9
    endloop
  endfacet
  facet normal 0 0 -1
    outer loop
      vertex -93.04797599165052 44.269486285189544 49.9
      vertex -92.96076951545868 44.400000000000006 49.9
      vertex -93.02108895248654 43.734925491857354 49.9
    endloop
  endfacet
  facet normal 0 0 -1
    outer loop
      vertex -92.91696358252047 43.82624099051801 49.9
      vertex -92.96076951545868 44.400000000000006 49.9
      vertex -92.86862915010153 43.89999273998418 49.9
    endloop
  endfacet
  facet normal 0 0 -1
    outer loop
      vertex -92.84363144526998 43.89713356941768 49.9
      vertex -92.86862915010153 43.89999273998418 49.9
      vertex -92.89134456098645 44.54077988116188 49.9
    endloop
  endfacet
  facet normal 0 0 -1
    outer loop
      vertex -92.96076951545868 44.400000000000006 49.9
      vertex -92.89134456098645 44.54077988116188 49.9
      vertex -92.86862915010153 43.89999273998418 49.9
    endloop
  endfacet
  facet normal 0 0 -1
    outer loop
      vertex -92.84088900845312 44.68941714587697 49.9
      vertex -92.84363144526998 43.89713356941768 49.9
      vertex -92.89134456098645 44.54077988116188 49.9
    endloop
  endfacet
  facet normal 0 0 -1
    outer loop
      vertex -92.84088900845312 44.68941714587697 49.9
      vertex -92.81026616635143 44.84336856933594 49.9
      vertex -92.84363144526998 43.89713356941768 49.9
    endloop
  endfacet
  facet normal 0 0 -1
    outer loop
      vertex -92.81026616635143 44.84336856933594 49.9
      vertex -92.8 45 49.9
      vertex -92.84363144526998 43.89713356941768 49.9
    endloop
  endfacet
  facet normal 0 0 -1
    outer loop
      vertex -92.84363144526998 43.89713356941768 49.9
      vertex -92.73964029109125 45.8366188392317 49.9
      vertex -92.76717214416817 43.98431869276852 49.9
    endloop
  endfacet
  facet normal 0 0 -1
    outer loop
      vertex -92.76717214416817 43.98431869276852 49.9
      vertex -92.73964029109125 45.8366188392317 49.9
      vertex -92.73063465553402 44.092024659567464 49.9
    endloop
  endfacet
  facet normal 0 0 -1
    outer loop
      vertex -92.69031207691921 44.08632871710649 49.9
      vertex -92.73063465553402 44.092024659567464 49.9
      vertex -92.61931528327214 45.72438713009063 49.9
    endloop
  endfacet
  facet normal 0 0 -1
    outer loop
      vertex -92.8 45 49.9
      vertex -92.73964029109125 45.8366188392317 49.9
      vertex -92.84363144526998 43.89713356941768 49.9
    endloop
  endfacet
  facet normal 0 0 -1
    outer loop
      vertex -92.69031207691921 44.08632871710649 49.9
      vertex -92.61931528327214 45.72438713009063 49.9
      vertex -92.61435935394489 44.20108767476024 49.9
    endloop
  endfacet
  facet normal 0 0 -1
    outer loop
      vertex -92.55124645741269 44.32798029384584 49.9
      vertex -92.6138616851091 44.2010091725676 49.9
      vertex -92.52251045877186 45.60134334116518 49.9
    endloop
  endfacet
  facet normal 0 0 -1
    outer loop
      vertex -92.6138616851091 44.2010091725676 49.9
      vertex -92.61435935394489 44.20108767476024 49.9
      vertex -92.52251045877186 45.60134334116518 49.9
    endloop
  endfacet
  facet normal 0 0 -1
    outer loop
      vertex -92.55124645741269 44.32798029384584 49.9
      vertex -92.52251045877186 45.60134334116518 49.9
      vertex -92.52179274798195 44.46862513058373 49.9
    endloop
  endfacet
  facet normal 0 0 -1
    outer loop
      vertex -92.49603195647556 44.46359535283558 49.9
      vertex -92.52179274798195 44.46862513058373 49.9
      vertex -92.46849684069507 45.20084492046475 49.9
    endloop
  endfacet
  facet normal 0 0 -1
    outer loop
      vertex -92.49603195647556 44.46359535283558 49.9
      vertex -92.46849684069507 45.20084492046475 49.9
      vertex -92.45451867793749 44.6061688483526 49.9
    endloop
  endfacet
  facet normal 0 0 -1
    outer loop
      vertex -92.45065064692173 44.60533543291824 49.9
      vertex -92.45451867793749 44.6061688483526 49.9
      vertex -92.46849684069507 45.20084492046475 49.9
    endloop
  endfacet
  facet normal 0 0 -1
    outer loop
      vertex -92.42155189318736 44.751624746738706 49.9
      vertex -92.45065064692173 44.60533543291824 49.9
      vertex -92.46849684069507 45.20084492046475 49.9
    endloop
  endfacet
  facet normal 0 0 -1
    outer loop
      vertex -92.42155189318736 44.751624746738706 49.9
      vertex -92.46849684069507 45.20084492046475 49.9
      vertex -92.4136882218019 44.900945697897924 49.9
    endloop
  endfacet
  facet normal 0 0 -1
    outer loop
      vertex -92.61931528327214 45.72438713009063 49.9
      vertex -92.73063465553402 44.092024659567464 49.9
      vertex -92.73964029109125 45.8366188392317 49.9
    endloop
  endfacet
  facet normal 0 0 -1
    outer loop
      vertex -92.8 45 49.9
      vertex -92.81026616635143 45.15663143066406 49.9
      vertex -92.73964029109125 45.8366188392317 49.9
    endloop
  endfacet
  facet normal 0 0 -1
    outer loop
      vertex -92.52251045877186 45.60134334116518 49.9
      vertex -92.61435935394489 44.20108767476024 49.9
      vertex -92.61931528327214 45.72438713009063 49.9
    endloop
  endfacet
  facet normal 0 0 -1
    outer loop
      vertex -92.40289338271907 45.04414448969864 49.9
      vertex -92.4136882218019 44.900945697897924 49.9
      vertex -92.46849684069507 45.20084492046475 49.9
    endloop
  endfacet
  facet normal 0 0 -1
    outer loop
      vertex -92.47051642189767 45.461238306157775 49.9
      vertex -92.46849684069507 45.20084492046475 49.9
      vertex -92.52179274798195 44.46862513058373 49.9
    endloop
  endfacet
  facet normal 0 0 -1
    outer loop
      vertex -92.40289338271907 45.04414448969864 49.9
      vertex -92.46849684069507 45.20084492046475 49.9
      vertex -92.41207429287478 45.18421811048965 49.9
    endloop
  endfacet
  facet normal 0 0 -1
    outer loop
      vertex -92.47051642189767 45.461238306157775 49.9
      vertex -92.52179274798195 44.46862513058373 49.9
      vertex -92.52251045877186 45.60134334116518 49.9
    endloop
  endfacet
  facet normal 0 0 -1
    outer loop
      vertex -92.81026616635143 45.15663143066406 49.9
      vertex -92.84088900845312 45.31058285412303 49.9
      vertex -92.73964029109125 45.8366188392317 49.9
    endloop
  endfacet
  facet normal 0 0 -1
    outer loop
      vertex -92.89134456098645 45.45922011883812 49.9
      vertex -92.88371883765546 46.07088582887605 49.9
      vertex -92.84088900845312 45.31058285412303 49.9
    endloop
  endfacet
  facet normal 0 0 -1
    outer loop
      vertex -92.89134456098645 45.45922011883812 49.9
      vertex -92.96076951545868 45.599999999999994 49.9
      vertex -92.88371883765546 46.07088582887605 49.9
    endloop
  endfacet
  facet normal 0 0 -1
    outer loop
      vertex -92.5835044855699 45.73743251636074 49.9
      vertex -92.52251045877186 45.60134334116518 49.9
      vertex -92.61931528327214 45.72438713009063 49.9
    endloop
  endfacet
  facet normal 0 0 -1
    outer loop
      vertex -92.96076951545868 45.599999999999994 49.9
      vertex -93.04797599165052 45.730513714810456 49.9
      vertex -92.88371883765546 46.07088582887605 49.9
    endloop
  endfacet
  facet normal 0 0 -1
    outer loop
      vertex -93.04797599165052 45.730513714810456 49.9
      vertex -93.15147186257614 45.848528137423855 49.9
      vertex -93.03468020115666 46.250358975919696 49.9
    endloop
  endfacet
  facet normal 0 0 -1
    outer loop
      vertex -93.15147186257614 45.848528137423855 49.9
      vertex -93.26948628518953 45.95202400834948 49.9
      vertex -93.03468020115666 46.250358975919696 49.9
    endloop
  endfacet
  facet normal 0 0 -1
    outer loop
      vertex -92.92292669073022 46.17898851502823 49.9
      vertex -93.04797599165052 45.730513714810456 49.9
      vertex -93.03468020115666 46.250358975919696 49.9
    endloop
  endfacet
  facet normal 0 0 -1
    outer loop
      vertex -92.92292669073022 46.17898851502823 49.9
      vertex -92.88371883765546 46.07088582887605 49.9
      vertex -93.04797599165052 45.730513714810456 49.9
    endloop
  endfacet
  facet normal 0 0 -1
    outer loop
      vertex -93.4 46.03923048454132 49.9
      vertex -93.54077988116188 46.10865543901354 49.9
      vertex -93.21892253775462 46.352865849255956 49.9
    endloop
  endfacet
  facet normal 0 0 -1
    outer loop
      vertex -93.4 46.03923048454132 49.9
      vertex -93.21892253775462 46.352865849255956 49.9
      vertex -93.26948628518953 45.95202400834948 49.9
    endloop
  endfacet
  facet normal 0 0 -1
    outer loop
      vertex -93.26948628518953 45.95202400834948 49.9
      vertex -93.21892253775462 46.352865849255956 49.9
      vertex -93.20326471269885 46.356956342961084 49.9
    endloop
  endfacet
  facet normal 0 0 -1
    outer loop
      vertex -93.20326471269885 46.356956342961084 49.9
      vertex -93.21111723526106 46.287962787324254 49.9
      vertex -93.26948628518953 45.95202400834948 49.9
    endloop
  endfacet
  facet normal 0 0 -1
    outer loop
      vertex -93.40307233829976 46.387279455845075 49.9
      vertex -93.4092064637239 46.35098057038167 49.9
      vertex -93.54077988116188 46.10865543901354 49.9
    endloop
  endfacet
  facet normal 0 0 -1
    outer loop
      vertex -93.4092064637239 46.35098057038167 49.9
      vertex -93.21892253775462 46.352865849255956 49.9
      vertex -93.54077988116188 46.10865543901354 49.9
    endloop
  endfacet
  facet normal 0 0 -1
    outer loop
      vertex -93.21111723526106 46.287962787324254 49.9
      vertex -93.03468020115666 46.250358975919696 49.9
      vertex -93.26948628518953 45.95202400834948 49.9
    endloop
  endfacet
  facet normal 0 0 -1
    outer loop
      vertex -92.92292669073022 46.17898851502823 49.9
      vertex -93.03468020115666 46.250358975919696 49.9
      vertex -93.011659044547 46.25680470083148 49.9
    endloop
  endfacet
  facet normal 0 0 -1
    outer loop
      vertex -92.73964029109125 45.8366188392317 49.9
      vertex -92.84088900845312 45.31058285412303 49.9
      vertex -92.88371883765546 46.07088582887605 49.9
    endloop
  endfacet
  facet normal 0 0 -1
    outer loop
      vertex -92.65767416373862 45.86482519394606 49.9
      vertex -92.61931528327214 45.72438713009063 49.9
      vertex -92.73964029109125 45.8366188392317 49.9
    endloop
  endfacet
  facet normal 0 0 -1
    outer loop
      vertex -92.7384117475305 45.98288636021601 49.9
      vertex -92.88371883765546 46.07088582887605 49.9
      vertex -92.83007926896924 46.08741313522877 49.9
    endloop
  endfacet
  facet normal 0 0 -1
    outer loop
      vertex -92.7384117475305 45.98288636021601 49.9
      vertex -92.73964029109125 45.8366188392317 49.9
      vertex -92.88371883765546 46.07088582887605 49.9
    endloop
  endfacet
  facet normal 0 0 -1
    outer loop
      vertex 37.843631445269985 43.89713356941768 49.9
      vertex 37.76717214416818 43.98431869276852 49.9
      vertex 37.876683506756585 43.90091397573904 49.9
    endloop
  endfacet
  facet normal 0 0 -1
    outer loop
      vertex 37.55124645741268 44.32798029384584 49.9
      vertex 37.61443138866871 44.20109903750461 49.9
      vertex 37.61386168510911 44.2010091725676 49.9
    endloop
  endfacet
  facet normal 0 0 -1
    outer loop
      vertex 37.76717214416818 43.98431869276852 49.9
      vertex 37.735003791113236 44.09264184095115 49.9
      vertex 37.84088900845312 44.68941714587697 49.9
    endloop
  endfacet
  facet normal 0 0 -1
    outer loop
      vertex 37.76717214416818 43.98431869276852 49.9
      vertex 37.84088900845312 44.68941714587697 49.9
      vertex 37.876683506756585 43.90091397573904 49.9
    endloop
  endfacet
  facet normal 0 0 -1
    outer loop
      vertex 37.891344560986454 44.54077988116188 49.9
      vertex 37.96076951545867 44.400000000000006 49.9
      vertex 37.876683506756585 43.90091397573904 49.9
    endloop
  endfacet
  facet normal 0 0 -1
    outer loop
      vertex 38.026128236611484 43.735387212003594 49.9
      vertex 38.151471862576145 44.151471862576145 49.9
      vertex 38.02824556236084 43.73558121018476 49.9
    endloop
  endfacet
  facet normal 0 0 -1
    outer loop
      vertex 38.052967347116926 43.71260343167798 49.9
      vertex 38.04871952515671 43.715441735569485 49.9
      vertex 38.26948628518954 44.04797599165052 49.9
    endloop
  endfacet
  facet normal 0 0 -1
    outer loop
      vertex 38.04871952515671 43.715441735569485 49.9
      vertex 38.02824556236084 43.73558121018476 49.9
      vertex 38.26948628518954 44.04797599165052 49.9
    endloop
  endfacet
  facet normal 0 0 -1
    outer loop
      vertex 38.4 43.96076951545868 49.9
      vertex 38.052967347116926 43.71260343167798 49.9
      vertex 38.26948628518954 44.04797599165052 49.9
    endloop
  endfacet
  facet normal 0 0 -1
    outer loop
      vertex 38.54077988116189 43.891344560986454 49.9
      vertex 38.052967347116926 43.71260343167798 49.9
      vertex 38.4 43.96076951545868 49.9
    endloop
  endfacet
  facet normal 0 0 -1
    outer loop
      vertex 38.68941714587697 43.84088900845312 49.9
      vertex 38.052967347116926 43.71260343167798 49.9
      vertex 38.54077988116189 43.891344560986454 49.9
    endloop
  endfacet
  facet normal 0 0 -1
    outer loop
      vertex 38.026128236611484 43.735387212003594 49.9
      vertex 38.029290710579595 43.83796382801527 49.9
      vertex 38.04797599165052 44.269486285189544 49.9
    endloop
  endfacet
  facet normal 0 0 -1
    outer loop
      vertex 38.029290710579595 43.83796382801527 49.9
      vertex 37.876683506756585 43.90091397573904 49.9
      vertex 38.04797599165052 44.269486285189544 49.9
    endloop
  endfacet
  facet normal 0 0 -1
    outer loop
      vertex 38.151471862576145 44.151471862576145 49.9
      vertex 38.26948628518954 44.04797599165052 49.9
      vertex 38.02824556236084 43.73558121018476 49.9
    endloop
  endfacet
  facet normal 0 0 -1
    outer loop
      vertex 38.04797599165052 44.269486285189544 49.9
      vertex 38.151471862576145 44.151471862576145 49.9
      vertex 38.026128236611484 43.735387212003594 49.9
    endloop
  endfacet
  facet normal 0 0 -1
    outer loop
      vertex 37.96076951545867 44.400000000000006 49.9
      vertex 38.04797599165052 44.269486285189544 49.9
      vertex 37.876683506756585 43.90091397573904 49.9
    endloop
  endfacet
  facet normal 0 0 -1
    outer loop
      vertex 37.891344560986454 44.54077988116188 49.9
      vertex 37.876683506756585 43.90091397573904 49.9
      vertex 37.84088900845312 44.68941714587697 49.9
    endloop
  endfacet
  facet normal 0 0 -1
    outer loop
      vertex 37.84088900845312 44.68941714587697 49.9
      vertex 37.735003791113236 44.09264184095115 49.9
      vertex 37.810266166351425 44.84336856933594 49.9
    endloop
  endfacet
  facet normal 0 0 -1
    outer loop
      vertex 37.810266166351425 44.84336856933594 49.9
      vertex 37.735003791113236 44.09264184095115 49.9
      vertex 37.8 45 49.9
    endloop
  endfacet
  facet normal 0 0 -1
    outer loop
      vertex 37.55124645741268 44.32798029384584 49.9
      vertex 37.6143593539449 45.72619250770156 49.9
      vertex 37.61443138866871 44.20109903750461 49.9
    endloop
  endfacet
  facet normal 0 0 -1
    outer loop
      vertex 37.52179274798194 44.468625130583725 49.9
      vertex 37.45586689455168 44.6064593384057 49.9
      vertex 37.52179274798194 45.60161989739886 49.9
    endloop
  endfacet
  facet normal 0 0 -1
    outer loop
      vertex 37.45586689455168 44.6064593384057 49.9
      vertex 37.45451867793749 44.759405523161185 49.9
      vertex 37.45451867793749 45.32308983182288 49.9
    endloop
  endfacet
  facet normal 0 0 -1
    outer loop
      vertex 37.52716518751742 44.46967409590073 49.9
      vertex 37.52179274798194 44.468625130583725 49.9
      vertex 37.52179274798194 45.60161989739886 49.9
    endloop
  endfacet
  facet normal 0 0 -1
    outer loop
      vertex 37.45451867793749 44.759405523161185 49.9
      vertex 37.42100708252855 44.902822328853475 49.9
      vertex 37.45451867793749 45.32308983182288 49.9
    endloop
  endfacet
  facet normal 0 0 -1
    outer loop
      vertex 37.42100708252855 44.902822328853475 49.9
      vertex 37.413688221801905 44.900945697897924 49.9
      vertex 37.413688221801905 45.184693709175306 49.9
    endloop
  endfacet
  facet normal 0 0 -1
    outer loop
      vertex 37.55124645741268 44.32798029384584 49.9
      vertex 37.52716518751742 44.46967409590073 49.9
      vertex 37.6143593539449 45.72619250770156 49.9
    endloop
  endfacet
  facet normal 0 0 -1
    outer loop
      vertex 37.730634655534026 44.092024659567464 49.9
      vertex 37.61443138866871 44.20109903750461 49.9
      vertex 37.730634655534026 45.839717877324134 49.9
    endloop
  endfacet
  facet normal 0 0 -1
    outer loop
      vertex 37.735003791113236 44.09264184095115 49.9
      vertex 37.730634655534026 44.092024659567464 49.9
      vertex 37.730634655534026 45.839717877324134 49.9
    endloop
  endfacet
  facet normal 0 0 -1
    outer loop
      vertex 37.448428473630855 45.32119191026553 49.9
      vertex 37.42100708252855 44.902822328853475 49.9
      vertex 37.413688221801905 45.184693709175306 49.9
    endloop
  endfacet
  facet normal 0 0 -1
    outer loop
      vertex 37.45586689455168 44.6064593384057 49.9
      vertex 37.45451867793749 45.32308983182288 49.9
      vertex 37.52111039705232 45.60188282838136 49.9
    endloop
  endfacet
  facet normal 0 0 -1
    outer loop
      vertex 37.448428473630855 45.32119191026553 49.9
      vertex 37.45451867793749 45.32308983182288 49.9
      vertex 37.42100708252855 44.902822328853475 49.9
    endloop
  endfacet
  facet normal 0 0 -1
    outer loop
      vertex 37.45586689455168 44.6064593384057 49.9
      vertex 37.52111039705232 45.60188282838136 49.9
      vertex 37.52179274798194 45.60161989739886 49.9
    endloop
  endfacet
  facet normal 0 0 -1
    outer loop
      vertex 37.52716518751742 44.46967409590073 49.9
      vertex 37.52179274798194 45.60161989739886 49.9
      vertex 37.60963456712307 45.72791368324329 49.9
    endloop
  endfacet
  facet normal 0 0 -1
    outer loop
      vertex 37.61443138866871 44.20109903750461 49.9
      vertex 37.6143593539449 45.72619250770156 49.9
      vertex 37.72202630266044 45.8426802016708 49.9
    endloop
  endfacet
  facet normal 0 0 -1
    outer loop
      vertex 37.52716518751742 44.46967409590073 49.9
      vertex 37.60963456712307 45.72791368324329 49.9
      vertex 37.6143593539449 45.72619250770156 49.9
    endloop
  endfacet
  facet normal 0 0 -1
    outer loop
      vertex 37.85638187882226 45.94451359895058 49.9
      vertex 37.8 45 49.9
      vertex 37.735003791113236 44.09264184095115 49.9
    endloop
  endfacet
  facet normal 0 0 -1
    outer loop
      vertex 37.61443138866871 44.20109903750461 49.9
      vertex 37.72202630266044 45.8426802016708 49.9
      vertex 37.730634655534026 45.839717877324134 49.9
    endloop
  endfacet
  facet normal 0 0 -1
    outer loop
      vertex 37.85638187882226 45.94451359895058 49.9
      vertex 37.735003791113236 44.09264184095115 49.9
      vertex 37.730634655534026 45.839717877324134 49.9
    endloop
  endfacet
  facet normal 0 0 -1
    outer loop
      vertex 37.8 45 49.9
      vertex 37.86504193445483 46.07664051535988 49.9
      vertex 37.810266166351425 45.15663143066406 49.9
    endloop
  endfacet
  facet normal 0 0 -1
    outer loop
      vertex 37.810266166351425 45.15663143066406 49.9
      vertex 37.86504193445483 46.07664051535988 49.9
      vertex 37.84088900845312 45.31058285412303 49.9
    endloop
  endfacet
  facet normal 0 0 -1
    outer loop
      vertex 37.84088900845312 45.31058285412303 49.9
      vertex 37.86504193445483 46.07664051535988 49.9
      vertex 37.891344560986454 45.45922011883812 49.9
    endloop
  endfacet
  facet normal 0 0 -1
    outer loop
      vertex 37.8 45 49.9
      vertex 37.85638187882226 45.94451359895058 49.9
      vertex 37.86504193445483 46.07664051535988 49.9
    endloop
  endfacet
  facet normal 0 0 -1
    outer loop
      vertex 37.891344560986454 45.45922011883812 49.9
      vertex 37.868629150101526 46.075535230336186 49.9
      vertex 37.96076951545867 45.599999999999994 49.9
    endloop
  endfacet
  facet normal 0 0 -1
    outer loop
      vertex 37.86504193445483 46.07664051535988 49.9
      vertex 37.868629150101526 46.075535230336186 49.9
      vertex 37.891344560986454 45.45922011883812 49.9
    endloop
  endfacet
  facet normal 0 0 -1
    outer loop
      vertex 37.96076951545867 45.599999999999994 49.9
      vertex 37.868629150101526 46.075535230336186 49.9
      vertex 38.04797599165052 45.730513714810456 49.9
    endloop
  endfacet
  facet normal 0 0 -1
    outer loop
      vertex 38.01822823022001 46.15107004798624 49.9
      vertex 38.02491517427446 46.25309309906155 49.9
      vertex 38.04797599165052 45.730513714810456 49.9
    endloop
  endfacet
  facet normal 0 0 -1
    outer loop
      vertex 38.01822823022001 46.15107004798624 49.9
      vertex 38.04797599165052 45.730513714810456 49.9
      vertex 37.868629150101526 46.075535230336186 49.9
    endloop
  endfacet
  facet normal 0 0 -1
    outer loop
      vertex 38.151471862576145 45.848528137423855 49.9
      vertex 38.04797599165052 45.730513714810456 49.9
      vertex 38.1907428716603 46.2934515471578 49.9
    endloop
  endfacet
  facet normal 0 0 -1
    outer loop
      vertex 38.26948628518954 45.95202400834948 49.9
      vertex 38.151471862576145 45.848528137423855 49.9
      vertex 38.1907428716603 46.2934515471578 49.9
    endloop
  endfacet
  facet normal 0 0 -1
    outer loop
      vertex 38.02491517427446 46.25309309906155 49.9
      vertex 38.027934470423176 46.25224772223137 49.9
      vertex 38.04797599165052 45.730513714810456 49.9
    endloop
  endfacet
  facet normal 0 0 -1
    outer loop
      vertex 38.04797599165052 45.730513714810456 49.9
      vertex 38.027934470423176 46.25224772223137 49.9
      vertex 38.1907428716603 46.2934515471578 49.9
    endloop
  endfacet
  facet normal 0 0 -1
    outer loop
      vertex 38.4 46.03923048454132 49.9
      vertex 38.26948628518954 45.95202400834948 49.9
      vertex 38.1907428716603 46.2934515471578 49.9
    endloop
  endfacet
  facet normal 0 0 -1
    outer loop
      vertex 38.54077988116189 46.108655439013546 49.9
      vertex 38.4 46.03923048454132 49.9
      vertex 38.1907428716603 46.2934515471578 49.9
    endloop
  endfacet
  facet normal 0 0 -1
    outer loop
      vertex 38.68941714587697 43.84088900845312 49.9
      vertex 38.84336856933594 43.810266166351425 49.9
      vertex 38.052967347116926 43.71260343167798 49.9
    endloop
  endfacet
  facet normal 0 0 -1
    outer loop
      vertex 38.84336856933594 43.810266166351425 49.9
      vertex 39 43.8 49.9
      vertex 38.052967347116926 43.71260343167798 49.9
    endloop
  endfacet
  facet normal 0 0 -1
    outer loop
      vertex 39.45922011883811 43.891344560986454 49.9
      vertex 39.97891104751346 43.734925491857354 49.9
      vertex 39.31058285412303 43.84088900845312 49.9
    endloop
  endfacet
  facet normal 0 0 -1
    outer loop
      vertex 39.45922011883811 43.891344560986454 49.9
      vertex 39.6 43.96076951545868 49.9
      vertex 39.97891104751346 43.734925491857354 49.9
    endloop
  endfacet
  facet normal 0 0 -1
    outer loop
      vertex 39.6 43.96076951545868 49.9
      vertex 39.73051371481046 44.04797599165052 49.9
      vertex 39.97891104751346 43.734925491857354 49.9
    endloop
  endfacet
  facet normal 0 0 -1
    outer loop
      vertex 39.73051371481046 44.04797599165052 49.9
      vertex 39.848528137423855 44.151471862576145 49.9
      vertex 39.97891104751346 43.734925491857354 49.9
    endloop
  endfacet
  facet normal 0 0 -1
    outer loop
      vertex 39.848528137423855 44.151471862576145 49.9
      vertex 39.95202400834948 44.269486285189544 49.9
      vertex 39.97891104751346 43.734925491857354 49.9
    endloop
  endfacet
  facet normal 0 0 -1
    outer loop
      vertex 39.97891104751346 43.734925491857354 49.9
      vertex 40.03923048454133 44.400000000000006 49.9
      vertex 40.08303641747953 43.82624099051801 49.9
    endloop
  endfacet
  facet normal 0 0 -1
    outer loop
      vertex 39.95202400834948 44.269486285189544 49.9
      vertex 40.03923048454133 44.400000000000006 49.9
      vertex 39.97891104751346 43.734925491857354 49.9
    endloop
  endfacet
  facet normal 0 0 -1
    outer loop
      vertex 40.08303641747953 43.82624099051801 49.9
      vertex 40.03923048454133 44.400000000000006 49.9
      vertex 40.131370849898474 43.89999273998418 49.9
    endloop
  endfacet
  facet normal 0 0 -1
    outer loop
      vertex 40.156368554730015 43.89713356941768 49.9
      vertex 40.131370849898474 43.89999273998418 49.9
      vertex 40.108655439013546 44.54077988116188 49.9
    endloop
  endfacet
  facet normal 0 0 -1
    outer loop
      vertex 40.03923048454133 44.400000000000006 49.9
      vertex 40.108655439013546 44.54077988116188 49.9
      vertex 40.131370849898474 43.89999273998418 49.9
    endloop
  endfacet
  facet normal 0 0 -1
    outer loop
      vertex 40.15911099154688 44.68941714587697 49.9
      vertex 40.156368554730015 43.89713356941768 49.9
      vertex 40.108655439013546 44.54077988116188 49.9
    endloop
  endfacet
  facet normal 0 0 -1
    outer loop
      vertex 40.15911099154688 44.68941714587697 49.9
      vertex 40.189733833648575 44.84336856933594 49.9
      vertex 40.156368554730015 43.89713356941768 49.9
    endloop
  endfacet
  facet normal 0 0 -1
    outer loop
      vertex 40.189733833648575 44.84336856933594 49.9
      vertex 40.2 45 49.9
      vertex 40.156368554730015 43.89713356941768 49.9
    endloop
  endfacet
  facet normal 0 0 -1
    outer loop
      vertex 40.156368554730015 43.89713356941768 49.9
      vertex 40.26035970890875 45.8366188392317 49.9
      vertex 40.23282785583182 43.98431869276852 49.9
    endloop
  endfacet
  facet normal 0 0 -1
    outer loop
      vertex 40.23282785583182 43.98431869276852 49.9
      vertex 40.26035970890875 45.8366188392317 49.9
      vertex 40.269365344465974 44.092024659567464 49.9
    endloop
  endfacet
  facet normal 0 0 -1
    outer loop
      vertex 40.30968792308077 44.08632871710649 49.9
      vertex 40.269365344465974 44.092024659567464 49.9
      vertex 40.38068471672784 45.724387130090626 49.9
    endloop
  endfacet
  facet normal 0 0 -1
    outer loop
      vertex 40.2 45 49.9
      vertex 40.26035970890875 45.8366188392317 49.9
      vertex 40.156368554730015 43.89713356941768 49.9
    endloop
  endfacet
  facet normal 0 0 -1
    outer loop
      vertex 40.30968792308077 44.08632871710649 49.9
      vertex 40.38068471672784 45.724387130090626 49.9
      vertex 40.3856406460551 44.20108767476024 49.9
    endloop
  endfacet
  facet normal 0 0 -1
    outer loop
      vertex 40.44875354258732 44.32798029384584 49.9
      vertex 40.38613831489089 44.2010091725676 49.9
      vertex 40.477489541228145 45.60134334116518 49.9
    endloop
  endfacet
  facet normal 0 0 -1
    outer loop
      vertex 40.38613831489089 44.2010091725676 49.9
      vertex 40.3856406460551 44.20108767476024 49.9
      vertex 40.477489541228145 45.60134334116518 49.9
    endloop
  endfacet
  facet normal 0 0 -1
    outer loop
      vertex 40.503968043524445 44.463595352835576 49.9
      vertex 40.47820725201806 44.468625130583725 49.9
      vertex 40.53150315930493 45.20084492046476 49.9
    endloop
  endfacet
  facet normal 0 0 -1
    outer loop
      vertex 40.44875354258732 44.32798029384584 49.9
      vertex 40.477489541228145 45.60134334116518 49.9
      vertex 40.47820725201806 44.468625130583725 49.9
    endloop
  endfacet
  facet normal 0 0 -1
    outer loop
      vertex 40.503968043524445 44.463595352835576 49.9
      vertex 40.53150315930493 45.20084492046476 49.9
      vertex 40.54548132206251 44.6061688483526 49.9
    endloop
  endfacet
  facet normal 0 0 -1
    outer loop
      vertex 40.54934935307826 44.60533543291824 49.9
      vertex 40.54548132206251 44.6061688483526 49.9
      vertex 40.53150315930493 45.20084492046476 49.9
    endloop
  endfacet
  facet normal 0 0 -1
    outer loop
      vertex 40.57844810681264 44.751624746738706 49.9
      vertex 40.54934935307826 44.60533543291824 49.9
      vertex 40.53150315930493 45.20084492046476 49.9
    endloop
  endfacet
  facet normal 0 0 -1
    outer loop
      vertex 40.57844810681264 44.751624746738706 49.9
      vertex 40.53150315930493 45.20084492046476 49.9
      vertex 40.586311778198095 44.900945697897924 49.9
    endloop
  endfacet
  facet normal 0 0 -1
    outer loop
      vertex 39.31058285412303 46.15911099154688 49.9
      vertex 39.72922640287908 46.42054232175906 49.9
      vertex 39.45922011883811 46.108655439013546 49.9
    endloop
  endfacet
  facet normal 0 0 -1
    outer loop
      vertex 39.15663143066406 46.189733833648575 49.9
      vertex 39 46.2 49.9
      vertex 39.72922640287908 46.42054232175906 49.9
    endloop
  endfacet
  facet normal 0 0 -1
    outer loop
      vertex 39.31058285412303 46.15911099154688 49.9
      vertex 39.15663143066406 46.189733833648575 49.9
      vertex 39.72922640287908 46.42054232175906 49.9
    endloop
  endfacet
  facet normal 0 0 -1
    outer loop
      vertex 40.38068471672784 45.724387130090626 49.9
      vertex 40.269365344465974 44.092024659567464 49.9
      vertex 40.26035970890875 45.8366188392317 49.9
    endloop
  endfacet
  facet normal 0 0 -1
    outer loop
      vertex 40.2 45 49.9
      vertex 40.189733833648575 45.15663143066406 49.9
      vertex 40.26035970890875 45.8366188392317 49.9
    endloop
  endfacet
  facet normal 0 0 -1
    outer loop
      vertex 40.477489541228145 45.60134334116518 49.9
      vertex 40.3856406460551 44.20108767476024 49.9
      vertex 40.38068471672784 45.724387130090626 49.9
    endloop
  endfacet
  facet normal 0 0 -1
    outer loop
      vertex 40.59710661728094 45.04414448969864 49.9
      vertex 40.586311778198095 44.900945697897924 49.9
      vertex 40.53150315930493 45.20084492046476 49.9
    endloop
  endfacet
  facet normal 0 0 -1
    outer loop
      vertex 40.52948357810233 45.46123830615777 49.9
      vertex 40.53150315930493 45.20084492046476 49.9
      vertex 40.47820725201806 44.468625130583725 49.9
    endloop
  endfacet
  facet normal 0 0 -1
    outer loop
      vertex 40.59710661728094 45.04414448969864 49.9
      vertex 40.53150315930493 45.20084492046476 49.9
      vertex 40.58792570712523 45.184218110489645 49.9
    endloop
  endfacet
  facet normal 0 0 -1
    outer loop
      vertex 40.52948357810233 45.46123830615777 49.9
      vertex 40.47820725201806 44.468625130583725 49.9
      vertex 40.477489541228145 45.60134334116518 49.9
    endloop
  endfacet
  facet normal 0 0 -1
    outer loop
      vertex 40.189733833648575 45.15663143066406 49.9
      vertex 40.15911099154688 45.31058285412303 49.9
      vertex 40.26035970890875 45.8366188392317 49.9
    endloop
  endfacet
  facet normal 0 0 -1
    outer loop
      vertex 40.108655439013546 45.45922011883812 49.9
      vertex 40.116281162344535 46.07088582887605 49.9
      vertex 40.15911099154688 45.31058285412303 49.9
    endloop
  endfacet
  facet normal 0 0 -1
    outer loop
      vertex 40.108655439013546 45.45922011883812 49.9
      vertex 40.03923048454133 45.599999999999994 49.9
      vertex 40.116281162344535 46.07088582887605 49.9
    endloop
  endfacet
  facet normal 0 0 -1
    outer loop
      vertex 40.41649551443009 45.73743251636074 49.9
      vertex 40.477489541228145 45.60134334116518 49.9
      vertex 40.38068471672784 45.724387130090626 49.9
    endloop
  endfacet
  facet normal 0 0 -1
    outer loop
      vertex 40.03923048454133 45.599999999999994 49.9
      vertex 39.95202400834948 45.730513714810456 49.9
      vertex 40.116281162344535 46.07088582887605 49.9
    endloop
  endfacet
  facet normal 0 0 -1
    outer loop
      vertex 39.95202400834948 45.730513714810456 49.9
      vertex 39.848528137423855 45.848528137423855 49.9
      vertex 39.965319798843346 46.250358975919696 49.9
    endloop
  endfacet
  facet normal 0 0 -1
    outer loop
      vertex 39.848528137423855 45.848528137423855 49.9
      vertex 39.73051371481046 45.95202400834948 49.9
      vertex 39.965319798843346 46.250358975919696 49.9
    endloop
  endfacet
  facet normal 0 0 -1
    outer loop
      vertex 40.07707330926978 46.17898851502823 49.9
      vertex 39.95202400834948 45.730513714810456 49.9
      vertex 39.965319798843346 46.250358975919696 49.9
    endloop
  endfacet
  facet normal 0 0 -1
    outer loop
      vertex 40.07707330926978 46.17898851502823 49.9
      vertex 40.116281162344535 46.07088582887605 49.9
      vertex 39.95202400834948 45.730513714810456 49.9
    endloop
  endfacet
  facet normal 0 0 -1
    outer loop
      vertex 39.45922011883811 46.108655439013546 49.9
      vertex 39.72922640287908 46.42054232175906 49.9
      vertex 39.6 46.03923048454132 49.9
    endloop
  endfacet
  facet normal 0 0 -1
    outer loop
      vertex 39.6 46.03923048454132 49.9
      vertex 39.78107746224538 46.352865849255956 49.9
      vertex 39.73051371481046 45.95202400834948 49.9
    endloop
  endfacet
  facet normal 0 0 -1
    outer loop
      vertex 39.73051371481046 45.95202400834948 49.9
      vertex 39.78107746224538 46.352865849255956 49.9
      vertex 39.796735287301146 46.356956342961084 49.9
    endloop
  endfacet
  facet normal 0 0 -1
    outer loop
      vertex 39.796735287301146 46.356956342961084 49.9
      vertex 39.78888276473895 46.287962787324254 49.9
      vertex 39.73051371481046 45.95202400834948 49.9
    endloop
  endfacet
  facet normal 0 0 -1
    outer loop
      vertex 39.72922640287908 46.42054232175906 49.9
      vertex 39.77488476861684 46.398026107535415 49.9
      vertex 39.6 46.03923048454132 49.9
    endloop
  endfacet
  facet normal 0 0 -1
    outer loop
      vertex 39.77488476861684 46.398026107535415 49.9
      vertex 39.78107746224538 46.352865849255956 49.9
      vertex 39.6 46.03923048454132 49.9
    endloop
  endfacet
  facet normal 0 0 -1
    outer loop
      vertex 39.78888276473895 46.287962787324254 49.9
      vertex 39.965319798843346 46.250358975919696 49.9
      vertex 39.73051371481046 45.95202400834948 49.9
    endloop
  endfacet
  facet normal 0 0 -1
    outer loop
      vertex 40.07707330926978 46.17898851502823 49.9
      vertex 39.965319798843346 46.250358975919696 49.9
      vertex 39.988340955453005 46.25680470083148 49.9
    endloop
  endfacet
  facet normal 0 0 -1
    outer loop
      vertex 40.26035970890875 45.8366188392317 49.9
      vertex 40.15911099154688 45.31058285412303 49.9
      vertex 40.116281162344535 46.07088582887605 49.9
    endloop
  endfacet
  facet normal 0 0 -1
    outer loop
      vertex 40.34232583626137 45.86482519394606 49.9
      vertex 40.38068471672784 45.724387130090626 49.9
      vertex 40.26035970890875 45.8366188392317 49.9
    endloop
  endfacet
  facet normal 0 0 -1
    outer loop
      vertex 40.26158825246949 45.98288636021601 49.9
      vertex 40.116281162344535 46.07088582887605 49.9
      vertex 40.16992073103075 46.08741313522877 49.9
    endloop
  endfacet
  facet normal 0 0 -1
    outer loop
      vertex 40.26158825246949 45.98288636021601 49.9
      vertex 40.26035970890875 45.8366188392317 49.9
      vertex 40.116281162344535 46.07088582887605 49.9
    endloop
  endfacet
endsolid OpenSCAD_Model
