solid OpenSCAD_Model
  facet normal -1 0 0
    outer loop
      vertex 94 -49 2.6
      vertex 94 -49 4.3
      vertex 94 -45 2.6
    endloop
  endfacet
  facet normal 0 1 0
    outer loop
      vertex 94 -45 2.6
      vertex 94 -45 4.3
      vertex 98 -45 2.6
    endloop
  endfacet
  facet normal -1 0 0
    outer loop
      vertex 94 -45 2.6
      vertex 94 -49 4.3
      vertex 94 -45 4.3
    endloop
  endfacet
  facet normal 0 -1 0
    outer loop
      vertex 94 -49 2.6
      vertex 98 -49 4.3
      vertex 94 -49 4.3
    endloop
  endfacet
  facet normal 0 0 1
    outer loop
      vertex 94 -49 4.3
      vertex 98 -49 4.3
      vertex 94 -45 4.3
    endloop
  endfacet
  facet normal 0 -1 0
    outer loop
      vertex 94 -49 2.6
      vertex 98 -49 2.6
      vertex 98 -49 4.3
    endloop
  endfacet
  facet normal 1 0 0
    outer loop
      vertex 98 -49 2.6
      vertex 98 -45 2.6
      vertex 98 -45 4.3
    endloop
  endfacet
  facet normal 1 0 0
    outer loop
      vertex 98 -49 2.6
      vertex 98 -45 4.3
      vertex 98 -49 4.3
    endloop
  endfacet
  facet normal 0 0 1
    outer loop
      vertex 94 -45 4.3
      vertex 98 -49 4.3
      vertex 98 -45 4.3
    endloop
  endfacet
  facet normal 0 1 0
    outer loop
      vertex 94 -45 4.3
      vertex 98 -45 4.3
      vertex 98 -45 2.6
    endloop
  endfacet
  facet normal -1 0 0
    outer loop
      vertex 94 15 2.6
      vertex 94 15 4.3
      vertex 94 19 2.6
    endloop
  endfacet
  facet normal 0 1 0
    outer loop
      vertex 94 19 2.6
      vertex 94 19 4.3
      vertex 98 19 2.6
    endloop
  endfacet
  facet normal 0 -1 0
    outer loop
      vertex 94 15 2.6
      vertex 98 15 4.3
      vertex 94 15 4.3
    endloop
  endfacet
  facet normal -1 0 0
    outer loop
      vertex 94 19 2.6
      vertex 94 15 4.3
      vertex 94 19 4.3
    endloop
  endfacet
  facet normal 0 0 1
    outer loop
      vertex 94 15 4.3
      vertex 98 15 4.3
      vertex 94 19 4.3
    endloop
  endfacet
  facet normal 0 -1 0
    outer loop
      vertex 94 15 2.6
      vertex 98 15 2.6
      vertex 98 15 4.3
    endloop
  endfacet
  facet normal 1 0 0
    outer loop
      vertex 98 15 2.6
      vertex 98 19 2.6
      vertex 98 19 4.3
    endloop
  endfacet
  facet normal 0 1 0
    outer loop
      vertex 94 19 4.3
      vertex 98 19 4.3
      vertex 98 19 2.6
    endloop
  endfacet
  facet normal 1 0 0
    outer loop
      vertex 98 15 2.6
      vertex 98 19 4.3
      vertex 98 15 4.3
    endloop
  endfacet
  facet normal 0 0 1
    outer loop
      vertex 94 19 4.3
      vertex 98 15 4.3
      vertex 98 19 4.3
    endloop
  endfacet
  facet normal -1 0 0
    outer loop
      vertex 110 -49 2.6
      vertex 110 -49 4.3
      vertex 110 -45 2.6
    endloop
  endfacet
  facet normal -1 0 0
    outer loop
      vertex 110 -45 2.6
      vertex 110 -49 4.3
      vertex 110 -45 4.3
    endloop
  endfacet
  facet normal 0 -1 0
    outer loop
      vertex 110 -49 2.6
      vertex 114 -49 2.6
      vertex 114 -49 4.3
    endloop
  endfacet
  facet normal 1 0 0
    outer loop
      vertex 114 -49 2.6
      vertex 114 -45 2.6
      vertex 114 -45 4.3
    endloop
  endfacet
  facet normal 0 1 0
    outer loop
      vertex 110 -45 2.6
      vertex 110 -45 4.3
      vertex 114 -45 2.6
    endloop
  endfacet
  facet normal 0 -1 0
    outer loop
      vertex 110 -49 2.6
      vertex 114 -49 4.3
      vertex 110 -49 4.3
    endloop
  endfacet
  facet normal 1 0 0
    outer loop
      vertex 114 -49 2.6
      vertex 114 -45 4.3
      vertex 114 -49 4.3
    endloop
  endfacet
  facet normal 0 0 1
    outer loop
      vertex 110 -49 4.3
      vertex 114 -49 4.3
      vertex 110 -45 4.3
    endloop
  endfacet
  facet normal 0 0 1
    outer loop
      vertex 110 -45 4.3
      vertex 114 -49 4.3
      vertex 114 -45 4.3
    endloop
  endfacet
  facet normal 0 1 0
    outer loop
      vertex 110 -45 4.3
      vertex 114 -45 4.3
      vertex 114 -45 2.6
    endloop
  endfacet
  facet normal -1 0 0
    outer loop
      vertex 110 15 2.6
      vertex 110 15 4.3
      vertex 110 19 2.6
    endloop
  endfacet
  facet normal -1 0 0
    outer loop
      vertex 110 19 2.6
      vertex 110 15 4.3
      vertex 110 19 4.3
    endloop
  endfacet
  facet normal 0 -1 0
    outer loop
      vertex 110 15 2.6
      vertex 114 15 2.6
      vertex 114 15 4.3
    endloop
  endfacet
  facet normal 0 1 0
    outer loop
      vertex 110 19 2.6
      vertex 110 19 4.3
      vertex 114 19 2.6
    endloop
  endfacet
  facet normal 1 0 0
    outer loop
      vertex 114 15 2.6
      vertex 114 19 2.6
      vertex 114 19 4.3
    endloop
  endfacet
  facet normal 0 -1 0
    outer loop
      vertex 110 15 2.6
      vertex 114 15 4.3
      vertex 110 15 4.3
    endloop
  endfacet
  facet normal 0 1 0
    outer loop
      vertex 110 19 4.3
      vertex 114 19 4.3
      vertex 114 19 2.6
    endloop
  endfacet
  facet normal 1 0 0
    outer loop
      vertex 114 15 2.6
      vertex 114 19 4.3
      vertex 114 15 4.3
    endloop
  endfacet
  facet normal 0 0 1
    outer loop
      vertex 110 15 4.3
      vertex 114 15 4.3
      vertex 110 19 4.3
    endloop
  endfacet
  facet normal 0 0 1
    outer loop
      vertex 110 19 4.3
      vertex 114 15 4.3
      vertex 114 19 4.3
    endloop
  endfacet
  facet normal 0 0 -1
    outer loop
      vertex 88 -56 0
      vertex 88.18734221254041 -55.04653846153846 0
      vertex 88.33945043159042 -55.27418449871748 0
    endloop
  endfacet
  facet normal 0 0 -1
    outer loop
      vertex 88 -56 0
      vertex 88 -54.605822391918295 0
      vertex 88.06624907079753 -54.80098586112724 0
    endloop
  endfacet
  facet normal -1 0 0
    outer loop
      vertex 88 -56 0
      vertex 88 -54.53589838486225 0.03253547881532097
      vertex 88 -54.605822391918295 0
    endloop
  endfacet
  facet normal 0 0 -1
    outer loop
      vertex 88 -56 0
      vertex 88.06624907079753 -54.80098586112724 0
      vertex 88.18734221254041 -55.04653846153846 0
    endloop
  endfacet
  facet normal 0 0 -1
    outer loop
      vertex 88 -56 0
      vertex 88.33945043159042 -55.27418449871748 0
      vertex 88.51997111414724 -55.48002888585277 0
    endloop
  endfacet
  facet normal 0 0 -1
    outer loop
      vertex 88 -56 0
      vertex 88.51997111414724 -55.48002888585277 0
      vertex 88.72581550128251 -55.66054956840957 0
    endloop
  endfacet
  facet normal 0 0 -1
    outer loop
      vertex 88 -56 0
      vertex 88.72581550128251 -55.66054956840957 0
      vertex 88.95346153846154 -55.81265778745958 0
    endloop
  endfacet
  facet normal 0 0 -1
    outer loop
      vertex 88 -56 0
      vertex 88.95346153846154 -55.81265778745958 0
      vertex 89.19901413887276 -55.933750929202475 0
    endloop
  endfacet
  facet normal 0 0 -1
    outer loop
      vertex 88 -56 0
      vertex 89.19901413887276 -55.933750929202475 0
      vertex 89.3941776080817 -56 0
    endloop
  endfacet
  facet normal 0 -1 0
    outer loop
      vertex 88 -56 0
      vertex 89.3941776080817 -56 0
      vertex 89.46410161513775 -56 0.03253547881532097
    endloop
  endfacet
  facet normal 0 -1 0
    outer loop
      vertex 88 -56 0
      vertex 89.46410161513775 -56 0.03253547881532097
      vertex 89.73669500482521 -56 0.10951633610178606
    endloop
  endfacet
  facet normal 0 -1 0
    outer loop
      vertex 88 -56 0
      vertex 89.73669500482521 -56 0.10951633610178606
      vertex 90 -56 0.13444444444444673
    endloop
  endfacet
  facet normal -1 0 0
    outer loop
      vertex 88 -56 0
      vertex 88 -56 2.6
      vertex 88 -54.53589838486225 0.03253547881532097
    endloop
  endfacet
  facet normal -1 0 0
    outer loop
      vertex 88 -56 2.6
      vertex 88 -54.26330499517479 0.10951633610178606
      vertex 88 -54.53589838486225 0.03253547881532097
    endloop
  endfacet
  facet normal -1 0 0
    outer loop
      vertex 88 -56 2.6
      vertex 88 -54 0.1344444444444376
      vertex 88 -54.26330499517479 0.10951633610178606
    endloop
  endfacet
  facet normal -1 0 0
    outer loop
      vertex 88 -56 2.6
      vertex 88 -53.73669500482521 0.10951633610178606
      vertex 88 -54 0.1344444444444376
    endloop
  endfacet
  facet normal 0 0 -1
    outer loop
      vertex 88 -53.394177608081705 0
      vertex 88.06624907079753 23.199014138872762 0
      vertex 88.06624907079753 -53.19901413887276 0
    endloop
  endfacet
  facet normal 0 0 -1
    outer loop
      vertex 88.06624907079753 -53.19901413887276 0
      vertex 88.18734221254041 22.95346153846154 0
      vertex 88.18734221254041 -52.95346153846154 0
    endloop
  endfacet
  facet normal 0 0 -1
    outer loop
      vertex 88.18734221254041 -52.95346153846154 0
      vertex 88.33945043159042 22.72581550128252 0
      vertex 88.33945043159042 -52.72581550128252 0
    endloop
  endfacet
  facet normal 0 0 -1
    outer loop
      vertex 88.33945043159042 -52.72581550128252 0
      vertex 88.51997111414724 22.519971114147232 0
      vertex 88.51997111414724 -52.51997111414723 0
    endloop
  endfacet
  facet normal 0 0 -1
    outer loop
      vertex 88.72581550128251 -52.33945043159043 0
      vertex 88.51997111414724 -52.51997111414723 0
      vertex 88.95346153846154 22.187342212540415 0
    endloop
  endfacet
  facet normal 0 0 -1
    outer loop
      vertex 88.95346153846154 -52.18734221254042 0
      vertex 88.72581550128251 -52.33945043159043 0
      vertex 89.19901413887276 22.06624907079753 0
    endloop
  endfacet
  facet normal 0 0 -1
    outer loop
      vertex 89.19901413887276 -52.066249070797525 0
      vertex 88.95346153846154 -52.18734221254042 0
      vertex 89.4582718294431 21.97824294359034 0
    endloop
  endfacet
  facet normal 0 0 -1
    outer loop
      vertex 89.4582718294431 -51.97824294359034 0
      vertex 89.19901413887276 -52.066249070797525 0
      vertex 90 21.906923076923075 0
    endloop
  endfacet
  facet normal -1 0 0
    outer loop
      vertex 88 26 2.6
      vertex 88 -53.394177608081705 0
      vertex 88 -53.46410161513775 0.03253547881532097
    endloop
  endfacet
  facet normal -1 0 0
    outer loop
      vertex 88 26 2.6
      vertex 88 -53.46410161513775 0.03253547881532097
      vertex 88 -53.73669500482521 0.10951633610178606
    endloop
  endfacet
  facet normal -1 0 0
    outer loop
      vertex 88 -56 2.6
      vertex 88 26 2.6
      vertex 88 -53.73669500482521 0.10951633610178606
    endloop
  endfacet
  facet normal 0 0 -1
    outer loop
      vertex 90.6058223919183 -56 0
      vertex 90.80098586112724 -55.933750929202475 0
      vertex 116.19901413887276 -55.933750929202475 0
    endloop
  endfacet
  facet normal 0 -1 0
    outer loop
      vertex 90.53589838486225 -56 0.03253547881532097
      vertex 90.6058223919183 -56 0
      vertex 116.46410161513775 -56 0.03253547881532097
    endloop
  endfacet
  facet normal 0 0 -1
    outer loop
      vertex 90.80098586112724 -55.933750929202475 0
      vertex 91.04653846153846 -55.81265778745958 0
      vertex 116.19901413887276 -55.933750929202475 0
    endloop
  endfacet
  facet normal 0 0 -1
    outer loop
      vertex 91.04653846153846 -55.81265778745958 0
      vertex 91.27418449871749 -55.66054956840957 0
      vertex 115.95346153846154 -55.81265778745958 0
    endloop
  endfacet
  facet normal 0 0 -1
    outer loop
      vertex 91.27418449871749 -55.66054956840957 0
      vertex 91.48002888585276 -55.48002888585277 0
      vertex 115.72581550128251 -55.66054956840957 0
    endloop
  endfacet
  facet normal 0 0 -1
    outer loop
      vertex 91.48002888585276 -55.48002888585277 0
      vertex 91.66054956840958 -55.27418449871748 0
      vertex 115.51997111414724 -55.48002888585277 0
    endloop
  endfacet
  facet normal 0 0 -1
    outer loop
      vertex 91.81265778745959 -55.04653846153846 0
      vertex 115.33945043159042 -55.27418449871748 0
      vertex 91.66054956840958 -55.27418449871748 0
    endloop
  endfacet
  facet normal 0 0 -1
    outer loop
      vertex 91.04653846153846 -52.18734221254042 0
      vertex 115.72581550128251 -52.33945043159043 0
      vertex 91.27418449871749 -52.33945043159043 0
    endloop
  endfacet
  facet normal 0 0 -1
    outer loop
      vertex 91.81265778745959 -52.95346153846154 0
      vertex 91.66054956840958 -52.72581550128252 0
      vertex 115.18734221254041 -52.95346153846154 0
    endloop
  endfacet
  facet normal 0 0 -1
    outer loop
      vertex 91.93375092920247 -53.19901413887276 0
      vertex 91.81265778745959 -52.95346153846154 0
      vertex 115.06624907079753 -53.19901413887276 0
    endloop
  endfacet
  facet normal 0 0 -1
    outer loop
      vertex 91.66054956840958 -52.72581550128252 0
      vertex 91.48002888585276 -52.51997111414723 0
      vertex 115.33945043159042 -52.72581550128252 0
    endloop
  endfacet
  facet normal 0 0 -1
    outer loop
      vertex 91.27418449871749 -52.33945043159043 0
      vertex 115.51997111414724 -52.51997111414723 0
      vertex 91.48002888585276 -52.51997111414723 0
    endloop
  endfacet
  facet normal 0 -1 0
    outer loop
      vertex 88 -56 0
      vertex 90 -56 0.13444444444444673
      vertex 119 -56 2.6
    endloop
  endfacet
  facet normal 0 0 -1
    outer loop
      vertex 91.93375092920247 -54.80098586112724 0
      vertex 115.18734221254041 -55.04653846153846 0
      vertex 91.81265778745959 -55.04653846153846 0
    endloop
  endfacet
  facet normal 0 0 -1
    outer loop
      vertex 92.02175705640965 -54.541728170556894 0
      vertex 115.06624907079753 -54.80098586112724 0
      vertex 91.93375092920247 -54.80098586112724 0
    endloop
  endfacet
  facet normal 0 0 -1
    outer loop
      vertex 92.07517035984472 -54.27320136079289 0
      vertex 114.97824294359035 -54.541728170556894 0
      vertex 92.02175705640965 -54.541728170556894 0
    endloop
  endfacet
  facet normal 0 0 -1
    outer loop
      vertex 92.09307692307692 -54 0
      vertex 114.92482964015528 -54.27320136079289 0
      vertex 92.07517035984472 -54.27320136079289 0
    endloop
  endfacet
  facet normal 0 0 -1
    outer loop
      vertex 92.09307692307692 -54 0
      vertex 92.07517035984472 -53.72679863920711 0
      vertex 114.90692307692308 -54 0
    endloop
  endfacet
  facet normal 0 0 -1
    outer loop
      vertex 92.07517035984472 -53.72679863920711 0
      vertex 92.02175705640965 -53.458271829443106 0
      vertex 114.92482964015528 -53.72679863920711 0
    endloop
  endfacet
  facet normal 0 0 -1
    outer loop
      vertex 92.02175705640965 -53.458271829443106 0
      vertex 91.93375092920247 -53.19901413887276 0
      vertex 114.97824294359035 -53.458271829443106 0
    endloop
  endfacet
  facet normal 0 -1 0
    outer loop
      vertex 119 -56 2.6
      vertex 90.26330499517479 -56 0.10951633610178606
      vertex 90.53589838486225 -56 0.03253547881532097
    endloop
  endfacet
  facet normal 0 -1 0
    outer loop
      vertex 119 -56 2.6
      vertex 90 -56 0.13444444444444673
      vertex 90.26330499517479 -56 0.10951633610178606
    endloop
  endfacet
  facet normal 0 -1 0
    outer loop
      vertex 88 -56 0
      vertex 119 -56 2.6
      vertex 88 -56 2.6
    endloop
  endfacet
  facet normal 0 0 -1
    outer loop
      vertex 117.5417281705569 21.97824294359034 0
      vertex 89.7267986392071 -51.924829640155274 0
      vertex 89.4582718294431 -51.97824294359034 0
    endloop
  endfacet
  facet normal 0 0 -1
    outer loop
      vertex 117.5417281705569 21.97824294359034 0
      vertex 90 -51.90692307692308 0
      vertex 89.7267986392071 -51.924829640155274 0
    endloop
  endfacet
  facet normal 0 0 -1
    outer loop
      vertex 117.5417281705569 21.97824294359034 0
      vertex 90.2732013607929 -51.924829640155274 0
      vertex 90 -51.90692307692308 0
    endloop
  endfacet
  facet normal 0 0 -1
    outer loop
      vertex 117.5417281705569 21.97824294359034 0
      vertex 90.5417281705569 -51.97824294359034 0
      vertex 90.2732013607929 -51.924829640155274 0
    endloop
  endfacet
  facet normal 0 0 -1
    outer loop
      vertex 117.5417281705569 21.97824294359034 0
      vertex 90.80098586112724 -52.066249070797525 0
      vertex 90.5417281705569 -51.97824294359034 0
    endloop
  endfacet
  facet normal 0 0 -1
    outer loop
      vertex 117.5417281705569 21.97824294359034 0
      vertex 91.04653846153846 -52.18734221254042 0
      vertex 90.80098586112724 -52.066249070797525 0
    endloop
  endfacet
  facet normal 0 0 1
    outer loop
      vertex 88 -56 2.6
      vertex 88.81026616635143 -54.15663143066406 2.6
      vertex 88.8 -54 2.6
    endloop
  endfacet
  facet normal 0 0 1
    outer loop
      vertex 88 -56 2.6
      vertex 88.89134456098645 -54.45922011883811 2.6
      vertex 88.84088900845312 -54.31058285412303 2.6
    endloop
  endfacet
  facet normal 0 0 1
    outer loop
      vertex 88 -56 2.6
      vertex 88.84088900845312 -54.31058285412303 2.6
      vertex 88.81026616635143 -54.15663143066406 2.6
    endloop
  endfacet
  facet normal 0 0 1
    outer loop
      vertex 88 -56 2.6
      vertex 89.04797599165052 -54.73051371481046 2.6
      vertex 88.96076951545868 -54.6 2.6
    endloop
  endfacet
  facet normal 0 0 1
    outer loop
      vertex 88 -56 2.6
      vertex 88.96076951545868 -54.6 2.6
      vertex 88.89134456098645 -54.45922011883811 2.6
    endloop
  endfacet
  facet normal 0 0 1
    outer loop
      vertex 88 -56 2.6
      vertex 89.15147186257614 -54.848528137423855 2.6
      vertex 89.04797599165052 -54.73051371481046 2.6
    endloop
  endfacet
  facet normal 0 0 1
    outer loop
      vertex 88 -56 2.6
      vertex 89.26948628518953 -54.95202400834948 2.6
      vertex 89.15147186257614 -54.848528137423855 2.6
    endloop
  endfacet
  facet normal 0 0 1
    outer loop
      vertex 88 -56 2.6
      vertex 89.4 -55.03923048454133 2.6
      vertex 89.26948628518953 -54.95202400834948 2.6
    endloop
  endfacet
  facet normal 0 0 1
    outer loop
      vertex 88 -56 2.6
      vertex 88.8 -54 2.6
      vertex 88.81026616635143 -53.84336856933594 2.6
    endloop
  endfacet
  facet normal 0 0 1
    outer loop
      vertex 88 -56 2.6
      vertex 88.81026616635143 -53.84336856933594 2.6
      vertex 88.84088900845312 -53.68941714587697 2.6
    endloop
  endfacet
  facet normal 0 0 1
    outer loop
      vertex 88 -56 2.6
      vertex 88.84088900845312 -53.68941714587697 2.6
      vertex 88.89134456098645 -53.54077988116189 2.6
    endloop
  endfacet
  facet normal 0 0 1
    outer loop
      vertex 88 -56 2.6
      vertex 89.5407798811619 -55.108655439013546 2.6
      vertex 89.4 -55.03923048454133 2.6
    endloop
  endfacet
  facet normal 0 0 1
    outer loop
      vertex 88 -56 2.6
      vertex 89.68941714587697 -55.15911099154688 2.6
      vertex 89.5407798811619 -55.108655439013546 2.6
    endloop
  endfacet
  facet normal 0 0 1
    outer loop
      vertex 88 -56 2.6
      vertex 89.84336856933594 -55.189733833648575 2.6
      vertex 89.68941714587697 -55.15911099154688 2.6
    endloop
  endfacet
  facet normal 0 0 1
    outer loop
      vertex 88 -56 2.6
      vertex 90 -55.2 2.6
      vertex 89.84336856933594 -55.189733833648575 2.6
    endloop
  endfacet
  facet normal 0 0 1
    outer loop
      vertex 88 -56 2.6
      vertex 90.15663143066406 -55.189733833648575 2.6
      vertex 90 -55.2 2.6
    endloop
  endfacet
  facet normal 0 0 1
    outer loop
      vertex 88 -56 2.6
      vertex 90.31058285412303 -55.15911099154688 2.6
      vertex 90.15663143066406 -55.189733833648575 2.6
    endloop
  endfacet
  facet normal 0 0 1
    outer loop
      vertex 88 -56 2.6
      vertex 90.4592201188381 -55.108655439013546 2.6
      vertex 90.31058285412303 -55.15911099154688 2.6
    endloop
  endfacet
  facet normal 0 0 1
    outer loop
      vertex 94 -49 2.6
      vertex 89.84336856933594 -52.810266166351425 2.6
      vertex 90 -52.8 2.6
    endloop
  endfacet
  facet normal 0 0 1
    outer loop
      vertex 94 -49 2.6
      vertex 90 -52.8 2.6
      vertex 90.15663143066406 -52.810266166351425 2.6
    endloop
  endfacet
  facet normal 0 0 1
    outer loop
      vertex 94 -49 2.6
      vertex 90.15663143066406 -52.810266166351425 2.6
      vertex 90.31058285412303 -52.84088900845312 2.6
    endloop
  endfacet
  facet normal 0 0 1
    outer loop
      vertex 94 -49 2.6
      vertex 90.31058285412303 -52.84088900845312 2.6
      vertex 90.4592201188381 -52.891344560986454 2.6
    endloop
  endfacet
  facet normal 0 0 1
    outer loop
      vertex 94 -49 2.6
      vertex 90.4592201188381 -52.891344560986454 2.6
      vertex 90.6 -52.96076951545867 2.6
    endloop
  endfacet
  facet normal 0 0 1
    outer loop
      vertex 94 -49 2.6
      vertex 90.6 -52.96076951545867 2.6
      vertex 90.73051371481047 -53.04797599165052 2.6
    endloop
  endfacet
  facet normal 0 0 1
    outer loop
      vertex 94 -49 2.6
      vertex 90.73051371481047 -53.04797599165052 2.6
      vertex 90.84852813742386 -53.151471862576145 2.6
    endloop
  endfacet
  facet normal 0 0 1
    outer loop
      vertex 94 -45 2.6
      vertex 89.5407798811619 -52.891344560986454 2.6
      vertex 89.68941714587697 -52.84088900845312 2.6
    endloop
  endfacet
  facet normal 0 0 1
    outer loop
      vertex 94 -45 2.6
      vertex 89.68941714587697 -52.84088900845312 2.6
      vertex 89.84336856933594 -52.810266166351425 2.6
    endloop
  endfacet
  facet normal 0 0 1
    outer loop
      vertex 94 -49 2.6
      vertex 91.15911099154688 -53.68941714587697 2.6
      vertex 91.18973383364857 -53.84336856933594 2.6
    endloop
  endfacet
  facet normal 0 0 1
    outer loop
      vertex 94 -49 2.6
      vertex 90.84852813742386 -53.151471862576145 2.6
      vertex 90.95202400834948 -53.26948628518954 2.6
    endloop
  endfacet
  facet normal 0 0 1
    outer loop
      vertex 94 -49 2.6
      vertex 90.95202400834948 -53.26948628518954 2.6
      vertex 91.03923048454132 -53.4 2.6
    endloop
  endfacet
  facet normal 0 0 1
    outer loop
      vertex 94 -49 2.6
      vertex 91.03923048454132 -53.4 2.6
      vertex 91.10865543901355 -53.54077988116189 2.6
    endloop
  endfacet
  facet normal 0 0 1
    outer loop
      vertex 94 -49 2.6
      vertex 91.10865543901355 -53.54077988116189 2.6
      vertex 91.15911099154688 -53.68941714587697 2.6
    endloop
  endfacet
  facet normal 0 0 1
    outer loop
      vertex 98 -49 2.6
      vertex 91.18973383364857 -53.84336856933594 2.6
      vertex 91.2 -54 2.6
    endloop
  endfacet
  facet normal 0 0 1
    outer loop
      vertex 94 -49 2.6
      vertex 94 -45 2.6
      vertex 89.84336856933594 -52.810266166351425 2.6
    endloop
  endfacet
  facet normal 0 0 1
    outer loop
      vertex 94 -49 2.6
      vertex 91.18973383364857 -53.84336856933594 2.6
      vertex 98 -49 2.6
    endloop
  endfacet
  facet normal 0 0 1
    outer loop
      vertex 88 -56 2.6
      vertex 88.89134456098645 -53.54077988116189 2.6
      vertex 88 26 2.6
    endloop
  endfacet
  facet normal 0 0 1
    outer loop
      vertex 88 26 2.6
      vertex 88.89134456098645 -53.54077988116189 2.6
      vertex 88.96076951545868 -53.4 2.6
    endloop
  endfacet
  facet normal 0 0 1
    outer loop
      vertex 88 26 2.6
      vertex 88.96076951545868 -53.4 2.6
      vertex 89.04797599165052 -53.26948628518954 2.6
    endloop
  endfacet
  facet normal 0 0 1
    outer loop
      vertex 88 26 2.6
      vertex 89.04797599165052 -53.26948628518954 2.6
      vertex 89.15147186257614 -53.151471862576145 2.6
    endloop
  endfacet
  facet normal 0 0 1
    outer loop
      vertex 88 26 2.6
      vertex 89.15147186257614 -53.151471862576145 2.6
      vertex 89.26948628518953 -53.04797599165052 2.6
    endloop
  endfacet
  facet normal 0 0 1
    outer loop
      vertex 88 26 2.6
      vertex 89.26948628518953 -53.04797599165052 2.6
      vertex 89.4 -52.96076951545867 2.6
    endloop
  endfacet
  facet normal 0 0 1
    outer loop
      vertex 88 26 2.6
      vertex 89.4 -52.96076951545867 2.6
      vertex 89.5407798811619 -52.891344560986454 2.6
    endloop
  endfacet
  facet normal 0 0 1
    outer loop
      vertex 94 -45 2.6
      vertex 88 26 2.6
      vertex 89.5407798811619 -52.891344560986454 2.6
    endloop
  endfacet
  facet normal 0 0 1
    outer loop
      vertex 94 -45 2.6
      vertex 98 -45 2.6
      vertex 88 26 2.6
    endloop
  endfacet
  facet normal 0 0 1
    outer loop
      vertex 88 -56 2.6
      vertex 119 -56 2.6
      vertex 90.4592201188381 -55.108655439013546 2.6
    endloop
  endfacet
  facet normal 0 0 1
    outer loop
      vertex 119 -56 2.6
      vertex 90.6 -55.03923048454133 2.6
      vertex 90.4592201188381 -55.108655439013546 2.6
    endloop
  endfacet
  facet normal 0 0 1
    outer loop
      vertex 119 -56 2.6
      vertex 90.73051371481047 -54.95202400834948 2.6
      vertex 90.6 -55.03923048454133 2.6
    endloop
  endfacet
  facet normal 0 0 1
    outer loop
      vertex 119 -56 2.6
      vertex 90.84852813742386 -54.848528137423855 2.6
      vertex 90.73051371481047 -54.95202400834948 2.6
    endloop
  endfacet
  facet normal 0 0 1
    outer loop
      vertex 119 -56 2.6
      vertex 90.95202400834948 -54.73051371481046 2.6
      vertex 90.84852813742386 -54.848528137423855 2.6
    endloop
  endfacet
  facet normal 0 0 1
    outer loop
      vertex 119 -56 2.6
      vertex 91.03923048454132 -54.6 2.6
      vertex 90.95202400834948 -54.73051371481046 2.6
    endloop
  endfacet
  facet normal 0 0 1
    outer loop
      vertex 119 -56 2.6
      vertex 91.10865543901355 -54.45922011883811 2.6
      vertex 91.03923048454132 -54.6 2.6
    endloop
  endfacet
  facet normal 0 0 1
    outer loop
      vertex 119 -56 2.6
      vertex 91.15911099154688 -54.31058285412303 2.6
      vertex 91.10865543901355 -54.45922011883811 2.6
    endloop
  endfacet
  facet normal 0 0 1
    outer loop
      vertex 119 -56 2.6
      vertex 91.18973383364857 -54.15663143066406 2.6
      vertex 91.15911099154688 -54.31058285412303 2.6
    endloop
  endfacet
  facet normal 0 0 1
    outer loop
      vertex 119 -56 2.6
      vertex 91.2 -54 2.6
      vertex 91.18973383364857 -54.15663143066406 2.6
    endloop
  endfacet
  facet normal 0 0 1
    outer loop
      vertex 98 -49 2.6
      vertex 91.2 -54 2.6
      vertex 119 -56 2.6
    endloop
  endfacet
  facet normal 0 0 1
    outer loop
      vertex 98 -49 2.6
      vertex 110 -45 2.6
      vertex 98 -45 2.6
    endloop
  endfacet
  facet normal 0 0 1
    outer loop
      vertex 98 -45 2.6
      vertex 110 -45 2.6
      vertex 88 26 2.6
    endloop
  endfacet
  facet normal 0 0 -1
    outer loop
      vertex 88 -53.394177608081705 0
      vertex 88 23.3941776080817 0
      vertex 88.06624907079753 23.199014138872762 0
    endloop
  endfacet
  facet normal 0 0 -1
    outer loop
      vertex 88.06624907079753 -53.19901413887276 0
      vertex 88.06624907079753 23.199014138872762 0
      vertex 88.18734221254041 22.95346153846154 0
    endloop
  endfacet
  facet normal 0 0 -1
    outer loop
      vertex 88.18734221254041 -52.95346153846154 0
      vertex 88.18734221254041 22.95346153846154 0
      vertex 88.33945043159042 22.72581550128252 0
    endloop
  endfacet
  facet normal 0 0 -1
    outer loop
      vertex 88.33945043159042 -52.72581550128252 0
      vertex 88.33945043159042 22.72581550128252 0
      vertex 88.51997111414724 22.519971114147232 0
    endloop
  endfacet
  facet normal 0 0 -1
    outer loop
      vertex 88.51997111414724 -52.51997111414723 0
      vertex 88.51997111414724 22.519971114147232 0
      vertex 88.72581550128251 22.33945043159042 0
    endloop
  endfacet
  facet normal 0 0 -1
    outer loop
      vertex 88.51997111414724 -52.51997111414723 0
      vertex 88.72581550128251 22.33945043159042 0
      vertex 88.95346153846154 22.187342212540415 0
    endloop
  endfacet
  facet normal 0 0 -1
    outer loop
      vertex 88.72581550128251 -52.33945043159043 0
      vertex 88.95346153846154 22.187342212540415 0
      vertex 89.19901413887276 22.06624907079753 0
    endloop
  endfacet
  facet normal 0 0 -1
    outer loop
      vertex 88.95346153846154 -52.18734221254042 0
      vertex 89.19901413887276 22.06624907079753 0
      vertex 89.4582718294431 21.97824294359034 0
    endloop
  endfacet
  facet normal 0 0 -1
    outer loop
      vertex 89.19901413887276 -52.066249070797525 0
      vertex 89.4582718294431 21.97824294359034 0
      vertex 89.7267986392071 21.924829640155277 0
    endloop
  endfacet
  facet normal 0 0 -1
    outer loop
      vertex 89.19901413887276 -52.066249070797525 0
      vertex 89.7267986392071 21.924829640155277 0
      vertex 90 21.906923076923075 0
    endloop
  endfacet
  facet normal 0 0 -1
    outer loop
      vertex 89.4582718294431 -51.97824294359034 0
      vertex 90 21.906923076923075 0
      vertex 90.2732013607929 21.924829640155277 0
    endloop
  endfacet
  facet normal 0 0 -1
    outer loop
      vertex 89.4582718294431 -51.97824294359034 0
      vertex 90.2732013607929 21.924829640155277 0
      vertex 90.5417281705569 21.97824294359034 0
    endloop
  endfacet
  facet normal -1 0 0
    outer loop
      vertex 88 26 2.6
      vertex 88 23.3941776080817 0
      vertex 88 -53.394177608081705 0
    endloop
  endfacet
  facet normal 0 0 -1
    outer loop
      vertex 88 26 0
      vertex 88.06624907079753 24.800985861127238 0
      vertex 88 24.6058223919183 0
    endloop
  endfacet
  facet normal 0 0 -1
    outer loop
      vertex 88 26 0
      vertex 88.18734221254041 25.04653846153846 0
      vertex 88.06624907079753 24.800985861127238 0
    endloop
  endfacet
  facet normal 0 0 -1
    outer loop
      vertex 88 26 0
      vertex 88.33945043159042 25.27418449871748 0
      vertex 88.18734221254041 25.04653846153846 0
    endloop
  endfacet
  facet normal 0 0 -1
    outer loop
      vertex 88 26 0
      vertex 88.51997111414724 25.480028885852768 0
      vertex 88.33945043159042 25.27418449871748 0
    endloop
  endfacet
  facet normal 0 0 -1
    outer loop
      vertex 88 26 0
      vertex 88.72581550128251 25.66054956840958 0
      vertex 88.51997111414724 25.480028885852768 0
    endloop
  endfacet
  facet normal 0 0 -1
    outer loop
      vertex 88 26 0
      vertex 88.95346153846154 25.812657787459585 0
      vertex 88.72581550128251 25.66054956840958 0
    endloop
  endfacet
  facet normal 0 0 -1
    outer loop
      vertex 88 26 0
      vertex 89.19901413887276 25.93375092920247 0
      vertex 88.95346153846154 25.812657787459585 0
    endloop
  endfacet
  facet normal 0 0 -1
    outer loop
      vertex 88 26 0
      vertex 89.39417760808172 26 0
      vertex 89.19901413887276 25.93375092920247 0
    endloop
  endfacet
  facet normal -1 0 0
    outer loop
      vertex 88 26 2.6
      vertex 88 23.464101615137757 0.03253547881532097
      vertex 88 23.3941776080817 0
    endloop
  endfacet
  facet normal -1 0 0
    outer loop
      vertex 88 26 2.6
      vertex 88 23.736695004825208 0.10951633610178606
      vertex 88 23.464101615137757 0.03253547881532097
    endloop
  endfacet
  facet normal -1 0 0
    outer loop
      vertex 88 26 0
      vertex 88 24.6058223919183 0
      vertex 88 26 2.6
    endloop
  endfacet
  facet normal 0 1 0
    outer loop
      vertex 88 26 0
      vertex 88 26 2.6
      vertex 89.39417760808172 26 0
    endloop
  endfacet
  facet normal -1 0 0
    outer loop
      vertex 88 26 2.6
      vertex 88 24.6058223919183 0
      vertex 88 24.535898384862243 0.03253547881532097
    endloop
  endfacet
  facet normal -1 0 0
    outer loop
      vertex 88 26 2.6
      vertex 88 24.535898384862243 0.03253547881532097
      vertex 88 24.263304995174792 0.10951633610178606
    endloop
  endfacet
  facet normal 0 1 0
    outer loop
      vertex 88 26 2.6
      vertex 89.46410161513775 26 0.03253547881531583
      vertex 89.39417760808172 26 0
    endloop
  endfacet
  facet normal -1 0 0
    outer loop
      vertex 88 26 2.6
      vertex 88 24 0.1344444444444376
      vertex 88 23.736695004825208 0.10951633610178606
    endloop
  endfacet
  facet normal -1 0 0
    outer loop
      vertex 88 26 2.6
      vertex 88 24.263304995174792 0.10951633610178606
      vertex 88 24 0.1344444444444376
    endloop
  endfacet
  facet normal 0 1 0
    outer loop
      vertex 88 26 2.6
      vertex 89.73669500482521 26 0.10951633610178088
      vertex 89.46410161513775 26 0.03253547881531583
    endloop
  endfacet
  facet normal 0 1 0
    outer loop
      vertex 88 26 2.6
      vertex 90.53589838486225 26 0.03253547881531583
      vertex 90.26330499517479 26 0.10951633610178088
    endloop
  endfacet
  facet normal 0 1 0
    outer loop
      vertex 88 26 2.6
      vertex 90 26 0.13444444444444614
      vertex 89.73669500482521 26 0.10951633610178088
    endloop
  endfacet
  facet normal 0 1 0
    outer loop
      vertex 88 26 2.6
      vertex 90.26330499517479 26 0.10951633610178088
      vertex 90 26 0.13444444444444614
    endloop
  endfacet
  facet normal 0 0 -1
    outer loop
      vertex 89.4582718294431 -51.97824294359034 0
      vertex 90.5417281705569 21.97824294359034 0
      vertex 115.95346153846154 22.187342212540415 0
    endloop
  endfacet
  facet normal 0 0 -1
    outer loop
      vertex 90.5417281705569 21.97824294359034 0
      vertex 90.80098586112724 22.06624907079753 0
      vertex 115.95346153846154 22.187342212540415 0
    endloop
  endfacet
  facet normal 0 0 -1
    outer loop
      vertex 90.80098586112724 22.06624907079753 0
      vertex 91.04653846153846 22.187342212540415 0
      vertex 115.95346153846154 22.187342212540415 0
    endloop
  endfacet
  facet normal 0 0 -1
    outer loop
      vertex 91.04653846153846 22.187342212540415 0
      vertex 91.27418449871749 22.33945043159042 0
      vertex 115.95346153846154 22.187342212540415 0
    endloop
  endfacet
  facet normal 0 0 -1
    outer loop
      vertex 91.27418449871749 22.33945043159042 0
      vertex 91.48002888585276 22.519971114147232 0
      vertex 115.72581550128251 22.33945043159042 0
    endloop
  endfacet
  facet normal 0 0 -1
    outer loop
      vertex 91.48002888585276 22.519971114147232 0
      vertex 91.66054956840958 22.72581550128252 0
      vertex 115.51997111414724 22.519971114147232 0
    endloop
  endfacet
  facet normal 0 0 -1
    outer loop
      vertex 91.81265778745959 22.95346153846154 0
      vertex 115.33945043159042 22.72581550128252 0
      vertex 91.66054956840958 22.72581550128252 0
    endloop
  endfacet
  facet normal 0 1 0
    outer loop
      vertex 90.60582239191828 26 0
      vertex 90.53589838486225 26 0.03253547881531583
      vertex 116.39417760808172 26 0
    endloop
  endfacet
  facet normal 0 0 -1
    outer loop
      vertex 90.80098586112724 25.93375092920247 0
      vertex 115.95346153846154 25.812657787459585 0
      vertex 91.04653846153846 25.812657787459585 0
    endloop
  endfacet
  facet normal 0 0 -1
    outer loop
      vertex 90.60582239191828 26 0
      vertex 116.39417760808172 26 0
      vertex 90.80098586112724 25.93375092920247 0
    endloop
  endfacet
  facet normal 0 0 -1
    outer loop
      vertex 91.04653846153846 25.812657787459585 0
      vertex 115.72581550128251 25.66054956840958 0
      vertex 91.27418449871749 25.66054956840958 0
    endloop
  endfacet
  facet normal 0 0 -1
    outer loop
      vertex 91.66054956840958 25.27418449871748 0
      vertex 91.48002888585276 25.480028885852768 0
      vertex 115.33945043159042 25.27418449871748 0
    endloop
  endfacet
  facet normal 0 0 -1
    outer loop
      vertex 91.93375092920247 24.800985861127238 0
      vertex 91.81265778745959 25.04653846153846 0
      vertex 115.06624907079753 24.800985861127238 0
    endloop
  endfacet
  facet normal 0 0 -1
    outer loop
      vertex 91.81265778745959 25.04653846153846 0
      vertex 91.66054956840958 25.27418449871748 0
      vertex 115.18734221254041 25.04653846153846 0
    endloop
  endfacet
  facet normal 0 0 -1
    outer loop
      vertex 91.27418449871749 25.66054956840958 0
      vertex 115.51997111414724 25.480028885852768 0
      vertex 91.48002888585276 25.480028885852768 0
    endloop
  endfacet
  facet normal 0 1 0
    outer loop
      vertex 88 26 2.6
      vertex 116.46410161513775 26 0.03253547881531583
      vertex 90.53589838486225 26 0.03253547881531583
    endloop
  endfacet
  facet normal 0 0 -1
    outer loop
      vertex 91.93375092920247 23.199014138872762 0
      vertex 115.18734221254041 22.95346153846154 0
      vertex 91.81265778745959 22.95346153846154 0
    endloop
  endfacet
  facet normal 0 0 -1
    outer loop
      vertex 92.02175705640965 23.45827182944311 0
      vertex 115.06624907079753 23.199014138872762 0
      vertex 91.93375092920247 23.199014138872762 0
    endloop
  endfacet
  facet normal 0 0 -1
    outer loop
      vertex 92.07517035984472 23.726798639207107 0
      vertex 114.97824294359035 23.45827182944311 0
      vertex 92.02175705640965 23.45827182944311 0
    endloop
  endfacet
  facet normal 0 0 -1
    outer loop
      vertex 92.09307692307692 24 0
      vertex 114.92482964015528 23.726798639207107 0
      vertex 92.07517035984472 23.726798639207107 0
    endloop
  endfacet
  facet normal 0 0 -1
    outer loop
      vertex 92.07517035984472 24.273201360792893 0
      vertex 92.02175705640965 24.54172817055689 0
      vertex 114.92482964015528 24.273201360792893 0
    endloop
  endfacet
  facet normal 0 0 -1
    outer loop
      vertex 92.09307692307692 24 0
      vertex 92.07517035984472 24.273201360792893 0
      vertex 114.90692307692308 24 0
    endloop
  endfacet
  facet normal 0 0 -1
    outer loop
      vertex 92.02175705640965 24.54172817055689 0
      vertex 91.93375092920247 24.800985861127238 0
      vertex 114.97824294359035 24.54172817055689 0
    endloop
  endfacet
  facet normal 0 0 1
    outer loop
      vertex 88 26 2.6
      vertex 110 -45 2.6
      vertex 88.89134456098645 23.540779881161892 2.6
    endloop
  endfacet
  facet normal 0 0 1
    outer loop
      vertex 88 26 2.6
      vertex 88.81026616635143 23.843368569335937 2.6
      vertex 88.8 24 2.6
    endloop
  endfacet
  facet normal 0 0 1
    outer loop
      vertex 88 26 2.6
      vertex 88.84088900845312 23.689417145876973 2.6
      vertex 88.81026616635143 23.843368569335937 2.6
    endloop
  endfacet
  facet normal 0 0 1
    outer loop
      vertex 88 26 2.6
      vertex 88.89134456098645 23.540779881161892 2.6
      vertex 88.84088900845312 23.689417145876973 2.6
    endloop
  endfacet
  facet normal 0 0 1
    outer loop
      vertex 88 26 2.6
      vertex 88.8 24 2.6
      vertex 88.81026616635143 24.156631430664063 2.6
    endloop
  endfacet
  facet normal 0 0 1
    outer loop
      vertex 88 26 2.6
      vertex 88.81026616635143 24.156631430664063 2.6
      vertex 88.84088900845312 24.310582854123027 2.6
    endloop
  endfacet
  facet normal 0 0 1
    outer loop
      vertex 88 26 2.6
      vertex 88.84088900845312 24.310582854123027 2.6
      vertex 88.89134456098645 24.459220118838108 2.6
    endloop
  endfacet
  facet normal 0 0 1
    outer loop
      vertex 88 26 2.6
      vertex 88.89134456098645 24.459220118838108 2.6
      vertex 88.96076951545868 24.6 2.6
    endloop
  endfacet
  facet normal 0 0 1
    outer loop
      vertex 88 26 2.6
      vertex 88.96076951545868 24.6 2.6
      vertex 89.04797599165052 24.730513714810463 2.6
    endloop
  endfacet
  facet normal 0 0 1
    outer loop
      vertex 88 26 2.6
      vertex 89.04797599165052 24.730513714810463 2.6
      vertex 89.15147186257614 24.848528137423855 2.6
    endloop
  endfacet
  facet normal 0 0 1
    outer loop
      vertex 88 26 2.6
      vertex 89.15147186257614 24.848528137423855 2.6
      vertex 89.26948628518953 24.952024008349483 2.6
    endloop
  endfacet
  facet normal 0 0 1
    outer loop
      vertex 88 26 2.6
      vertex 89.26948628518953 24.952024008349483 2.6
      vertex 89.4 25.039230484541328 2.6
    endloop
  endfacet
  facet normal 0 0 1
    outer loop
      vertex 88 26 2.6
      vertex 89.4 25.039230484541328 2.6
      vertex 89.5407798811619 25.108655439013543 2.6
    endloop
  endfacet
  facet normal 0 0 1
    outer loop
      vertex 88 26 2.6
      vertex 89.5407798811619 25.108655439013543 2.6
      vertex 89.68941714587697 25.159110991546882 2.6
    endloop
  endfacet
  facet normal 0 0 1
    outer loop
      vertex 88 26 2.6
      vertex 89.68941714587697 25.159110991546882 2.6
      vertex 89.84336856933594 25.18973383364857 2.6
    endloop
  endfacet
  facet normal 0 0 1
    outer loop
      vertex 88 26 2.6
      vertex 89.84336856933594 25.18973383364857 2.6
      vertex 90 25.2 2.6
    endloop
  endfacet
  facet normal 0 0 1
    outer loop
      vertex 88 26 2.6
      vertex 90 25.2 2.6
      vertex 90.15663143066406 25.18973383364857 2.6
    endloop
  endfacet
  facet normal 0 0 1
    outer loop
      vertex 88 26 2.6
      vertex 90.15663143066406 25.18973383364857 2.6
      vertex 90.31058285412303 25.159110991546882 2.6
    endloop
  endfacet
  facet normal 0 0 1
    outer loop
      vertex 88 26 2.6
      vertex 90.31058285412303 25.159110991546882 2.6
      vertex 90.4592201188381 25.108655439013543 2.6
    endloop
  endfacet
  facet normal 0 0 1
    outer loop
      vertex 94 19 2.6
      vertex 89.84336856933594 22.81026616635143 2.6
      vertex 89.68941714587697 22.840889008453118 2.6
    endloop
  endfacet
  facet normal 0 0 1
    outer loop
      vertex 94 19 2.6
      vertex 90 22.8 2.6
      vertex 89.84336856933594 22.81026616635143 2.6
    endloop
  endfacet
  facet normal 0 0 1
    outer loop
      vertex 94 19 2.6
      vertex 90.15663143066406 22.81026616635143 2.6
      vertex 90 22.8 2.6
    endloop
  endfacet
  facet normal 0 0 1
    outer loop
      vertex 94 19 2.6
      vertex 90.31058285412303 22.840889008453118 2.6
      vertex 90.15663143066406 22.81026616635143 2.6
    endloop
  endfacet
  facet normal 0 0 1
    outer loop
      vertex 94 19 2.6
      vertex 90.4592201188381 22.891344560986457 2.6
      vertex 90.31058285412303 22.840889008453118 2.6
    endloop
  endfacet
  facet normal 0 0 1
    outer loop
      vertex 94 19 2.6
      vertex 90.6 22.960769515458672 2.6
      vertex 90.4592201188381 22.891344560986457 2.6
    endloop
  endfacet
  facet normal 0 0 1
    outer loop
      vertex 94 19 2.6
      vertex 90.73051371481047 23.047975991650517 2.6
      vertex 90.6 22.960769515458672 2.6
    endloop
  endfacet
  facet normal 0 0 1
    outer loop
      vertex 94 19 2.6
      vertex 90.84852813742386 23.151471862576145 2.6
      vertex 90.73051371481047 23.047975991650517 2.6
    endloop
  endfacet
  facet normal 0 0 1
    outer loop
      vertex 94 15 2.6
      vertex 94 19 2.6
      vertex 89.68941714587697 22.840889008453118 2.6
    endloop
  endfacet
  facet normal 0 0 1
    outer loop
      vertex 94 19 2.6
      vertex 90.95202400834948 23.269486285189537 2.6
      vertex 90.84852813742386 23.151471862576145 2.6
    endloop
  endfacet
  facet normal 0 0 1
    outer loop
      vertex 94 19 2.6
      vertex 91.03923048454132 23.4 2.6
      vertex 90.95202400834948 23.269486285189537 2.6
    endloop
  endfacet
  facet normal 0 0 1
    outer loop
      vertex 94 19 2.6
      vertex 91.10865543901355 23.540779881161892 2.6
      vertex 91.03923048454132 23.4 2.6
    endloop
  endfacet
  facet normal 0 0 1
    outer loop
      vertex 94 19 2.6
      vertex 91.15911099154688 23.689417145876973 2.6
      vertex 91.10865543901355 23.540779881161892 2.6
    endloop
  endfacet
  facet normal 0 0 1
    outer loop
      vertex 98 19 2.6
      vertex 91.18973383364857 23.843368569335937 2.6
      vertex 91.15911099154688 23.689417145876973 2.6
    endloop
  endfacet
  facet normal 0 0 1
    outer loop
      vertex 98 19 2.6
      vertex 91.2 24 2.6
      vertex 91.18973383364857 23.843368569335937 2.6
    endloop
  endfacet
  facet normal 0 0 1
    outer loop
      vertex 94 19 2.6
      vertex 98 19 2.6
      vertex 91.15911099154688 23.689417145876973 2.6
    endloop
  endfacet
  facet normal 0 0 1
    outer loop
      vertex 114 -45 2.6
      vertex 88.96076951545868 23.4 2.6
      vertex 88.89134456098645 23.540779881161892 2.6
    endloop
  endfacet
  facet normal 0 0 1
    outer loop
      vertex 118.03923048454132 -53.4 2.6
      vertex 89.04797599165052 23.269486285189537 2.6
      vertex 88.96076951545868 23.4 2.6
    endloop
  endfacet
  facet normal 0 0 1
    outer loop
      vertex 118.03923048454132 -53.4 2.6
      vertex 89.15147186257614 23.151471862576145 2.6
      vertex 89.04797599165052 23.269486285189537 2.6
    endloop
  endfacet
  facet normal 0 0 1
    outer loop
      vertex 118.03923048454132 -53.4 2.6
      vertex 89.26948628518953 23.047975991650517 2.6
      vertex 89.15147186257614 23.151471862576145 2.6
    endloop
  endfacet
  facet normal 0 0 1
    outer loop
      vertex 118.03923048454132 -53.4 2.6
      vertex 89.5407798811619 22.891344560986457 2.6
      vertex 89.4 22.960769515458672 2.6
    endloop
  endfacet
  facet normal 0 0 1
    outer loop
      vertex 118.03923048454132 -53.4 2.6
      vertex 89.4 22.960769515458672 2.6
      vertex 89.26948628518953 23.047975991650517 2.6
    endloop
  endfacet
  facet normal 0 0 1
    outer loop
      vertex 118.03923048454132 -53.4 2.6
      vertex 89.68941714587697 22.840889008453118 2.6
      vertex 89.5407798811619 22.891344560986457 2.6
    endloop
  endfacet
  facet normal 0 0 1
    outer loop
      vertex 94 15 2.6
      vertex 89.68941714587697 22.840889008453118 2.6
      vertex 118.03923048454132 -53.4 2.6
    endloop
  endfacet
  facet normal 0 0 1
    outer loop
      vertex 88 26 2.6
      vertex 90.4592201188381 25.108655439013543 2.6
      vertex 119 26 2.6
    endloop
  endfacet
  facet normal 0 0 1
    outer loop
      vertex 119 26 2.6
      vertex 90.4592201188381 25.108655439013543 2.6
      vertex 90.6 25.039230484541328 2.6
    endloop
  endfacet
  facet normal 0 0 1
    outer loop
      vertex 119 26 2.6
      vertex 90.6 25.039230484541328 2.6
      vertex 90.73051371481047 24.952024008349483 2.6
    endloop
  endfacet
  facet normal 0 0 1
    outer loop
      vertex 119 26 2.6
      vertex 90.73051371481047 24.952024008349483 2.6
      vertex 90.84852813742386 24.848528137423855 2.6
    endloop
  endfacet
  facet normal 0 0 1
    outer loop
      vertex 119 26 2.6
      vertex 90.84852813742386 24.848528137423855 2.6
      vertex 90.95202400834948 24.730513714810463 2.6
    endloop
  endfacet
  facet normal 0 0 1
    outer loop
      vertex 119 26 2.6
      vertex 90.95202400834948 24.730513714810463 2.6
      vertex 91.03923048454132 24.6 2.6
    endloop
  endfacet
  facet normal 0 0 1
    outer loop
      vertex 119 26 2.6
      vertex 91.03923048454132 24.6 2.6
      vertex 91.10865543901355 24.459220118838108 2.6
    endloop
  endfacet
  facet normal 0 0 1
    outer loop
      vertex 119 26 2.6
      vertex 91.18973383364857 24.156631430664063 2.6
      vertex 91.2 24 2.6
    endloop
  endfacet
  facet normal 0 0 1
    outer loop
      vertex 119 26 2.6
      vertex 91.15911099154688 24.310582854123027 2.6
      vertex 91.18973383364857 24.156631430664063 2.6
    endloop
  endfacet
  facet normal 0 0 1
    outer loop
      vertex 119 26 2.6
      vertex 91.10865543901355 24.459220118838108 2.6
      vertex 91.15911099154688 24.310582854123027 2.6
    endloop
  endfacet
  facet normal 0 0 1
    outer loop
      vertex 98 15 2.6
      vertex 110 19 2.6
      vertex 98 19 2.6
    endloop
  endfacet
  facet normal 0 0 1
    outer loop
      vertex 98 19 2.6
      vertex 119 26 2.6
      vertex 91.2 24 2.6
    endloop
  endfacet
  facet normal 0 0 -1
    outer loop
      vertex 92.02175705640965 -54.541728170556894 0
      vertex 114.97824294359035 -54.541728170556894 0
      vertex 115.06624907079753 -54.80098586112724 0
    endloop
  endfacet
  facet normal 0 0 -1
    outer loop
      vertex 92.09307692307692 -54 0
      vertex 114.90692307692308 -54 0
      vertex 114.92482964015528 -54.27320136079289 0
    endloop
  endfacet
  facet normal 0 0 -1
    outer loop
      vertex 92.07517035984472 -54.27320136079289 0
      vertex 114.92482964015528 -54.27320136079289 0
      vertex 114.97824294359035 -54.541728170556894 0
    endloop
  endfacet
  facet normal 0 0 -1
    outer loop
      vertex 92.07517035984472 -53.72679863920711 0
      vertex 114.92482964015528 -53.72679863920711 0
      vertex 114.90692307692308 -54 0
    endloop
  endfacet
  facet normal 0 0 -1
    outer loop
      vertex 92.02175705640965 -53.458271829443106 0
      vertex 114.97824294359035 -53.458271829443106 0
      vertex 114.92482964015528 -53.72679863920711 0
    endloop
  endfacet
  facet normal 0 0 -1
    outer loop
      vertex 91.93375092920247 -53.19901413887276 0
      vertex 115.06624907079753 -53.19901413887276 0
      vertex 114.97824294359035 -53.458271829443106 0
    endloop
  endfacet
  facet normal 0 0 -1
    outer loop
      vertex 91.81265778745959 -52.95346153846154 0
      vertex 115.18734221254041 -52.95346153846154 0
      vertex 115.06624907079753 -53.19901413887276 0
    endloop
  endfacet
  facet normal 0 0 -1
    outer loop
      vertex 91.48002888585276 -55.48002888585277 0
      vertex 115.51997111414724 -55.48002888585277 0
      vertex 115.72581550128251 -55.66054956840957 0
    endloop
  endfacet
  facet normal 0 0 -1
    outer loop
      vertex 91.81265778745959 -55.04653846153846 0
      vertex 115.18734221254041 -55.04653846153846 0
      vertex 115.33945043159042 -55.27418449871748 0
    endloop
  endfacet
  facet normal 0 0 -1
    outer loop
      vertex 91.93375092920247 -54.80098586112724 0
      vertex 115.06624907079753 -54.80098586112724 0
      vertex 115.18734221254041 -55.04653846153846 0
    endloop
  endfacet
  facet normal 0 0 -1
    outer loop
      vertex 91.66054956840958 -55.27418449871748 0
      vertex 115.33945043159042 -55.27418449871748 0
      vertex 115.51997111414724 -55.48002888585277 0
    endloop
  endfacet
  facet normal 0 0 -1
    outer loop
      vertex 91.27418449871749 -55.66054956840957 0
      vertex 115.72581550128251 -55.66054956840957 0
      vertex 115.95346153846154 -55.81265778745958 0
    endloop
  endfacet
  facet normal 0 0 -1
    outer loop
      vertex 90.6058223919183 -56 0
      vertex 116.19901413887276 -55.933750929202475 0
      vertex 116.3941776080817 -56 0
    endloop
  endfacet
  facet normal 0 0 -1
    outer loop
      vertex 91.04653846153846 -55.81265778745958 0
      vertex 115.95346153846154 -55.81265778745958 0
      vertex 116.19901413887276 -55.933750929202475 0
    endloop
  endfacet
  facet normal 0 -1 0
    outer loop
      vertex 116.3941776080817 -56 0
      vertex 116.46410161513775 -56 0.03253547881532097
      vertex 90.6058223919183 -56 0
    endloop
  endfacet
  facet normal 0 0 -1
    outer loop
      vertex 91.66054956840958 -52.72581550128252 0
      vertex 115.33945043159042 -52.72581550128252 0
      vertex 115.18734221254041 -52.95346153846154 0
    endloop
  endfacet
  facet normal 0 0 -1
    outer loop
      vertex 91.48002888585276 -52.51997111414723 0
      vertex 115.51997111414724 -52.51997111414723 0
      vertex 115.33945043159042 -52.72581550128252 0
    endloop
  endfacet
  facet normal 0 0 -1
    outer loop
      vertex 91.27418449871749 -52.33945043159043 0
      vertex 115.72581550128251 -52.33945043159043 0
      vertex 115.51997111414724 -52.51997111414723 0
    endloop
  endfacet
  facet normal 0 0 -1
    outer loop
      vertex 91.04653846153846 -52.18734221254042 0
      vertex 115.95346153846154 -52.18734221254042 0
      vertex 115.72581550128251 -52.33945043159043 0
    endloop
  endfacet
  facet normal 0 0 -1
    outer loop
      vertex 91.04653846153846 -52.18734221254042 0
      vertex 116.19901413887276 -52.066249070797525 0
      vertex 115.95346153846154 -52.18734221254042 0
    endloop
  endfacet
  facet normal 0 0 -1
    outer loop
      vertex 91.04653846153846 -52.18734221254042 0
      vertex 116.4582718294431 -51.97824294359034 0
      vertex 116.19901413887276 -52.066249070797525 0
    endloop
  endfacet
  facet normal 0 -1 0
    outer loop
      vertex 119 -56 2.6
      vertex 90.53589838486225 -56 0.03253547881532097
      vertex 116.46410161513775 -56 0.03253547881532097
    endloop
  endfacet
  facet normal 0 0 -1
    outer loop
      vertex 117.5417281705569 21.97824294359034 0
      vertex 116.4582718294431 -51.97824294359034 0
      vertex 91.04653846153846 -52.18734221254042 0
    endloop
  endfacet
  facet normal 0 0 -1
    outer loop
      vertex 119 -56 0
      vertex 117.6058223919183 -56 0
      vertex 117.80098586112724 -55.933750929202475 0
    endloop
  endfacet
  facet normal 0 0 -1
    outer loop
      vertex 119 -56 0
      vertex 117.80098586112724 -55.933750929202475 0
      vertex 118.04653846153846 -55.81265778745958 0
    endloop
  endfacet
  facet normal 0 0 -1
    outer loop
      vertex 119 -56 0
      vertex 118.04653846153846 -55.81265778745958 0
      vertex 118.27418449871749 -55.66054956840957 0
    endloop
  endfacet
  facet normal 0 0 -1
    outer loop
      vertex 119 -56 0
      vertex 118.27418449871749 -55.66054956840957 0
      vertex 118.48002888585276 -55.48002888585277 0
    endloop
  endfacet
  facet normal 0 0 -1
    outer loop
      vertex 119 -56 0
      vertex 118.48002888585276 -55.48002888585277 0
      vertex 118.66054956840958 -55.27418449871748 0
    endloop
  endfacet
  facet normal 0 0 -1
    outer loop
      vertex 119 -56 0
      vertex 118.66054956840958 -55.27418449871748 0
      vertex 118.81265778745959 -55.04653846153846 0
    endloop
  endfacet
  facet normal 0 0 -1
    outer loop
      vertex 119 -56 0
      vertex 118.81265778745959 -55.04653846153846 0
      vertex 118.93375092920247 -54.80098586112724 0
    endloop
  endfacet
  facet normal 0 0 -1
    outer loop
      vertex 119 -56 0
      vertex 118.93375092920247 -54.80098586112724 0
      vertex 119 -54.605822391918295 0
    endloop
  endfacet
  facet normal 0 -1 0
    outer loop
      vertex 119 -56 2.6
      vertex 116.46410161513775 -56 0.03253547881532097
      vertex 116.73669500482521 -56 0.10951633610178606
    endloop
  endfacet
  facet normal 0 -1 0
    outer loop
      vertex 119 -56 2.6
      vertex 117.26330499517479 -56 0.10951633610178606
      vertex 117.53589838486225 -56 0.03253547881532097
    endloop
  endfacet
  facet normal 0 -1 0
    outer loop
      vertex 119 -56 2.6
      vertex 116.73669500482521 -56 0.10951633610178606
      vertex 117 -56 0.13444444444444673
    endloop
  endfacet
  facet normal 0 -1 0
    outer loop
      vertex 119 -56 2.6
      vertex 117 -56 0.13444444444444673
      vertex 117.26330499517479 -56 0.10951633610178606
    endloop
  endfacet
  facet normal 0 -1 0
    outer loop
      vertex 119 -56 2.6
      vertex 117.53589838486225 -56 0.03253547881532097
      vertex 117.6058223919183 -56 0
    endloop
  endfacet
  facet normal 0 -1 0
    outer loop
      vertex 119 -56 0
      vertex 119 -56 2.6
      vertex 117.6058223919183 -56 0
    endloop
  endfacet
  facet normal 1 0 0
    outer loop
      vertex 119 -56 0
      vertex 119 -54.605822391918295 0
      vertex 119 -56 2.6
    endloop
  endfacet
  facet normal 1 0 0
    outer loop
      vertex 119 -56 2.6
      vertex 119 -54.605822391918295 0
      vertex 119 -54.53589838486225 0.03253547881532097
    endloop
  endfacet
  facet normal 1 0 0
    outer loop
      vertex 119 -56 2.6
      vertex 119 -54.53589838486225 0.03253547881532097
      vertex 119 -54.26330499517479 0.10951633610178606
    endloop
  endfacet
  facet normal 1 0 0
    outer loop
      vertex 119 -56 2.6
      vertex 119 -53.46410161513775 0.03253547881532097
      vertex 119 -53.394177608081705 0
    endloop
  endfacet
  facet normal 1 0 0
    outer loop
      vertex 119 -56 2.6
      vertex 119 -53.73669500482521 0.10951633610178606
      vertex 119 -53.46410161513775 0.03253547881532097
    endloop
  endfacet
  facet normal 1 0 0
    outer loop
      vertex 119 -56 2.6
      vertex 119 -54.26330499517479 0.10951633610178606
      vertex 119 -54 0.1344444444444376
    endloop
  endfacet
  facet normal 1 0 0
    outer loop
      vertex 119 -56 2.6
      vertex 119 -54 0.1344444444444376
      vertex 119 -53.73669500482521 0.10951633610178606
    endloop
  endfacet
  facet normal 0 0 -1
    outer loop
      vertex 117.5417281705569 21.97824294359034 0
      vertex 116.7267986392071 -51.924829640155274 0
      vertex 116.4582718294431 -51.97824294359034 0
    endloop
  endfacet
  facet normal 0 0 -1
    outer loop
      vertex 117.5417281705569 21.97824294359034 0
      vertex 117 -51.90692307692308 0
      vertex 116.7267986392071 -51.924829640155274 0
    endloop
  endfacet
  facet normal 0 0 -1
    outer loop
      vertex 117 -51.90692307692308 0
      vertex 117.80098586112724 22.06624907079753 0
      vertex 117.2732013607929 -51.924829640155274 0
    endloop
  endfacet
  facet normal 0 0 -1
    outer loop
      vertex 117.2732013607929 -51.924829640155274 0
      vertex 117.80098586112724 22.06624907079753 0
      vertex 117.5417281705569 -51.97824294359034 0
    endloop
  endfacet
  facet normal 0 0 -1
    outer loop
      vertex 117.5417281705569 -51.97824294359034 0
      vertex 118.04653846153846 22.18734221254042 0
      vertex 117.80098586112724 -52.066249070797525 0
    endloop
  endfacet
  facet normal 0 0 -1
    outer loop
      vertex 117.80098586112724 -52.066249070797525 0
      vertex 118.27418449871749 22.33945043159042 0
      vertex 118.04653846153846 -52.18734221254042 0
    endloop
  endfacet
  facet normal 0 0 -1
    outer loop
      vertex 118.04653846153846 -52.18734221254042 0
      vertex 118.48002888585276 22.519971114147232 0
      vertex 118.27418449871749 -52.33945043159043 0
    endloop
  endfacet
  facet normal 0 0 -1
    outer loop
      vertex 118.27418449871749 -52.33945043159043 0
      vertex 118.48002888585276 22.519971114147232 0
      vertex 118.48002888585276 -52.51997111414723 0
    endloop
  endfacet
  facet normal 0 0 -1
    outer loop
      vertex 118.66054956840958 -52.72581550128252 0
      vertex 118.48002888585276 -52.51997111414723 0
      vertex 118.66054956840958 22.72581550128252 0
    endloop
  endfacet
  facet normal 0 0 -1
    outer loop
      vertex 118.81265778745959 -52.95346153846154 0
      vertex 118.66054956840958 -52.72581550128252 0
      vertex 118.81265778745959 22.95346153846154 0
    endloop
  endfacet
  facet normal 0 0 -1
    outer loop
      vertex 118.93375092920247 -53.19901413887276 0
      vertex 118.81265778745959 -52.95346153846154 0
      vertex 118.93375092920247 23.199014138872762 0
    endloop
  endfacet
  facet normal 0 0 -1
    outer loop
      vertex 119 -53.394177608081705 0
      vertex 118.93375092920247 -53.19901413887276 0
      vertex 119 23.3941776080817 0
    endloop
  endfacet
  facet normal 1 0 0
    outer loop
      vertex 119 -56 2.6
      vertex 119 -53.394177608081705 0
      vertex 119 23.3941776080817 0
    endloop
  endfacet
  facet normal 0 0 1
    outer loop
      vertex 98 -49 2.6
      vertex 110 -49 2.6
      vertex 110 -45 2.6
    endloop
  endfacet
  facet normal 0 0 1
    outer loop
      vertex 98 -49 2.6
      vertex 115.81026616635143 -54.15663143066406 2.6
      vertex 110 -49 2.6
    endloop
  endfacet
  facet normal 0 0 1
    outer loop
      vertex 98 -49 2.6
      vertex 115.84088900845312 -54.31058285412303 2.6
      vertex 115.81026616635143 -54.15663143066406 2.6
    endloop
  endfacet
  facet normal 0 0 1
    outer loop
      vertex 98 -49 2.6
      vertex 115.89134456098645 -54.45922011883811 2.6
      vertex 115.84088900845312 -54.31058285412303 2.6
    endloop
  endfacet
  facet normal 0 0 1
    outer loop
      vertex 98 -49 2.6
      vertex 115.96076951545868 -54.6 2.6
      vertex 115.89134456098645 -54.45922011883811 2.6
    endloop
  endfacet
  facet normal 0 0 1
    outer loop
      vertex 98 -49 2.6
      vertex 116.04797599165052 -54.73051371481046 2.6
      vertex 115.96076951545868 -54.6 2.6
    endloop
  endfacet
  facet normal 0 0 1
    outer loop
      vertex 98 -49 2.6
      vertex 116.15147186257614 -54.848528137423855 2.6
      vertex 116.04797599165052 -54.73051371481046 2.6
    endloop
  endfacet
  facet normal 0 0 1
    outer loop
      vertex 98 -49 2.6
      vertex 116.26948628518953 -54.95202400834948 2.6
      vertex 116.15147186257614 -54.848528137423855 2.6
    endloop
  endfacet
  facet normal 0 0 1
    outer loop
      vertex 98 -49 2.6
      vertex 116.4 -55.03923048454133 2.6
      vertex 116.26948628518953 -54.95202400834948 2.6
    endloop
  endfacet
  facet normal 0 0 1
    outer loop
      vertex 98 -49 2.6
      vertex 116.5407798811619 -55.108655439013546 2.6
      vertex 116.4 -55.03923048454133 2.6
    endloop
  endfacet
  facet normal 0 0 1
    outer loop
      vertex 98 -49 2.6
      vertex 116.68941714587697 -55.15911099154688 2.6
      vertex 116.5407798811619 -55.108655439013546 2.6
    endloop
  endfacet
  facet normal 0 0 1
    outer loop
      vertex 98 -49 2.6
      vertex 119 -56 2.6
      vertex 116.68941714587697 -55.15911099154688 2.6
    endloop
  endfacet
  facet normal 0 0 1
    outer loop
      vertex 110 -45 2.6
      vertex 114 -45 2.6
      vertex 88.89134456098645 23.540779881161892 2.6
    endloop
  endfacet
  facet normal 0 0 1
    outer loop
      vertex 114 -45 2.6
      vertex 118.03923048454132 -53.4 2.6
      vertex 88.96076951545868 23.4 2.6
    endloop
  endfacet
  facet normal 0 0 1
    outer loop
      vertex 94 15 2.6
      vertex 118.03923048454132 -53.4 2.6
      vertex 118.10865543901355 -53.54077988116189 2.6
    endloop
  endfacet
  facet normal 0 0 1
    outer loop
      vertex 94 15 2.6
      vertex 118.10865543901355 -53.54077988116189 2.6
      vertex 119 -56 2.6
    endloop
  endfacet
  facet normal 0 0 1
    outer loop
      vertex 110 -49 2.6
      vertex 115.81026616635143 -54.15663143066406 2.6
      vertex 115.8 -54 2.6
    endloop
  endfacet
  facet normal 0 0 1
    outer loop
      vertex 110 -49 2.6
      vertex 115.8 -54 2.6
      vertex 115.81026616635143 -53.84336856933594 2.6
    endloop
  endfacet
  facet normal 0 0 1
    outer loop
      vertex 110 -49 2.6
      vertex 115.81026616635143 -53.84336856933594 2.6
      vertex 115.84088900845312 -53.68941714587697 2.6
    endloop
  endfacet
  facet normal 0 0 1
    outer loop
      vertex 110 -49 2.6
      vertex 115.84088900845312 -53.68941714587697 2.6
      vertex 115.89134456098645 -53.54077988116189 2.6
    endloop
  endfacet
  facet normal 0 0 1
    outer loop
      vertex 110 -49 2.6
      vertex 115.89134456098645 -53.54077988116189 2.6
      vertex 114 -49 2.6
    endloop
  endfacet
  facet normal 0 0 1
    outer loop
      vertex 114 -49 2.6
      vertex 115.89134456098645 -53.54077988116189 2.6
      vertex 115.96076951545868 -53.4 2.6
    endloop
  endfacet
  facet normal 0 0 1
    outer loop
      vertex 114 -49 2.6
      vertex 115.96076951545868 -53.4 2.6
      vertex 116.04797599165052 -53.26948628518954 2.6
    endloop
  endfacet
  facet normal 0 0 1
    outer loop
      vertex 114 -49 2.6
      vertex 116.04797599165052 -53.26948628518954 2.6
      vertex 116.15147186257614 -53.151471862576145 2.6
    endloop
  endfacet
  facet normal 0 0 1
    outer loop
      vertex 114 -49 2.6
      vertex 116.15147186257614 -53.151471862576145 2.6
      vertex 116.26948628518953 -53.04797599165052 2.6
    endloop
  endfacet
  facet normal 0 0 1
    outer loop
      vertex 114 -49 2.6
      vertex 116.26948628518953 -53.04797599165052 2.6
      vertex 116.4 -52.96076951545867 2.6
    endloop
  endfacet
  facet normal 0 0 1
    outer loop
      vertex 114 -49 2.6
      vertex 116.4 -52.96076951545867 2.6
      vertex 116.5407798811619 -52.891344560986454 2.6
    endloop
  endfacet
  facet normal 0 0 1
    outer loop
      vertex 114 -49 2.6
      vertex 116.5407798811619 -52.891344560986454 2.6
      vertex 116.68941714587697 -52.84088900845312 2.6
    endloop
  endfacet
  facet normal 0 0 1
    outer loop
      vertex 114 -49 2.6
      vertex 116.68941714587697 -52.84088900845312 2.6
      vertex 116.84336856933594 -52.810266166351425 2.6
    endloop
  endfacet
  facet normal 0 0 1
    outer loop
      vertex 114 -49 2.6
      vertex 116.84336856933594 -52.810266166351425 2.6
      vertex 117 -52.8 2.6
    endloop
  endfacet
  facet normal 0 0 1
    outer loop
      vertex 114 -49 2.6
      vertex 117 -52.8 2.6
      vertex 117.15663143066406 -52.810266166351425 2.6
    endloop
  endfacet
  facet normal 0 0 1
    outer loop
      vertex 114 -49 2.6
      vertex 117.15663143066406 -52.810266166351425 2.6
      vertex 117.31058285412303 -52.84088900845312 2.6
    endloop
  endfacet
  facet normal 0 0 1
    outer loop
      vertex 114 -49 2.6
      vertex 117.31058285412303 -52.84088900845312 2.6
      vertex 117.4592201188381 -52.891344560986454 2.6
    endloop
  endfacet
  facet normal 0 0 1
    outer loop
      vertex 114 -49 2.6
      vertex 117.4592201188381 -52.891344560986454 2.6
      vertex 117.6 -52.96076951545867 2.6
    endloop
  endfacet
  facet normal 0 0 1
    outer loop
      vertex 114 -49 2.6
      vertex 117.6 -52.96076951545867 2.6
      vertex 117.73051371481047 -53.04797599165052 2.6
    endloop
  endfacet
  facet normal 0 0 1
    outer loop
      vertex 114 -49 2.6
      vertex 117.73051371481047 -53.04797599165052 2.6
      vertex 114 -45 2.6
    endloop
  endfacet
  facet normal 0 0 1
    outer loop
      vertex 114 -45 2.6
      vertex 117.73051371481047 -53.04797599165052 2.6
      vertex 117.84852813742386 -53.151471862576145 2.6
    endloop
  endfacet
  facet normal 0 0 1
    outer loop
      vertex 114 -45 2.6
      vertex 117.95202400834948 -53.26948628518954 2.6
      vertex 118.03923048454132 -53.4 2.6
    endloop
  endfacet
  facet normal 0 0 1
    outer loop
      vertex 114 -45 2.6
      vertex 117.84852813742386 -53.151471862576145 2.6
      vertex 117.95202400834948 -53.26948628518954 2.6
    endloop
  endfacet
  facet normal 0 0 1
    outer loop
      vertex 119 -56 2.6
      vertex 116.84336856933594 -55.189733833648575 2.6
      vertex 116.68941714587697 -55.15911099154688 2.6
    endloop
  endfacet
  facet normal 0 0 1
    outer loop
      vertex 119 -56 2.6
      vertex 117 -55.2 2.6
      vertex 116.84336856933594 -55.189733833648575 2.6
    endloop
  endfacet
  facet normal 0 0 1
    outer loop
      vertex 119 -56 2.6
      vertex 117.15663143066406 -55.189733833648575 2.6
      vertex 117 -55.2 2.6
    endloop
  endfacet
  facet normal 0 0 1
    outer loop
      vertex 119 -56 2.6
      vertex 117.31058285412303 -55.15911099154688 2.6
      vertex 117.15663143066406 -55.189733833648575 2.6
    endloop
  endfacet
  facet normal 0 0 1
    outer loop
      vertex 119 -56 2.6
      vertex 117.4592201188381 -55.108655439013546 2.6
      vertex 117.31058285412303 -55.15911099154688 2.6
    endloop
  endfacet
  facet normal 0 0 1
    outer loop
      vertex 119 -56 2.6
      vertex 117.6 -55.03923048454133 2.6
      vertex 117.4592201188381 -55.108655439013546 2.6
    endloop
  endfacet
  facet normal 0 0 1
    outer loop
      vertex 119 -56 2.6
      vertex 117.73051371481047 -54.95202400834948 2.6
      vertex 117.6 -55.03923048454133 2.6
    endloop
  endfacet
  facet normal 0 0 1
    outer loop
      vertex 119 -56 2.6
      vertex 117.84852813742386 -54.848528137423855 2.6
      vertex 117.73051371481047 -54.95202400834948 2.6
    endloop
  endfacet
  facet normal 0 0 1
    outer loop
      vertex 119 -56 2.6
      vertex 117.95202400834948 -54.73051371481046 2.6
      vertex 117.84852813742386 -54.848528137423855 2.6
    endloop
  endfacet
  facet normal 0 0 1
    outer loop
      vertex 119 -56 2.6
      vertex 118.03923048454132 -54.6 2.6
      vertex 117.95202400834948 -54.73051371481046 2.6
    endloop
  endfacet
  facet normal 0 0 1
    outer loop
      vertex 119 -56 2.6
      vertex 118.10865543901355 -54.45922011883811 2.6
      vertex 118.03923048454132 -54.6 2.6
    endloop
  endfacet
  facet normal 0 0 1
    outer loop
      vertex 119 -56 2.6
      vertex 118.15911099154688 -54.31058285412303 2.6
      vertex 118.10865543901355 -54.45922011883811 2.6
    endloop
  endfacet
  facet normal 0 0 1
    outer loop
      vertex 119 -56 2.6
      vertex 118.18973383364857 -54.15663143066406 2.6
      vertex 118.15911099154688 -54.31058285412303 2.6
    endloop
  endfacet
  facet normal 0 0 1
    outer loop
      vertex 119 -56 2.6
      vertex 118.2 -54 2.6
      vertex 118.18973383364857 -54.15663143066406 2.6
    endloop
  endfacet
  facet normal 0 0 1
    outer loop
      vertex 119 -56 2.6
      vertex 118.10865543901355 -53.54077988116189 2.6
      vertex 118.15911099154688 -53.68941714587697 2.6
    endloop
  endfacet
  facet normal 0 0 1
    outer loop
      vertex 119 -56 2.6
      vertex 118.15911099154688 -53.68941714587697 2.6
      vertex 118.18973383364857 -53.84336856933594 2.6
    endloop
  endfacet
  facet normal 0 0 1
    outer loop
      vertex 119 -56 2.6
      vertex 118.18973383364857 -53.84336856933594 2.6
      vertex 118.2 -54 2.6
    endloop
  endfacet
  facet normal 0 0 -1
    outer loop
      vertex 89.4582718294431 -51.97824294359034 0
      vertex 115.95346153846154 22.187342212540415 0
      vertex 116.19901413887276 22.06624907079753 0
    endloop
  endfacet
  facet normal 0 0 -1
    outer loop
      vertex 89.4582718294431 -51.97824294359034 0
      vertex 116.19901413887276 22.06624907079753 0
      vertex 116.4582718294431 21.97824294359034 0
    endloop
  endfacet
  facet normal 0 0 -1
    outer loop
      vertex 89.4582718294431 -51.97824294359034 0
      vertex 116.4582718294431 21.97824294359034 0
      vertex 116.7267986392071 21.924829640155277 0
    endloop
  endfacet
  facet normal 0 0 -1
    outer loop
      vertex 89.4582718294431 -51.97824294359034 0
      vertex 116.7267986392071 21.924829640155277 0
      vertex 117 21.906923076923075 0
    endloop
  endfacet
  facet normal 0 0 -1
    outer loop
      vertex 89.4582718294431 -51.97824294359034 0
      vertex 117 21.906923076923075 0
      vertex 117.2732013607929 21.924829640155277 0
    endloop
  endfacet
  facet normal 0 0 -1
    outer loop
      vertex 89.4582718294431 -51.97824294359034 0
      vertex 117.2732013607929 21.924829640155277 0
      vertex 117.5417281705569 21.97824294359034 0
    endloop
  endfacet
  facet normal 0 0 -1
    outer loop
      vertex 92.02175705640965 23.45827182944311 0
      vertex 114.97824294359035 23.45827182944311 0
      vertex 115.06624907079753 23.199014138872762 0
    endloop
  endfacet
  facet normal 0 0 -1
    outer loop
      vertex 92.07517035984472 23.726798639207107 0
      vertex 114.92482964015528 23.726798639207107 0
      vertex 114.97824294359035 23.45827182944311 0
    endloop
  endfacet
  facet normal 0 0 -1
    outer loop
      vertex 92.09307692307692 24 0
      vertex 114.90692307692308 24 0
      vertex 114.92482964015528 23.726798639207107 0
    endloop
  endfacet
  facet normal 0 0 -1
    outer loop
      vertex 92.07517035984472 24.273201360792893 0
      vertex 114.92482964015528 24.273201360792893 0
      vertex 114.90692307692308 24 0
    endloop
  endfacet
  facet normal 0 0 -1
    outer loop
      vertex 92.02175705640965 24.54172817055689 0
      vertex 114.97824294359035 24.54172817055689 0
      vertex 114.92482964015528 24.273201360792893 0
    endloop
  endfacet
  facet normal 0 0 -1
    outer loop
      vertex 91.93375092920247 24.800985861127238 0
      vertex 115.06624907079753 24.800985861127238 0
      vertex 114.97824294359035 24.54172817055689 0
    endloop
  endfacet
  facet normal 0 0 -1
    outer loop
      vertex 91.81265778745959 25.04653846153846 0
      vertex 115.18734221254041 25.04653846153846 0
      vertex 115.06624907079753 24.800985861127238 0
    endloop
  endfacet
  facet normal 0 1 0
    outer loop
      vertex 88 26 2.6
      vertex 116.73669500482521 26 0.10951633610178088
      vertex 116.46410161513775 26 0.03253547881531583
    endloop
  endfacet
  facet normal 0 1 0
    outer loop
      vertex 88 26 2.6
      vertex 117 26 0.13444444444444614
      vertex 116.73669500482521 26 0.10951633610178088
    endloop
  endfacet
  facet normal 0 0 -1
    outer loop
      vertex 91.48002888585276 22.519971114147232 0
      vertex 115.51997111414724 22.519971114147232 0
      vertex 115.72581550128251 22.33945043159042 0
    endloop
  endfacet
  facet normal 0 0 -1
    outer loop
      vertex 91.66054956840958 22.72581550128252 0
      vertex 115.33945043159042 22.72581550128252 0
      vertex 115.51997111414724 22.519971114147232 0
    endloop
  endfacet
  facet normal 0 0 -1
    outer loop
      vertex 91.93375092920247 23.199014138872762 0
      vertex 115.06624907079753 23.199014138872762 0
      vertex 115.18734221254041 22.95346153846154 0
    endloop
  endfacet
  facet normal 0 0 -1
    outer loop
      vertex 91.81265778745959 22.95346153846154 0
      vertex 115.18734221254041 22.95346153846154 0
      vertex 115.33945043159042 22.72581550128252 0
    endloop
  endfacet
  facet normal 0 0 -1
    outer loop
      vertex 91.27418449871749 22.33945043159042 0
      vertex 115.72581550128251 22.33945043159042 0
      vertex 115.95346153846154 22.187342212540415 0
    endloop
  endfacet
  facet normal 0 0 -1
    outer loop
      vertex 91.66054956840958 25.27418449871748 0
      vertex 115.33945043159042 25.27418449871748 0
      vertex 115.18734221254041 25.04653846153846 0
    endloop
  endfacet
  facet normal 0 0 -1
    outer loop
      vertex 91.48002888585276 25.480028885852768 0
      vertex 115.51997111414724 25.480028885852768 0
      vertex 115.33945043159042 25.27418449871748 0
    endloop
  endfacet
  facet normal 0 0 -1
    outer loop
      vertex 91.27418449871749 25.66054956840958 0
      vertex 115.72581550128251 25.66054956840958 0
      vertex 115.51997111414724 25.480028885852768 0
    endloop
  endfacet
  facet normal 0 0 -1
    outer loop
      vertex 91.04653846153846 25.812657787459585 0
      vertex 115.95346153846154 25.812657787459585 0
      vertex 115.72581550128251 25.66054956840958 0
    endloop
  endfacet
  facet normal 0 0 -1
    outer loop
      vertex 90.80098586112724 25.93375092920247 0
      vertex 116.19901413887276 25.93375092920247 0
      vertex 115.95346153846154 25.812657787459585 0
    endloop
  endfacet
  facet normal 0 0 -1
    outer loop
      vertex 116.39417760808172 26 0
      vertex 116.19901413887276 25.93375092920247 0
      vertex 90.80098586112724 25.93375092920247 0
    endloop
  endfacet
  facet normal 0 1 0
    outer loop
      vertex 90.53589838486225 26 0.03253547881531583
      vertex 116.46410161513775 26 0.03253547881531583
      vertex 116.39417760808172 26 0
    endloop
  endfacet
  facet normal 0 1 0
    outer loop
      vertex 88 26 2.6
      vertex 119 26 0
      vertex 117 26 0.13444444444444614
    endloop
  endfacet
  facet normal 0 1 0
    outer loop
      vertex 88 26 2.6
      vertex 119 26 2.6
      vertex 119 26 0
    endloop
  endfacet
  facet normal 0 0 -1
    outer loop
      vertex 117 -51.90692307692308 0
      vertex 117.5417281705569 21.97824294359034 0
      vertex 117.80098586112724 22.06624907079753 0
    endloop
  endfacet
  facet normal 0 0 -1
    outer loop
      vertex 117.5417281705569 -51.97824294359034 0
      vertex 117.80098586112724 22.06624907079753 0
      vertex 118.04653846153846 22.18734221254042 0
    endloop
  endfacet
  facet normal 0 0 -1
    outer loop
      vertex 117.80098586112724 -52.066249070797525 0
      vertex 118.04653846153846 22.18734221254042 0
      vertex 118.27418449871749 22.33945043159042 0
    endloop
  endfacet
  facet normal 0 0 -1
    outer loop
      vertex 118.04653846153846 -52.18734221254042 0
      vertex 118.27418449871749 22.33945043159042 0
      vertex 118.48002888585276 22.519971114147232 0
    endloop
  endfacet
  facet normal 0 0 -1
    outer loop
      vertex 118.48002888585276 -52.51997111414723 0
      vertex 118.48002888585276 22.519971114147232 0
      vertex 118.66054956840958 22.72581550128252 0
    endloop
  endfacet
  facet normal 0 0 -1
    outer loop
      vertex 118.66054956840958 -52.72581550128252 0
      vertex 118.66054956840958 22.72581550128252 0
      vertex 118.81265778745959 22.95346153846154 0
    endloop
  endfacet
  facet normal 0 0 -1
    outer loop
      vertex 118.81265778745959 -52.95346153846154 0
      vertex 118.81265778745959 22.95346153846154 0
      vertex 118.93375092920247 23.199014138872762 0
    endloop
  endfacet
  facet normal 0 0 -1
    outer loop
      vertex 119 23.3941776080817 0
      vertex 118.93375092920247 -53.19901413887276 0
      vertex 118.93375092920247 23.199014138872762 0
    endloop
  endfacet
  facet normal 1 0 0
    outer loop
      vertex 119 -56 2.6
      vertex 119 23.3941776080817 0
      vertex 119 23.464101615137757 0.03253547881532097
    endloop
  endfacet
  facet normal 1 0 0
    outer loop
      vertex 119 -56 2.6
      vertex 119 23.464101615137757 0.03253547881532097
      vertex 119 23.736695004825208 0.10951633610178606
    endloop
  endfacet
  facet normal 1 0 0
    outer loop
      vertex 119 -56 2.6
      vertex 119 23.736695004825208 0.10951633610178606
      vertex 119 26 2.6
    endloop
  endfacet
  facet normal 0 1 0
    outer loop
      vertex 119 26 0
      vertex 117.53589838486225 26 0.03253547881531583
      vertex 117.26330499517479 26 0.10951633610178088
    endloop
  endfacet
  facet normal 0 1 0
    outer loop
      vertex 119 26 0
      vertex 117.26330499517479 26 0.10951633610178088
      vertex 117 26 0.13444444444444614
    endloop
  endfacet
  facet normal 0 1 0
    outer loop
      vertex 119 26 0
      vertex 117.60582239191828 26 0
      vertex 117.53589838486225 26 0.03253547881531583
    endloop
  endfacet
  facet normal 0 0 -1
    outer loop
      vertex 119 26 0
      vertex 117.80098586112724 25.93375092920247 0
      vertex 117.60582239191828 26 0
    endloop
  endfacet
  facet normal 0 0 -1
    outer loop
      vertex 119 26 0
      vertex 118.04653846153846 25.812657787459585 0
      vertex 117.80098586112724 25.93375092920247 0
    endloop
  endfacet
  facet normal 0 0 -1
    outer loop
      vertex 119 26 0
      vertex 118.27418449871749 25.66054956840958 0
      vertex 118.04653846153846 25.812657787459585 0
    endloop
  endfacet
  facet normal 0 0 -1
    outer loop
      vertex 119 26 0
      vertex 118.48002888585276 25.480028885852768 0
      vertex 118.27418449871749 25.66054956840958 0
    endloop
  endfacet
  facet normal 0 0 -1
    outer loop
      vertex 119 26 0
      vertex 118.66054956840958 25.27418449871748 0
      vertex 118.48002888585276 25.480028885852768 0
    endloop
  endfacet
  facet normal 0 0 -1
    outer loop
      vertex 119 26 0
      vertex 118.93375092920247 24.800985861127238 0
      vertex 118.81265778745959 25.04653846153846 0
    endloop
  endfacet
  facet normal 0 0 -1
    outer loop
      vertex 119 26 0
      vertex 119 24.6058223919183 0
      vertex 118.93375092920247 24.800985861127238 0
    endloop
  endfacet
  facet normal 1 0 0
    outer loop
      vertex 119 26 0
      vertex 119 24.535898384862243 0.03253547881532097
      vertex 119 24.6058223919183 0
    endloop
  endfacet
  facet normal 0 0 -1
    outer loop
      vertex 119 26 0
      vertex 118.81265778745959 25.04653846153846 0
      vertex 118.66054956840958 25.27418449871748 0
    endloop
  endfacet
  facet normal 1 0 0
    outer loop
      vertex 119 26 2.6
      vertex 119 24.263304995174792 0.10951633610178606
      vertex 119 24.535898384862243 0.03253547881532097
    endloop
  endfacet
  facet normal 1 0 0
    outer loop
      vertex 119 26 0
      vertex 119 26 2.6
      vertex 119 24.535898384862243 0.03253547881532097
    endloop
  endfacet
  facet normal 1 0 0
    outer loop
      vertex 119 26 2.6
      vertex 119 23.736695004825208 0.10951633610178606
      vertex 119 24 0.1344444444444376
    endloop
  endfacet
  facet normal 1 0 0
    outer loop
      vertex 119 26 2.6
      vertex 119 24 0.1344444444444376
      vertex 119 24.263304995174792 0.10951633610178606
    endloop
  endfacet
  facet normal 0 0 1
    outer loop
      vertex 94 15 2.6
      vertex 119 -56 2.6
      vertex 98 15 2.6
    endloop
  endfacet
  facet normal 0 0 1
    outer loop
      vertex 98 15 2.6
      vertex 119 -56 2.6
      vertex 110 15 2.6
    endloop
  endfacet
  facet normal 0 0 1
    outer loop
      vertex 98 15 2.6
      vertex 110 15 2.6
      vertex 110 19 2.6
    endloop
  endfacet
  facet normal 0 0 1
    outer loop
      vertex 98 19 2.6
      vertex 110 19 2.6
      vertex 115.81026616635143 24.156631430664063 2.6
    endloop
  endfacet
  facet normal 0 0 1
    outer loop
      vertex 98 19 2.6
      vertex 115.81026616635143 24.156631430664063 2.6
      vertex 115.84088900845312 24.310582854123027 2.6
    endloop
  endfacet
  facet normal 0 0 1
    outer loop
      vertex 98 19 2.6
      vertex 115.84088900845312 24.310582854123027 2.6
      vertex 115.89134456098645 24.459220118838108 2.6
    endloop
  endfacet
  facet normal 0 0 1
    outer loop
      vertex 98 19 2.6
      vertex 115.89134456098645 24.459220118838108 2.6
      vertex 115.96076951545868 24.6 2.6
    endloop
  endfacet
  facet normal 0 0 1
    outer loop
      vertex 98 19 2.6
      vertex 115.96076951545868 24.6 2.6
      vertex 116.04797599165052 24.730513714810463 2.6
    endloop
  endfacet
  facet normal 0 0 1
    outer loop
      vertex 98 19 2.6
      vertex 116.04797599165052 24.730513714810463 2.6
      vertex 116.15147186257614 24.848528137423855 2.6
    endloop
  endfacet
  facet normal 0 0 1
    outer loop
      vertex 98 19 2.6
      vertex 116.15147186257614 24.848528137423855 2.6
      vertex 116.26948628518953 24.952024008349483 2.6
    endloop
  endfacet
  facet normal 0 0 1
    outer loop
      vertex 98 19 2.6
      vertex 116.26948628518953 24.952024008349483 2.6
      vertex 116.4 25.039230484541328 2.6
    endloop
  endfacet
  facet normal 0 0 1
    outer loop
      vertex 98 19 2.6
      vertex 116.4 25.039230484541328 2.6
      vertex 116.5407798811619 25.108655439013543 2.6
    endloop
  endfacet
  facet normal 0 0 1
    outer loop
      vertex 98 19 2.6
      vertex 116.5407798811619 25.108655439013543 2.6
      vertex 116.68941714587697 25.159110991546882 2.6
    endloop
  endfacet
  facet normal 0 0 1
    outer loop
      vertex 98 19 2.6
      vertex 116.68941714587697 25.159110991546882 2.6
      vertex 119 26 2.6
    endloop
  endfacet
  facet normal 0 0 1
    outer loop
      vertex 119 -56 2.6
      vertex 114 15 2.6
      vertex 110 15 2.6
    endloop
  endfacet
  facet normal 0 0 1
    outer loop
      vertex 119 -56 2.6
      vertex 114 19 2.6
      vertex 114 15 2.6
    endloop
  endfacet
  facet normal 0 0 1
    outer loop
      vertex 119 -56 2.6
      vertex 117.15663143066406 22.81026616635143 2.6
      vertex 114 19 2.6
    endloop
  endfacet
  facet normal 0 0 1
    outer loop
      vertex 119 -56 2.6
      vertex 117.31058285412303 22.840889008453118 2.6
      vertex 117.15663143066406 22.81026616635143 2.6
    endloop
  endfacet
  facet normal 0 0 1
    outer loop
      vertex 119 -56 2.6
      vertex 117.4592201188381 22.891344560986457 2.6
      vertex 117.31058285412303 22.840889008453118 2.6
    endloop
  endfacet
  facet normal 0 0 1
    outer loop
      vertex 119 -56 2.6
      vertex 117.6 22.960769515458672 2.6
      vertex 117.4592201188381 22.891344560986457 2.6
    endloop
  endfacet
  facet normal 0 0 1
    outer loop
      vertex 119 -56 2.6
      vertex 117.73051371481047 23.047975991650517 2.6
      vertex 117.6 22.960769515458672 2.6
    endloop
  endfacet
  facet normal 0 0 1
    outer loop
      vertex 119 -56 2.6
      vertex 117.84852813742386 23.151471862576145 2.6
      vertex 117.73051371481047 23.047975991650517 2.6
    endloop
  endfacet
  facet normal 0 0 1
    outer loop
      vertex 119 -56 2.6
      vertex 117.95202400834948 23.269486285189537 2.6
      vertex 117.84852813742386 23.151471862576145 2.6
    endloop
  endfacet
  facet normal 0 0 1
    outer loop
      vertex 119 -56 2.6
      vertex 118.03923048454132 23.4 2.6
      vertex 117.95202400834948 23.269486285189537 2.6
    endloop
  endfacet
  facet normal 0 0 1
    outer loop
      vertex 119 -56 2.6
      vertex 118.10865543901355 23.540779881161892 2.6
      vertex 118.03923048454132 23.4 2.6
    endloop
  endfacet
  facet normal 0 0 1
    outer loop
      vertex 119 -56 2.6
      vertex 118.15911099154688 23.689417145876973 2.6
      vertex 118.10865543901355 23.540779881161892 2.6
    endloop
  endfacet
  facet normal 0 0 1
    outer loop
      vertex 119 -56 2.6
      vertex 118.18973383364857 23.843368569335937 2.6
      vertex 118.15911099154688 23.689417145876973 2.6
    endloop
  endfacet
  facet normal 0 0 1
    outer loop
      vertex 119 -56 2.6
      vertex 118.2 24 2.6
      vertex 118.18973383364857 23.843368569335937 2.6
    endloop
  endfacet
  facet normal 0 0 1
    outer loop
      vertex 119 -56 2.6
      vertex 119 26 2.6
      vertex 118.2 24 2.6
    endloop
  endfacet
  facet normal 0 0 1
    outer loop
      vertex 110 19 2.6
      vertex 114 19 2.6
      vertex 115.84088900845312 23.689417145876973 2.6
    endloop
  endfacet
  facet normal 0 0 1
    outer loop
      vertex 110 19 2.6
      vertex 115.84088900845312 23.689417145876973 2.6
      vertex 115.81026616635143 23.843368569335937 2.6
    endloop
  endfacet
  facet normal 0 0 1
    outer loop
      vertex 110 19 2.6
      vertex 115.81026616635143 23.843368569335937 2.6
      vertex 115.8 24 2.6
    endloop
  endfacet
  facet normal 0 0 1
    outer loop
      vertex 110 19 2.6
      vertex 115.8 24 2.6
      vertex 115.81026616635143 24.156631430664063 2.6
    endloop
  endfacet
  facet normal 0 0 1
    outer loop
      vertex 114 19 2.6
      vertex 115.89134456098645 23.540779881161892 2.6
      vertex 115.84088900845312 23.689417145876973 2.6
    endloop
  endfacet
  facet normal 0 0 1
    outer loop
      vertex 114 19 2.6
      vertex 115.96076951545868 23.4 2.6
      vertex 115.89134456098645 23.540779881161892 2.6
    endloop
  endfacet
  facet normal 0 0 1
    outer loop
      vertex 114 19 2.6
      vertex 116.04797599165052 23.269486285189537 2.6
      vertex 115.96076951545868 23.4 2.6
    endloop
  endfacet
  facet normal 0 0 1
    outer loop
      vertex 114 19 2.6
      vertex 116.15147186257614 23.151471862576145 2.6
      vertex 116.04797599165052 23.269486285189537 2.6
    endloop
  endfacet
  facet normal 0 0 1
    outer loop
      vertex 114 19 2.6
      vertex 116.26948628518953 23.047975991650517 2.6
      vertex 116.15147186257614 23.151471862576145 2.6
    endloop
  endfacet
  facet normal 0 0 1
    outer loop
      vertex 114 19 2.6
      vertex 116.4 22.960769515458672 2.6
      vertex 116.26948628518953 23.047975991650517 2.6
    endloop
  endfacet
  facet normal 0 0 1
    outer loop
      vertex 114 19 2.6
      vertex 116.5407798811619 22.891344560986457 2.6
      vertex 116.4 22.960769515458672 2.6
    endloop
  endfacet
  facet normal 0 0 1
    outer loop
      vertex 114 19 2.6
      vertex 116.68941714587697 22.840889008453118 2.6
      vertex 116.5407798811619 22.891344560986457 2.6
    endloop
  endfacet
  facet normal 0 0 1
    outer loop
      vertex 114 19 2.6
      vertex 116.84336856933594 22.81026616635143 2.6
      vertex 116.68941714587697 22.840889008453118 2.6
    endloop
  endfacet
  facet normal 0 0 1
    outer loop
      vertex 114 19 2.6
      vertex 117 22.8 2.6
      vertex 116.84336856933594 22.81026616635143 2.6
    endloop
  endfacet
  facet normal 0 0 1
    outer loop
      vertex 114 19 2.6
      vertex 117.15663143066406 22.81026616635143 2.6
      vertex 117 22.8 2.6
    endloop
  endfacet
  facet normal 0 0 1
    outer loop
      vertex 119 26 2.6
      vertex 116.68941714587697 25.159110991546882 2.6
      vertex 116.84336856933594 25.18973383364857 2.6
    endloop
  endfacet
  facet normal 0 0 1
    outer loop
      vertex 119 26 2.6
      vertex 116.84336856933594 25.18973383364857 2.6
      vertex 117 25.2 2.6
    endloop
  endfacet
  facet normal 0 0 1
    outer loop
      vertex 119 26 2.6
      vertex 117 25.2 2.6
      vertex 117.15663143066406 25.18973383364857 2.6
    endloop
  endfacet
  facet normal 0 0 1
    outer loop
      vertex 119 26 2.6
      vertex 117.15663143066406 25.18973383364857 2.6
      vertex 117.31058285412303 25.159110991546882 2.6
    endloop
  endfacet
  facet normal 0 0 1
    outer loop
      vertex 119 26 2.6
      vertex 117.31058285412303 25.159110991546882 2.6
      vertex 117.4592201188381 25.108655439013543 2.6
    endloop
  endfacet
  facet normal 0 0 1
    outer loop
      vertex 119 26 2.6
      vertex 117.4592201188381 25.108655439013543 2.6
      vertex 117.6 25.039230484541328 2.6
    endloop
  endfacet
  facet normal 0 0 1
    outer loop
      vertex 119 26 2.6
      vertex 117.6 25.039230484541328 2.6
      vertex 117.73051371481047 24.952024008349483 2.6
    endloop
  endfacet
  facet normal 0 0 1
    outer loop
      vertex 119 26 2.6
      vertex 117.73051371481047 24.952024008349483 2.6
      vertex 117.84852813742386 24.848528137423855 2.6
    endloop
  endfacet
  facet normal 0 0 1
    outer loop
      vertex 119 26 2.6
      vertex 117.84852813742386 24.848528137423855 2.6
      vertex 117.95202400834948 24.730513714810463 2.6
    endloop
  endfacet
  facet normal 0 0 1
    outer loop
      vertex 119 26 2.6
      vertex 118.03923048454132 24.6 2.6
      vertex 118.10865543901355 24.459220118838108 2.6
    endloop
  endfacet
  facet normal 0 0 1
    outer loop
      vertex 119 26 2.6
      vertex 117.95202400834948 24.730513714810463 2.6
      vertex 118.03923048454132 24.6 2.6
    endloop
  endfacet
  facet normal 0 0 1
    outer loop
      vertex 119 26 2.6
      vertex 118.15911099154688 24.310582854123027 2.6
      vertex 118.18973383364857 24.156631430664063 2.6
    endloop
  endfacet
  facet normal 0 0 1
    outer loop
      vertex 119 26 2.6
      vertex 118.10865543901355 24.459220118838108 2.6
      vertex 118.15911099154688 24.310582854123027 2.6
    endloop
  endfacet
  facet normal 0 0 1
    outer loop
      vertex 119 26 2.6
      vertex 118.18973383364857 24.156631430664063 2.6
      vertex 118.2 24 2.6
    endloop
  endfacet
  facet normal 0.9807852804032281 0.19509032201614018 0
    outer loop
      vertex 88.84088900845312 -54.31058285412303 1.29
      vertex 88.81026616635143 -54.15663143066406 1.29
      vertex 88.81026616635143 -54.15663143066406 2.6
    endloop
  endfacet
  facet normal 0.8968727415326665 0.44228869021904554 0
    outer loop
      vertex 88.96076951545868 -54.6 1.29
      vertex 88.89134456098645 -54.45922011883811 1.29
      vertex 88.89134456098645 -54.45922011883811 2.6
    endloop
  endfacet
  facet normal 0.9469301294951105 0.3214394653031473 0
    outer loop
      vertex 88.84088900845312 -54.31058285412303 1.29
      vertex 88.84088900845312 -54.31058285412303 2.6
      vertex 88.89134456098645 -54.45922011883811 1.29
    endloop
  endfacet
  facet normal 0.9978589232386033 0.06540312923014742 0
    outer loop
      vertex 88.81026616635143 -54.15663143066406 1.29
      vertex 88.8 -54 1.29
      vertex 88.8 -54 2.6
    endloop
  endfacet
  facet normal 0.9978589232386033 -0.06540312923014742 0
    outer loop
      vertex 88.8 -54 1.29
      vertex 88.81026616635143 -53.84336856933594 1.29
      vertex 88.81026616635143 -53.84336856933594 2.6
    endloop
  endfacet
  facet normal 0.9807852804032281 -0.19509032201614018 0
    outer loop
      vertex 88.81026616635143 -53.84336856933594 1.29
      vertex 88.84088900845312 -53.68941714587697 1.29
      vertex 88.84088900845312 -53.68941714587697 2.6
    endloop
  endfacet
  facet normal 0.9469301294951105 -0.3214394653031473 0
    outer loop
      vertex 88.84088900845312 -53.68941714587697 1.29
      vertex 88.89134456098645 -53.54077988116189 1.29
      vertex 88.89134456098645 -53.54077988116189 2.6
    endloop
  endfacet
  facet normal 0.8968727415326665 -0.44228869021904554 0
    outer loop
      vertex 88.89134456098645 -53.54077988116189 1.29
      vertex 88.96076951545868 -53.4 1.29
      vertex 88.96076951545868 -53.4 2.6
    endloop
  endfacet
  facet normal 0.7518398074789697 0.6593458151000776 0
    outer loop
      vertex 89.15147186257614 -54.848528137423855 1.29
      vertex 89.04797599165052 -54.73051371481046 1.29
      vertex 89.04797599165052 -54.73051371481046 2.6
    endloop
  endfacet
  facet normal 0.6593458151001 0.7518398074789501 0
    outer loop
      vertex 89.15147186257614 -54.848528137423855 1.29
      vertex 89.15147186257614 -54.848528137423855 2.6
      vertex 89.26948628518953 -54.95202400834948 1.29
    endloop
  endfacet
  facet normal 0.5555702330195729 0.8314696123025648 0
    outer loop
      vertex 89.26948628518953 -54.95202400834948 1.29
      vertex 89.26948628518953 -54.95202400834948 2.6
      vertex 89.4 -55.03923048454133 1.29
    endloop
  endfacet
  facet normal 0.4422886902190091 0.8968727415326844 0
    outer loop
      vertex 89.4 -55.03923048454133 1.29
      vertex 89.4 -55.03923048454133 2.6
      vertex 89.5407798811619 -55.108655439013546 1.29
    endloop
  endfacet
  facet normal 0.8314696123025579 0.5555702330195834 0
    outer loop
      vertex 88.96076951545868 -54.6 1.29
      vertex 88.96076951545868 -54.6 2.6
      vertex 89.04797599165052 -54.73051371481046 1.29
    endloop
  endfacet
  facet normal 0.3214394653031611 0.9469301294951058 0
    outer loop
      vertex 89.5407798811619 -55.108655439013546 1.29
      vertex 89.5407798811619 -55.108655439013546 2.6
      vertex 89.68941714587697 -55.15911099154688 1.29
    endloop
  endfacet
  facet normal 0.19509032201614018 0.9807852804032281 0
    outer loop
      vertex 89.68941714587697 -55.15911099154688 1.29
      vertex 89.68941714587697 -55.15911099154688 2.6
      vertex 89.84336856933594 -55.189733833648575 1.29
    endloop
  endfacet
  facet normal 0.06540312923014742 0.9978589232386033 0
    outer loop
      vertex 89.84336856933594 -55.189733833648575 1.29
      vertex 89.84336856933594 -55.189733833648575 2.6
      vertex 90 -55.2 1.29
    endloop
  endfacet
  facet normal 0.8314696123025579 -0.5555702330195834 0
    outer loop
      vertex 88.96076951545868 -53.4 1.29
      vertex 89.04797599165052 -53.26948628518954 1.29
      vertex 89.04797599165052 -53.26948628518954 2.6
    endloop
  endfacet
  facet normal 0.7518398074789697 -0.6593458151000776 0
    outer loop
      vertex 89.04797599165052 -53.26948628518954 1.29
      vertex 89.15147186257614 -53.151471862576145 1.29
      vertex 89.15147186257614 -53.151471862576145 2.6
    endloop
  endfacet
  facet normal 0.6593458151001 -0.7518398074789501 0
    outer loop
      vertex 89.15147186257614 -53.151471862576145 1.29
      vertex 89.26948628518953 -53.04797599165052 1.29
      vertex 89.26948628518953 -53.04797599165052 2.6
    endloop
  endfacet
  facet normal 0.5555702330195729 -0.8314696123025648 0
    outer loop
      vertex 89.26948628518953 -53.04797599165052 1.29
      vertex 89.4 -52.96076951545867 1.29
      vertex 89.4 -52.96076951545867 2.6
    endloop
  endfacet
  facet normal 0.4422886902190091 -0.8968727415326844 0
    outer loop
      vertex 89.4 -52.96076951545867 1.29
      vertex 89.5407798811619 -52.891344560986454 1.29
      vertex 89.5407798811619 -52.891344560986454 2.6
    endloop
  endfacet
  facet normal 0.3214394653031611 -0.9469301294951058 0
    outer loop
      vertex 89.5407798811619 -52.891344560986454 1.29
      vertex 89.68941714587697 -52.84088900845312 1.29
      vertex 89.68941714587697 -52.84088900845312 2.6
    endloop
  endfacet
  facet normal 0.19509032201614018 -0.9807852804032281 0
    outer loop
      vertex 89.68941714587697 -52.84088900845312 1.29
      vertex 89.84336856933594 -52.810266166351425 1.29
      vertex 89.84336856933594 -52.810266166351425 2.6
    endloop
  endfacet
  facet normal -0.06540312923014742 0.9978589232386033 0
    outer loop
      vertex 90 -55.2 1.29
      vertex 90 -55.2 2.6
      vertex 90.15663143066406 -55.189733833648575 1.29
    endloop
  endfacet
  facet normal -0.19509032201614018 0.9807852804032281 0
    outer loop
      vertex 90.15663143066406 -55.189733833648575 1.29
      vertex 90.15663143066406 -55.189733833648575 2.6
      vertex 90.31058285412303 -55.15911099154688 1.29
    endloop
  endfacet
  facet normal -0.3214394653031611 0.9469301294951058 0
    outer loop
      vertex 90.31058285412303 -55.15911099154688 1.29
      vertex 90.31058285412303 -55.15911099154688 2.6
      vertex 90.4592201188381 -55.108655439013546 1.29
    endloop
  endfacet
  facet normal -0.4422886902190091 0.8968727415326844 0
    outer loop
      vertex 90.4592201188381 -55.108655439013546 1.29
      vertex 90.4592201188381 -55.108655439013546 2.6
      vertex 90.6 -55.03923048454133 1.29
    endloop
  endfacet
  facet normal -0.5555702330195729 0.8314696123025648 0
    outer loop
      vertex 90.6 -55.03923048454133 1.29
      vertex 90.6 -55.03923048454133 2.6
      vertex 90.73051371481047 -54.95202400834948 1.29
    endloop
  endfacet
  facet normal -0.6593458151001 0.7518398074789501 0
    outer loop
      vertex 90.73051371481047 -54.95202400834948 1.29
      vertex 90.73051371481047 -54.95202400834948 2.6
      vertex 90.84852813742386 -54.848528137423855 1.29
    endloop
  endfacet
  facet normal -0.7518398074789697 0.6593458151000776 0
    outer loop
      vertex 90.84852813742386 -54.848528137423855 1.29
      vertex 90.84852813742386 -54.848528137423855 2.6
      vertex 90.95202400834948 -54.73051371481046 1.29
    endloop
  endfacet
  facet normal 0.06540312923014742 -0.9978589232386033 0
    outer loop
      vertex 89.84336856933594 -52.810266166351425 1.29
      vertex 90 -52.8 1.29
      vertex 90 -52.8 2.6
    endloop
  endfacet
  facet normal -0.06540312923014742 -0.9978589232386033 0
    outer loop
      vertex 90 -52.8 1.29
      vertex 90.15663143066406 -52.810266166351425 1.29
      vertex 90.15663143066406 -52.810266166351425 2.6
    endloop
  endfacet
  facet normal -0.19509032201614018 -0.9807852804032281 0
    outer loop
      vertex 90.15663143066406 -52.810266166351425 1.29
      vertex 90.31058285412303 -52.84088900845312 1.29
      vertex 90.31058285412303 -52.84088900845312 2.6
    endloop
  endfacet
  facet normal -0.3214394653031611 -0.9469301294951058 0
    outer loop
      vertex 90.31058285412303 -52.84088900845312 1.29
      vertex 90.4592201188381 -52.891344560986454 1.29
      vertex 90.4592201188381 -52.891344560986454 2.6
    endloop
  endfacet
  facet normal -0.4422886902190091 -0.8968727415326844 0
    outer loop
      vertex 90.4592201188381 -52.891344560986454 1.29
      vertex 90.6 -52.96076951545867 1.29
      vertex 90.6 -52.96076951545867 2.6
    endloop
  endfacet
  facet normal -0.5555702330195729 -0.8314696123025648 0
    outer loop
      vertex 90.6 -52.96076951545867 1.29
      vertex 90.73051371481047 -53.04797599165052 1.29
      vertex 90.73051371481047 -53.04797599165052 2.6
    endloop
  endfacet
  facet normal -0.6593458151001 -0.7518398074789501 0
    outer loop
      vertex 90.73051371481047 -53.04797599165052 1.29
      vertex 90.84852813742386 -53.151471862576145 1.29
      vertex 90.84852813742386 -53.151471862576145 2.6
    endloop
  endfacet
  facet normal -0.8314696123025579 0.5555702330195834 0
    outer loop
      vertex 90.95202400834948 -54.73051371481046 1.29
      vertex 90.95202400834948 -54.73051371481046 2.6
      vertex 91.03923048454132 -54.6 1.29
    endloop
  endfacet
  facet normal -0.8968727415326665 0.44228869021904554 0
    outer loop
      vertex 91.03923048454132 -54.6 1.29
      vertex 91.03923048454132 -54.6 2.6
      vertex 91.10865543901355 -54.45922011883811 1.29
    endloop
  endfacet
  facet normal -0.9469301294951105 0.3214394653031473 0
    outer loop
      vertex 91.10865543901355 -54.45922011883811 1.29
      vertex 91.10865543901355 -54.45922011883811 2.6
      vertex 91.15911099154688 -54.31058285412303 1.29
    endloop
  endfacet
  facet normal -0.8968727415326665 -0.44228869021904554 0
    outer loop
      vertex 91.10865543901355 -53.54077988116189 1.29
      vertex 91.10865543901355 -53.54077988116189 2.6
      vertex 91.03923048454132 -53.4 1.29
    endloop
  endfacet
  facet normal -0.9469301294951105 -0.3214394653031473 0
    outer loop
      vertex 91.10865543901355 -53.54077988116189 1.29
      vertex 91.15911099154688 -53.68941714587697 1.29
      vertex 91.15911099154688 -53.68941714587697 2.6
    endloop
  endfacet
  facet normal -0.9807852804032281 0.19509032201614018 0
    outer loop
      vertex 91.15911099154688 -54.31058285412303 1.29
      vertex 91.15911099154688 -54.31058285412303 2.6
      vertex 91.18973383364857 -54.15663143066406 1.29
    endloop
  endfacet
  facet normal -0.9978589232386033 0.06540312923014742 0
    outer loop
      vertex 91.18973383364857 -54.15663143066406 1.29
      vertex 91.18973383364857 -54.15663143066406 2.6
      vertex 91.2 -54 1.29
    endloop
  endfacet
  facet normal -0.9978589232386033 -0.06540312923014742 0
    outer loop
      vertex 91.18973383364857 -53.84336856933594 1.29
      vertex 91.2 -54 1.29
      vertex 91.2 -54 2.6
    endloop
  endfacet
  facet normal -0.9807852804032281 -0.19509032201614018 0
    outer loop
      vertex 91.18973383364857 -53.84336856933594 1.29
      vertex 91.18973383364857 -53.84336856933594 2.6
      vertex 91.15911099154688 -53.68941714587697 1.29
    endloop
  endfacet
  facet normal -0.7518398074789697 -0.6593458151000776 0
    outer loop
      vertex 90.84852813742386 -53.151471862576145 1.29
      vertex 90.95202400834948 -53.26948628518954 1.29
      vertex 90.95202400834948 -53.26948628518954 2.6
    endloop
  endfacet
  facet normal -0.8314696123025579 -0.5555702330195834 0
    outer loop
      vertex 90.95202400834948 -53.26948628518954 1.29
      vertex 91.03923048454132 -53.4 1.29
      vertex 91.03923048454132 -53.4 2.6
    endloop
  endfacet
  facet normal 0.9807852804032281 0.19509032201614018 0
    outer loop
      vertex 88.84088900845312 -54.31058285412303 1.29
      vertex 88.81026616635143 -54.15663143066406 2.6
      vertex 88.84088900845312 -54.31058285412303 2.6
    endloop
  endfacet
  facet normal 0.9978589232386033 0.06540312923014742 0
    outer loop
      vertex 88.81026616635143 -54.15663143066406 1.29
      vertex 88.8 -54 2.6
      vertex 88.81026616635143 -54.15663143066406 2.6
    endloop
  endfacet
  facet normal 0.9469301294951105 0.3214394653031473 0
    outer loop
      vertex 88.89134456098645 -54.45922011883811 1.29
      vertex 88.84088900845312 -54.31058285412303 2.6
      vertex 88.89134456098645 -54.45922011883811 2.6
    endloop
  endfacet
  facet normal 0.8968727415326665 0.44228869021904554 0
    outer loop
      vertex 88.96076951545868 -54.6 1.29
      vertex 88.89134456098645 -54.45922011883811 2.6
      vertex 88.96076951545868 -54.6 2.6
    endloop
  endfacet
  facet normal 0.9978589232386033 -0.06540312923014742 0
    outer loop
      vertex 88.8 -54 1.29
      vertex 88.81026616635143 -53.84336856933594 2.6
      vertex 88.8 -54 2.6
    endloop
  endfacet
  facet normal 0.9807852804032281 -0.19509032201614018 0
    outer loop
      vertex 88.81026616635143 -53.84336856933594 1.29
      vertex 88.84088900845312 -53.68941714587697 2.6
      vertex 88.81026616635143 -53.84336856933594 2.6
    endloop
  endfacet
  facet normal 0.9469301294951105 -0.3214394653031473 0
    outer loop
      vertex 88.84088900845312 -53.68941714587697 1.29
      vertex 88.89134456098645 -53.54077988116189 2.6
      vertex 88.84088900845312 -53.68941714587697 2.6
    endloop
  endfacet
  facet normal 0.8968727415326665 -0.44228869021904554 0
    outer loop
      vertex 88.89134456098645 -53.54077988116189 1.29
      vertex 88.96076951545868 -53.4 2.6
      vertex 88.89134456098645 -53.54077988116189 2.6
    endloop
  endfacet
  facet normal 0.7518398074789697 0.6593458151000776 0
    outer loop
      vertex 89.15147186257614 -54.848528137423855 1.29
      vertex 89.04797599165052 -54.73051371481046 2.6
      vertex 89.15147186257614 -54.848528137423855 2.6
    endloop
  endfacet
  facet normal 0.6593458151001 0.7518398074789501 0
    outer loop
      vertex 89.26948628518953 -54.95202400834948 1.29
      vertex 89.15147186257614 -54.848528137423855 2.6
      vertex 89.26948628518953 -54.95202400834948 2.6
    endloop
  endfacet
  facet normal 0.5555702330195729 0.8314696123025648 0
    outer loop
      vertex 89.4 -55.03923048454133 1.29
      vertex 89.26948628518953 -54.95202400834948 2.6
      vertex 89.4 -55.03923048454133 2.6
    endloop
  endfacet
  facet normal 0.8314696123025579 0.5555702330195834 0
    outer loop
      vertex 89.04797599165052 -54.73051371481046 1.29
      vertex 88.96076951545868 -54.6 2.6
      vertex 89.04797599165052 -54.73051371481046 2.6
    endloop
  endfacet
  facet normal 0.4422886902190091 0.8968727415326844 0
    outer loop
      vertex 89.5407798811619 -55.108655439013546 1.29
      vertex 89.4 -55.03923048454133 2.6
      vertex 89.5407798811619 -55.108655439013546 2.6
    endloop
  endfacet
  facet normal 0.3214394653031611 0.9469301294951058 0
    outer loop
      vertex 89.68941714587697 -55.15911099154688 1.29
      vertex 89.5407798811619 -55.108655439013546 2.6
      vertex 89.68941714587697 -55.15911099154688 2.6
    endloop
  endfacet
  facet normal 0.19509032201614018 0.9807852804032281 0
    outer loop
      vertex 89.84336856933594 -55.189733833648575 1.29
      vertex 89.68941714587697 -55.15911099154688 2.6
      vertex 89.84336856933594 -55.189733833648575 2.6
    endloop
  endfacet
  facet normal 0.8314696123025579 -0.5555702330195834 0
    outer loop
      vertex 88.96076951545868 -53.4 1.29
      vertex 89.04797599165052 -53.26948628518954 2.6
      vertex 88.96076951545868 -53.4 2.6
    endloop
  endfacet
  facet normal 0.7518398074789697 -0.6593458151000776 0
    outer loop
      vertex 89.04797599165052 -53.26948628518954 1.29
      vertex 89.15147186257614 -53.151471862576145 2.6
      vertex 89.04797599165052 -53.26948628518954 2.6
    endloop
  endfacet
  facet normal 0.6593458151001 -0.7518398074789501 0
    outer loop
      vertex 89.15147186257614 -53.151471862576145 1.29
      vertex 89.26948628518953 -53.04797599165052 2.6
      vertex 89.15147186257614 -53.151471862576145 2.6
    endloop
  endfacet
  facet normal 0.5555702330195729 -0.8314696123025648 0
    outer loop
      vertex 89.26948628518953 -53.04797599165052 1.29
      vertex 89.4 -52.96076951545867 2.6
      vertex 89.26948628518953 -53.04797599165052 2.6
    endloop
  endfacet
  facet normal 0.4422886902190091 -0.8968727415326844 0
    outer loop
      vertex 89.4 -52.96076951545867 1.29
      vertex 89.5407798811619 -52.891344560986454 2.6
      vertex 89.4 -52.96076951545867 2.6
    endloop
  endfacet
  facet normal 0.3214394653031611 -0.9469301294951058 0
    outer loop
      vertex 89.5407798811619 -52.891344560986454 1.29
      vertex 89.68941714587697 -52.84088900845312 2.6
      vertex 89.5407798811619 -52.891344560986454 2.6
    endloop
  endfacet
  facet normal 0.19509032201614018 -0.9807852804032281 0
    outer loop
      vertex 89.68941714587697 -52.84088900845312 1.29
      vertex 89.84336856933594 -52.810266166351425 2.6
      vertex 89.68941714587697 -52.84088900845312 2.6
    endloop
  endfacet
  facet normal 0.06540312923014742 -0.9978589232386033 0
    outer loop
      vertex 89.84336856933594 -52.810266166351425 1.29
      vertex 90 -52.8 2.6
      vertex 89.84336856933594 -52.810266166351425 2.6
    endloop
  endfacet
  facet normal 0.06540312923014742 0.9978589232386033 0
    outer loop
      vertex 90 -55.2 1.29
      vertex 89.84336856933594 -55.189733833648575 2.6
      vertex 90 -55.2 2.6
    endloop
  endfacet
  facet normal -0.06540312923014742 0.9978589232386033 0
    outer loop
      vertex 90.15663143066406 -55.189733833648575 1.29
      vertex 90 -55.2 2.6
      vertex 90.15663143066406 -55.189733833648575 2.6
    endloop
  endfacet
  facet normal -0.19509032201614018 0.9807852804032281 0
    outer loop
      vertex 90.31058285412303 -55.15911099154688 1.29
      vertex 90.15663143066406 -55.189733833648575 2.6
      vertex 90.31058285412303 -55.15911099154688 2.6
    endloop
  endfacet
  facet normal -0.3214394653031611 0.9469301294951058 0
    outer loop
      vertex 90.4592201188381 -55.108655439013546 1.29
      vertex 90.31058285412303 -55.15911099154688 2.6
      vertex 90.4592201188381 -55.108655439013546 2.6
    endloop
  endfacet
  facet normal -0.4422886902190091 0.8968727415326844 0
    outer loop
      vertex 90.6 -55.03923048454133 1.29
      vertex 90.4592201188381 -55.108655439013546 2.6
      vertex 90.6 -55.03923048454133 2.6
    endloop
  endfacet
  facet normal -0.5555702330195729 0.8314696123025648 0
    outer loop
      vertex 90.73051371481047 -54.95202400834948 1.29
      vertex 90.6 -55.03923048454133 2.6
      vertex 90.73051371481047 -54.95202400834948 2.6
    endloop
  endfacet
  facet normal -0.6593458151001 0.7518398074789501 0
    outer loop
      vertex 90.84852813742386 -54.848528137423855 1.29
      vertex 90.73051371481047 -54.95202400834948 2.6
      vertex 90.84852813742386 -54.848528137423855 2.6
    endloop
  endfacet
  facet normal -0.06540312923014742 -0.9978589232386033 0
    outer loop
      vertex 90 -52.8 1.29
      vertex 90.15663143066406 -52.810266166351425 2.6
      vertex 90 -52.8 2.6
    endloop
  endfacet
  facet normal -0.19509032201614018 -0.9807852804032281 0
    outer loop
      vertex 90.15663143066406 -52.810266166351425 1.29
      vertex 90.31058285412303 -52.84088900845312 2.6
      vertex 90.15663143066406 -52.810266166351425 2.6
    endloop
  endfacet
  facet normal -0.3214394653031611 -0.9469301294951058 0
    outer loop
      vertex 90.31058285412303 -52.84088900845312 1.29
      vertex 90.4592201188381 -52.891344560986454 2.6
      vertex 90.31058285412303 -52.84088900845312 2.6
    endloop
  endfacet
  facet normal -0.4422886902190091 -0.8968727415326844 0
    outer loop
      vertex 90.4592201188381 -52.891344560986454 1.29
      vertex 90.6 -52.96076951545867 2.6
      vertex 90.4592201188381 -52.891344560986454 2.6
    endloop
  endfacet
  facet normal -0.5555702330195729 -0.8314696123025648 0
    outer loop
      vertex 90.6 -52.96076951545867 1.29
      vertex 90.73051371481047 -53.04797599165052 2.6
      vertex 90.6 -52.96076951545867 2.6
    endloop
  endfacet
  facet normal -0.6593458151001 -0.7518398074789501 0
    outer loop
      vertex 90.73051371481047 -53.04797599165052 1.29
      vertex 90.84852813742386 -53.151471862576145 2.6
      vertex 90.73051371481047 -53.04797599165052 2.6
    endloop
  endfacet
  facet normal -0.7518398074789697 -0.6593458151000776 0
    outer loop
      vertex 90.84852813742386 -53.151471862576145 1.29
      vertex 90.95202400834948 -53.26948628518954 2.6
      vertex 90.84852813742386 -53.151471862576145 2.6
    endloop
  endfacet
  facet normal -0.7518398074789697 0.6593458151000776 0
    outer loop
      vertex 90.95202400834948 -54.73051371481046 1.29
      vertex 90.84852813742386 -54.848528137423855 2.6
      vertex 90.95202400834948 -54.73051371481046 2.6
    endloop
  endfacet
  facet normal -0.8314696123025579 0.5555702330195834 0
    outer loop
      vertex 91.03923048454132 -54.6 1.29
      vertex 90.95202400834948 -54.73051371481046 2.6
      vertex 91.03923048454132 -54.6 2.6
    endloop
  endfacet
  facet normal -0.8968727415326665 0.44228869021904554 0
    outer loop
      vertex 91.10865543901355 -54.45922011883811 1.29
      vertex 91.03923048454132 -54.6 2.6
      vertex 91.10865543901355 -54.45922011883811 2.6
    endloop
  endfacet
  facet normal -0.9469301294951105 0.3214394653031473 0
    outer loop
      vertex 91.15911099154688 -54.31058285412303 1.29
      vertex 91.10865543901355 -54.45922011883811 2.6
      vertex 91.15911099154688 -54.31058285412303 2.6
    endloop
  endfacet
  facet normal -0.8968727415326665 -0.44228869021904554 0
    outer loop
      vertex 91.03923048454132 -53.4 1.29
      vertex 91.10865543901355 -53.54077988116189 2.6
      vertex 91.03923048454132 -53.4 2.6
    endloop
  endfacet
  facet normal -0.9469301294951105 -0.3214394653031473 0
    outer loop
      vertex 91.10865543901355 -53.54077988116189 1.29
      vertex 91.15911099154688 -53.68941714587697 2.6
      vertex 91.10865543901355 -53.54077988116189 2.6
    endloop
  endfacet
  facet normal -0.9807852804032281 0.19509032201614018 0
    outer loop
      vertex 91.18973383364857 -54.15663143066406 1.29
      vertex 91.15911099154688 -54.31058285412303 2.6
      vertex 91.18973383364857 -54.15663143066406 2.6
    endloop
  endfacet
  facet normal -0.9978589232386033 0.06540312923014742 0
    outer loop
      vertex 91.2 -54 1.29
      vertex 91.18973383364857 -54.15663143066406 2.6
      vertex 91.2 -54 2.6
    endloop
  endfacet
  facet normal -0.9978589232386033 -0.06540312923014742 0
    outer loop
      vertex 91.18973383364857 -53.84336856933594 1.29
      vertex 91.2 -54 2.6
      vertex 91.18973383364857 -53.84336856933594 2.6
    endloop
  endfacet
  facet normal -0.9807852804032281 -0.19509032201614018 0
    outer loop
      vertex 91.15911099154688 -53.68941714587697 1.29
      vertex 91.18973383364857 -53.84336856933594 2.6
      vertex 91.15911099154688 -53.68941714587697 2.6
    endloop
  endfacet
  facet normal -0.8314696123025579 -0.5555702330195834 0
    outer loop
      vertex 90.95202400834948 -53.26948628518954 1.29
      vertex 91.03923048454132 -53.4 2.6
      vertex 90.95202400834948 -53.26948628518954 2.6
    endloop
  endfacet
  facet normal 0.7790986347380378 -0.26446834963646154 -0.568385264930304
    outer loop
      vertex 88 -53.394177608081705 0
      vertex 88.06624907079753 -53.19901413887276 0
      vertex 88 -53.46410161513775 0.03253547881532097
    endloop
  endfacet
  facet normal 0.26446834963645577 0.7790986347380491 -0.5683852649302915
    outer loop
      vertex 89.3941776080817 -56 0
      vertex 89.19901413887276 -55.933750929202475 0
      vertex 89.46410161513775 -56 0.03253547881532097
    endloop
  endfacet
  facet normal 0.737913291273572 0.36389856439927504 -0.5683852649303561
    outer loop
      vertex 88.89134456098645 -54.45922011883811 1.29
      vertex 88.18734221254041 -55.04653846153846 0
      vertex 88.06624907079753 -54.80098586112724 0
    endloop
  endfacet
  facet normal 0.7790986347380034 0.2644683496364499 -0.5683852649303565
    outer loop
      vertex 88.89134456098645 -54.45922011883811 1.29
      vertex 88.06624907079753 -54.80098586112724 0
      vertex 88 -54.605822391918295 0
    endloop
  endfacet
  facet normal 0.7790986347379909 0.2644683496364854 -0.568385264930357
    outer loop
      vertex 88.84088900845312 -54.31058285412303 1.29
      vertex 88 -54.605822391918295 0
      vertex 88 -54.53589838486225 0.03253547881532097
    endloop
  endfacet
  facet normal 0.8069533845551109 0.1605130080868816 -0.5683852649303568
    outer loop
      vertex 88.81026616635143 -54.15663143066406 1.29
      vertex 88 -54.53589838486225 0.03253547881532097
      vertex 88 -54.26330499517479 0.10951633610178606
    endloop
  endfacet
  facet normal 0.8210009382327402 0.05381124446630669 -0.5683852649303532
    outer loop
      vertex 88.8 -54 1.29
      vertex 88 -54.26330499517479 0.10951633610178606
      vertex 88 -54 0.1344444444444376
    endloop
  endfacet
  facet normal 0.8069533845551101 -0.16051300808688213 -0.5683852649303578
    outer loop
      vertex 88.84088900845312 -53.68941714587697 1.29
      vertex 88 -53.73669500482521 0.10951633610178606
      vertex 88 -53.46410161513775 0.03253547881532097
    endloop
  endfacet
  facet normal 0.8210009382327383 -0.05381124446630697 -0.5683852649303559
    outer loop
      vertex 88.81026616635143 -53.84336856933594 1.29
      vertex 88 -54 0.1344444444444376
      vertex 88 -53.73669500482521 0.10951633610178606
    endloop
  endfacet
  facet normal 0.6841020468072373 0.45710237383347185 -0.5683852649303582
    outer loop
      vertex 88.96076951545868 -54.6 1.29
      vertex 88.33945043159042 -55.27418449871748 0
      vertex 88.18734221254041 -55.04653846153846 0
    endloop
  endfacet
  facet normal 0.6185856266511134 0.542485034918659 -0.5683852649303556
    outer loop
      vertex 89.04797599165052 -54.73051371481046 1.29
      vertex 88.51997111414724 -55.48002888585277 0
      vertex 88.33945043159042 -55.27418449871748 0
    endloop
  endfacet
  facet normal 0.5424850349186559 0.6185856266511158 -0.5683852649303562
    outer loop
      vertex 89.15147186257614 -54.848528137423855 1.29
      vertex 88.72581550128251 -55.66054956840957 0
      vertex 88.51997111414724 -55.48002888585277 0
    endloop
  endfacet
  facet normal 0.7379132912735703 -0.36389856439927415 -0.5683852649303589
    outer loop
      vertex 88.96076951545868 -53.4 1.29
      vertex 88.06624907079753 -53.19901413887276 0
      vertex 88.18734221254041 -52.95346153846154 0
    endloop
  endfacet
  facet normal 0.7790986347380003 -0.26446834963645893 -0.5683852649303566
    outer loop
      vertex 88.89134456098645 -53.54077988116189 1.29
      vertex 88 -53.46410161513775 0.03253547881532097
      vertex 88.06624907079753 -53.19901413887276 0
    endloop
  endfacet
  facet normal 0.6841020468072384 -0.4571023738334726 -0.5683852649303561
    outer loop
      vertex 89.04797599165052 -53.26948628518954 1.29
      vertex 88.18734221254041 -52.95346153846154 0
      vertex 88.33945043159042 -52.72581550128252 0
    endloop
  endfacet
  facet normal 0.6185856266511129 -0.5424850349186591 -0.5683852649303561
    outer loop
      vertex 89.15147186257614 -53.151471862576145 1.29
      vertex 88.33945043159042 -52.72581550128252 0
      vertex 88.51997111414724 -52.51997111414723 0
    endloop
  endfacet
  facet normal 0.542485034918657 -0.6185856266511172 -0.5683852649303536
    outer loop
      vertex 89.26948628518953 -53.04797599165052 1.29
      vertex 88.51997111414724 -52.51997111414723 0
      vertex 88.72581550128251 -52.33945043159043 0
    endloop
  endfacet
  facet normal 0.4571023738334641 0.6841020468072466 -0.5683852649303531
    outer loop
      vertex 89.26948628518953 -54.95202400834948 1.29
      vertex 88.95346153846154 -55.81265778745958 0
      vertex 88.72581550128251 -55.66054956840957 0
    endloop
  endfacet
  facet normal 0.36389856439930046 0.7379132912735599 -0.5683852649303557
    outer loop
      vertex 89.4 -55.03923048454133 1.29
      vertex 89.19901413887276 -55.933750929202475 0
      vertex 88.95346153846154 -55.81265778745958 0
    endloop
  endfacet
  facet normal 0.2644683496364524 0.7790986347380013 -0.5683852649303585
    outer loop
      vertex 89.5407798811619 -55.108655439013546 1.29
      vertex 89.46410161513775 -56 0.03253547881532097
      vertex 89.19901413887276 -55.933750929202475 0
    endloop
  endfacet
  facet normal 0.16051300808688213 0.8069533845551101 -0.5683852649303578
    outer loop
      vertex 89.68941714587697 -55.15911099154688 1.29
      vertex 89.73669500482521 -56 0.10951633610178606
      vertex 89.46410161513775 -56 0.03253547881532097
    endloop
  endfacet
  facet normal 0.053811244466327145 0.8210009382327366 -0.5683852649303565
    outer loop
      vertex 89.84336856933594 -55.189733833648575 1.29
      vertex 90 -56 0.13444444444444673
      vertex 89.73669500482521 -56 0.10951633610178606
    endloop
  endfacet
  facet normal 0.45710237383346325 -0.6841020468072456 -0.5683852649303551
    outer loop
      vertex 89.4 -52.96076951545867 1.29
      vertex 88.72581550128251 -52.33945043159043 0
      vertex 88.95346153846154 -52.18734221254042 0
    endloop
  endfacet
  facet normal 0.36389856439929996 -0.7379132912735583 -0.568385264930358
    outer loop
      vertex 89.5407798811619 -52.891344560986454 1.29
      vertex 88.95346153846154 -52.18734221254042 0
      vertex 89.19901413887276 -52.066249070797525 0
    endloop
  endfacet
  facet normal 0.2644683496364509 -0.7790986347380021 -0.5683852649303579
    outer loop
      vertex 89.68941714587697 -52.84088900845312 1.29
      vertex 89.19901413887276 -52.066249070797525 0
      vertex 89.4582718294431 -51.97824294359034 0
    endloop
  endfacet
  facet normal 0.1605130080868869 -0.8069533845551096 -0.5683852649303572
    outer loop
      vertex 89.84336856933594 -52.810266166351425 1.29
      vertex 89.4582718294431 -51.97824294359034 0
      vertex 89.7267986392071 -51.924829640155274 0
    endloop
  endfacet
  facet normal 0.053811244466313385 -0.8210009382327387 -0.5683852649303548
    outer loop
      vertex 90 -52.8 1.29
      vertex 89.7267986392071 -51.924829640155274 0
      vertex 90 -51.90692307692308 0
    endloop
  endfacet
  facet normal -0.053811244466326985 0.8210009382327371 -0.5683852649303556
    outer loop
      vertex 90 -55.2 1.29
      vertex 90.26330499517479 -56 0.10951633610178606
      vertex 90 -56 0.13444444444444673
    endloop
  endfacet
  facet normal -0.1605130080868816 0.8069533845551109 -0.5683852649303568
    outer loop
      vertex 90.15663143066406 -55.189733833648575 1.29
      vertex 90.53589838486225 -56 0.03253547881532097
      vertex 90.26330499517479 -56 0.10951633610178606
    endloop
  endfacet
  facet normal -0.2644683496364409 0.7790986347380054 -0.5683852649303581
    outer loop
      vertex 90.4592201188381 -55.108655439013546 1.29
      vertex 90.80098586112724 -55.933750929202475 0
      vertex 90.6058223919183 -56 0
    endloop
  endfacet
  facet normal -0.2644683496364854 0.7790986347379909 -0.568385264930357
    outer loop
      vertex 90.31058285412303 -55.15911099154688 1.29
      vertex 90.6058223919183 -56 0
      vertex 90.53589838486225 -56 0.03253547881532097
    endloop
  endfacet
  facet normal -0.36389856439929996 0.7379132912735583 -0.568385264930358
    outer loop
      vertex 90.4592201188381 -55.108655439013546 1.29
      vertex 91.04653846153846 -55.81265778745958 0
      vertex 90.80098586112724 -55.933750929202475 0
    endloop
  endfacet
  facet normal -0.053811244466313295 -0.8210009382327373 -0.5683852649303567
    outer loop
      vertex 90.15663143066406 -52.810266166351425 1.29
      vertex 90 -51.90692307692308 0
      vertex 90.2732013607929 -51.924829640155274 0
    endloop
  endfacet
  facet normal -0.16051300808688632 -0.8069533845551092 -0.568385264930358
    outer loop
      vertex 90.31058285412303 -52.84088900845312 1.29
      vertex 90.2732013607929 -51.924829640155274 0
      vertex 90.5417281705569 -51.97824294359034 0
    endloop
  endfacet
  facet normal -0.26446834963645055 -0.7790986347380019 -0.5683852649303583
    outer loop
      vertex 90.4592201188381 -52.891344560986454 1.29
      vertex 90.5417281705569 -51.97824294359034 0
      vertex 90.80098586112724 -52.066249070797525 0
    endloop
  endfacet
  facet normal -0.36389856439930046 -0.7379132912735599 -0.5683852649303557
    outer loop
      vertex 90.6 -52.96076951545867 1.29
      vertex 90.80098586112724 -52.066249070797525 0
      vertex 91.04653846153846 -52.18734221254042 0
    endloop
  endfacet
  facet normal -0.45710237383346325 0.6841020468072456 -0.5683852649303551
    outer loop
      vertex 90.6 -55.03923048454133 1.29
      vertex 91.27418449871749 -55.66054956840957 0
      vertex 91.04653846153846 -55.81265778745958 0
    endloop
  endfacet
  facet normal -0.542485034918657 0.6185856266511172 -0.5683852649303536
    outer loop
      vertex 90.73051371481047 -54.95202400834948 1.29
      vertex 91.48002888585276 -55.48002888585277 0
      vertex 91.27418449871749 -55.66054956840957 0
    endloop
  endfacet
  facet normal -0.6185856266511129 0.5424850349186591 -0.5683852649303561
    outer loop
      vertex 90.84852813742386 -54.848528137423855 1.29
      vertex 91.66054956840958 -55.27418449871748 0
      vertex 91.48002888585276 -55.48002888585277 0
    endloop
  endfacet
  facet normal -0.6841020468072384 0.4571023738334726 -0.5683852649303561
    outer loop
      vertex 90.95202400834948 -54.73051371481046 1.29
      vertex 91.81265778745959 -55.04653846153846 0
      vertex 91.66054956840958 -55.27418449871748 0
    endloop
  endfacet
  facet normal -0.7379132912735703 0.36389856439927415 -0.5683852649303589
    outer loop
      vertex 91.03923048454132 -54.6 1.29
      vertex 91.93375092920247 -54.80098586112724 0
      vertex 91.81265778745959 -55.04653846153846 0
    endloop
  endfacet
  facet normal -0.7790986347380077 0.26446834963643856 -0.568385264930356
    outer loop
      vertex 91.10865543901355 -54.45922011883811 1.29
      vertex 92.02175705640965 -54.541728170556894 0
      vertex 91.93375092920247 -54.80098586112724 0
    endloop
  endfacet
  facet normal -0.8069533845551121 0.16051300808688315 -0.5683852649303548
    outer loop
      vertex 91.15911099154688 -54.31058285412303 1.29
      vertex 92.07517035984472 -54.27320136079289 0
      vertex 92.02175705640965 -54.541728170556894 0
    endloop
  endfacet
  facet normal -0.8210009382327377 0.05381124446633592 -0.568385264930354
    outer loop
      vertex 91.18973383364857 -54.15663143066406 1.29
      vertex 92.09307692307692 -54 0
      vertex 92.07517035984472 -54.27320136079289 0
    endloop
  endfacet
  facet normal -0.779098634738008 -0.26446834963643845 -0.5683852649303556
    outer loop
      vertex 91.15911099154688 -53.68941714587697 1.29
      vertex 91.93375092920247 -53.19901413887276 0
      vertex 92.02175705640965 -53.458271829443106 0
    endloop
  endfacet
  facet normal -0.8210009382327377 -0.05381124446633592 -0.568385264930354
    outer loop
      vertex 91.2 -54 1.29
      vertex 92.07517035984472 -53.72679863920711 0
      vertex 92.09307692307692 -54 0
    endloop
  endfacet
  facet normal -0.8069533845551129 -0.1605130080868833 -0.5683852649303538
    outer loop
      vertex 91.18973383364857 -53.84336856933594 1.29
      vertex 92.02175705640965 -53.458271829443106 0
      vertex 92.07517035984472 -53.72679863920711 0
    endloop
  endfacet
  facet normal -0.4571023738334641 -0.6841020468072466 -0.5683852649303531
    outer loop
      vertex 90.73051371481047 -53.04797599165052 1.29
      vertex 91.04653846153846 -52.18734221254042 0
      vertex 91.27418449871749 -52.33945043159043 0
    endloop
  endfacet
  facet normal -0.6185856266511134 -0.542485034918659 -0.5683852649303556
    outer loop
      vertex 90.95202400834948 -53.26948628518954 1.29
      vertex 91.48002888585276 -52.51997111414723 0
      vertex 91.66054956840958 -52.72581550128252 0
    endloop
  endfacet
  facet normal -0.5424850349186559 -0.6185856266511158 -0.5683852649303562
    outer loop
      vertex 90.84852813742386 -53.151471862576145 1.29
      vertex 91.27418449871749 -52.33945043159043 0
      vertex 91.48002888585276 -52.51997111414723 0
    endloop
  endfacet
  facet normal -0.6841020468072373 -0.45710237383347185 -0.5683852649303582
    outer loop
      vertex 91.03923048454132 -53.4 1.29
      vertex 91.66054956840958 -52.72581550128252 0
      vertex 91.81265778745959 -52.95346153846154 0
    endloop
  endfacet
  facet normal -0.737913291273572 -0.36389856439927504 -0.5683852649303561
    outer loop
      vertex 91.10865543901355 -53.54077988116189 1.29
      vertex 91.81265778745959 -52.95346153846154 0
      vertex 91.93375092920247 -53.19901413887276 0
    endloop
  endfacet
  facet normal 0.6841020468072527 0.4571023738334522 -0.5683852649303553
    outer loop
      vertex 88.96076951545868 -54.6 1.29
      vertex 89.04797599165052 -54.73051371481046 1.29
      vertex 88.33945043159042 -55.27418449871748 0
    endloop
  endfacet
  facet normal 0.6185856266511105 0.5424850349186617 -0.5683852649303561
    outer loop
      vertex 89.15147186257614 -54.848528137423855 1.29
      vertex 88.51997111414724 -55.48002888585277 0
      vertex 89.04797599165052 -54.73051371481046 1.29
    endloop
  endfacet
  facet normal 0.779098634738005 0.2644683496364444 -0.5683852649303568
    outer loop
      vertex 88.84088900845312 -54.31058285412303 1.29
      vertex 88.89134456098645 -54.45922011883811 1.29
      vertex 88 -54.605822391918295 0
    endloop
  endfacet
  facet normal 0.8069533845551075 0.16051300808689417 -0.5683852649303582
    outer loop
      vertex 88.84088900845312 -54.31058285412303 1.29
      vertex 88 -54.53589838486225 0.03253547881532097
      vertex 88.81026616635143 -54.15663143066406 1.29
    endloop
  endfacet
  facet normal 0.7379132912735547 0.3638985643993042 -0.56838526493036
    outer loop
      vertex 88.96076951545868 -54.6 1.29
      vertex 88.18734221254041 -55.04653846153846 0
      vertex 88.89134456098645 -54.45922011883811 1.29
    endloop
  endfacet
  facet normal 0.7790986347380041 -0.2644683496364441 -0.5683852649303583
    outer loop
      vertex 88.84088900845312 -53.68941714587697 1.29
      vertex 88 -53.46410161513775 0.03253547881532097
      vertex 88.89134456098645 -53.54077988116189 1.29
    endloop
  endfacet
  facet normal 0.8210009382327358 0.0538112444663366 -0.5683852649303568
    outer loop
      vertex 88.81026616635143 -54.15663143066406 1.29
      vertex 88 -54.26330499517479 0.10951633610178606
      vertex 88.8 -54 1.29
    endloop
  endfacet
  facet normal 0.8210009382327389 -0.05381124446633682 -0.5683852649303522
    outer loop
      vertex 88.8 -54 1.29
      vertex 88 -54 0.1344444444444376
      vertex 88.81026616635143 -53.84336856933594 1.29
    endloop
  endfacet
  facet normal 0.8069533845551088 -0.16051300808689445 -0.5683852649303563
    outer loop
      vertex 88.81026616635143 -53.84336856933594 1.29
      vertex 88 -53.73669500482521 0.10951633610178606
      vertex 88.84088900845312 -53.68941714587697 1.29
    endloop
  endfacet
  facet normal 0.7379132912735576 -0.3638985643993057 -0.568385264930355
    outer loop
      vertex 88.89134456098645 -53.54077988116189 1.29
      vertex 88.06624907079753 -53.19901413887276 0
      vertex 88.96076951545868 -53.4 1.29
    endloop
  endfacet
  facet normal 0.6841020468072507 -0.4571023738334508 -0.568385264930359
    outer loop
      vertex 88.96076951545868 -53.4 1.29
      vertex 88.18734221254041 -52.95346153846154 0
      vertex 89.04797599165052 -53.26948628518954 1.29
    endloop
  endfacet
  facet normal 0.6185856266511108 -0.542485034918662 -0.5683852649303556
    outer loop
      vertex 89.04797599165052 -53.26948628518954 1.29
      vertex 88.33945043159042 -52.72581550128252 0
      vertex 89.15147186257614 -53.151471862576145 1.29
    endloop
  endfacet
  facet normal 0.5424850349186818 0.6185856266510962 -0.5683852649303526
    outer loop
      vertex 89.15147186257614 -54.848528137423855 1.29
      vertex 89.26948628518953 -54.95202400834948 1.29
      vertex 88.72581550128251 -55.66054956840957 0
    endloop
  endfacet
  facet normal 0.4571023738334434 0.6841020468072582 -0.5683852649303559
    outer loop
      vertex 89.26948628518953 -54.95202400834948 1.29
      vertex 89.4 -55.03923048454133 1.29
      vertex 88.95346153846154 -55.81265778745958 0
    endloop
  endfacet
  facet normal 0.3638985643992746 0.7379132912735702 -0.5683852649303588
    outer loop
      vertex 89.4 -55.03923048454133 1.29
      vertex 89.5407798811619 -55.108655439013546 1.29
      vertex 89.19901413887276 -55.933750929202475 0
    endloop
  endfacet
  facet normal 0.2644683496364555 0.7790986347380005 -0.568385264930358
    outer loop
      vertex 89.5407798811619 -55.108655439013546 1.29
      vertex 89.68941714587697 -55.15911099154688 1.29
      vertex 89.46410161513775 -56 0.03253547881532097
    endloop
  endfacet
  facet normal 0.16051300808689445 0.8069533845551088 -0.5683852649303563
    outer loop
      vertex 89.68941714587697 -55.15911099154688 1.29
      vertex 89.84336856933594 -55.189733833648575 1.29
      vertex 89.73669500482521 -56 0.10951633610178606
    endloop
  endfacet
  facet normal 0.5424850349186798 -0.6185856266510938 -0.5683852649303572
    outer loop
      vertex 89.15147186257614 -53.151471862576145 1.29
      vertex 88.51997111414724 -52.51997111414723 0
      vertex 89.26948628518953 -53.04797599165052 1.29
    endloop
  endfacet
  facet normal 0.4571023738334447 -0.6841020468072602 -0.5683852649303525
    outer loop
      vertex 89.26948628518953 -53.04797599165052 1.29
      vertex 88.72581550128251 -52.33945043159043 0
      vertex 89.4 -52.96076951545867 1.29
    endloop
  endfacet
  facet normal 0.3638985643992758 -0.7379132912735726 -0.5683852649303549
    outer loop
      vertex 89.4 -52.96076951545867 1.29
      vertex 88.95346153846154 -52.18734221254042 0
      vertex 89.5407798811619 -52.891344560986454 1.29
    endloop
  endfacet
  facet normal 0.2644683496364554 -0.7790986347380001 -0.5683852649303585
    outer loop
      vertex 89.5407798811619 -52.891344560986454 1.29
      vertex 89.19901413887276 -52.066249070797525 0
      vertex 89.68941714587697 -52.84088900845312 1.29
    endloop
  endfacet
  facet normal 0.16051300808689414 -0.8069533845551075 -0.5683852649303581
    outer loop
      vertex 89.68941714587697 -52.84088900845312 1.29
      vertex 89.4582718294431 -51.97824294359034 0
      vertex 89.84336856933594 -52.810266166351425 1.29
    endloop
  endfacet
  facet normal 0.05381124446633658 -0.8210009382327352 -0.5683852649303573
    outer loop
      vertex 89.84336856933594 -52.810266166351425 1.29
      vertex 89.7267986392071 -51.924829640155274 0
      vertex 90 -52.8 1.29
    endloop
  endfacet
  facet normal -0.16051300808689417 0.8069533845551075 -0.5683852649303582
    outer loop
      vertex 90.15663143066406 -55.189733833648575 1.29
      vertex 90.31058285412303 -55.15911099154688 1.29
      vertex 90.53589838486225 -56 0.03253547881532097
    endloop
  endfacet
  facet normal 0.05381124446633668 0.8210009382327368 -0.5683852649303552
    outer loop
      vertex 89.84336856933594 -55.189733833648575 1.29
      vertex 90 -55.2 1.29
      vertex 90 -56 0.13444444444444673
    endloop
  endfacet
  facet normal -0.0538112444663366 0.8210009382327358 -0.5683852649303568
    outer loop
      vertex 90 -55.2 1.29
      vertex 90.15663143066406 -55.189733833648575 1.29
      vertex 90.26330499517479 -56 0.10951633610178606
    endloop
  endfacet
  facet normal -0.2644683496364557 0.7790986347380012 -0.5683852649303569
    outer loop
      vertex 90.31058285412303 -55.15911099154688 1.29
      vertex 90.4592201188381 -55.108655439013546 1.29
      vertex 90.6058223919183 -56 0
    endloop
  endfacet
  facet normal -0.3638985643992758 0.7379132912735726 -0.5683852649303549
    outer loop
      vertex 90.4592201188381 -55.108655439013546 1.29
      vertex 90.6 -55.03923048454133 1.29
      vertex 91.04653846153846 -55.81265778745958 0
    endloop
  endfacet
  facet normal -0.45710237383344465 0.6841020468072602 -0.5683852649303526
    outer loop
      vertex 90.6 -55.03923048454133 1.29
      vertex 90.73051371481047 -54.95202400834948 1.29
      vertex 91.27418449871749 -55.66054956840957 0
    endloop
  endfacet
  facet normal -0.053811244466336734 -0.8210009382327376 -0.568385264930354
    outer loop
      vertex 90 -52.8 1.29
      vertex 90 -51.90692307692308 0
      vertex 90.15663143066406 -52.810266166351425 1.29
    endloop
  endfacet
  facet normal -0.16051300808689434 -0.8069533845551083 -0.568385264930357
    outer loop
      vertex 90.15663143066406 -52.810266166351425 1.29
      vertex 90.2732013607929 -51.924829640155274 0
      vertex 90.31058285412303 -52.84088900845312 1.29
    endloop
  endfacet
  facet normal -0.2644683496364555 -0.7790986347380006 -0.5683852649303578
    outer loop
      vertex 90.31058285412303 -52.84088900845312 1.29
      vertex 90.5417281705569 -51.97824294359034 0
      vertex 90.4592201188381 -52.891344560986454 1.29
    endloop
  endfacet
  facet normal -0.3638985643992746 -0.7379132912735702 -0.5683852649303588
    outer loop
      vertex 90.4592201188381 -52.891344560986454 1.29
      vertex 90.80098586112724 -52.066249070797525 0
      vertex 90.6 -52.96076951545867 1.29
    endloop
  endfacet
  facet normal -0.4571023738334434 -0.6841020468072582 -0.5683852649303559
    outer loop
      vertex 90.6 -52.96076951545867 1.29
      vertex 91.04653846153846 -52.18734221254042 0
      vertex 90.73051371481047 -53.04797599165052 1.29
    endloop
  endfacet
  facet normal -0.5424850349186798 0.6185856266510938 -0.5683852649303572
    outer loop
      vertex 90.73051371481047 -54.95202400834948 1.29
      vertex 90.84852813742386 -54.848528137423855 1.29
      vertex 91.48002888585276 -55.48002888585277 0
    endloop
  endfacet
  facet normal -0.6185856266511108 0.542485034918662 -0.5683852649303556
    outer loop
      vertex 90.84852813742386 -54.848528137423855 1.29
      vertex 90.95202400834948 -54.73051371481046 1.29
      vertex 91.66054956840958 -55.27418449871748 0
    endloop
  endfacet
  facet normal -0.6841020468072507 0.4571023738334508 -0.568385264930359
    outer loop
      vertex 90.95202400834948 -54.73051371481046 1.29
      vertex 91.03923048454132 -54.6 1.29
      vertex 91.81265778745959 -55.04653846153846 0
    endloop
  endfacet
  facet normal -0.7379132912735576 0.3638985643993057 -0.568385264930355
    outer loop
      vertex 91.03923048454132 -54.6 1.29
      vertex 91.10865543901355 -54.45922011883811 1.29
      vertex 91.93375092920247 -54.80098586112724 0
    endloop
  endfacet
  facet normal -0.7790986347380061 0.2644683496364447 -0.5683852649303553
    outer loop
      vertex 91.10865543901355 -54.45922011883811 1.29
      vertex 91.15911099154688 -54.31058285412303 1.29
      vertex 92.02175705640965 -54.541728170556894 0
    endloop
  endfacet
  facet normal -0.8069533845551108 0.1605130080868948 -0.5683852649303534
    outer loop
      vertex 91.15911099154688 -54.31058285412303 1.29
      vertex 91.18973383364857 -54.15663143066406 1.29
      vertex 92.07517035984472 -54.27320136079289 0
    endloop
  endfacet
  facet normal -0.8210009382327377 0.053811244466336734 -0.5683852649303539
    outer loop
      vertex 91.18973383364857 -54.15663143066406 1.29
      vertex 91.2 -54 1.29
      vertex 92.09307692307692 -54 0
    endloop
  endfacet
  facet normal -0.8210009382327376 -0.053811244466336734 -0.5683852649303541
    outer loop
      vertex 91.18973383364857 -53.84336856933594 1.29
      vertex 92.07517035984472 -53.72679863920711 0
      vertex 91.2 -54 1.29
    endloop
  endfacet
  facet normal -0.7790986347380054 -0.2644683496364445 -0.5683852649303562
    outer loop
      vertex 91.10865543901355 -53.54077988116189 1.29
      vertex 91.93375092920247 -53.19901413887276 0
      vertex 91.15911099154688 -53.68941714587697 1.29
    endloop
  endfacet
  facet normal -0.8069533845551095 -0.16051300808689456 -0.5683852649303552
    outer loop
      vertex 91.18973383364857 -53.84336856933594 1.29
      vertex 91.15911099154688 -53.68941714587697 1.29
      vertex 92.02175705640965 -53.458271829443106 0
    endloop
  endfacet
  facet normal -0.5424850349186818 -0.6185856266510963 -0.5683852649303526
    outer loop
      vertex 90.73051371481047 -53.04797599165052 1.29
      vertex 91.27418449871749 -52.33945043159043 0
      vertex 90.84852813742386 -53.151471862576145 1.29
    endloop
  endfacet
  facet normal -0.6185856266511105 -0.5424850349186617 -0.5683852649303561
    outer loop
      vertex 90.84852813742386 -53.151471862576145 1.29
      vertex 91.48002888585276 -52.51997111414723 0
      vertex 90.95202400834948 -53.26948628518954 1.29
    endloop
  endfacet
  facet normal -0.6841020468072527 -0.4571023738334522 -0.5683852649303553
    outer loop
      vertex 90.95202400834948 -53.26948628518954 1.29
      vertex 91.66054956840958 -52.72581550128252 0
      vertex 91.03923048454132 -53.4 1.29
    endloop
  endfacet
  facet normal -0.7379132912735547 -0.3638985643993042 -0.56838526493036
    outer loop
      vertex 91.10865543901355 -53.54077988116189 1.29
      vertex 91.03923048454132 -53.4 1.29
      vertex 91.81265778745959 -52.95346153846154 0
    endloop
  endfacet
  facet normal 0.7518398074789697 0.6593458151000776 0
    outer loop
      vertex 116.15147186257614 -54.848528137423855 1.29
      vertex 116.04797599165052 -54.73051371481046 1.29
      vertex 116.04797599165052 -54.73051371481046 2.6
    endloop
  endfacet
  facet normal 0.9807852804032281 0.19509032201614018 0
    outer loop
      vertex 115.84088900845312 -54.31058285412303 1.29
      vertex 115.81026616635143 -54.15663143066406 1.29
      vertex 115.81026616635143 -54.15663143066406 2.6
    endloop
  endfacet
  facet normal 0.9978589232386033 0.06540312923014742 0
    outer loop
      vertex 115.8 -54 1.29
      vertex 115.8 -54 2.6
      vertex 115.81026616635143 -54.15663143066406 1.29
    endloop
  endfacet
  facet normal 0.9978589232386033 -0.06540312923014742 0
    outer loop
      vertex 115.8 -54 1.29
      vertex 115.81026616635143 -53.84336856933594 1.29
      vertex 115.81026616635143 -53.84336856933594 2.6
    endloop
  endfacet
  facet normal 0.9807852804032281 -0.19509032201614018 0
    outer loop
      vertex 115.81026616635143 -53.84336856933594 1.29
      vertex 115.84088900845312 -53.68941714587697 1.29
      vertex 115.84088900845312 -53.68941714587697 2.6
    endloop
  endfacet
  facet normal 0.8968727415326665 0.44228869021904554 0
    outer loop
      vertex 115.89134456098645 -54.45922011883811 1.29
      vertex 115.89134456098645 -54.45922011883811 2.6
      vertex 115.96076951545868 -54.6 1.29
    endloop
  endfacet
  facet normal 0.9469301294951105 0.3214394653031473 0
    outer loop
      vertex 115.84088900845312 -54.31058285412303 1.29
      vertex 115.84088900845312 -54.31058285412303 2.6
      vertex 115.89134456098645 -54.45922011883811 1.29
    endloop
  endfacet
  facet normal 0.8314696123025579 0.5555702330195834 0
    outer loop
      vertex 115.96076951545868 -54.6 1.29
      vertex 115.96076951545868 -54.6 2.6
      vertex 116.04797599165052 -54.73051371481046 1.29
    endloop
  endfacet
  facet normal 0.9469301294951105 -0.3214394653031473 0
    outer loop
      vertex 115.84088900845312 -53.68941714587697 1.29
      vertex 115.89134456098645 -53.54077988116189 1.29
      vertex 115.89134456098645 -53.54077988116189 2.6
    endloop
  endfacet
  facet normal 0.8968727415326665 -0.44228869021904554 0
    outer loop
      vertex 115.89134456098645 -53.54077988116189 1.29
      vertex 115.96076951545868 -53.4 1.29
      vertex 115.96076951545868 -53.4 2.6
    endloop
  endfacet
  facet normal 0.8314696123025579 -0.5555702330195834 0
    outer loop
      vertex 115.96076951545868 -53.4 1.29
      vertex 116.04797599165052 -53.26948628518954 1.29
      vertex 116.04797599165052 -53.26948628518954 2.6
    endloop
  endfacet
  facet normal 0.6593458151001 0.7518398074789501 0
    outer loop
      vertex 116.15147186257614 -54.848528137423855 1.29
      vertex 116.15147186257614 -54.848528137423855 2.6
      vertex 116.26948628518953 -54.95202400834948 1.29
    endloop
  endfacet
  facet normal 0.5555702330195729 0.8314696123025648 0
    outer loop
      vertex 116.26948628518953 -54.95202400834948 1.29
      vertex 116.26948628518953 -54.95202400834948 2.6
      vertex 116.4 -55.03923048454133 1.29
    endloop
  endfacet
  facet normal 0.4422886902190091 0.8968727415326844 0
    outer loop
      vertex 116.4 -55.03923048454133 1.29
      vertex 116.4 -55.03923048454133 2.6
      vertex 116.5407798811619 -55.108655439013546 1.29
    endloop
  endfacet
  facet normal 0.3214394653031611 0.9469301294951058 0
    outer loop
      vertex 116.5407798811619 -55.108655439013546 1.29
      vertex 116.5407798811619 -55.108655439013546 2.6
      vertex 116.68941714587697 -55.15911099154688 1.29
    endloop
  endfacet
  facet normal 0.19509032201614018 0.9807852804032281 0
    outer loop
      vertex 116.68941714587697 -55.15911099154688 1.29
      vertex 116.68941714587697 -55.15911099154688 2.6
      vertex 116.84336856933594 -55.189733833648575 1.29
    endloop
  endfacet
  facet normal 0.06540312923014742 0.9978589232386033 0
    outer loop
      vertex 116.84336856933594 -55.189733833648575 1.29
      vertex 116.84336856933594 -55.189733833648575 2.6
      vertex 117 -55.2 1.29
    endloop
  endfacet
  facet normal -0.06540312923014742 0.9978589232386033 0
    outer loop
      vertex 117 -55.2 1.29
      vertex 117 -55.2 2.6
      vertex 117.15663143066406 -55.189733833648575 1.29
    endloop
  endfacet
  facet normal 0.7518398074789697 -0.6593458151000776 0
    outer loop
      vertex 116.04797599165052 -53.26948628518954 1.29
      vertex 116.15147186257614 -53.151471862576145 1.29
      vertex 116.15147186257614 -53.151471862576145 2.6
    endloop
  endfacet
  facet normal 0.6593458151001 -0.7518398074789501 0
    outer loop
      vertex 116.15147186257614 -53.151471862576145 1.29
      vertex 116.26948628518953 -53.04797599165052 1.29
      vertex 116.26948628518953 -53.04797599165052 2.6
    endloop
  endfacet
  facet normal 0.5555702330195729 -0.8314696123025648 0
    outer loop
      vertex 116.26948628518953 -53.04797599165052 1.29
      vertex 116.4 -52.96076951545867 1.29
      vertex 116.4 -52.96076951545867 2.6
    endloop
  endfacet
  facet normal 0.4422886902190091 -0.8968727415326844 0
    outer loop
      vertex 116.4 -52.96076951545867 1.29
      vertex 116.5407798811619 -52.891344560986454 1.29
      vertex 116.5407798811619 -52.891344560986454 2.6
    endloop
  endfacet
  facet normal 0.3214394653031611 -0.9469301294951058 0
    outer loop
      vertex 116.5407798811619 -52.891344560986454 1.29
      vertex 116.68941714587697 -52.84088900845312 1.29
      vertex 116.68941714587697 -52.84088900845312 2.6
    endloop
  endfacet
  facet normal 0.19509032201614018 -0.9807852804032281 0
    outer loop
      vertex 116.68941714587697 -52.84088900845312 1.29
      vertex 116.84336856933594 -52.810266166351425 1.29
      vertex 116.84336856933594 -52.810266166351425 2.6
    endloop
  endfacet
  facet normal 0.06540312923014742 -0.9978589232386033 0
    outer loop
      vertex 116.84336856933594 -52.810266166351425 1.29
      vertex 117 -52.8 1.29
      vertex 117 -52.8 2.6
    endloop
  endfacet
  facet normal -0.19509032201614018 0.9807852804032281 0
    outer loop
      vertex 117.15663143066406 -55.189733833648575 1.29
      vertex 117.15663143066406 -55.189733833648575 2.6
      vertex 117.31058285412303 -55.15911099154688 1.29
    endloop
  endfacet
  facet normal -0.3214394653031611 0.9469301294951058 0
    outer loop
      vertex 117.31058285412303 -55.15911099154688 1.29
      vertex 117.31058285412303 -55.15911099154688 2.6
      vertex 117.4592201188381 -55.108655439013546 1.29
    endloop
  endfacet
  facet normal -0.4422886902190091 0.8968727415326844 0
    outer loop
      vertex 117.4592201188381 -55.108655439013546 1.29
      vertex 117.4592201188381 -55.108655439013546 2.6
      vertex 117.6 -55.03923048454133 1.29
    endloop
  endfacet
  facet normal -0.5555702330195729 0.8314696123025648 0
    outer loop
      vertex 117.6 -55.03923048454133 1.29
      vertex 117.6 -55.03923048454133 2.6
      vertex 117.73051371481047 -54.95202400834948 1.29
    endloop
  endfacet
  facet normal -0.6593458151001 0.7518398074789501 0
    outer loop
      vertex 117.73051371481047 -54.95202400834948 1.29
      vertex 117.73051371481047 -54.95202400834948 2.6
      vertex 117.84852813742386 -54.848528137423855 1.29
    endloop
  endfacet
  facet normal -0.7518398074789697 0.6593458151000776 0
    outer loop
      vertex 117.84852813742386 -54.848528137423855 1.29
      vertex 117.84852813742386 -54.848528137423855 2.6
      vertex 117.95202400834948 -54.73051371481046 1.29
    endloop
  endfacet
  facet normal -0.8314696123025579 0.5555702330195834 0
    outer loop
      vertex 117.95202400834948 -54.73051371481046 1.29
      vertex 117.95202400834948 -54.73051371481046 2.6
      vertex 118.03923048454132 -54.6 1.29
    endloop
  endfacet
  facet normal -0.06540312923014742 -0.9978589232386033 0
    outer loop
      vertex 117 -52.8 1.29
      vertex 117.15663143066406 -52.810266166351425 1.29
      vertex 117.15663143066406 -52.810266166351425 2.6
    endloop
  endfacet
  facet normal -0.19509032201614018 -0.9807852804032281 0
    outer loop
      vertex 117.15663143066406 -52.810266166351425 1.29
      vertex 117.31058285412303 -52.84088900845312 1.29
      vertex 117.31058285412303 -52.84088900845312 2.6
    endloop
  endfacet
  facet normal -0.3214394653031611 -0.9469301294951058 0
    outer loop
      vertex 117.31058285412303 -52.84088900845312 1.29
      vertex 117.4592201188381 -52.891344560986454 1.29
      vertex 117.4592201188381 -52.891344560986454 2.6
    endloop
  endfacet
  facet normal -0.4422886902190091 -0.8968727415326844 0
    outer loop
      vertex 117.4592201188381 -52.891344560986454 1.29
      vertex 117.6 -52.96076951545867 1.29
      vertex 117.6 -52.96076951545867 2.6
    endloop
  endfacet
  facet normal -0.5555702330195729 -0.8314696123025648 0
    outer loop
      vertex 117.6 -52.96076951545867 1.29
      vertex 117.73051371481047 -53.04797599165052 1.29
      vertex 117.73051371481047 -53.04797599165052 2.6
    endloop
  endfacet
  facet normal -0.6593458151001 -0.7518398074789501 0
    outer loop
      vertex 117.73051371481047 -53.04797599165052 1.29
      vertex 117.84852813742386 -53.151471862576145 1.29
      vertex 117.84852813742386 -53.151471862576145 2.6
    endloop
  endfacet
  facet normal -0.7518398074789697 -0.6593458151000776 0
    outer loop
      vertex 117.84852813742386 -53.151471862576145 1.29
      vertex 117.95202400834948 -53.26948628518954 1.29
      vertex 117.95202400834948 -53.26948628518954 2.6
    endloop
  endfacet
  facet normal -0.8314696123025579 -0.5555702330195834 0
    outer loop
      vertex 117.95202400834948 -53.26948628518954 1.29
      vertex 118.03923048454132 -53.4 1.29
      vertex 118.03923048454132 -53.4 2.6
    endloop
  endfacet
  facet normal -0.8968727415326665 0.44228869021904554 0
    outer loop
      vertex 118.03923048454132 -54.6 1.29
      vertex 118.03923048454132 -54.6 2.6
      vertex 118.10865543901355 -54.45922011883811 1.29
    endloop
  endfacet
  facet normal -0.9469301294951105 0.3214394653031473 0
    outer loop
      vertex 118.10865543901355 -54.45922011883811 1.29
      vertex 118.10865543901355 -54.45922011883811 2.6
      vertex 118.15911099154688 -54.31058285412303 1.29
    endloop
  endfacet
  facet normal -0.9807852804032281 0.19509032201614018 0
    outer loop
      vertex 118.15911099154688 -54.31058285412303 1.29
      vertex 118.15911099154688 -54.31058285412303 2.6
      vertex 118.18973383364857 -54.15663143066406 1.29
    endloop
  endfacet
  facet normal -0.9978589232386033 0.06540312923014742 0
    outer loop
      vertex 118.18973383364857 -54.15663143066406 1.29
      vertex 118.18973383364857 -54.15663143066406 2.6
      vertex 118.2 -54 1.29
    endloop
  endfacet
  facet normal -0.8968727415326665 -0.44228869021904554 0
    outer loop
      vertex 118.10865543901355 -53.54077988116189 1.29
      vertex 118.10865543901355 -53.54077988116189 2.6
      vertex 118.03923048454132 -53.4 1.29
    endloop
  endfacet
  facet normal -0.9469301294951105 -0.3214394653031473 0
    outer loop
      vertex 118.10865543901355 -53.54077988116189 1.29
      vertex 118.15911099154688 -53.68941714587697 1.29
      vertex 118.15911099154688 -53.68941714587697 2.6
    endloop
  endfacet
  facet normal -0.9978589232386033 -0.06540312923014742 0
    outer loop
      vertex 118.2 -54 1.29
      vertex 118.2 -54 2.6
      vertex 118.18973383364857 -53.84336856933594 1.29
    endloop
  endfacet
  facet normal -0.9807852804032281 -0.19509032201614018 0
    outer loop
      vertex 118.15911099154688 -53.68941714587697 1.29
      vertex 118.18973383364857 -53.84336856933594 1.29
      vertex 118.18973383364857 -53.84336856933594 2.6
    endloop
  endfacet
  facet normal 0.9807852804032281 0.19509032201614018 0
    outer loop
      vertex 115.84088900845312 -54.31058285412303 1.29
      vertex 115.81026616635143 -54.15663143066406 2.6
      vertex 115.84088900845312 -54.31058285412303 2.6
    endloop
  endfacet
  facet normal 0.9978589232386033 0.06540312923014742 0
    outer loop
      vertex 115.81026616635143 -54.15663143066406 1.29
      vertex 115.8 -54 2.6
      vertex 115.81026616635143 -54.15663143066406 2.6
    endloop
  endfacet
  facet normal 0.9978589232386033 -0.06540312923014742 0
    outer loop
      vertex 115.8 -54 1.29
      vertex 115.81026616635143 -53.84336856933594 2.6
      vertex 115.8 -54 2.6
    endloop
  endfacet
  facet normal 0.9807852804032281 -0.19509032201614018 0
    outer loop
      vertex 115.81026616635143 -53.84336856933594 1.29
      vertex 115.84088900845312 -53.68941714587697 2.6
      vertex 115.81026616635143 -53.84336856933594 2.6
    endloop
  endfacet
  facet normal 0.9469301294951105 0.3214394653031473 0
    outer loop
      vertex 115.89134456098645 -54.45922011883811 1.29
      vertex 115.84088900845312 -54.31058285412303 2.6
      vertex 115.89134456098645 -54.45922011883811 2.6
    endloop
  endfacet
  facet normal 0.8968727415326665 0.44228869021904554 0
    outer loop
      vertex 115.96076951545868 -54.6 1.29
      vertex 115.89134456098645 -54.45922011883811 2.6
      vertex 115.96076951545868 -54.6 2.6
    endloop
  endfacet
  facet normal 0.8314696123025579 0.5555702330195834 0
    outer loop
      vertex 116.04797599165052 -54.73051371481046 1.29
      vertex 115.96076951545868 -54.6 2.6
      vertex 116.04797599165052 -54.73051371481046 2.6
    endloop
  endfacet
  facet normal 0.9469301294951105 -0.3214394653031473 0
    outer loop
      vertex 115.84088900845312 -53.68941714587697 1.29
      vertex 115.89134456098645 -53.54077988116189 2.6
      vertex 115.84088900845312 -53.68941714587697 2.6
    endloop
  endfacet
  facet normal 0.8968727415326665 -0.44228869021904554 0
    outer loop
      vertex 115.89134456098645 -53.54077988116189 1.29
      vertex 115.96076951545868 -53.4 2.6
      vertex 115.89134456098645 -53.54077988116189 2.6
    endloop
  endfacet
  facet normal 0.8314696123025579 -0.5555702330195834 0
    outer loop
      vertex 115.96076951545868 -53.4 1.29
      vertex 116.04797599165052 -53.26948628518954 2.6
      vertex 115.96076951545868 -53.4 2.6
    endloop
  endfacet
  facet normal 0.7518398074789697 -0.6593458151000776 0
    outer loop
      vertex 116.04797599165052 -53.26948628518954 1.29
      vertex 116.15147186257614 -53.151471862576145 2.6
      vertex 116.04797599165052 -53.26948628518954 2.6
    endloop
  endfacet
  facet normal 0.7518398074789697 0.6593458151000776 0
    outer loop
      vertex 116.15147186257614 -54.848528137423855 1.29
      vertex 116.04797599165052 -54.73051371481046 2.6
      vertex 116.15147186257614 -54.848528137423855 2.6
    endloop
  endfacet
  facet normal 0.6593458151001 0.7518398074789501 0
    outer loop
      vertex 116.26948628518953 -54.95202400834948 1.29
      vertex 116.15147186257614 -54.848528137423855 2.6
      vertex 116.26948628518953 -54.95202400834948 2.6
    endloop
  endfacet
  facet normal 0.5555702330195729 0.8314696123025648 0
    outer loop
      vertex 116.4 -55.03923048454133 1.29
      vertex 116.26948628518953 -54.95202400834948 2.6
      vertex 116.4 -55.03923048454133 2.6
    endloop
  endfacet
  facet normal 0.4422886902190091 0.8968727415326844 0
    outer loop
      vertex 116.5407798811619 -55.108655439013546 1.29
      vertex 116.4 -55.03923048454133 2.6
      vertex 116.5407798811619 -55.108655439013546 2.6
    endloop
  endfacet
  facet normal 0.3214394653031611 0.9469301294951058 0
    outer loop
      vertex 116.68941714587697 -55.15911099154688 1.29
      vertex 116.5407798811619 -55.108655439013546 2.6
      vertex 116.68941714587697 -55.15911099154688 2.6
    endloop
  endfacet
  facet normal 0.19509032201614018 0.9807852804032281 0
    outer loop
      vertex 116.84336856933594 -55.189733833648575 1.29
      vertex 116.68941714587697 -55.15911099154688 2.6
      vertex 116.84336856933594 -55.189733833648575 2.6
    endloop
  endfacet
  facet normal 0.06540312923014742 0.9978589232386033 0
    outer loop
      vertex 117 -55.2 1.29
      vertex 116.84336856933594 -55.189733833648575 2.6
      vertex 117 -55.2 2.6
    endloop
  endfacet
  facet normal 0.6593458151001 -0.7518398074789501 0
    outer loop
      vertex 116.15147186257614 -53.151471862576145 1.29
      vertex 116.26948628518953 -53.04797599165052 2.6
      vertex 116.15147186257614 -53.151471862576145 2.6
    endloop
  endfacet
  facet normal 0.5555702330195729 -0.8314696123025648 0
    outer loop
      vertex 116.26948628518953 -53.04797599165052 1.29
      vertex 116.4 -52.96076951545867 2.6
      vertex 116.26948628518953 -53.04797599165052 2.6
    endloop
  endfacet
  facet normal 0.4422886902190091 -0.8968727415326844 0
    outer loop
      vertex 116.4 -52.96076951545867 1.29
      vertex 116.5407798811619 -52.891344560986454 2.6
      vertex 116.4 -52.96076951545867 2.6
    endloop
  endfacet
  facet normal 0.3214394653031611 -0.9469301294951058 0
    outer loop
      vertex 116.5407798811619 -52.891344560986454 1.29
      vertex 116.68941714587697 -52.84088900845312 2.6
      vertex 116.5407798811619 -52.891344560986454 2.6
    endloop
  endfacet
  facet normal 0.19509032201614018 -0.9807852804032281 0
    outer loop
      vertex 116.68941714587697 -52.84088900845312 1.29
      vertex 116.84336856933594 -52.810266166351425 2.6
      vertex 116.68941714587697 -52.84088900845312 2.6
    endloop
  endfacet
  facet normal 0.06540312923014742 -0.9978589232386033 0
    outer loop
      vertex 116.84336856933594 -52.810266166351425 1.29
      vertex 117 -52.8 2.6
      vertex 116.84336856933594 -52.810266166351425 2.6
    endloop
  endfacet
  facet normal -0.06540312923014742 -0.9978589232386033 0
    outer loop
      vertex 117 -52.8 1.29
      vertex 117.15663143066406 -52.810266166351425 2.6
      vertex 117 -52.8 2.6
    endloop
  endfacet
  facet normal -0.06540312923014742 0.9978589232386033 0
    outer loop
      vertex 117.15663143066406 -55.189733833648575 1.29
      vertex 117 -55.2 2.6
      vertex 117.15663143066406 -55.189733833648575 2.6
    endloop
  endfacet
  facet normal -0.19509032201614018 0.9807852804032281 0
    outer loop
      vertex 117.31058285412303 -55.15911099154688 1.29
      vertex 117.15663143066406 -55.189733833648575 2.6
      vertex 117.31058285412303 -55.15911099154688 2.6
    endloop
  endfacet
  facet normal -0.3214394653031611 0.9469301294951058 0
    outer loop
      vertex 117.4592201188381 -55.108655439013546 1.29
      vertex 117.31058285412303 -55.15911099154688 2.6
      vertex 117.4592201188381 -55.108655439013546 2.6
    endloop
  endfacet
  facet normal -0.4422886902190091 0.8968727415326844 0
    outer loop
      vertex 117.6 -55.03923048454133 1.29
      vertex 117.4592201188381 -55.108655439013546 2.6
      vertex 117.6 -55.03923048454133 2.6
    endloop
  endfacet
  facet normal -0.5555702330195729 0.8314696123025648 0
    outer loop
      vertex 117.73051371481047 -54.95202400834948 1.29
      vertex 117.6 -55.03923048454133 2.6
      vertex 117.73051371481047 -54.95202400834948 2.6
    endloop
  endfacet
  facet normal -0.6593458151001 0.7518398074789501 0
    outer loop
      vertex 117.84852813742386 -54.848528137423855 1.29
      vertex 117.73051371481047 -54.95202400834948 2.6
      vertex 117.84852813742386 -54.848528137423855 2.6
    endloop
  endfacet
  facet normal -0.7518398074789697 0.6593458151000776 0
    outer loop
      vertex 117.95202400834948 -54.73051371481046 1.29
      vertex 117.84852813742386 -54.848528137423855 2.6
      vertex 117.95202400834948 -54.73051371481046 2.6
    endloop
  endfacet
  facet normal -0.8314696123025579 0.5555702330195834 0
    outer loop
      vertex 118.03923048454132 -54.6 1.29
      vertex 117.95202400834948 -54.73051371481046 2.6
      vertex 118.03923048454132 -54.6 2.6
    endloop
  endfacet
  facet normal -0.19509032201614018 -0.9807852804032281 0
    outer loop
      vertex 117.15663143066406 -52.810266166351425 1.29
      vertex 117.31058285412303 -52.84088900845312 2.6
      vertex 117.15663143066406 -52.810266166351425 2.6
    endloop
  endfacet
  facet normal -0.3214394653031611 -0.9469301294951058 0
    outer loop
      vertex 117.31058285412303 -52.84088900845312 1.29
      vertex 117.4592201188381 -52.891344560986454 2.6
      vertex 117.31058285412303 -52.84088900845312 2.6
    endloop
  endfacet
  facet normal -0.4422886902190091 -0.8968727415326844 0
    outer loop
      vertex 117.4592201188381 -52.891344560986454 1.29
      vertex 117.6 -52.96076951545867 2.6
      vertex 117.4592201188381 -52.891344560986454 2.6
    endloop
  endfacet
  facet normal -0.5555702330195729 -0.8314696123025648 0
    outer loop
      vertex 117.6 -52.96076951545867 1.29
      vertex 117.73051371481047 -53.04797599165052 2.6
      vertex 117.6 -52.96076951545867 2.6
    endloop
  endfacet
  facet normal -0.6593458151001 -0.7518398074789501 0
    outer loop
      vertex 117.73051371481047 -53.04797599165052 1.29
      vertex 117.84852813742386 -53.151471862576145 2.6
      vertex 117.73051371481047 -53.04797599165052 2.6
    endloop
  endfacet
  facet normal -0.7518398074789697 -0.6593458151000776 0
    outer loop
      vertex 117.84852813742386 -53.151471862576145 1.29
      vertex 117.95202400834948 -53.26948628518954 2.6
      vertex 117.84852813742386 -53.151471862576145 2.6
    endloop
  endfacet
  facet normal -0.8314696123025579 -0.5555702330195834 0
    outer loop
      vertex 117.95202400834948 -53.26948628518954 1.29
      vertex 118.03923048454132 -53.4 2.6
      vertex 117.95202400834948 -53.26948628518954 2.6
    endloop
  endfacet
  facet normal -0.8968727415326665 0.44228869021904554 0
    outer loop
      vertex 118.10865543901355 -54.45922011883811 1.29
      vertex 118.03923048454132 -54.6 2.6
      vertex 118.10865543901355 -54.45922011883811 2.6
    endloop
  endfacet
  facet normal -0.9469301294951105 0.3214394653031473 0
    outer loop
      vertex 118.15911099154688 -54.31058285412303 1.29
      vertex 118.10865543901355 -54.45922011883811 2.6
      vertex 118.15911099154688 -54.31058285412303 2.6
    endloop
  endfacet
  facet normal -0.9807852804032281 0.19509032201614018 0
    outer loop
      vertex 118.18973383364857 -54.15663143066406 1.29
      vertex 118.15911099154688 -54.31058285412303 2.6
      vertex 118.18973383364857 -54.15663143066406 2.6
    endloop
  endfacet
  facet normal -0.8968727415326665 -0.44228869021904554 0
    outer loop
      vertex 118.03923048454132 -53.4 1.29
      vertex 118.10865543901355 -53.54077988116189 2.6
      vertex 118.03923048454132 -53.4 2.6
    endloop
  endfacet
  facet normal -0.9469301294951105 -0.3214394653031473 0
    outer loop
      vertex 118.10865543901355 -53.54077988116189 1.29
      vertex 118.15911099154688 -53.68941714587697 2.6
      vertex 118.10865543901355 -53.54077988116189 2.6
    endloop
  endfacet
  facet normal -0.9978589232386033 0.06540312923014742 0
    outer loop
      vertex 118.2 -54 1.29
      vertex 118.18973383364857 -54.15663143066406 2.6
      vertex 118.2 -54 2.6
    endloop
  endfacet
  facet normal -0.9978589232386033 -0.06540312923014742 0
    outer loop
      vertex 118.18973383364857 -53.84336856933594 1.29
      vertex 118.2 -54 2.6
      vertex 118.18973383364857 -53.84336856933594 2.6
    endloop
  endfacet
  facet normal -0.9807852804032281 -0.19509032201614018 0
    outer loop
      vertex 118.15911099154688 -53.68941714587697 1.29
      vertex 118.18973383364857 -53.84336856933594 2.6
      vertex 118.15911099154688 -53.68941714587697 2.6
    endloop
  endfacet
  facet normal 0.26446834963645577 0.7790986347380491 -0.5683852649302915
    outer loop
      vertex 116.3941776080817 -56 0
      vertex 116.19901413887276 -55.933750929202475 0
      vertex 116.46410161513775 -56 0.03253547881532097
    endloop
  endfacet
  facet normal 0.737913291273572 0.36389856439927504 -0.5683852649303561
    outer loop
      vertex 115.89134456098645 -54.45922011883811 1.29
      vertex 115.18734221254041 -55.04653846153846 0
      vertex 115.06624907079753 -54.80098586112724 0
    endloop
  endfacet
  facet normal 0.6841020468072373 0.45710237383347185 -0.5683852649303582
    outer loop
      vertex 115.96076951545868 -54.6 1.29
      vertex 115.33945043159042 -55.27418449871748 0
      vertex 115.18734221254041 -55.04653846153846 0
    endloop
  endfacet
  facet normal 0.8069533845551129 0.1605130080868833 -0.5683852649303538
    outer loop
      vertex 115.81026616635143 -54.15663143066406 1.29
      vertex 114.97824294359035 -54.541728170556894 0
      vertex 114.92482964015528 -54.27320136079289 0
    endloop
  endfacet
  facet normal 0.8210009382327377 0.05381124446633592 -0.568385264930354
    outer loop
      vertex 115.8 -54 1.29
      vertex 114.92482964015528 -54.27320136079289 0
      vertex 114.90692307692308 -54 0
    endloop
  endfacet
  facet normal 0.779098634738008 0.26446834963643845 -0.5683852649303556
    outer loop
      vertex 115.84088900845312 -54.31058285412303 1.29
      vertex 115.06624907079753 -54.80098586112724 0
      vertex 114.97824294359035 -54.541728170556894 0
    endloop
  endfacet
  facet normal 0.8210009382327377 -0.05381124446633592 -0.568385264930354
    outer loop
      vertex 115.81026616635143 -53.84336856933594 1.29
      vertex 114.90692307692308 -54 0
      vertex 114.92482964015528 -53.72679863920711 0
    endloop
  endfacet
  facet normal 0.8069533845551121 -0.16051300808688315 -0.5683852649303548
    outer loop
      vertex 115.84088900845312 -53.68941714587697 1.29
      vertex 114.92482964015528 -53.72679863920711 0
      vertex 114.97824294359035 -53.458271829443106 0
    endloop
  endfacet
  facet normal 0.6185856266511134 0.542485034918659 -0.5683852649303556
    outer loop
      vertex 116.04797599165052 -54.73051371481046 1.29
      vertex 115.51997111414724 -55.48002888585277 0
      vertex 115.33945043159042 -55.27418449871748 0
    endloop
  endfacet
  facet normal 0.5424850349186559 0.6185856266511158 -0.5683852649303562
    outer loop
      vertex 116.15147186257614 -54.848528137423855 1.29
      vertex 115.72581550128251 -55.66054956840957 0
      vertex 115.51997111414724 -55.48002888585277 0
    endloop
  endfacet
  facet normal 0.4571023738334641 0.6841020468072466 -0.5683852649303531
    outer loop
      vertex 116.26948628518953 -54.95202400834948 1.29
      vertex 115.95346153846154 -55.81265778745958 0
      vertex 115.72581550128251 -55.66054956840957 0
    endloop
  endfacet
  facet normal 0.7790986347380077 -0.26446834963643856 -0.568385264930356
    outer loop
      vertex 115.89134456098645 -53.54077988116189 1.29
      vertex 114.97824294359035 -53.458271829443106 0
      vertex 115.06624907079753 -53.19901413887276 0
    endloop
  endfacet
  facet normal 0.7379132912735703 -0.36389856439927415 -0.5683852649303589
    outer loop
      vertex 115.96076951545868 -53.4 1.29
      vertex 115.06624907079753 -53.19901413887276 0
      vertex 115.18734221254041 -52.95346153846154 0
    endloop
  endfacet
  facet normal 0.6841020468072384 -0.4571023738334726 -0.5683852649303561
    outer loop
      vertex 116.04797599165052 -53.26948628518954 1.29
      vertex 115.18734221254041 -52.95346153846154 0
      vertex 115.33945043159042 -52.72581550128252 0
    endloop
  endfacet
  facet normal 0.6185856266511129 -0.5424850349186591 -0.5683852649303561
    outer loop
      vertex 116.15147186257614 -53.151471862576145 1.29
      vertex 115.33945043159042 -52.72581550128252 0
      vertex 115.51997111414724 -52.51997111414723 0
    endloop
  endfacet
  facet normal 0.542485034918657 -0.6185856266511172 -0.5683852649303536
    outer loop
      vertex 116.26948628518953 -53.04797599165052 1.29
      vertex 115.51997111414724 -52.51997111414723 0
      vertex 115.72581550128251 -52.33945043159043 0
    endloop
  endfacet
  facet normal 0.45710237383346325 -0.6841020468072456 -0.5683852649303551
    outer loop
      vertex 116.4 -52.96076951545867 1.29
      vertex 115.72581550128251 -52.33945043159043 0
      vertex 115.95346153846154 -52.18734221254042 0
    endloop
  endfacet
  facet normal 0.36389856439930046 0.7379132912735599 -0.5683852649303557
    outer loop
      vertex 116.4 -55.03923048454133 1.29
      vertex 116.19901413887276 -55.933750929202475 0
      vertex 115.95346153846154 -55.81265778745958 0
    endloop
  endfacet
  facet normal 0.2644683496364524 0.7790986347380013 -0.5683852649303585
    outer loop
      vertex 116.5407798811619 -55.108655439013546 1.29
      vertex 116.46410161513775 -56 0.03253547881532097
      vertex 116.19901413887276 -55.933750929202475 0
    endloop
  endfacet
  facet normal 0.16051300808688213 0.8069533845551101 -0.5683852649303578
    outer loop
      vertex 116.68941714587697 -55.15911099154688 1.29
      vertex 116.73669500482521 -56 0.10951633610178606
      vertex 116.46410161513775 -56 0.03253547881532097
    endloop
  endfacet
  facet normal 0.053811244466327145 0.8210009382327366 -0.5683852649303565
    outer loop
      vertex 116.84336856933594 -55.189733833648575 1.29
      vertex 117 -56 0.13444444444444673
      vertex 116.73669500482521 -56 0.10951633610178606
    endloop
  endfacet
  facet normal 0.36389856439929996 -0.7379132912735583 -0.568385264930358
    outer loop
      vertex 116.5407798811619 -52.891344560986454 1.29
      vertex 115.95346153846154 -52.18734221254042 0
      vertex 116.19901413887276 -52.066249070797525 0
    endloop
  endfacet
  facet normal 0.2644683496364509 -0.7790986347380021 -0.5683852649303579
    outer loop
      vertex 116.68941714587697 -52.84088900845312 1.29
      vertex 116.19901413887276 -52.066249070797525 0
      vertex 116.4582718294431 -51.97824294359034 0
    endloop
  endfacet
  facet normal 0.1605130080868869 -0.8069533845551096 -0.5683852649303572
    outer loop
      vertex 116.84336856933594 -52.810266166351425 1.29
      vertex 116.4582718294431 -51.97824294359034 0
      vertex 116.7267986392071 -51.924829640155274 0
    endloop
  endfacet
  facet normal 0.053811244466313385 -0.8210009382327387 -0.5683852649303548
    outer loop
      vertex 117 -52.8 1.29
      vertex 116.7267986392071 -51.924829640155274 0
      vertex 117 -51.90692307692308 0
    endloop
  endfacet
  facet normal -0.7790986347380378 0.26446834963646154 -0.568385264930304
    outer loop
      vertex 119 -54.605822391918295 0
      vertex 118.93375092920247 -54.80098586112724 0
      vertex 119 -54.53589838486225 0.03253547881532097
    endloop
  endfacet
  facet normal -0.2644683496364854 0.7790986347379909 -0.568385264930357
    outer loop
      vertex 117.31058285412303 -55.15911099154688 1.29
      vertex 117.6058223919183 -56 0
      vertex 117.53589838486225 -56 0.03253547881532097
    endloop
  endfacet
  facet normal -0.053811244466326985 0.8210009382327371 -0.5683852649303556
    outer loop
      vertex 117 -55.2 1.29
      vertex 117.26330499517479 -56 0.10951633610178606
      vertex 117 -56 0.13444444444444673
    endloop
  endfacet
  facet normal -0.1605130080868816 0.8069533845551109 -0.5683852649303568
    outer loop
      vertex 117.15663143066406 -55.189733833648575 1.29
      vertex 117.53589838486225 -56 0.03253547881532097
      vertex 117.26330499517479 -56 0.10951633610178606
    endloop
  endfacet
  facet normal -0.2644683496364409 0.7790986347380054 -0.5683852649303581
    outer loop
      vertex 117.4592201188381 -55.108655439013546 1.29
      vertex 117.80098586112724 -55.933750929202475 0
      vertex 117.6058223919183 -56 0
    endloop
  endfacet
  facet normal -0.36389856439929996 0.7379132912735583 -0.568385264930358
    outer loop
      vertex 117.4592201188381 -55.108655439013546 1.29
      vertex 118.04653846153846 -55.81265778745958 0
      vertex 117.80098586112724 -55.933750929202475 0
    endloop
  endfacet
  facet normal -0.45710237383346325 0.6841020468072456 -0.5683852649303551
    outer loop
      vertex 117.6 -55.03923048454133 1.29
      vertex 118.27418449871749 -55.66054956840957 0
      vertex 118.04653846153846 -55.81265778745958 0
    endloop
  endfacet
  facet normal -0.053811244466313295 -0.8210009382327373 -0.5683852649303567
    outer loop
      vertex 117.15663143066406 -52.810266166351425 1.29
      vertex 117 -51.90692307692308 0
      vertex 117.2732013607929 -51.924829640155274 0
    endloop
  endfacet
  facet normal -0.16051300808688632 -0.8069533845551092 -0.568385264930358
    outer loop
      vertex 117.31058285412303 -52.84088900845312 1.29
      vertex 117.2732013607929 -51.924829640155274 0
      vertex 117.5417281705569 -51.97824294359034 0
    endloop
  endfacet
  facet normal -0.26446834963645055 -0.7790986347380019 -0.5683852649303583
    outer loop
      vertex 117.4592201188381 -52.891344560986454 1.29
      vertex 117.5417281705569 -51.97824294359034 0
      vertex 117.80098586112724 -52.066249070797525 0
    endloop
  endfacet
  facet normal -0.36389856439930046 -0.7379132912735599 -0.5683852649303557
    outer loop
      vertex 117.6 -52.96076951545867 1.29
      vertex 117.80098586112724 -52.066249070797525 0
      vertex 118.04653846153846 -52.18734221254042 0
    endloop
  endfacet
  facet normal -0.4571023738334641 -0.6841020468072466 -0.5683852649303531
    outer loop
      vertex 117.73051371481047 -53.04797599165052 1.29
      vertex 118.04653846153846 -52.18734221254042 0
      vertex 118.27418449871749 -52.33945043159043 0
    endloop
  endfacet
  facet normal -0.542485034918657 0.6185856266511172 -0.5683852649303536
    outer loop
      vertex 117.73051371481047 -54.95202400834948 1.29
      vertex 118.48002888585276 -55.48002888585277 0
      vertex 118.27418449871749 -55.66054956840957 0
    endloop
  endfacet
  facet normal -0.6185856266511129 0.5424850349186591 -0.5683852649303561
    outer loop
      vertex 117.84852813742386 -54.848528137423855 1.29
      vertex 118.66054956840958 -55.27418449871748 0
      vertex 118.48002888585276 -55.48002888585277 0
    endloop
  endfacet
  facet normal -0.6841020468072384 0.4571023738334726 -0.5683852649303561
    outer loop
      vertex 117.95202400834948 -54.73051371481046 1.29
      vertex 118.81265778745959 -55.04653846153846 0
      vertex 118.66054956840958 -55.27418449871748 0
    endloop
  endfacet
  facet normal -0.7379132912735703 0.36389856439927415 -0.5683852649303589
    outer loop
      vertex 118.03923048454132 -54.6 1.29
      vertex 118.93375092920247 -54.80098586112724 0
      vertex 118.81265778745959 -55.04653846153846 0
    endloop
  endfacet
  facet normal -0.7790986347380003 0.26446834963645893 -0.5683852649303566
    outer loop
      vertex 118.10865543901355 -54.45922011883811 1.29
      vertex 119 -54.53589838486225 0.03253547881532097
      vertex 118.93375092920247 -54.80098586112724 0
    endloop
  endfacet
  facet normal -0.7790986347379909 -0.2644683496364854 -0.568385264930357
    outer loop
      vertex 118.15911099154688 -53.68941714587697 1.29
      vertex 119 -53.394177608081705 0
      vertex 119 -53.46410161513775 0.03253547881532097
    endloop
  endfacet
  facet normal -0.8069533845551101 0.16051300808688213 -0.5683852649303578
    outer loop
      vertex 118.15911099154688 -54.31058285412303 1.29
      vertex 119 -54.26330499517479 0.10951633610178606
      vertex 119 -54.53589838486225 0.03253547881532097
    endloop
  endfacet
  facet normal -0.8210009382327383 0.05381124446630697 -0.5683852649303559
    outer loop
      vertex 118.18973383364857 -54.15663143066406 1.29
      vertex 119 -54 0.1344444444444376
      vertex 119 -54.26330499517479 0.10951633610178606
    endloop
  endfacet
  facet normal -0.8069533845551109 -0.1605130080868816 -0.5683852649303568
    outer loop
      vertex 118.18973383364857 -53.84336856933594 1.29
      vertex 119 -53.46410161513775 0.03253547881532097
      vertex 119 -53.73669500482521 0.10951633610178606
    endloop
  endfacet
  facet normal -0.8210009382327402 -0.05381124446630669 -0.5683852649303532
    outer loop
      vertex 118.2 -54 1.29
      vertex 119 -53.73669500482521 0.10951633610178606
      vertex 119 -54 0.1344444444444376
    endloop
  endfacet
  facet normal -0.5424850349186559 -0.6185856266511158 -0.5683852649303562
    outer loop
      vertex 117.84852813742386 -53.151471862576145 1.29
      vertex 118.27418449871749 -52.33945043159043 0
      vertex 118.48002888585276 -52.51997111414723 0
    endloop
  endfacet
  facet normal -0.6185856266511134 -0.542485034918659 -0.5683852649303556
    outer loop
      vertex 117.95202400834948 -53.26948628518954 1.29
      vertex 118.48002888585276 -52.51997111414723 0
      vertex 118.66054956840958 -52.72581550128252 0
    endloop
  endfacet
  facet normal -0.6841020468072373 -0.45710237383347185 -0.5683852649303582
    outer loop
      vertex 118.03923048454132 -53.4 1.29
      vertex 118.66054956840958 -52.72581550128252 0
      vertex 118.81265778745959 -52.95346153846154 0
    endloop
  endfacet
  facet normal -0.737913291273572 -0.36389856439927504 -0.5683852649303561
    outer loop
      vertex 118.10865543901355 -53.54077988116189 1.29
      vertex 118.81265778745959 -52.95346153846154 0
      vertex 118.93375092920247 -53.19901413887276 0
    endloop
  endfacet
  facet normal -0.7790986347380034 -0.2644683496364499 -0.5683852649303565
    outer loop
      vertex 118.10865543901355 -53.54077988116189 1.29
      vertex 118.93375092920247 -53.19901413887276 0
      vertex 119 -53.394177608081705 0
    endloop
  endfacet
  facet normal 0.7790986347380054 0.2644683496364445 -0.5683852649303561
    outer loop
      vertex 115.84088900845312 -54.31058285412303 1.29
      vertex 115.89134456098645 -54.45922011883811 1.29
      vertex 115.06624907079753 -54.80098586112724 0
    endloop
  endfacet
  facet normal 0.8069533845551095 0.16051300808689456 -0.5683852649303552
    outer loop
      vertex 115.84088900845312 -54.31058285412303 1.29
      vertex 114.97824294359035 -54.541728170556894 0
      vertex 115.81026616635143 -54.15663143066406 1.29
    endloop
  endfacet
  facet normal 0.8210009382327376 0.053811244466336734 -0.5683852649303541
    outer loop
      vertex 115.8 -54 1.29
      vertex 115.81026616635143 -54.15663143066406 1.29
      vertex 114.92482964015528 -54.27320136079289 0
    endloop
  endfacet
  facet normal 0.8210009382327376 -0.053811244466336734 -0.568385264930354
    outer loop
      vertex 115.8 -54 1.29
      vertex 114.90692307692308 -54 0
      vertex 115.81026616635143 -53.84336856933594 1.29
    endloop
  endfacet
  facet normal 0.8069533845551107 -0.1605130080868948 -0.5683852649303535
    outer loop
      vertex 115.81026616635143 -53.84336856933594 1.29
      vertex 114.92482964015528 -53.72679863920711 0
      vertex 115.84088900845312 -53.68941714587697 1.29
    endloop
  endfacet
  facet normal 0.7790986347380062 -0.2644683496364448 -0.5683852649303552
    outer loop
      vertex 115.84088900845312 -53.68941714587697 1.29
      vertex 114.97824294359035 -53.458271829443106 0
      vertex 115.89134456098645 -53.54077988116189 1.29
    endloop
  endfacet
  facet normal 0.6841020468072527 0.4571023738334522 -0.5683852649303553
    outer loop
      vertex 115.96076951545868 -54.6 1.29
      vertex 116.04797599165052 -54.73051371481046 1.29
      vertex 115.33945043159042 -55.27418449871748 0
    endloop
  endfacet
  facet normal 0.6185856266511105 0.5424850349186617 -0.5683852649303561
    outer loop
      vertex 116.15147186257614 -54.848528137423855 1.29
      vertex 115.51997111414724 -55.48002888585277 0
      vertex 116.04797599165052 -54.73051371481046 1.29
    endloop
  endfacet
  facet normal 0.5424850349186818 0.6185856266510962 -0.5683852649303526
    outer loop
      vertex 116.15147186257614 -54.848528137423855 1.29
      vertex 116.26948628518953 -54.95202400834948 1.29
      vertex 115.72581550128251 -55.66054956840957 0
    endloop
  endfacet
  facet normal 0.7379132912735547 0.3638985643993042 -0.56838526493036
    outer loop
      vertex 115.89134456098645 -54.45922011883811 1.29
      vertex 115.96076951545868 -54.6 1.29
      vertex 115.18734221254041 -55.04653846153846 0
    endloop
  endfacet
  facet normal 0.7379132912735576 -0.3638985643993057 -0.568385264930355
    outer loop
      vertex 115.89134456098645 -53.54077988116189 1.29
      vertex 115.06624907079753 -53.19901413887276 0
      vertex 115.96076951545868 -53.4 1.29
    endloop
  endfacet
  facet normal 0.6841020468072507 -0.4571023738334508 -0.568385264930359
    outer loop
      vertex 115.96076951545868 -53.4 1.29
      vertex 115.18734221254041 -52.95346153846154 0
      vertex 116.04797599165052 -53.26948628518954 1.29
    endloop
  endfacet
  facet normal 0.6185856266511108 -0.542485034918662 -0.5683852649303556
    outer loop
      vertex 116.04797599165052 -53.26948628518954 1.29
      vertex 115.33945043159042 -52.72581550128252 0
      vertex 116.15147186257614 -53.151471862576145 1.29
    endloop
  endfacet
  facet normal 0.5424850349186798 -0.6185856266510938 -0.5683852649303572
    outer loop
      vertex 116.15147186257614 -53.151471862576145 1.29
      vertex 115.51997111414724 -52.51997111414723 0
      vertex 116.26948628518953 -53.04797599165052 1.29
    endloop
  endfacet
  facet normal 0.4571023738334434 0.6841020468072582 -0.5683852649303559
    outer loop
      vertex 116.26948628518953 -54.95202400834948 1.29
      vertex 116.4 -55.03923048454133 1.29
      vertex 115.95346153846154 -55.81265778745958 0
    endloop
  endfacet
  facet normal 0.3638985643992746 0.7379132912735702 -0.5683852649303588
    outer loop
      vertex 116.4 -55.03923048454133 1.29
      vertex 116.5407798811619 -55.108655439013546 1.29
      vertex 116.19901413887276 -55.933750929202475 0
    endloop
  endfacet
  facet normal 0.2644683496364555 0.7790986347380005 -0.568385264930358
    outer loop
      vertex 116.5407798811619 -55.108655439013546 1.29
      vertex 116.68941714587697 -55.15911099154688 1.29
      vertex 116.46410161513775 -56 0.03253547881532097
    endloop
  endfacet
  facet normal 0.16051300808689445 0.8069533845551088 -0.5683852649303563
    outer loop
      vertex 116.68941714587697 -55.15911099154688 1.29
      vertex 116.84336856933594 -55.189733833648575 1.29
      vertex 116.73669500482521 -56 0.10951633610178606
    endloop
  endfacet
  facet normal 0.05381124446633668 0.8210009382327368 -0.5683852649303552
    outer loop
      vertex 116.84336856933594 -55.189733833648575 1.29
      vertex 117 -55.2 1.29
      vertex 117 -56 0.13444444444444673
    endloop
  endfacet
  facet normal 0.4571023738334447 -0.6841020468072602 -0.5683852649303525
    outer loop
      vertex 116.26948628518953 -53.04797599165052 1.29
      vertex 115.72581550128251 -52.33945043159043 0
      vertex 116.4 -52.96076951545867 1.29
    endloop
  endfacet
  facet normal 0.3638985643992758 -0.7379132912735726 -0.5683852649303549
    outer loop
      vertex 116.4 -52.96076951545867 1.29
      vertex 115.95346153846154 -52.18734221254042 0
      vertex 116.5407798811619 -52.891344560986454 1.29
    endloop
  endfacet
  facet normal 0.2644683496364554 -0.7790986347380001 -0.5683852649303585
    outer loop
      vertex 116.5407798811619 -52.891344560986454 1.29
      vertex 116.19901413887276 -52.066249070797525 0
      vertex 116.68941714587697 -52.84088900845312 1.29
    endloop
  endfacet
  facet normal 0.16051300808689414 -0.8069533845551075 -0.5683852649303581
    outer loop
      vertex 116.68941714587697 -52.84088900845312 1.29
      vertex 116.4582718294431 -51.97824294359034 0
      vertex 116.84336856933594 -52.810266166351425 1.29
    endloop
  endfacet
  facet normal 0.05381124446633658 -0.8210009382327352 -0.5683852649303573
    outer loop
      vertex 116.84336856933594 -52.810266166351425 1.29
      vertex 116.7267986392071 -51.924829640155274 0
      vertex 117 -52.8 1.29
    endloop
  endfacet
  facet normal -0.053811244466336734 -0.8210009382327376 -0.568385264930354
    outer loop
      vertex 117 -52.8 1.29
      vertex 117 -51.90692307692308 0
      vertex 117.15663143066406 -52.810266166351425 1.29
    endloop
  endfacet
  facet normal -0.16051300808689417 0.8069533845551075 -0.5683852649303582
    outer loop
      vertex 117.15663143066406 -55.189733833648575 1.29
      vertex 117.31058285412303 -55.15911099154688 1.29
      vertex 117.53589838486225 -56 0.03253547881532097
    endloop
  endfacet
  facet normal -0.2644683496364557 0.7790986347380012 -0.5683852649303569
    outer loop
      vertex 117.31058285412303 -55.15911099154688 1.29
      vertex 117.4592201188381 -55.108655439013546 1.29
      vertex 117.6058223919183 -56 0
    endloop
  endfacet
  facet normal -0.0538112444663366 0.8210009382327358 -0.5683852649303568
    outer loop
      vertex 117 -55.2 1.29
      vertex 117.15663143066406 -55.189733833648575 1.29
      vertex 117.26330499517479 -56 0.10951633610178606
    endloop
  endfacet
  facet normal -0.3638985643992758 0.7379132912735726 -0.5683852649303549
    outer loop
      vertex 117.4592201188381 -55.108655439013546 1.29
      vertex 117.6 -55.03923048454133 1.29
      vertex 118.04653846153846 -55.81265778745958 0
    endloop
  endfacet
  facet normal -0.45710237383344465 0.6841020468072602 -0.5683852649303526
    outer loop
      vertex 117.6 -55.03923048454133 1.29
      vertex 117.73051371481047 -54.95202400834948 1.29
      vertex 118.27418449871749 -55.66054956840957 0
    endloop
  endfacet
  facet normal -0.5424850349186798 0.6185856266510938 -0.5683852649303572
    outer loop
      vertex 117.73051371481047 -54.95202400834948 1.29
      vertex 117.84852813742386 -54.848528137423855 1.29
      vertex 118.48002888585276 -55.48002888585277 0
    endloop
  endfacet
  facet normal -0.16051300808689434 -0.8069533845551083 -0.568385264930357
    outer loop
      vertex 117.15663143066406 -52.810266166351425 1.29
      vertex 117.2732013607929 -51.924829640155274 0
      vertex 117.31058285412303 -52.84088900845312 1.29
    endloop
  endfacet
  facet normal -0.2644683496364555 -0.7790986347380006 -0.5683852649303578
    outer loop
      vertex 117.31058285412303 -52.84088900845312 1.29
      vertex 117.5417281705569 -51.97824294359034 0
      vertex 117.4592201188381 -52.891344560986454 1.29
    endloop
  endfacet
  facet normal -0.3638985643992746 -0.7379132912735702 -0.5683852649303588
    outer loop
      vertex 117.4592201188381 -52.891344560986454 1.29
      vertex 117.80098586112724 -52.066249070797525 0
      vertex 117.6 -52.96076951545867 1.29
    endloop
  endfacet
  facet normal -0.5424850349186818 -0.6185856266510963 -0.5683852649303526
    outer loop
      vertex 117.73051371481047 -53.04797599165052 1.29
      vertex 118.27418449871749 -52.33945043159043 0
      vertex 117.84852813742386 -53.151471862576145 1.29
    endloop
  endfacet
  facet normal -0.4571023738334434 -0.6841020468072582 -0.5683852649303559
    outer loop
      vertex 117.6 -52.96076951545867 1.29
      vertex 118.04653846153846 -52.18734221254042 0
      vertex 117.73051371481047 -53.04797599165052 1.29
    endloop
  endfacet
  facet normal -0.6185856266511108 0.542485034918662 -0.5683852649303556
    outer loop
      vertex 117.84852813742386 -54.848528137423855 1.29
      vertex 117.95202400834948 -54.73051371481046 1.29
      vertex 118.66054956840958 -55.27418449871748 0
    endloop
  endfacet
  facet normal -0.6841020468072507 0.4571023738334508 -0.568385264930359
    outer loop
      vertex 117.95202400834948 -54.73051371481046 1.29
      vertex 118.03923048454132 -54.6 1.29
      vertex 118.81265778745959 -55.04653846153846 0
    endloop
  endfacet
  facet normal -0.7379132912735576 0.3638985643993057 -0.568385264930355
    outer loop
      vertex 118.03923048454132 -54.6 1.29
      vertex 118.10865543901355 -54.45922011883811 1.29
      vertex 118.93375092920247 -54.80098586112724 0
    endloop
  endfacet
  facet normal -0.7790986347380041 0.2644683496364441 -0.5683852649303583
    outer loop
      vertex 118.10865543901355 -54.45922011883811 1.29
      vertex 118.15911099154688 -54.31058285412303 1.29
      vertex 119 -54.53589838486225 0.03253547881532097
    endloop
  endfacet
  facet normal -0.8069533845551075 -0.16051300808689417 -0.5683852649303582
    outer loop
      vertex 118.15911099154688 -53.68941714587697 1.29
      vertex 119 -53.46410161513775 0.03253547881532097
      vertex 118.18973383364857 -53.84336856933594 1.29
    endloop
  endfacet
  facet normal -0.779098634738005 -0.2644683496364444 -0.5683852649303568
    outer loop
      vertex 118.10865543901355 -53.54077988116189 1.29
      vertex 119 -53.394177608081705 0
      vertex 118.15911099154688 -53.68941714587697 1.29
    endloop
  endfacet
  facet normal -0.8069533845551088 0.16051300808689445 -0.5683852649303563
    outer loop
      vertex 118.15911099154688 -54.31058285412303 1.29
      vertex 118.18973383364857 -54.15663143066406 1.29
      vertex 119 -54.26330499517479 0.10951633610178606
    endloop
  endfacet
  facet normal -0.8210009382327389 0.05381124446633682 -0.5683852649303521
    outer loop
      vertex 118.18973383364857 -54.15663143066406 1.29
      vertex 118.2 -54 1.29
      vertex 119 -54 0.1344444444444376
    endloop
  endfacet
  facet normal -0.8210009382327358 -0.0538112444663366 -0.5683852649303568
    outer loop
      vertex 118.2 -54 1.29
      vertex 118.18973383364857 -53.84336856933594 1.29
      vertex 119 -53.73669500482521 0.10951633610178606
    endloop
  endfacet
  facet normal -0.6185856266511105 -0.5424850349186617 -0.5683852649303561
    outer loop
      vertex 117.84852813742386 -53.151471862576145 1.29
      vertex 118.48002888585276 -52.51997111414723 0
      vertex 117.95202400834948 -53.26948628518954 1.29
    endloop
  endfacet
  facet normal -0.6841020468072527 -0.4571023738334522 -0.5683852649303553
    outer loop
      vertex 117.95202400834948 -53.26948628518954 1.29
      vertex 118.66054956840958 -52.72581550128252 0
      vertex 118.03923048454132 -53.4 1.29
    endloop
  endfacet
  facet normal -0.7379132912735547 -0.3638985643993042 -0.56838526493036
    outer loop
      vertex 118.10865543901355 -53.54077988116189 1.29
      vertex 118.03923048454132 -53.4 1.29
      vertex 118.81265778745959 -52.95346153846154 0
    endloop
  endfacet
  facet normal 0.9807852804032281 0.19509032201614018 0
    outer loop
      vertex 88.81026616635143 23.843368569335937 1.29
      vertex 88.81026616635143 23.843368569335937 2.6
      vertex 88.84088900845312 23.689417145876973 1.29
    endloop
  endfacet
  facet normal 0.9978589232386033 0.06540312923014742 0
    outer loop
      vertex 88.81026616635143 23.843368569335937 1.29
      vertex 88.8 24 1.29
      vertex 88.8 24 2.6
    endloop
  endfacet
  facet normal 0.9469301294951081 0.3214394653031542 0
    outer loop
      vertex 88.84088900845312 23.689417145876973 1.29
      vertex 88.84088900845312 23.689417145876973 2.6
      vertex 88.89134456098645 23.540779881161892 1.29
    endloop
  endfacet
  facet normal 0.8968727415326708 0.4422886902190365 0
    outer loop
      vertex 88.96076951545868 23.4 1.29
      vertex 88.89134456098645 23.540779881161892 1.29
      vertex 88.89134456098645 23.540779881161892 2.6
    endloop
  endfacet
  facet normal 0.9978589232386033 -0.06540312923014742 0
    outer loop
      vertex 88.8 24 1.29
      vertex 88.81026616635143 24.156631430664063 1.29
      vertex 88.81026616635143 24.156631430664063 2.6
    endloop
  endfacet
  facet normal 0.9807852804032281 -0.19509032201614018 0
    outer loop
      vertex 88.81026616635143 24.156631430664063 1.29
      vertex 88.84088900845312 24.310582854123027 1.29
      vertex 88.84088900845312 24.310582854123027 2.6
    endloop
  endfacet
  facet normal 0.9469301294951081 -0.3214394653031542 0
    outer loop
      vertex 88.84088900845312 24.310582854123027 1.29
      vertex 88.89134456098645 24.459220118838108 1.29
      vertex 88.89134456098645 24.459220118838108 2.6
    endloop
  endfacet
  facet normal 0.8968727415326708 -0.4422886902190365 0
    outer loop
      vertex 88.89134456098645 24.459220118838108 1.29
      vertex 88.96076951545868 24.6 1.29
      vertex 88.96076951545868 24.6 2.6
    endloop
  endfacet
  facet normal 0.8314696123025579 0.5555702330195834 0
    outer loop
      vertex 88.96076951545868 23.4 1.29
      vertex 88.96076951545868 23.4 2.6
      vertex 89.04797599165052 23.269486285189537 1.29
    endloop
  endfacet
  facet normal 0.7518398074789697 0.6593458151000776 0
    outer loop
      vertex 89.04797599165052 23.269486285189537 1.29
      vertex 89.04797599165052 23.269486285189537 2.6
      vertex 89.15147186257614 23.151471862576145 1.29
    endloop
  endfacet
  facet normal 0.6593458151001 0.7518398074789501 0
    outer loop
      vertex 89.15147186257614 23.151471862576145 1.29
      vertex 89.15147186257614 23.151471862576145 2.6
      vertex 89.26948628518953 23.047975991650517 1.29
    endloop
  endfacet
  facet normal 0.5555702330195729 0.8314696123025648 0
    outer loop
      vertex 89.26948628518953 23.047975991650517 1.29
      vertex 89.26948628518953 23.047975991650517 2.6
      vertex 89.4 22.960769515458672 1.29
    endloop
  endfacet
  facet normal 0.44228869021899087 0.8968727415326934 0
    outer loop
      vertex 89.4 22.960769515458672 1.29
      vertex 89.4 22.960769515458672 2.6
      vertex 89.5407798811619 22.891344560986457 1.29
    endloop
  endfacet
  facet normal 0.3214394653031814 0.946930129495099 0
    outer loop
      vertex 89.5407798811619 22.891344560986457 1.29
      vertex 89.5407798811619 22.891344560986457 2.6
      vertex 89.68941714587697 22.840889008453118 1.29
    endloop
  endfacet
  facet normal 0.19509032201611842 0.9807852804032324 0
    outer loop
      vertex 89.68941714587697 22.840889008453118 1.29
      vertex 89.68941714587697 22.840889008453118 2.6
      vertex 89.84336856933594 22.81026616635143 1.29
    endloop
  endfacet
  facet normal 0.06540312923014742 0.9978589232386033 0
    outer loop
      vertex 89.84336856933594 22.81026616635143 1.29
      vertex 89.84336856933594 22.81026616635143 2.6
      vertex 90 22.8 1.29
    endloop
  endfacet
  facet normal 0.8314696123025579 -0.5555702330195834 0
    outer loop
      vertex 88.96076951545868 24.6 1.29
      vertex 89.04797599165052 24.730513714810463 1.29
      vertex 89.04797599165052 24.730513714810463 2.6
    endloop
  endfacet
  facet normal 0.7518398074789697 -0.6593458151000776 0
    outer loop
      vertex 89.04797599165052 24.730513714810463 1.29
      vertex 89.15147186257614 24.848528137423855 1.29
      vertex 89.15147186257614 24.848528137423855 2.6
    endloop
  endfacet
  facet normal 0.6593458151001 -0.7518398074789501 0
    outer loop
      vertex 89.15147186257614 24.848528137423855 1.29
      vertex 89.26948628518953 24.952024008349483 1.29
      vertex 89.26948628518953 24.952024008349483 2.6
    endloop
  endfacet
  facet normal 0.5555702330195729 -0.8314696123025648 0
    outer loop
      vertex 89.26948628518953 24.952024008349483 1.29
      vertex 89.4 25.039230484541328 1.29
      vertex 89.4 25.039230484541328 2.6
    endloop
  endfacet
  facet normal 0.44228869021899087 -0.8968727415326934 0
    outer loop
      vertex 89.4 25.039230484541328 1.29
      vertex 89.5407798811619 25.108655439013543 1.29
      vertex 89.5407798811619 25.108655439013543 2.6
    endloop
  endfacet
  facet normal 0.3214394653031814 -0.946930129495099 0
    outer loop
      vertex 89.5407798811619 25.108655439013543 1.29
      vertex 89.68941714587697 25.159110991546882 1.29
      vertex 89.68941714587697 25.159110991546882 2.6
    endloop
  endfacet
  facet normal 0.19509032201611842 -0.9807852804032324 0
    outer loop
      vertex 89.68941714587697 25.159110991546882 1.29
      vertex 89.84336856933594 25.18973383364857 1.29
      vertex 89.84336856933594 25.18973383364857 2.6
    endloop
  endfacet
  facet normal -0.06540312923014742 0.9978589232386033 0
    outer loop
      vertex 90 22.8 1.29
      vertex 90 22.8 2.6
      vertex 90.15663143066406 22.81026616635143 1.29
    endloop
  endfacet
  facet normal -0.19509032201611842 0.9807852804032324 0
    outer loop
      vertex 90.15663143066406 22.81026616635143 1.29
      vertex 90.15663143066406 22.81026616635143 2.6
      vertex 90.31058285412303 22.840889008453118 1.29
    endloop
  endfacet
  facet normal -0.3214394653031814 0.946930129495099 0
    outer loop
      vertex 90.31058285412303 22.840889008453118 1.29
      vertex 90.31058285412303 22.840889008453118 2.6
      vertex 90.4592201188381 22.891344560986457 1.29
    endloop
  endfacet
  facet normal -0.44228869021899087 0.8968727415326934 0
    outer loop
      vertex 90.4592201188381 22.891344560986457 1.29
      vertex 90.4592201188381 22.891344560986457 2.6
      vertex 90.6 22.960769515458672 1.29
    endloop
  endfacet
  facet normal -0.5555702330195729 0.8314696123025648 0
    outer loop
      vertex 90.6 22.960769515458672 1.29
      vertex 90.6 22.960769515458672 2.6
      vertex 90.73051371481047 23.047975991650517 1.29
    endloop
  endfacet
  facet normal -0.6593458151001 0.7518398074789501 0
    outer loop
      vertex 90.73051371481047 23.047975991650517 1.29
      vertex 90.73051371481047 23.047975991650517 2.6
      vertex 90.84852813742386 23.151471862576145 1.29
    endloop
  endfacet
  facet normal -0.7518398074789697 0.6593458151000776 0
    outer loop
      vertex 90.84852813742386 23.151471862576145 1.29
      vertex 90.84852813742386 23.151471862576145 2.6
      vertex 90.95202400834948 23.269486285189537 1.29
    endloop
  endfacet
  facet normal 0.06540312923014742 -0.9978589232386033 0
    outer loop
      vertex 89.84336856933594 25.18973383364857 1.29
      vertex 90 25.2 1.29
      vertex 90 25.2 2.6
    endloop
  endfacet
  facet normal -0.06540312923014742 -0.9978589232386033 0
    outer loop
      vertex 90 25.2 1.29
      vertex 90.15663143066406 25.18973383364857 1.29
      vertex 90.15663143066406 25.18973383364857 2.6
    endloop
  endfacet
  facet normal -0.19509032201611842 -0.9807852804032324 0
    outer loop
      vertex 90.15663143066406 25.18973383364857 1.29
      vertex 90.31058285412303 25.159110991546882 1.29
      vertex 90.31058285412303 25.159110991546882 2.6
    endloop
  endfacet
  facet normal -0.3214394653031814 -0.946930129495099 0
    outer loop
      vertex 90.31058285412303 25.159110991546882 1.29
      vertex 90.4592201188381 25.108655439013543 1.29
      vertex 90.4592201188381 25.108655439013543 2.6
    endloop
  endfacet
  facet normal -0.44228869021899087 -0.8968727415326934 0
    outer loop
      vertex 90.4592201188381 25.108655439013543 1.29
      vertex 90.6 25.039230484541328 1.29
      vertex 90.6 25.039230484541328 2.6
    endloop
  endfacet
  facet normal -0.5555702330195729 -0.8314696123025648 0
    outer loop
      vertex 90.6 25.039230484541328 1.29
      vertex 90.73051371481047 24.952024008349483 1.29
      vertex 90.73051371481047 24.952024008349483 2.6
    endloop
  endfacet
  facet normal -0.6593458151001 -0.7518398074789501 0
    outer loop
      vertex 90.73051371481047 24.952024008349483 1.29
      vertex 90.84852813742386 24.848528137423855 1.29
      vertex 90.84852813742386 24.848528137423855 2.6
    endloop
  endfacet
  facet normal -0.8314696123025579 0.5555702330195834 0
    outer loop
      vertex 90.95202400834948 23.269486285189537 1.29
      vertex 90.95202400834948 23.269486285189537 2.6
      vertex 91.03923048454132 23.4 1.29
    endloop
  endfacet
  facet normal -0.8968727415326708 0.4422886902190365 0
    outer loop
      vertex 91.03923048454132 23.4 1.29
      vertex 91.03923048454132 23.4 2.6
      vertex 91.10865543901355 23.540779881161892 1.29
    endloop
  endfacet
  facet normal -0.9469301294951081 0.3214394653031542 0
    outer loop
      vertex 91.10865543901355 23.540779881161892 1.29
      vertex 91.10865543901355 23.540779881161892 2.6
      vertex 91.15911099154688 23.689417145876973 1.29
    endloop
  endfacet
  facet normal -0.8314696123025579 -0.5555702330195834 0
    outer loop
      vertex 90.95202400834948 24.730513714810463 1.29
      vertex 91.03923048454132 24.6 1.29
      vertex 91.03923048454132 24.6 2.6
    endloop
  endfacet
  facet normal -0.9469301294951081 -0.3214394653031542 0
    outer loop
      vertex 91.10865543901355 24.459220118838108 1.29
      vertex 91.15911099154688 24.310582854123027 1.29
      vertex 91.15911099154688 24.310582854123027 2.6
    endloop
  endfacet
  facet normal -0.8968727415326708 -0.4422886902190365 0
    outer loop
      vertex 91.03923048454132 24.6 1.29
      vertex 91.10865543901355 24.459220118838108 1.29
      vertex 91.10865543901355 24.459220118838108 2.6
    endloop
  endfacet
  facet normal -0.9807852804032281 0.19509032201614018 0
    outer loop
      vertex 91.15911099154688 23.689417145876973 1.29
      vertex 91.15911099154688 23.689417145876973 2.6
      vertex 91.18973383364857 23.843368569335937 1.29
    endloop
  endfacet
  facet normal -0.9978589232386033 0.06540312923014742 0
    outer loop
      vertex 91.18973383364857 23.843368569335937 1.29
      vertex 91.18973383364857 23.843368569335937 2.6
      vertex 91.2 24 1.29
    endloop
  endfacet
  facet normal -0.9978589232386033 -0.06540312923014742 0
    outer loop
      vertex 91.18973383364857 24.156631430664063 1.29
      vertex 91.2 24 1.29
      vertex 91.2 24 2.6
    endloop
  endfacet
  facet normal -0.9807852804032281 -0.19509032201614018 0
    outer loop
      vertex 91.18973383364857 24.156631430664063 1.29
      vertex 91.18973383364857 24.156631430664063 2.6
      vertex 91.15911099154688 24.310582854123027 1.29
    endloop
  endfacet
  facet normal -0.7518398074789697 -0.6593458151000776 0
    outer loop
      vertex 90.95202400834948 24.730513714810463 1.29
      vertex 90.95202400834948 24.730513714810463 2.6
      vertex 90.84852813742386 24.848528137423855 1.29
    endloop
  endfacet
  facet normal 0.9807852804032281 0.19509032201614018 0
    outer loop
      vertex 88.84088900845312 23.689417145876973 1.29
      vertex 88.81026616635143 23.843368569335937 2.6
      vertex 88.84088900845312 23.689417145876973 2.6
    endloop
  endfacet
  facet normal 0.9978589232386033 0.06540312923014742 0
    outer loop
      vertex 88.81026616635143 23.843368569335937 1.29
      vertex 88.8 24 2.6
      vertex 88.81026616635143 23.843368569335937 2.6
    endloop
  endfacet
  facet normal 0.9978589232386033 -0.06540312923014742 0
    outer loop
      vertex 88.8 24 1.29
      vertex 88.81026616635143 24.156631430664063 2.6
      vertex 88.8 24 2.6
    endloop
  endfacet
  facet normal 0.9469301294951081 0.3214394653031542 0
    outer loop
      vertex 88.89134456098645 23.540779881161892 1.29
      vertex 88.84088900845312 23.689417145876973 2.6
      vertex 88.89134456098645 23.540779881161892 2.6
    endloop
  endfacet
  facet normal 0.8968727415326708 0.4422886902190365 0
    outer loop
      vertex 88.96076951545868 23.4 1.29
      vertex 88.89134456098645 23.540779881161892 2.6
      vertex 88.96076951545868 23.4 2.6
    endloop
  endfacet
  facet normal 0.9807852804032281 -0.19509032201614018 0
    outer loop
      vertex 88.81026616635143 24.156631430664063 1.29
      vertex 88.84088900845312 24.310582854123027 2.6
      vertex 88.81026616635143 24.156631430664063 2.6
    endloop
  endfacet
  facet normal 0.9469301294951081 -0.3214394653031542 0
    outer loop
      vertex 88.84088900845312 24.310582854123027 1.29
      vertex 88.89134456098645 24.459220118838108 2.6
      vertex 88.84088900845312 24.310582854123027 2.6
    endloop
  endfacet
  facet normal 0.8968727415326708 -0.4422886902190365 0
    outer loop
      vertex 88.89134456098645 24.459220118838108 1.29
      vertex 88.96076951545868 24.6 2.6
      vertex 88.89134456098645 24.459220118838108 2.6
    endloop
  endfacet
  facet normal 0.8314696123025579 0.5555702330195834 0
    outer loop
      vertex 89.04797599165052 23.269486285189537 1.29
      vertex 88.96076951545868 23.4 2.6
      vertex 89.04797599165052 23.269486285189537 2.6
    endloop
  endfacet
  facet normal 0.7518398074789697 0.6593458151000776 0
    outer loop
      vertex 89.15147186257614 23.151471862576145 1.29
      vertex 89.04797599165052 23.269486285189537 2.6
      vertex 89.15147186257614 23.151471862576145 2.6
    endloop
  endfacet
  facet normal 0.6593458151001 0.7518398074789501 0
    outer loop
      vertex 89.26948628518953 23.047975991650517 1.29
      vertex 89.15147186257614 23.151471862576145 2.6
      vertex 89.26948628518953 23.047975991650517 2.6
    endloop
  endfacet
  facet normal 0.5555702330195729 0.8314696123025648 0
    outer loop
      vertex 89.4 22.960769515458672 1.29
      vertex 89.26948628518953 23.047975991650517 2.6
      vertex 89.4 22.960769515458672 2.6
    endloop
  endfacet
  facet normal 0.44228869021899087 0.8968727415326934 0
    outer loop
      vertex 89.5407798811619 22.891344560986457 1.29
      vertex 89.4 22.960769515458672 2.6
      vertex 89.5407798811619 22.891344560986457 2.6
    endloop
  endfacet
  facet normal 0.3214394653031814 0.946930129495099 0
    outer loop
      vertex 89.68941714587697 22.840889008453118 1.29
      vertex 89.5407798811619 22.891344560986457 2.6
      vertex 89.68941714587697 22.840889008453118 2.6
    endloop
  endfacet
  facet normal 0.19509032201611842 0.9807852804032324 0
    outer loop
      vertex 89.84336856933594 22.81026616635143 1.29
      vertex 89.68941714587697 22.840889008453118 2.6
      vertex 89.84336856933594 22.81026616635143 2.6
    endloop
  endfacet
  facet normal 0.8314696123025579 -0.5555702330195834 0
    outer loop
      vertex 88.96076951545868 24.6 1.29
      vertex 89.04797599165052 24.730513714810463 2.6
      vertex 88.96076951545868 24.6 2.6
    endloop
  endfacet
  facet normal 0.7518398074789697 -0.6593458151000776 0
    outer loop
      vertex 89.04797599165052 24.730513714810463 1.29
      vertex 89.15147186257614 24.848528137423855 2.6
      vertex 89.04797599165052 24.730513714810463 2.6
    endloop
  endfacet
  facet normal 0.6593458151001 -0.7518398074789501 0
    outer loop
      vertex 89.15147186257614 24.848528137423855 1.29
      vertex 89.26948628518953 24.952024008349483 2.6
      vertex 89.15147186257614 24.848528137423855 2.6
    endloop
  endfacet
  facet normal 0.5555702330195729 -0.8314696123025648 0
    outer loop
      vertex 89.26948628518953 24.952024008349483 1.29
      vertex 89.4 25.039230484541328 2.6
      vertex 89.26948628518953 24.952024008349483 2.6
    endloop
  endfacet
  facet normal 0.44228869021899087 -0.8968727415326934 0
    outer loop
      vertex 89.4 25.039230484541328 1.29
      vertex 89.5407798811619 25.108655439013543 2.6
      vertex 89.4 25.039230484541328 2.6
    endloop
  endfacet
  facet normal 0.3214394653031814 -0.946930129495099 0
    outer loop
      vertex 89.5407798811619 25.108655439013543 1.29
      vertex 89.68941714587697 25.159110991546882 2.6
      vertex 89.5407798811619 25.108655439013543 2.6
    endloop
  endfacet
  facet normal 0.19509032201611842 -0.9807852804032324 0
    outer loop
      vertex 89.68941714587697 25.159110991546882 1.29
      vertex 89.84336856933594 25.18973383364857 2.6
      vertex 89.68941714587697 25.159110991546882 2.6
    endloop
  endfacet
  facet normal 0.06540312923014742 -0.9978589232386033 0
    outer loop
      vertex 89.84336856933594 25.18973383364857 1.29
      vertex 90 25.2 2.6
      vertex 89.84336856933594 25.18973383364857 2.6
    endloop
  endfacet
  facet normal 0.06540312923014742 0.9978589232386033 0
    outer loop
      vertex 90 22.8 1.29
      vertex 89.84336856933594 22.81026616635143 2.6
      vertex 90 22.8 2.6
    endloop
  endfacet
  facet normal -0.06540312923014742 0.9978589232386033 0
    outer loop
      vertex 90.15663143066406 22.81026616635143 1.29
      vertex 90 22.8 2.6
      vertex 90.15663143066406 22.81026616635143 2.6
    endloop
  endfacet
  facet normal -0.19509032201611842 0.9807852804032324 0
    outer loop
      vertex 90.31058285412303 22.840889008453118 1.29
      vertex 90.15663143066406 22.81026616635143 2.6
      vertex 90.31058285412303 22.840889008453118 2.6
    endloop
  endfacet
  facet normal -0.3214394653031814 0.946930129495099 0
    outer loop
      vertex 90.4592201188381 22.891344560986457 1.29
      vertex 90.31058285412303 22.840889008453118 2.6
      vertex 90.4592201188381 22.891344560986457 2.6
    endloop
  endfacet
  facet normal -0.44228869021899087 0.8968727415326934 0
    outer loop
      vertex 90.6 22.960769515458672 1.29
      vertex 90.4592201188381 22.891344560986457 2.6
      vertex 90.6 22.960769515458672 2.6
    endloop
  endfacet
  facet normal -0.5555702330195729 0.8314696123025648 0
    outer loop
      vertex 90.73051371481047 23.047975991650517 1.29
      vertex 90.6 22.960769515458672 2.6
      vertex 90.73051371481047 23.047975991650517 2.6
    endloop
  endfacet
  facet normal -0.6593458151001 0.7518398074789501 0
    outer loop
      vertex 90.84852813742386 23.151471862576145 1.29
      vertex 90.73051371481047 23.047975991650517 2.6
      vertex 90.84852813742386 23.151471862576145 2.6
    endloop
  endfacet
  facet normal -0.06540312923014742 -0.9978589232386033 0
    outer loop
      vertex 90 25.2 1.29
      vertex 90.15663143066406 25.18973383364857 2.6
      vertex 90 25.2 2.6
    endloop
  endfacet
  facet normal -0.19509032201611842 -0.9807852804032324 0
    outer loop
      vertex 90.15663143066406 25.18973383364857 1.29
      vertex 90.31058285412303 25.159110991546882 2.6
      vertex 90.15663143066406 25.18973383364857 2.6
    endloop
  endfacet
  facet normal -0.3214394653031814 -0.946930129495099 0
    outer loop
      vertex 90.31058285412303 25.159110991546882 1.29
      vertex 90.4592201188381 25.108655439013543 2.6
      vertex 90.31058285412303 25.159110991546882 2.6
    endloop
  endfacet
  facet normal -0.44228869021899087 -0.8968727415326934 0
    outer loop
      vertex 90.4592201188381 25.108655439013543 1.29
      vertex 90.6 25.039230484541328 2.6
      vertex 90.4592201188381 25.108655439013543 2.6
    endloop
  endfacet
  facet normal -0.5555702330195729 -0.8314696123025648 0
    outer loop
      vertex 90.6 25.039230484541328 1.29
      vertex 90.73051371481047 24.952024008349483 2.6
      vertex 90.6 25.039230484541328 2.6
    endloop
  endfacet
  facet normal -0.6593458151001 -0.7518398074789501 0
    outer loop
      vertex 90.73051371481047 24.952024008349483 1.29
      vertex 90.84852813742386 24.848528137423855 2.6
      vertex 90.73051371481047 24.952024008349483 2.6
    endloop
  endfacet
  facet normal -0.7518398074789697 -0.6593458151000776 0
    outer loop
      vertex 90.84852813742386 24.848528137423855 1.29
      vertex 90.95202400834948 24.730513714810463 2.6
      vertex 90.84852813742386 24.848528137423855 2.6
    endloop
  endfacet
  facet normal -0.7518398074789697 0.6593458151000776 0
    outer loop
      vertex 90.95202400834948 23.269486285189537 1.29
      vertex 90.84852813742386 23.151471862576145 2.6
      vertex 90.95202400834948 23.269486285189537 2.6
    endloop
  endfacet
  facet normal -0.8314696123025579 0.5555702330195834 0
    outer loop
      vertex 91.03923048454132 23.4 1.29
      vertex 90.95202400834948 23.269486285189537 2.6
      vertex 91.03923048454132 23.4 2.6
    endloop
  endfacet
  facet normal -0.8968727415326708 0.4422886902190365 0
    outer loop
      vertex 91.10865543901355 23.540779881161892 1.29
      vertex 91.03923048454132 23.4 2.6
      vertex 91.10865543901355 23.540779881161892 2.6
    endloop
  endfacet
  facet normal -0.9469301294951081 0.3214394653031542 0
    outer loop
      vertex 91.15911099154688 23.689417145876973 1.29
      vertex 91.10865543901355 23.540779881161892 2.6
      vertex 91.15911099154688 23.689417145876973 2.6
    endloop
  endfacet
  facet normal -0.8314696123025579 -0.5555702330195834 0
    outer loop
      vertex 90.95202400834948 24.730513714810463 1.29
      vertex 91.03923048454132 24.6 2.6
      vertex 90.95202400834948 24.730513714810463 2.6
    endloop
  endfacet
  facet normal -0.8968727415326708 -0.4422886902190365 0
    outer loop
      vertex 91.03923048454132 24.6 1.29
      vertex 91.10865543901355 24.459220118838108 2.6
      vertex 91.03923048454132 24.6 2.6
    endloop
  endfacet
  facet normal -0.9469301294951081 -0.3214394653031542 0
    outer loop
      vertex 91.10865543901355 24.459220118838108 1.29
      vertex 91.15911099154688 24.310582854123027 2.6
      vertex 91.10865543901355 24.459220118838108 2.6
    endloop
  endfacet
  facet normal -0.9807852804032281 0.19509032201614018 0
    outer loop
      vertex 91.18973383364857 23.843368569335937 1.29
      vertex 91.15911099154688 23.689417145876973 2.6
      vertex 91.18973383364857 23.843368569335937 2.6
    endloop
  endfacet
  facet normal -0.9978589232386033 0.06540312923014742 0
    outer loop
      vertex 91.2 24 1.29
      vertex 91.18973383364857 23.843368569335937 2.6
      vertex 91.2 24 2.6
    endloop
  endfacet
  facet normal -0.9978589232386033 -0.06540312923014742 0
    outer loop
      vertex 91.18973383364857 24.156631430664063 1.29
      vertex 91.2 24 2.6
      vertex 91.18973383364857 24.156631430664063 2.6
    endloop
  endfacet
  facet normal -0.9807852804032281 -0.19509032201614018 0
    outer loop
      vertex 91.15911099154688 24.310582854123027 1.29
      vertex 91.18973383364857 24.156631430664063 2.6
      vertex 91.15911099154688 24.310582854123027 2.6
    endloop
  endfacet
  facet normal 0.7790986347379938 -0.2644683496364514 -0.5683852649303688
    outer loop
      vertex 88 24.6058223919183 0
      vertex 88.06624907079753 24.800985861127238 0
      vertex 88 24.535898384862243 0.03253547881532097
    endloop
  endfacet
  facet normal 0.7790986347380017 0.26446834963645405 -0.5683852649303571
    outer loop
      vertex 88.89134456098645 23.540779881161892 1.29
      vertex 88.06624907079753 23.199014138872762 0
      vertex 88 23.3941776080817 0
    endloop
  endfacet
  facet normal 0.7379132912735716 0.36389856439927476 -0.5683852649303568
    outer loop
      vertex 88.89134456098645 23.540779881161892 1.29
      vertex 88.18734221254041 22.95346153846154 0
      vertex 88.06624907079753 23.199014138872762 0
    endloop
  endfacet
  facet normal 0.6841020468072373 0.45710237383347185 -0.5683852649303582
    outer loop
      vertex 88.96076951545868 23.4 1.29
      vertex 88.33945043159042 22.72581550128252 0
      vertex 88.18734221254041 22.95346153846154 0
    endloop
  endfacet
  facet normal 0.6185856266511134 0.542485034918659 -0.5683852649303556
    outer loop
      vertex 89.04797599165052 23.269486285189537 1.29
      vertex 88.51997111414724 22.519971114147232 0
      vertex 88.33945043159042 22.72581550128252 0
    endloop
  endfacet
  facet normal 0.5424850349186678 0.6185856266511048 -0.5683852649303567
    outer loop
      vertex 89.15147186257614 23.151471862576145 1.29
      vertex 88.72581550128251 22.33945043159042 0
      vertex 88.51997111414724 22.519971114147232 0
    endloop
  endfacet
  facet normal 0.7790986347380044 0.2644683496364452 -0.5683852649303573
    outer loop
      vertex 88.84088900845312 23.689417145876973 1.29
      vertex 88 23.3941776080817 0
      vertex 88 23.464101615137757 0.03253547881532097
    endloop
  endfacet
  facet normal 0.7790986347380023 -0.26446834963645244 -0.5683852649303569
    outer loop
      vertex 88.89134456098645 24.459220118838108 1.29
      vertex 88 24.535898384862243 0.03253547881532097
      vertex 88.06624907079753 24.800985861127238 0
    endloop
  endfacet
  facet normal 0.8069533845551102 0.16051300808688576 -0.5683852649303567
    outer loop
      vertex 88.81026616635143 23.843368569335937 1.29
      vertex 88 23.464101615137757 0.03253547881532097
      vertex 88 23.736695004825208 0.10951633610178606
    endloop
  endfacet
  facet normal 0.8210009382327402 0.05381124446630669 -0.5683852649303532
    outer loop
      vertex 88.8 24 1.29
      vertex 88 23.736695004825208 0.10951633610178606
      vertex 88 24 0.1344444444444376
    endloop
  endfacet
  facet normal 0.8069533845551098 -0.16051300808688618 -0.5683852649303572
    outer loop
      vertex 88.84088900845312 24.310582854123027 1.29
      vertex 88 24.263304995174792 0.10951633610178606
      vertex 88 24.535898384862243 0.03253547881532097
    endloop
  endfacet
  facet normal 0.8210009382327383 -0.05381124446630697 -0.5683852649303559
    outer loop
      vertex 88.81026616635143 24.156631430664063 1.29
      vertex 88 24 0.1344444444444376
      vertex 88 24.263304995174792 0.10951633610178606
    endloop
  endfacet
  facet normal 0.7379132912735703 -0.36389856439927415 -0.5683852649303589
    outer loop
      vertex 88.96076951545868 24.6 1.29
      vertex 88.06624907079753 24.800985861127238 0
      vertex 88.18734221254041 25.04653846153846 0
    endloop
  endfacet
  facet normal 0.6841020468072384 -0.4571023738334726 -0.5683852649303561
    outer loop
      vertex 89.04797599165052 24.730513714810463 1.29
      vertex 88.18734221254041 25.04653846153846 0
      vertex 88.33945043159042 25.27418449871748 0
    endloop
  endfacet
  facet normal 0.6185856266511129 -0.5424850349186591 -0.5683852649303561
    outer loop
      vertex 89.15147186257614 24.848528137423855 1.29
      vertex 88.33945043159042 25.27418449871748 0
      vertex 88.51997111414724 25.480028885852768 0
    endloop
  endfacet
  facet normal 0.5424850349186683 -0.6185856266511056 -0.5683852649303555
    outer loop
      vertex 89.26948628518953 24.952024008349483 1.29
      vertex 88.51997111414724 25.480028885852768 0
      vertex 88.72581550128251 25.66054956840958 0
    endloop
  endfacet
  facet normal 0.4571023738334629 0.6841020468072453 -0.5683852649303558
    outer loop
      vertex 89.26948628518953 23.047975991650517 1.29
      vertex 88.95346153846154 22.187342212540415 0
      vertex 88.72581550128251 22.33945043159042 0
    endloop
  endfacet
  facet normal 0.36389856439927426 0.7379132912735713 -0.5683852649303575
    outer loop
      vertex 89.4 22.960769515458672 1.29
      vertex 89.19901413887276 22.06624907079753 0
      vertex 88.95346153846154 22.187342212540415 0
    endloop
  endfacet
  facet normal 0.26446834963645055 0.7790986347380019 -0.5683852649303583
    outer loop
      vertex 89.5407798811619 22.891344560986457 1.29
      vertex 89.4582718294431 21.97824294359034 0
      vertex 89.19901413887276 22.06624907079753 0
    endloop
  endfacet
  facet normal 0.16051300808688654 0.8069533845551102 -0.5683852649303565
    outer loop
      vertex 89.68941714587697 22.840889008453118 1.29
      vertex 89.7267986392071 21.924829640155277 0
      vertex 89.4582718294431 21.97824294359034 0
    endloop
  endfacet
  facet normal 0.053811244466334375 0.8210009382327355 -0.5683852649303572
    outer loop
      vertex 89.84336856933594 22.81026616635143 1.29
      vertex 90 21.906923076923075 0
      vertex 89.7267986392071 21.924829640155277 0
    endloop
  endfacet
  facet normal 0.4571023738334622 -0.6841020468072441 -0.5683852649303578
    outer loop
      vertex 89.4 25.039230484541328 1.29
      vertex 88.72581550128251 25.66054956840958 0
      vertex 88.95346153846154 25.812657787459585 0
    endloop
  endfacet
  facet normal 0.3638985643992741 -0.7379132912735704 -0.5683852649303588
    outer loop
      vertex 89.5407798811619 25.108655439013543 1.29
      vertex 88.95346153846154 25.812657787459585 0
      vertex 89.19901413887276 25.93375092920247 0
    endloop
  endfacet
  facet normal 0.26446834963643595 -0.7790986347380071 -0.5683852649303581
    outer loop
      vertex 89.5407798811619 25.108655439013543 1.29
      vertex 89.19901413887276 25.93375092920247 0
      vertex 89.39417760808172 26 0
    endloop
  endfacet
  facet normal 0.2644683496364954 -0.7790986347379889 -0.5683852649303551
    outer loop
      vertex 89.68941714587697 25.159110991546882 1.29
      vertex 89.39417760808172 26 0
      vertex 89.46410161513775 26 0.03253547881531583
    endloop
  endfacet
  facet normal 0.16051300808688146 -0.806953384555111 -0.5683852649303567
    outer loop
      vertex 89.84336856933594 25.18973383364857 1.29
      vertex 89.46410161513775 26 0.03253547881531583
      vertex 89.73669500482521 26 0.10951633610178088
    endloop
  endfacet
  facet normal 0.053811244466337046 -0.8210009382327358 -0.5683852649303568
    outer loop
      vertex 90 25.2 1.29
      vertex 89.73669500482521 26 0.10951633610178088
      vertex 90 26 0.13444444444444614
    endloop
  endfacet
  facet normal -0.2644683496364565 -0.7790986347380663 -0.5683852649302674
    outer loop
      vertex 90.60582239191828 26 0
      vertex 90.80098586112724 25.93375092920247 0
      vertex 90.53589838486225 26 0.03253547881531583
    endloop
  endfacet
  facet normal -0.05381124446633439 0.8210009382327356 -0.5683852649303571
    outer loop
      vertex 90 22.8 1.29
      vertex 90.2732013607929 21.924829640155277 0
      vertex 90 21.906923076923075 0
    endloop
  endfacet
  facet normal -0.1605130080868869 0.8069533845551096 -0.5683852649303572
    outer loop
      vertex 90.15663143066406 22.81026616635143 1.29
      vertex 90.5417281705569 21.97824294359034 0
      vertex 90.2732013607929 21.924829640155277 0
    endloop
  endfacet
  facet normal -0.26446834963645094 0.7790986347380031 -0.5683852649303566
    outer loop
      vertex 90.31058285412303 22.840889008453118 1.29
      vertex 90.80098586112724 22.06624907079753 0
      vertex 90.5417281705569 21.97824294359034 0
    endloop
  endfacet
  facet normal -0.3638985643992741 0.7379132912735704 -0.5683852649303588
    outer loop
      vertex 90.4592201188381 22.891344560986457 1.29
      vertex 91.04653846153846 22.187342212540415 0
      vertex 90.80098586112724 22.06624907079753 0
    endloop
  endfacet
  facet normal -0.053811244466336984 -0.8210009382327357 -0.5683852649303567
    outer loop
      vertex 90.15663143066406 25.18973383364857 1.29
      vertex 90 26 0.13444444444444614
      vertex 90.26330499517479 26 0.10951633610178088
    endloop
  endfacet
  facet normal -0.16051300808688168 -0.8069533845551113 -0.5683852649303561
    outer loop
      vertex 90.31058285412303 25.159110991546882 1.29
      vertex 90.26330499517479 26 0.10951633610178088
      vertex 90.53589838486225 26 0.03253547881531583
    endloop
  endfacet
  facet normal -0.26446834963645155 -0.7790986347380016 -0.5683852649303585
    outer loop
      vertex 90.4592201188381 25.108655439013543 1.29
      vertex 90.53589838486225 26 0.03253547881531583
      vertex 90.80098586112724 25.93375092920247 0
    endloop
  endfacet
  facet normal -0.36389856439927426 -0.7379132912735713 -0.5683852649303575
    outer loop
      vertex 90.6 25.039230484541328 1.29
      vertex 90.80098586112724 25.93375092920247 0
      vertex 91.04653846153846 25.812657787459585 0
    endloop
  endfacet
  facet normal -0.4571023738334622 0.6841020468072441 -0.5683852649303578
    outer loop
      vertex 90.6 22.960769515458672 1.29
      vertex 91.27418449871749 22.33945043159042 0
      vertex 91.04653846153846 22.187342212540415 0
    endloop
  endfacet
  facet normal -0.5424850349186683 0.6185856266511056 -0.5683852649303555
    outer loop
      vertex 90.73051371481047 23.047975991650517 1.29
      vertex 91.48002888585276 22.519971114147232 0
      vertex 91.27418449871749 22.33945043159042 0
    endloop
  endfacet
  facet normal -0.6185856266511129 0.5424850349186591 -0.5683852649303561
    outer loop
      vertex 90.84852813742386 23.151471862576145 1.29
      vertex 91.66054956840958 22.72581550128252 0
      vertex 91.48002888585276 22.519971114147232 0
    endloop
  endfacet
  facet normal -0.6841020468072384 0.4571023738334726 -0.5683852649303561
    outer loop
      vertex 90.95202400834948 23.269486285189537 1.29
      vertex 91.81265778745959 22.95346153846154 0
      vertex 91.66054956840958 22.72581550128252 0
    endloop
  endfacet
  facet normal -0.7379132912735703 0.36389856439927415 -0.5683852649303589
    outer loop
      vertex 91.03923048454132 23.4 1.29
      vertex 91.93375092920247 23.199014138872762 0
      vertex 91.81265778745959 22.95346153846154 0
    endloop
  endfacet
  facet normal -0.7790986347380086 0.26446834963643523 -0.5683852649303563
    outer loop
      vertex 91.10865543901355 23.540779881161892 1.29
      vertex 92.02175705640965 23.45827182944311 0
      vertex 91.93375092920247 23.199014138872762 0
    endloop
  endfacet
  facet normal -0.4571023738334629 -0.6841020468072453 -0.5683852649303558
    outer loop
      vertex 90.73051371481047 24.952024008349483 1.29
      vertex 91.04653846153846 25.812657787459585 0
      vertex 91.27418449871749 25.66054956840958 0
    endloop
  endfacet
  facet normal -0.5424850349186678 -0.6185856266511048 -0.5683852649303567
    outer loop
      vertex 90.84852813742386 24.848528137423855 1.29
      vertex 91.27418449871749 25.66054956840958 0
      vertex 91.48002888585276 25.480028885852768 0
    endloop
  endfacet
  facet normal -0.6185856266511134 -0.542485034918659 -0.5683852649303556
    outer loop
      vertex 90.95202400834948 24.730513714810463 1.29
      vertex 91.48002888585276 25.480028885852768 0
      vertex 91.66054956840958 25.27418449871748 0
    endloop
  endfacet
  facet normal -0.8069533845551115 0.16051300808688726 -0.5683852649303545
    outer loop
      vertex 91.15911099154688 23.689417145876973 1.29
      vertex 92.07517035984472 23.726798639207107 0
      vertex 92.02175705640965 23.45827182944311 0
    endloop
  endfacet
  facet normal -0.8210009382327377 0.05381124446633522 -0.5683852649303541
    outer loop
      vertex 91.18973383364857 23.843368569335937 1.29
      vertex 92.09307692307692 24 0
      vertex 92.07517035984472 23.726798639207107 0
    endloop
  endfacet
  facet normal -0.7790986347380093 -0.2644683496364353 -0.5683852649303552
    outer loop
      vertex 91.15911099154688 24.310582854123027 1.29
      vertex 91.93375092920247 24.800985861127238 0
      vertex 92.02175705640965 24.54172817055689 0
    endloop
  endfacet
  facet normal -0.8210009382327378 -0.05381124446633523 -0.568385264930354
    outer loop
      vertex 91.2 24 1.29
      vertex 92.07517035984472 24.273201360792893 0
      vertex 92.09307692307692 24 0
    endloop
  endfacet
  facet normal -0.8069533845551119 -0.16051300808688734 -0.5683852649303539
    outer loop
      vertex 91.18973383364857 24.156631430664063 1.29
      vertex 92.02175705640965 24.54172817055689 0
      vertex 92.07517035984472 24.273201360792893 0
    endloop
  endfacet
  facet normal -0.6841020468072373 -0.45710237383347185 -0.5683852649303582
    outer loop
      vertex 91.03923048454132 24.6 1.29
      vertex 91.66054956840958 25.27418449871748 0
      vertex 91.81265778745959 25.04653846153846 0
    endloop
  endfacet
  facet normal -0.7379132912735716 -0.36389856439927476 -0.5683852649303568
    outer loop
      vertex 91.10865543901355 24.459220118838108 1.29
      vertex 91.81265778745959 25.04653846153846 0
      vertex 91.93375092920247 24.800985861127238 0
    endloop
  endfacet
  facet normal 0.7379132912735585 0.3638985643992969 -0.5683852649303597
    outer loop
      vertex 88.96076951545868 23.4 1.29
      vertex 88.18734221254041 22.95346153846154 0
      vertex 88.89134456098645 23.540779881161892 1.29
    endloop
  endfacet
  facet normal 0.6841020468072527 0.4571023738334522 -0.5683852649303553
    outer loop
      vertex 88.96076951545868 23.4 1.29
      vertex 89.04797599165052 23.269486285189537 1.29
      vertex 88.33945043159042 22.72581550128252 0
    endloop
  endfacet
  facet normal 0.6185856266511105 0.5424850349186617 -0.5683852649303561
    outer loop
      vertex 89.04797599165052 23.269486285189537 1.29
      vertex 89.15147186257614 23.151471862576145 1.29
      vertex 88.51997111414724 22.519971114147232 0
    endloop
  endfacet
  facet normal 0.7790986347380029 0.26446834963644994 -0.5683852649303572
    outer loop
      vertex 88.84088900845312 23.689417145876973 1.29
      vertex 88.89134456098645 23.540779881161892 1.29
      vertex 88 23.3941776080817 0
    endloop
  endfacet
  facet normal 0.806953384555108 0.16051300808689425 -0.5683852649303576
    outer loop
      vertex 88.81026616635143 23.843368569335937 1.29
      vertex 88.84088900845312 23.689417145876973 1.29
      vertex 88 23.464101615137757 0.03253547881532097
    endloop
  endfacet
  facet normal 0.7790986347380029 -0.26446834963645 -0.5683852649303572
    outer loop
      vertex 88.84088900845312 24.310582854123027 1.29
      vertex 88 24.535898384862243 0.03253547881532097
      vertex 88.89134456098645 24.459220118838108 1.29
    endloop
  endfacet
  facet normal 0.7379132912735608 -0.363898564399298 -0.568385264930356
    outer loop
      vertex 88.89134456098645 24.459220118838108 1.29
      vertex 88.06624907079753 24.800985861127238 0
      vertex 88.96076951545868 24.6 1.29
    endloop
  endfacet
  facet normal 0.8210009382327358 0.0538112444663366 -0.5683852649303568
    outer loop
      vertex 88.81026616635143 23.843368569335937 1.29
      vertex 88 23.736695004825208 0.10951633610178606
      vertex 88.8 24 1.29
    endloop
  endfacet
  facet normal 0.8210009382327389 -0.05381124446633682 -0.5683852649303522
    outer loop
      vertex 88.8 24 1.29
      vertex 88 24 0.1344444444444376
      vertex 88.81026616635143 24.156631430664063 1.29
    endloop
  endfacet
  facet normal 0.8069533845551088 -0.16051300808689445 -0.5683852649303563
    outer loop
      vertex 88.81026616635143 24.156631430664063 1.29
      vertex 88 24.263304995174792 0.10951633610178606
      vertex 88.84088900845312 24.310582854123027 1.29
    endloop
  endfacet
  facet normal 0.6841020468072507 -0.4571023738334508 -0.568385264930359
    outer loop
      vertex 88.96076951545868 24.6 1.29
      vertex 88.18734221254041 25.04653846153846 0
      vertex 89.04797599165052 24.730513714810463 1.29
    endloop
  endfacet
  facet normal 0.6185856266511108 -0.542485034918662 -0.5683852649303556
    outer loop
      vertex 89.04797599165052 24.730513714810463 1.29
      vertex 88.33945043159042 25.27418449871748 0
      vertex 89.15147186257614 24.848528137423855 1.29
    endloop
  endfacet
  facet normal 0.4571023738334424 0.6841020468072567 -0.5683852649303583
    outer loop
      vertex 89.26948628518953 23.047975991650517 1.29
      vertex 89.4 22.960769515458672 1.29
      vertex 88.95346153846154 22.187342212540415 0
    endloop
  endfacet
  facet normal 0.5424850349186808 0.6185856266510951 -0.5683852649303549
    outer loop
      vertex 89.15147186257614 23.151471862576145 1.29
      vertex 89.26948628518953 23.047975991650517 1.29
      vertex 88.72581550128251 22.33945043159042 0
    endloop
  endfacet
  facet normal 0.3638985643992595 0.7379132912735773 -0.5683852649303593
    outer loop
      vertex 89.4 22.960769515458672 1.29
      vertex 89.5407798811619 22.891344560986457 1.29
      vertex 89.19901413887276 22.06624907079753 0
    endloop
  endfacet
  facet normal 0.26446834963647264 0.7790986347379963 -0.5683852649303558
    outer loop
      vertex 89.5407798811619 22.891344560986457 1.29
      vertex 89.68941714587697 22.840889008453118 1.29
      vertex 89.4582718294431 21.97824294359034 0
    endloop
  endfacet
  facet normal 0.16051300808687635 0.8069533845551115 -0.5683852649303576
    outer loop
      vertex 89.68941714587697 22.840889008453118 1.29
      vertex 89.84336856933594 22.81026616635143 1.29
      vertex 89.7267986392071 21.924829640155277 0
    endloop
  endfacet
  facet normal 0.5424850349186798 -0.6185856266510938 -0.5683852649303572
    outer loop
      vertex 89.15147186257614 24.848528137423855 1.29
      vertex 88.51997111414724 25.480028885852768 0
      vertex 89.26948628518953 24.952024008349483 1.29
    endloop
  endfacet
  facet normal 0.45710237383344365 -0.6841020468072586 -0.568385264930355
    outer loop
      vertex 89.26948628518953 24.952024008349483 1.29
      vertex 88.72581550128251 25.66054956840958 0
      vertex 89.4 25.039230484541328 1.29
    endloop
  endfacet
  facet normal 0.3638985643992601 -0.7379132912735786 -0.5683852649303571
    outer loop
      vertex 89.4 25.039230484541328 1.29
      vertex 88.95346153846154 25.812657787459585 0
      vertex 89.5407798811619 25.108655439013543 1.29
    endloop
  endfacet
  facet normal 0.2644683496364728 -0.7790986347379968 -0.568385264930355
    outer loop
      vertex 89.5407798811619 25.108655439013543 1.29
      vertex 89.39417760808172 26 0
      vertex 89.68941714587697 25.159110991546882 1.29
    endloop
  endfacet
  facet normal 0.16051300808687655 -0.8069533845551125 -0.5683852649303561
    outer loop
      vertex 89.68941714587697 25.159110991546882 1.29
      vertex 89.46410161513775 26 0.03253547881531583
      vertex 89.84336856933594 25.18973383364857 1.29
    endloop
  endfacet
  facet normal 0.05381124446633661 -0.8210009382327357 -0.5683852649303567
    outer loop
      vertex 89.84336856933594 25.18973383364857 1.29
      vertex 89.73669500482521 26 0.10951633610178088
      vertex 90 25.2 1.29
    endloop
  endfacet
  facet normal 0.053811244466336595 0.8210009382327356 -0.568385264930357
    outer loop
      vertex 89.84336856933594 22.81026616635143 1.29
      vertex 90 22.8 1.29
      vertex 90 21.906923076923075 0
    endloop
  endfacet
  facet normal -0.05381124446633658 0.8210009382327352 -0.5683852649303573
    outer loop
      vertex 90 22.8 1.29
      vertex 90.15663143066406 22.81026616635143 1.29
      vertex 90.2732013607929 21.924829640155277 0
    endloop
  endfacet
  facet normal -0.16051300808687655 0.8069533845551125 -0.568385264930356
    outer loop
      vertex 90.15663143066406 22.81026616635143 1.29
      vertex 90.31058285412303 22.840889008453118 1.29
      vertex 90.5417281705569 21.97824294359034 0
    endloop
  endfacet
  facet normal -0.2644683496364719 0.7790986347379941 -0.568385264930359
    outer loop
      vertex 90.31058285412303 22.840889008453118 1.29
      vertex 90.4592201188381 22.891344560986457 1.29
      vertex 90.80098586112724 22.06624907079753 0
    endloop
  endfacet
  facet normal -0.3638985643992601 0.7379132912735786 -0.5683852649303571
    outer loop
      vertex 90.4592201188381 22.891344560986457 1.29
      vertex 90.6 22.960769515458672 1.29
      vertex 91.04653846153846 22.187342212540415 0
    endloop
  endfacet
  facet normal -0.45710237383344365 0.6841020468072586 -0.568385264930355
    outer loop
      vertex 90.6 22.960769515458672 1.29
      vertex 90.73051371481047 23.047975991650517 1.29
      vertex 91.27418449871749 22.33945043159042 0
    endloop
  endfacet
  facet normal -0.053811244466336616 -0.8210009382327358 -0.5683852649303569
    outer loop
      vertex 90 25.2 1.29
      vertex 90 26 0.13444444444444614
      vertex 90.15663143066406 25.18973383364857 1.29
    endloop
  endfacet
  facet normal -0.16051300808687644 -0.806953384555112 -0.5683852649303568
    outer loop
      vertex 90.15663143066406 25.18973383364857 1.29
      vertex 90.26330499517479 26 0.10951633610178088
      vertex 90.31058285412303 25.159110991546882 1.29
    endloop
  endfacet
  facet normal -0.2644683496364726 -0.7790986347379961 -0.5683852649303559
    outer loop
      vertex 90.31058285412303 25.159110991546882 1.29
      vertex 90.53589838486225 26 0.03253547881531583
      vertex 90.4592201188381 25.108655439013543 1.29
    endloop
  endfacet
  facet normal -0.3638985643992595 -0.7379132912735773 -0.5683852649303593
    outer loop
      vertex 90.4592201188381 25.108655439013543 1.29
      vertex 90.80098586112724 25.93375092920247 0
      vertex 90.6 25.039230484541328 1.29
    endloop
  endfacet
  facet normal -0.4571023738334424 -0.6841020468072567 -0.5683852649303583
    outer loop
      vertex 90.6 25.039230484541328 1.29
      vertex 91.04653846153846 25.812657787459585 0
      vertex 90.73051371481047 24.952024008349483 1.29
    endloop
  endfacet
  facet normal -0.5424850349186798 0.6185856266510938 -0.5683852649303572
    outer loop
      vertex 90.73051371481047 23.047975991650517 1.29
      vertex 90.84852813742386 23.151471862576145 1.29
      vertex 91.48002888585276 22.519971114147232 0
    endloop
  endfacet
  facet normal -0.6185856266511108 0.542485034918662 -0.5683852649303556
    outer loop
      vertex 90.84852813742386 23.151471862576145 1.29
      vertex 90.95202400834948 23.269486285189537 1.29
      vertex 91.66054956840958 22.72581550128252 0
    endloop
  endfacet
  facet normal -0.6841020468072507 0.4571023738334508 -0.568385264930359
    outer loop
      vertex 90.95202400834948 23.269486285189537 1.29
      vertex 91.03923048454132 23.4 1.29
      vertex 91.81265778745959 22.95346153846154 0
    endloop
  endfacet
  facet normal -0.7379132912735608 0.363898564399298 -0.568385264930356
    outer loop
      vertex 91.03923048454132 23.4 1.29
      vertex 91.10865543901355 23.540779881161892 1.29
      vertex 91.93375092920247 23.199014138872762 0
    endloop
  endfacet
  facet normal -0.7379132912735585 -0.3638985643992969 -0.5683852649303597
    outer loop
      vertex 91.03923048454132 24.6 1.29
      vertex 91.81265778745959 25.04653846153846 0
      vertex 91.10865543901355 24.459220118838108 1.29
    endloop
  endfacet
  facet normal -0.5424850349186808 -0.6185856266510951 -0.5683852649303549
    outer loop
      vertex 90.73051371481047 24.952024008349483 1.29
      vertex 91.27418449871749 25.66054956840958 0
      vertex 90.84852813742386 24.848528137423855 1.29
    endloop
  endfacet
  facet normal -0.6185856266511105 -0.5424850349186617 -0.5683852649303561
    outer loop
      vertex 90.95202400834948 24.730513714810463 1.29
      vertex 90.84852813742386 24.848528137423855 1.29
      vertex 91.48002888585276 25.480028885852768 0
    endloop
  endfacet
  facet normal -0.6841020468072527 -0.4571023738334522 -0.5683852649303553
    outer loop
      vertex 90.95202400834948 24.730513714810463 1.29
      vertex 91.66054956840958 25.27418449871748 0
      vertex 91.03923048454132 24.6 1.29
    endloop
  endfacet
  facet normal -0.7790986347380047 0.26446834963645055 -0.5683852649303546
    outer loop
      vertex 91.10865543901355 23.540779881161892 1.29
      vertex 91.15911099154688 23.689417145876973 1.29
      vertex 92.02175705640965 23.45827182944311 0
    endloop
  endfacet
  facet normal -0.8069533845551105 0.16051300808689475 -0.5683852649303537
    outer loop
      vertex 91.15911099154688 23.689417145876973 1.29
      vertex 91.18973383364857 23.843368569335937 1.29
      vertex 92.07517035984472 23.726798639207107 0
    endloop
  endfacet
  facet normal -0.8210009382327377 0.053811244466336734 -0.5683852649303539
    outer loop
      vertex 91.18973383364857 23.843368569335937 1.29
      vertex 91.2 24 1.29
      vertex 92.09307692307692 24 0
    endloop
  endfacet
  facet normal -0.8210009382327375 -0.05381124446633672 -0.5683852649303542
    outer loop
      vertex 91.18973383364857 24.156631430664063 1.29
      vertex 92.07517035984472 24.273201360792893 0
      vertex 91.2 24 1.29
    endloop
  endfacet
  facet normal -0.8069533845551097 -0.16051300808689462 -0.5683852649303549
    outer loop
      vertex 91.18973383364857 24.156631430664063 1.29
      vertex 91.15911099154688 24.310582854123027 1.29
      vertex 92.02175705640965 24.54172817055689 0
    endloop
  endfacet
  facet normal -0.7790986347380031 -0.26446834963645005 -0.5683852649303568
    outer loop
      vertex 91.10865543901355 24.459220118838108 1.29
      vertex 91.93375092920247 24.800985861127238 0
      vertex 91.15911099154688 24.310582854123027 1.29
    endloop
  endfacet
  facet normal 0.8314696123025579 0.5555702330195834 0
    outer loop
      vertex 115.96076951545868 23.4 1.29
      vertex 115.96076951545868 23.4 2.6
      vertex 116.04797599165052 23.269486285189537 1.29
    endloop
  endfacet
  facet normal 0.7518398074789697 0.6593458151000776 0
    outer loop
      vertex 116.04797599165052 23.269486285189537 1.29
      vertex 116.04797599165052 23.269486285189537 2.6
      vertex 116.15147186257614 23.151471862576145 1.29
    endloop
  endfacet
  facet normal 0.9807852804032281 0.19509032201614018 0
    outer loop
      vertex 115.84088900845312 23.689417145876973 1.29
      vertex 115.81026616635143 23.843368569335937 1.29
      vertex 115.81026616635143 23.843368569335937 2.6
    endloop
  endfacet
  facet normal 0.9978589232386033 0.06540312923014742 0
    outer loop
      vertex 115.8 24 1.29
      vertex 115.8 24 2.6
      vertex 115.81026616635143 23.843368569335937 1.29
    endloop
  endfacet
  facet normal 0.9978589232386033 -0.06540312923014742 0
    outer loop
      vertex 115.8 24 1.29
      vertex 115.81026616635143 24.156631430664063 1.29
      vertex 115.81026616635143 24.156631430664063 2.6
    endloop
  endfacet
  facet normal 0.9807852804032281 -0.19509032201614018 0
    outer loop
      vertex 115.81026616635143 24.156631430664063 1.29
      vertex 115.84088900845312 24.310582854123027 1.29
      vertex 115.84088900845312 24.310582854123027 2.6
    endloop
  endfacet
  facet normal 0.9469301294951081 0.3214394653031542 0
    outer loop
      vertex 115.84088900845312 23.689417145876973 1.29
      vertex 115.84088900845312 23.689417145876973 2.6
      vertex 115.89134456098645 23.540779881161892 1.29
    endloop
  endfacet
  facet normal 0.8968727415326708 0.4422886902190365 0
    outer loop
      vertex 115.96076951545868 23.4 1.29
      vertex 115.89134456098645 23.540779881161892 1.29
      vertex 115.89134456098645 23.540779881161892 2.6
    endloop
  endfacet
  facet normal 0.9469301294951081 -0.3214394653031542 0
    outer loop
      vertex 115.84088900845312 24.310582854123027 1.29
      vertex 115.89134456098645 24.459220118838108 1.29
      vertex 115.89134456098645 24.459220118838108 2.6
    endloop
  endfacet
  facet normal 0.8968727415326708 -0.4422886902190365 0
    outer loop
      vertex 115.89134456098645 24.459220118838108 1.29
      vertex 115.96076951545868 24.6 1.29
      vertex 115.96076951545868 24.6 2.6
    endloop
  endfacet
  facet normal 0.8314696123025579 -0.5555702330195834 0
    outer loop
      vertex 115.96076951545868 24.6 1.29
      vertex 116.04797599165052 24.730513714810463 1.29
      vertex 116.04797599165052 24.730513714810463 2.6
    endloop
  endfacet
  facet normal 0.6593458151001 0.7518398074789501 0
    outer loop
      vertex 116.15147186257614 23.151471862576145 1.29
      vertex 116.15147186257614 23.151471862576145 2.6
      vertex 116.26948628518953 23.047975991650517 1.29
    endloop
  endfacet
  facet normal 0.5555702330195729 0.8314696123025648 0
    outer loop
      vertex 116.26948628518953 23.047975991650517 1.29
      vertex 116.26948628518953 23.047975991650517 2.6
      vertex 116.4 22.960769515458672 1.29
    endloop
  endfacet
  facet normal 0.44228869021899087 0.8968727415326934 0
    outer loop
      vertex 116.4 22.960769515458672 1.29
      vertex 116.4 22.960769515458672 2.6
      vertex 116.5407798811619 22.891344560986457 1.29
    endloop
  endfacet
  facet normal 0.3214394653031814 0.946930129495099 0
    outer loop
      vertex 116.5407798811619 22.891344560986457 1.29
      vertex 116.5407798811619 22.891344560986457 2.6
      vertex 116.68941714587697 22.840889008453118 1.29
    endloop
  endfacet
  facet normal 0.19509032201611842 0.9807852804032324 0
    outer loop
      vertex 116.68941714587697 22.840889008453118 1.29
      vertex 116.68941714587697 22.840889008453118 2.6
      vertex 116.84336856933594 22.81026616635143 1.29
    endloop
  endfacet
  facet normal 0.06540312923014742 0.9978589232386033 0
    outer loop
      vertex 116.84336856933594 22.81026616635143 1.29
      vertex 116.84336856933594 22.81026616635143 2.6
      vertex 117 22.8 1.29
    endloop
  endfacet
  facet normal -0.06540312923014742 0.9978589232386033 0
    outer loop
      vertex 117 22.8 1.29
      vertex 117 22.8 2.6
      vertex 117.15663143066406 22.81026616635143 1.29
    endloop
  endfacet
  facet normal 0.7518398074789697 -0.6593458151000776 0
    outer loop
      vertex 116.04797599165052 24.730513714810463 1.29
      vertex 116.15147186257614 24.848528137423855 1.29
      vertex 116.15147186257614 24.848528137423855 2.6
    endloop
  endfacet
  facet normal 0.6593458151001 -0.7518398074789501 0
    outer loop
      vertex 116.15147186257614 24.848528137423855 1.29
      vertex 116.26948628518953 24.952024008349483 1.29
      vertex 116.26948628518953 24.952024008349483 2.6
    endloop
  endfacet
  facet normal 0.5555702330195729 -0.8314696123025648 0
    outer loop
      vertex 116.26948628518953 24.952024008349483 1.29
      vertex 116.4 25.039230484541328 1.29
      vertex 116.4 25.039230484541328 2.6
    endloop
  endfacet
  facet normal 0.44228869021899087 -0.8968727415326934 0
    outer loop
      vertex 116.4 25.039230484541328 1.29
      vertex 116.5407798811619 25.108655439013543 1.29
      vertex 116.5407798811619 25.108655439013543 2.6
    endloop
  endfacet
  facet normal 0.3214394653031814 -0.946930129495099 0
    outer loop
      vertex 116.5407798811619 25.108655439013543 1.29
      vertex 116.68941714587697 25.159110991546882 1.29
      vertex 116.68941714587697 25.159110991546882 2.6
    endloop
  endfacet
  facet normal 0.19509032201611842 -0.9807852804032324 0
    outer loop
      vertex 116.68941714587697 25.159110991546882 1.29
      vertex 116.84336856933594 25.18973383364857 1.29
      vertex 116.84336856933594 25.18973383364857 2.6
    endloop
  endfacet
  facet normal 0.06540312923014742 -0.9978589232386033 0
    outer loop
      vertex 116.84336856933594 25.18973383364857 1.29
      vertex 117 25.2 1.29
      vertex 117 25.2 2.6
    endloop
  endfacet
  facet normal -0.19509032201611842 0.9807852804032324 0
    outer loop
      vertex 117.15663143066406 22.81026616635143 1.29
      vertex 117.15663143066406 22.81026616635143 2.6
      vertex 117.31058285412303 22.840889008453118 1.29
    endloop
  endfacet
  facet normal -0.3214394653031814 0.946930129495099 0
    outer loop
      vertex 117.31058285412303 22.840889008453118 1.29
      vertex 117.31058285412303 22.840889008453118 2.6
      vertex 117.4592201188381 22.891344560986457 1.29
    endloop
  endfacet
  facet normal -0.44228869021899087 0.8968727415326934 0
    outer loop
      vertex 117.4592201188381 22.891344560986457 1.29
      vertex 117.4592201188381 22.891344560986457 2.6
      vertex 117.6 22.960769515458672 1.29
    endloop
  endfacet
  facet normal -0.5555702330195729 0.8314696123025648 0
    outer loop
      vertex 117.6 22.960769515458672 1.29
      vertex 117.6 22.960769515458672 2.6
      vertex 117.73051371481047 23.047975991650517 1.29
    endloop
  endfacet
  facet normal -0.6593458151001 0.7518398074789501 0
    outer loop
      vertex 117.73051371481047 23.047975991650517 1.29
      vertex 117.73051371481047 23.047975991650517 2.6
      vertex 117.84852813742386 23.151471862576145 1.29
    endloop
  endfacet
  facet normal -0.7518398074789697 0.6593458151000776 0
    outer loop
      vertex 117.84852813742386 23.151471862576145 1.29
      vertex 117.84852813742386 23.151471862576145 2.6
      vertex 117.95202400834948 23.269486285189537 1.29
    endloop
  endfacet
  facet normal -0.8314696123025579 0.5555702330195834 0
    outer loop
      vertex 117.95202400834948 23.269486285189537 1.29
      vertex 117.95202400834948 23.269486285189537 2.6
      vertex 118.03923048454132 23.4 1.29
    endloop
  endfacet
  facet normal -0.06540312923014742 -0.9978589232386033 0
    outer loop
      vertex 117 25.2 1.29
      vertex 117.15663143066406 25.18973383364857 1.29
      vertex 117.15663143066406 25.18973383364857 2.6
    endloop
  endfacet
  facet normal -0.19509032201611842 -0.9807852804032324 0
    outer loop
      vertex 117.15663143066406 25.18973383364857 1.29
      vertex 117.31058285412303 25.159110991546882 1.29
      vertex 117.31058285412303 25.159110991546882 2.6
    endloop
  endfacet
  facet normal -0.3214394653031814 -0.946930129495099 0
    outer loop
      vertex 117.31058285412303 25.159110991546882 1.29
      vertex 117.4592201188381 25.108655439013543 1.29
      vertex 117.4592201188381 25.108655439013543 2.6
    endloop
  endfacet
  facet normal -0.8314696123025579 -0.5555702330195834 0
    outer loop
      vertex 117.95202400834948 24.730513714810463 1.29
      vertex 118.03923048454132 24.6 1.29
      vertex 118.03923048454132 24.6 2.6
    endloop
  endfacet
  facet normal -0.44228869021899087 -0.8968727415326934 0
    outer loop
      vertex 117.4592201188381 25.108655439013543 1.29
      vertex 117.6 25.039230484541328 1.29
      vertex 117.6 25.039230484541328 2.6
    endloop
  endfacet
  facet normal -0.5555702330195729 -0.8314696123025648 0
    outer loop
      vertex 117.6 25.039230484541328 1.29
      vertex 117.73051371481047 24.952024008349483 1.29
      vertex 117.73051371481047 24.952024008349483 2.6
    endloop
  endfacet
  facet normal -0.6593458151001 -0.7518398074789501 0
    outer loop
      vertex 117.73051371481047 24.952024008349483 1.29
      vertex 117.84852813742386 24.848528137423855 1.29
      vertex 117.84852813742386 24.848528137423855 2.6
    endloop
  endfacet
  facet normal -0.7518398074789697 -0.6593458151000776 0
    outer loop
      vertex 117.95202400834948 24.730513714810463 1.29
      vertex 117.95202400834948 24.730513714810463 2.6
      vertex 117.84852813742386 24.848528137423855 1.29
    endloop
  endfacet
  facet normal -0.8968727415326708 0.4422886902190365 0
    outer loop
      vertex 118.03923048454132 23.4 1.29
      vertex 118.03923048454132 23.4 2.6
      vertex 118.10865543901355 23.540779881161892 1.29
    endloop
  endfacet
  facet normal -0.9469301294951081 0.3214394653031542 0
    outer loop
      vertex 118.10865543901355 23.540779881161892 1.29
      vertex 118.10865543901355 23.540779881161892 2.6
      vertex 118.15911099154688 23.689417145876973 1.29
    endloop
  endfacet
  facet normal -0.9807852804032281 0.19509032201614018 0
    outer loop
      vertex 118.15911099154688 23.689417145876973 1.29
      vertex 118.15911099154688 23.689417145876973 2.6
      vertex 118.18973383364857 23.843368569335937 1.29
    endloop
  endfacet
  facet normal -0.9978589232386033 0.06540312923014742 0
    outer loop
      vertex 118.18973383364857 23.843368569335937 1.29
      vertex 118.18973383364857 23.843368569335937 2.6
      vertex 118.2 24 1.29
    endloop
  endfacet
  facet normal -0.9978589232386033 -0.06540312923014742 0
    outer loop
      vertex 118.2 24 1.29
      vertex 118.2 24 2.6
      vertex 118.18973383364857 24.156631430664063 1.29
    endloop
  endfacet
  facet normal -0.9469301294951081 -0.3214394653031542 0
    outer loop
      vertex 118.10865543901355 24.459220118838108 1.29
      vertex 118.15911099154688 24.310582854123027 1.29
      vertex 118.15911099154688 24.310582854123027 2.6
    endloop
  endfacet
  facet normal -0.8968727415326708 -0.4422886902190365 0
    outer loop
      vertex 118.10865543901355 24.459220118838108 1.29
      vertex 118.10865543901355 24.459220118838108 2.6
      vertex 118.03923048454132 24.6 1.29
    endloop
  endfacet
  facet normal -0.9807852804032281 -0.19509032201614018 0
    outer loop
      vertex 118.18973383364857 24.156631430664063 1.29
      vertex 118.18973383364857 24.156631430664063 2.6
      vertex 118.15911099154688 24.310582854123027 1.29
    endloop
  endfacet
  facet normal 0.8314696123025579 0.5555702330195834 0
    outer loop
      vertex 116.04797599165052 23.269486285189537 1.29
      vertex 115.96076951545868 23.4 2.6
      vertex 116.04797599165052 23.269486285189537 2.6
    endloop
  endfacet
  facet normal 0.9807852804032281 0.19509032201614018 0
    outer loop
      vertex 115.84088900845312 23.689417145876973 1.29
      vertex 115.81026616635143 23.843368569335937 2.6
      vertex 115.84088900845312 23.689417145876973 2.6
    endloop
  endfacet
  facet normal 0.9978589232386033 0.06540312923014742 0
    outer loop
      vertex 115.81026616635143 23.843368569335937 1.29
      vertex 115.8 24 2.6
      vertex 115.81026616635143 23.843368569335937 2.6
    endloop
  endfacet
  facet normal 0.9978589232386033 -0.06540312923014742 0
    outer loop
      vertex 115.8 24 1.29
      vertex 115.81026616635143 24.156631430664063 2.6
      vertex 115.8 24 2.6
    endloop
  endfacet
  facet normal 0.9807852804032281 -0.19509032201614018 0
    outer loop
      vertex 115.81026616635143 24.156631430664063 1.29
      vertex 115.84088900845312 24.310582854123027 2.6
      vertex 115.81026616635143 24.156631430664063 2.6
    endloop
  endfacet
  facet normal 0.9469301294951081 0.3214394653031542 0
    outer loop
      vertex 115.89134456098645 23.540779881161892 1.29
      vertex 115.84088900845312 23.689417145876973 2.6
      vertex 115.89134456098645 23.540779881161892 2.6
    endloop
  endfacet
  facet normal 0.8968727415326708 0.4422886902190365 0
    outer loop
      vertex 115.96076951545868 23.4 1.29
      vertex 115.89134456098645 23.540779881161892 2.6
      vertex 115.96076951545868 23.4 2.6
    endloop
  endfacet
  facet normal 0.9469301294951081 -0.3214394653031542 0
    outer loop
      vertex 115.84088900845312 24.310582854123027 1.29
      vertex 115.89134456098645 24.459220118838108 2.6
      vertex 115.84088900845312 24.310582854123027 2.6
    endloop
  endfacet
  facet normal 0.8968727415326708 -0.4422886902190365 0
    outer loop
      vertex 115.89134456098645 24.459220118838108 1.29
      vertex 115.96076951545868 24.6 2.6
      vertex 115.89134456098645 24.459220118838108 2.6
    endloop
  endfacet
  facet normal 0.8314696123025579 -0.5555702330195834 0
    outer loop
      vertex 115.96076951545868 24.6 1.29
      vertex 116.04797599165052 24.730513714810463 2.6
      vertex 115.96076951545868 24.6 2.6
    endloop
  endfacet
  facet normal 0.7518398074789697 -0.6593458151000776 0
    outer loop
      vertex 116.04797599165052 24.730513714810463 1.29
      vertex 116.15147186257614 24.848528137423855 2.6
      vertex 116.04797599165052 24.730513714810463 2.6
    endloop
  endfacet
  facet normal 0.7518398074789697 0.6593458151000776 0
    outer loop
      vertex 116.15147186257614 23.151471862576145 1.29
      vertex 116.04797599165052 23.269486285189537 2.6
      vertex 116.15147186257614 23.151471862576145 2.6
    endloop
  endfacet
  facet normal 0.6593458151001 0.7518398074789501 0
    outer loop
      vertex 116.26948628518953 23.047975991650517 1.29
      vertex 116.15147186257614 23.151471862576145 2.6
      vertex 116.26948628518953 23.047975991650517 2.6
    endloop
  endfacet
  facet normal 0.5555702330195729 0.8314696123025648 0
    outer loop
      vertex 116.4 22.960769515458672 1.29
      vertex 116.26948628518953 23.047975991650517 2.6
      vertex 116.4 22.960769515458672 2.6
    endloop
  endfacet
  facet normal 0.44228869021899087 0.8968727415326934 0
    outer loop
      vertex 116.5407798811619 22.891344560986457 1.29
      vertex 116.4 22.960769515458672 2.6
      vertex 116.5407798811619 22.891344560986457 2.6
    endloop
  endfacet
  facet normal 0.3214394653031814 0.946930129495099 0
    outer loop
      vertex 116.68941714587697 22.840889008453118 1.29
      vertex 116.5407798811619 22.891344560986457 2.6
      vertex 116.68941714587697 22.840889008453118 2.6
    endloop
  endfacet
  facet normal 0.19509032201611842 0.9807852804032324 0
    outer loop
      vertex 116.84336856933594 22.81026616635143 1.29
      vertex 116.68941714587697 22.840889008453118 2.6
      vertex 116.84336856933594 22.81026616635143 2.6
    endloop
  endfacet
  facet normal 0.06540312923014742 0.9978589232386033 0
    outer loop
      vertex 117 22.8 1.29
      vertex 116.84336856933594 22.81026616635143 2.6
      vertex 117 22.8 2.6
    endloop
  endfacet
  facet normal 0.6593458151001 -0.7518398074789501 0
    outer loop
      vertex 116.15147186257614 24.848528137423855 1.29
      vertex 116.26948628518953 24.952024008349483 2.6
      vertex 116.15147186257614 24.848528137423855 2.6
    endloop
  endfacet
  facet normal 0.5555702330195729 -0.8314696123025648 0
    outer loop
      vertex 116.26948628518953 24.952024008349483 1.29
      vertex 116.4 25.039230484541328 2.6
      vertex 116.26948628518953 24.952024008349483 2.6
    endloop
  endfacet
  facet normal 0.44228869021899087 -0.8968727415326934 0
    outer loop
      vertex 116.4 25.039230484541328 1.29
      vertex 116.5407798811619 25.108655439013543 2.6
      vertex 116.4 25.039230484541328 2.6
    endloop
  endfacet
  facet normal 0.3214394653031814 -0.946930129495099 0
    outer loop
      vertex 116.5407798811619 25.108655439013543 1.29
      vertex 116.68941714587697 25.159110991546882 2.6
      vertex 116.5407798811619 25.108655439013543 2.6
    endloop
  endfacet
  facet normal 0.19509032201611842 -0.9807852804032324 0
    outer loop
      vertex 116.68941714587697 25.159110991546882 1.29
      vertex 116.84336856933594 25.18973383364857 2.6
      vertex 116.68941714587697 25.159110991546882 2.6
    endloop
  endfacet
  facet normal 0.06540312923014742 -0.9978589232386033 0
    outer loop
      vertex 116.84336856933594 25.18973383364857 1.29
      vertex 117 25.2 2.6
      vertex 116.84336856933594 25.18973383364857 2.6
    endloop
  endfacet
  facet normal -0.06540312923014742 -0.9978589232386033 0
    outer loop
      vertex 117 25.2 1.29
      vertex 117.15663143066406 25.18973383364857 2.6
      vertex 117 25.2 2.6
    endloop
  endfacet
  facet normal -0.06540312923014742 0.9978589232386033 0
    outer loop
      vertex 117.15663143066406 22.81026616635143 1.29
      vertex 117 22.8 2.6
      vertex 117.15663143066406 22.81026616635143 2.6
    endloop
  endfacet
  facet normal -0.19509032201611842 0.9807852804032324 0
    outer loop
      vertex 117.31058285412303 22.840889008453118 1.29
      vertex 117.15663143066406 22.81026616635143 2.6
      vertex 117.31058285412303 22.840889008453118 2.6
    endloop
  endfacet
  facet normal -0.3214394653031814 0.946930129495099 0
    outer loop
      vertex 117.4592201188381 22.891344560986457 1.29
      vertex 117.31058285412303 22.840889008453118 2.6
      vertex 117.4592201188381 22.891344560986457 2.6
    endloop
  endfacet
  facet normal -0.44228869021899087 0.8968727415326934 0
    outer loop
      vertex 117.6 22.960769515458672 1.29
      vertex 117.4592201188381 22.891344560986457 2.6
      vertex 117.6 22.960769515458672 2.6
    endloop
  endfacet
  facet normal -0.5555702330195729 0.8314696123025648 0
    outer loop
      vertex 117.73051371481047 23.047975991650517 1.29
      vertex 117.6 22.960769515458672 2.6
      vertex 117.73051371481047 23.047975991650517 2.6
    endloop
  endfacet
  facet normal -0.6593458151001 0.7518398074789501 0
    outer loop
      vertex 117.84852813742386 23.151471862576145 1.29
      vertex 117.73051371481047 23.047975991650517 2.6
      vertex 117.84852813742386 23.151471862576145 2.6
    endloop
  endfacet
  facet normal -0.7518398074789697 0.6593458151000776 0
    outer loop
      vertex 117.95202400834948 23.269486285189537 1.29
      vertex 117.84852813742386 23.151471862576145 2.6
      vertex 117.95202400834948 23.269486285189537 2.6
    endloop
  endfacet
  facet normal -0.8314696123025579 0.5555702330195834 0
    outer loop
      vertex 118.03923048454132 23.4 1.29
      vertex 117.95202400834948 23.269486285189537 2.6
      vertex 118.03923048454132 23.4 2.6
    endloop
  endfacet
  facet normal -0.19509032201611842 -0.9807852804032324 0
    outer loop
      vertex 117.15663143066406 25.18973383364857 1.29
      vertex 117.31058285412303 25.159110991546882 2.6
      vertex 117.15663143066406 25.18973383364857 2.6
    endloop
  endfacet
  facet normal -0.3214394653031814 -0.946930129495099 0
    outer loop
      vertex 117.31058285412303 25.159110991546882 1.29
      vertex 117.4592201188381 25.108655439013543 2.6
      vertex 117.31058285412303 25.159110991546882 2.6
    endloop
  endfacet
  facet normal -0.44228869021899087 -0.8968727415326934 0
    outer loop
      vertex 117.4592201188381 25.108655439013543 1.29
      vertex 117.6 25.039230484541328 2.6
      vertex 117.4592201188381 25.108655439013543 2.6
    endloop
  endfacet
  facet normal -0.8314696123025579 -0.5555702330195834 0
    outer loop
      vertex 117.95202400834948 24.730513714810463 1.29
      vertex 118.03923048454132 24.6 2.6
      vertex 117.95202400834948 24.730513714810463 2.6
    endloop
  endfacet
  facet normal -0.5555702330195729 -0.8314696123025648 0
    outer loop
      vertex 117.6 25.039230484541328 1.29
      vertex 117.73051371481047 24.952024008349483 2.6
      vertex 117.6 25.039230484541328 2.6
    endloop
  endfacet
  facet normal -0.6593458151001 -0.7518398074789501 0
    outer loop
      vertex 117.73051371481047 24.952024008349483 1.29
      vertex 117.84852813742386 24.848528137423855 2.6
      vertex 117.73051371481047 24.952024008349483 2.6
    endloop
  endfacet
  facet normal -0.7518398074789697 -0.6593458151000776 0
    outer loop
      vertex 117.84852813742386 24.848528137423855 1.29
      vertex 117.95202400834948 24.730513714810463 2.6
      vertex 117.84852813742386 24.848528137423855 2.6
    endloop
  endfacet
  facet normal -0.8968727415326708 0.4422886902190365 0
    outer loop
      vertex 118.10865543901355 23.540779881161892 1.29
      vertex 118.03923048454132 23.4 2.6
      vertex 118.10865543901355 23.540779881161892 2.6
    endloop
  endfacet
  facet normal -0.9469301294951081 0.3214394653031542 0
    outer loop
      vertex 118.15911099154688 23.689417145876973 1.29
      vertex 118.10865543901355 23.540779881161892 2.6
      vertex 118.15911099154688 23.689417145876973 2.6
    endloop
  endfacet
  facet normal -0.9807852804032281 0.19509032201614018 0
    outer loop
      vertex 118.18973383364857 23.843368569335937 1.29
      vertex 118.15911099154688 23.689417145876973 2.6
      vertex 118.18973383364857 23.843368569335937 2.6
    endloop
  endfacet
  facet normal -0.9978589232386033 0.06540312923014742 0
    outer loop
      vertex 118.2 24 1.29
      vertex 118.18973383364857 23.843368569335937 2.6
      vertex 118.2 24 2.6
    endloop
  endfacet
  facet normal -0.8968727415326708 -0.4422886902190365 0
    outer loop
      vertex 118.03923048454132 24.6 1.29
      vertex 118.10865543901355 24.459220118838108 2.6
      vertex 118.03923048454132 24.6 2.6
    endloop
  endfacet
  facet normal -0.9469301294951081 -0.3214394653031542 0
    outer loop
      vertex 118.10865543901355 24.459220118838108 1.29
      vertex 118.15911099154688 24.310582854123027 2.6
      vertex 118.10865543901355 24.459220118838108 2.6
    endloop
  endfacet
  facet normal -0.9978589232386033 -0.06540312923014742 0
    outer loop
      vertex 118.18973383364857 24.156631430664063 1.29
      vertex 118.2 24 2.6
      vertex 118.18973383364857 24.156631430664063 2.6
    endloop
  endfacet
  facet normal -0.9807852804032281 -0.19509032201614018 0
    outer loop
      vertex 118.15911099154688 24.310582854123027 1.29
      vertex 118.18973383364857 24.156631430664063 2.6
      vertex 118.15911099154688 24.310582854123027 2.6
    endloop
  endfacet
  facet normal 0.7379132912735716 0.36389856439927476 -0.5683852649303568
    outer loop
      vertex 115.89134456098645 23.540779881161892 1.29
      vertex 115.18734221254041 22.95346153846154 0
      vertex 115.06624907079753 23.199014138872762 0
    endloop
  endfacet
  facet normal 0.6841020468072373 0.45710237383347185 -0.5683852649303582
    outer loop
      vertex 115.96076951545868 23.4 1.29
      vertex 115.33945043159042 22.72581550128252 0
      vertex 115.18734221254041 22.95346153846154 0
    endloop
  endfacet
  facet normal 0.5424850349186678 0.6185856266511048 -0.5683852649303567
    outer loop
      vertex 116.15147186257614 23.151471862576145 1.29
      vertex 115.72581550128251 22.33945043159042 0
      vertex 115.51997111414724 22.519971114147232 0
    endloop
  endfacet
  facet normal 0.6185856266511134 0.542485034918659 -0.5683852649303556
    outer loop
      vertex 116.04797599165052 23.269486285189537 1.29
      vertex 115.51997111414724 22.519971114147232 0
      vertex 115.33945043159042 22.72581550128252 0
    endloop
  endfacet
  facet normal 0.4571023738334629 0.6841020468072453 -0.5683852649303558
    outer loop
      vertex 116.26948628518953 23.047975991650517 1.29
      vertex 115.95346153846154 22.187342212540415 0
      vertex 115.72581550128251 22.33945043159042 0
    endloop
  endfacet
  facet normal 0.8069533845551119 0.16051300808688734 -0.5683852649303539
    outer loop
      vertex 115.81026616635143 23.843368569335937 1.29
      vertex 114.97824294359035 23.45827182944311 0
      vertex 114.92482964015528 23.726798639207107 0
    endloop
  endfacet
  facet normal 0.8210009382327378 0.05381124446633523 -0.568385264930354
    outer loop
      vertex 115.8 24 1.29
      vertex 114.92482964015528 23.726798639207107 0
      vertex 114.90692307692308 24 0
    endloop
  endfacet
  facet normal 0.7790986347380093 0.2644683496364353 -0.5683852649303552
    outer loop
      vertex 115.84088900845312 23.689417145876973 1.29
      vertex 115.06624907079753 23.199014138872762 0
      vertex 114.97824294359035 23.45827182944311 0
    endloop
  endfacet
  facet normal 0.8210009382327377 -0.05381124446633522 -0.5683852649303541
    outer loop
      vertex 115.81026616635143 24.156631430664063 1.29
      vertex 114.90692307692308 24 0
      vertex 114.92482964015528 24.273201360792893 0
    endloop
  endfacet
  facet normal 0.8069533845551115 -0.16051300808688726 -0.5683852649303545
    outer loop
      vertex 115.84088900845312 24.310582854123027 1.29
      vertex 114.92482964015528 24.273201360792893 0
      vertex 114.97824294359035 24.54172817055689 0
    endloop
  endfacet
  facet normal 0.7790986347380086 -0.26446834963643523 -0.5683852649303563
    outer loop
      vertex 115.89134456098645 24.459220118838108 1.29
      vertex 114.97824294359035 24.54172817055689 0
      vertex 115.06624907079753 24.800985861127238 0
    endloop
  endfacet
  facet normal 0.7379132912735703 -0.36389856439927415 -0.5683852649303589
    outer loop
      vertex 115.96076951545868 24.6 1.29
      vertex 115.06624907079753 24.800985861127238 0
      vertex 115.18734221254041 25.04653846153846 0
    endloop
  endfacet
  facet normal 0.6841020468072384 -0.4571023738334726 -0.5683852649303561
    outer loop
      vertex 116.04797599165052 24.730513714810463 1.29
      vertex 115.18734221254041 25.04653846153846 0
      vertex 115.33945043159042 25.27418449871748 0
    endloop
  endfacet
  facet normal 0.6185856266511129 -0.5424850349186591 -0.5683852649303561
    outer loop
      vertex 116.15147186257614 24.848528137423855 1.29
      vertex 115.33945043159042 25.27418449871748 0
      vertex 115.51997111414724 25.480028885852768 0
    endloop
  endfacet
  facet normal 0.5424850349186683 -0.6185856266511056 -0.5683852649303555
    outer loop
      vertex 116.26948628518953 24.952024008349483 1.29
      vertex 115.51997111414724 25.480028885852768 0
      vertex 115.72581550128251 25.66054956840958 0
    endloop
  endfacet
  facet normal 0.4571023738334622 -0.6841020468072441 -0.5683852649303578
    outer loop
      vertex 116.4 25.039230484541328 1.29
      vertex 115.72581550128251 25.66054956840958 0
      vertex 115.95346153846154 25.812657787459585 0
    endloop
  endfacet
  facet normal 0.36389856439927426 0.7379132912735713 -0.5683852649303575
    outer loop
      vertex 116.4 22.960769515458672 1.29
      vertex 116.19901413887276 22.06624907079753 0
      vertex 115.95346153846154 22.187342212540415 0
    endloop
  endfacet
  facet normal 0.26446834963645055 0.7790986347380019 -0.5683852649303583
    outer loop
      vertex 116.5407798811619 22.891344560986457 1.29
      vertex 116.4582718294431 21.97824294359034 0
      vertex 116.19901413887276 22.06624907079753 0
    endloop
  endfacet
  facet normal 0.16051300808688654 0.8069533845551102 -0.5683852649303565
    outer loop
      vertex 116.68941714587697 22.840889008453118 1.29
      vertex 116.7267986392071 21.924829640155277 0
      vertex 116.4582718294431 21.97824294359034 0
    endloop
  endfacet
  facet normal 0.053811244466334375 0.8210009382327355 -0.5683852649303572
    outer loop
      vertex 116.84336856933594 22.81026616635143 1.29
      vertex 117 21.906923076923075 0
      vertex 116.7267986392071 21.924829640155277 0
    endloop
  endfacet
  facet normal 0.3638985643992741 -0.7379132912735704 -0.5683852649303588
    outer loop
      vertex 116.5407798811619 25.108655439013543 1.29
      vertex 115.95346153846154 25.812657787459585 0
      vertex 116.19901413887276 25.93375092920247 0
    endloop
  endfacet
  facet normal 0.26446834963643595 -0.7790986347380071 -0.5683852649303581
    outer loop
      vertex 116.5407798811619 25.108655439013543 1.29
      vertex 116.19901413887276 25.93375092920247 0
      vertex 116.39417760808172 26 0
    endloop
  endfacet
  facet normal 0.2644683496364954 -0.7790986347379889 -0.5683852649303551
    outer loop
      vertex 116.68941714587697 25.159110991546882 1.29
      vertex 116.39417760808172 26 0
      vertex 116.46410161513775 26 0.03253547881531583
    endloop
  endfacet
  facet normal 0.16051300808688146 -0.806953384555111 -0.5683852649303567
    outer loop
      vertex 116.84336856933594 25.18973383364857 1.29
      vertex 116.46410161513775 26 0.03253547881531583
      vertex 116.73669500482521 26 0.10951633610178088
    endloop
  endfacet
  facet normal 0.053811244466337046 -0.8210009382327358 -0.5683852649303568
    outer loop
      vertex 117 25.2 1.29
      vertex 116.73669500482521 26 0.10951633610178088
      vertex 117 26 0.13444444444444614
    endloop
  endfacet
  facet normal -0.2644683496364565 -0.7790986347380663 -0.5683852649302674
    outer loop
      vertex 117.60582239191828 26 0
      vertex 117.80098586112724 25.93375092920247 0
      vertex 117.53589838486225 26 0.03253547881531583
    endloop
  endfacet
  facet normal -0.7790986347379938 0.2644683496364514 -0.5683852649303688
    outer loop
      vertex 119 23.3941776080817 0
      vertex 118.93375092920247 23.199014138872762 0
      vertex 119 23.464101615137757 0.03253547881532097
    endloop
  endfacet
  facet normal -0.05381124446633439 0.8210009382327356 -0.5683852649303571
    outer loop
      vertex 117 22.8 1.29
      vertex 117.2732013607929 21.924829640155277 0
      vertex 117 21.906923076923075 0
    endloop
  endfacet
  facet normal -0.1605130080868869 0.8069533845551096 -0.5683852649303572
    outer loop
      vertex 117.15663143066406 22.81026616635143 1.29
      vertex 117.5417281705569 21.97824294359034 0
      vertex 117.2732013607929 21.924829640155277 0
    endloop
  endfacet
  facet normal -0.26446834963645094 0.7790986347380031 -0.5683852649303566
    outer loop
      vertex 117.31058285412303 22.840889008453118 1.29
      vertex 117.80098586112724 22.06624907079753 0
      vertex 117.5417281705569 21.97824294359034 0
    endloop
  endfacet
  facet normal -0.36389856439928275 0.7379132912735664 -0.5683852649303586
    outer loop
      vertex 117.4592201188381 22.891344560986457 1.29
      vertex 118.04653846153846 22.18734221254042 0
      vertex 117.80098586112724 22.06624907079753 0
    endloop
  endfacet
  facet normal -0.4571023738334553 0.6841020468072496 -0.5683852649303568
    outer loop
      vertex 117.6 22.960769515458672 1.29
      vertex 118.27418449871749 22.33945043159042 0
      vertex 118.04653846153846 22.18734221254042 0
    endloop
  endfacet
  facet normal -0.053811244466336984 -0.8210009382327357 -0.5683852649303567
    outer loop
      vertex 117.15663143066406 25.18973383364857 1.29
      vertex 117 26 0.13444444444444614
      vertex 117.26330499517479 26 0.10951633610178088
    endloop
  endfacet
  facet normal -0.16051300808688168 -0.8069533845551113 -0.5683852649303561
    outer loop
      vertex 117.31058285412303 25.159110991546882 1.29
      vertex 117.26330499517479 26 0.10951633610178088
      vertex 117.53589838486225 26 0.03253547881531583
    endloop
  endfacet
  facet normal -0.26446834963645155 -0.7790986347380016 -0.5683852649303585
    outer loop
      vertex 117.4592201188381 25.108655439013543 1.29
      vertex 117.53589838486225 26 0.03253547881531583
      vertex 117.80098586112724 25.93375092920247 0
    endloop
  endfacet
  facet normal -0.36389856439927426 -0.7379132912735713 -0.5683852649303575
    outer loop
      vertex 117.6 25.039230484541328 1.29
      vertex 117.80098586112724 25.93375092920247 0
      vertex 118.04653846153846 25.812657787459585 0
    endloop
  endfacet
  facet normal -0.4571023738334629 -0.6841020468072453 -0.5683852649303558
    outer loop
      vertex 117.73051371481047 24.952024008349483 1.29
      vertex 118.04653846153846 25.812657787459585 0
      vertex 118.27418449871749 25.66054956840958 0
    endloop
  endfacet
  facet normal -0.5424850349186683 0.6185856266511056 -0.5683852649303555
    outer loop
      vertex 117.73051371481047 23.047975991650517 1.29
      vertex 118.48002888585276 22.519971114147232 0
      vertex 118.27418449871749 22.33945043159042 0
    endloop
  endfacet
  facet normal -0.6185856266511129 0.5424850349186591 -0.5683852649303561
    outer loop
      vertex 117.84852813742386 23.151471862576145 1.29
      vertex 118.66054956840958 22.72581550128252 0
      vertex 118.48002888585276 22.519971114147232 0
    endloop
  endfacet
  facet normal -0.6841020468072384 0.4571023738334726 -0.5683852649303561
    outer loop
      vertex 117.95202400834948 23.269486285189537 1.29
      vertex 118.81265778745959 22.95346153846154 0
      vertex 118.66054956840958 22.72581550128252 0
    endloop
  endfacet
  facet normal -0.7379132912735703 0.36389856439927415 -0.5683852649303589
    outer loop
      vertex 118.03923048454132 23.4 1.29
      vertex 118.93375092920247 23.199014138872762 0
      vertex 118.81265778745959 22.95346153846154 0
    endloop
  endfacet
  facet normal -0.7790986347380023 0.26446834963645244 -0.5683852649303569
    outer loop
      vertex 118.10865543901355 23.540779881161892 1.29
      vertex 119 23.464101615137757 0.03253547881532097
      vertex 118.93375092920247 23.199014138872762 0
    endloop
  endfacet
  facet normal -0.5424850349186678 -0.6185856266511048 -0.5683852649303567
    outer loop
      vertex 117.84852813742386 24.848528137423855 1.29
      vertex 118.27418449871749 25.66054956840958 0
      vertex 118.48002888585276 25.480028885852768 0
    endloop
  endfacet
  facet normal -0.6185856266511134 -0.542485034918659 -0.5683852649303556
    outer loop
      vertex 117.95202400834948 24.730513714810463 1.29
      vertex 118.48002888585276 25.480028885852768 0
      vertex 118.66054956840958 25.27418449871748 0
    endloop
  endfacet
  facet normal -0.6841020468072373 -0.45710237383347185 -0.5683852649303582
    outer loop
      vertex 118.03923048454132 24.6 1.29
      vertex 118.66054956840958 25.27418449871748 0
      vertex 118.81265778745959 25.04653846153846 0
    endloop
  endfacet
  facet normal -0.7790986347380017 -0.26446834963645405 -0.5683852649303571
    outer loop
      vertex 118.10865543901355 24.459220118838108 1.29
      vertex 118.93375092920247 24.800985861127238 0
      vertex 119 24.6058223919183 0
    endloop
  endfacet
  facet normal -0.7790986347380044 -0.2644683496364452 -0.5683852649303573
    outer loop
      vertex 118.15911099154688 24.310582854123027 1.29
      vertex 119 24.6058223919183 0
      vertex 119 24.535898384862243 0.03253547881532097
    endloop
  endfacet
  facet normal -0.8069533845551098 0.16051300808688618 -0.5683852649303572
    outer loop
      vertex 118.15911099154688 23.689417145876973 1.29
      vertex 119 23.736695004825208 0.10951633610178606
      vertex 119 23.464101615137757 0.03253547881532097
    endloop
  endfacet
  facet normal -0.8210009382327383 0.05381124446630697 -0.5683852649303559
    outer loop
      vertex 118.18973383364857 23.843368569335937 1.29
      vertex 119 24 0.1344444444444376
      vertex 119 23.736695004825208 0.10951633610178606
    endloop
  endfacet
  facet normal -0.8069533845551102 -0.16051300808688576 -0.5683852649303567
    outer loop
      vertex 118.18973383364857 24.156631430664063 1.29
      vertex 119 24.535898384862243 0.03253547881532097
      vertex 119 24.263304995174792 0.10951633610178606
    endloop
  endfacet
  facet normal -0.8210009382327402 -0.05381124446630669 -0.5683852649303532
    outer loop
      vertex 118.2 24 1.29
      vertex 119 24.263304995174792 0.10951633610178606
      vertex 119 24 0.1344444444444376
    endloop
  endfacet
  facet normal -0.7379132912735716 -0.36389856439927476 -0.5683852649303568
    outer loop
      vertex 118.10865543901355 24.459220118838108 1.29
      vertex 118.81265778745959 25.04653846153846 0
      vertex 118.93375092920247 24.800985861127238 0
    endloop
  endfacet
  facet normal 0.7379132912735585 0.3638985643992969 -0.5683852649303597
    outer loop
      vertex 115.96076951545868 23.4 1.29
      vertex 115.18734221254041 22.95346153846154 0
      vertex 115.89134456098645 23.540779881161892 1.29
    endloop
  endfacet
  facet normal 0.6841020468072527 0.4571023738334522 -0.5683852649303553
    outer loop
      vertex 115.96076951545868 23.4 1.29
      vertex 116.04797599165052 23.269486285189537 1.29
      vertex 115.33945043159042 22.72581550128252 0
    endloop
  endfacet
  facet normal 0.6185856266511105 0.5424850349186617 -0.5683852649303561
    outer loop
      vertex 116.04797599165052 23.269486285189537 1.29
      vertex 116.15147186257614 23.151471862576145 1.29
      vertex 115.51997111414724 22.519971114147232 0
    endloop
  endfacet
  facet normal 0.5424850349186808 0.6185856266510951 -0.5683852649303549
    outer loop
      vertex 116.15147186257614 23.151471862576145 1.29
      vertex 116.26948628518953 23.047975991650517 1.29
      vertex 115.72581550128251 22.33945043159042 0
    endloop
  endfacet
  facet normal 0.8069533845551097 0.16051300808689462 -0.5683852649303549
    outer loop
      vertex 115.84088900845312 23.689417145876973 1.29
      vertex 114.97824294359035 23.45827182944311 0
      vertex 115.81026616635143 23.843368569335937 1.29
    endloop
  endfacet
  facet normal 0.7790986347380031 0.26446834963645005 -0.5683852649303568
    outer loop
      vertex 115.84088900845312 23.689417145876973 1.29
      vertex 115.89134456098645 23.540779881161892 1.29
      vertex 115.06624907079753 23.199014138872762 0
    endloop
  endfacet
  facet normal 0.8210009382327375 0.05381124446633673 -0.5683852649303541
    outer loop
      vertex 115.8 24 1.29
      vertex 115.81026616635143 23.843368569335937 1.29
      vertex 114.92482964015528 23.726798639207107 0
    endloop
  endfacet
  facet normal 0.8210009382327376 -0.053811244466336734 -0.568385264930354
    outer loop
      vertex 115.8 24 1.29
      vertex 114.90692307692308 24 0
      vertex 115.81026616635143 24.156631430664063 1.29
    endloop
  endfacet
  facet normal 0.8069533845551105 -0.16051300808689475 -0.5683852649303538
    outer loop
      vertex 115.81026616635143 24.156631430664063 1.29
      vertex 114.92482964015528 24.273201360792893 0
      vertex 115.84088900845312 24.310582854123027 1.29
    endloop
  endfacet
  facet normal 0.7790986347380047 -0.26446834963645055 -0.5683852649303546
    outer loop
      vertex 115.84088900845312 24.310582854123027 1.29
      vertex 114.97824294359035 24.54172817055689 0
      vertex 115.89134456098645 24.459220118838108 1.29
    endloop
  endfacet
  facet normal 0.7379132912735608 -0.363898564399298 -0.568385264930356
    outer loop
      vertex 115.89134456098645 24.459220118838108 1.29
      vertex 115.06624907079753 24.800985861127238 0
      vertex 115.96076951545868 24.6 1.29
    endloop
  endfacet
  facet normal 0.6841020468072507 -0.4571023738334508 -0.568385264930359
    outer loop
      vertex 115.96076951545868 24.6 1.29
      vertex 115.18734221254041 25.04653846153846 0
      vertex 116.04797599165052 24.730513714810463 1.29
    endloop
  endfacet
  facet normal 0.6185856266511108 -0.542485034918662 -0.5683852649303556
    outer loop
      vertex 116.04797599165052 24.730513714810463 1.29
      vertex 115.33945043159042 25.27418449871748 0
      vertex 116.15147186257614 24.848528137423855 1.29
    endloop
  endfacet
  facet normal 0.5424850349186798 -0.6185856266510938 -0.5683852649303572
    outer loop
      vertex 116.15147186257614 24.848528137423855 1.29
      vertex 115.51997111414724 25.480028885852768 0
      vertex 116.26948628518953 24.952024008349483 1.29
    endloop
  endfacet
  facet normal 0.4571023738334424 0.6841020468072567 -0.5683852649303583
    outer loop
      vertex 116.26948628518953 23.047975991650517 1.29
      vertex 116.4 22.960769515458672 1.29
      vertex 115.95346153846154 22.187342212540415 0
    endloop
  endfacet
  facet normal 0.3638985643992595 0.7379132912735773 -0.5683852649303593
    outer loop
      vertex 116.4 22.960769515458672 1.29
      vertex 116.5407798811619 22.891344560986457 1.29
      vertex 116.19901413887276 22.06624907079753 0
    endloop
  endfacet
  facet normal 0.26446834963647264 0.7790986347379963 -0.5683852649303558
    outer loop
      vertex 116.5407798811619 22.891344560986457 1.29
      vertex 116.68941714587697 22.840889008453118 1.29
      vertex 116.4582718294431 21.97824294359034 0
    endloop
  endfacet
  facet normal 0.16051300808687635 0.8069533845551115 -0.5683852649303576
    outer loop
      vertex 116.68941714587697 22.840889008453118 1.29
      vertex 116.84336856933594 22.81026616635143 1.29
      vertex 116.7267986392071 21.924829640155277 0
    endloop
  endfacet
  facet normal 0.053811244466336595 0.8210009382327356 -0.568385264930357
    outer loop
      vertex 116.84336856933594 22.81026616635143 1.29
      vertex 117 22.8 1.29
      vertex 117 21.906923076923075 0
    endloop
  endfacet
  facet normal 0.45710237383344365 -0.6841020468072586 -0.568385264930355
    outer loop
      vertex 116.26948628518953 24.952024008349483 1.29
      vertex 115.72581550128251 25.66054956840958 0
      vertex 116.4 25.039230484541328 1.29
    endloop
  endfacet
  facet normal 0.3638985643992601 -0.7379132912735786 -0.5683852649303571
    outer loop
      vertex 116.4 25.039230484541328 1.29
      vertex 115.95346153846154 25.812657787459585 0
      vertex 116.5407798811619 25.108655439013543 1.29
    endloop
  endfacet
  facet normal 0.2644683496364728 -0.7790986347379968 -0.568385264930355
    outer loop
      vertex 116.5407798811619 25.108655439013543 1.29
      vertex 116.39417760808172 26 0
      vertex 116.68941714587697 25.159110991546882 1.29
    endloop
  endfacet
  facet normal 0.16051300808687655 -0.8069533845551125 -0.5683852649303561
    outer loop
      vertex 116.68941714587697 25.159110991546882 1.29
      vertex 116.46410161513775 26 0.03253547881531583
      vertex 116.84336856933594 25.18973383364857 1.29
    endloop
  endfacet
  facet normal 0.05381124446633661 -0.8210009382327357 -0.5683852649303567
    outer loop
      vertex 116.84336856933594 25.18973383364857 1.29
      vertex 116.73669500482521 26 0.10951633610178088
      vertex 117 25.2 1.29
    endloop
  endfacet
  facet normal -0.053811244466336616 -0.8210009382327358 -0.5683852649303569
    outer loop
      vertex 117 25.2 1.29
      vertex 117 26 0.13444444444444614
      vertex 117.15663143066406 25.18973383364857 1.29
    endloop
  endfacet
  facet normal -0.05381124446633658 0.8210009382327352 -0.5683852649303573
    outer loop
      vertex 117 22.8 1.29
      vertex 117.15663143066406 22.81026616635143 1.29
      vertex 117.2732013607929 21.924829640155277 0
    endloop
  endfacet
  facet normal -0.16051300808687655 0.8069533845551125 -0.568385264930356
    outer loop
      vertex 117.15663143066406 22.81026616635143 1.29
      vertex 117.31058285412303 22.840889008453118 1.29
      vertex 117.5417281705569 21.97824294359034 0
    endloop
  endfacet
  facet normal -0.2644683496364719 0.7790986347379941 -0.568385264930359
    outer loop
      vertex 117.31058285412303 22.840889008453118 1.29
      vertex 117.4592201188381 22.891344560986457 1.29
      vertex 117.80098586112724 22.06624907079753 0
    endloop
  endfacet
  facet normal -0.36389856439926055 0.7379132912735795 -0.5683852649303557
    outer loop
      vertex 117.4592201188381 22.891344560986457 1.29
      vertex 117.6 22.960769515458672 1.29
      vertex 118.04653846153846 22.18734221254042 0
    endloop
  endfacet
  facet normal -0.45710237383344365 0.6841020468072586 -0.568385264930355
    outer loop
      vertex 117.6 22.960769515458672 1.29
      vertex 117.73051371481047 23.047975991650517 1.29
      vertex 118.27418449871749 22.33945043159042 0
    endloop
  endfacet
  facet normal -0.5424850349186798 0.6185856266510938 -0.5683852649303572
    outer loop
      vertex 117.73051371481047 23.047975991650517 1.29
      vertex 117.84852813742386 23.151471862576145 1.29
      vertex 118.48002888585276 22.519971114147232 0
    endloop
  endfacet
  facet normal -0.2644683496364726 -0.7790986347379961 -0.5683852649303559
    outer loop
      vertex 117.31058285412303 25.159110991546882 1.29
      vertex 117.53589838486225 26 0.03253547881531583
      vertex 117.4592201188381 25.108655439013543 1.29
    endloop
  endfacet
  facet normal -0.16051300808687644 -0.806953384555112 -0.5683852649303568
    outer loop
      vertex 117.15663143066406 25.18973383364857 1.29
      vertex 117.26330499517479 26 0.10951633610178088
      vertex 117.31058285412303 25.159110991546882 1.29
    endloop
  endfacet
  facet normal -0.3638985643992595 -0.7379132912735773 -0.5683852649303593
    outer loop
      vertex 117.4592201188381 25.108655439013543 1.29
      vertex 117.80098586112724 25.93375092920247 0
      vertex 117.6 25.039230484541328 1.29
    endloop
  endfacet
  facet normal -0.4571023738334424 -0.6841020468072567 -0.5683852649303583
    outer loop
      vertex 117.6 25.039230484541328 1.29
      vertex 118.04653846153846 25.812657787459585 0
      vertex 117.73051371481047 24.952024008349483 1.29
    endloop
  endfacet
  facet normal -0.5424850349186808 -0.6185856266510951 -0.5683852649303549
    outer loop
      vertex 117.73051371481047 24.952024008349483 1.29
      vertex 118.27418449871749 25.66054956840958 0
      vertex 117.84852813742386 24.848528137423855 1.29
    endloop
  endfacet
  facet normal -0.6185856266511108 0.542485034918662 -0.5683852649303556
    outer loop
      vertex 117.84852813742386 23.151471862576145 1.29
      vertex 117.95202400834948 23.269486285189537 1.29
      vertex 118.66054956840958 22.72581550128252 0
    endloop
  endfacet
  facet normal -0.6841020468072507 0.4571023738334508 -0.568385264930359
    outer loop
      vertex 117.95202400834948 23.269486285189537 1.29
      vertex 118.03923048454132 23.4 1.29
      vertex 118.81265778745959 22.95346153846154 0
    endloop
  endfacet
  facet normal -0.7379132912735608 0.363898564399298 -0.568385264930356
    outer loop
      vertex 118.03923048454132 23.4 1.29
      vertex 118.10865543901355 23.540779881161892 1.29
      vertex 118.93375092920247 23.199014138872762 0
    endloop
  endfacet
  facet normal -0.7790986347380029 0.26446834963645 -0.5683852649303572
    outer loop
      vertex 118.10865543901355 23.540779881161892 1.29
      vertex 118.15911099154688 23.689417145876973 1.29
      vertex 119 23.464101615137757 0.03253547881532097
    endloop
  endfacet
  facet normal -0.7379132912735585 -0.3638985643992969 -0.5683852649303597
    outer loop
      vertex 118.10865543901355 24.459220118838108 1.29
      vertex 118.03923048454132 24.6 1.29
      vertex 118.81265778745959 25.04653846153846 0
    endloop
  endfacet
  facet normal -0.806953384555108 -0.16051300808689425 -0.5683852649303576
    outer loop
      vertex 118.18973383364857 24.156631430664063 1.29
      vertex 118.15911099154688 24.310582854123027 1.29
      vertex 119 24.535898384862243 0.03253547881532097
    endloop
  endfacet
  facet normal -0.7790986347380028 -0.26446834963644994 -0.5683852649303573
    outer loop
      vertex 118.10865543901355 24.459220118838108 1.29
      vertex 119 24.6058223919183 0
      vertex 118.15911099154688 24.310582854123027 1.29
    endloop
  endfacet
  facet normal -0.8069533845551088 0.16051300808689445 -0.5683852649303563
    outer loop
      vertex 118.15911099154688 23.689417145876973 1.29
      vertex 118.18973383364857 23.843368569335937 1.29
      vertex 119 23.736695004825208 0.10951633610178606
    endloop
  endfacet
  facet normal -0.8210009382327389 0.05381124446633682 -0.5683852649303521
    outer loop
      vertex 118.18973383364857 23.843368569335937 1.29
      vertex 118.2 24 1.29
      vertex 119 24 0.1344444444444376
    endloop
  endfacet
  facet normal -0.8210009382327358 -0.0538112444663366 -0.5683852649303568
    outer loop
      vertex 118.2 24 1.29
      vertex 118.18973383364857 24.156631430664063 1.29
      vertex 119 24.263304995174792 0.10951633610178606
    endloop
  endfacet
  facet normal -0.6185856266511105 -0.5424850349186617 -0.5683852649303561
    outer loop
      vertex 117.95202400834948 24.730513714810463 1.29
      vertex 117.84852813742386 24.848528137423855 1.29
      vertex 118.48002888585276 25.480028885852768 0
    endloop
  endfacet
  facet normal -0.6841020468072527 -0.4571023738334522 -0.5683852649303553
    outer loop
      vertex 117.95202400834948 24.730513714810463 1.29
      vertex 118.66054956840958 25.27418449871748 0
      vertex 118.03923048454132 24.6 1.29
    endloop
  endfacet
endsolid OpenSCAD_Model
