solid OpenSCAD_Model
  facet normal -0.8314696123025503 -0.5555702330195945 0
    outer loop
      vertex 96.46864065762139 26.208610142288663 7.4
      vertex 96.37416697508023 26.35 18
      vertex 96.37416697508023 26.35 7.4
    endloop
  endfacet
  facet normal -0.6593458151000645 -0.7518398074789812 0
    outer loop
      vertex 96.58076118445749 26.080761184457486 7.4
      vertex 96.70861014228866 25.968640657621393 7.4
      vertex 96.58076118445749 26.080761184457486 18
    endloop
  endfacet
  facet normal -0.5555702330196138 -0.8314696123025375 0
    outer loop
      vertex 96.70861014228866 25.968640657621393 7.4
      vertex 96.85 25.87416697508023 7.4
      vertex 96.70861014228866 25.968640657621393 18
    endloop
  endfacet
  facet normal -0.7518398074789812 -0.6593458151000645 0
    outer loop
      vertex 96.46864065762139 26.208610142288663 7.4
      vertex 96.58076118445749 26.080761184457486 7.4
      vertex 96.46864065762139 26.208610142288663 18
    endloop
  endfacet
  facet normal -0.896872741532672 -0.44228869021903433 0
    outer loop
      vertex 96.29895660773532 26.502511537925383 7.4
      vertex 96.37416697508023 26.35 7.4
      vertex 96.29895660773532 26.502511537925383 18
    endloop
  endfacet
  facet normal -0.9469301294951292 -0.32143946530309214 0
    outer loop
      vertex 96.29895660773532 26.502511537925383 7.4
      vertex 96.24429642582422 26.663535241366723 18
      vertex 96.24429642582422 26.663535241366723 7.4
    endloop
  endfacet
  facet normal -0.9807852804032262 -0.19509032201614954 0
    outer loop
      vertex 96.24429642582422 26.663535241366723 7.4
      vertex 96.21112168021405 26.83031595011393 18
      vertex 96.21112168021405 26.83031595011393 7.4
    endloop
  endfacet
  facet normal -0.9978589232386036 -0.06540312923014048 0
    outer loop
      vertex 96.21112168021405 26.83031595011393 7.4
      vertex 96.2 27 18
      vertex 96.2 27 7.4
    endloop
  endfacet
  facet normal -0.9978589232386036 0.06540312923014048 0
    outer loop
      vertex 96.2 27 7.4
      vertex 96.21112168021405 27.16968404988607 18
      vertex 96.21112168021405 27.16968404988607 7.4
    endloop
  endfacet
  facet normal -0.4422886902189759 -0.8968727415327008 0
    outer loop
      vertex 96.85 25.87416697508023 7.4
      vertex 97.00251153792539 25.798956607735327 7.4
      vertex 96.85 25.87416697508023 18
    endloop
  endfacet
  facet normal -0.3214394653031862 -0.9469301294950974 0
    outer loop
      vertex 97.00251153792539 25.798956607735327 7.4
      vertex 97.16353524136672 25.74429642582421 7.4
      vertex 97.00251153792539 25.798956607735327 18
    endloop
  endfacet
  facet normal -0.06540312923013912 -0.9978589232386037 0
    outer loop
      vertex 97.33031595011393 25.711121680214045 7.4
      vertex 97.5 25.7 7.4
      vertex 97.33031595011393 25.711121680214045 18
    endloop
  endfacet
  facet normal -0.19509032201612544 -0.980785280403231 0
    outer loop
      vertex 97.16353524136672 25.74429642582421 7.4
      vertex 97.33031595011393 25.711121680214045 7.4
      vertex 97.16353524136672 25.74429642582421 18
    endloop
  endfacet
  facet normal 0.06540312923013912 -0.9978589232386037 0
    outer loop
      vertex 97.5 25.7 7.4
      vertex 97.66968404988607 25.711121680214045 7.4
      vertex 97.5 25.7 18
    endloop
  endfacet
  facet normal 0.19509032201612544 -0.980785280403231 0
    outer loop
      vertex 97.66968404988607 25.711121680214045 7.4
      vertex 97.83646475863328 25.74429642582421 7.4
      vertex 97.66968404988607 25.711121680214045 18
    endloop
  endfacet
  facet normal 0.3214394653031862 -0.9469301294950974 0
    outer loop
      vertex 97.83646475863328 25.74429642582421 7.4
      vertex 97.99748846207461 25.798956607735327 7.4
      vertex 97.83646475863328 25.74429642582421 18
    endloop
  endfacet
  facet normal 0.4422886902189759 -0.8968727415327008 0
    outer loop
      vertex 97.99748846207461 25.798956607735327 7.4
      vertex 98.15 25.87416697508023 7.4
      vertex 97.99748846207461 25.798956607735327 18
    endloop
  endfacet
  facet normal -0.9807852804032262 0.19509032201614954 0
    outer loop
      vertex 96.21112168021405 27.16968404988607 7.4
      vertex 96.24429642582422 27.336464758633277 18
      vertex 96.24429642582422 27.336464758633277 7.4
    endloop
  endfacet
  facet normal -0.9469301294951292 0.32143946530309214 0
    outer loop
      vertex 96.24429642582422 27.336464758633277 7.4
      vertex 96.29895660773532 27.497488462074617 18
      vertex 96.29895660773532 27.497488462074617 7.4
    endloop
  endfacet
  facet normal -0.896872741532672 0.44228869021903433 0
    outer loop
      vertex 96.29895660773532 27.497488462074617 7.4
      vertex 96.37416697508023 27.65 18
      vertex 96.37416697508023 27.65 7.4
    endloop
  endfacet
  facet normal -0.8314696123025503 0.5555702330195945 0
    outer loop
      vertex 96.37416697508023 27.65 7.4
      vertex 96.46864065762139 27.791389857711337 18
      vertex 96.46864065762139 27.791389857711337 7.4
    endloop
  endfacet
  facet normal -0.7518398074789812 0.6593458151000645 0
    outer loop
      vertex 96.46864065762139 27.791389857711337 7.4
      vertex 96.58076118445749 27.919238815542514 18
      vertex 96.58076118445749 27.919238815542514 7.4
    endloop
  endfacet
  facet normal -0.6593458151000645 0.7518398074789812 0
    outer loop
      vertex 96.58076118445749 27.919238815542514 7.4
      vertex 96.70861014228866 28.031359342378607 18
      vertex 96.70861014228866 28.031359342378607 7.4
    endloop
  endfacet
  facet normal -0.5555702330196138 0.8314696123025375 0
    outer loop
      vertex 96.70861014228866 28.031359342378607 7.4
      vertex 96.85 28.12583302491977 18
      vertex 96.85 28.12583302491977 7.4
    endloop
  endfacet
  facet normal -0.4422886902189759 0.8968727415327008 0
    outer loop
      vertex 96.85 28.12583302491977 7.4
      vertex 97.00251153792539 28.201043392264673 18
      vertex 97.00251153792539 28.201043392264673 7.4
    endloop
  endfacet
  facet normal -0.3214394653031862 0.9469301294950974 0
    outer loop
      vertex 97.00251153792539 28.201043392264673 7.4
      vertex 97.16353524136672 28.25570357417579 18
      vertex 97.16353524136672 28.25570357417579 7.4
    endloop
  endfacet
  facet normal -0.19509032201612544 0.980785280403231 0
    outer loop
      vertex 97.16353524136672 28.25570357417579 7.4
      vertex 97.33031595011393 28.288878319785955 18
      vertex 97.33031595011393 28.288878319785955 7.4
    endloop
  endfacet
  facet normal -0.06540312923013912 0.9978589232386037 0
    outer loop
      vertex 97.33031595011393 28.288878319785955 7.4
      vertex 97.5 28.3 18
      vertex 97.5 28.3 7.4
    endloop
  endfacet
  facet normal 0.06540312923013912 0.9978589232386037 0
    outer loop
      vertex 97.5 28.3 7.4
      vertex 97.66968404988607 28.288878319785955 18
      vertex 97.66968404988607 28.288878319785955 7.4
    endloop
  endfacet
  facet normal 0.19509032201612544 0.980785280403231 0
    outer loop
      vertex 97.66968404988607 28.288878319785955 7.4
      vertex 97.83646475863328 28.25570357417579 18
      vertex 97.83646475863328 28.25570357417579 7.4
    endloop
  endfacet
  facet normal 0.3214394653031862 0.9469301294950974 0
    outer loop
      vertex 97.99748846207461 28.201043392264673 7.4
      vertex 97.83646475863328 28.25570357417579 7.4
      vertex 97.99748846207461 28.201043392264673 18
    endloop
  endfacet
  facet normal 0.4422886902189759 0.8968727415327008 0
    outer loop
      vertex 97.99748846207461 28.201043392264673 7.4
      vertex 98.15 28.12583302491977 18
      vertex 98.15 28.12583302491977 7.4
    endloop
  endfacet
  facet normal 0.5555702330196138 -0.8314696123025375 0
    outer loop
      vertex 98.15 25.87416697508023 7.4
      vertex 98.29138985771134 25.968640657621393 7.4
      vertex 98.15 25.87416697508023 18
    endloop
  endfacet
  facet normal 0.6593458151000645 -0.7518398074789812 0
    outer loop
      vertex 98.29138985771134 25.968640657621393 7.4
      vertex 98.41923881554251 26.080761184457486 7.4
      vertex 98.29138985771134 25.968640657621393 18
    endloop
  endfacet
  facet normal 0.7518398074789812 -0.6593458151000645 0
    outer loop
      vertex 98.41923881554251 26.080761184457486 7.4
      vertex 98.53135934237861 26.208610142288663 7.4
      vertex 98.41923881554251 26.080761184457486 18
    endloop
  endfacet
  facet normal 0.8314696123025503 -0.5555702330195945 0
    outer loop
      vertex 98.53135934237861 26.208610142288663 7.4
      vertex 98.62583302491977 26.35 7.4
      vertex 98.53135934237861 26.208610142288663 18
    endloop
  endfacet
  facet normal 0.896872741532672 -0.44228869021903433 0
    outer loop
      vertex 98.62583302491977 26.35 7.4
      vertex 98.70104339226468 26.502511537925383 7.4
      vertex 98.62583302491977 26.35 18
    endloop
  endfacet
  facet normal 0.9469301294951292 -0.32143946530309214 0
    outer loop
      vertex 98.70104339226468 26.502511537925383 7.4
      vertex 98.75570357417578 26.663535241366723 7.4
      vertex 98.70104339226468 26.502511537925383 18
    endloop
  endfacet
  facet normal 0.9807852804032262 -0.19509032201614954 0
    outer loop
      vertex 98.75570357417578 26.663535241366723 7.4
      vertex 98.78887831978595 26.83031595011393 7.4
      vertex 98.75570357417578 26.663535241366723 18
    endloop
  endfacet
  facet normal 0.9978589232386036 -0.06540312923014048 0
    outer loop
      vertex 98.78887831978595 26.83031595011393 7.4
      vertex 98.8 27 7.4
      vertex 98.78887831978595 26.83031595011393 18
    endloop
  endfacet
  facet normal 0.9978589232386036 0.06540312923014048 0
    outer loop
      vertex 98.8 27 7.4
      vertex 98.78887831978595 27.16968404988607 7.4
      vertex 98.8 27 18
    endloop
  endfacet
  facet normal 0.9807852804032262 0.19509032201614954 0
    outer loop
      vertex 98.78887831978595 27.16968404988607 7.4
      vertex 98.75570357417578 27.336464758633277 7.4
      vertex 98.78887831978595 27.16968404988607 18
    endloop
  endfacet
  facet normal 0.9469301294951292 0.32143946530309214 0
    outer loop
      vertex 98.75570357417578 27.336464758633277 7.4
      vertex 98.70104339226468 27.497488462074617 7.4
      vertex 98.75570357417578 27.336464758633277 18
    endloop
  endfacet
  facet normal 0.896872741532672 0.44228869021903433 0
    outer loop
      vertex 98.70104339226468 27.497488462074617 7.4
      vertex 98.62583302491977 27.65 7.4
      vertex 98.70104339226468 27.497488462074617 18
    endloop
  endfacet
  facet normal 0.6593458151000645 0.7518398074789812 0
    outer loop
      vertex 98.41923881554251 27.919238815542514 7.4
      vertex 98.29138985771134 28.031359342378607 7.4
      vertex 98.41923881554251 27.919238815542514 18
    endloop
  endfacet
  facet normal 0.8314696123025503 0.5555702330195945 0
    outer loop
      vertex 98.53135934237861 27.791389857711337 7.4
      vertex 98.62583302491977 27.65 18
      vertex 98.62583302491977 27.65 7.4
    endloop
  endfacet
  facet normal 0.7518398074789812 0.6593458151000645 0
    outer loop
      vertex 98.41923881554251 27.919238815542514 7.4
      vertex 98.53135934237861 27.791389857711337 18
      vertex 98.53135934237861 27.791389857711337 7.4
    endloop
  endfacet
  facet normal 0.5555702330196138 0.8314696123025375 0
    outer loop
      vertex 98.15 28.12583302491977 7.4
      vertex 98.29138985771134 28.031359342378607 18
      vertex 98.29138985771134 28.031359342378607 7.4
    endloop
  endfacet
  facet normal -0.5555702330196138 -0.8314696123025375 0
    outer loop
      vertex 96.85 25.87416697508023 7.4
      vertex 96.85 25.87416697508023 18
      vertex 96.70861014228866 25.968640657621393 18
    endloop
  endfacet
  facet normal -0.8314696123025503 -0.5555702330195945 0
    outer loop
      vertex 96.46864065762139 26.208610142288663 7.4
      vertex 96.46864065762139 26.208610142288663 18
      vertex 96.37416697508023 26.35 18
    endloop
  endfacet
  facet normal -0.7518398074789812 -0.6593458151000645 0
    outer loop
      vertex 96.58076118445749 26.080761184457486 7.4
      vertex 96.58076118445749 26.080761184457486 18
      vertex 96.46864065762139 26.208610142288663 18
    endloop
  endfacet
  facet normal -0.6593458151000645 -0.7518398074789812 0
    outer loop
      vertex 96.70861014228866 25.968640657621393 7.4
      vertex 96.70861014228866 25.968640657621393 18
      vertex 96.58076118445749 26.080761184457486 18
    endloop
  endfacet
  facet normal -0.896872741532672 -0.44228869021903433 0
    outer loop
      vertex 96.37416697508023 26.35 7.4
      vertex 96.37416697508023 26.35 18
      vertex 96.29895660773532 26.502511537925383 18
    endloop
  endfacet
  facet normal -0.9469301294951292 -0.32143946530309214 0
    outer loop
      vertex 96.29895660773532 26.502511537925383 7.4
      vertex 96.29895660773532 26.502511537925383 18
      vertex 96.24429642582422 26.663535241366723 18
    endloop
  endfacet
  facet normal -0.9807852804032262 -0.19509032201614954 0
    outer loop
      vertex 96.24429642582422 26.663535241366723 7.4
      vertex 96.24429642582422 26.663535241366723 18
      vertex 96.21112168021405 26.83031595011393 18
    endloop
  endfacet
  facet normal -0.9978589232386036 -0.06540312923014048 0
    outer loop
      vertex 96.21112168021405 26.83031595011393 7.4
      vertex 96.21112168021405 26.83031595011393 18
      vertex 96.2 27 18
    endloop
  endfacet
  facet normal -0.9978589232386036 0.06540312923014048 0
    outer loop
      vertex 96.2 27 7.4
      vertex 96.2 27 18
      vertex 96.21112168021405 27.16968404988607 18
    endloop
  endfacet
  facet normal -0.4422886902189759 -0.8968727415327008 0
    outer loop
      vertex 97.00251153792539 25.798956607735327 7.4
      vertex 97.00251153792539 25.798956607735327 18
      vertex 96.85 25.87416697508023 18
    endloop
  endfacet
  facet normal -0.3214394653031862 -0.9469301294950974 0
    outer loop
      vertex 97.16353524136672 25.74429642582421 7.4
      vertex 97.16353524136672 25.74429642582421 18
      vertex 97.00251153792539 25.798956607735327 18
    endloop
  endfacet
  facet normal -0.06540312923013912 -0.9978589232386037 0
    outer loop
      vertex 97.5 25.7 7.4
      vertex 97.5 25.7 18
      vertex 97.33031595011393 25.711121680214045 18
    endloop
  endfacet
  facet normal -0.19509032201612544 -0.980785280403231 0
    outer loop
      vertex 97.33031595011393 25.711121680214045 7.4
      vertex 97.33031595011393 25.711121680214045 18
      vertex 97.16353524136672 25.74429642582421 18
    endloop
  endfacet
  facet normal 0.06540312923013912 -0.9978589232386037 0
    outer loop
      vertex 97.66968404988607 25.711121680214045 7.4
      vertex 97.66968404988607 25.711121680214045 18
      vertex 97.5 25.7 18
    endloop
  endfacet
  facet normal 0.19509032201612544 -0.980785280403231 0
    outer loop
      vertex 97.83646475863328 25.74429642582421 7.4
      vertex 97.83646475863328 25.74429642582421 18
      vertex 97.66968404988607 25.711121680214045 18
    endloop
  endfacet
  facet normal 0.3214394653031862 -0.9469301294950974 0
    outer loop
      vertex 97.99748846207461 25.798956607735327 7.4
      vertex 97.99748846207461 25.798956607735327 18
      vertex 97.83646475863328 25.74429642582421 18
    endloop
  endfacet
  facet normal 0.4422886902189759 -0.8968727415327008 0
    outer loop
      vertex 98.15 25.87416697508023 7.4
      vertex 98.15 25.87416697508023 18
      vertex 97.99748846207461 25.798956607735327 18
    endloop
  endfacet
  facet normal -0.9807852804032262 0.19509032201614954 0
    outer loop
      vertex 96.21112168021405 27.16968404988607 7.4
      vertex 96.21112168021405 27.16968404988607 18
      vertex 96.24429642582422 27.336464758633277 18
    endloop
  endfacet
  facet normal -0.9469301294951292 0.32143946530309214 0
    outer loop
      vertex 96.24429642582422 27.336464758633277 7.4
      vertex 96.24429642582422 27.336464758633277 18
      vertex 96.29895660773532 27.497488462074617 18
    endloop
  endfacet
  facet normal -0.896872741532672 0.44228869021903433 0
    outer loop
      vertex 96.29895660773532 27.497488462074617 7.4
      vertex 96.29895660773532 27.497488462074617 18
      vertex 96.37416697508023 27.65 18
    endloop
  endfacet
  facet normal -0.8314696123025503 0.5555702330195945 0
    outer loop
      vertex 96.37416697508023 27.65 7.4
      vertex 96.37416697508023 27.65 18
      vertex 96.46864065762139 27.791389857711337 18
    endloop
  endfacet
  facet normal -0.7518398074789812 0.6593458151000645 0
    outer loop
      vertex 96.46864065762139 27.791389857711337 7.4
      vertex 96.46864065762139 27.791389857711337 18
      vertex 96.58076118445749 27.919238815542514 18
    endloop
  endfacet
  facet normal -0.6593458151000645 0.7518398074789812 0
    outer loop
      vertex 96.58076118445749 27.919238815542514 7.4
      vertex 96.58076118445749 27.919238815542514 18
      vertex 96.70861014228866 28.031359342378607 18
    endloop
  endfacet
  facet normal -0.5555702330196138 0.8314696123025375 0
    outer loop
      vertex 96.70861014228866 28.031359342378607 7.4
      vertex 96.70861014228866 28.031359342378607 18
      vertex 96.85 28.12583302491977 18
    endloop
  endfacet
  facet normal -0.4422886902189759 0.8968727415327008 0
    outer loop
      vertex 96.85 28.12583302491977 7.4
      vertex 96.85 28.12583302491977 18
      vertex 97.00251153792539 28.201043392264673 18
    endloop
  endfacet
  facet normal -0.3214394653031862 0.9469301294950974 0
    outer loop
      vertex 97.00251153792539 28.201043392264673 7.4
      vertex 97.00251153792539 28.201043392264673 18
      vertex 97.16353524136672 28.25570357417579 18
    endloop
  endfacet
  facet normal -0.19509032201612544 0.980785280403231 0
    outer loop
      vertex 97.16353524136672 28.25570357417579 7.4
      vertex 97.16353524136672 28.25570357417579 18
      vertex 97.33031595011393 28.288878319785955 18
    endloop
  endfacet
  facet normal -0.06540312923013912 0.9978589232386037 0
    outer loop
      vertex 97.33031595011393 28.288878319785955 7.4
      vertex 97.33031595011393 28.288878319785955 18
      vertex 97.5 28.3 18
    endloop
  endfacet
  facet normal 0.06540312923013912 0.9978589232386037 0
    outer loop
      vertex 97.5 28.3 7.4
      vertex 97.5 28.3 18
      vertex 97.66968404988607 28.288878319785955 18
    endloop
  endfacet
  facet normal 0.19509032201612544 0.980785280403231 0
    outer loop
      vertex 97.66968404988607 28.288878319785955 7.4
      vertex 97.66968404988607 28.288878319785955 18
      vertex 97.83646475863328 28.25570357417579 18
    endloop
  endfacet
  facet normal 0.3214394653031862 0.9469301294950974 0
    outer loop
      vertex 97.83646475863328 28.25570357417579 7.4
      vertex 97.83646475863328 28.25570357417579 18
      vertex 97.99748846207461 28.201043392264673 18
    endloop
  endfacet
  facet normal 0.4422886902189759 0.8968727415327008 0
    outer loop
      vertex 97.99748846207461 28.201043392264673 7.4
      vertex 97.99748846207461 28.201043392264673 18
      vertex 98.15 28.12583302491977 18
    endloop
  endfacet
  facet normal 0.5555702330196138 -0.8314696123025375 0
    outer loop
      vertex 98.29138985771134 25.968640657621393 7.4
      vertex 98.29138985771134 25.968640657621393 18
      vertex 98.15 25.87416697508023 18
    endloop
  endfacet
  facet normal 0.6593458151000645 -0.7518398074789812 0
    outer loop
      vertex 98.41923881554251 26.080761184457486 7.4
      vertex 98.41923881554251 26.080761184457486 18
      vertex 98.29138985771134 25.968640657621393 18
    endloop
  endfacet
  facet normal 0.7518398074789812 -0.6593458151000645 0
    outer loop
      vertex 98.53135934237861 26.208610142288663 7.4
      vertex 98.53135934237861 26.208610142288663 18
      vertex 98.41923881554251 26.080761184457486 18
    endloop
  endfacet
  facet normal 0.8314696123025503 -0.5555702330195945 0
    outer loop
      vertex 98.62583302491977 26.35 7.4
      vertex 98.62583302491977 26.35 18
      vertex 98.53135934237861 26.208610142288663 18
    endloop
  endfacet
  facet normal 0.896872741532672 -0.44228869021903433 0
    outer loop
      vertex 98.70104339226468 26.502511537925383 7.4
      vertex 98.70104339226468 26.502511537925383 18
      vertex 98.62583302491977 26.35 18
    endloop
  endfacet
  facet normal 0.9469301294951292 -0.32143946530309214 0
    outer loop
      vertex 98.75570357417578 26.663535241366723 7.4
      vertex 98.75570357417578 26.663535241366723 18
      vertex 98.70104339226468 26.502511537925383 18
    endloop
  endfacet
  facet normal 0.9807852804032262 -0.19509032201614954 0
    outer loop
      vertex 98.78887831978595 26.83031595011393 7.4
      vertex 98.78887831978595 26.83031595011393 18
      vertex 98.75570357417578 26.663535241366723 18
    endloop
  endfacet
  facet normal 0.9978589232386036 -0.06540312923014048 0
    outer loop
      vertex 98.8 27 7.4
      vertex 98.8 27 18
      vertex 98.78887831978595 26.83031595011393 18
    endloop
  endfacet
  facet normal 0.9978589232386036 0.06540312923014048 0
    outer loop
      vertex 98.78887831978595 27.16968404988607 7.4
      vertex 98.78887831978595 27.16968404988607 18
      vertex 98.8 27 18
    endloop
  endfacet
  facet normal 0.9807852804032262 0.19509032201614954 0
    outer loop
      vertex 98.75570357417578 27.336464758633277 7.4
      vertex 98.75570357417578 27.336464758633277 18
      vertex 98.78887831978595 27.16968404988607 18
    endloop
  endfacet
  facet normal 0.9469301294951292 0.32143946530309214 0
    outer loop
      vertex 98.70104339226468 27.497488462074617 7.4
      vertex 98.70104339226468 27.497488462074617 18
      vertex 98.75570357417578 27.336464758633277 18
    endloop
  endfacet
  facet normal 0.896872741532672 0.44228869021903433 0
    outer loop
      vertex 98.62583302491977 27.65 7.4
      vertex 98.62583302491977 27.65 18
      vertex 98.70104339226468 27.497488462074617 18
    endloop
  endfacet
  facet normal 0.6593458151000645 0.7518398074789812 0
    outer loop
      vertex 98.29138985771134 28.031359342378607 7.4
      vertex 98.29138985771134 28.031359342378607 18
      vertex 98.41923881554251 27.919238815542514 18
    endloop
  endfacet
  facet normal 0.8314696123025503 0.5555702330195945 0
    outer loop
      vertex 98.53135934237861 27.791389857711337 7.4
      vertex 98.53135934237861 27.791389857711337 18
      vertex 98.62583302491977 27.65 18
    endloop
  endfacet
  facet normal 0.7518398074789812 0.6593458151000645 0
    outer loop
      vertex 98.41923881554251 27.919238815542514 7.4
      vertex 98.41923881554251 27.919238815542514 18
      vertex 98.53135934237861 27.791389857711337 18
    endloop
  endfacet
  facet normal 0.5555702330196138 0.8314696123025375 0
    outer loop
      vertex 98.15 28.12583302491977 7.4
      vertex 98.15 28.12583302491977 18
      vertex 98.29138985771134 28.031359342378607 18
    endloop
  endfacet
  facet normal 0 0 1
    outer loop
      vertex 96.70861014228866 25.968640657621393 18
      vertex 96.85 25.87416697508023 18
      vertex 96.76387840678322 26.575 18
    endloop
  endfacet
  facet normal 0 0 1
    outer loop
      vertex 96.46864065762139 26.208610142288663 18
      vertex 96.37416697508023 27.65 18
      vertex 96.37416697508023 26.35 18
    endloop
  endfacet
  facet normal 0 0 1
    outer loop
      vertex 96.70861014228866 25.968640657621393 18
      vertex 96.76387840678322 26.575 18
      vertex 96.7147023973654 26.674719082489673 18
    endloop
  endfacet
  facet normal 0 0 1
    outer loop
      vertex 96.70861014228866 25.968640657621393 18
      vertex 96.7147023973654 26.674719082489673 18
      vertex 96.67896304765429 26.78000381166286 18
    endloop
  endfacet
  facet normal 0 0 1
    outer loop
      vertex 96.70861014228866 25.968640657621393 18
      vertex 96.67896304765429 26.78000381166286 18
      vertex 96.65727186783226 26.889052736612957 18
    endloop
  endfacet
  facet normal 0 0 1
    outer loop
      vertex 96.58076118445749 26.080761184457486 18
      vertex 96.70861014228866 25.968640657621393 18
      vertex 96.58076118445749 27.919238815542514 18
    endloop
  endfacet
  facet normal 0 0 1
    outer loop
      vertex 96.46864065762139 26.208610142288663 18
      vertex 96.58076118445749 26.080761184457486 18
      vertex 96.46864065762139 27.791389857711337 18
    endloop
  endfacet
  facet normal 0 0 1
    outer loop
      vertex 96.70861014228866 25.968640657621393 18
      vertex 96.65727186783226 26.889052736612957 18
      vertex 96.65 27 18
    endloop
  endfacet
  facet normal 0 0 1
    outer loop
      vertex 96.29895660773532 26.502511537925383 18
      vertex 96.24429642582422 27.336464758633277 18
      vertex 96.24429642582422 26.663535241366723 18
    endloop
  endfacet
  facet normal 0 0 1
    outer loop
      vertex 96.24429642582422 26.663535241366723 18
      vertex 96.21112168021405 27.16968404988607 18
      vertex 96.21112168021405 26.83031595011393 18
    endloop
  endfacet
  facet normal 0 0 1
    outer loop
      vertex 96.29895660773532 26.502511537925383 18
      vertex 96.37416697508023 26.35 18
      vertex 96.29895660773532 27.497488462074617 18
    endloop
  endfacet
  facet normal 0 0 1
    outer loop
      vertex 96.21112168021405 26.83031595011393 18
      vertex 96.21112168021405 27.16968404988607 18
      vertex 96.2 27 18
    endloop
  endfacet
  facet normal 0 0 1
    outer loop
      vertex 96.24429642582422 26.663535241366723 18
      vertex 96.24429642582422 27.336464758633277 18
      vertex 96.21112168021405 27.16968404988607 18
    endloop
  endfacet
  facet normal 0 0 1
    outer loop
      vertex 96.29895660773532 26.502511537925383 18
      vertex 96.29895660773532 27.497488462074617 18
      vertex 96.24429642582422 27.336464758633277 18
    endloop
  endfacet
  facet normal 0 0 1
    outer loop
      vertex 96.37416697508023 26.35 18
      vertex 96.37416697508023 27.65 18
      vertex 96.29895660773532 27.497488462074617 18
    endloop
  endfacet
  facet normal 0 0 1
    outer loop
      vertex 96.70861014228866 25.968640657621393 18
      vertex 96.65 27 18
      vertex 96.58076118445749 27.919238815542514 18
    endloop
  endfacet
  facet normal 0 0 1
    outer loop
      vertex 97.16353524136672 25.74429642582421 18
      vertex 97.33031595011393 25.711121680214045 18
      vertex 97.28000381166285 26.178963047654292 18
    endloop
  endfacet
  facet normal 0 0 1
    outer loop
      vertex 97.33031595011393 25.711121680214045 18
      vertex 97.5 25.7 18
      vertex 97.38905273661295 26.15727186783226 18
    endloop
  endfacet
  facet normal 0 0 1
    outer loop
      vertex 96.85 25.87416697508023 18
      vertex 97.00251153792539 25.798956607735327 18
      vertex 96.89895923599144 26.398959235991434 18
    endloop
  endfacet
  facet normal 0 0 1
    outer loop
      vertex 97.00251153792539 25.798956607735327 18
      vertex 97.16353524136672 25.74429642582421 18
      vertex 97.075 26.263878406783228 18
    endloop
  endfacet
  facet normal 0 0 1
    outer loop
      vertex 97.00251153792539 25.798956607735327 18
      vertex 97.075 26.263878406783228 18
      vertex 96.98255278534259 26.32564966075245 18
    endloop
  endfacet
  facet normal 0 0 1
    outer loop
      vertex 97.16353524136672 25.74429642582421 18
      vertex 97.17471908248967 26.214702397365407 18
      vertex 97.075 26.263878406783228 18
    endloop
  endfacet
  facet normal 0 0 1
    outer loop
      vertex 97.00251153792539 25.798956607735327 18
      vertex 96.98255278534259 26.32564966075245 18
      vertex 96.89895923599144 26.398959235991434 18
    endloop
  endfacet
  facet normal 0 0 1
    outer loop
      vertex 96.85 25.87416697508023 18
      vertex 96.89895923599144 26.398959235991434 18
      vertex 96.82564966075245 26.482552785342587 18
    endloop
  endfacet
  facet normal 0 0 1
    outer loop
      vertex 96.85 25.87416697508023 18
      vertex 96.82564966075245 26.482552785342587 18
      vertex 96.76387840678322 26.575 18
    endloop
  endfacet
  facet normal 0 0 1
    outer loop
      vertex 97.16353524136672 25.74429642582421 18
      vertex 97.28000381166285 26.178963047654292 18
      vertex 97.17471908248967 26.214702397365407 18
    endloop
  endfacet
  facet normal 0 0 1
    outer loop
      vertex 97.33031595011393 25.711121680214045 18
      vertex 97.38905273661295 26.15727186783226 18
      vertex 97.28000381166285 26.178963047654292 18
    endloop
  endfacet
  facet normal 0 0 1
    outer loop
      vertex 97.5 25.7 18
      vertex 97.5 26.15 18
      vertex 97.38905273661295 26.15727186783226 18
    endloop
  endfacet
  facet normal 0 0 1
    outer loop
      vertex 97.5 25.7 18
      vertex 97.66968404988607 25.711121680214045 18
      vertex 97.61094726338705 26.15727186783226 18
    endloop
  endfacet
  facet normal 0 0 1
    outer loop
      vertex 97.66968404988607 25.711121680214045 18
      vertex 97.83646475863328 25.74429642582421 18
      vertex 97.61094726338705 26.15727186783226 18
    endloop
  endfacet
  facet normal 0 0 1
    outer loop
      vertex 97.83646475863328 25.74429642582421 18
      vertex 97.99748846207461 25.798956607735327 18
      vertex 97.82528091751033 26.214702397365407 18
    endloop
  endfacet
  facet normal 0 0 1
    outer loop
      vertex 97.5 25.7 18
      vertex 97.61094726338705 26.15727186783226 18
      vertex 97.5 26.15 18
    endloop
  endfacet
  facet normal 0 0 1
    outer loop
      vertex 97.83646475863328 25.74429642582421 18
      vertex 97.71999618833715 26.178963047654292 18
      vertex 97.61094726338705 26.15727186783226 18
    endloop
  endfacet
  facet normal 0 0 1
    outer loop
      vertex 97.83646475863328 25.74429642582421 18
      vertex 97.82528091751033 26.214702397365407 18
      vertex 97.71999618833715 26.178963047654292 18
    endloop
  endfacet
  facet normal 0 0 1
    outer loop
      vertex 97.99748846207461 25.798956607735327 18
      vertex 97.925 26.263878406783228 18
      vertex 97.82528091751033 26.214702397365407 18
    endloop
  endfacet
  facet normal 0 0 1
    outer loop
      vertex 97.99748846207461 25.798956607735327 18
      vertex 98.15 25.87416697508023 18
      vertex 97.925 26.263878406783228 18
    endloop
  endfacet
  facet normal 0 0 1
    outer loop
      vertex 98.15 25.87416697508023 18
      vertex 98.01744721465741 26.32564966075245 18
      vertex 97.925 26.263878406783228 18
    endloop
  endfacet
  facet normal 0 0 1
    outer loop
      vertex 98.15 25.87416697508023 18
      vertex 98.10104076400856 26.398959235991434 18
      vertex 98.01744721465741 26.32564966075245 18
    endloop
  endfacet
  facet normal 0 0 1
    outer loop
      vertex 96.46864065762139 26.208610142288663 18
      vertex 96.46864065762139 27.791389857711337 18
      vertex 96.37416697508023 27.65 18
    endloop
  endfacet
  facet normal 0 0 1
    outer loop
      vertex 96.58076118445749 26.080761184457486 18
      vertex 96.58076118445749 27.919238815542514 18
      vertex 96.46864065762139 27.791389857711337 18
    endloop
  endfacet
  facet normal 0 0 1
    outer loop
      vertex 96.58076118445749 27.919238815542514 18
      vertex 96.65 27 18
      vertex 96.65727186783226 27.110947263387043 18
    endloop
  endfacet
  facet normal 0 0 1
    outer loop
      vertex 96.58076118445749 27.919238815542514 18
      vertex 96.65727186783226 27.110947263387043 18
      vertex 96.67896304765429 27.21999618833714 18
    endloop
  endfacet
  facet normal 0 0 1
    outer loop
      vertex 96.58076118445749 27.919238815542514 18
      vertex 96.67896304765429 27.21999618833714 18
      vertex 96.7147023973654 27.325280917510327 18
    endloop
  endfacet
  facet normal 0 0 1
    outer loop
      vertex 96.70861014228866 28.031359342378607 18
      vertex 96.7147023973654 27.325280917510327 18
      vertex 96.76387840678322 27.425 18
    endloop
  endfacet
  facet normal 0 0 1
    outer loop
      vertex 96.70861014228866 28.031359342378607 18
      vertex 96.76387840678322 27.425 18
      vertex 96.82564966075245 27.517447214657413 18
    endloop
  endfacet
  facet normal 0 0 1
    outer loop
      vertex 96.58076118445749 27.919238815542514 18
      vertex 96.7147023973654 27.325280917510327 18
      vertex 96.70861014228866 28.031359342378607 18
    endloop
  endfacet
  facet normal 0 0 1
    outer loop
      vertex 96.70861014228866 28.031359342378607 18
      vertex 96.82564966075245 27.517447214657413 18
      vertex 96.89895923599144 27.601040764008566 18
    endloop
  endfacet
  facet normal 0 0 1
    outer loop
      vertex 96.85 28.12583302491977 18
      vertex 96.89895923599144 27.601040764008566 18
      vertex 96.98255278534259 27.67435033924755 18
    endloop
  endfacet
  facet normal 0 0 1
    outer loop
      vertex 96.70861014228866 28.031359342378607 18
      vertex 96.89895923599144 27.601040764008566 18
      vertex 96.85 28.12583302491977 18
    endloop
  endfacet
  facet normal 0 0 1
    outer loop
      vertex 96.85 28.12583302491977 18
      vertex 96.98255278534259 27.67435033924755 18
      vertex 97.075 27.736121593216772 18
    endloop
  endfacet
  facet normal 0 0 1
    outer loop
      vertex 96.85 28.12583302491977 18
      vertex 97.075 27.736121593216772 18
      vertex 97.00251153792539 28.201043392264673 18
    endloop
  endfacet
  facet normal 0 0 1
    outer loop
      vertex 97.00251153792539 28.201043392264673 18
      vertex 97.075 27.736121593216772 18
      vertex 97.17471908248967 27.785297602634593 18
    endloop
  endfacet
  facet normal 0 0 1
    outer loop
      vertex 97.16353524136672 28.25570357417579 18
      vertex 97.17471908248967 27.785297602634593 18
      vertex 97.28000381166285 27.821036952345708 18
    endloop
  endfacet
  facet normal 0 0 1
    outer loop
      vertex 97.16353524136672 28.25570357417579 18
      vertex 97.28000381166285 27.821036952345708 18
      vertex 97.38905273661295 27.84272813216774 18
    endloop
  endfacet
  facet normal 0 0 1
    outer loop
      vertex 97.5 28.3 18
      vertex 97.38905273661295 27.84272813216774 18
      vertex 97.5 27.85 18
    endloop
  endfacet
  facet normal 0 0 1
    outer loop
      vertex 97.5 28.3 18
      vertex 97.5 27.85 18
      vertex 97.61094726338705 27.84272813216774 18
    endloop
  endfacet
  facet normal 0 0 1
    outer loop
      vertex 97.66968404988607 28.288878319785955 18
      vertex 97.61094726338705 27.84272813216774 18
      vertex 97.71999618833715 27.821036952345708 18
    endloop
  endfacet
  facet normal 0 0 1
    outer loop
      vertex 97.83646475863328 28.25570357417579 18
      vertex 97.71999618833715 27.821036952345708 18
      vertex 97.82528091751033 27.785297602634593 18
    endloop
  endfacet
  facet normal 0 0 1
    outer loop
      vertex 97.83646475863328 28.25570357417579 18
      vertex 97.82528091751033 27.785297602634593 18
      vertex 97.925 27.736121593216772 18
    endloop
  endfacet
  facet normal 0 0 1
    outer loop
      vertex 97.99748846207461 28.201043392264673 18
      vertex 97.925 27.736121593216772 18
      vertex 98.01744721465741 27.67435033924755 18
    endloop
  endfacet
  facet normal 0 0 1
    outer loop
      vertex 97.99748846207461 28.201043392264673 18
      vertex 98.01744721465741 27.67435033924755 18
      vertex 98.10104076400856 27.601040764008566 18
    endloop
  endfacet
  facet normal 0 0 1
    outer loop
      vertex 97.99748846207461 28.201043392264673 18
      vertex 98.10104076400856 27.601040764008566 18
      vertex 98.15 28.12583302491977 18
    endloop
  endfacet
  facet normal 0 0 1
    outer loop
      vertex 97.00251153792539 28.201043392264673 18
      vertex 97.17471908248967 27.785297602634593 18
      vertex 97.16353524136672 28.25570357417579 18
    endloop
  endfacet
  facet normal 0 0 1
    outer loop
      vertex 97.16353524136672 28.25570357417579 18
      vertex 97.38905273661295 27.84272813216774 18
      vertex 97.33031595011393 28.288878319785955 18
    endloop
  endfacet
  facet normal 0 0 1
    outer loop
      vertex 97.33031595011393 28.288878319785955 18
      vertex 97.38905273661295 27.84272813216774 18
      vertex 97.5 28.3 18
    endloop
  endfacet
  facet normal 0 0 1
    outer loop
      vertex 97.5 28.3 18
      vertex 97.61094726338705 27.84272813216774 18
      vertex 97.66968404988607 28.288878319785955 18
    endloop
  endfacet
  facet normal 0 0 1
    outer loop
      vertex 97.66968404988607 28.288878319785955 18
      vertex 97.71999618833715 27.821036952345708 18
      vertex 97.83646475863328 28.25570357417579 18
    endloop
  endfacet
  facet normal 0 0 1
    outer loop
      vertex 97.99748846207461 28.201043392264673 18
      vertex 97.83646475863328 28.25570357417579 18
      vertex 97.925 27.736121593216772 18
    endloop
  endfacet
  facet normal 0 0 1
    outer loop
      vertex 98.15 25.87416697508023 18
      vertex 98.29138985771134 25.968640657621393 18
      vertex 98.10104076400856 26.398959235991434 18
    endloop
  endfacet
  facet normal 0 0 1
    outer loop
      vertex 98.29138985771134 25.968640657621393 18
      vertex 98.17435033924755 26.482552785342587 18
      vertex 98.10104076400856 26.398959235991434 18
    endloop
  endfacet
  facet normal 0 0 1
    outer loop
      vertex 98.29138985771134 25.968640657621393 18
      vertex 98.23612159321678 26.575 18
      vertex 98.17435033924755 26.482552785342587 18
    endloop
  endfacet
  facet normal 0 0 1
    outer loop
      vertex 98.29138985771134 25.968640657621393 18
      vertex 98.41923881554251 26.080761184457486 18
      vertex 98.2852976026346 26.674719082489673 18
    endloop
  endfacet
  facet normal 0 0 1
    outer loop
      vertex 98.29138985771134 25.968640657621393 18
      vertex 98.2852976026346 26.674719082489673 18
      vertex 98.23612159321678 26.575 18
    endloop
  endfacet
  facet normal 0 0 1
    outer loop
      vertex 98.41923881554251 26.080761184457486 18
      vertex 98.32103695234571 26.78000381166286 18
      vertex 98.2852976026346 26.674719082489673 18
    endloop
  endfacet
  facet normal 0 0 1
    outer loop
      vertex 98.41923881554251 26.080761184457486 18
      vertex 98.34272813216774 26.889052736612957 18
      vertex 98.32103695234571 26.78000381166286 18
    endloop
  endfacet
  facet normal 0 0 1
    outer loop
      vertex 98.41923881554251 26.080761184457486 18
      vertex 98.35 27 18
      vertex 98.34272813216774 26.889052736612957 18
    endloop
  endfacet
  facet normal 0 0 1
    outer loop
      vertex 98.41923881554251 26.080761184457486 18
      vertex 98.53135934237861 26.208610142288663 18
      vertex 98.41923881554251 27.919238815542514 18
    endloop
  endfacet
  facet normal 0 0 1
    outer loop
      vertex 98.41923881554251 26.080761184457486 18
      vertex 98.29138985771134 28.031359342378607 18
      vertex 98.35 27 18
    endloop
  endfacet
  facet normal 0 0 1
    outer loop
      vertex 98.53135934237861 26.208610142288663 18
      vertex 98.62583302491977 26.35 18
      vertex 98.53135934237861 27.791389857711337 18
    endloop
  endfacet
  facet normal 0 0 1
    outer loop
      vertex 98.62583302491977 26.35 18
      vertex 98.70104339226468 26.502511537925383 18
      vertex 98.62583302491977 27.65 18
    endloop
  endfacet
  facet normal 0 0 1
    outer loop
      vertex 98.70104339226468 26.502511537925383 18
      vertex 98.75570357417578 26.663535241366723 18
      vertex 98.70104339226468 27.497488462074617 18
    endloop
  endfacet
  facet normal 0 0 1
    outer loop
      vertex 98.75570357417578 26.663535241366723 18
      vertex 98.78887831978595 26.83031595011393 18
      vertex 98.75570357417578 27.336464758633277 18
    endloop
  endfacet
  facet normal 0 0 1
    outer loop
      vertex 98.78887831978595 26.83031595011393 18
      vertex 98.78887831978595 27.16968404988607 18
      vertex 98.75570357417578 27.336464758633277 18
    endloop
  endfacet
  facet normal 0 0 1
    outer loop
      vertex 98.75570357417578 26.663535241366723 18
      vertex 98.75570357417578 27.336464758633277 18
      vertex 98.70104339226468 27.497488462074617 18
    endloop
  endfacet
  facet normal 0 0 1
    outer loop
      vertex 98.78887831978595 26.83031595011393 18
      vertex 98.8 27 18
      vertex 98.78887831978595 27.16968404988607 18
    endloop
  endfacet
  facet normal 0 0 1
    outer loop
      vertex 98.29138985771134 28.031359342378607 18
      vertex 98.34272813216774 27.110947263387043 18
      vertex 98.35 27 18
    endloop
  endfacet
  facet normal 0 0 1
    outer loop
      vertex 98.41923881554251 26.080761184457486 18
      vertex 98.41923881554251 27.919238815542514 18
      vertex 98.29138985771134 28.031359342378607 18
    endloop
  endfacet
  facet normal 0 0 1
    outer loop
      vertex 98.29138985771134 28.031359342378607 18
      vertex 98.23612159321678 27.425 18
      vertex 98.2852976026346 27.325280917510327 18
    endloop
  endfacet
  facet normal 0 0 1
    outer loop
      vertex 98.29138985771134 28.031359342378607 18
      vertex 98.32103695234571 27.21999618833714 18
      vertex 98.34272813216774 27.110947263387043 18
    endloop
  endfacet
  facet normal 0 0 1
    outer loop
      vertex 98.29138985771134 28.031359342378607 18
      vertex 98.2852976026346 27.325280917510327 18
      vertex 98.32103695234571 27.21999618833714 18
    endloop
  endfacet
  facet normal 0 0 1
    outer loop
      vertex 98.62583302491977 26.35 18
      vertex 98.62583302491977 27.65 18
      vertex 98.53135934237861 27.791389857711337 18
    endloop
  endfacet
  facet normal 0 0 1
    outer loop
      vertex 98.53135934237861 26.208610142288663 18
      vertex 98.53135934237861 27.791389857711337 18
      vertex 98.41923881554251 27.919238815542514 18
    endloop
  endfacet
  facet normal 0 0 1
    outer loop
      vertex 98.70104339226468 26.502511537925383 18
      vertex 98.70104339226468 27.497488462074617 18
      vertex 98.62583302491977 27.65 18
    endloop
  endfacet
  facet normal 0 0 1
    outer loop
      vertex 98.15 28.12583302491977 18
      vertex 98.17435033924755 27.517447214657413 18
      vertex 98.23612159321678 27.425 18
    endloop
  endfacet
  facet normal 0 0 1
    outer loop
      vertex 98.15 28.12583302491977 18
      vertex 98.10104076400856 27.601040764008566 18
      vertex 98.17435033924755 27.517447214657413 18
    endloop
  endfacet
  facet normal 0 0 1
    outer loop
      vertex 98.15 28.12583302491977 18
      vertex 98.23612159321678 27.425 18
      vertex 98.29138985771134 28.031359342378607 18
    endloop
  endfacet
  facet normal -0.7518398074790027 -0.65934581510004 0
    outer loop
      vertex 113.96864065762139 50.00861014228866 7.4
      vertex 114 49.972851665634 7.4
      vertex 114 49.972851665634 8
    endloop
  endfacet
  facet normal -0.8314696123025344 0.5555702330196185 0
    outer loop
      vertex 113.87416697508023 51.449999999999996 7.4
      vertex 113.9223840049806 51.5221618848075 8.2
      vertex 113.9223840049806 51.5221618848075 7.4
    endloop
  endfacet
  facet normal 0.8314696123025344 0.5555702330196186 0
    outer loop
      vertex 116.12583302491977 51.449999999999996 8
      vertex 116.0776159950194 51.5221618848075 8
      vertex 116.0776159950194 51.5221618848075 8.2
    endloop
  endfacet
  facet normal -0.896872741532676 -0.442288690219026 0
    outer loop
      vertex 113.87416697508023 50.15 7.4
      vertex 113.79895660773532 50.30251153792538 18
      vertex 113.79895660773532 50.30251153792538 7.4
    endloop
  endfacet
  facet normal -0.9469301294951271 -0.3214394653030985 0
    outer loop
      vertex 113.79895660773532 50.30251153792538 7.4
      vertex 113.74429642582422 50.46353524136672 18
      vertex 113.74429642582422 50.46353524136672 7.4
    endloop
  endfacet
  facet normal -0.980785280403227 -0.1950903220161455 0
    outer loop
      vertex 113.74429642582422 50.46353524136672 7.4
      vertex 113.71112168021405 50.63031595011393 18
      vertex 113.71112168021405 50.63031595011393 7.4
    endloop
  endfacet
  facet normal -0.9978589232386036 -0.06540312923014184 0
    outer loop
      vertex 113.7 50.8 7.4
      vertex 113.71112168021405 50.63031595011393 7.4
      vertex 113.7 50.8 18
    endloop
  endfacet
  facet normal -0.9978589232386036 0.06540312923014184 0
    outer loop
      vertex 113.7 50.8 7.4
      vertex 113.71112168021405 50.96968404988606 18
      vertex 113.71112168021405 50.96968404988606 7.4
    endloop
  endfacet
  facet normal -0.980785280403227 0.1950903220161455 0
    outer loop
      vertex 113.71112168021405 50.96968404988606 7.4
      vertex 113.74429642582422 51.136464758633274 18
      vertex 113.74429642582422 51.136464758633274 7.4
    endloop
  endfacet
  facet normal -0.9469301294951271 0.3214394653030985 0
    outer loop
      vertex 113.74429642582422 51.136464758633274 7.4
      vertex 113.79895660773532 51.29748846207461 18
      vertex 113.79895660773532 51.29748846207461 7.4
    endloop
  endfacet
  facet normal -0.896872741532676 0.442288690219026 0
    outer loop
      vertex 113.79895660773532 51.29748846207461 7.4
      vertex 113.87416697508023 51.449999999999996 18
      vertex 113.87416697508023 51.449999999999996 7.4
    endloop
  endfacet
  facet normal -0.7518398074789728 -0.6593458151000742 2.1527044969997393e-16
    outer loop
      vertex 114.08076118445749 49.880761184457484 8
      vertex 113.96864065762139 50.00861014228866 18
      vertex 114 49.972851665634 8
    endloop
  endfacet
  facet normal -0.6593458151000646 -0.7518398074789812 0
    outer loop
      vertex 114.08076118445749 49.880761184457484 8
      vertex 114.20861014228866 49.76864065762139 8
      vertex 114.08076118445749 49.880761184457484 18
    endloop
  endfacet
  facet normal -0.5555702330196138 -0.8314696123025374 0
    outer loop
      vertex 114.35 49.674166975080226 8
      vertex 114.20861014228866 49.76864065762139 18
      vertex 114.20861014228866 49.76864065762139 8
    endloop
  endfacet
  facet normal -0.44228869021897593 -0.8968727415327009 0
    outer loop
      vertex 114.35 49.674166975080226 8
      vertex 114.50251153792539 49.598956607735325 8
      vertex 114.35 49.674166975080226 18
    endloop
  endfacet
  facet normal -0.19509032201610535 -0.980785280403235 0
    outer loop
      vertex 114.66353524136672 49.54429642582421 8
      vertex 114.83031595011393 49.511121680214046 8
      vertex 114.66353524136672 49.54429642582421 18
    endloop
  endfacet
  facet normal -0.06540312923013912 -0.9978589232386038 0
    outer loop
      vertex 114.83031595011393 49.511121680214046 8
      vertex 115 49.5 8
      vertex 114.83031595011393 49.511121680214046 18
    endloop
  endfacet
  facet normal 0.06540312923013912 -0.9978589232386038 0
    outer loop
      vertex 115 49.5 8
      vertex 115.16968404988607 49.511121680214046 8
      vertex 115 49.5 18
    endloop
  endfacet
  facet normal -0.32143946530318623 -0.9469301294950974 0
    outer loop
      vertex 114.50251153792539 49.598956607735325 8
      vertex 114.66353524136672 49.54429642582421 8
      vertex 114.50251153792539 49.598956607735325 18
    endloop
  endfacet
  facet normal -0.8314696123025503 -0.5555702330195945 0
    outer loop
      vertex 113.87416697508023 50.15 7.4
      vertex 113.96864065762139 50.00861014228866 7.4
      vertex 113.87416697508023 50.15 18
    endloop
  endfacet
  facet normal -0.7518398074790026 -0.65934581510004 0
    outer loop
      vertex 113.96864065762139 50.00861014228866 7.4
      vertex 114 49.972851665634 8
      vertex 113.96864065762139 50.00861014228866 18
    endloop
  endfacet
  facet normal 0.19509032201610535 -0.980785280403235 0
    outer loop
      vertex 115.16968404988607 49.511121680214046 8
      vertex 115.33646475863328 49.54429642582421 8
      vertex 115.16968404988607 49.511121680214046 18
    endloop
  endfacet
  facet normal 0.32143946530318623 -0.9469301294950974 0
    outer loop
      vertex 115.33646475863328 49.54429642582421 8
      vertex 115.49748846207461 49.598956607735325 8
      vertex 115.33646475863328 49.54429642582421 18
    endloop
  endfacet
  facet normal 0.44228869021897593 -0.8968727415327009 0
    outer loop
      vertex 115.49748846207461 49.598956607735325 8
      vertex 115.65 49.674166975080226 8
      vertex 115.49748846207461 49.598956607735325 18
    endloop
  endfacet
  facet normal 0.5555702330196138 -0.8314696123025374 0
    outer loop
      vertex 115.65 49.674166975080226 8
      vertex 115.79138985771134 49.76864065762139 8
      vertex 115.65 49.674166975080226 18
    endloop
  endfacet
  facet normal 0.6593458151000646 -0.7518398074789812 0
    outer loop
      vertex 115.79138985771134 49.76864065762139 8
      vertex 115.91923881554251 49.880761184457484 8
      vertex 115.79138985771134 49.76864065762139 18
    endloop
  endfacet
  facet normal 0.7518398074789812 -0.6593458151000646 0
    outer loop
      vertex 115.91923881554251 49.880761184457484 8
      vertex 116.03135934237861 50.00861014228866 8
      vertex 115.91923881554251 49.880761184457484 18
    endloop
  endfacet
  facet normal 0.8314696123025503 -0.5555702330195946 0
    outer loop
      vertex 116.03135934237861 50.00861014228866 8
      vertex 116.12583302491977 50.15 8
      vertex 116.03135934237861 50.00861014228866 18
    endloop
  endfacet
  facet normal 0.8968727415326762 -0.44228869021902606 0
    outer loop
      vertex 116.12583302491977 50.15 8
      vertex 116.20104339226468 50.30251153792538 8
      vertex 116.12583302491977 50.15 18
    endloop
  endfacet
  facet normal 0.946930129495127 -0.3214394653030985 0
    outer loop
      vertex 116.20104339226468 50.30251153792538 8
      vertex 116.25570357417578 50.46353524136672 8
      vertex 116.20104339226468 50.30251153792538 18
    endloop
  endfacet
  facet normal 0.980785280403227 -0.19509032201614554 0
    outer loop
      vertex 116.25570357417578 50.46353524136672 8
      vertex 116.28887831978595 50.63031595011393 8
      vertex 116.25570357417578 50.46353524136672 18
    endloop
  endfacet
  facet normal 0.9978589232386036 -0.06540312923014184 0
    outer loop
      vertex 116.28887831978595 50.63031595011393 8
      vertex 116.3 50.8 8
      vertex 116.28887831978595 50.63031595011393 18
    endloop
  endfacet
  facet normal -0.8314696123025317 0.5555702330196227 -5.399448220135937e-16
    outer loop
      vertex 113.87416697508023 51.449999999999996 7.4
      vertex 113.96864065762139 51.591389857711334 18
      vertex 113.9223840049806 51.5221618848075 8.2
    endloop
  endfacet
  facet normal -0.831469612302567 0.5555702330195698 0
    outer loop
      vertex 113.96864065762139 51.591389857711334 18
      vertex 113.96864065762139 51.591389857711334 8.2
      vertex 113.9223840049806 51.5221618848075 8.2
    endloop
  endfacet
  facet normal -0.7518398074789812 0.6593458151000645 0
    outer loop
      vertex 114.08076118445749 51.71923881554251 18
      vertex 114.08076118445749 51.71923881554251 8.2
      vertex 113.96864065762139 51.591389857711334 8.2
    endloop
  endfacet
  facet normal -0.6593458151000645 0.7518398074789812 0
    outer loop
      vertex 114.20861014228866 51.831359342378605 18
      vertex 114.20861014228866 51.831359342378605 8.2
      vertex 114.08076118445749 51.71923881554251 8.2
    endloop
  endfacet
  facet normal -0.555570233019614 0.8314696123025375 0
    outer loop
      vertex 114.35 51.92583302491977 18
      vertex 114.35 51.92583302491977 8.2
      vertex 114.20861014228866 51.831359342378605 8.2
    endloop
  endfacet
  facet normal -0.4422886902189758 0.8968727415327008 0
    outer loop
      vertex 114.50251153792539 52.00104339226467 18
      vertex 114.50251153792539 52.00104339226467 8.2
      vertex 114.35 51.92583302491977 8.2
    endloop
  endfacet
  facet normal -0.32143946530318623 0.9469301294950974 0
    outer loop
      vertex 114.66353524136672 52.05570357417579 18
      vertex 114.66353524136672 52.05570357417579 8.2
      vertex 114.50251153792539 52.00104339226467 8.2
    endloop
  endfacet
  facet normal -0.19509032201610535 0.980785280403235 0
    outer loop
      vertex 114.83031595011393 52.08887831978595 18
      vertex 114.83031595011393 52.08887831978595 8.2
      vertex 114.66353524136672 52.05570357417579 8.2
    endloop
  endfacet
  facet normal -0.06540312923013912 0.9978589232386037 0
    outer loop
      vertex 115 52.099999999999994 18
      vertex 115 52.099999999999994 8.2
      vertex 114.83031595011393 52.08887831978595 8.2
    endloop
  endfacet
  facet normal 0.06540312923013912 0.9978589232386037 0
    outer loop
      vertex 115.16968404988607 52.08887831978595 18
      vertex 115.16968404988607 52.08887831978595 8.2
      vertex 115 52.099999999999994 8.2
    endloop
  endfacet
  facet normal 0.9978589232386036 0.06540312923014184 0
    outer loop
      vertex 116.3 50.8 8
      vertex 116.28887831978595 50.96968404988606 8
      vertex 116.3 50.8 18
    endloop
  endfacet
  facet normal 0.980785280403227 0.19509032201614554 0
    outer loop
      vertex 116.28887831978595 50.96968404988606 8
      vertex 116.25570357417578 51.136464758633274 8
      vertex 116.28887831978595 50.96968404988606 18
    endloop
  endfacet
  facet normal 0.946930129495127 0.3214394653030985 0
    outer loop
      vertex 116.25570357417578 51.136464758633274 8
      vertex 116.20104339226468 51.29748846207461 8
      vertex 116.25570357417578 51.136464758633274 18
    endloop
  endfacet
  facet normal 0.8314696123025345 0.5555702330196185 0
    outer loop
      vertex 116.12583302491977 51.449999999999996 8
      vertex 116.0776159950194 51.5221618848075 8.2
      vertex 116.12583302491977 51.449999999999996 18
    endloop
  endfacet
  facet normal 0.7518398074789812 0.6593458151000645 0
    outer loop
      vertex 116.03135934237861 51.591389857711334 18
      vertex 116.03135934237861 51.591389857711334 8.2
      vertex 115.91923881554251 51.71923881554251 8.2
    endloop
  endfacet
  facet normal 0.831469612302567 0.5555702330195698 -5.187507924419352e-16
    outer loop
      vertex 116.12583302491977 51.449999999999996 18
      vertex 116.0776159950194 51.5221618848075 8.2
      vertex 116.03135934237861 51.591389857711334 8.2
    endloop
  endfacet
  facet normal 0.8968727415326762 0.44228869021902606 0
    outer loop
      vertex 116.12583302491977 51.449999999999996 8
      vertex 116.20104339226468 51.29748846207461 18
      vertex 116.20104339226468 51.29748846207461 8
    endloop
  endfacet
  facet normal 0.19509032201610535 0.980785280403235 0
    outer loop
      vertex 115.33646475863328 52.05570357417579 18
      vertex 115.33646475863328 52.05570357417579 8.2
      vertex 115.16968404988607 52.08887831978595 8.2
    endloop
  endfacet
  facet normal 0.32143946530318623 0.9469301294950974 0
    outer loop
      vertex 115.49748846207461 52.00104339226467 18
      vertex 115.49748846207461 52.00104339226467 8.2
      vertex 115.33646475863328 52.05570357417579 8.2
    endloop
  endfacet
  facet normal 0.555570233019614 0.8314696123025375 0
    outer loop
      vertex 115.79138985771134 51.831359342378605 18
      vertex 115.79138985771134 51.831359342378605 8.2
      vertex 115.65 51.92583302491977 8.2
    endloop
  endfacet
  facet normal 0.4422886902189758 0.8968727415327008 0
    outer loop
      vertex 115.65 51.92583302491977 18
      vertex 115.65 51.92583302491977 8.2
      vertex 115.49748846207461 52.00104339226467 8.2
    endloop
  endfacet
  facet normal 0.6593458151000645 0.7518398074789812 0
    outer loop
      vertex 115.91923881554251 51.71923881554251 18
      vertex 115.91923881554251 51.71923881554251 8.2
      vertex 115.79138985771134 51.831359342378605 8.2
    endloop
  endfacet
  facet normal -0.896872741532676 -0.442288690219026 0
    outer loop
      vertex 113.87416697508023 50.15 7.4
      vertex 113.87416697508023 50.15 18
      vertex 113.79895660773532 50.30251153792538 18
    endloop
  endfacet
  facet normal -0.9469301294951271 -0.3214394653030985 0
    outer loop
      vertex 113.79895660773532 50.30251153792538 7.4
      vertex 113.79895660773532 50.30251153792538 18
      vertex 113.74429642582422 50.46353524136672 18
    endloop
  endfacet
  facet normal -0.980785280403227 -0.1950903220161455 0
    outer loop
      vertex 113.74429642582422 50.46353524136672 7.4
      vertex 113.74429642582422 50.46353524136672 18
      vertex 113.71112168021405 50.63031595011393 18
    endloop
  endfacet
  facet normal -0.9978589232386036 -0.06540312923014184 0
    outer loop
      vertex 113.71112168021405 50.63031595011393 7.4
      vertex 113.71112168021405 50.63031595011393 18
      vertex 113.7 50.8 18
    endloop
  endfacet
  facet normal -0.9978589232386036 0.06540312923014184 0
    outer loop
      vertex 113.7 50.8 7.4
      vertex 113.7 50.8 18
      vertex 113.71112168021405 50.96968404988606 18
    endloop
  endfacet
  facet normal -0.980785280403227 0.1950903220161455 0
    outer loop
      vertex 113.71112168021405 50.96968404988606 7.4
      vertex 113.71112168021405 50.96968404988606 18
      vertex 113.74429642582422 51.136464758633274 18
    endloop
  endfacet
  facet normal -0.9469301294951271 0.3214394653030985 0
    outer loop
      vertex 113.74429642582422 51.136464758633274 7.4
      vertex 113.74429642582422 51.136464758633274 18
      vertex 113.79895660773532 51.29748846207461 18
    endloop
  endfacet
  facet normal -0.896872741532676 0.442288690219026 0
    outer loop
      vertex 113.79895660773532 51.29748846207461 7.4
      vertex 113.79895660773532 51.29748846207461 18
      vertex 113.87416697508023 51.449999999999996 18
    endloop
  endfacet
  facet normal -0.6593458151000646 -0.7518398074789812 0
    outer loop
      vertex 114.20861014228866 49.76864065762139 8
      vertex 114.20861014228866 49.76864065762139 18
      vertex 114.08076118445749 49.880761184457484 18
    endloop
  endfacet
  facet normal -0.7518398074789812 -0.6593458151000646 0
    outer loop
      vertex 114.08076118445749 49.880761184457484 8
      vertex 114.08076118445749 49.880761184457484 18
      vertex 113.96864065762139 50.00861014228866 18
    endloop
  endfacet
  facet normal -0.5555702330196138 -0.8314696123025374 0
    outer loop
      vertex 114.35 49.674166975080226 8
      vertex 114.35 49.674166975080226 18
      vertex 114.20861014228866 49.76864065762139 18
    endloop
  endfacet
  facet normal -0.44228869021897593 -0.8968727415327009 0
    outer loop
      vertex 114.50251153792539 49.598956607735325 8
      vertex 114.50251153792539 49.598956607735325 18
      vertex 114.35 49.674166975080226 18
    endloop
  endfacet
  facet normal -0.19509032201610535 -0.980785280403235 0
    outer loop
      vertex 114.83031595011393 49.511121680214046 8
      vertex 114.83031595011393 49.511121680214046 18
      vertex 114.66353524136672 49.54429642582421 18
    endloop
  endfacet
  facet normal -0.06540312923013912 -0.9978589232386038 0
    outer loop
      vertex 115 49.5 8
      vertex 115 49.5 18
      vertex 114.83031595011393 49.511121680214046 18
    endloop
  endfacet
  facet normal 0.06540312923013912 -0.9978589232386038 0
    outer loop
      vertex 115.16968404988607 49.511121680214046 8
      vertex 115.16968404988607 49.511121680214046 18
      vertex 115 49.5 18
    endloop
  endfacet
  facet normal -0.32143946530318623 -0.9469301294950974 0
    outer loop
      vertex 114.66353524136672 49.54429642582421 8
      vertex 114.66353524136672 49.54429642582421 18
      vertex 114.50251153792539 49.598956607735325 18
    endloop
  endfacet
  facet normal -0.8314696123025503 -0.5555702330195945 0
    outer loop
      vertex 113.96864065762139 50.00861014228866 7.4
      vertex 113.96864065762139 50.00861014228866 18
      vertex 113.87416697508023 50.15 18
    endloop
  endfacet
  facet normal 0.19509032201610535 -0.980785280403235 0
    outer loop
      vertex 115.33646475863328 49.54429642582421 8
      vertex 115.33646475863328 49.54429642582421 18
      vertex 115.16968404988607 49.511121680214046 18
    endloop
  endfacet
  facet normal 0.32143946530318623 -0.9469301294950974 0
    outer loop
      vertex 115.49748846207461 49.598956607735325 8
      vertex 115.49748846207461 49.598956607735325 18
      vertex 115.33646475863328 49.54429642582421 18
    endloop
  endfacet
  facet normal 0.44228869021897593 -0.8968727415327009 0
    outer loop
      vertex 115.65 49.674166975080226 8
      vertex 115.65 49.674166975080226 18
      vertex 115.49748846207461 49.598956607735325 18
    endloop
  endfacet
  facet normal 0.5555702330196138 -0.8314696123025374 0
    outer loop
      vertex 115.79138985771134 49.76864065762139 8
      vertex 115.79138985771134 49.76864065762139 18
      vertex 115.65 49.674166975080226 18
    endloop
  endfacet
  facet normal 0.6593458151000646 -0.7518398074789812 0
    outer loop
      vertex 115.91923881554251 49.880761184457484 8
      vertex 115.91923881554251 49.880761184457484 18
      vertex 115.79138985771134 49.76864065762139 18
    endloop
  endfacet
  facet normal 0.7518398074789812 -0.6593458151000646 0
    outer loop
      vertex 116.03135934237861 50.00861014228866 8
      vertex 116.03135934237861 50.00861014228866 18
      vertex 115.91923881554251 49.880761184457484 18
    endloop
  endfacet
  facet normal 0.8314696123025503 -0.5555702330195946 0
    outer loop
      vertex 116.12583302491977 50.15 8
      vertex 116.12583302491977 50.15 18
      vertex 116.03135934237861 50.00861014228866 18
    endloop
  endfacet
  facet normal 0.8968727415326762 -0.44228869021902606 0
    outer loop
      vertex 116.20104339226468 50.30251153792538 8
      vertex 116.20104339226468 50.30251153792538 18
      vertex 116.12583302491977 50.15 18
    endloop
  endfacet
  facet normal 0.946930129495127 -0.3214394653030985 0
    outer loop
      vertex 116.25570357417578 50.46353524136672 8
      vertex 116.25570357417578 50.46353524136672 18
      vertex 116.20104339226468 50.30251153792538 18
    endloop
  endfacet
  facet normal 0.980785280403227 -0.19509032201614554 0
    outer loop
      vertex 116.28887831978595 50.63031595011393 8
      vertex 116.28887831978595 50.63031595011393 18
      vertex 116.25570357417578 50.46353524136672 18
    endloop
  endfacet
  facet normal 0.9978589232386036 -0.06540312923014184 0
    outer loop
      vertex 116.3 50.8 8
      vertex 116.3 50.8 18
      vertex 116.28887831978595 50.63031595011393 18
    endloop
  endfacet
  facet normal -0.8314696123025503 0.5555702330195945 0
    outer loop
      vertex 113.87416697508023 51.449999999999996 7.4
      vertex 113.87416697508023 51.449999999999996 18
      vertex 113.96864065762139 51.591389857711334 18
    endloop
  endfacet
  facet normal -0.7518398074789812 0.6593458151000645 0
    outer loop
      vertex 113.96864065762139 51.591389857711334 18
      vertex 114.08076118445749 51.71923881554251 18
      vertex 113.96864065762139 51.591389857711334 8.2
    endloop
  endfacet
  facet normal -0.6593458151000645 0.7518398074789812 0
    outer loop
      vertex 114.08076118445749 51.71923881554251 18
      vertex 114.20861014228866 51.831359342378605 18
      vertex 114.08076118445749 51.71923881554251 8.2
    endloop
  endfacet
  facet normal -0.555570233019614 0.8314696123025375 0
    outer loop
      vertex 114.20861014228866 51.831359342378605 18
      vertex 114.35 51.92583302491977 18
      vertex 114.20861014228866 51.831359342378605 8.2
    endloop
  endfacet
  facet normal -0.4422886902189758 0.8968727415327008 0
    outer loop
      vertex 114.35 51.92583302491977 18
      vertex 114.50251153792539 52.00104339226467 18
      vertex 114.35 51.92583302491977 8.2
    endloop
  endfacet
  facet normal -0.32143946530318623 0.9469301294950974 0
    outer loop
      vertex 114.50251153792539 52.00104339226467 18
      vertex 114.66353524136672 52.05570357417579 18
      vertex 114.50251153792539 52.00104339226467 8.2
    endloop
  endfacet
  facet normal -0.19509032201610535 0.980785280403235 0
    outer loop
      vertex 114.66353524136672 52.05570357417579 18
      vertex 114.83031595011393 52.08887831978595 18
      vertex 114.66353524136672 52.05570357417579 8.2
    endloop
  endfacet
  facet normal -0.06540312923013912 0.9978589232386037 0
    outer loop
      vertex 114.83031595011393 52.08887831978595 18
      vertex 115 52.099999999999994 18
      vertex 114.83031595011393 52.08887831978595 8.2
    endloop
  endfacet
  facet normal 0.06540312923013912 0.9978589232386037 0
    outer loop
      vertex 115 52.099999999999994 18
      vertex 115.16968404988607 52.08887831978595 18
      vertex 115 52.099999999999994 8.2
    endloop
  endfacet
  facet normal 0.9978589232386036 0.06540312923014184 0
    outer loop
      vertex 116.28887831978595 50.96968404988606 8
      vertex 116.28887831978595 50.96968404988606 18
      vertex 116.3 50.8 18
    endloop
  endfacet
  facet normal 0.980785280403227 0.19509032201614554 0
    outer loop
      vertex 116.25570357417578 51.136464758633274 8
      vertex 116.25570357417578 51.136464758633274 18
      vertex 116.28887831978595 50.96968404988606 18
    endloop
  endfacet
  facet normal 0.8968727415326762 0.44228869021902606 0
    outer loop
      vertex 116.12583302491977 51.449999999999996 8
      vertex 116.12583302491977 51.449999999999996 18
      vertex 116.20104339226468 51.29748846207461 18
    endloop
  endfacet
  facet normal 0.8314696123025503 0.5555702330195946 0
    outer loop
      vertex 116.12583302491977 51.449999999999996 18
      vertex 116.03135934237861 51.591389857711334 8.2
      vertex 116.03135934237861 51.591389857711334 18
    endloop
  endfacet
  facet normal 0.946930129495127 0.3214394653030985 0
    outer loop
      vertex 116.20104339226468 51.29748846207461 8
      vertex 116.20104339226468 51.29748846207461 18
      vertex 116.25570357417578 51.136464758633274 18
    endloop
  endfacet
  facet normal 0.19509032201610535 0.980785280403235 0
    outer loop
      vertex 115.16968404988607 52.08887831978595 18
      vertex 115.33646475863328 52.05570357417579 18
      vertex 115.16968404988607 52.08887831978595 8.2
    endloop
  endfacet
  facet normal 0.32143946530318623 0.9469301294950974 0
    outer loop
      vertex 115.33646475863328 52.05570357417579 18
      vertex 115.49748846207461 52.00104339226467 18
      vertex 115.33646475863328 52.05570357417579 8.2
    endloop
  endfacet
  facet normal 0.6593458151000645 0.7518398074789812 0
    outer loop
      vertex 115.79138985771134 51.831359342378605 18
      vertex 115.91923881554251 51.71923881554251 18
      vertex 115.79138985771134 51.831359342378605 8.2
    endloop
  endfacet
  facet normal 0.4422886902189758 0.8968727415327008 0
    outer loop
      vertex 115.49748846207461 52.00104339226467 18
      vertex 115.65 51.92583302491977 18
      vertex 115.49748846207461 52.00104339226467 8.2
    endloop
  endfacet
  facet normal 0.555570233019614 0.8314696123025375 0
    outer loop
      vertex 115.79138985771134 51.831359342378605 18
      vertex 115.65 51.92583302491977 8.2
      vertex 115.65 51.92583302491977 18
    endloop
  endfacet
  facet normal 0.7518398074789812 0.6593458151000645 0
    outer loop
      vertex 116.03135934237861 51.591389857711334 18
      vertex 115.91923881554251 51.71923881554251 8.2
      vertex 115.91923881554251 51.71923881554251 18
    endloop
  endfacet
  facet normal 0 0 1
    outer loop
      vertex 113.87416697508023 50.15 18
      vertex 113.79895660773532 51.29748846207461 18
      vertex 113.79895660773532 50.30251153792538 18
    endloop
  endfacet
  facet normal 0 0 1
    outer loop
      vertex 113.7 50.8 18
      vertex 113.71112168021405 50.63031595011393 18
      vertex 113.71112168021405 50.96968404988606 18
    endloop
  endfacet
  facet normal 0 0 1
    outer loop
      vertex 113.79895660773532 50.30251153792538 18
      vertex 113.74429642582422 51.136464758633274 18
      vertex 113.74429642582422 50.46353524136672 18
    endloop
  endfacet
  facet normal 0 0 1
    outer loop
      vertex 113.74429642582422 50.46353524136672 18
      vertex 113.71112168021405 50.96968404988606 18
      vertex 113.71112168021405 50.63031595011393 18
    endloop
  endfacet
  facet normal 0 0 1
    outer loop
      vertex 113.74429642582422 50.46353524136672 18
      vertex 113.74429642582422 51.136464758633274 18
      vertex 113.71112168021405 50.96968404988606 18
    endloop
  endfacet
  facet normal 0 0 1
    outer loop
      vertex 113.79895660773532 50.30251153792538 18
      vertex 113.79895660773532 51.29748846207461 18
      vertex 113.74429642582422 51.136464758633274 18
    endloop
  endfacet
  facet normal 0 0 1
    outer loop
      vertex 113.87416697508023 50.15 18
      vertex 113.87416697508023 51.449999999999996 18
      vertex 113.79895660773532 51.29748846207461 18
    endloop
  endfacet
  facet normal 0 0 1
    outer loop
      vertex 114.35 49.674166975080226 18
      vertex 114.26387840678322 50.375 18
      vertex 114.20861014228866 49.76864065762139 18
    endloop
  endfacet
  facet normal 0 0 1
    outer loop
      vertex 114.35 49.674166975080226 18
      vertex 114.50251153792539 49.598956607735325 18
      vertex 114.39895923599144 50.19895923599143 18
    endloop
  endfacet
  facet normal 0 0 1
    outer loop
      vertex 114.50251153792539 49.598956607735325 18
      vertex 114.575 50.063878406783225 18
      vertex 114.48255278534259 50.125649660752444 18
    endloop
  endfacet
  facet normal 0 0 1
    outer loop
      vertex 114.50251153792539 49.598956607735325 18
      vertex 114.66353524136672 49.54429642582421 18
      vertex 114.575 50.063878406783225 18
    endloop
  endfacet
  facet normal 0 0 1
    outer loop
      vertex 114.66353524136672 49.54429642582421 18
      vertex 114.83031595011393 49.511121680214046 18
      vertex 114.78000381166285 49.97896304765429 18
    endloop
  endfacet
  facet normal 0 0 1
    outer loop
      vertex 114.66353524136672 49.54429642582421 18
      vertex 114.67471908248967 50.014702397365404 18
      vertex 114.575 50.063878406783225 18
    endloop
  endfacet
  facet normal 0 0 1
    outer loop
      vertex 114.66353524136672 49.54429642582421 18
      vertex 114.78000381166285 49.97896304765429 18
      vertex 114.67471908248967 50.014702397365404 18
    endloop
  endfacet
  facet normal 0 0 1
    outer loop
      vertex 114.83031595011393 49.511121680214046 18
      vertex 114.88905273661295 49.95727186783226 18
      vertex 114.78000381166285 49.97896304765429 18
    endloop
  endfacet
  facet normal 0 0 1
    outer loop
      vertex 114.83031595011393 49.511121680214046 18
      vertex 115 49.5 18
      vertex 114.88905273661295 49.95727186783226 18
    endloop
  endfacet
  facet normal 0 0 1
    outer loop
      vertex 115 49.5 18
      vertex 115.16968404988607 49.511121680214046 18
      vertex 115.11094726338705 49.95727186783226 18
    endloop
  endfacet
  facet normal 0 0 1
    outer loop
      vertex 115 49.5 18
      vertex 115 49.949999999999996 18
      vertex 114.88905273661295 49.95727186783226 18
    endloop
  endfacet
  facet normal 0 0 1
    outer loop
      vertex 115 49.5 18
      vertex 115.11094726338705 49.95727186783226 18
      vertex 115 49.949999999999996 18
    endloop
  endfacet
  facet normal 0 0 1
    outer loop
      vertex 114.20861014228866 49.76864065762139 18
      vertex 114.2147023973654 50.47471908248967 18
      vertex 114.17896304765429 50.580003811662856 18
    endloop
  endfacet
  facet normal 0 0 1
    outer loop
      vertex 114.20861014228866 49.76864065762139 18
      vertex 114.17896304765429 50.580003811662856 18
      vertex 114.15727186783226 50.68905273661295 18
    endloop
  endfacet
  facet normal 0 0 1
    outer loop
      vertex 114.35 49.674166975080226 18
      vertex 114.39895923599144 50.19895923599143 18
      vertex 114.32564966075245 50.28255278534259 18
    endloop
  endfacet
  facet normal 0 0 1
    outer loop
      vertex 114.35 49.674166975080226 18
      vertex 114.32564966075245 50.28255278534259 18
      vertex 114.26387840678322 50.375 18
    endloop
  endfacet
  facet normal 0 0 1
    outer loop
      vertex 114.50251153792539 49.598956607735325 18
      vertex 114.48255278534259 50.125649660752444 18
      vertex 114.39895923599144 50.19895923599143 18
    endloop
  endfacet
  facet normal 0 0 1
    outer loop
      vertex 114.20861014228866 49.76864065762139 18
      vertex 114.26387840678322 50.375 18
      vertex 114.2147023973654 50.47471908248967 18
    endloop
  endfacet
  facet normal 0 0 1
    outer loop
      vertex 114.08076118445749 49.880761184457484 18
      vertex 113.96864065762139 51.591389857711334 18
      vertex 113.96864065762139 50.00861014228866 18
    endloop
  endfacet
  facet normal 0 0 1
    outer loop
      vertex 113.87416697508023 50.15 18
      vertex 113.96864065762139 50.00861014228866 18
      vertex 113.87416697508023 51.449999999999996 18
    endloop
  endfacet
  facet normal 0 0 1
    outer loop
      vertex 114.20861014228866 49.76864065762139 18
      vertex 114.15727186783226 50.68905273661295 18
      vertex 114.15 50.8 18
    endloop
  endfacet
  facet normal 0 0 1
    outer loop
      vertex 114.08076118445749 49.880761184457484 18
      vertex 114.20861014228866 49.76864065762139 18
      vertex 114.08076118445749 51.71923881554251 18
    endloop
  endfacet
  facet normal 0 0 1
    outer loop
      vertex 114.20861014228866 49.76864065762139 18
      vertex 114.15 50.8 18
      vertex 114.08076118445749 51.71923881554251 18
    endloop
  endfacet
  facet normal 0 0 1
    outer loop
      vertex 115.16968404988607 49.511121680214046 18
      vertex 115.33646475863328 49.54429642582421 18
      vertex 115.11094726338705 49.95727186783226 18
    endloop
  endfacet
  facet normal 0 0 1
    outer loop
      vertex 115.33646475863328 49.54429642582421 18
      vertex 115.49748846207461 49.598956607735325 18
      vertex 115.32528091751033 50.014702397365404 18
    endloop
  endfacet
  facet normal 0 0 1
    outer loop
      vertex 115.33646475863328 49.54429642582421 18
      vertex 115.21999618833715 49.97896304765429 18
      vertex 115.11094726338705 49.95727186783226 18
    endloop
  endfacet
  facet normal 0 0 1
    outer loop
      vertex 115.33646475863328 49.54429642582421 18
      vertex 115.32528091751033 50.014702397365404 18
      vertex 115.21999618833715 49.97896304765429 18
    endloop
  endfacet
  facet normal 0 0 1
    outer loop
      vertex 115.49748846207461 49.598956607735325 18
      vertex 115.425 50.063878406783225 18
      vertex 115.32528091751033 50.014702397365404 18
    endloop
  endfacet
  facet normal 0 0 1
    outer loop
      vertex 115.49748846207461 49.598956607735325 18
      vertex 115.65 49.674166975080226 18
      vertex 115.425 50.063878406783225 18
    endloop
  endfacet
  facet normal 0 0 1
    outer loop
      vertex 115.65 49.674166975080226 18
      vertex 115.51744721465741 50.125649660752444 18
      vertex 115.425 50.063878406783225 18
    endloop
  endfacet
  facet normal 0 0 1
    outer loop
      vertex 115.65 49.674166975080226 18
      vertex 115.79138985771134 49.76864065762139 18
      vertex 115.60104076400856 50.19895923599143 18
    endloop
  endfacet
  facet normal 0 0 1
    outer loop
      vertex 115.65 49.674166975080226 18
      vertex 115.60104076400856 50.19895923599143 18
      vertex 115.51744721465741 50.125649660752444 18
    endloop
  endfacet
  facet normal 0 0 1
    outer loop
      vertex 115.79138985771134 49.76864065762139 18
      vertex 115.91923881554251 49.880761184457484 18
      vertex 115.7852976026346 50.47471908248967 18
    endloop
  endfacet
  facet normal 0 0 1
    outer loop
      vertex 115.79138985771134 49.76864065762139 18
      vertex 115.67435033924755 50.28255278534259 18
      vertex 115.60104076400856 50.19895923599143 18
    endloop
  endfacet
  facet normal 0 0 1
    outer loop
      vertex 115.79138985771134 49.76864065762139 18
      vertex 115.73612159321678 50.375 18
      vertex 115.67435033924755 50.28255278534259 18
    endloop
  endfacet
  facet normal 0 0 1
    outer loop
      vertex 115.79138985771134 49.76864065762139 18
      vertex 115.7852976026346 50.47471908248967 18
      vertex 115.73612159321678 50.375 18
    endloop
  endfacet
  facet normal 0 0 1
    outer loop
      vertex 115.91923881554251 49.880761184457484 18
      vertex 115.82103695234571 50.580003811662856 18
      vertex 115.7852976026346 50.47471908248967 18
    endloop
  endfacet
  facet normal 0 0 1
    outer loop
      vertex 115.91923881554251 49.880761184457484 18
      vertex 115.84272813216774 50.68905273661295 18
      vertex 115.82103695234571 50.580003811662856 18
    endloop
  endfacet
  facet normal 0 0 1
    outer loop
      vertex 115.91923881554251 49.880761184457484 18
      vertex 115.85 50.8 18
      vertex 115.84272813216774 50.68905273661295 18
    endloop
  endfacet
  facet normal 0 0 1
    outer loop
      vertex 115.91923881554251 49.880761184457484 18
      vertex 116.03135934237861 50.00861014228866 18
      vertex 115.91923881554251 51.71923881554251 18
    endloop
  endfacet
  facet normal 0 0 1
    outer loop
      vertex 116.03135934237861 50.00861014228866 18
      vertex 116.12583302491977 50.15 18
      vertex 116.03135934237861 51.591389857711334 18
    endloop
  endfacet
  facet normal 0 0 1
    outer loop
      vertex 116.12583302491977 50.15 18
      vertex 116.20104339226468 50.30251153792538 18
      vertex 116.12583302491977 51.449999999999996 18
    endloop
  endfacet
  facet normal 0 0 1
    outer loop
      vertex 116.20104339226468 50.30251153792538 18
      vertex 116.25570357417578 50.46353524136672 18
      vertex 116.20104339226468 51.29748846207461 18
    endloop
  endfacet
  facet normal 0 0 1
    outer loop
      vertex 116.25570357417578 50.46353524136672 18
      vertex 116.28887831978595 50.63031595011393 18
      vertex 116.25570357417578 51.136464758633274 18
    endloop
  endfacet
  facet normal 0 0 1
    outer loop
      vertex 116.28887831978595 50.63031595011393 18
      vertex 116.3 50.8 18
      vertex 116.28887831978595 50.96968404988606 18
    endloop
  endfacet
  facet normal 0 0 1
    outer loop
      vertex 113.87416697508023 51.449999999999996 18
      vertex 113.96864065762139 50.00861014228866 18
      vertex 113.96864065762139 51.591389857711334 18
    endloop
  endfacet
  facet normal 0 0 1
    outer loop
      vertex 114.08076118445749 49.880761184457484 18
      vertex 114.08076118445749 51.71923881554251 18
      vertex 113.96864065762139 51.591389857711334 18
    endloop
  endfacet
  facet normal 0 0 1
    outer loop
      vertex 114.08076118445749 51.71923881554251 18
      vertex 114.15 50.8 18
      vertex 114.15727186783226 50.910947263387044 18
    endloop
  endfacet
  facet normal 0 0 1
    outer loop
      vertex 114.08076118445749 51.71923881554251 18
      vertex 114.15727186783226 50.910947263387044 18
      vertex 114.17896304765429 51.01999618833714 18
    endloop
  endfacet
  facet normal 0 0 1
    outer loop
      vertex 114.08076118445749 51.71923881554251 18
      vertex 114.17896304765429 51.01999618833714 18
      vertex 114.2147023973654 51.125280917510324 18
    endloop
  endfacet
  facet normal 0 0 1
    outer loop
      vertex 114.08076118445749 51.71923881554251 18
      vertex 114.2147023973654 51.125280917510324 18
      vertex 114.20861014228866 51.831359342378605 18
    endloop
  endfacet
  facet normal 0 0 1
    outer loop
      vertex 114.20861014228866 51.831359342378605 18
      vertex 114.2147023973654 51.125280917510324 18
      vertex 114.26387840678322 51.224999999999994 18
    endloop
  endfacet
  facet normal 0 0 1
    outer loop
      vertex 114.20861014228866 51.831359342378605 18
      vertex 114.26387840678322 51.224999999999994 18
      vertex 114.32564966075245 51.317447214657406 18
    endloop
  endfacet
  facet normal 0 0 1
    outer loop
      vertex 114.20861014228866 51.831359342378605 18
      vertex 114.32564966075245 51.317447214657406 18
      vertex 114.39895923599144 51.40104076400856 18
    endloop
  endfacet
  facet normal 0 0 1
    outer loop
      vertex 114.35 51.92583302491977 18
      vertex 114.39895923599144 51.40104076400856 18
      vertex 114.48255278534259 51.47435033924755 18
    endloop
  endfacet
  facet normal 0 0 1
    outer loop
      vertex 114.35 51.92583302491977 18
      vertex 114.48255278534259 51.47435033924755 18
      vertex 114.575 51.53612159321677 18
    endloop
  endfacet
  facet normal 0 0 1
    outer loop
      vertex 114.20861014228866 51.831359342378605 18
      vertex 114.39895923599144 51.40104076400856 18
      vertex 114.35 51.92583302491977 18
    endloop
  endfacet
  facet normal 0 0 1
    outer loop
      vertex 114.35 51.92583302491977 18
      vertex 114.575 51.53612159321677 18
      vertex 114.50251153792539 52.00104339226467 18
    endloop
  endfacet
  facet normal 0 0 1
    outer loop
      vertex 114.50251153792539 52.00104339226467 18
      vertex 114.575 51.53612159321677 18
      vertex 114.67471908248967 51.58529760263459 18
    endloop
  endfacet
  facet normal 0 0 1
    outer loop
      vertex 114.66353524136672 52.05570357417579 18
      vertex 114.67471908248967 51.58529760263459 18
      vertex 114.78000381166285 51.621036952345705 18
    endloop
  endfacet
  facet normal 0 0 1
    outer loop
      vertex 114.66353524136672 52.05570357417579 18
      vertex 114.78000381166285 51.621036952345705 18
      vertex 114.88905273661295 51.64272813216773 18
    endloop
  endfacet
  facet normal 0 0 1
    outer loop
      vertex 114.50251153792539 52.00104339226467 18
      vertex 114.67471908248967 51.58529760263459 18
      vertex 114.66353524136672 52.05570357417579 18
    endloop
  endfacet
  facet normal 0 0 1
    outer loop
      vertex 114.66353524136672 52.05570357417579 18
      vertex 114.88905273661295 51.64272813216773 18
      vertex 114.83031595011393 52.08887831978595 18
    endloop
  endfacet
  facet normal 0 0 1
    outer loop
      vertex 115 52.099999999999994 18
      vertex 114.88905273661295 51.64272813216773 18
      vertex 115 51.65 18
    endloop
  endfacet
  facet normal 0 0 1
    outer loop
      vertex 115 52.099999999999994 18
      vertex 115 51.65 18
      vertex 115.11094726338705 51.64272813216773 18
    endloop
  endfacet
  facet normal 0 0 1
    outer loop
      vertex 115.16968404988607 52.08887831978595 18
      vertex 115.11094726338705 51.64272813216773 18
      vertex 115.21999618833715 51.621036952345705 18
    endloop
  endfacet
  facet normal 0 0 1
    outer loop
      vertex 114.83031595011393 52.08887831978595 18
      vertex 114.88905273661295 51.64272813216773 18
      vertex 115 52.099999999999994 18
    endloop
  endfacet
  facet normal 0 0 1
    outer loop
      vertex 115 52.099999999999994 18
      vertex 115.11094726338705 51.64272813216773 18
      vertex 115.16968404988607 52.08887831978595 18
    endloop
  endfacet
  facet normal 0 0 1
    outer loop
      vertex 115.79138985771134 51.831359342378605 18
      vertex 115.84272813216774 50.910947263387044 18
      vertex 115.85 50.8 18
    endloop
  endfacet
  facet normal 0 0 1
    outer loop
      vertex 115.79138985771134 51.831359342378605 18
      vertex 115.82103695234571 51.01999618833714 18
      vertex 115.84272813216774 50.910947263387044 18
    endloop
  endfacet
  facet normal 0 0 1
    outer loop
      vertex 115.79138985771134 51.831359342378605 18
      vertex 115.7852976026346 51.125280917510324 18
      vertex 115.82103695234571 51.01999618833714 18
    endloop
  endfacet
  facet normal 0 0 1
    outer loop
      vertex 115.79138985771134 51.831359342378605 18
      vertex 115.73612159321678 51.224999999999994 18
      vertex 115.7852976026346 51.125280917510324 18
    endloop
  endfacet
  facet normal 0 0 1
    outer loop
      vertex 115.65 51.92583302491977 18
      vertex 115.60104076400856 51.40104076400856 18
      vertex 115.67435033924755 51.317447214657406 18
    endloop
  endfacet
  facet normal 0 0 1
    outer loop
      vertex 115.49748846207461 52.00104339226467 18
      vertex 115.51744721465741 51.47435033924755 18
      vertex 115.60104076400856 51.40104076400856 18
    endloop
  endfacet
  facet normal 0 0 1
    outer loop
      vertex 115.65 51.92583302491977 18
      vertex 115.67435033924755 51.317447214657406 18
      vertex 115.73612159321678 51.224999999999994 18
    endloop
  endfacet
  facet normal 0 0 1
    outer loop
      vertex 115.91923881554251 49.880761184457484 18
      vertex 115.79138985771134 51.831359342378605 18
      vertex 115.85 50.8 18
    endloop
  endfacet
  facet normal 0 0 1
    outer loop
      vertex 116.03135934237861 50.00861014228866 18
      vertex 116.03135934237861 51.591389857711334 18
      vertex 115.91923881554251 51.71923881554251 18
    endloop
  endfacet
  facet normal 0 0 1
    outer loop
      vertex 115.91923881554251 49.880761184457484 18
      vertex 115.91923881554251 51.71923881554251 18
      vertex 115.79138985771134 51.831359342378605 18
    endloop
  endfacet
  facet normal 0 0 1
    outer loop
      vertex 116.12583302491977 50.15 18
      vertex 116.12583302491977 51.449999999999996 18
      vertex 116.03135934237861 51.591389857711334 18
    endloop
  endfacet
  facet normal 0 0 1
    outer loop
      vertex 116.28887831978595 50.63031595011393 18
      vertex 116.28887831978595 50.96968404988606 18
      vertex 116.25570357417578 51.136464758633274 18
    endloop
  endfacet
  facet normal 0 0 1
    outer loop
      vertex 116.25570357417578 50.46353524136672 18
      vertex 116.25570357417578 51.136464758633274 18
      vertex 116.20104339226468 51.29748846207461 18
    endloop
  endfacet
  facet normal 0 0 1
    outer loop
      vertex 116.20104339226468 50.30251153792538 18
      vertex 116.20104339226468 51.29748846207461 18
      vertex 116.12583302491977 51.449999999999996 18
    endloop
  endfacet
  facet normal 0 0 1
    outer loop
      vertex 115.33646475863328 52.05570357417579 18
      vertex 115.21999618833715 51.621036952345705 18
      vertex 115.32528091751033 51.58529760263459 18
    endloop
  endfacet
  facet normal 0 0 1
    outer loop
      vertex 115.33646475863328 52.05570357417579 18
      vertex 115.32528091751033 51.58529760263459 18
      vertex 115.425 51.53612159321677 18
    endloop
  endfacet
  facet normal 0 0 1
    outer loop
      vertex 115.49748846207461 52.00104339226467 18
      vertex 115.425 51.53612159321677 18
      vertex 115.51744721465741 51.47435033924755 18
    endloop
  endfacet
  facet normal 0 0 1
    outer loop
      vertex 115.33646475863328 52.05570357417579 18
      vertex 115.425 51.53612159321677 18
      vertex 115.49748846207461 52.00104339226467 18
    endloop
  endfacet
  facet normal 0 0 1
    outer loop
      vertex 115.16968404988607 52.08887831978595 18
      vertex 115.21999618833715 51.621036952345705 18
      vertex 115.33646475863328 52.05570357417579 18
    endloop
  endfacet
  facet normal 0 0 1
    outer loop
      vertex 115.49748846207461 52.00104339226467 18
      vertex 115.60104076400856 51.40104076400856 18
      vertex 115.65 51.92583302491977 18
    endloop
  endfacet
  facet normal 0 0 1
    outer loop
      vertex 115.79138985771134 51.831359342378605 18
      vertex 115.65 51.92583302491977 18
      vertex 115.73612159321678 51.224999999999994 18
    endloop
  endfacet
  facet normal 0 -1 0
    outer loop
      vertex 77 37 7.4
      vertex 77.4 37 7.4
      vertex 77 37 8
    endloop
  endfacet
  facet normal 0 -1 0
    outer loop
      vertex 77 37 8
      vertex 77.4 37 7.4
      vertex 77.4 37 14.8
    endloop
  endfacet
  facet normal 1 0 0
    outer loop
      vertex 77.4 37 7.4
      vertex 77.4 41 7.4
      vertex 77.4 37 14.8
    endloop
  endfacet
  facet normal 0 -1 0
    outer loop
      vertex 75 37 8
      vertex 77 37 8
      vertex 77.4 37 14.8
    endloop
  endfacet
  facet normal -1 0 0
    outer loop
      vertex 75 37 8
      vertex 75 37 14.8
      vertex 75 41 8
    endloop
  endfacet
  facet normal 0 -1 0
    outer loop
      vertex 75 37 8
      vertex 77.4 37 14.8
      vertex 75 37 14.8
    endloop
  endfacet
  facet normal 0 0 1
    outer loop
      vertex 75 37 14.8
      vertex 75.6825527853426 38.32564966075245 14.8
      vertex 75.59895923599144 38.398959235991434 14.8
    endloop
  endfacet
  facet normal 0 0 1
    outer loop
      vertex 75 37 14.8
      vertex 75.46387840678322 38.575 14.8
      vertex 75.4147023973654 38.67471908248967 14.8
    endloop
  endfacet
  facet normal 0 0 1
    outer loop
      vertex 75 37 14.8
      vertex 75.4147023973654 38.67471908248967 14.8
      vertex 75.3789630476543 38.78000381166286 14.8
    endloop
  endfacet
  facet normal 0 0 1
    outer loop
      vertex 75 37 14.8
      vertex 75.59895923599144 38.398959235991434 14.8
      vertex 75.52564966075245 38.48255278534259 14.8
    endloop
  endfacet
  facet normal 0 0 1
    outer loop
      vertex 75 37 14.8
      vertex 75.52564966075245 38.48255278534259 14.8
      vertex 75.46387840678322 38.575 14.8
    endloop
  endfacet
  facet normal 0 0 1
    outer loop
      vertex 75 37 14.8
      vertex 75.87471908248968 38.21470239736541 14.8
      vertex 75.775 38.26387840678323 14.8
    endloop
  endfacet
  facet normal 0 0 1
    outer loop
      vertex 75 37 14.8
      vertex 75.98000381166285 38.17896304765429 14.8
      vertex 75.87471908248968 38.21470239736541 14.8
    endloop
  endfacet
  facet normal 0 0 1
    outer loop
      vertex 75 37 14.8
      vertex 75.775 38.26387840678323 14.8
      vertex 75.6825527853426 38.32564966075245 14.8
    endloop
  endfacet
  facet normal 0 0 1
    outer loop
      vertex 75 37 14.8
      vertex 76.08905273661296 38.157271867832264 14.8
      vertex 75.98000381166285 38.17896304765429 14.8
    endloop
  endfacet
  facet normal 0 0 1
    outer loop
      vertex 75 37 14.8
      vertex 76.2 38.15 14.8
      vertex 76.08905273661296 38.157271867832264 14.8
    endloop
  endfacet
  facet normal 0 0 1
    outer loop
      vertex 75 37 14.8
      vertex 75.3789630476543 38.78000381166286 14.8
      vertex 75.35727186783227 38.88905273661295 14.8
    endloop
  endfacet
  facet normal 0 0 1
    outer loop
      vertex 75 37 14.8
      vertex 75.35727186783227 38.88905273661295 14.8
      vertex 75.35000000000001 39 14.8
    endloop
  endfacet
  facet normal 0 0 1
    outer loop
      vertex 75 37 14.8
      vertex 75.35000000000001 39 14.8
      vertex 75.35727186783227 39.11094726338705 14.8
    endloop
  endfacet
  facet normal 0 0 1
    outer loop
      vertex 75 37 14.8
      vertex 77.4 37 14.8
      vertex 76.31094726338705 38.157271867832264 14.8
    endloop
  endfacet
  facet normal 0 0 1
    outer loop
      vertex 75 37 14.8
      vertex 76.31094726338705 38.157271867832264 14.8
      vertex 76.2 38.15 14.8
    endloop
  endfacet
  facet normal 0 0 1
    outer loop
      vertex 77.4 37 14.8
      vertex 76.41999618833715 38.17896304765429 14.8
      vertex 76.31094726338705 38.157271867832264 14.8
    endloop
  endfacet
  facet normal 0 0 1
    outer loop
      vertex 77.4 37 14.8
      vertex 76.52528091751033 38.21470239736541 14.8
      vertex 76.41999618833715 38.17896304765429 14.8
    endloop
  endfacet
  facet normal 0 0 1
    outer loop
      vertex 77.4 37 14.8
      vertex 76.625 38.26387840678323 14.8
      vertex 76.52528091751033 38.21470239736541 14.8
    endloop
  endfacet
  facet normal 0 0 1
    outer loop
      vertex 77.4 37 14.8
      vertex 76.71744721465741 38.32564966075245 14.8
      vertex 76.625 38.26387840678323 14.8
    endloop
  endfacet
  facet normal 0 0 1
    outer loop
      vertex 77.4 37 14.8
      vertex 76.80104076400856 38.398959235991434 14.8
      vertex 76.71744721465741 38.32564966075245 14.8
    endloop
  endfacet
  facet normal 0 0 1
    outer loop
      vertex 77.4 37 14.8
      vertex 76.87435033924756 38.48255278534259 14.8
      vertex 76.80104076400856 38.398959235991434 14.8
    endloop
  endfacet
  facet normal 0 0 1
    outer loop
      vertex 77.4 37 14.8
      vertex 76.93612159321678 38.575 14.8
      vertex 76.87435033924756 38.48255278534259 14.8
    endloop
  endfacet
  facet normal 0 0 1
    outer loop
      vertex 77.4 37 14.8
      vertex 76.9852976026346 38.67471908248967 14.8
      vertex 76.93612159321678 38.575 14.8
    endloop
  endfacet
  facet normal 0 0 1
    outer loop
      vertex 77.4 37 14.8
      vertex 77.02103695234571 38.78000381166286 14.8
      vertex 76.9852976026346 38.67471908248967 14.8
    endloop
  endfacet
  facet normal 0 0 1
    outer loop
      vertex 77.4 37 14.8
      vertex 77.04272813216774 38.88905273661295 14.8
      vertex 77.02103695234571 38.78000381166286 14.8
    endloop
  endfacet
  facet normal 0 0 1
    outer loop
      vertex 77.4 37 14.8
      vertex 77.4 41 14.8
      vertex 77.04272813216774 38.88905273661295 14.8
    endloop
  endfacet
  facet normal 0 1 0
    outer loop
      vertex 77 41 7.4
      vertex 77 41 8
      vertex 77.4 41 7.4
    endloop
  endfacet
  facet normal 0 1 0
    outer loop
      vertex 77 41 8
      vertex 75 41 14.8
      vertex 77.4 41 7.4
    endloop
  endfacet
  facet normal 0 1 0
    outer loop
      vertex 75 41 8
      vertex 75 41 14.8
      vertex 77 41 8
    endloop
  endfacet
  facet normal -1 0 0
    outer loop
      vertex 75 37 14.8
      vertex 75 41 14.8
      vertex 75 41 8
    endloop
  endfacet
  facet normal 0 1 0
    outer loop
      vertex 77.4 41 7.4
      vertex 75 41 14.8
      vertex 77.4 41 14.8
    endloop
  endfacet
  facet normal 1 0 0
    outer loop
      vertex 77.4 37 14.8
      vertex 77.4 41 7.4
      vertex 77.4 41 14.8
    endloop
  endfacet
  facet normal 0 0 1
    outer loop
      vertex 75 37 14.8
      vertex 75.35727186783227 39.11094726338705 14.8
      vertex 75 41 14.8
    endloop
  endfacet
  facet normal 0 0 1
    outer loop
      vertex 75 41 14.8
      vertex 75.35727186783227 39.11094726338705 14.8
      vertex 75.3789630476543 39.21999618833714 14.8
    endloop
  endfacet
  facet normal 0 0 1
    outer loop
      vertex 75 41 14.8
      vertex 75.3789630476543 39.21999618833714 14.8
      vertex 75.4147023973654 39.32528091751033 14.8
    endloop
  endfacet
  facet normal 0 0 1
    outer loop
      vertex 75 41 14.8
      vertex 75.4147023973654 39.32528091751033 14.8
      vertex 75.46387840678322 39.425 14.8
    endloop
  endfacet
  facet normal 0 0 1
    outer loop
      vertex 75 41 14.8
      vertex 75.46387840678322 39.425 14.8
      vertex 75.52564966075245 39.51744721465741 14.8
    endloop
  endfacet
  facet normal 0 0 1
    outer loop
      vertex 75 41 14.8
      vertex 75.52564966075245 39.51744721465741 14.8
      vertex 75.59895923599144 39.601040764008566 14.8
    endloop
  endfacet
  facet normal 0 0 1
    outer loop
      vertex 75 41 14.8
      vertex 75.59895923599144 39.601040764008566 14.8
      vertex 75.6825527853426 39.67435033924755 14.8
    endloop
  endfacet
  facet normal 0 0 1
    outer loop
      vertex 75 41 14.8
      vertex 75.6825527853426 39.67435033924755 14.8
      vertex 75.775 39.73612159321677 14.8
    endloop
  endfacet
  facet normal 0 0 1
    outer loop
      vertex 75 41 14.8
      vertex 75.775 39.73612159321677 14.8
      vertex 75.87471908248968 39.78529760263459 14.8
    endloop
  endfacet
  facet normal 0 0 1
    outer loop
      vertex 75 41 14.8
      vertex 75.87471908248968 39.78529760263459 14.8
      vertex 75.98000381166285 39.82103695234571 14.8
    endloop
  endfacet
  facet normal 0 0 1
    outer loop
      vertex 75 41 14.8
      vertex 75.98000381166285 39.82103695234571 14.8
      vertex 76.08905273661296 39.842728132167736 14.8
    endloop
  endfacet
  facet normal 0 0 1
    outer loop
      vertex 75 41 14.8
      vertex 76.08905273661296 39.842728132167736 14.8
      vertex 77.4 41 14.8
    endloop
  endfacet
  facet normal 0 0 1
    outer loop
      vertex 77.4 41 14.8
      vertex 76.08905273661296 39.842728132167736 14.8
      vertex 76.2 39.85 14.8
    endloop
  endfacet
  facet normal 0 0 1
    outer loop
      vertex 77.4 41 14.8
      vertex 76.2 39.85 14.8
      vertex 76.31094726338705 39.842728132167736 14.8
    endloop
  endfacet
  facet normal 0 0 1
    outer loop
      vertex 77.4 41 14.8
      vertex 76.31094726338705 39.842728132167736 14.8
      vertex 76.41999618833715 39.82103695234571 14.8
    endloop
  endfacet
  facet normal 0 0 1
    outer loop
      vertex 77.4 41 14.8
      vertex 76.41999618833715 39.82103695234571 14.8
      vertex 76.52528091751033 39.78529760263459 14.8
    endloop
  endfacet
  facet normal 0 0 1
    outer loop
      vertex 77.4 41 14.8
      vertex 76.93612159321678 39.425 14.8
      vertex 76.9852976026346 39.32528091751033 14.8
    endloop
  endfacet
  facet normal 0 0 1
    outer loop
      vertex 77.4 41 14.8
      vertex 76.80104076400856 39.601040764008566 14.8
      vertex 76.87435033924756 39.51744721465741 14.8
    endloop
  endfacet
  facet normal 0 0 1
    outer loop
      vertex 77.4 41 14.8
      vertex 76.87435033924756 39.51744721465741 14.8
      vertex 76.93612159321678 39.425 14.8
    endloop
  endfacet
  facet normal 0 0 1
    outer loop
      vertex 77.4 41 14.8
      vertex 76.625 39.73612159321677 14.8
      vertex 76.71744721465741 39.67435033924755 14.8
    endloop
  endfacet
  facet normal 0 0 1
    outer loop
      vertex 77.4 41 14.8
      vertex 76.52528091751033 39.78529760263459 14.8
      vertex 76.625 39.73612159321677 14.8
    endloop
  endfacet
  facet normal 0 0 1
    outer loop
      vertex 77.4 41 14.8
      vertex 76.71744721465741 39.67435033924755 14.8
      vertex 76.80104076400856 39.601040764008566 14.8
    endloop
  endfacet
  facet normal 0 0 1
    outer loop
      vertex 77.4 41 14.8
      vertex 77.05 39 14.8
      vertex 77.04272813216774 38.88905273661295 14.8
    endloop
  endfacet
  facet normal 0 0 1
    outer loop
      vertex 77.4 41 14.8
      vertex 77.04272813216774 39.11094726338705 14.8
      vertex 77.05 39 14.8
    endloop
  endfacet
  facet normal 0 0 1
    outer loop
      vertex 77.4 41 14.8
      vertex 77.02103695234571 39.21999618833714 14.8
      vertex 77.04272813216774 39.11094726338705 14.8
    endloop
  endfacet
  facet normal 0 0 1
    outer loop
      vertex 77.4 41 14.8
      vertex 76.9852976026346 39.32528091751033 14.8
      vertex 77.02103695234571 39.21999618833714 14.8
    endloop
  endfacet
  facet normal 0 -1 0
    outer loop
      vertex 95.5 37 7.4
      vertex 97.9 37 7.4
      vertex 95.5 37 14.8
    endloop
  endfacet
  facet normal 1 0 0
    outer loop
      vertex 97.9 37 7.4
      vertex 97.9 41 7.4
      vertex 97.9 37 14.8
    endloop
  endfacet
  facet normal 0 -1 0
    outer loop
      vertex 97.9 37 7.4
      vertex 97.9 37 14.8
      vertex 95.5 37 14.8
    endloop
  endfacet
  facet normal -1 0 0
    outer loop
      vertex 95.5 37 7.4
      vertex 95.5 37 14.8
      vertex 95.5 41 14.8
    endloop
  endfacet
  facet normal 0 0 1
    outer loop
      vertex 95.5 37 14.8
      vertex 95.96387840678322 38.575 14.8
      vertex 95.9147023973654 38.67471908248967 14.8
    endloop
  endfacet
  facet normal 0 0 1
    outer loop
      vertex 95.5 37 14.8
      vertex 95.9147023973654 38.67471908248967 14.8
      vertex 95.8789630476543 38.78000381166286 14.8
    endloop
  endfacet
  facet normal 0 0 1
    outer loop
      vertex 95.5 37 14.8
      vertex 96.275 38.26387840678323 14.8
      vertex 96.1825527853426 38.32564966075245 14.8
    endloop
  endfacet
  facet normal 0 0 1
    outer loop
      vertex 95.5 37 14.8
      vertex 96.1825527853426 38.32564966075245 14.8
      vertex 96.09895923599144 38.398959235991434 14.8
    endloop
  endfacet
  facet normal 0 0 1
    outer loop
      vertex 95.5 37 14.8
      vertex 96.37471908248968 38.21470239736541 14.8
      vertex 96.275 38.26387840678323 14.8
    endloop
  endfacet
  facet normal 0 0 1
    outer loop
      vertex 95.5 37 14.8
      vertex 96.48000381166285 38.17896304765429 14.8
      vertex 96.37471908248968 38.21470239736541 14.8
    endloop
  endfacet
  facet normal 0 0 1
    outer loop
      vertex 95.5 37 14.8
      vertex 96.09895923599144 38.398959235991434 14.8
      vertex 96.02564966075245 38.48255278534259 14.8
    endloop
  endfacet
  facet normal 0 0 1
    outer loop
      vertex 95.5 37 14.8
      vertex 96.02564966075245 38.48255278534259 14.8
      vertex 95.96387840678322 38.575 14.8
    endloop
  endfacet
  facet normal 0 0 1
    outer loop
      vertex 95.5 37 14.8
      vertex 97.9 37 14.8
      vertex 96.81094726338705 38.157271867832264 14.8
    endloop
  endfacet
  facet normal 0 0 1
    outer loop
      vertex 95.5 37 14.8
      vertex 96.58905273661296 38.157271867832264 14.8
      vertex 96.48000381166285 38.17896304765429 14.8
    endloop
  endfacet
  facet normal 0 0 1
    outer loop
      vertex 95.5 37 14.8
      vertex 96.7 38.15 14.8
      vertex 96.58905273661296 38.157271867832264 14.8
    endloop
  endfacet
  facet normal 0 0 1
    outer loop
      vertex 95.5 37 14.8
      vertex 96.81094726338705 38.157271867832264 14.8
      vertex 96.7 38.15 14.8
    endloop
  endfacet
  facet normal 0 0 1
    outer loop
      vertex 95.5 37 14.8
      vertex 95.8789630476543 38.78000381166286 14.8
      vertex 95.85727186783227 38.88905273661295 14.8
    endloop
  endfacet
  facet normal 0 0 1
    outer loop
      vertex 95.5 37 14.8
      vertex 95.85727186783227 38.88905273661295 14.8
      vertex 95.85000000000001 39 14.8
    endloop
  endfacet
  facet normal 0 0 1
    outer loop
      vertex 95.5 37 14.8
      vertex 95.85000000000001 39 14.8
      vertex 95.85727186783227 39.11094726338705 14.8
    endloop
  endfacet
  facet normal 0 0 1
    outer loop
      vertex 97.9 37 14.8
      vertex 96.91999618833715 38.17896304765429 14.8
      vertex 96.81094726338705 38.157271867832264 14.8
    endloop
  endfacet
  facet normal 0 0 1
    outer loop
      vertex 97.9 37 14.8
      vertex 97.02528091751033 38.21470239736541 14.8
      vertex 96.91999618833715 38.17896304765429 14.8
    endloop
  endfacet
  facet normal 0 0 1
    outer loop
      vertex 97.9 37 14.8
      vertex 97.125 38.26387840678323 14.8
      vertex 97.02528091751033 38.21470239736541 14.8
    endloop
  endfacet
  facet normal 0 0 1
    outer loop
      vertex 97.9 37 14.8
      vertex 97.21744721465741 38.32564966075245 14.8
      vertex 97.125 38.26387840678323 14.8
    endloop
  endfacet
  facet normal 0 0 1
    outer loop
      vertex 97.9 37 14.8
      vertex 97.30104076400856 38.398959235991434 14.8
      vertex 97.21744721465741 38.32564966075245 14.8
    endloop
  endfacet
  facet normal 0 0 1
    outer loop
      vertex 97.9 37 14.8
      vertex 97.37435033924756 38.48255278534259 14.8
      vertex 97.30104076400856 38.398959235991434 14.8
    endloop
  endfacet
  facet normal 0 0 1
    outer loop
      vertex 97.9 37 14.8
      vertex 97.43612159321678 38.575 14.8
      vertex 97.37435033924756 38.48255278534259 14.8
    endloop
  endfacet
  facet normal 0 0 1
    outer loop
      vertex 97.9 37 14.8
      vertex 97.4852976026346 38.67471908248967 14.8
      vertex 97.43612159321678 38.575 14.8
    endloop
  endfacet
  facet normal 0 0 1
    outer loop
      vertex 97.9 37 14.8
      vertex 97.52103695234571 38.78000381166286 14.8
      vertex 97.4852976026346 38.67471908248967 14.8
    endloop
  endfacet
  facet normal 0 0 1
    outer loop
      vertex 97.9 37 14.8
      vertex 97.54272813216774 38.88905273661295 14.8
      vertex 97.52103695234571 38.78000381166286 14.8
    endloop
  endfacet
  facet normal 0 0 1
    outer loop
      vertex 97.9 37 14.8
      vertex 97.9 41 14.8
      vertex 97.54272813216774 38.88905273661295 14.8
    endloop
  endfacet
  facet normal -1 0 0
    outer loop
      vertex 95.5 37 7.4
      vertex 95.5 41 14.8
      vertex 95.5 41 7.4
    endloop
  endfacet
  facet normal 0 1 0
    outer loop
      vertex 95.5 41 7.4
      vertex 97.9 41 14.8
      vertex 97.9 41 7.4
    endloop
  endfacet
  facet normal 1 0 0
    outer loop
      vertex 97.9 37 14.8
      vertex 97.9 41 7.4
      vertex 97.9 41 14.8
    endloop
  endfacet
  facet normal 0 1 0
    outer loop
      vertex 95.5 41 7.4
      vertex 95.5 41 14.8
      vertex 97.9 41 14.8
    endloop
  endfacet
  facet normal 0 0 1
    outer loop
      vertex 95.5 37 14.8
      vertex 95.85727186783227 39.11094726338705 14.8
      vertex 95.5 41 14.8
    endloop
  endfacet
  facet normal 0 0 1
    outer loop
      vertex 95.5 41 14.8
      vertex 95.85727186783227 39.11094726338705 14.8
      vertex 95.8789630476543 39.21999618833714 14.8
    endloop
  endfacet
  facet normal 0 0 1
    outer loop
      vertex 95.5 41 14.8
      vertex 95.8789630476543 39.21999618833714 14.8
      vertex 95.9147023973654 39.32528091751033 14.8
    endloop
  endfacet
  facet normal 0 0 1
    outer loop
      vertex 95.5 41 14.8
      vertex 95.9147023973654 39.32528091751033 14.8
      vertex 95.96387840678322 39.425 14.8
    endloop
  endfacet
  facet normal 0 0 1
    outer loop
      vertex 95.5 41 14.8
      vertex 95.96387840678322 39.425 14.8
      vertex 96.02564966075245 39.51744721465741 14.8
    endloop
  endfacet
  facet normal 0 0 1
    outer loop
      vertex 95.5 41 14.8
      vertex 96.02564966075245 39.51744721465741 14.8
      vertex 96.09895923599144 39.601040764008566 14.8
    endloop
  endfacet
  facet normal 0 0 1
    outer loop
      vertex 95.5 41 14.8
      vertex 96.09895923599144 39.601040764008566 14.8
      vertex 96.1825527853426 39.67435033924755 14.8
    endloop
  endfacet
  facet normal 0 0 1
    outer loop
      vertex 95.5 41 14.8
      vertex 96.1825527853426 39.67435033924755 14.8
      vertex 96.275 39.73612159321677 14.8
    endloop
  endfacet
  facet normal 0 0 1
    outer loop
      vertex 95.5 41 14.8
      vertex 96.275 39.73612159321677 14.8
      vertex 96.37471908248968 39.78529760263459 14.8
    endloop
  endfacet
  facet normal 0 0 1
    outer loop
      vertex 95.5 41 14.8
      vertex 96.37471908248968 39.78529760263459 14.8
      vertex 96.48000381166285 39.82103695234571 14.8
    endloop
  endfacet
  facet normal 0 0 1
    outer loop
      vertex 95.5 41 14.8
      vertex 96.48000381166285 39.82103695234571 14.8
      vertex 96.58905273661296 39.842728132167736 14.8
    endloop
  endfacet
  facet normal 0 0 1
    outer loop
      vertex 95.5 41 14.8
      vertex 96.58905273661296 39.842728132167736 14.8
      vertex 97.9 41 14.8
    endloop
  endfacet
  facet normal 0 0 1
    outer loop
      vertex 97.9 41 14.8
      vertex 97.55 39 14.8
      vertex 97.54272813216774 38.88905273661295 14.8
    endloop
  endfacet
  facet normal 0 0 1
    outer loop
      vertex 97.9 41 14.8
      vertex 97.54272813216774 39.11094726338705 14.8
      vertex 97.55 39 14.8
    endloop
  endfacet
  facet normal 0 0 1
    outer loop
      vertex 97.9 41 14.8
      vertex 97.52103695234571 39.21999618833714 14.8
      vertex 97.54272813216774 39.11094726338705 14.8
    endloop
  endfacet
  facet normal 0 0 1
    outer loop
      vertex 97.9 41 14.8
      vertex 96.58905273661296 39.842728132167736 14.8
      vertex 96.7 39.85 14.8
    endloop
  endfacet
  facet normal 0 0 1
    outer loop
      vertex 97.9 41 14.8
      vertex 96.7 39.85 14.8
      vertex 96.81094726338705 39.842728132167736 14.8
    endloop
  endfacet
  facet normal 0 0 1
    outer loop
      vertex 97.9 41 14.8
      vertex 96.81094726338705 39.842728132167736 14.8
      vertex 96.91999618833715 39.82103695234571 14.8
    endloop
  endfacet
  facet normal 0 0 1
    outer loop
      vertex 97.9 41 14.8
      vertex 96.91999618833715 39.82103695234571 14.8
      vertex 97.02528091751033 39.78529760263459 14.8
    endloop
  endfacet
  facet normal 0 0 1
    outer loop
      vertex 97.9 41 14.8
      vertex 97.125 39.73612159321677 14.8
      vertex 97.21744721465741 39.67435033924755 14.8
    endloop
  endfacet
  facet normal 0 0 1
    outer loop
      vertex 97.9 41 14.8
      vertex 97.02528091751033 39.78529760263459 14.8
      vertex 97.125 39.73612159321677 14.8
    endloop
  endfacet
  facet normal 0 0 1
    outer loop
      vertex 97.9 41 14.8
      vertex 97.43612159321678 39.425 14.8
      vertex 97.4852976026346 39.32528091751033 14.8
    endloop
  endfacet
  facet normal 0 0 1
    outer loop
      vertex 97.9 41 14.8
      vertex 97.30104076400856 39.601040764008566 14.8
      vertex 97.37435033924756 39.51744721465741 14.8
    endloop
  endfacet
  facet normal 0 0 1
    outer loop
      vertex 97.9 41 14.8
      vertex 97.37435033924756 39.51744721465741 14.8
      vertex 97.43612159321678 39.425 14.8
    endloop
  endfacet
  facet normal 0 0 1
    outer loop
      vertex 97.9 41 14.8
      vertex 97.4852976026346 39.32528091751033 14.8
      vertex 97.52103695234571 39.21999618833714 14.8
    endloop
  endfacet
  facet normal 0 0 1
    outer loop
      vertex 97.9 41 14.8
      vertex 97.21744721465741 39.67435033924755 14.8
      vertex 97.30104076400856 39.601040764008566 14.8
    endloop
  endfacet
  facet normal 0 0 -1
    outer loop
      vertex 74.5 25.5 5.4
      vertex 75.15147186257614 26.151471862576145 5.4
      vertex 75.26948628518953 26.047975991650517 5.4
    endloop
  endfacet
  facet normal 0 0 -1
    outer loop
      vertex 74.5 25.5 5.4
      vertex 75.4 25.960769515458672 5.4
      vertex 75.5407798811619 25.891344560986457 5.4
    endloop
  endfacet
  facet normal 0 0 -1
    outer loop
      vertex 74.5 25.5 5.4
      vertex 75.26948628518953 26.047975991650517 5.4
      vertex 75.4 25.960769515458672 5.4
    endloop
  endfacet
  facet normal 0 0 -1
    outer loop
      vertex 74.5 25.5 5.4
      vertex 74.89134456098645 26.540779881161892 5.4
      vertex 74.96076951545868 26.4 5.4
    endloop
  endfacet
  facet normal 0 0 -1
    outer loop
      vertex 74.5 25.5 5.4
      vertex 74.84088900845312 26.689417145876973 5.4
      vertex 74.89134456098645 26.540779881161892 5.4
    endloop
  endfacet
  facet normal 0 0 -1
    outer loop
      vertex 74.5 25.5 5.4
      vertex 75.04797599165052 26.269486285189537 5.4
      vertex 75.15147186257614 26.151471862576145 5.4
    endloop
  endfacet
  facet normal 0 0 -1
    outer loop
      vertex 74.5 25.5 5.4
      vertex 74.96076951545868 26.4 5.4
      vertex 75.04797599165052 26.269486285189537 5.4
    endloop
  endfacet
  facet normal 0 0 -1
    outer loop
      vertex 74.5 25.5 5.4
      vertex 75.84336856933594 25.81026616635143 5.4
      vertex 76 25.8 5.4
    endloop
  endfacet
  facet normal 0 0 -1
    outer loop
      vertex 74.5 25.5 5.4
      vertex 75.5407798811619 25.891344560986457 5.4
      vertex 75.68941714587697 25.840889008453118 5.4
    endloop
  endfacet
  facet normal 0 0 -1
    outer loop
      vertex 74.5 25.5 5.4
      vertex 75.68941714587697 25.840889008453118 5.4
      vertex 75.84336856933594 25.81026616635143 5.4
    endloop
  endfacet
  facet normal 0 0 -1
    outer loop
      vertex 74.5 25.5 5.4
      vertex 76 25.8 5.4
      vertex 76.15663143066406 25.81026616635143 5.4
    endloop
  endfacet
  facet normal 0 0 -1
    outer loop
      vertex 74.5 25.5 5.4
      vertex 74.81026616635143 26.843368569335937 5.4
      vertex 74.84088900845312 26.689417145876973 5.4
    endloop
  endfacet
  facet normal 0 0 -1
    outer loop
      vertex 74.5 25.5 5.4
      vertex 74.8 27 5.4
      vertex 74.81026616635143 26.843368569335937 5.4
    endloop
  endfacet
  facet normal 0 -1 0
    outer loop
      vertex 74.5 25.5 5.4
      vertex 87.17940416528667 25.5 7.4
      vertex 74.5 25.5 7.3
    endloop
  endfacet
  facet normal 0 -1 0
    outer loop
      vertex 74.5 25.5 7.3
      vertex 77 25.5 7.4
      vertex 74.5 25.5 7.4
    endloop
  endfacet
  facet normal 0 -1 0
    outer loop
      vertex 74.5 25.5 7.3
      vertex 87.17940416528667 25.5 7.4
      vertex 77 25.5 7.4
    endloop
  endfacet
  facet normal 0 0 -1
    outer loop
      vertex 74.5 25.5 5.4
      vertex 76.15663143066406 25.81026616635143 5.4
      vertex 89.17177905567193 27.090962644125018 5.4
    endloop
  endfacet
  facet normal 0 0 -1
    outer loop
      vertex 76.15663143066406 25.81026616635143 5.4
      vertex 76.31058285412303 25.840889008453118 5.4
      vertex 89.17177905567193 27.090962644125018 5.4
    endloop
  endfacet
  facet normal 0 0 -1
    outer loop
      vertex 76.31058285412303 25.840889008453118 5.4
      vertex 76.4592201188381 25.891344560986457 5.4
      vertex 89.17177905567193 27.090962644125018 5.4
    endloop
  endfacet
  facet normal 0 0 -1
    outer loop
      vertex 74.5 25.5 5.4
      vertex 87.2287187078898 25.6 5.4
      vertex 87.17940416528667 25.5 5.4
    endloop
  endfacet
  facet normal 0 0 -1
    outer loop
      vertex 74.5 25.5 5.4
      vertex 87.46126931106805 25.948036572827906 5.4
      vertex 87.2287187078898 25.6 5.4
    endloop
  endfacet
  facet normal 0 0 -1
    outer loop
      vertex 74.5 25.5 5.4
      vertex 87.73725830020305 26.26274169979695 5.4
      vertex 87.46126931106805 25.948036572827906 5.4
    endloop
  endfacet
  facet normal 0 0 -1
    outer loop
      vertex 74.5 25.5 5.4
      vertex 88.0519634271721 26.538730688931953 5.4
      vertex 87.73725830020305 26.26274169979695 5.4
    endloop
  endfacet
  facet normal 0 0 -1
    outer loop
      vertex 74.5 25.5 5.4
      vertex 88.4 26.771281292110203 5.4
      vertex 88.0519634271721 26.538730688931953 5.4
    endloop
  endfacet
  facet normal 0 -1 0
    outer loop
      vertex 74.5 25.5 5.4
      vertex 87.17940416528667 25.5 5.4
      vertex 87.17940416528667 25.5 7.4
    endloop
  endfacet
  facet normal 0 0 -1
    outer loop
      vertex 74.5 25.5 5.4
      vertex 88.77541301643171 26.95641450403612 5.4
      vertex 88.4 26.771281292110203 5.4
    endloop
  endfacet
  facet normal 0 0 -1
    outer loop
      vertex 74.5 25.5 5.4
      vertex 89.17177905567193 27.090962644125018 5.4
      vertex 88.77541301643171 26.95641450403612 5.4
    endloop
  endfacet
  facet normal 0 0 -1
    outer loop
      vertex 76.73051371481047 26.047975991650517 5.4
      vertex 76.84852813742386 26.151471862576145 5.4
      vertex 99.5 33 5.4
    endloop
  endfacet
  facet normal 0 0 -1
    outer loop
      vertex 76.84852813742386 26.151471862576145 5.4
      vertex 76.95202400834948 26.269486285189537 5.4
      vertex 99.5 33 5.4
    endloop
  endfacet
  facet normal 0 0 1
    outer loop
      vertex 77 25.5 7.4
      vertex 88.0519634271721 26.538730688931953 7.4
      vertex 77 26.341287430763295 7.4
    endloop
  endfacet
  facet normal 0 0 1
    outer loop
      vertex 77 26.341287430763295 7.4
      vertex 88.0519634271721 26.538730688931953 7.4
      vertex 77.03923048454132 26.4 7.4
    endloop
  endfacet
  facet normal 0 0 1
    outer loop
      vertex 88.0519634271721 26.538730688931953 7.4
      vertex 77.10865543901355 26.540779881161892 7.4
      vertex 77.03923048454132 26.4 7.4
    endloop
  endfacet
  facet normal 0 0 1
    outer loop
      vertex 88.0519634271721 26.538730688931953 7.4
      vertex 77.15911099154688 26.689417145876973 7.4
      vertex 77.10865543901355 26.540779881161892 7.4
    endloop
  endfacet
  facet normal 0 0 1
    outer loop
      vertex 88.0519634271721 26.538730688931953 7.4
      vertex 77.18973383364857 26.843368569335937 7.4
      vertex 77.15911099154688 26.689417145876973 7.4
    endloop
  endfacet
  facet normal 0 0 1
    outer loop
      vertex 88.0519634271721 26.538730688931953 7.4
      vertex 77.2 27 7.4
      vertex 77.18973383364857 26.843368569335937 7.4
    endloop
  endfacet
  facet normal 0 0 1
    outer loop
      vertex 88.0519634271721 26.538730688931953 7.4
      vertex 77.18973383364857 27.156631430664063 7.4
      vertex 77.2 27 7.4
    endloop
  endfacet
  facet normal 0 0 1
    outer loop
      vertex 88.0519634271721 26.538730688931953 7.4
      vertex 77.15911099154688 27.310582854123027 7.4
      vertex 77.18973383364857 27.156631430664063 7.4
    endloop
  endfacet
  facet normal 0 0 1
    outer loop
      vertex 88.0519634271721 26.538730688931953 7.4
      vertex 77.10865543901355 27.459220118838108 7.4
      vertex 77.15911099154688 27.310582854123027 7.4
    endloop
  endfacet
  facet normal 0 0 1
    outer loop
      vertex 77.10865543901355 27.459220118838108 7.4
      vertex 88.0519634271721 26.538730688931953 7.4
      vertex 77.03923048454132 27.6 7.4
    endloop
  endfacet
  facet normal 0 0 1
    outer loop
      vertex 77 27.658712569236705 7.4
      vertex 77.03923048454132 27.6 7.4
      vertex 88.0519634271721 26.538730688931953 7.4
    endloop
  endfacet
  facet normal 0 0 1
    outer loop
      vertex 77 25.5 7.4
      vertex 87.17940416528667 25.5 7.4
      vertex 87.2287187078898 25.6 7.4
    endloop
  endfacet
  facet normal 0 0 1
    outer loop
      vertex 77 25.5 7.4
      vertex 87.2287187078898 25.6 7.4
      vertex 87.46126931106805 25.948036572827906 7.4
    endloop
  endfacet
  facet normal 0 0 1
    outer loop
      vertex 77 25.5 7.4
      vertex 87.46126931106805 25.948036572827906 7.4
      vertex 87.73725830020305 26.26274169979695 7.4
    endloop
  endfacet
  facet normal 0 0 1
    outer loop
      vertex 77 25.5 7.4
      vertex 87.73725830020305 26.26274169979695 7.4
      vertex 88.0519634271721 26.538730688931953 7.4
    endloop
  endfacet
  facet normal 0 0 1
    outer loop
      vertex 77 27.658712569236705 7.4
      vertex 88.0519634271721 26.538730688931953 7.4
      vertex 88.4 26.771281292110203 7.4
    endloop
  endfacet
  facet normal 0 0 -1
    outer loop
      vertex 77.03923048454132 26.4 5.4
      vertex 99.5 41 5.4
      vertex 76.95202400834948 26.269486285189537 5.4
    endloop
  endfacet
  facet normal 0 0 -1
    outer loop
      vertex 77.10865543901355 26.540779881161892 5.4
      vertex 99.5 41 5.4
      vertex 77.03923048454132 26.4 5.4
    endloop
  endfacet
  facet normal 0 0 -1
    outer loop
      vertex 77.15911099154688 26.689417145876973 5.4
      vertex 99.5 41 5.4
      vertex 77.10865543901355 26.540779881161892 5.4
    endloop
  endfacet
  facet normal 0 0 -1
    outer loop
      vertex 77.18973383364857 26.843368569335937 5.4
      vertex 99.5 41 5.4
      vertex 77.15911099154688 26.689417145876973 5.4
    endloop
  endfacet
  facet normal 0 0 -1
    outer loop
      vertex 77.2 27 5.4
      vertex 99.5 41 5.4
      vertex 77.18973383364857 26.843368569335937 5.4
    endloop
  endfacet
  facet normal 0 0 -1
    outer loop
      vertex 77.18973383364857 27.156631430664063 5.4
      vertex 99.5 41 5.4
      vertex 77.2 27 5.4
    endloop
  endfacet
  facet normal 0 0 -1
    outer loop
      vertex 77.15911099154688 27.310582854123027 5.4
      vertex 99.5 41 5.4
      vertex 77.18973383364857 27.156631430664063 5.4
    endloop
  endfacet
  facet normal 0 0 1
    outer loop
      vertex 77 37 7.4
      vertex 77 27.658712569236705 7.4
      vertex 88.4 26.771281292110203 7.4
    endloop
  endfacet
  facet normal 0 0 1
    outer loop
      vertex 77 37 7.4
      vertex 88.4 26.771281292110203 7.4
      vertex 88.77541301643171 26.95641450403612 7.4
    endloop
  endfacet
  facet normal 0 0 1
    outer loop
      vertex 77 37 7.4
      vertex 88.77541301643171 26.95641450403612 7.4
      vertex 89.17177905567193 27.090962644125018 7.4
    endloop
  endfacet
  facet normal 0 0 -1
    outer loop
      vertex 74.5 25.5 5.4
      vertex 74.5 52.5 5.4
      vertex 74.8 27 5.4
    endloop
  endfacet
  facet normal 0 0 -1
    outer loop
      vertex 74.5 52.5 5.4
      vertex 74.81026616635143 27.156631430664063 5.4
      vertex 74.8 27 5.4
    endloop
  endfacet
  facet normal -1 0 0
    outer loop
      vertex 74.5 25.5 5.4
      vertex 74.5 25.5 7.3
      vertex 74.5 52.5 7.4
    endloop
  endfacet
  facet normal -1 0 0
    outer loop
      vertex 74.5 25.5 7.3
      vertex 74.5 25.5 7.4
      vertex 74.5 52.5 7.4
    endloop
  endfacet
  facet normal 0 0 -1
    outer loop
      vertex 74.5 52.5 5.4
      vertex 74.84088900845312 27.310582854123027 5.4
      vertex 74.81026616635143 27.156631430664063 5.4
    endloop
  endfacet
  facet normal 0 0 -1
    outer loop
      vertex 74.5 52.5 5.4
      vertex 74.89134456098645 27.459220118838108 5.4
      vertex 74.84088900845312 27.310582854123027 5.4
    endloop
  endfacet
  facet normal 0 0 -1
    outer loop
      vertex 74.5 52.5 5.4
      vertex 74.96076951545868 27.6 5.4
      vertex 74.89134456098645 27.459220118838108 5.4
    endloop
  endfacet
  facet normal 0 0 -1
    outer loop
      vertex 74.5 52.5 5.4
      vertex 75.04797599165052 27.730513714810463 5.4
      vertex 74.96076951545868 27.6 5.4
    endloop
  endfacet
  facet normal 0 0 -1
    outer loop
      vertex 74.5 52.5 5.4
      vertex 75.15147186257614 27.848528137423855 5.4
      vertex 75.04797599165052 27.730513714810463 5.4
    endloop
  endfacet
  facet normal 0 0 -1
    outer loop
      vertex 74.5 52.5 5.4
      vertex 75.26948628518953 27.952024008349483 5.4
      vertex 75.15147186257614 27.848528137423855 5.4
    endloop
  endfacet
  facet normal 0 0 -1
    outer loop
      vertex 74.5 52.5 5.4
      vertex 75.4 28.039230484541328 5.4
      vertex 75.26948628518953 27.952024008349483 5.4
    endloop
  endfacet
  facet normal 0 0 -1
    outer loop
      vertex 74.5 52.5 5.4
      vertex 75.5407798811619 28.108655439013543 5.4
      vertex 75.4 28.039230484541328 5.4
    endloop
  endfacet
  facet normal 0 0 -1
    outer loop
      vertex 74.5 52.5 5.4
      vertex 75.68941714587697 28.159110991546882 5.4
      vertex 75.5407798811619 28.108655439013543 5.4
    endloop
  endfacet
  facet normal 0 0 1
    outer loop
      vertex 77 37 7.4
      vertex 97.00251153792539 28.201043392264673 7.4
      vertex 77.4 37 7.4
    endloop
  endfacet
  facet normal 0 0 1
    outer loop
      vertex 77.4 37 7.4
      vertex 95.5 37 7.4
      vertex 77.4 41 7.4
    endloop
  endfacet
  facet normal 0 0 -1
    outer loop
      vertex 76.4592201188381 25.891344560986457 5.4
      vertex 89.58231618489583 27.172623556396193 5.4
      vertex 89.17177905567193 27.090962644125018 5.4
    endloop
  endfacet
  facet normal 0 0 -1
    outer loop
      vertex 76.6 25.960769515458672 5.4
      vertex 76.73051371481047 26.047975991650517 5.4
      vertex 102.5 33 5.4
    endloop
  endfacet
  facet normal 0 0 -1
    outer loop
      vertex 76.4592201188381 25.891344560986457 5.4
      vertex 76.6 25.960769515458672 5.4
      vertex 112.75 33 5.4
    endloop
  endfacet
  facet normal 0 0 1
    outer loop
      vertex 77 37 7.4
      vertex 89.17177905567193 27.090962644125018 7.4
      vertex 89.58231618489583 27.172623556396193 7.4
    endloop
  endfacet
  facet normal 0 0 1
    outer loop
      vertex 77 37 7.4
      vertex 89.58231618489583 27.172623556396193 7.4
      vertex 90 27.2 7.4
    endloop
  endfacet
  facet normal 0 0 1
    outer loop
      vertex 77 37 7.4
      vertex 90 27.2 7.4
      vertex 90.41768381510417 27.172623556396193 7.4
    endloop
  endfacet
  facet normal 0 0 1
    outer loop
      vertex 77 37 7.4
      vertex 90.41768381510417 27.172623556396193 7.4
      vertex 90.82822094432807 27.090962644125018 7.4
    endloop
  endfacet
  facet normal 0 0 1
    outer loop
      vertex 77 37 7.4
      vertex 91.6 26.771281292110203 7.4
      vertex 91.9480365728279 26.538730688931953 7.4
    endloop
  endfacet
  facet normal 0 0 1
    outer loop
      vertex 77 37 7.4
      vertex 90.82822094432807 27.090962644125018 7.4
      vertex 91.22458698356829 26.95641450403612 7.4
    endloop
  endfacet
  facet normal 0 0 1
    outer loop
      vertex 77 37 7.4
      vertex 91.22458698356829 26.95641450403612 7.4
      vertex 91.6 26.771281292110203 7.4
    endloop
  endfacet
  facet normal 0 0 1
    outer loop
      vertex 77 37 7.4
      vertex 91.9480365728279 26.538730688931953 7.4
      vertex 96.2 27 7.4
    endloop
  endfacet
  facet normal 0 0 1
    outer loop
      vertex 77 37 7.4
      vertex 96.2 27 7.4
      vertex 96.21112168021405 27.16968404988607 7.4
    endloop
  endfacet
  facet normal 0 0 1
    outer loop
      vertex 77 37 7.4
      vertex 96.21112168021405 27.16968404988607 7.4
      vertex 96.24429642582422 27.336464758633277 7.4
    endloop
  endfacet
  facet normal 0 0 1
    outer loop
      vertex 77 37 7.4
      vertex 96.24429642582422 27.336464758633277 7.4
      vertex 96.29895660773532 27.497488462074617 7.4
    endloop
  endfacet
  facet normal 0 0 1
    outer loop
      vertex 77 37 7.4
      vertex 96.29895660773532 27.497488462074617 7.4
      vertex 96.37416697508023 27.65 7.4
    endloop
  endfacet
  facet normal 0 0 1
    outer loop
      vertex 77 37 7.4
      vertex 96.37416697508023 27.65 7.4
      vertex 96.46864065762139 27.791389857711337 7.4
    endloop
  endfacet
  facet normal 0 0 1
    outer loop
      vertex 77 37 7.4
      vertex 96.46864065762139 27.791389857711337 7.4
      vertex 96.58076118445749 27.919238815542514 7.4
    endloop
  endfacet
  facet normal 0 0 1
    outer loop
      vertex 77 37 7.4
      vertex 96.58076118445749 27.919238815542514 7.4
      vertex 96.70861014228866 28.031359342378607 7.4
    endloop
  endfacet
  facet normal 0 0 1
    outer loop
      vertex 77 37 7.4
      vertex 96.70861014228866 28.031359342378607 7.4
      vertex 96.85 28.12583302491977 7.4
    endloop
  endfacet
  facet normal 0 0 -1
    outer loop
      vertex 76.4592201188381 25.891344560986457 5.4
      vertex 115.75 33 5.4
      vertex 89.58231618489583 27.172623556396193 5.4
    endloop
  endfacet
  facet normal 0 0 1
    outer loop
      vertex 96.58076118445749 26.080761184457486 7.4
      vertex 92.53873068893195 25.948036572827906 7.4
      vertex 92.7712812921102 25.6 7.4
    endloop
  endfacet
  facet normal 0 0 1
    outer loop
      vertex 96.29895660773532 26.502511537925383 7.4
      vertex 92.26274169979695 26.26274169979695 7.4
      vertex 92.53873068893195 25.948036572827906 7.4
    endloop
  endfacet
  facet normal 0 0 1
    outer loop
      vertex 96.2 27 7.4
      vertex 91.9480365728279 26.538730688931953 7.4
      vertex 92.26274169979695 26.26274169979695 7.4
    endloop
  endfacet
  facet normal 0 0 1
    outer loop
      vertex 97.5 25.7 7.4
      vertex 92.7712812921102 25.6 7.4
      vertex 92.82059583471333 25.5 7.4
    endloop
  endfacet
  facet normal 0 0 1
    outer loop
      vertex 96.70861014228866 25.968640657621393 7.4
      vertex 92.7712812921102 25.6 7.4
      vertex 96.85 25.87416697508023 7.4
    endloop
  endfacet
  facet normal 0 0 1
    outer loop
      vertex 96.58076118445749 26.080761184457486 7.4
      vertex 92.7712812921102 25.6 7.4
      vertex 96.70861014228866 25.968640657621393 7.4
    endloop
  endfacet
  facet normal 0 0 1
    outer loop
      vertex 96.46864065762139 26.208610142288663 7.4
      vertex 96.37416697508023 26.35 7.4
      vertex 92.53873068893195 25.948036572827906 7.4
    endloop
  endfacet
  facet normal 0 0 1
    outer loop
      vertex 96.29895660773532 26.502511537925383 7.4
      vertex 92.53873068893195 25.948036572827906 7.4
      vertex 96.37416697508023 26.35 7.4
    endloop
  endfacet
  facet normal 0 0 1
    outer loop
      vertex 96.46864065762139 26.208610142288663 7.4
      vertex 92.53873068893195 25.948036572827906 7.4
      vertex 96.58076118445749 26.080761184457486 7.4
    endloop
  endfacet
  facet normal 0 0 1
    outer loop
      vertex 96.29895660773532 26.502511537925383 7.4
      vertex 96.24429642582422 26.663535241366723 7.4
      vertex 92.26274169979695 26.26274169979695 7.4
    endloop
  endfacet
  facet normal 0 0 1
    outer loop
      vertex 96.24429642582422 26.663535241366723 7.4
      vertex 96.21112168021405 26.83031595011393 7.4
      vertex 92.26274169979695 26.26274169979695 7.4
    endloop
  endfacet
  facet normal 0 0 1
    outer loop
      vertex 96.21112168021405 26.83031595011393 7.4
      vertex 96.2 27 7.4
      vertex 92.26274169979695 26.26274169979695 7.4
    endloop
  endfacet
  facet normal 0 0 -1
    outer loop
      vertex 76.73051371481047 26.047975991650517 5.4
      vertex 99.5 33 5.4
      vertex 102.5 33 5.4
    endloop
  endfacet
  facet normal 0 0 1
    outer loop
      vertex 77 37 7.4
      vertex 96.85 28.12583302491977 7.4
      vertex 97.00251153792539 28.201043392264673 7.4
    endloop
  endfacet
  facet normal 0 0 -1
    outer loop
      vertex 113.84088900845312 50.68941714587697 5.4
      vertex 77.15911099154688 27.310582854123027 5.4
      vertex 77.10865543901355 27.459220118838108 5.4
    endloop
  endfacet
  facet normal 0 0 -1
    outer loop
      vertex 76.73051371481047 27.952024008349483 5.4
      vertex 76.6 28.039230484541328 5.4
      vertex 113.81026616635143 50.84336856933594 5.4
    endloop
  endfacet
  facet normal 0 0 -1
    outer loop
      vertex 113.84088900845312 50.68941714587697 5.4
      vertex 76.84852813742386 27.848528137423855 5.4
      vertex 76.73051371481047 27.952024008349483 5.4
    endloop
  endfacet
  facet normal 0 0 -1
    outer loop
      vertex 113.84088900845312 50.68941714587697 5.4
      vertex 76.95202400834948 27.730513714810463 5.4
      vertex 76.84852813742386 27.848528137423855 5.4
    endloop
  endfacet
  facet normal 0 0 -1
    outer loop
      vertex 113.84088900845312 50.68941714587697 5.4
      vertex 77.10865543901355 27.459220118838108 5.4
      vertex 77.03923048454132 27.6 5.4
    endloop
  endfacet
  facet normal 0 0 -1
    outer loop
      vertex 113.84088900845312 50.68941714587697 5.4
      vertex 77.03923048454132 27.6 5.4
      vertex 76.95202400834948 27.730513714810463 5.4
    endloop
  endfacet
  facet normal 0 0 1
    outer loop
      vertex 77.4 37 7.4
      vertex 97.00251153792539 28.201043392264673 7.4
      vertex 95.5 37 7.4
    endloop
  endfacet
  facet normal 0 0 -1
    outer loop
      vertex 75.84336856933594 28.18973383364857 5.4
      vertex 75.68941714587697 28.159110991546882 5.4
      vertex 114.04797599165052 51.73051371481046 5.4
    endloop
  endfacet
  facet normal 0 0 -1
    outer loop
      vertex 76 28.2 5.4
      vertex 75.84336856933594 28.18973383364857 5.4
      vertex 113.96076951545868 51.6 5.4
    endloop
  endfacet
  facet normal 0 0 -1
    outer loop
      vertex 76.4592201188381 28.108655439013543 5.4
      vertex 76.31058285412303 28.159110991546882 5.4
      vertex 113.81026616635143 51.15663143066406 5.4
    endloop
  endfacet
  facet normal 0 0 -1
    outer loop
      vertex 76.31058285412303 28.159110991546882 5.4
      vertex 76.15663143066406 28.18973383364857 5.4
      vertex 113.84088900845312 51.31058285412303 5.4
    endloop
  endfacet
  facet normal 0 0 -1
    outer loop
      vertex 76.15663143066406 28.18973383364857 5.4
      vertex 76 28.2 5.4
      vertex 113.89134456098645 51.45922011883811 5.4
    endloop
  endfacet
  facet normal 0 0 -1
    outer loop
      vertex 76.6 28.039230484541328 5.4
      vertex 76.4592201188381 28.108655439013543 5.4
      vertex 113.8 51 5.4
    endloop
  endfacet
  facet normal 0 0 -1
    outer loop
      vertex 76.95202400834948 26.269486285189537 5.4
      vertex 99.5 41 5.4
      vertex 99.5 33 5.4
    endloop
  endfacet
  facet normal -1 0 0
    outer loop
      vertex 74.5 25.5 5.4
      vertex 74.5 52.5 7.4
      vertex 74.5 52.5 5.4
    endloop
  endfacet
  facet normal 0 0 1
    outer loop
      vertex 77 41 7.4
      vertex 77.4 41 7.4
      vertex 77 52.5 7.4
    endloop
  endfacet
  facet normal 0 0 1
    outer loop
      vertex 77.4 41 7.4
      vertex 95.5 37 7.4
      vertex 77 52.5 7.4
    endloop
  endfacet
  facet normal 0 0 -1
    outer loop
      vertex 74.5 52.5 5.4
      vertex 114.15147186257614 51.848528137423855 5.4
      vertex 75.68941714587697 28.159110991546882 5.4
    endloop
  endfacet
  facet normal 0 0 1
    outer loop
      vertex 77 52.5 7.4
      vertex 95.5 37 7.4
      vertex 95.5 41 7.4
    endloop
  endfacet
  facet normal 0 1 0
    outer loop
      vertex 74.5 52.5 5.4
      vertex 74.5 52.5 7.4
      vertex 116.5 52.5 5.4
    endloop
  endfacet
  facet normal 0 1 0
    outer loop
      vertex 74.5 52.5 7.4
      vertex 77 52.5 7.4
      vertex 116.5 52.5 7.3
    endloop
  endfacet
  facet normal 0 0 -1
    outer loop
      vertex 91.6 26.771281292110203 5.4
      vertex 91.22458698356829 26.95641450403612 5.4
      vertex 115.4 26.771281292110203 5.4
    endloop
  endfacet
  facet normal 0 0 -1
    outer loop
      vertex 116.5 27.156249849184903 5.4
      vertex 90.82822094432807 27.090962644125018 5.4
      vertex 90.41768381510417 27.172623556396193 5.4
    endloop
  endfacet
  facet normal 0 0 -1
    outer loop
      vertex 91.22458698356829 26.95641450403612 5.4
      vertex 90.82822094432807 27.090962644125018 5.4
      vertex 115.77541301643171 26.95641450403612 5.4
    endloop
  endfacet
  facet normal 0 0 -1
    outer loop
      vertex 92.82059583471333 25.5 5.4
      vertex 92.7712812921102 25.6 5.4
      vertex 114.17940416528667 25.5 5.4
    endloop
  endfacet
  facet normal 0 0 -1
    outer loop
      vertex 92.53873068893195 25.948036572827906 5.4
      vertex 114.2287187078898 25.6 5.4
      vertex 92.7712812921102 25.6 5.4
    endloop
  endfacet
  facet normal 0 0 -1
    outer loop
      vertex 92.26274169979695 26.26274169979695 5.4
      vertex 114.46126931106805 25.948036572827906 5.4
      vertex 92.53873068893195 25.948036572827906 5.4
    endloop
  endfacet
  facet normal 0 0 -1
    outer loop
      vertex 92.26274169979695 26.26274169979695 5.4
      vertex 91.9480365728279 26.538730688931953 5.4
      vertex 114.73725830020305 26.26274169979695 5.4
    endloop
  endfacet
  facet normal 0 0 -1
    outer loop
      vertex 91.6 26.771281292110203 5.4
      vertex 115.0519634271721 26.538730688931953 5.4
      vertex 91.9480365728279 26.538730688931953 5.4
    endloop
  endfacet
  facet normal 0 -1 0
    outer loop
      vertex 114 25.5 7.4
      vertex 92.82059583471333 25.5 7.4
      vertex 92.82059583471333 25.5 5.4
    endloop
  endfacet
  facet normal 0 0 1
    outer loop
      vertex 97.16353524136672 25.74429642582421 7.4
      vertex 92.7712812921102 25.6 7.4
      vertex 97.33031595011393 25.711121680214045 7.4
    endloop
  endfacet
  facet normal 0 0 1
    outer loop
      vertex 96.85 25.87416697508023 7.4
      vertex 92.7712812921102 25.6 7.4
      vertex 97.00251153792539 25.798956607735327 7.4
    endloop
  endfacet
  facet normal 0 0 1
    outer loop
      vertex 97.00251153792539 25.798956607735327 7.4
      vertex 92.7712812921102 25.6 7.4
      vertex 97.16353524136672 25.74429642582421 7.4
    endloop
  endfacet
  facet normal 0 0 1
    outer loop
      vertex 97.33031595011393 25.711121680214045 7.4
      vertex 92.7712812921102 25.6 7.4
      vertex 97.5 25.7 7.4
    endloop
  endfacet
  facet normal 0 0 -1
    outer loop
      vertex 76.6 25.960769515458672 5.4
      vertex 102.5 33 5.4
      vertex 112.75 33 5.4
    endloop
  endfacet
  facet normal 0 0 -1
    outer loop
      vertex 90 27.2 5.4
      vertex 89.58231618489583 27.172623556396193 5.4
      vertex 115.75 33 5.4
    endloop
  endfacet
  facet normal 0 0 -1
    outer loop
      vertex 90.41768381510417 27.172623556396193 5.4
      vertex 90 27.2 5.4
      vertex 115.75 33 5.4
    endloop
  endfacet
  facet normal 0 0 1
    outer loop
      vertex 97.00251153792539 28.201043392264673 7.4
      vertex 97.16353524136672 28.25570357417579 7.4
      vertex 97.9 37 7.4
    endloop
  endfacet
  facet normal 0 0 1
    outer loop
      vertex 97.16353524136672 28.25570357417579 7.4
      vertex 97.33031595011393 28.288878319785955 7.4
      vertex 97.9 37 7.4
    endloop
  endfacet
  facet normal 0 0 1
    outer loop
      vertex 97.33031595011393 28.288878319785955 7.4
      vertex 97.5 28.3 7.4
      vertex 97.9 37 7.4
    endloop
  endfacet
  facet normal 0 0 1
    outer loop
      vertex 97.5 28.3 7.4
      vertex 97.66968404988607 28.288878319785955 7.4
      vertex 97.9 37 7.4
    endloop
  endfacet
  facet normal 0 0 1
    outer loop
      vertex 97.66968404988607 28.288878319785955 7.4
      vertex 97.83646475863328 28.25570357417579 7.4
      vertex 97.9 37 7.4
    endloop
  endfacet
  facet normal 0 0 1
    outer loop
      vertex 97.99748846207461 28.201043392264673 7.4
      vertex 97.9 37 7.4
      vertex 97.83646475863328 28.25570357417579 7.4
    endloop
  endfacet
  facet normal 0 0 1
    outer loop
      vertex 98.15 28.12583302491977 7.4
      vertex 98.29138985771134 28.031359342378607 7.4
      vertex 97.9 37 7.4
    endloop
  endfacet
  facet normal 0 0 1
    outer loop
      vertex 97.99748846207461 28.201043392264673 7.4
      vertex 98.15 28.12583302491977 7.4
      vertex 97.9 37 7.4
    endloop
  endfacet
  facet normal 0 0 1
    outer loop
      vertex 98.70104339226468 27.497488462074617 7.4
      vertex 97.9 37 7.4
      vertex 98.62583302491977 27.65 7.4
    endloop
  endfacet
  facet normal 0 0 1
    outer loop
      vertex 98.41923881554251 27.919238815542514 7.4
      vertex 97.9 37 7.4
      vertex 98.29138985771134 28.031359342378607 7.4
    endloop
  endfacet
  facet normal 0 0 1
    outer loop
      vertex 98.41923881554251 27.919238815542514 7.4
      vertex 98.53135934237861 27.791389857711337 7.4
      vertex 97.9 37 7.4
    endloop
  endfacet
  facet normal 0 0 1
    outer loop
      vertex 98.53135934237861 27.791389857711337 7.4
      vertex 98.62583302491977 27.65 7.4
      vertex 97.9 37 7.4
    endloop
  endfacet
  facet normal 0 0 1
    outer loop
      vertex 98.70104339226468 27.497488462074617 7.4
      vertex 102.5 33 7.4
      vertex 99.5 33 7.4
    endloop
  endfacet
  facet normal 0 0 1
    outer loop
      vertex 97.5 25.7 7.4
      vertex 92.82059583471333 25.5 7.4
      vertex 114 25.5 7.4
    endloop
  endfacet
  facet normal 0 0 1
    outer loop
      vertex 97.5 25.7 7.4
      vertex 114 25.5 7.4
      vertex 97.66968404988607 25.711121680214045 7.4
    endloop
  endfacet
  facet normal 0 0 1
    outer loop
      vertex 97.66968404988607 25.711121680214045 7.4
      vertex 114 25.5 7.4
      vertex 97.83646475863328 25.74429642582421 7.4
    endloop
  endfacet
  facet normal 0 0 1
    outer loop
      vertex 97.83646475863328 25.74429642582421 7.4
      vertex 114 25.5 7.4
      vertex 97.99748846207461 25.798956607735327 7.4
    endloop
  endfacet
  facet normal 0 0 1
    outer loop
      vertex 97.99748846207461 25.798956607735327 7.4
      vertex 114 25.5 7.4
      vertex 98.15 25.87416697508023 7.4
    endloop
  endfacet
  facet normal 0 0 1
    outer loop
      vertex 98.15 25.87416697508023 7.4
      vertex 114 25.5 7.4
      vertex 98.29138985771134 25.968640657621393 7.4
    endloop
  endfacet
  facet normal 0 0 1
    outer loop
      vertex 98.29138985771134 25.968640657621393 7.4
      vertex 114 25.5 7.4
      vertex 98.41923881554251 26.080761184457486 7.4
    endloop
  endfacet
  facet normal 0 0 1
    outer loop
      vertex 98.41923881554251 26.080761184457486 7.4
      vertex 114 25.5 7.4
      vertex 98.53135934237861 26.208610142288663 7.4
    endloop
  endfacet
  facet normal 0 0 1
    outer loop
      vertex 98.53135934237861 26.208610142288663 7.4
      vertex 114 25.5 7.4
      vertex 98.62583302491977 26.35 7.4
    endloop
  endfacet
  facet normal 0 0 1
    outer loop
      vertex 98.62583302491977 26.35 7.4
      vertex 114 25.5 7.4
      vertex 98.70104339226468 26.502511537925383 7.4
    endloop
  endfacet
  facet normal 0 0 1
    outer loop
      vertex 98.70104339226468 26.502511537925383 7.4
      vertex 114 25.5 7.4
      vertex 98.75570357417578 26.663535241366723 7.4
    endloop
  endfacet
  facet normal 0 0 1
    outer loop
      vertex 98.75570357417578 26.663535241366723 7.4
      vertex 114 25.5 7.4
      vertex 98.78887831978595 26.83031595011393 7.4
    endloop
  endfacet
  facet normal 0 0 1
    outer loop
      vertex 98.78887831978595 26.83031595011393 7.4
      vertex 114 25.5 7.4
      vertex 98.8 27 7.4
    endloop
  endfacet
  facet normal 0 0 1
    outer loop
      vertex 98.8 27 7.4
      vertex 114 25.5 7.4
      vertex 98.78887831978595 27.16968404988607 7.4
    endloop
  endfacet
  facet normal 0 0 1
    outer loop
      vertex 98.78887831978595 27.16968404988607 7.4
      vertex 114 25.5 7.4
      vertex 98.75570357417578 27.336464758633277 7.4
    endloop
  endfacet
  facet normal 0 0 1
    outer loop
      vertex 98.75570357417578 27.336464758633277 7.4
      vertex 114 25.5 7.4
      vertex 98.70104339226468 27.497488462074617 7.4
    endloop
  endfacet
  facet normal 0 0 1
    outer loop
      vertex 98.70104339226468 27.497488462074617 7.4
      vertex 114 25.5 7.4
      vertex 102.5 33 7.4
    endloop
  endfacet
  facet normal 0 0 -1
    outer loop
      vertex 76.4592201188381 25.891344560986457 5.4
      vertex 112.75 33 5.4
      vertex 115.75 33 5.4
    endloop
  endfacet
  facet normal 0 0 1
    outer loop
      vertex 97.00251153792539 28.201043392264673 7.4
      vertex 97.9 37 7.4
      vertex 95.5 37 7.4
    endloop
  endfacet
  facet normal 0 0 1
    outer loop
      vertex 98.70104339226468 27.497488462074617 7.4
      vertex 99.5 33 7.4
      vertex 97.9 37 7.4
    endloop
  endfacet
  facet normal 0 0 1
    outer loop
      vertex 97.9 37 7.4
      vertex 99.5 33 7.4
      vertex 99.5 41 7.4
    endloop
  endfacet
  facet normal 0 0 -1
    outer loop
      vertex 102.5 33 5.4
      vertex 102.5 41 5.4
      vertex 112.75 33 5.4
    endloop
  endfacet
  facet normal 0 0 1
    outer loop
      vertex 102.5 33 7.4
      vertex 112.75 41 7.4
      vertex 102.5 41 7.4
    endloop
  endfacet
  facet normal 0 0 -1
    outer loop
      vertex 114.17940416528667 25.5 5.4
      vertex 92.7712812921102 25.6 5.4
      vertex 114.2287187078898 25.6 5.4
    endloop
  endfacet
  facet normal 0 0 -1
    outer loop
      vertex 92.53873068893195 25.948036572827906 5.4
      vertex 114.46126931106805 25.948036572827906 5.4
      vertex 114.2287187078898 25.6 5.4
    endloop
  endfacet
  facet normal 0 0 -1
    outer loop
      vertex 92.26274169979695 26.26274169979695 5.4
      vertex 114.73725830020305 26.26274169979695 5.4
      vertex 114.46126931106805 25.948036572827906 5.4
    endloop
  endfacet
  facet normal 0 -1 0
    outer loop
      vertex 114.17940416528667 25.5 5.4
      vertex 114.17940416528667 25.5 7.4
      vertex 92.82059583471333 25.5 5.4
    endloop
  endfacet
  facet normal 0 0 -1
    outer loop
      vertex 91.9480365728279 26.538730688931953 5.4
      vertex 115.0519634271721 26.538730688931953 5.4
      vertex 114.73725830020305 26.26274169979695 5.4
    endloop
  endfacet
  facet normal 0 0 -1
    outer loop
      vertex 91.6 26.771281292110203 5.4
      vertex 115.4 26.771281292110203 5.4
      vertex 115.0519634271721 26.538730688931953 5.4
    endloop
  endfacet
  facet normal 0 0 -1
    outer loop
      vertex 91.22458698356829 26.95641450403612 5.4
      vertex 115.77541301643171 26.95641450403612 5.4
      vertex 115.4 26.771281292110203 5.4
    endloop
  endfacet
  facet normal 0 0 -1
    outer loop
      vertex 90.82822094432807 27.090962644125018 5.4
      vertex 116.17177905567193 27.090962644125018 5.4
      vertex 115.77541301643171 26.95641450403612 5.4
    endloop
  endfacet
  facet normal 0 0 -1
    outer loop
      vertex 116.5 27.156249849184903 5.4
      vertex 116.17177905567193 27.090962644125018 5.4
      vertex 90.82822094432807 27.090962644125018 5.4
    endloop
  endfacet
  facet normal 0 -1 0
    outer loop
      vertex 114 25.5 7.4
      vertex 92.82059583471333 25.5 5.4
      vertex 114.17940416528667 25.5 7.4
    endloop
  endfacet
  facet normal 0 0 -1
    outer loop
      vertex 116.5 27.156249849184903 5.4
      vertex 90.41768381510417 27.172623556396193 5.4
      vertex 115.75 33 5.4
    endloop
  endfacet
  facet normal 0 0 1
    outer loop
      vertex 114 25.5 7.4
      vertex 112.75 33 7.4
      vertex 102.5 33 7.4
    endloop
  endfacet
  facet normal 0 0 1
    outer loop
      vertex 114 25.5 7.4
      vertex 114 33 7.4
      vertex 112.75 33 7.4
    endloop
  endfacet
  facet normal 0 0 -1
    outer loop
      vertex 102.5 41 5.4
      vertex 112.75 41 5.4
      vertex 112.75 33 5.4
    endloop
  endfacet
  facet normal 0 0 1
    outer loop
      vertex 102.5 33 7.4
      vertex 112.75 33 7.4
      vertex 112.75 41 7.4
    endloop
  endfacet
  facet normal 0 0 -1
    outer loop
      vertex 116.5 27.156249849184903 5.4
      vertex 115.75 33 5.4
      vertex 115.75 41 5.4
    endloop
  endfacet
  facet normal 1 0 0
    outer loop
      vertex 116.5 52.5 7.3
      vertex 116.5 27.156249849184903 7.3
      vertex 116.5 27.156249849184903 5.4
    endloop
  endfacet
  facet normal 0 0 -1
    outer loop
      vertex 77.15911099154688 27.310582854123027 5.4
      vertex 113.84088900845312 50.68941714587697 5.4
      vertex 99.5 41 5.4
    endloop
  endfacet
  facet normal 0 0 1
    outer loop
      vertex 97.9 37 7.4
      vertex 99.5 41 7.4
      vertex 97.9 41 7.4
    endloop
  endfacet
  facet normal 0 0 -1
    outer loop
      vertex 113.84088900845312 50.68941714587697 5.4
      vertex 76.73051371481047 27.952024008349483 5.4
      vertex 113.81026616635143 50.84336856933594 5.4
    endloop
  endfacet
  facet normal 0 0 -1
    outer loop
      vertex 76.6 28.039230484541328 5.4
      vertex 113.8 51 5.4
      vertex 113.81026616635143 50.84336856933594 5.4
    endloop
  endfacet
  facet normal 0 0 -1
    outer loop
      vertex 76.4592201188381 28.108655439013543 5.4
      vertex 113.81026616635143 51.15663143066406 5.4
      vertex 113.8 51 5.4
    endloop
  endfacet
  facet normal 0 0 -1
    outer loop
      vertex 76.31058285412303 28.159110991546882 5.4
      vertex 113.84088900845312 51.31058285412303 5.4
      vertex 113.81026616635143 51.15663143066406 5.4
    endloop
  endfacet
  facet normal 0 0 -1
    outer loop
      vertex 76.15663143066406 28.18973383364857 5.4
      vertex 113.89134456098645 51.45922011883811 5.4
      vertex 113.84088900845312 51.31058285412303 5.4
    endloop
  endfacet
  facet normal 0 0 -1
    outer loop
      vertex 76 28.2 5.4
      vertex 113.96076951545868 51.6 5.4
      vertex 113.89134456098645 51.45922011883811 5.4
    endloop
  endfacet
  facet normal 0 0 -1
    outer loop
      vertex 75.84336856933594 28.18973383364857 5.4
      vertex 114.04797599165052 51.73051371481046 5.4
      vertex 113.96076951545868 51.6 5.4
    endloop
  endfacet
  facet normal 0 0 -1
    outer loop
      vertex 75.68941714587697 28.159110991546882 5.4
      vertex 114.15147186257614 51.848528137423855 5.4
      vertex 114.04797599165052 51.73051371481046 5.4
    endloop
  endfacet
  facet normal 0 0 -1
    outer loop
      vertex 113.84088900845312 50.68941714587697 5.4
      vertex 102.5 41 5.4
      vertex 99.5 41 5.4
    endloop
  endfacet
  facet normal 0 0 1
    outer loop
      vertex 95.5 41 7.4
      vertex 97.9 41 7.4
      vertex 113.7 50.8 7.4
    endloop
  endfacet
  facet normal 0 0 1
    outer loop
      vertex 97.9 41 7.4
      vertex 99.5 41 7.4
      vertex 114 49.972851665634 7.4
    endloop
  endfacet
  facet normal 0 0 1
    outer loop
      vertex 114 49.972851665634 7.4
      vertex 99.5 41 7.4
      vertex 102.5 41 7.4
    endloop
  endfacet
  facet normal 0 0 1
    outer loop
      vertex 77 52.5 7.4
      vertex 95.5 41 7.4
      vertex 114 52.5 7.4
    endloop
  endfacet
  facet normal 0 0 -1
    outer loop
      vertex 74.5 52.5 5.4
      vertex 114.26948628518953 51.95202400834948 5.4
      vertex 114.15147186257614 51.848528137423855 5.4
    endloop
  endfacet
  facet normal 0 0 -1
    outer loop
      vertex 74.5 52.5 5.4
      vertex 114.4 52.03923048454133 5.4
      vertex 114.26948628518953 51.95202400834948 5.4
    endloop
  endfacet
  facet normal 0 0 -1
    outer loop
      vertex 74.5 52.5 5.4
      vertex 114.5407798811619 52.108655439013546 5.4
      vertex 114.4 52.03923048454133 5.4
    endloop
  endfacet
  facet normal 0 0 -1
    outer loop
      vertex 74.5 52.5 5.4
      vertex 114.68941714587697 52.15911099154688 5.4
      vertex 114.5407798811619 52.108655439013546 5.4
    endloop
  endfacet
  facet normal 0 0 -1
    outer loop
      vertex 74.5 52.5 5.4
      vertex 114.84336856933594 52.189733833648575 5.4
      vertex 114.68941714587697 52.15911099154688 5.4
    endloop
  endfacet
  facet normal 0 0 -1
    outer loop
      vertex 74.5 52.5 5.4
      vertex 115 52.2 5.4
      vertex 114.84336856933594 52.189733833648575 5.4
    endloop
  endfacet
  facet normal 0 0 -1
    outer loop
      vertex 74.5 52.5 5.4
      vertex 116.5 52.5 5.4
      vertex 115 52.2 5.4
    endloop
  endfacet
  facet normal 0 1 0
    outer loop
      vertex 74.5 52.5 7.4
      vertex 116.5 52.5 7.3
      vertex 116.5 52.5 5.4
    endloop
  endfacet
  facet normal 0 1 0
    outer loop
      vertex 77 52.5 7.4
      vertex 114 52.5 7.4
      vertex 116.5 52.5 7.3
    endloop
  endfacet
  facet normal 0 0 -1
    outer loop
      vertex 102.5 41 5.4
      vertex 113.89134456098645 50.54077988116189 5.4
      vertex 112.75 41 5.4
    endloop
  endfacet
  facet normal 0 0 1
    outer loop
      vertex 114 49.972851665634 7.4
      vertex 102.5 41 7.4
      vertex 112.75 41 7.4
    endloop
  endfacet
  facet normal 0 0 -1
    outer loop
      vertex 116.5 27.156249849184903 5.4
      vertex 115.75 41 5.4
      vertex 116.15911099154688 50.68941714587697 5.4
    endloop
  endfacet
  facet normal 0 0 -1
    outer loop
      vertex 112.75 41 5.4
      vertex 114.84336856933594 49.810266166351425 5.4
      vertex 115.75 41 5.4
    endloop
  endfacet
  facet normal 0 0 -1
    outer loop
      vertex 116.5 27.156249849184903 5.4
      vertex 116.15911099154688 50.68941714587697 5.4
      vertex 116.18973383364857 50.84336856933594 5.4
    endloop
  endfacet
  facet normal 0 0 -1
    outer loop
      vertex 116.5 27.156249849184903 5.4
      vertex 116.18973383364857 50.84336856933594 5.4
      vertex 116.2 51 5.4
    endloop
  endfacet
  facet normal 0 0 -1
    outer loop
      vertex 116.5 52.5 5.4
      vertex 116.5 27.156249849184903 5.4
      vertex 116.2 51 5.4
    endloop
  endfacet
  facet normal 1 0 0
    outer loop
      vertex 116.5 52.5 5.4
      vertex 116.5 52.5 7.3
      vertex 116.5 27.156249849184903 5.4
    endloop
  endfacet
  facet normal 0 0 1
    outer loop
      vertex 114 49.972851665634 7.4
      vertex 112.75 41 7.4
      vertex 114 41 7.4
    endloop
  endfacet
  facet normal 0 0 -1
    outer loop
      vertex 102.5 41 5.4
      vertex 113.84088900845312 50.68941714587697 5.4
      vertex 113.89134456098645 50.54077988116189 5.4
    endloop
  endfacet
  facet normal 0 0 1
    outer loop
      vertex 97.9 41 7.4
      vertex 114 49.972851665634 7.4
      vertex 113.96864065762139 50.00861014228866 7.4
    endloop
  endfacet
  facet normal 0 0 1
    outer loop
      vertex 97.9 41 7.4
      vertex 113.96864065762139 50.00861014228866 7.4
      vertex 113.87416697508023 50.15 7.4
    endloop
  endfacet
  facet normal 0 0 1
    outer loop
      vertex 97.9 41 7.4
      vertex 113.87416697508023 50.15 7.4
      vertex 113.79895660773532 50.30251153792538 7.4
    endloop
  endfacet
  facet normal 0 0 1
    outer loop
      vertex 97.9 41 7.4
      vertex 113.74429642582422 50.46353524136672 7.4
      vertex 113.71112168021405 50.63031595011393 7.4
    endloop
  endfacet
  facet normal 0 0 1
    outer loop
      vertex 97.9 41 7.4
      vertex 113.79895660773532 50.30251153792538 7.4
      vertex 113.74429642582422 50.46353524136672 7.4
    endloop
  endfacet
  facet normal 0 0 1
    outer loop
      vertex 95.5 41 7.4
      vertex 113.7 50.8 7.4
      vertex 113.71112168021405 50.96968404988606 7.4
    endloop
  endfacet
  facet normal 0 0 1
    outer loop
      vertex 95.5 41 7.4
      vertex 113.71112168021405 50.96968404988606 7.4
      vertex 113.74429642582422 51.136464758633274 7.4
    endloop
  endfacet
  facet normal 0 0 1
    outer loop
      vertex 95.5 41 7.4
      vertex 113.74429642582422 51.136464758633274 7.4
      vertex 113.79895660773532 51.29748846207461 7.4
    endloop
  endfacet
  facet normal 0 0 1
    outer loop
      vertex 95.5 41 7.4
      vertex 113.79895660773532 51.29748846207461 7.4
      vertex 113.87416697508023 51.449999999999996 7.4
    endloop
  endfacet
  facet normal 0 0 1
    outer loop
      vertex 95.5 41 7.4
      vertex 113.87416697508023 51.449999999999996 7.4
      vertex 113.9223840049806 51.5221618848075 7.4
    endloop
  endfacet
  facet normal 0 0 1
    outer loop
      vertex 95.5 41 7.4
      vertex 113.9223840049806 51.5221618848075 7.4
      vertex 113.96076951545868 51.6 7.4
    endloop
  endfacet
  facet normal 0 0 1
    outer loop
      vertex 95.5 41 7.4
      vertex 113.96076951545868 51.6 7.4
      vertex 114 51.658712569236705 7.4
    endloop
  endfacet
  facet normal 0 0 1
    outer loop
      vertex 97.9 41 7.4
      vertex 113.71112168021405 50.63031595011393 7.4
      vertex 113.7 50.8 7.4
    endloop
  endfacet
  facet normal 0 0 1
    outer loop
      vertex 95.5 41 7.4
      vertex 114 51.658712569236705 7.4
      vertex 114 52.5 7.4
    endloop
  endfacet
  facet normal 0 0 -1
    outer loop
      vertex 112.75 41 5.4
      vertex 114.26948628518953 50.04797599165052 5.4
      vertex 114.4 49.96076951545867 5.4
    endloop
  endfacet
  facet normal 0 0 -1
    outer loop
      vertex 112.75 41 5.4
      vertex 113.89134456098645 50.54077988116189 5.4
      vertex 113.96076951545868 50.4 5.4
    endloop
  endfacet
  facet normal 0 0 -1
    outer loop
      vertex 112.75 41 5.4
      vertex 113.96076951545868 50.4 5.4
      vertex 114.04797599165052 50.26948628518954 5.4
    endloop
  endfacet
  facet normal 0 0 -1
    outer loop
      vertex 112.75 41 5.4
      vertex 114.04797599165052 50.26948628518954 5.4
      vertex 114.15147186257614 50.151471862576145 5.4
    endloop
  endfacet
  facet normal 0 0 -1
    outer loop
      vertex 112.75 41 5.4
      vertex 114.15147186257614 50.151471862576145 5.4
      vertex 114.26948628518953 50.04797599165052 5.4
    endloop
  endfacet
  facet normal 0 0 -1
    outer loop
      vertex 112.75 41 5.4
      vertex 114.4 49.96076951545867 5.4
      vertex 114.5407798811619 49.891344560986454 5.4
    endloop
  endfacet
  facet normal 0 0 -1
    outer loop
      vertex 112.75 41 5.4
      vertex 114.5407798811619 49.891344560986454 5.4
      vertex 114.68941714587697 49.84088900845312 5.4
    endloop
  endfacet
  facet normal 0 0 -1
    outer loop
      vertex 112.75 41 5.4
      vertex 114.68941714587697 49.84088900845312 5.4
      vertex 114.84336856933594 49.810266166351425 5.4
    endloop
  endfacet
  facet normal 0 0 -1
    outer loop
      vertex 115.75 41 5.4
      vertex 114.84336856933594 49.810266166351425 5.4
      vertex 115 49.8 5.4
    endloop
  endfacet
  facet normal 0 0 -1
    outer loop
      vertex 115.75 41 5.4
      vertex 115 49.8 5.4
      vertex 115.15663143066406 49.810266166351425 5.4
    endloop
  endfacet
  facet normal 0 0 -1
    outer loop
      vertex 115.75 41 5.4
      vertex 115.15663143066406 49.810266166351425 5.4
      vertex 115.31058285412303 49.84088900845312 5.4
    endloop
  endfacet
  facet normal 0 0 -1
    outer loop
      vertex 115.75 41 5.4
      vertex 115.31058285412303 49.84088900845312 5.4
      vertex 115.4592201188381 49.891344560986454 5.4
    endloop
  endfacet
  facet normal 0 0 -1
    outer loop
      vertex 115.75 41 5.4
      vertex 115.4592201188381 49.891344560986454 5.4
      vertex 115.6 49.96076951545867 5.4
    endloop
  endfacet
  facet normal 0 0 -1
    outer loop
      vertex 115.75 41 5.4
      vertex 115.6 49.96076951545867 5.4
      vertex 115.73051371481047 50.04797599165052 5.4
    endloop
  endfacet
  facet normal 0 0 -1
    outer loop
      vertex 115.75 41 5.4
      vertex 115.73051371481047 50.04797599165052 5.4
      vertex 115.84852813742386 50.151471862576145 5.4
    endloop
  endfacet
  facet normal 0 0 -1
    outer loop
      vertex 115.75 41 5.4
      vertex 115.84852813742386 50.151471862576145 5.4
      vertex 115.95202400834948 50.26948628518954 5.4
    endloop
  endfacet
  facet normal 0 0 -1
    outer loop
      vertex 115.75 41 5.4
      vertex 115.95202400834948 50.26948628518954 5.4
      vertex 116.03923048454132 50.4 5.4
    endloop
  endfacet
  facet normal 0 0 -1
    outer loop
      vertex 115.75 41 5.4
      vertex 116.03923048454132 50.4 5.4
      vertex 116.10865543901355 50.54077988116189 5.4
    endloop
  endfacet
  facet normal 0 0 -1
    outer loop
      vertex 115.75 41 5.4
      vertex 116.10865543901355 50.54077988116189 5.4
      vertex 116.15911099154688 50.68941714587697 5.4
    endloop
  endfacet
  facet normal 0 0 -1
    outer loop
      vertex 116.5 52.5 5.4
      vertex 116.2 51 5.4
      vertex 116.18973383364857 51.15663143066406 5.4
    endloop
  endfacet
  facet normal 0 0 -1
    outer loop
      vertex 116.5 52.5 5.4
      vertex 116.18973383364857 51.15663143066406 5.4
      vertex 116.15911099154688 51.31058285412303 5.4
    endloop
  endfacet
  facet normal 0 0 -1
    outer loop
      vertex 116.5 52.5 5.4
      vertex 115.31058285412303 52.15911099154688 5.4
      vertex 115.15663143066406 52.189733833648575 5.4
    endloop
  endfacet
  facet normal 0 0 -1
    outer loop
      vertex 116.5 52.5 5.4
      vertex 115.4592201188381 52.108655439013546 5.4
      vertex 115.31058285412303 52.15911099154688 5.4
    endloop
  endfacet
  facet normal 0 0 -1
    outer loop
      vertex 116.5 52.5 5.4
      vertex 115.15663143066406 52.189733833648575 5.4
      vertex 115 52.2 5.4
    endloop
  endfacet
  facet normal 0 0 -1
    outer loop
      vertex 116.5 52.5 5.4
      vertex 116.03923048454132 51.6 5.4
      vertex 115.95202400834948 51.73051371481046 5.4
    endloop
  endfacet
  facet normal 0 0 -1
    outer loop
      vertex 116.5 52.5 5.4
      vertex 115.95202400834948 51.73051371481046 5.4
      vertex 115.84852813742386 51.848528137423855 5.4
    endloop
  endfacet
  facet normal 0 0 -1
    outer loop
      vertex 116.5 52.5 5.4
      vertex 116.15911099154688 51.31058285412303 5.4
      vertex 116.10865543901355 51.45922011883811 5.4
    endloop
  endfacet
  facet normal 0 0 -1
    outer loop
      vertex 116.5 52.5 5.4
      vertex 116.10865543901355 51.45922011883811 5.4
      vertex 116.03923048454132 51.6 5.4
    endloop
  endfacet
  facet normal 0 0 -1
    outer loop
      vertex 116.5 52.5 5.4
      vertex 115.73051371481047 51.95202400834948 5.4
      vertex 115.6 52.03923048454133 5.4
    endloop
  endfacet
  facet normal 0 0 -1
    outer loop
      vertex 116.5 52.5 5.4
      vertex 115.6 52.03923048454133 5.4
      vertex 115.4592201188381 52.108655439013546 5.4
    endloop
  endfacet
  facet normal 0 0 -1
    outer loop
      vertex 116.5 52.5 5.4
      vertex 115.84852813742386 51.848528137423855 5.4
      vertex 115.73051371481047 51.95202400834948 5.4
    endloop
  endfacet
  facet normal 0 1 0
    outer loop
      vertex 114 52.5 7.4
      vertex 116.5 52.5 7.4
      vertex 116.5 52.5 7.3
    endloop
  endfacet
  facet normal 0 -1 0
    outer loop
      vertex 74.5 25.5 7.4
      vertex 77 25.5 7.4
      vertex 74.5 25.5 8
    endloop
  endfacet
  facet normal 1 0 0
    outer loop
      vertex 77 25.5 7.4
      vertex 77 26.341287430763295 7.4
      vertex 77 26.341287430763295 8
    endloop
  endfacet
  facet normal 0 0 1
    outer loop
      vertex 74.5 25.5 8
      vertex 75.26948628518953 26.047975991650517 8
      vertex 75.15147186257614 26.151471862576145 8
    endloop
  endfacet
  facet normal 0 0 1
    outer loop
      vertex 74.5 25.5 8
      vertex 75.5407798811619 25.891344560986457 8
      vertex 75.4 25.960769515458672 8
    endloop
  endfacet
  facet normal 0 0 1
    outer loop
      vertex 74.5 25.5 8
      vertex 75.4 25.960769515458672 8
      vertex 75.26948628518953 26.047975991650517 8
    endloop
  endfacet
  facet normal 0 0 1
    outer loop
      vertex 74.5 25.5 8
      vertex 74.96076951545868 26.4 8
      vertex 74.89134456098645 26.540779881161892 8
    endloop
  endfacet
  facet normal 0 0 1
    outer loop
      vertex 74.5 25.5 8
      vertex 74.89134456098645 26.540779881161892 8
      vertex 74.84088900845312 26.689417145876973 8
    endloop
  endfacet
  facet normal 0 0 1
    outer loop
      vertex 74.5 25.5 8
      vertex 75.15147186257614 26.151471862576145 8
      vertex 75.04797599165052 26.269486285189537 8
    endloop
  endfacet
  facet normal 0 0 1
    outer loop
      vertex 74.5 25.5 8
      vertex 75.04797599165052 26.269486285189537 8
      vertex 74.96076951545868 26.4 8
    endloop
  endfacet
  facet normal 0 0 1
    outer loop
      vertex 74.5 25.5 8
      vertex 76 25.8 8
      vertex 75.84336856933594 25.81026616635143 8
    endloop
  endfacet
  facet normal 0 0 1
    outer loop
      vertex 74.5 25.5 8
      vertex 75.68941714587697 25.840889008453118 8
      vertex 75.5407798811619 25.891344560986457 8
    endloop
  endfacet
  facet normal 0 0 1
    outer loop
      vertex 74.5 25.5 8
      vertex 75.84336856933594 25.81026616635143 8
      vertex 75.68941714587697 25.840889008453118 8
    endloop
  endfacet
  facet normal 0 0 1
    outer loop
      vertex 74.5 25.5 8
      vertex 76.15663143066406 25.81026616635143 8
      vertex 76 25.8 8
    endloop
  endfacet
  facet normal 0 0 1
    outer loop
      vertex 74.5 25.5 8
      vertex 74.84088900845312 26.689417145876973 8
      vertex 74.81026616635143 26.843368569335937 8
    endloop
  endfacet
  facet normal 0 0 1
    outer loop
      vertex 74.5 25.5 8
      vertex 74.81026616635143 26.843368569335937 8
      vertex 74.8 27 8
    endloop
  endfacet
  facet normal 0 -1 0
    outer loop
      vertex 77 25.5 7.4
      vertex 77 25.5 8
      vertex 74.5 25.5 8
    endloop
  endfacet
  facet normal 0 0 1
    outer loop
      vertex 74.5 25.5 8
      vertex 77 25.5 8
      vertex 76.15663143066406 25.81026616635143 8
    endloop
  endfacet
  facet normal 1 0 0
    outer loop
      vertex 77 25.5 7.4
      vertex 77 26.341287430763295 8
      vertex 77 25.5 8
    endloop
  endfacet
  facet normal 0 0 1
    outer loop
      vertex 77 25.5 8
      vertex 76.31058285412303 25.840889008453118 8
      vertex 76.15663143066406 25.81026616635143 8
    endloop
  endfacet
  facet normal 0 0 1
    outer loop
      vertex 77 25.5 8
      vertex 76.4592201188381 25.891344560986457 8
      vertex 76.31058285412303 25.840889008453118 8
    endloop
  endfacet
  facet normal 0 0 1
    outer loop
      vertex 77 25.5 8
      vertex 76.6 25.960769515458672 8
      vertex 76.4592201188381 25.891344560986457 8
    endloop
  endfacet
  facet normal 0 0 1
    outer loop
      vertex 77 25.5 8
      vertex 76.73051371481047 26.047975991650517 8
      vertex 76.6 25.960769515458672 8
    endloop
  endfacet
  facet normal 0 0 1
    outer loop
      vertex 77 25.5 8
      vertex 76.84852813742386 26.151471862576145 8
      vertex 76.73051371481047 26.047975991650517 8
    endloop
  endfacet
  facet normal 0 0 1
    outer loop
      vertex 77 25.5 8
      vertex 76.95202400834948 26.269486285189537 8
      vertex 76.84852813742386 26.151471862576145 8
    endloop
  endfacet
  facet normal 0 0 1
    outer loop
      vertex 77 25.5 8
      vertex 77 26.341287430763295 8
      vertex 76.95202400834948 26.269486285189537 8
    endloop
  endfacet
  facet normal 0 0 1
    outer loop
      vertex 74.5 25.5 8
      vertex 74.8 27 8
      vertex 75 37 8
    endloop
  endfacet
  facet normal 0 0 1
    outer loop
      vertex 75 37 8
      vertex 74.8 27 8
      vertex 74.81026616635143 27.156631430664063 8
    endloop
  endfacet
  facet normal 0 0 1
    outer loop
      vertex 75 37 8
      vertex 74.81026616635143 27.156631430664063 8
      vertex 74.84088900845312 27.310582854123027 8
    endloop
  endfacet
  facet normal 0 0 1
    outer loop
      vertex 75 37 8
      vertex 74.84088900845312 27.310582854123027 8
      vertex 74.89134456098645 27.459220118838108 8
    endloop
  endfacet
  facet normal 0 0 1
    outer loop
      vertex 75 37 8
      vertex 74.89134456098645 27.459220118838108 8
      vertex 74.96076951545868 27.6 8
    endloop
  endfacet
  facet normal 0 0 1
    outer loop
      vertex 75 37 8
      vertex 74.96076951545868 27.6 8
      vertex 75.04797599165052 27.730513714810463 8
    endloop
  endfacet
  facet normal 0 0 1
    outer loop
      vertex 75 37 8
      vertex 75.04797599165052 27.730513714810463 8
      vertex 75.15147186257614 27.848528137423855 8
    endloop
  endfacet
  facet normal 0 0 1
    outer loop
      vertex 75 37 8
      vertex 75.15147186257614 27.848528137423855 8
      vertex 75.26948628518953 27.952024008349483 8
    endloop
  endfacet
  facet normal 0 0 1
    outer loop
      vertex 75 37 8
      vertex 75.26948628518953 27.952024008349483 8
      vertex 75.4 28.039230484541328 8
    endloop
  endfacet
  facet normal 0 0 1
    outer loop
      vertex 75 37 8
      vertex 75.4 28.039230484541328 8
      vertex 75.5407798811619 28.108655439013543 8
    endloop
  endfacet
  facet normal 0 0 1
    outer loop
      vertex 75 37 8
      vertex 75.5407798811619 28.108655439013543 8
      vertex 75.68941714587697 28.159110991546882 8
    endloop
  endfacet
  facet normal 0 0 1
    outer loop
      vertex 75 37 8
      vertex 75.68941714587697 28.159110991546882 8
      vertex 75.84336856933594 28.18973383364857 8
    endloop
  endfacet
  facet normal 0 0 1
    outer loop
      vertex 75 37 8
      vertex 75.84336856933594 28.18973383364857 8
      vertex 76 28.2 8
    endloop
  endfacet
  facet normal 0 0 1
    outer loop
      vertex 75 37 8
      vertex 76 28.2 8
      vertex 76.15663143066406 28.18973383364857 8
    endloop
  endfacet
  facet normal 0 0 1
    outer loop
      vertex 75 37 8
      vertex 76.31058285412303 28.159110991546882 8
      vertex 76.4592201188381 28.108655439013543 8
    endloop
  endfacet
  facet normal 0 0 1
    outer loop
      vertex 75 37 8
      vertex 76.15663143066406 28.18973383364857 8
      vertex 76.31058285412303 28.159110991546882 8
    endloop
  endfacet
  facet normal 0 0 1
    outer loop
      vertex 75 37 8
      vertex 76.4592201188381 28.108655439013543 8
      vertex 76.6 28.039230484541328 8
    endloop
  endfacet
  facet normal 1 0 0
    outer loop
      vertex 77 37 8
      vertex 77 27.658712569236705 8
      vertex 77 27.658712569236705 7.4
    endloop
  endfacet
  facet normal 0 0 1
    outer loop
      vertex 77 37 8
      vertex 76.84852813742386 27.848528137423855 8
      vertex 76.95202400834948 27.730513714810463 8
    endloop
  endfacet
  facet normal 0 0 1
    outer loop
      vertex 77 37 8
      vertex 76.73051371481047 27.952024008349483 8
      vertex 76.84852813742386 27.848528137423855 8
    endloop
  endfacet
  facet normal 0 0 1
    outer loop
      vertex 77 37 8
      vertex 76.95202400834948 27.730513714810463 8
      vertex 77 27.658712569236705 8
    endloop
  endfacet
  facet normal 0 0 1
    outer loop
      vertex 77 37 8
      vertex 76.6 28.039230484541328 8
      vertex 76.73051371481047 27.952024008349483 8
    endloop
  endfacet
  facet normal 1 0 0
    outer loop
      vertex 77 37 7.4
      vertex 77 37 8
      vertex 77 27.658712569236705 7.4
    endloop
  endfacet
  facet normal -1 0 0
    outer loop
      vertex 74.5 25.5 7.4
      vertex 74.5 25.5 8
      vertex 74.5 52.5 8
    endloop
  endfacet
  facet normal 0 0 1
    outer loop
      vertex 74.5 25.5 8
      vertex 75 37 8
      vertex 75 41 8
    endloop
  endfacet
  facet normal 0 0 1
    outer loop
      vertex 75 37 8
      vertex 76.6 28.039230484541328 8
      vertex 77 37 8
    endloop
  endfacet
  facet normal 0 0 1
    outer loop
      vertex 74.5 25.5 8
      vertex 75 41 8
      vertex 74.5 52.5 8
    endloop
  endfacet
  facet normal -1 0 0
    outer loop
      vertex 74.5 25.5 7.4
      vertex 74.5 52.5 8
      vertex 74.5 52.5 7.4
    endloop
  endfacet
  facet normal 1 0 0
    outer loop
      vertex 77 41 7.4
      vertex 77 52.5 7.4
      vertex 77 41 8
    endloop
  endfacet
  facet normal 0 0 1
    outer loop
      vertex 75 41 8
      vertex 77 41 8
      vertex 74.5 52.5 8
    endloop
  endfacet
  facet normal 0 0 1
    outer loop
      vertex 77 41 8
      vertex 77 52.5 8
      vertex 74.5 52.5 8
    endloop
  endfacet
  facet normal 1 0 0
    outer loop
      vertex 77 41 8
      vertex 77 52.5 7.4
      vertex 77 52.5 8
    endloop
  endfacet
  facet normal 0 1 0
    outer loop
      vertex 74.5 52.5 7.4
      vertex 77 52.5 8
      vertex 77 52.5 7.4
    endloop
  endfacet
  facet normal 0 1 0
    outer loop
      vertex 74.5 52.5 7.4
      vertex 74.5 52.5 8
      vertex 77 52.5 8
    endloop
  endfacet
  facet normal 0 -1 0
    outer loop
      vertex 114 25.5 7.4
      vertex 114.17940416528667 25.5 7.4
      vertex 114.17940416528667 25.5 8
    endloop
  endfacet
  facet normal 0 -1 0
    outer loop
      vertex 114 25.5 7.4
      vertex 114.17940416528667 25.5 8
      vertex 114 25.5 8
    endloop
  endfacet
  facet normal 0 0 1
    outer loop
      vertex 114 25.5 8
      vertex 114.17940416528667 25.5 8
      vertex 114.2287187078898 25.6 8
    endloop
  endfacet
  facet normal -1 0 0
    outer loop
      vertex 114 25.5 7.4
      vertex 114 25.5 8
      vertex 114 33 7.4
    endloop
  endfacet
  facet normal 0 0 1
    outer loop
      vertex 114 25.5 8
      vertex 114.2287187078898 25.6 8
      vertex 114 33 8
    endloop
  endfacet
  facet normal 0 0 1
    outer loop
      vertex 114 33 8
      vertex 114.2287187078898 25.6 8
      vertex 114.46126931106805 25.948036572827906 8
    endloop
  endfacet
  facet normal 0 0 1
    outer loop
      vertex 114 33 8
      vertex 114.46126931106805 25.948036572827906 8
      vertex 114.73725830020305 26.26274169979695 8
    endloop
  endfacet
  facet normal 0 0 1
    outer loop
      vertex 114 33 8
      vertex 114.73725830020305 26.26274169979695 8
      vertex 115.0519634271721 26.538730688931953 8
    endloop
  endfacet
  facet normal 0 0 1
    outer loop
      vertex 114 33 8
      vertex 115.0519634271721 26.538730688931953 8
      vertex 115.4 26.771281292110203 8
    endloop
  endfacet
  facet normal 0 0 1
    outer loop
      vertex 114 33 8
      vertex 115.4 26.771281292110203 8
      vertex 115.77541301643171 26.95641450403612 8
    endloop
  endfacet
  facet normal -1 0 0
    outer loop
      vertex 114 25.5 8
      vertex 114 33 8
      vertex 114 33 7.4
    endloop
  endfacet
  facet normal 0 0 1
    outer loop
      vertex 114 33 8
      vertex 115.77541301643171 26.95641450403612 8
      vertex 116.17177905567193 27.090962644125018 8
    endloop
  endfacet
  facet normal 0 0 1
    outer loop
      vertex 116.17177905567193 27.090962644125018 8
      vertex 116.5 27.156249849184903 8
      vertex 114 33 8
    endloop
  endfacet
  facet normal 0 0 1
    outer loop
      vertex 116.5 27.156249849184903 8
      vertex 115.75 33 8
      vertex 114 33 8
    endloop
  endfacet
  facet normal 0 0 1
    outer loop
      vertex 115.75 33 8
      vertex 116.5 27.156249849184903 8
      vertex 115.75 41 8
    endloop
  endfacet
  facet normal 1 0 0
    outer loop
      vertex 116.5 52.5 8
      vertex 116.5 27.156249849184903 8
      vertex 116.5 27.156249849184903 7.3
    endloop
  endfacet
  facet normal 0 0 1
    outer loop
      vertex 115.49748846207461 49.598956607735325 8
      vertex 115.75 41 8
      vertex 116.5 27.156249849184903 8
    endloop
  endfacet
  facet normal 0 0 1
    outer loop
      vertex 115.49748846207461 49.598956607735325 8
      vertex 116.5 27.156249849184903 8
      vertex 115.65 49.674166975080226 8
    endloop
  endfacet
  facet normal 0 0 1
    outer loop
      vertex 115.65 49.674166975080226 8
      vertex 116.5 27.156249849184903 8
      vertex 115.79138985771134 49.76864065762139 8
    endloop
  endfacet
  facet normal 0 0 1
    outer loop
      vertex 115.79138985771134 49.76864065762139 8
      vertex 116.5 27.156249849184903 8
      vertex 115.91923881554251 49.880761184457484 8
    endloop
  endfacet
  facet normal 0 0 1
    outer loop
      vertex 115.91923881554251 49.880761184457484 8
      vertex 116.5 27.156249849184903 8
      vertex 116.03135934237861 50.00861014228866 8
    endloop
  endfacet
  facet normal -1 0 0
    outer loop
      vertex 114 49.972851665634 7.4
      vertex 114 41 7.4
      vertex 114 41 8
    endloop
  endfacet
  facet normal 1 0 0
    outer loop
      vertex 116.5 52.5 7.3
      vertex 116.5 52.5 7.4
      vertex 116.5 27.156249849184903 7.3
    endloop
  endfacet
  facet normal 1 0 0
    outer loop
      vertex 116.5 52.5 7.4
      vertex 116.5 52.5 8
      vertex 116.5 27.156249849184903 7.3
    endloop
  endfacet
  facet normal 0 0 1
    outer loop
      vertex 114.08076118445749 49.880761184457484 8
      vertex 114 41 8
      vertex 115.75 41 8
    endloop
  endfacet
  facet normal 0 0 1
    outer loop
      vertex 116.03135934237861 50.00861014228866 8
      vertex 116.5 27.156249849184903 8
      vertex 116.12583302491977 50.15 8
    endloop
  endfacet
  facet normal 0 0 1
    outer loop
      vertex 116.12583302491977 50.15 8
      vertex 116.5 27.156249849184903 8
      vertex 116.20104339226468 50.30251153792538 8
    endloop
  endfacet
  facet normal 0 0 1
    outer loop
      vertex 116.20104339226468 50.30251153792538 8
      vertex 116.5 27.156249849184903 8
      vertex 116.25570357417578 50.46353524136672 8
    endloop
  endfacet
  facet normal 0 0 1
    outer loop
      vertex 116.25570357417578 50.46353524136672 8
      vertex 116.5 27.156249849184903 8
      vertex 116.28887831978595 50.63031595011393 8
    endloop
  endfacet
  facet normal 0 0 1
    outer loop
      vertex 116.28887831978595 50.63031595011393 8
      vertex 116.5 27.156249849184903 8
      vertex 116.5 52.5 8
    endloop
  endfacet
  facet normal -1 0 0
    outer loop
      vertex 114 49.972851665634 7.4
      vertex 114 41 8
      vertex 114 49.972851665634 8
    endloop
  endfacet
  facet normal 0 0 1
    outer loop
      vertex 114.08076118445749 49.880761184457484 8
      vertex 114 49.972851665634 8
      vertex 114 41 8
    endloop
  endfacet
  facet normal 0 0 1
    outer loop
      vertex 114.08076118445749 49.880761184457484 8
      vertex 115.75 41 8
      vertex 114.20861014228866 49.76864065762139 8
    endloop
  endfacet
  facet normal 0 0 1
    outer loop
      vertex 114.35 49.674166975080226 8
      vertex 114.20861014228866 49.76864065762139 8
      vertex 115.75 41 8
    endloop
  endfacet
  facet normal 0 0 1
    outer loop
      vertex 114.35 49.674166975080226 8
      vertex 115.75 41 8
      vertex 114.50251153792539 49.598956607735325 8
    endloop
  endfacet
  facet normal 0 0 1
    outer loop
      vertex 114.50251153792539 49.598956607735325 8
      vertex 115.75 41 8
      vertex 114.66353524136672 49.54429642582421 8
    endloop
  endfacet
  facet normal 0 0 1
    outer loop
      vertex 114.66353524136672 49.54429642582421 8
      vertex 115.75 41 8
      vertex 114.83031595011393 49.511121680214046 8
    endloop
  endfacet
  facet normal 0 0 1
    outer loop
      vertex 114.83031595011393 49.511121680214046 8
      vertex 115.75 41 8
      vertex 115 49.5 8
    endloop
  endfacet
  facet normal 0 0 1
    outer loop
      vertex 115 49.5 8
      vertex 115.75 41 8
      vertex 115.16968404988607 49.511121680214046 8
    endloop
  endfacet
  facet normal 0 0 1
    outer loop
      vertex 115.16968404988607 49.511121680214046 8
      vertex 115.75 41 8
      vertex 115.33646475863328 49.54429642582421 8
    endloop
  endfacet
  facet normal 0 0 1
    outer loop
      vertex 115.33646475863328 49.54429642582421 8
      vertex 115.75 41 8
      vertex 115.49748846207461 49.598956607735325 8
    endloop
  endfacet
  facet normal -1 0 0
    outer loop
      vertex 114 52.5 7.4
      vertex 114 51.658712569236705 7.4
      vertex 114 51.658712569236705 8
    endloop
  endfacet
  facet normal 0 1 0
    outer loop
      vertex 114 52.5 7.4
      vertex 116.5 52.5 8
      vertex 116.5 52.5 7.4
    endloop
  endfacet
  facet normal 0 0 1
    outer loop
      vertex 114 52.5 8
      vertex 114 51.658712569236705 8
      vertex 114.04797599165052 51.73051371481046 8
    endloop
  endfacet
  facet normal 0 0 1
    outer loop
      vertex 114 52.5 8
      vertex 114.04797599165052 51.73051371481046 8
      vertex 114.15147186257614 51.848528137423855 8
    endloop
  endfacet
  facet normal -1 0 0
    outer loop
      vertex 114 52.5 7.4
      vertex 114 51.658712569236705 8
      vertex 114 52.5 8
    endloop
  endfacet
  facet normal 0 0 1
    outer loop
      vertex 114 52.5 8
      vertex 114.15147186257614 51.848528137423855 8
      vertex 114.26948628518953 51.95202400834948 8
    endloop
  endfacet
  facet normal 0 0 1
    outer loop
      vertex 114 52.5 8
      vertex 114.26948628518953 51.95202400834948 8
      vertex 114.4 52.03923048454133 8
    endloop
  endfacet
  facet normal 0 0 1
    outer loop
      vertex 114 52.5 8
      vertex 114.4 52.03923048454133 8
      vertex 114.5407798811619 52.108655439013546 8
    endloop
  endfacet
  facet normal 0 0 1
    outer loop
      vertex 114 52.5 8
      vertex 114.5407798811619 52.108655439013546 8
      vertex 114.68941714587697 52.15911099154688 8
    endloop
  endfacet
  facet normal 0 0 1
    outer loop
      vertex 114 52.5 8
      vertex 114.68941714587697 52.15911099154688 8
      vertex 114.84336856933594 52.189733833648575 8
    endloop
  endfacet
  facet normal 0 1 0
    outer loop
      vertex 114 52.5 7.4
      vertex 114 52.5 8
      vertex 116.5 52.5 8
    endloop
  endfacet
  facet normal 0 0 1
    outer loop
      vertex 114 52.5 8
      vertex 114.84336856933594 52.189733833648575 8
      vertex 116.5 52.5 8
    endloop
  endfacet
  facet normal 0 0 1
    outer loop
      vertex 116.28887831978595 50.63031595011393 8
      vertex 116.5 52.5 8
      vertex 116.3 50.8 8
    endloop
  endfacet
  facet normal 0 0 1
    outer loop
      vertex 116.3 50.8 8
      vertex 116.5 52.5 8
      vertex 116.28887831978595 50.96968404988606 8
    endloop
  endfacet
  facet normal 0 0 1
    outer loop
      vertex 116.25570357417578 51.136464758633274 8
      vertex 116.5 52.5 8
      vertex 116.20104339226468 51.29748846207461 8
    endloop
  endfacet
  facet normal 0 0 1
    outer loop
      vertex 116.28887831978595 50.96968404988606 8
      vertex 116.5 52.5 8
      vertex 116.25570357417578 51.136464758633274 8
    endloop
  endfacet
  facet normal 0 0 1
    outer loop
      vertex 116.5 52.5 8
      vertex 114.84336856933594 52.189733833648575 8
      vertex 115 52.2 8
    endloop
  endfacet
  facet normal 0 0 1
    outer loop
      vertex 116.5 52.5 8
      vertex 115.15663143066406 52.189733833648575 8
      vertex 115.31058285412303 52.15911099154688 8
    endloop
  endfacet
  facet normal 0 0 1
    outer loop
      vertex 116.5 52.5 8
      vertex 115.31058285412303 52.15911099154688 8
      vertex 115.4592201188381 52.108655439013546 8
    endloop
  endfacet
  facet normal 0 0 1
    outer loop
      vertex 116.5 52.5 8
      vertex 115 52.2 8
      vertex 115.15663143066406 52.189733833648575 8
    endloop
  endfacet
  facet normal 0 0 1
    outer loop
      vertex 116.5 52.5 8
      vertex 115.95202400834948 51.73051371481046 8
      vertex 116.03923048454132 51.6 8
    endloop
  endfacet
  facet normal 0 0 1
    outer loop
      vertex 116.5 52.5 8
      vertex 115.84852813742386 51.848528137423855 8
      vertex 115.95202400834948 51.73051371481046 8
    endloop
  endfacet
  facet normal 0 0 1
    outer loop
      vertex 116.12583302491977 51.449999999999996 8
      vertex 116.20104339226468 51.29748846207461 8
      vertex 116.5 52.5 8
    endloop
  endfacet
  facet normal 0 0 1
    outer loop
      vertex 116.12583302491977 51.449999999999996 8
      vertex 116.5 52.5 8
      vertex 116.0776159950194 51.5221618848075 8
    endloop
  endfacet
  facet normal 0 0 1
    outer loop
      vertex 116.5 52.5 8
      vertex 116.03923048454132 51.6 8
      vertex 116.0776159950194 51.5221618848075 8
    endloop
  endfacet
  facet normal 0 0 1
    outer loop
      vertex 116.5 52.5 8
      vertex 115.6 52.03923048454133 8
      vertex 115.73051371481047 51.95202400834948 8
    endloop
  endfacet
  facet normal 0 0 1
    outer loop
      vertex 116.5 52.5 8
      vertex 115.4592201188381 52.108655439013546 8
      vertex 115.6 52.03923048454133 8
    endloop
  endfacet
  facet normal 0 0 1
    outer loop
      vertex 116.5 52.5 8
      vertex 115.73051371481047 51.95202400834948 8
      vertex 115.84852813742386 51.848528137423855 8
    endloop
  endfacet
  facet normal -0.8968727415326709 0.44228869021903655 0
    outer loop
      vertex 77.03923048454132 26.4 7.4
      vertex 77.10865543901355 26.540779881161892 5.4
      vertex 77.03923048454132 26.4 5.4
    endloop
  endfacet
  facet normal 0.7518398074789696 0.6593458151000775 0
    outer loop
      vertex 75.04797599165052 26.269486285189537 8
      vertex 75.15147186257614 26.151471862576145 5.4
      vertex 75.04797599165052 26.269486285189537 5.4
    endloop
  endfacet
  facet normal 0.32143946530318135 0.9469301294950989 0
    outer loop
      vertex 75.5407798811619 25.891344560986457 8
      vertex 75.68941714587697 25.840889008453118 5.4
      vertex 75.5407798811619 25.891344560986457 5.4
    endloop
  endfacet
  facet normal 0.1950903220161184 0.9807852804032324 0
    outer loop
      vertex 75.68941714587697 25.840889008453118 8
      vertex 75.84336856933594 25.81026616635143 5.4
      vertex 75.68941714587697 25.840889008453118 5.4
    endloop
  endfacet
  facet normal 0.5555702330195729 0.8314696123025649 0
    outer loop
      vertex 75.26948628518953 26.047975991650517 8
      vertex 75.4 25.960769515458672 5.4
      vertex 75.26948628518953 26.047975991650517 5.4
    endloop
  endfacet
  facet normal 0.6593458151001002 0.7518398074789501 0
    outer loop
      vertex 75.15147186257614 26.151471862576145 8
      vertex 75.26948628518953 26.047975991650517 5.4
      vertex 75.15147186257614 26.151471862576145 5.4
    endloop
  endfacet
  facet normal 0.4422886902189909 0.8968727415326934 0
    outer loop
      vertex 75.4 25.960769515458672 8
      vertex 75.5407798811619 25.891344560986457 5.4
      vertex 75.4 25.960769515458672 5.4
    endloop
  endfacet
  facet normal 0.8314696123025578 0.5555702330195833 0
    outer loop
      vertex 74.96076951545868 26.4 8
      vertex 75.04797599165052 26.269486285189537 5.4
      vertex 74.96076951545868 26.4 5.4
    endloop
  endfacet
  facet normal 0.8968727415326709 0.44228869021903666 0
    outer loop
      vertex 74.89134456098645 26.540779881161892 8
      vertex 74.96076951545868 26.4 5.4
      vertex 74.89134456098645 26.540779881161892 5.4
    endloop
  endfacet
  facet normal 0.9469301294951081 0.32143946530315426 0
    outer loop
      vertex 74.84088900845312 26.689417145876973 8
      vertex 74.89134456098645 26.540779881161892 5.4
      vertex 74.84088900845312 26.689417145876973 5.4
    endloop
  endfacet
  facet normal 0.980785280403228 0.19509032201614016 0
    outer loop
      vertex 74.81026616635143 26.843368569335937 8
      vertex 74.84088900845312 26.689417145876973 5.4
      vertex 74.81026616635143 26.843368569335937 5.4
    endloop
  endfacet
  facet normal 0.9978589232386031 0.06540312923014742 0
    outer loop
      vertex 74.8 27 8
      vertex 74.81026616635143 26.843368569335937 5.4
      vertex 74.8 27 5.4
    endloop
  endfacet
  facet normal 0.9978589232386031 -0.06540312923014742 0
    outer loop
      vertex 74.81026616635143 27.156631430664063 8
      vertex 74.8 27 5.4
      vertex 74.81026616635143 27.156631430664063 5.4
    endloop
  endfacet
  facet normal 0.06540312923014742 0.9978589232386031 0
    outer loop
      vertex 75.84336856933594 25.81026616635143 8
      vertex 76 25.8 5.4
      vertex 75.84336856933594 25.81026616635143 5.4
    endloop
  endfacet
  facet normal -0.06540312923014742 0.9978589232386031 0
    outer loop
      vertex 76 25.8 8
      vertex 76.15663143066406 25.81026616635143 5.4
      vertex 76 25.8 5.4
    endloop
  endfacet
  facet normal -0.1950903220161184 0.9807852804032324 0
    outer loop
      vertex 76.15663143066406 25.81026616635143 8
      vertex 76.31058285412303 25.840889008453118 5.4
      vertex 76.15663143066406 25.81026616635143 5.4
    endloop
  endfacet
  facet normal -0.32143946530318135 0.9469301294950989 0
    outer loop
      vertex 76.31058285412303 25.840889008453118 8
      vertex 76.4592201188381 25.891344560986457 5.4
      vertex 76.31058285412303 25.840889008453118 5.4
    endloop
  endfacet
  facet normal -0.4422886902189909 0.8968727415326934 0
    outer loop
      vertex 76.4592201188381 25.891344560986457 8
      vertex 76.6 25.960769515458672 5.4
      vertex 76.4592201188381 25.891344560986457 5.4
    endloop
  endfacet
  facet normal -0.5555702330195729 0.8314696123025649 0
    outer loop
      vertex 76.6 25.960769515458672 8
      vertex 76.73051371481047 26.047975991650517 5.4
      vertex 76.6 25.960769515458672 5.4
    endloop
  endfacet
  facet normal -0.6593458151001002 0.7518398074789501 0
    outer loop
      vertex 76.73051371481047 26.047975991650517 8
      vertex 76.84852813742386 26.151471862576145 5.4
      vertex 76.73051371481047 26.047975991650517 5.4
    endloop
  endfacet
  facet normal -0.7518398074789696 0.6593458151000775 0
    outer loop
      vertex 76.84852813742386 26.151471862576145 5.4
      vertex 76.84852813742386 26.151471862576145 8
      vertex 76.95202400834948 26.269486285189537 5.4
    endloop
  endfacet
  facet normal -0.8314696123025578 0.5555702330195833 0
    outer loop
      vertex 76.95202400834948 26.269486285189537 8
      vertex 77.03923048454132 26.4 5.4
      vertex 76.95202400834948 26.269486285189537 5.4
    endloop
  endfacet
  facet normal -0.8314696123025516 0.5555702330195929 6.820911272251679e-16
    outer loop
      vertex 77 26.341287430763295 7.4
      vertex 77.03923048454132 26.4 5.4
      vertex 76.95202400834948 26.269486285189537 8
    endloop
  endfacet
  facet normal -0.8314696123025623 0.5555702330195768 0
    outer loop
      vertex 77 26.341287430763295 7.4
      vertex 77.03923048454132 26.4 7.4
      vertex 77.03923048454132 26.4 5.4
    endloop
  endfacet
  facet normal -0.8968727415326709 0.44228869021903655 0
    outer loop
      vertex 77.03923048454132 26.4 7.4
      vertex 77.10865543901355 26.540779881161892 7.4
      vertex 77.10865543901355 26.540779881161892 5.4
    endloop
  endfacet
  facet normal -0.8968727415326709 -0.44228869021903655 0
    outer loop
      vertex 77.10865543901355 27.459220118838108 7.4
      vertex 77.03923048454132 27.6 5.4
      vertex 77.10865543901355 27.459220118838108 5.4
    endloop
  endfacet
  facet normal -0.8314696123025578 -0.5555702330195834 0
    outer loop
      vertex 77.03923048454132 27.6 7.4
      vertex 76.95202400834948 27.730513714810463 5.4
      vertex 77.03923048454132 27.6 5.4
    endloop
  endfacet
  facet normal 0.980785280403228 -0.19509032201614016 0
    outer loop
      vertex 74.84088900845312 27.310582854123027 8
      vertex 74.81026616635143 27.156631430664063 5.4
      vertex 74.84088900845312 27.310582854123027 5.4
    endloop
  endfacet
  facet normal 0.9469301294951081 -0.32143946530315426 0
    outer loop
      vertex 74.89134456098645 27.459220118838108 8
      vertex 74.84088900845312 27.310582854123027 5.4
      vertex 74.89134456098645 27.459220118838108 5.4
    endloop
  endfacet
  facet normal 0.8968727415326709 -0.44228869021903666 0
    outer loop
      vertex 74.96076951545868 27.6 8
      vertex 74.89134456098645 27.459220118838108 5.4
      vertex 74.96076951545868 27.6 5.4
    endloop
  endfacet
  facet normal 0.8314696123025578 -0.5555702330195833 0
    outer loop
      vertex 75.04797599165052 27.730513714810463 8
      vertex 74.96076951545868 27.6 5.4
      vertex 75.04797599165052 27.730513714810463 5.4
    endloop
  endfacet
  facet normal 0.7518398074789696 -0.6593458151000775 0
    outer loop
      vertex 75.15147186257614 27.848528137423855 8
      vertex 75.04797599165052 27.730513714810463 5.4
      vertex 75.15147186257614 27.848528137423855 5.4
    endloop
  endfacet
  facet normal 0.6593458151001002 -0.7518398074789501 0
    outer loop
      vertex 75.26948628518953 27.952024008349483 8
      vertex 75.15147186257614 27.848528137423855 5.4
      vertex 75.26948628518953 27.952024008349483 5.4
    endloop
  endfacet
  facet normal 0.5555702330195729 -0.8314696123025649 0
    outer loop
      vertex 75.4 28.039230484541328 8
      vertex 75.26948628518953 27.952024008349483 5.4
      vertex 75.4 28.039230484541328 5.4
    endloop
  endfacet
  facet normal 0.4422886902189909 -0.8968727415326934 0
    outer loop
      vertex 75.5407798811619 28.108655439013543 8
      vertex 75.4 28.039230484541328 5.4
      vertex 75.5407798811619 28.108655439013543 5.4
    endloop
  endfacet
  facet normal 0.32143946530318135 -0.9469301294950989 0
    outer loop
      vertex 75.68941714587697 28.159110991546882 8
      vertex 75.5407798811619 28.108655439013543 5.4
      vertex 75.68941714587697 28.159110991546882 5.4
    endloop
  endfacet
  facet normal 0.1950903220161184 -0.9807852804032324 0
    outer loop
      vertex 75.84336856933594 28.18973383364857 8
      vertex 75.68941714587697 28.159110991546882 5.4
      vertex 75.84336856933594 28.18973383364857 5.4
    endloop
  endfacet
  facet normal -0.5555702330195729 -0.8314696123025649 0
    outer loop
      vertex 76.73051371481047 27.952024008349483 8
      vertex 76.6 28.039230484541328 5.4
      vertex 76.73051371481047 27.952024008349483 5.4
    endloop
  endfacet
  facet normal -0.7518398074789696 -0.6593458151000775 0
    outer loop
      vertex 76.95202400834948 27.730513714810463 8
      vertex 76.84852813742386 27.848528137423855 5.4
      vertex 76.95202400834948 27.730513714810463 5.4
    endloop
  endfacet
  facet normal -0.6593458151001002 -0.7518398074789501 0
    outer loop
      vertex 76.73051371481047 27.952024008349483 5.4
      vertex 76.84852813742386 27.848528137423855 5.4
      vertex 76.84852813742386 27.848528137423855 8
    endloop
  endfacet
  facet normal -0.8968727415326709 -0.44228869021903655 0
    outer loop
      vertex 77.10865543901355 27.459220118838108 7.4
      vertex 77.03923048454132 27.6 7.4
      vertex 77.03923048454132 27.6 5.4
    endloop
  endfacet
  facet normal -0.8314696123025623 -0.5555702330195768 6.295198462797473e-16
    outer loop
      vertex 77 27.658712569236705 7.4
      vertex 76.95202400834948 27.730513714810463 5.4
      vertex 77.03923048454132 27.6 7.4
    endloop
  endfacet
  facet normal -0.8314696123025542 -0.5555702330195889 0
    outer loop
      vertex 77 27.658712569236705 7.4
      vertex 76.95202400834948 27.730513714810463 8
      vertex 76.95202400834948 27.730513714810463 5.4
    endloop
  endfacet
  facet normal 0.06540312923014742 -0.9978589232386031 0
    outer loop
      vertex 76 28.2 8
      vertex 75.84336856933594 28.18973383364857 5.4
      vertex 76 28.2 5.4
    endloop
  endfacet
  facet normal -0.06540312923014742 -0.9978589232386031 0
    outer loop
      vertex 76.15663143066406 28.18973383364857 8
      vertex 76 28.2 5.4
      vertex 76.15663143066406 28.18973383364857 5.4
    endloop
  endfacet
  facet normal -0.1950903220161184 -0.9807852804032324 0
    outer loop
      vertex 76.31058285412303 28.159110991546882 8
      vertex 76.15663143066406 28.18973383364857 5.4
      vertex 76.31058285412303 28.159110991546882 5.4
    endloop
  endfacet
  facet normal -0.32143946530318135 -0.9469301294950989 0
    outer loop
      vertex 76.4592201188381 28.108655439013543 8
      vertex 76.31058285412303 28.159110991546882 5.4
      vertex 76.4592201188381 28.108655439013543 5.4
    endloop
  endfacet
  facet normal -0.4422886902189909 -0.8968727415326934 0
    outer loop
      vertex 76.6 28.039230484541328 8
      vertex 76.4592201188381 28.108655439013543 5.4
      vertex 76.6 28.039230484541328 5.4
    endloop
  endfacet
  facet normal -0.9469301294951082 0.3214394653031542 0
    outer loop
      vertex 77.10865543901355 26.540779881161892 7.4
      vertex 77.15911099154688 26.689417145876973 5.4
      vertex 77.10865543901355 26.540779881161892 5.4
    endloop
  endfacet
  facet normal -0.9807852804032281 0.19509032201614018 0
    outer loop
      vertex 77.15911099154688 26.689417145876973 7.4
      vertex 77.18973383364857 26.843368569335937 5.4
      vertex 77.15911099154688 26.689417145876973 5.4
    endloop
  endfacet
  facet normal -0.9978589232386033 0.06540312923014742 0
    outer loop
      vertex 77.18973383364857 26.843368569335937 7.4
      vertex 77.2 27 5.4
      vertex 77.18973383364857 26.843368569335937 5.4
    endloop
  endfacet
  facet normal -0.9978589232386033 -0.06540312923014742 0
    outer loop
      vertex 77.2 27 7.4
      vertex 77.18973383364857 27.156631430664063 5.4
      vertex 77.2 27 5.4
    endloop
  endfacet
  facet normal -0.9469301294951082 0.3214394653031542 0
    outer loop
      vertex 77.10865543901355 26.540779881161892 7.4
      vertex 77.15911099154688 26.689417145876973 7.4
      vertex 77.15911099154688 26.689417145876973 5.4
    endloop
  endfacet
  facet normal -0.9807852804032281 0.19509032201614018 0
    outer loop
      vertex 77.15911099154688 26.689417145876973 7.4
      vertex 77.18973383364857 26.843368569335937 7.4
      vertex 77.18973383364857 26.843368569335937 5.4
    endloop
  endfacet
  facet normal -0.9978589232386033 0.06540312923014742 0
    outer loop
      vertex 77.18973383364857 26.843368569335937 7.4
      vertex 77.2 27 7.4
      vertex 77.2 27 5.4
    endloop
  endfacet
  facet normal -0.9978589232386033 -0.06540312923014742 0
    outer loop
      vertex 77.2 27 7.4
      vertex 77.18973383364857 27.156631430664063 7.4
      vertex 77.18973383364857 27.156631430664063 5.4
    endloop
  endfacet
  facet normal -0.9807852804032281 -0.19509032201614018 0
    outer loop
      vertex 77.15911099154688 27.310582854123027 5.4
      vertex 77.18973383364857 27.156631430664063 5.4
      vertex 77.18973383364857 27.156631430664063 7.4
    endloop
  endfacet
  facet normal -0.9469301294951082 -0.3214394653031542 0
    outer loop
      vertex 77.15911099154688 27.310582854123027 7.4
      vertex 77.10865543901355 27.459220118838108 5.4
      vertex 77.15911099154688 27.310582854123027 5.4
    endloop
  endfacet
  facet normal -0.9807852804032281 -0.19509032201614018 0
    outer loop
      vertex 77.18973383364857 27.156631430664063 7.4
      vertex 77.15911099154688 27.310582854123027 7.4
      vertex 77.15911099154688 27.310582854123027 5.4
    endloop
  endfacet
  facet normal -0.9469301294951082 -0.3214394653031542 0
    outer loop
      vertex 77.15911099154688 27.310582854123027 7.4
      vertex 77.10865543901355 27.459220118838108 7.4
      vertex 77.10865543901355 27.459220118838108 5.4
    endloop
  endfacet
  facet normal 0.7518398074789696 0.6593458151000775 0
    outer loop
      vertex 75.04797599165052 26.269486285189537 8
      vertex 75.15147186257614 26.151471862576145 8
      vertex 75.15147186257614 26.151471862576145 5.4
    endloop
  endfacet
  facet normal 0.8314696123025578 0.5555702330195833 0
    outer loop
      vertex 74.96076951545868 26.4 8
      vertex 75.04797599165052 26.269486285189537 8
      vertex 75.04797599165052 26.269486285189537 5.4
    endloop
  endfacet
  facet normal 0.4422886902189909 0.8968727415326934 0
    outer loop
      vertex 75.5407798811619 25.891344560986457 8
      vertex 75.5407798811619 25.891344560986457 5.4
      vertex 75.4 25.960769515458672 8
    endloop
  endfacet
  facet normal 0.32143946530318135 0.9469301294950989 0
    outer loop
      vertex 75.68941714587697 25.840889008453118 8
      vertex 75.68941714587697 25.840889008453118 5.4
      vertex 75.5407798811619 25.891344560986457 8
    endloop
  endfacet
  facet normal 0.1950903220161184 0.9807852804032324 0
    outer loop
      vertex 75.84336856933594 25.81026616635143 8
      vertex 75.84336856933594 25.81026616635143 5.4
      vertex 75.68941714587697 25.840889008453118 8
    endloop
  endfacet
  facet normal 0.6593458151001002 0.7518398074789501 0
    outer loop
      vertex 75.26948628518953 26.047975991650517 8
      vertex 75.26948628518953 26.047975991650517 5.4
      vertex 75.15147186257614 26.151471862576145 8
    endloop
  endfacet
  facet normal 0.5555702330195729 0.8314696123025649 0
    outer loop
      vertex 75.4 25.960769515458672 8
      vertex 75.4 25.960769515458672 5.4
      vertex 75.26948628518953 26.047975991650517 8
    endloop
  endfacet
  facet normal 0.8968727415326709 0.44228869021903666 0
    outer loop
      vertex 74.89134456098645 26.540779881161892 8
      vertex 74.96076951545868 26.4 8
      vertex 74.96076951545868 26.4 5.4
    endloop
  endfacet
  facet normal 0.9469301294951081 0.32143946530315426 0
    outer loop
      vertex 74.84088900845312 26.689417145876973 8
      vertex 74.89134456098645 26.540779881161892 8
      vertex 74.89134456098645 26.540779881161892 5.4
    endloop
  endfacet
  facet normal 0.980785280403228 0.19509032201614016 0
    outer loop
      vertex 74.81026616635143 26.843368569335937 8
      vertex 74.84088900845312 26.689417145876973 8
      vertex 74.84088900845312 26.689417145876973 5.4
    endloop
  endfacet
  facet normal 0.9978589232386031 0.06540312923014742 0
    outer loop
      vertex 74.8 27 8
      vertex 74.81026616635143 26.843368569335937 8
      vertex 74.81026616635143 26.843368569335937 5.4
    endloop
  endfacet
  facet normal 0.9978589232386031 -0.06540312923014742 0
    outer loop
      vertex 74.81026616635143 27.156631430664063 8
      vertex 74.8 27 8
      vertex 74.8 27 5.4
    endloop
  endfacet
  facet normal 0.06540312923014742 0.9978589232386031 0
    outer loop
      vertex 76 25.8 8
      vertex 76 25.8 5.4
      vertex 75.84336856933594 25.81026616635143 8
    endloop
  endfacet
  facet normal -0.06540312923014742 0.9978589232386031 0
    outer loop
      vertex 76.15663143066406 25.81026616635143 8
      vertex 76.15663143066406 25.81026616635143 5.4
      vertex 76 25.8 8
    endloop
  endfacet
  facet normal -0.1950903220161184 0.9807852804032324 0
    outer loop
      vertex 76.31058285412303 25.840889008453118 8
      vertex 76.31058285412303 25.840889008453118 5.4
      vertex 76.15663143066406 25.81026616635143 8
    endloop
  endfacet
  facet normal -0.32143946530318135 0.9469301294950989 0
    outer loop
      vertex 76.4592201188381 25.891344560986457 8
      vertex 76.4592201188381 25.891344560986457 5.4
      vertex 76.31058285412303 25.840889008453118 8
    endloop
  endfacet
  facet normal -0.4422886902189909 0.8968727415326934 0
    outer loop
      vertex 76.6 25.960769515458672 8
      vertex 76.6 25.960769515458672 5.4
      vertex 76.4592201188381 25.891344560986457 8
    endloop
  endfacet
  facet normal -0.5555702330195729 0.8314696123025649 0
    outer loop
      vertex 76.73051371481047 26.047975991650517 8
      vertex 76.73051371481047 26.047975991650517 5.4
      vertex 76.6 25.960769515458672 8
    endloop
  endfacet
  facet normal -0.6593458151001002 0.7518398074789501 0
    outer loop
      vertex 76.84852813742386 26.151471862576145 8
      vertex 76.84852813742386 26.151471862576145 5.4
      vertex 76.73051371481047 26.047975991650517 8
    endloop
  endfacet
  facet normal -0.7518398074789696 0.6593458151000775 0
    outer loop
      vertex 76.84852813742386 26.151471862576145 8
      vertex 76.95202400834948 26.269486285189537 8
      vertex 76.95202400834948 26.269486285189537 5.4
    endloop
  endfacet
  facet normal -0.8314696123025541 0.5555702330195889 0
    outer loop
      vertex 77 26.341287430763295 7.4
      vertex 76.95202400834948 26.269486285189537 8
      vertex 77 26.341287430763295 8
    endloop
  endfacet
  facet normal 0.980785280403228 -0.19509032201614016 0
    outer loop
      vertex 74.84088900845312 27.310582854123027 8
      vertex 74.81026616635143 27.156631430664063 8
      vertex 74.81026616635143 27.156631430664063 5.4
    endloop
  endfacet
  facet normal 0.9469301294951081 -0.32143946530315426 0
    outer loop
      vertex 74.89134456098645 27.459220118838108 8
      vertex 74.84088900845312 27.310582854123027 8
      vertex 74.84088900845312 27.310582854123027 5.4
    endloop
  endfacet
  facet normal 0.8968727415326709 -0.44228869021903666 0
    outer loop
      vertex 74.96076951545868 27.6 8
      vertex 74.89134456098645 27.459220118838108 8
      vertex 74.89134456098645 27.459220118838108 5.4
    endloop
  endfacet
  facet normal 0.8314696123025578 -0.5555702330195833 0
    outer loop
      vertex 75.04797599165052 27.730513714810463 8
      vertex 74.96076951545868 27.6 8
      vertex 74.96076951545868 27.6 5.4
    endloop
  endfacet
  facet normal 0.7518398074789696 -0.6593458151000775 0
    outer loop
      vertex 75.15147186257614 27.848528137423855 8
      vertex 75.04797599165052 27.730513714810463 8
      vertex 75.04797599165052 27.730513714810463 5.4
    endloop
  endfacet
  facet normal 0.6593458151001002 -0.7518398074789501 0
    outer loop
      vertex 75.15147186257614 27.848528137423855 8
      vertex 75.15147186257614 27.848528137423855 5.4
      vertex 75.26948628518953 27.952024008349483 8
    endloop
  endfacet
  facet normal 0.5555702330195729 -0.8314696123025649 0
    outer loop
      vertex 75.26948628518953 27.952024008349483 8
      vertex 75.26948628518953 27.952024008349483 5.4
      vertex 75.4 28.039230484541328 8
    endloop
  endfacet
  facet normal 0.4422886902189909 -0.8968727415326934 0
    outer loop
      vertex 75.4 28.039230484541328 8
      vertex 75.4 28.039230484541328 5.4
      vertex 75.5407798811619 28.108655439013543 8
    endloop
  endfacet
  facet normal 0.32143946530318135 -0.9469301294950989 0
    outer loop
      vertex 75.5407798811619 28.108655439013543 8
      vertex 75.5407798811619 28.108655439013543 5.4
      vertex 75.68941714587697 28.159110991546882 8
    endloop
  endfacet
  facet normal 0.1950903220161184 -0.9807852804032324 0
    outer loop
      vertex 75.68941714587697 28.159110991546882 8
      vertex 75.68941714587697 28.159110991546882 5.4
      vertex 75.84336856933594 28.18973383364857 8
    endloop
  endfacet
  facet normal -0.6593458151001002 -0.7518398074789501 0
    outer loop
      vertex 76.73051371481047 27.952024008349483 8
      vertex 76.73051371481047 27.952024008349483 5.4
      vertex 76.84852813742386 27.848528137423855 8
    endloop
  endfacet
  facet normal -0.5555702330195729 -0.8314696123025649 0
    outer loop
      vertex 76.6 28.039230484541328 8
      vertex 76.6 28.039230484541328 5.4
      vertex 76.73051371481047 27.952024008349483 8
    endloop
  endfacet
  facet normal -0.7518398074789696 -0.6593458151000775 0
    outer loop
      vertex 76.95202400834948 27.730513714810463 8
      vertex 76.84852813742386 27.848528137423855 8
      vertex 76.84852813742386 27.848528137423855 5.4
    endloop
  endfacet
  facet normal 0.06540312923014742 -0.9978589232386031 0
    outer loop
      vertex 75.84336856933594 28.18973383364857 8
      vertex 75.84336856933594 28.18973383364857 5.4
      vertex 76 28.2 8
    endloop
  endfacet
  facet normal -0.06540312923014742 -0.9978589232386031 0
    outer loop
      vertex 76 28.2 8
      vertex 76 28.2 5.4
      vertex 76.15663143066406 28.18973383364857 8
    endloop
  endfacet
  facet normal -0.1950903220161184 -0.9807852804032324 0
    outer loop
      vertex 76.15663143066406 28.18973383364857 8
      vertex 76.15663143066406 28.18973383364857 5.4
      vertex 76.31058285412303 28.159110991546882 8
    endloop
  endfacet
  facet normal -0.32143946530318135 -0.9469301294950989 0
    outer loop
      vertex 76.31058285412303 28.159110991546882 8
      vertex 76.31058285412303 28.159110991546882 5.4
      vertex 76.4592201188381 28.108655439013543 8
    endloop
  endfacet
  facet normal -0.4422886902189909 -0.8968727415326934 0
    outer loop
      vertex 76.4592201188381 28.108655439013543 8
      vertex 76.4592201188381 28.108655439013543 5.4
      vertex 76.6 28.039230484541328 8
    endloop
  endfacet
  facet normal -0.8314696123025541 -0.5555702330195889 0
    outer loop
      vertex 77 27.658712569236705 8
      vertex 76.95202400834948 27.730513714810463 8
      vertex 77 27.658712569236705 7.4
    endloop
  endfacet
  facet normal 0.9469301294951106 0.3214394653031474 0
    outer loop
      vertex 113.84088900845312 50.68941714587697 8.2
      vertex 113.89134456098645 50.54077988116189 5.4
      vertex 113.84088900845312 50.68941714587697 5.4
    endloop
  endfacet
  facet normal 0.9807852804032281 0.19509032201614016 0
    outer loop
      vertex 113.81026616635143 50.84336856933594 8.2
      vertex 113.84088900845312 50.68941714587697 5.4
      vertex 113.81026616635143 50.84336856933594 5.4
    endloop
  endfacet
  facet normal 0.9978589232386033 0.06540312923014742 0
    outer loop
      vertex 113.8 51 8.2
      vertex 113.81026616635143 50.84336856933594 5.4
      vertex 113.8 51 5.4
    endloop
  endfacet
  facet normal 0.9978589232386033 -0.06540312923014742 0
    outer loop
      vertex 113.81026616635143 51.15663143066406 8.2
      vertex 113.8 51 5.4
      vertex 113.81026616635143 51.15663143066406 5.4
    endloop
  endfacet
  facet normal 0.9807852804032281 -0.19509032201614016 0
    outer loop
      vertex 113.84088900845312 51.31058285412303 8.2
      vertex 113.81026616635143 51.15663143066406 5.4
      vertex 113.84088900845312 51.31058285412303 5.4
    endloop
  endfacet
  facet normal 0.9469301294951106 -0.3214394653031474 0
    outer loop
      vertex 113.89134456098645 51.45922011883811 8.2
      vertex 113.84088900845312 51.31058285412303 5.4
      vertex 113.89134456098645 51.45922011883811 5.4
    endloop
  endfacet
  facet normal 0.44228869021900913 0.8968727415326845 0
    outer loop
      vertex 114.4 49.96076951545867 8.2
      vertex 114.5407798811619 49.891344560986454 5.4
      vertex 114.4 49.96076951545867 5.4
    endloop
  endfacet
  facet normal 0.32143946530316114 0.9469301294951059 0
    outer loop
      vertex 114.5407798811619 49.891344560986454 8.2
      vertex 114.68941714587697 49.84088900845312 5.4
      vertex 114.5407798811619 49.891344560986454 5.4
    endloop
  endfacet
  facet normal 0.19509032201614016 0.9807852804032281 0
    outer loop
      vertex 114.68941714587697 49.84088900845312 8.2
      vertex 114.84336856933594 49.810266166351425 5.4
      vertex 114.68941714587697 49.84088900845312 5.4
    endloop
  endfacet
  facet normal 0.06540312923014742 0.9978589232386033 0
    outer loop
      vertex 114.84336856933594 49.810266166351425 8.2
      vertex 115 49.8 5.4
      vertex 114.84336856933594 49.810266166351425 5.4
    endloop
  endfacet
  facet normal -0.06540312923014742 0.9978589232386033 0
    outer loop
      vertex 115 49.8 8.2
      vertex 115.15663143066406 49.810266166351425 5.4
      vertex 115 49.8 5.4
    endloop
  endfacet
  facet normal 0.6593458151001 0.7518398074789501 0
    outer loop
      vertex 114.15147186257614 50.151471862576145 8.2
      vertex 114.26948628518953 50.04797599165052 5.4
      vertex 114.15147186257614 50.151471862576145 5.4
    endloop
  endfacet
  facet normal 0.8314696123025578 0.5555702330195833 0
    outer loop
      vertex 113.96076951545868 50.4 8.2
      vertex 114.04797599165052 50.26948628518954 5.4
      vertex 113.96076951545868 50.4 5.4
    endloop
  endfacet
  facet normal 0.7518398074789696 0.6593458151000776 0
    outer loop
      vertex 114.04797599165052 50.26948628518954 8.2
      vertex 114.15147186257614 50.151471862576145 5.4
      vertex 114.04797599165052 50.26948628518954 5.4
    endloop
  endfacet
  facet normal 0.5555702330195729 0.8314696123025648 0
    outer loop
      vertex 114.26948628518953 50.04797599165052 8.2
      vertex 114.4 49.96076951545867 5.4
      vertex 114.26948628518953 50.04797599165052 5.4
    endloop
  endfacet
  facet normal 0.8968727415326665 0.4422886902190456 0
    outer loop
      vertex 113.89134456098645 50.54077988116189 8.2
      vertex 113.96076951545868 50.4 5.4
      vertex 113.89134456098645 50.54077988116189 5.4
    endloop
  endfacet
  facet normal -0.19509032201614016 0.9807852804032281 0
    outer loop
      vertex 115.15663143066406 49.810266166351425 8.2
      vertex 115.31058285412303 49.84088900845312 5.4
      vertex 115.15663143066406 49.810266166351425 5.4
    endloop
  endfacet
  facet normal -0.32143946530316114 0.9469301294951059 0
    outer loop
      vertex 115.31058285412303 49.84088900845312 8.2
      vertex 115.4592201188381 49.891344560986454 5.4
      vertex 115.31058285412303 49.84088900845312 5.4
    endloop
  endfacet
  facet normal -0.44228869021900913 0.8968727415326845 0
    outer loop
      vertex 115.4592201188381 49.891344560986454 8.2
      vertex 115.6 49.96076951545867 5.4
      vertex 115.4592201188381 49.891344560986454 5.4
    endloop
  endfacet
  facet normal -0.5555702330195729 0.8314696123025648 0
    outer loop
      vertex 115.6 49.96076951545867 8.2
      vertex 115.73051371481047 50.04797599165052 5.4
      vertex 115.6 49.96076951545867 5.4
    endloop
  endfacet
  facet normal -0.6593458151001 0.7518398074789501 0
    outer loop
      vertex 115.73051371481047 50.04797599165052 8.2
      vertex 115.84852813742386 50.151471862576145 5.4
      vertex 115.73051371481047 50.04797599165052 5.4
    endloop
  endfacet
  facet normal -0.7518398074789696 0.6593458151000776 0
    outer loop
      vertex 115.84852813742386 50.151471862576145 8.2
      vertex 115.95202400834948 50.26948628518954 5.4
      vertex 115.84852813742386 50.151471862576145 5.4
    endloop
  endfacet
  facet normal -0.8314696123025578 0.5555702330195833 0
    outer loop
      vertex 115.95202400834948 50.26948628518954 8.2
      vertex 116.03923048454132 50.4 5.4
      vertex 115.95202400834948 50.26948628518954 5.4
    endloop
  endfacet
  facet normal -0.8968727415326665 0.4422886902190456 0
    outer loop
      vertex 116.03923048454132 50.4 8.2
      vertex 116.10865543901355 50.54077988116189 5.4
      vertex 116.03923048454132 50.4 5.4
    endloop
  endfacet
  facet normal -0.9469301294951106 0.3214394653031474 0
    outer loop
      vertex 116.10865543901355 50.54077988116189 8.2
      vertex 116.15911099154688 50.68941714587697 5.4
      vertex 116.10865543901355 50.54077988116189 5.4
    endloop
  endfacet
  facet normal -0.9807852804032281 0.19509032201614016 0
    outer loop
      vertex 116.15911099154688 50.68941714587697 8.2
      vertex 116.18973383364857 50.84336856933594 5.4
      vertex 116.15911099154688 50.68941714587697 5.4
    endloop
  endfacet
  facet normal 0.8968727415326665 -0.44228869021904554 0
    outer loop
      vertex 113.89134456098645 51.45922011883811 5.4
      vertex 113.96076951545868 51.6 5.4
      vertex 113.96076951545868 51.6 7.4
    endloop
  endfacet
  facet normal 0.8968727415326854 -0.4422886902190072 -3.3579795824097802e-15
    outer loop
      vertex 113.9223840049806 51.5221618848075 7.4
      vertex 113.89134456098645 51.45922011883811 5.4
      vertex 113.96076951545868 51.6 7.4
    endloop
  endfacet
  facet normal 0.8314696123025623 -0.5555702330195768 0
    outer loop
      vertex 114 51.658712569236705 7.4
      vertex 113.96076951545868 51.6 7.4
      vertex 113.96076951545868 51.6 5.4
    endloop
  endfacet
  facet normal 0.8314696123025578 -0.5555702330195833 0
    outer loop
      vertex 113.96076951545868 51.6 5.4
      vertex 114.04797599165052 51.73051371481046 5.4
      vertex 114.04797599165052 51.73051371481046 8
    endloop
  endfacet
  facet normal 0.7518398074789696 -0.6593458151000775 0
    outer loop
      vertex 114.04797599165052 51.73051371481046 5.4
      vertex 114.15147186257614 51.848528137423855 5.4
      vertex 114.15147186257614 51.848528137423855 8
    endloop
  endfacet
  facet normal 0.6593458151001002 -0.7518398074789501 0
    outer loop
      vertex 114.26948628518953 51.95202400834948 5.4
      vertex 114.26948628518953 51.95202400834948 8
      vertex 114.15147186257614 51.848528137423855 5.4
    endloop
  endfacet
  facet normal 0.5555702330195729 -0.8314696123025649 0
    outer loop
      vertex 114.4 52.03923048454133 5.4
      vertex 114.4 52.03923048454133 8
      vertex 114.26948628518953 51.95202400834948 5.4
    endloop
  endfacet
  facet normal 0.4422886902190092 -0.8968727415326845 0
    outer loop
      vertex 114.4 52.03923048454133 5.4
      vertex 114.5407798811619 52.108655439013546 5.4
      vertex 114.5407798811619 52.108655439013546 8
    endloop
  endfacet
  facet normal 0.3214394653031611 -0.9469301294951058 0
    outer loop
      vertex 114.68941714587697 52.15911099154688 8
      vertex 114.5407798811619 52.108655439013546 5.4
      vertex 114.68941714587697 52.15911099154688 5.4
    endloop
  endfacet
  facet normal 0.19509032201614016 -0.980785280403228 0
    outer loop
      vertex 114.84336856933594 52.189733833648575 5.4
      vertex 114.84336856933594 52.189733833648575 8
      vertex 114.68941714587697 52.15911099154688 5.4
    endloop
  endfacet
  facet normal 0.06540312923014742 -0.9978589232386031 0
    outer loop
      vertex 115 52.2 5.4
      vertex 115 52.2 8
      vertex 114.84336856933594 52.189733833648575 5.4
    endloop
  endfacet
  facet normal -0.06540312923014742 -0.9978589232386031 0
    outer loop
      vertex 115.15663143066406 52.189733833648575 5.4
      vertex 115.15663143066406 52.189733833648575 8
      vertex 115 52.2 5.4
    endloop
  endfacet
  facet normal 0.8314696123025516 -0.5555702330195929 6.820911272251679e-16
    outer loop
      vertex 114 51.658712569236705 7.4
      vertex 113.96076951545868 51.6 5.4
      vertex 114.04797599165052 51.73051371481046 8
    endloop
  endfacet
  facet normal -0.9978589232386033 0.06540312923014742 0
    outer loop
      vertex 116.18973383364857 50.84336856933594 8.2
      vertex 116.2 51 5.4
      vertex 116.18973383364857 50.84336856933594 5.4
    endloop
  endfacet
  facet normal -0.9978589232386033 -0.06540312923014742 0
    outer loop
      vertex 116.2 51 8.2
      vertex 116.18973383364857 51.15663143066406 5.4
      vertex 116.2 51 5.4
    endloop
  endfacet
  facet normal -0.9807852804032281 -0.19509032201614016 0
    outer loop
      vertex 116.18973383364857 51.15663143066406 8.2
      vertex 116.15911099154688 51.31058285412303 5.4
      vertex 116.18973383364857 51.15663143066406 5.4
    endloop
  endfacet
  facet normal -0.9469301294951106 -0.3214394653031474 0
    outer loop
      vertex 116.15911099154688 51.31058285412303 8.2
      vertex 116.10865543901355 51.45922011883811 5.4
      vertex 116.15911099154688 51.31058285412303 5.4
    endloop
  endfacet
  facet normal -0.8314696123025578 -0.5555702330195833 0
    outer loop
      vertex 115.95202400834948 51.73051371481046 5.4
      vertex 116.03923048454132 51.6 5.4
      vertex 116.03923048454132 51.6 8
    endloop
  endfacet
  facet normal -0.8968727415326665 -0.4422886902190456 0
    outer loop
      vertex 116.10865543901355 51.45922011883811 8.2
      vertex 116.03923048454132 51.6 5.4
      vertex 116.10865543901355 51.45922011883811 5.4
    endloop
  endfacet
  facet normal -0.4422886902190092 -0.8968727415326845 0
    outer loop
      vertex 115.6 52.03923048454133 5.4
      vertex 115.6 52.03923048454133 8
      vertex 115.4592201188381 52.108655439013546 5.4
    endloop
  endfacet
  facet normal -0.6593458151001002 -0.7518398074789501 0
    outer loop
      vertex 115.84852813742386 51.848528137423855 5.4
      vertex 115.84852813742386 51.848528137423855 8
      vertex 115.73051371481047 51.95202400834948 5.4
    endloop
  endfacet
  facet normal -0.5555702330195729 -0.8314696123025649 0
    outer loop
      vertex 115.73051371481047 51.95202400834948 5.4
      vertex 115.73051371481047 51.95202400834948 8
      vertex 115.6 52.03923048454133 5.4
    endloop
  endfacet
  facet normal -0.19509032201614016 -0.980785280403228 0
    outer loop
      vertex 115.31058285412303 52.15911099154688 5.4
      vertex 115.31058285412303 52.15911099154688 8
      vertex 115.15663143066406 52.189733833648575 5.4
    endloop
  endfacet
  facet normal -0.3214394653031611 -0.9469301294951058 0
    outer loop
      vertex 115.4592201188381 52.108655439013546 5.4
      vertex 115.4592201188381 52.108655439013546 8
      vertex 115.31058285412303 52.15911099154688 5.4
    endloop
  endfacet
  facet normal -0.7518398074789696 -0.6593458151000775 0
    outer loop
      vertex 115.84852813742386 51.848528137423855 5.4
      vertex 115.95202400834948 51.73051371481046 5.4
      vertex 115.95202400834948 51.73051371481046 8
    endloop
  endfacet
  facet normal 0.9469301294951106 0.3214394653031474 0
    outer loop
      vertex 113.89134456098645 50.54077988116189 8.2
      vertex 113.89134456098645 50.54077988116189 5.4
      vertex 113.84088900845312 50.68941714587697 8.2
    endloop
  endfacet
  facet normal 0.9807852804032281 0.19509032201614016 0
    outer loop
      vertex 113.81026616635143 50.84336856933594 8.2
      vertex 113.84088900845312 50.68941714587697 8.2
      vertex 113.84088900845312 50.68941714587697 5.4
    endloop
  endfacet
  facet normal 0.9978589232386033 0.06540312923014742 0
    outer loop
      vertex 113.81026616635143 50.84336856933594 8.2
      vertex 113.81026616635143 50.84336856933594 5.4
      vertex 113.8 51 8.2
    endloop
  endfacet
  facet normal 0.9978589232386033 -0.06540312923014742 0
    outer loop
      vertex 113.8 51 8.2
      vertex 113.8 51 5.4
      vertex 113.81026616635143 51.15663143066406 8.2
    endloop
  endfacet
  facet normal 0.9807852804032281 -0.19509032201614016 0
    outer loop
      vertex 113.81026616635143 51.15663143066406 8.2
      vertex 113.81026616635143 51.15663143066406 5.4
      vertex 113.84088900845312 51.31058285412303 8.2
    endloop
  endfacet
  facet normal 0.9469301294951106 -0.3214394653031474 0
    outer loop
      vertex 113.84088900845312 51.31058285412303 8.2
      vertex 113.84088900845312 51.31058285412303 5.4
      vertex 113.89134456098645 51.45922011883811 8.2
    endloop
  endfacet
  facet normal 0 0 -1
    outer loop
      vertex 113.89134456098645 50.54077988116189 8.2
      vertex 113.84088900845312 50.68941714587697 8.2
      vertex 113.84088900845312 51.31058285412303 8.2
    endloop
  endfacet
  facet normal 0 0 -1
    outer loop
      vertex 113.81026616635143 50.84336856933594 8.2
      vertex 113.81026616635143 51.15663143066406 8.2
      vertex 113.84088900845312 50.68941714587697 8.2
    endloop
  endfacet
  facet normal 0 0 -1
    outer loop
      vertex 113.81026616635143 50.84336856933594 8.2
      vertex 113.8 51 8.2
      vertex 113.81026616635143 51.15663143066406 8.2
    endloop
  endfacet
  facet normal 0 0 -1
    outer loop
      vertex 113.81026616635143 51.15663143066406 8.2
      vertex 113.84088900845312 51.31058285412303 8.2
      vertex 113.84088900845312 50.68941714587697 8.2
    endloop
  endfacet
  facet normal 0 0 -1
    outer loop
      vertex 113.89134456098645 50.54077988116189 8.2
      vertex 113.84088900845312 51.31058285412303 8.2
      vertex 113.89134456098645 51.45922011883811 8.2
    endloop
  endfacet
  facet normal 0.44228869021900913 0.8968727415326845 0
    outer loop
      vertex 114.4 49.96076951545867 8.2
      vertex 114.5407798811619 49.891344560986454 8.2
      vertex 114.5407798811619 49.891344560986454 5.4
    endloop
  endfacet
  facet normal 0.32143946530316114 0.9469301294951059 0
    outer loop
      vertex 114.68941714587697 49.84088900845312 8.2
      vertex 114.68941714587697 49.84088900845312 5.4
      vertex 114.5407798811619 49.891344560986454 8.2
    endloop
  endfacet
  facet normal 0.19509032201614016 0.9807852804032281 0
    outer loop
      vertex 114.68941714587697 49.84088900845312 8.2
      vertex 114.84336856933594 49.810266166351425 8.2
      vertex 114.84336856933594 49.810266166351425 5.4
    endloop
  endfacet
  facet normal 0.06540312923014742 0.9978589232386033 0
    outer loop
      vertex 114.84336856933594 49.810266166351425 8.2
      vertex 115 49.8 8.2
      vertex 115 49.8 5.4
    endloop
  endfacet
  facet normal -0.06540312923014742 0.9978589232386033 0
    outer loop
      vertex 115 49.8 8.2
      vertex 115.15663143066406 49.810266166351425 8.2
      vertex 115.15663143066406 49.810266166351425 5.4
    endloop
  endfacet
  facet normal 0.8314696123025578 0.5555702330195833 0
    outer loop
      vertex 113.96076951545868 50.4 8.2
      vertex 114.04797599165052 50.26948628518954 8.2
      vertex 114.04797599165052 50.26948628518954 5.4
    endloop
  endfacet
  facet normal 0.7518398074789696 0.6593458151000776 0
    outer loop
      vertex 114.15147186257614 50.151471862576145 8.2
      vertex 114.15147186257614 50.151471862576145 5.4
      vertex 114.04797599165052 50.26948628518954 8.2
    endloop
  endfacet
  facet normal 0.5555702330195729 0.8314696123025648 0
    outer loop
      vertex 114.4 49.96076951545867 8.2
      vertex 114.4 49.96076951545867 5.4
      vertex 114.26948628518953 50.04797599165052 8.2
    endloop
  endfacet
  facet normal 0.6593458151001 0.7518398074789501 0
    outer loop
      vertex 114.15147186257614 50.151471862576145 8.2
      vertex 114.26948628518953 50.04797599165052 8.2
      vertex 114.26948628518953 50.04797599165052 5.4
    endloop
  endfacet
  facet normal 0.8968727415326665 0.4422886902190456 0
    outer loop
      vertex 113.96076951545868 50.4 8.2
      vertex 113.96076951545868 50.4 5.4
      vertex 113.89134456098645 50.54077988116189 8.2
    endloop
  endfacet
  facet normal -0.19509032201614016 0.9807852804032281 0
    outer loop
      vertex 115.15663143066406 49.810266166351425 8.2
      vertex 115.31058285412303 49.84088900845312 8.2
      vertex 115.31058285412303 49.84088900845312 5.4
    endloop
  endfacet
  facet normal -0.32143946530316114 0.9469301294951059 0
    outer loop
      vertex 115.31058285412303 49.84088900845312 8.2
      vertex 115.4592201188381 49.891344560986454 8.2
      vertex 115.4592201188381 49.891344560986454 5.4
    endloop
  endfacet
  facet normal -0.44228869021900913 0.8968727415326845 0
    outer loop
      vertex 115.4592201188381 49.891344560986454 8.2
      vertex 115.6 49.96076951545867 8.2
      vertex 115.6 49.96076951545867 5.4
    endloop
  endfacet
  facet normal -0.5555702330195729 0.8314696123025648 0
    outer loop
      vertex 115.6 49.96076951545867 8.2
      vertex 115.73051371481047 50.04797599165052 8.2
      vertex 115.73051371481047 50.04797599165052 5.4
    endloop
  endfacet
  facet normal -0.6593458151001 0.7518398074789501 0
    outer loop
      vertex 115.73051371481047 50.04797599165052 8.2
      vertex 115.84852813742386 50.151471862576145 8.2
      vertex 115.84852813742386 50.151471862576145 5.4
    endloop
  endfacet
  facet normal -0.7518398074789696 0.6593458151000776 0
    outer loop
      vertex 115.84852813742386 50.151471862576145 8.2
      vertex 115.95202400834948 50.26948628518954 8.2
      vertex 115.95202400834948 50.26948628518954 5.4
    endloop
  endfacet
  facet normal -0.8314696123025578 0.5555702330195833 0
    outer loop
      vertex 115.95202400834948 50.26948628518954 8.2
      vertex 116.03923048454132 50.4 8.2
      vertex 116.03923048454132 50.4 5.4
    endloop
  endfacet
  facet normal -0.8968727415326665 0.4422886902190456 0
    outer loop
      vertex 116.03923048454132 50.4 8.2
      vertex 116.10865543901355 50.54077988116189 8.2
      vertex 116.10865543901355 50.54077988116189 5.4
    endloop
  endfacet
  facet normal -0.9469301294951106 0.3214394653031474 0
    outer loop
      vertex 116.10865543901355 50.54077988116189 8.2
      vertex 116.15911099154688 50.68941714587697 8.2
      vertex 116.15911099154688 50.68941714587697 5.4
    endloop
  endfacet
  facet normal -0.9807852804032281 0.19509032201614016 0
    outer loop
      vertex 116.15911099154688 50.68941714587697 8.2
      vertex 116.18973383364857 50.84336856933594 8.2
      vertex 116.18973383364857 50.84336856933594 5.4
    endloop
  endfacet
  facet normal 0 0 -1
    outer loop
      vertex 113.96076951545868 50.4 8.2
      vertex 113.89134456098645 50.54077988116189 8.2
      vertex 113.89134456098645 51.45922011883811 8.2
    endloop
  endfacet
  facet normal 0 0 -1
    outer loop
      vertex 113.96076951545868 50.4 8.2
      vertex 113.9223840049806 51.5221618848075 8.2
      vertex 114.04797599165052 50.26948628518954 8.2
    endloop
  endfacet
  facet normal 0 0 -1
    outer loop
      vertex 114.15147186257614 50.151471862576145 8.2
      vertex 114.04797599165052 50.26948628518954 8.2
      vertex 113.96864065762139 51.591389857711334 8.2
    endloop
  endfacet
  facet normal 0 0 -1
    outer loop
      vertex 114.15147186257614 50.151471862576145 8.2
      vertex 114.08076118445749 51.71923881554251 8.2
      vertex 114.26948628518953 50.04797599165052 8.2
    endloop
  endfacet
  facet normal 0 0 -1
    outer loop
      vertex 114.4 49.96076951545867 8.2
      vertex 114.35 51.92583302491977 8.2
      vertex 114.5407798811619 49.891344560986454 8.2
    endloop
  endfacet
  facet normal 0 0 -1
    outer loop
      vertex 114.4 49.96076951545867 8.2
      vertex 114.26948628518953 50.04797599165052 8.2
      vertex 114.20861014228866 51.831359342378605 8.2
    endloop
  endfacet
  facet normal 0 0 -1
    outer loop
      vertex 114.68941714587697 49.84088900845312 8.2
      vertex 114.5407798811619 49.891344560986454 8.2
      vertex 114.50251153792539 52.00104339226467 8.2
    endloop
  endfacet
  facet normal 0 0 -1
    outer loop
      vertex 114.68941714587697 49.84088900845312 8.2
      vertex 114.66353524136672 52.05570357417579 8.2
      vertex 114.84336856933594 49.810266166351425 8.2
    endloop
  endfacet
  facet normal 0 0 -1
    outer loop
      vertex 114.84336856933594 49.810266166351425 8.2
      vertex 114.83031595011393 52.08887831978595 8.2
      vertex 115 49.8 8.2
    endloop
  endfacet
  facet normal 0 0 -1
    outer loop
      vertex 115 49.8 8.2
      vertex 115 52.099999999999994 8.2
      vertex 115.15663143066406 49.810266166351425 8.2
    endloop
  endfacet
  facet normal 0 0 -1
    outer loop
      vertex 115.15663143066406 49.810266166351425 8.2
      vertex 115 52.099999999999994 8.2
      vertex 115.31058285412303 49.84088900845312 8.2
    endloop
  endfacet
  facet normal 0 0 -1
    outer loop
      vertex 115.31058285412303 49.84088900845312 8.2
      vertex 115.16968404988607 52.08887831978595 8.2
      vertex 115.4592201188381 49.891344560986454 8.2
    endloop
  endfacet
  facet normal 0 0 -1
    outer loop
      vertex 115.4592201188381 49.891344560986454 8.2
      vertex 115.33646475863328 52.05570357417579 8.2
      vertex 115.6 49.96076951545867 8.2
    endloop
  endfacet
  facet normal 0 0 -1
    outer loop
      vertex 115.6 49.96076951545867 8.2
      vertex 115.49748846207461 52.00104339226467 8.2
      vertex 115.73051371481047 50.04797599165052 8.2
    endloop
  endfacet
  facet normal 0 0 -1
    outer loop
      vertex 115.73051371481047 50.04797599165052 8.2
      vertex 115.65 51.92583302491977 8.2
      vertex 115.84852813742386 50.151471862576145 8.2
    endloop
  endfacet
  facet normal 0 0 -1
    outer loop
      vertex 115.84852813742386 50.151471862576145 8.2
      vertex 115.79138985771134 51.831359342378605 8.2
      vertex 115.95202400834948 50.26948628518954 8.2
    endloop
  endfacet
  facet normal 0 0 -1
    outer loop
      vertex 115.95202400834948 50.26948628518954 8.2
      vertex 115.91923881554251 51.71923881554251 8.2
      vertex 116.03923048454132 50.4 8.2
    endloop
  endfacet
  facet normal 0.8968727415326431 -0.442288690219093 0
    outer loop
      vertex 113.89134456098645 51.45922011883811 8.2
      vertex 113.89134456098645 51.45922011883811 5.4
      vertex 113.9223840049806 51.5221618848075 7.4
    endloop
  endfacet
  facet normal 0.7518398074789696 -0.6593458151000775 0
    outer loop
      vertex 114.15147186257614 51.848528137423855 8
      vertex 114.04797599165052 51.73051371481046 8
      vertex 114.04797599165052 51.73051371481046 5.4
    endloop
  endfacet
  facet normal 0.6593458151001002 -0.7518398074789501 0
    outer loop
      vertex 114.15147186257614 51.848528137423855 5.4
      vertex 114.26948628518953 51.95202400834948 8
      vertex 114.15147186257614 51.848528137423855 8
    endloop
  endfacet
  facet normal 0.5555702330195729 -0.8314696123025649 0
    outer loop
      vertex 114.26948628518953 51.95202400834948 5.4
      vertex 114.4 52.03923048454133 8
      vertex 114.26948628518953 51.95202400834948 8
    endloop
  endfacet
  facet normal 0.4422886902190092 -0.8968727415326845 0
    outer loop
      vertex 114.4 52.03923048454133 5.4
      vertex 114.5407798811619 52.108655439013546 8
      vertex 114.4 52.03923048454133 8
    endloop
  endfacet
  facet normal 0.3214394653031611 -0.9469301294951058 0
    outer loop
      vertex 114.5407798811619 52.108655439013546 5.4
      vertex 114.68941714587697 52.15911099154688 8
      vertex 114.5407798811619 52.108655439013546 8
    endloop
  endfacet
  facet normal 0.19509032201614016 -0.980785280403228 0
    outer loop
      vertex 114.68941714587697 52.15911099154688 5.4
      vertex 114.84336856933594 52.189733833648575 8
      vertex 114.68941714587697 52.15911099154688 8
    endloop
  endfacet
  facet normal 0.06540312923014742 -0.9978589232386031 0
    outer loop
      vertex 114.84336856933594 52.189733833648575 5.4
      vertex 115 52.2 8
      vertex 114.84336856933594 52.189733833648575 8
    endloop
  endfacet
  facet normal -0.06540312923014742 -0.9978589232386031 0
    outer loop
      vertex 115 52.2 5.4
      vertex 115.15663143066406 52.189733833648575 8
      vertex 115 52.2 8
    endloop
  endfacet
  facet normal -0.9978589232386033 0.06540312923014742 0
    outer loop
      vertex 116.18973383364857 50.84336856933594 8.2
      vertex 116.2 51 8.2
      vertex 116.2 51 5.4
    endloop
  endfacet
  facet normal -0.9978589232386033 -0.06540312923014742 0
    outer loop
      vertex 116.2 51 8.2
      vertex 116.18973383364857 51.15663143066406 8.2
      vertex 116.18973383364857 51.15663143066406 5.4
    endloop
  endfacet
  facet normal -0.8968727415326854 -0.44228869021900713 0
    outer loop
      vertex 116.0776159950194 51.5221618848075 8
      vertex 116.03923048454132 51.6 8
      vertex 116.03923048454132 51.6 5.4
    endloop
  endfacet
  facet normal -0.9807852804032281 -0.19509032201614016 0
    outer loop
      vertex 116.18973383364857 51.15663143066406 8.2
      vertex 116.15911099154688 51.31058285412303 8.2
      vertex 116.15911099154688 51.31058285412303 5.4
    endloop
  endfacet
  facet normal -0.9469301294951106 -0.3214394653031474 0
    outer loop
      vertex 116.10865543901355 51.45922011883811 8.2
      vertex 116.10865543901355 51.45922011883811 5.4
      vertex 116.15911099154688 51.31058285412303 8.2
    endloop
  endfacet
  facet normal -0.8968727415326386 -0.44228869021910205 -3.530214641749528e-15
    outer loop
      vertex 116.10865543901355 51.45922011883811 8.2
      vertex 116.0776159950194 51.5221618848075 8
      vertex 116.03923048454132 51.6 5.4
    endloop
  endfacet
  facet normal -0.5555702330195729 -0.8314696123025649 0
    outer loop
      vertex 115.6 52.03923048454133 5.4
      vertex 115.73051371481047 51.95202400834948 8
      vertex 115.6 52.03923048454133 8
    endloop
  endfacet
  facet normal -0.6593458151001002 -0.7518398074789501 0
    outer loop
      vertex 115.73051371481047 51.95202400834948 5.4
      vertex 115.84852813742386 51.848528137423855 8
      vertex 115.73051371481047 51.95202400834948 8
    endloop
  endfacet
  facet normal -0.19509032201614016 -0.980785280403228 0
    outer loop
      vertex 115.15663143066406 52.189733833648575 5.4
      vertex 115.31058285412303 52.15911099154688 8
      vertex 115.15663143066406 52.189733833648575 8
    endloop
  endfacet
  facet normal -0.3214394653031611 -0.9469301294951058 0
    outer loop
      vertex 115.31058285412303 52.15911099154688 5.4
      vertex 115.4592201188381 52.108655439013546 8
      vertex 115.31058285412303 52.15911099154688 8
    endloop
  endfacet
  facet normal -0.4422886902190092 -0.8968727415326845 0
    outer loop
      vertex 115.6 52.03923048454133 8
      vertex 115.4592201188381 52.108655439013546 8
      vertex 115.4592201188381 52.108655439013546 5.4
    endloop
  endfacet
  facet normal -0.8314696123025578 -0.5555702330195833 0
    outer loop
      vertex 115.95202400834948 51.73051371481046 5.4
      vertex 116.03923048454132 51.6 8
      vertex 115.95202400834948 51.73051371481046 8
    endloop
  endfacet
  facet normal -0.7518398074789696 -0.6593458151000775 0
    outer loop
      vertex 115.95202400834948 51.73051371481046 8
      vertex 115.84852813742386 51.848528137423855 8
      vertex 115.84852813742386 51.848528137423855 5.4
    endloop
  endfacet
  facet normal 0.8968727415326432 -0.44228869021909295 0
    outer loop
      vertex 113.89134456098645 51.45922011883811 8.2
      vertex 113.9223840049806 51.5221618848075 7.4
      vertex 113.9223840049806 51.5221618848075 8.2
    endloop
  endfacet
  facet normal 0 0 -1
    outer loop
      vertex 113.96076951545868 50.4 8.2
      vertex 113.89134456098645 51.45922011883811 8.2
      vertex 113.9223840049806 51.5221618848075 8.2
    endloop
  endfacet
  facet normal 0 0 -1
    outer loop
      vertex 114.04797599165052 50.26948628518954 8.2
      vertex 113.9223840049806 51.5221618848075 8.2
      vertex 113.96864065762139 51.591389857711334 8.2
    endloop
  endfacet
  facet normal 0 0 -1
    outer loop
      vertex 114.15147186257614 50.151471862576145 8.2
      vertex 113.96864065762139 51.591389857711334 8.2
      vertex 114.08076118445749 51.71923881554251 8.2
    endloop
  endfacet
  facet normal 0 0 -1
    outer loop
      vertex 114.26948628518953 50.04797599165052 8.2
      vertex 114.08076118445749 51.71923881554251 8.2
      vertex 114.20861014228866 51.831359342378605 8.2
    endloop
  endfacet
  facet normal 0 0 -1
    outer loop
      vertex 114.4 49.96076951545867 8.2
      vertex 114.20861014228866 51.831359342378605 8.2
      vertex 114.35 51.92583302491977 8.2
    endloop
  endfacet
  facet normal 0 0 -1
    outer loop
      vertex 114.5407798811619 49.891344560986454 8.2
      vertex 114.35 51.92583302491977 8.2
      vertex 114.50251153792539 52.00104339226467 8.2
    endloop
  endfacet
  facet normal 0 0 -1
    outer loop
      vertex 114.68941714587697 49.84088900845312 8.2
      vertex 114.50251153792539 52.00104339226467 8.2
      vertex 114.66353524136672 52.05570357417579 8.2
    endloop
  endfacet
  facet normal 0 0 -1
    outer loop
      vertex 114.84336856933594 49.810266166351425 8.2
      vertex 114.66353524136672 52.05570357417579 8.2
      vertex 114.83031595011393 52.08887831978595 8.2
    endloop
  endfacet
  facet normal 0 0 -1
    outer loop
      vertex 115 49.8 8.2
      vertex 114.83031595011393 52.08887831978595 8.2
      vertex 115 52.099999999999994 8.2
    endloop
  endfacet
  facet normal 0 0 -1
    outer loop
      vertex 115.31058285412303 49.84088900845312 8.2
      vertex 115 52.099999999999994 8.2
      vertex 115.16968404988607 52.08887831978595 8.2
    endloop
  endfacet
  facet normal 0.8314696123025541 -0.5555702330195889 0
    outer loop
      vertex 114 51.658712569236705 7.4
      vertex 114.04797599165052 51.73051371481046 8
      vertex 114 51.658712569236705 8
    endloop
  endfacet
  facet normal -0.8968727415326431 -0.44228869021909295 0
    outer loop
      vertex 116.10865543901355 51.45922011883811 8.2
      vertex 116.0776159950194 51.5221618848075 8.2
      vertex 116.0776159950194 51.5221618848075 8
    endloop
  endfacet
  facet normal 0 0 -1
    outer loop
      vertex 115.4592201188381 49.891344560986454 8.2
      vertex 115.16968404988607 52.08887831978595 8.2
      vertex 115.33646475863328 52.05570357417579 8.2
    endloop
  endfacet
  facet normal 0 0 -1
    outer loop
      vertex 115.6 49.96076951545867 8.2
      vertex 115.33646475863328 52.05570357417579 8.2
      vertex 115.49748846207461 52.00104339226467 8.2
    endloop
  endfacet
  facet normal 0 0 -1
    outer loop
      vertex 115.73051371481047 50.04797599165052 8.2
      vertex 115.49748846207461 52.00104339226467 8.2
      vertex 115.65 51.92583302491977 8.2
    endloop
  endfacet
  facet normal 0 0 -1
    outer loop
      vertex 115.84852813742386 50.151471862576145 8.2
      vertex 115.65 51.92583302491977 8.2
      vertex 115.79138985771134 51.831359342378605 8.2
    endloop
  endfacet
  facet normal 0 0 -1
    outer loop
      vertex 116.03923048454132 50.4 8.2
      vertex 116.03135934237861 51.591389857711334 8.2
      vertex 116.10865543901355 50.54077988116189 8.2
    endloop
  endfacet
  facet normal 0 0 -1
    outer loop
      vertex 116.10865543901355 50.54077988116189 8.2
      vertex 116.10865543901355 51.45922011883811 8.2
      vertex 116.15911099154688 50.68941714587697 8.2
    endloop
  endfacet
  facet normal 0 0 -1
    outer loop
      vertex 116.15911099154688 50.68941714587697 8.2
      vertex 116.15911099154688 51.31058285412303 8.2
      vertex 116.18973383364857 50.84336856933594 8.2
    endloop
  endfacet
  facet normal 0 0 -1
    outer loop
      vertex 116.10865543901355 50.54077988116189 8.2
      vertex 116.03135934237861 51.591389857711334 8.2
      vertex 116.10865543901355 51.45922011883811 8.2
    endloop
  endfacet
  facet normal 0 0 -1
    outer loop
      vertex 116.15911099154688 50.68941714587697 8.2
      vertex 116.10865543901355 51.45922011883811 8.2
      vertex 116.15911099154688 51.31058285412303 8.2
    endloop
  endfacet
  facet normal 0 0 -1
    outer loop
      vertex 116.18973383364857 50.84336856933594 8.2
      vertex 116.18973383364857 51.15663143066406 8.2
      vertex 116.2 51 8.2
    endloop
  endfacet
  facet normal 0 0 -1
    outer loop
      vertex 116.18973383364857 50.84336856933594 8.2
      vertex 116.15911099154688 51.31058285412303 8.2
      vertex 116.18973383364857 51.15663143066406 8.2
    endloop
  endfacet
  facet normal 0 0 -1
    outer loop
      vertex 115.95202400834948 50.26948628518954 8.2
      vertex 115.79138985771134 51.831359342378605 8.2
      vertex 115.91923881554251 51.71923881554251 8.2
    endloop
  endfacet
  facet normal 0 0 -1
    outer loop
      vertex 116.03923048454132 50.4 8.2
      vertex 115.91923881554251 51.71923881554251 8.2
      vertex 116.03135934237861 51.591389857711334 8.2
    endloop
  endfacet
  facet normal 0 0 -1
    outer loop
      vertex 116.10865543901355 51.45922011883811 8.2
      vertex 116.03135934237861 51.591389857711334 8.2
      vertex 116.0776159950194 51.5221618848075 8.2
    endloop
  endfacet
  facet normal 0.8968727415327007 -0.44228869021897604 0
    outer loop
      vertex 87.17940416528667 25.5 5.4
      vertex 87.2287187078898 25.6 5.4
      vertex 87.17940416528667 25.5 7.4
    endloop
  endfacet
  facet normal 0.8314696123025412 -0.5555702330196082 0
    outer loop
      vertex 87.46126931106805 25.948036572827906 7.4
      vertex 87.2287187078898 25.6 5.4
      vertex 87.46126931106805 25.948036572827906 5.4
    endloop
  endfacet
  facet normal 0.8968727415327007 -0.44228869021897604 0
    outer loop
      vertex 87.17940416528667 25.5 7.4
      vertex 87.2287187078898 25.6 5.4
      vertex 87.2287187078898 25.6 7.4
    endloop
  endfacet
  facet normal 0.8314696123025412 -0.5555702330196082 0
    outer loop
      vertex 87.46126931106805 25.948036572827906 7.4
      vertex 87.2287187078898 25.6 7.4
      vertex 87.2287187078898 25.6 5.4
    endloop
  endfacet
  facet normal 0.7518398074789753 -0.6593458151000712 0
    outer loop
      vertex 87.73725830020305 26.26274169979695 7.4
      vertex 87.46126931106805 25.948036572827906 7.4
      vertex 87.46126931106805 25.948036572827906 5.4
    endloop
  endfacet
  facet normal 0.7518398074789753 -0.6593458151000712 0
    outer loop
      vertex 87.73725830020305 26.26274169979695 7.4
      vertex 87.46126931106805 25.948036572827906 5.4
      vertex 87.73725830020305 26.26274169979695 5.4
    endloop
  endfacet
  facet normal 0.6593458151000712 -0.7518398074789753 0
    outer loop
      vertex 88.0519634271721 26.538730688931953 7.4
      vertex 87.73725830020305 26.26274169979695 5.4
      vertex 88.0519634271721 26.538730688931953 5.4
    endloop
  endfacet
  facet normal 0.5555702330195984 -0.8314696123025478 0
    outer loop
      vertex 88.4 26.771281292110203 7.4
      vertex 88.0519634271721 26.538730688931953 5.4
      vertex 88.4 26.771281292110203 5.4
    endloop
  endfacet
  facet normal 0.4422886902190091 -0.8968727415326844 0
    outer loop
      vertex 88.77541301643171 26.95641450403612 7.4
      vertex 88.4 26.771281292110203 5.4
      vertex 88.77541301643171 26.95641450403612 5.4
    endloop
  endfacet
  facet normal 0.32143946530315837 -0.9469301294951068 0
    outer loop
      vertex 89.17177905567193 27.090962644125018 7.4
      vertex 88.77541301643171 26.95641450403612 5.4
      vertex 89.17177905567193 27.090962644125018 5.4
    endloop
  endfacet
  facet normal 0.19509032201613147 -0.9807852804032299 0
    outer loop
      vertex 89.58231618489583 27.172623556396193 7.4
      vertex 89.17177905567193 27.090962644125018 5.4
      vertex 89.58231618489583 27.172623556396193 5.4
    endloop
  endfacet
  facet normal 0.6593458151000712 -0.7518398074789753 0
    outer loop
      vertex 88.0519634271721 26.538730688931953 7.4
      vertex 87.73725830020305 26.26274169979695 7.4
      vertex 87.73725830020305 26.26274169979695 5.4
    endloop
  endfacet
  facet normal 0.5555702330195984 -0.8314696123025478 0
    outer loop
      vertex 88.0519634271721 26.538730688931953 7.4
      vertex 88.0519634271721 26.538730688931953 5.4
      vertex 88.4 26.771281292110203 7.4
    endloop
  endfacet
  facet normal 0.4422886902190091 -0.8968727415326844 0
    outer loop
      vertex 88.4 26.771281292110203 7.4
      vertex 88.4 26.771281292110203 5.4
      vertex 88.77541301643171 26.95641450403612 7.4
    endloop
  endfacet
  facet normal 0.32143946530315837 -0.9469301294951068 0
    outer loop
      vertex 88.77541301643171 26.95641450403612 7.4
      vertex 88.77541301643171 26.95641450403612 5.4
      vertex 89.17177905567193 27.090962644125018 7.4
    endloop
  endfacet
  facet normal 0.19509032201613147 -0.9807852804032299 0
    outer loop
      vertex 89.17177905567193 27.090962644125018 7.4
      vertex 89.17177905567193 27.090962644125018 5.4
      vertex 89.58231618489583 27.172623556396193 7.4
    endloop
  endfacet
  facet normal 0.06540312923014178 -0.9978589232386036 0
    outer loop
      vertex 89.58231618489583 27.172623556396193 7.4
      vertex 89.58231618489583 27.172623556396193 5.4
      vertex 90 27.2 7.4
    endloop
  endfacet
  facet normal 0.06540312923014178 -0.9978589232386036 0
    outer loop
      vertex 90 27.2 7.4
      vertex 89.58231618489583 27.172623556396193 5.4
      vertex 90 27.2 5.4
    endloop
  endfacet
  facet normal -0.06540312923014178 -0.9978589232386036 0
    outer loop
      vertex 90 27.2 7.4
      vertex 90 27.2 5.4
      vertex 90.41768381510417 27.172623556396193 7.4
    endloop
  endfacet
  facet normal -0.06540312923014178 -0.9978589232386036 0
    outer loop
      vertex 90.41768381510417 27.172623556396193 7.4
      vertex 90 27.2 5.4
      vertex 90.41768381510417 27.172623556396193 5.4
    endloop
  endfacet
  facet normal -0.19509032201613147 -0.9807852804032299 0
    outer loop
      vertex 90.82822094432807 27.090962644125018 7.4
      vertex 90.41768381510417 27.172623556396193 5.4
      vertex 90.82822094432807 27.090962644125018 5.4
    endloop
  endfacet
  facet normal -0.32143946530315837 -0.9469301294951068 0
    outer loop
      vertex 91.22458698356829 26.95641450403612 7.4
      vertex 90.82822094432807 27.090962644125018 5.4
      vertex 91.22458698356829 26.95641450403612 5.4
    endloop
  endfacet
  facet normal -0.4422886902190091 -0.8968727415326844 0
    outer loop
      vertex 91.6 26.771281292110203 7.4
      vertex 91.22458698356829 26.95641450403612 5.4
      vertex 91.6 26.771281292110203 5.4
    endloop
  endfacet
  facet normal -0.8968727415327007 -0.44228869021897604 0
    outer loop
      vertex 92.82059583471333 25.5 5.4
      vertex 92.7712812921102 25.6 7.4
      vertex 92.7712812921102 25.6 5.4
    endloop
  endfacet
  facet normal -0.8314696123025412 -0.5555702330196082 0
    outer loop
      vertex 92.7712812921102 25.6 7.4
      vertex 92.53873068893195 25.948036572827906 5.4
      vertex 92.7712812921102 25.6 5.4
    endloop
  endfacet
  facet normal -0.7518398074789753 -0.6593458151000712 0
    outer loop
      vertex 92.53873068893195 25.948036572827906 7.4
      vertex 92.26274169979695 26.26274169979695 5.4
      vertex 92.53873068893195 25.948036572827906 5.4
    endloop
  endfacet
  facet normal -0.5555702330195984 -0.8314696123025478 0
    outer loop
      vertex 91.6 26.771281292110203 5.4
      vertex 91.9480365728279 26.538730688931953 5.4
      vertex 91.9480365728279 26.538730688931953 7.4
    endloop
  endfacet
  facet normal -0.6593458151000712 -0.7518398074789753 0
    outer loop
      vertex 92.26274169979695 26.26274169979695 7.4
      vertex 91.9480365728279 26.538730688931953 5.4
      vertex 92.26274169979695 26.26274169979695 5.4
    endloop
  endfacet
  facet normal -0.19509032201613147 -0.9807852804032299 0
    outer loop
      vertex 90.41768381510417 27.172623556396193 7.4
      vertex 90.41768381510417 27.172623556396193 5.4
      vertex 90.82822094432807 27.090962644125018 7.4
    endloop
  endfacet
  facet normal -0.32143946530315837 -0.9469301294951068 0
    outer loop
      vertex 90.82822094432807 27.090962644125018 7.4
      vertex 90.82822094432807 27.090962644125018 5.4
      vertex 91.22458698356829 26.95641450403612 7.4
    endloop
  endfacet
  facet normal -0.4422886902190091 -0.8968727415326844 0
    outer loop
      vertex 91.22458698356829 26.95641450403612 7.4
      vertex 91.22458698356829 26.95641450403612 5.4
      vertex 91.6 26.771281292110203 7.4
    endloop
  endfacet
  facet normal -0.8968727415327007 -0.44228869021897604 0
    outer loop
      vertex 92.82059583471333 25.5 5.4
      vertex 92.82059583471333 25.5 7.4
      vertex 92.7712812921102 25.6 7.4
    endloop
  endfacet
  facet normal -0.8314696123025412 -0.5555702330196082 0
    outer loop
      vertex 92.7712812921102 25.6 7.4
      vertex 92.53873068893195 25.948036572827906 7.4
      vertex 92.53873068893195 25.948036572827906 5.4
    endloop
  endfacet
  facet normal -0.7518398074789753 -0.6593458151000712 0
    outer loop
      vertex 92.53873068893195 25.948036572827906 7.4
      vertex 92.26274169979695 26.26274169979695 7.4
      vertex 92.26274169979695 26.26274169979695 5.4
    endloop
  endfacet
  facet normal -0.5555702330195984 -0.8314696123025478 0
    outer loop
      vertex 91.6 26.771281292110203 7.4
      vertex 91.6 26.771281292110203 5.4
      vertex 91.9480365728279 26.538730688931953 7.4
    endloop
  endfacet
  facet normal -0.6593458151000712 -0.7518398074789753 0
    outer loop
      vertex 92.26274169979695 26.26274169979695 7.4
      vertex 91.9480365728279 26.538730688931953 7.4
      vertex 91.9480365728279 26.538730688931953 5.4
    endloop
  endfacet
  facet normal 0.8968727415327007 -0.44228869021897604 0
    outer loop
      vertex 114.17940416528667 25.5 5.4
      vertex 114.2287187078898 25.6 5.4
      vertex 114.17940416528667 25.5 7.4
    endloop
  endfacet
  facet normal 0.8314696123025413 -0.5555702330196082 0
    outer loop
      vertex 114.2287187078898 25.6 5.4
      vertex 114.46126931106805 25.948036572827906 5.4
      vertex 114.46126931106805 25.948036572827906 8
    endloop
  endfacet
  facet normal 0.7518398074789753 -0.6593458151000713 0
    outer loop
      vertex 114.46126931106805 25.948036572827906 5.4
      vertex 114.73725830020305 26.26274169979695 5.4
      vertex 114.73725830020305 26.26274169979695 8
    endloop
  endfacet
  facet normal 0.8968727415327008 -0.4422886902189761 0
    outer loop
      vertex 114.17940416528667 25.5 7.4
      vertex 114.2287187078898 25.6 5.4
      vertex 114.17940416528667 25.5 8
    endloop
  endfacet
  facet normal 0.6593458151000713 -0.7518398074789753 0
    outer loop
      vertex 115.0519634271721 26.538730688931953 5.4
      vertex 115.0519634271721 26.538730688931953 8
      vertex 114.73725830020305 26.26274169979695 5.4
    endloop
  endfacet
  facet normal 0.5555702330195984 -0.8314696123025478 0
    outer loop
      vertex 115.4 26.771281292110203 5.4
      vertex 115.4 26.771281292110203 8
      vertex 115.0519634271721 26.538730688931953 5.4
    endloop
  endfacet
  facet normal 0.4422886902190091 -0.8968727415326844 0
    outer loop
      vertex 115.77541301643171 26.95641450403612 5.4
      vertex 115.77541301643171 26.95641450403612 8
      vertex 115.4 26.771281292110203 5.4
    endloop
  endfacet
  facet normal 0.32143946530315837 -0.9469301294951068 0
    outer loop
      vertex 116.17177905567193 27.090962644125018 5.4
      vertex 116.17177905567193 27.090962644125018 8
      vertex 115.77541301643171 26.95641450403612 5.4
    endloop
  endfacet
  facet normal 0.19509032201613563 -0.980785280403229 0
    outer loop
      vertex 116.17177905567193 27.090962644125018 5.4
      vertex 116.5 27.156249849184903 5.4
      vertex 116.17177905567193 27.090962644125018 8
    endloop
  endfacet
  facet normal 0.1950903220161356 -0.980785280403229 0
    outer loop
      vertex 116.5 27.156249849184903 7.3
      vertex 116.17177905567193 27.090962644125018 8
      vertex 116.5 27.156249849184903 5.4
    endloop
  endfacet
  facet normal 0.8968727415327007 -0.44228869021897604 0
    outer loop
      vertex 114.17940416528667 25.5 8
      vertex 114.2287187078898 25.6 5.4
      vertex 114.2287187078898 25.6 8
    endloop
  endfacet
  facet normal 0.8314696123025413 -0.5555702330196082 0
    outer loop
      vertex 114.2287187078898 25.6 5.4
      vertex 114.46126931106805 25.948036572827906 8
      vertex 114.2287187078898 25.6 8
    endloop
  endfacet
  facet normal 0.7518398074789753 -0.6593458151000713 0
    outer loop
      vertex 114.46126931106805 25.948036572827906 5.4
      vertex 114.73725830020305 26.26274169979695 8
      vertex 114.46126931106805 25.948036572827906 8
    endloop
  endfacet
  facet normal 0.6593458151000713 -0.7518398074789753 0
    outer loop
      vertex 114.73725830020305 26.26274169979695 5.4
      vertex 115.0519634271721 26.538730688931953 8
      vertex 114.73725830020305 26.26274169979695 8
    endloop
  endfacet
  facet normal 0.5555702330195984 -0.8314696123025478 0
    outer loop
      vertex 115.0519634271721 26.538730688931953 5.4
      vertex 115.4 26.771281292110203 8
      vertex 115.0519634271721 26.538730688931953 8
    endloop
  endfacet
  facet normal 0.4422886902190091 -0.8968727415326844 0
    outer loop
      vertex 115.4 26.771281292110203 5.4
      vertex 115.77541301643171 26.95641450403612 8
      vertex 115.4 26.771281292110203 8
    endloop
  endfacet
  facet normal 0.32143946530315837 -0.9469301294951068 0
    outer loop
      vertex 115.77541301643171 26.95641450403612 5.4
      vertex 116.17177905567193 27.090962644125018 8
      vertex 115.77541301643171 26.95641450403612 8
    endloop
  endfacet
  facet normal 0.19509032201613563 -0.980785280403229 0
    outer loop
      vertex 116.17177905567193 27.090962644125018 8
      vertex 116.5 27.156249849184903 7.3
      vertex 116.5 27.156249849184903 8
    endloop
  endfacet
  facet normal 0 0 1
    outer loop
      vertex 96.76387840678322 26.575 13
      vertex 96.82564966075245 26.482552785342587 13
      vertex 96.82564966075245 27.517447214657413 13
    endloop
  endfacet
  facet normal 0 0 1
    outer loop
      vertex 96.67896304765429 26.78000381166286 13
      vertex 96.67896304765429 27.21999618833714 13
      vertex 96.65727186783226 26.889052736612957 13
    endloop
  endfacet
  facet normal 0 0 1
    outer loop
      vertex 96.7147023973654 26.674719082489673 13
      vertex 96.7147023973654 27.325280917510327 13
      vertex 96.67896304765429 26.78000381166286 13
    endloop
  endfacet
  facet normal 0 0 1
    outer loop
      vertex 96.76387840678322 26.575 13
      vertex 96.76387840678322 27.425 13
      vertex 96.7147023973654 26.674719082489673 13
    endloop
  endfacet
  facet normal 0 0 1
    outer loop
      vertex 96.65727186783226 26.889052736612957 13
      vertex 96.65727186783226 27.110947263387043 13
      vertex 96.65 27 13
    endloop
  endfacet
  facet normal 0 0 1
    outer loop
      vertex 96.65727186783226 26.889052736612957 13
      vertex 96.67896304765429 27.21999618833714 13
      vertex 96.65727186783226 27.110947263387043 13
    endloop
  endfacet
  facet normal 0 0 1
    outer loop
      vertex 96.67896304765429 26.78000381166286 13
      vertex 96.7147023973654 27.325280917510327 13
      vertex 96.67896304765429 27.21999618833714 13
    endloop
  endfacet
  facet normal 0 0 1
    outer loop
      vertex 96.7147023973654 26.674719082489673 13
      vertex 96.76387840678322 27.425 13
      vertex 96.7147023973654 27.325280917510327 13
    endloop
  endfacet
  facet normal 0 0 1
    outer loop
      vertex 96.76387840678322 26.575 13
      vertex 96.82564966075245 27.517447214657413 13
      vertex 96.76387840678322 27.425 13
    endloop
  endfacet
  facet normal 0 0 1
    outer loop
      vertex 97.075 26.263878406783228 13
      vertex 97.17471908248967 26.214702397365407 13
      vertex 97.17471908248967 27.785297602634593 13
    endloop
  endfacet
  facet normal 0 0 1
    outer loop
      vertex 97.28000381166285 26.178963047654292 13
      vertex 97.28000381166285 27.821036952345708 13
      vertex 97.17471908248967 26.214702397365407 13
    endloop
  endfacet
  facet normal 0 0 1
    outer loop
      vertex 97.28000381166285 26.178963047654292 13
      vertex 97.38905273661295 26.15727186783226 13
      vertex 97.38905273661295 27.84272813216774 13
    endloop
  endfacet
  facet normal 0 0 1
    outer loop
      vertex 97.38905273661295 26.15727186783226 13
      vertex 97.5 26.15 13
      vertex 97.5 27.85 13
    endloop
  endfacet
  facet normal 0 0 1
    outer loop
      vertex 96.89895923599144 26.398959235991434 13
      vertex 96.89895923599144 27.601040764008566 13
      vertex 96.82564966075245 26.482552785342587 13
    endloop
  endfacet
  facet normal 0 0 1
    outer loop
      vertex 96.89895923599144 26.398959235991434 13
      vertex 96.98255278534259 26.32564966075245 13
      vertex 96.98255278534259 27.67435033924755 13
    endloop
  endfacet
  facet normal 0 0 1
    outer loop
      vertex 97.075 26.263878406783228 13
      vertex 97.075 27.736121593216772 13
      vertex 96.98255278534259 26.32564966075245 13
    endloop
  endfacet
  facet normal 0 0 1
    outer loop
      vertex 97.5 26.15 13
      vertex 97.61094726338705 26.15727186783226 13
      vertex 97.61094726338705 27.84272813216774 13
    endloop
  endfacet
  facet normal 0 0 1
    outer loop
      vertex 97.61094726338705 26.15727186783226 13
      vertex 97.71999618833715 26.178963047654292 13
      vertex 97.71999618833715 27.821036952345708 13
    endloop
  endfacet
  facet normal 0 0 1
    outer loop
      vertex 97.71999618833715 26.178963047654292 13
      vertex 97.82528091751033 26.214702397365407 13
      vertex 97.82528091751033 27.785297602634593 13
    endloop
  endfacet
  facet normal 0 0 1
    outer loop
      vertex 97.82528091751033 26.214702397365407 13
      vertex 97.925 26.263878406783228 13
      vertex 97.925 27.736121593216772 13
    endloop
  endfacet
  facet normal 0 0 1
    outer loop
      vertex 97.925 26.263878406783228 13
      vertex 98.01744721465741 26.32564966075245 13
      vertex 98.01744721465741 27.67435033924755 13
    endloop
  endfacet
  facet normal 0 0 1
    outer loop
      vertex 98.01744721465741 26.32564966075245 13
      vertex 98.10104076400856 26.398959235991434 13
      vertex 98.10104076400856 27.601040764008566 13
    endloop
  endfacet
  facet normal 0 0 1
    outer loop
      vertex 96.82564966075245 26.482552785342587 13
      vertex 96.89895923599144 27.601040764008566 13
      vertex 96.82564966075245 27.517447214657413 13
    endloop
  endfacet
  facet normal 0 0 1
    outer loop
      vertex 96.89895923599144 26.398959235991434 13
      vertex 96.98255278534259 27.67435033924755 13
      vertex 96.89895923599144 27.601040764008566 13
    endloop
  endfacet
  facet normal 0 0 1
    outer loop
      vertex 96.98255278534259 26.32564966075245 13
      vertex 97.075 27.736121593216772 13
      vertex 96.98255278534259 27.67435033924755 13
    endloop
  endfacet
  facet normal 0 0 1
    outer loop
      vertex 97.075 26.263878406783228 13
      vertex 97.17471908248967 27.785297602634593 13
      vertex 97.075 27.736121593216772 13
    endloop
  endfacet
  facet normal 0 0 1
    outer loop
      vertex 97.17471908248967 26.214702397365407 13
      vertex 97.28000381166285 27.821036952345708 13
      vertex 97.17471908248967 27.785297602634593 13
    endloop
  endfacet
  facet normal 0 0 1
    outer loop
      vertex 97.28000381166285 26.178963047654292 13
      vertex 97.38905273661295 27.84272813216774 13
      vertex 97.28000381166285 27.821036952345708 13
    endloop
  endfacet
  facet normal 0 0 1
    outer loop
      vertex 97.38905273661295 26.15727186783226 13
      vertex 97.5 27.85 13
      vertex 97.38905273661295 27.84272813216774 13
    endloop
  endfacet
  facet normal 0 0 1
    outer loop
      vertex 97.5 26.15 13
      vertex 97.61094726338705 27.84272813216774 13
      vertex 97.5 27.85 13
    endloop
  endfacet
  facet normal 0 0 1
    outer loop
      vertex 97.61094726338705 26.15727186783226 13
      vertex 97.71999618833715 27.821036952345708 13
      vertex 97.61094726338705 27.84272813216774 13
    endloop
  endfacet
  facet normal 0 0 1
    outer loop
      vertex 97.71999618833715 26.178963047654292 13
      vertex 97.82528091751033 27.785297602634593 13
      vertex 97.71999618833715 27.821036952345708 13
    endloop
  endfacet
  facet normal 0 0 1
    outer loop
      vertex 97.82528091751033 26.214702397365407 13
      vertex 97.925 27.736121593216772 13
      vertex 97.82528091751033 27.785297602634593 13
    endloop
  endfacet
  facet normal 0 0 1
    outer loop
      vertex 97.925 26.263878406783228 13
      vertex 98.01744721465741 27.67435033924755 13
      vertex 97.925 27.736121593216772 13
    endloop
  endfacet
  facet normal 0 0 1
    outer loop
      vertex 98.01744721465741 26.32564966075245 13
      vertex 98.10104076400856 27.601040764008566 13
      vertex 98.01744721465741 27.67435033924755 13
    endloop
  endfacet
  facet normal 0 0 1
    outer loop
      vertex 98.10104076400856 26.398959235991434 13
      vertex 98.17435033924755 26.482552785342587 13
      vertex 98.17435033924755 27.517447214657413 13
    endloop
  endfacet
  facet normal 0 0 1
    outer loop
      vertex 98.17435033924755 26.482552785342587 13
      vertex 98.23612159321678 26.575 13
      vertex 98.23612159321678 27.425 13
    endloop
  endfacet
  facet normal 0 0 1
    outer loop
      vertex 98.23612159321678 26.575 13
      vertex 98.2852976026346 26.674719082489673 13
      vertex 98.2852976026346 27.325280917510327 13
    endloop
  endfacet
  facet normal 0 0 1
    outer loop
      vertex 98.2852976026346 26.674719082489673 13
      vertex 98.32103695234571 26.78000381166286 13
      vertex 98.32103695234571 27.21999618833714 13
    endloop
  endfacet
  facet normal 0 0 1
    outer loop
      vertex 98.32103695234571 26.78000381166286 13
      vertex 98.34272813216774 26.889052736612957 13
      vertex 98.34272813216774 27.110947263387043 13
    endloop
  endfacet
  facet normal 0 0 1
    outer loop
      vertex 98.10104076400856 26.398959235991434 13
      vertex 98.17435033924755 27.517447214657413 13
      vertex 98.10104076400856 27.601040764008566 13
    endloop
  endfacet
  facet normal 0 0 1
    outer loop
      vertex 98.17435033924755 26.482552785342587 13
      vertex 98.23612159321678 27.425 13
      vertex 98.17435033924755 27.517447214657413 13
    endloop
  endfacet
  facet normal 0 0 1
    outer loop
      vertex 98.23612159321678 26.575 13
      vertex 98.2852976026346 27.325280917510327 13
      vertex 98.23612159321678 27.425 13
    endloop
  endfacet
  facet normal 0 0 1
    outer loop
      vertex 98.34272813216774 26.889052736612957 13
      vertex 98.35 27 13
      vertex 98.34272813216774 27.110947263387043 13
    endloop
  endfacet
  facet normal 0 0 1
    outer loop
      vertex 98.32103695234571 26.78000381166286 13
      vertex 98.34272813216774 27.110947263387043 13
      vertex 98.32103695234571 27.21999618833714 13
    endloop
  endfacet
  facet normal 0 0 1
    outer loop
      vertex 98.2852976026346 26.674719082489673 13
      vertex 98.32103695234571 27.21999618833714 13
      vertex 98.2852976026346 27.325280917510327 13
    endloop
  endfacet
  facet normal 0.831469612302529 0.5555702330196263 0
    outer loop
      vertex 96.76387840678322 26.575 13
      vertex 96.76387840678322 26.575 18
      vertex 96.82564966075245 26.482552785342587 13
    endloop
  endfacet
  facet normal 0.8968727415326907 0.4422886902189963 0
    outer loop
      vertex 96.76387840678322 26.575 13
      vertex 96.7147023973654 26.674719082489673 13
      vertex 96.7147023973654 26.674719082489673 18
    endloop
  endfacet
  facet normal 0.9469301294951254 0.3214394653031036 0
    outer loop
      vertex 96.7147023973654 26.674719082489673 13
      vertex 96.67896304765429 26.78000381166286 13
      vertex 96.67896304765429 26.78000381166286 18
    endloop
  endfacet
  facet normal 0.9807852804032351 0.19509032201610535 0
    outer loop
      vertex 96.67896304765429 26.78000381166286 13
      vertex 96.65727186783226 26.889052736612957 13
      vertex 96.65727186783226 26.889052736612957 18
    endloop
  endfacet
  facet normal 0.9978589232386049 0.06540312923012195 0
    outer loop
      vertex 96.65727186783226 26.889052736612957 13
      vertex 96.65 27 13
      vertex 96.65 27 18
    endloop
  endfacet
  facet normal 0.9978589232386049 -0.06540312923012195 0
    outer loop
      vertex 96.65 27 13
      vertex 96.65727186783226 27.110947263387043 13
      vertex 96.65727186783226 27.110947263387043 18
    endloop
  endfacet
  facet normal 0.9807852804032351 -0.19509032201610535 0
    outer loop
      vertex 96.65727186783226 27.110947263387043 13
      vertex 96.67896304765429 27.21999618833714 13
      vertex 96.67896304765429 27.21999618833714 18
    endloop
  endfacet
  facet normal 0.5555702330196042 0.8314696123025438 0
    outer loop
      vertex 97.075 26.263878406783228 13
      vertex 96.98255278534259 26.32564966075245 13
      vertex 96.98255278534259 26.32564966075245 18
    endloop
  endfacet
  facet normal 0.4422886902190091 0.8968727415326845 0
    outer loop
      vertex 97.075 26.263878406783228 13
      vertex 97.075 26.263878406783228 18
      vertex 97.17471908248967 26.214702397365407 13
    endloop
  endfacet
  facet normal 0.3214394653031803 0.9469301294950994 0
    outer loop
      vertex 97.28000381166285 26.178963047654292 13
      vertex 97.17471908248967 26.214702397365407 13
      vertex 97.17471908248967 26.214702397365407 18
    endloop
  endfacet
  facet normal 0.19509032201612997 0.9807852804032302 0
    outer loop
      vertex 97.28000381166285 26.178963047654292 13
      vertex 97.28000381166285 26.178963047654292 18
      vertex 97.38905273661295 26.15727186783226 13
    endloop
  endfacet
  facet normal 0.0654031292301517 0.997858923238603 0
    outer loop
      vertex 97.38905273661295 26.15727186783226 13
      vertex 97.38905273661295 26.15727186783226 18
      vertex 97.5 26.15 13
    endloop
  endfacet
  facet normal -0.0654031292301517 0.997858923238603 0
    outer loop
      vertex 97.5 26.15 13
      vertex 97.5 26.15 18
      vertex 97.61094726338705 26.15727186783226 13
    endloop
  endfacet
  facet normal -0.19509032201612997 0.9807852804032302 0
    outer loop
      vertex 97.61094726338705 26.15727186783226 13
      vertex 97.61094726338705 26.15727186783226 18
      vertex 97.71999618833715 26.178963047654292 13
    endloop
  endfacet
  facet normal -0.3214394653031803 0.9469301294950994 0
    outer loop
      vertex 97.71999618833715 26.178963047654292 13
      vertex 97.71999618833715 26.178963047654292 18
      vertex 97.82528091751033 26.214702397365407 13
    endloop
  endfacet
  facet normal -0.4422886902190091 0.8968727415326845 0
    outer loop
      vertex 97.82528091751033 26.214702397365407 13
      vertex 97.82528091751033 26.214702397365407 18
      vertex 97.925 26.263878406783228 13
    endloop
  endfacet
  facet normal -0.5555702330196042 0.8314696123025438 0
    outer loop
      vertex 97.925 26.263878406783228 13
      vertex 97.925 26.263878406783228 18
      vertex 98.01744721465741 26.32564966075245 13
    endloop
  endfacet
  facet normal 0.6593458151000775 0.75183980747897 0
    outer loop
      vertex 96.89895923599144 26.398959235991434 13
      vertex 96.89895923599144 26.398959235991434 18
      vertex 96.98255278534259 26.32564966075245 13
    endloop
  endfacet
  facet normal 0.7518398074789362 0.6593458151001158 0
    outer loop
      vertex 96.89895923599144 26.398959235991434 13
      vertex 96.82564966075245 26.482552785342587 13
      vertex 96.82564966075245 26.482552785342587 18
    endloop
  endfacet
  facet normal -0.6593458151000775 0.75183980747897 0
    outer loop
      vertex 98.01744721465741 26.32564966075245 13
      vertex 98.01744721465741 26.32564966075245 18
      vertex 98.10104076400856 26.398959235991434 13
    endloop
  endfacet
  facet normal 0.9469301294951254 -0.3214394653031036 0
    outer loop
      vertex 96.67896304765429 27.21999618833714 13
      vertex 96.7147023973654 27.325280917510327 13
      vertex 96.7147023973654 27.325280917510327 18
    endloop
  endfacet
  facet normal 0.8968727415326907 -0.4422886902189963 0
    outer loop
      vertex 96.7147023973654 27.325280917510327 13
      vertex 96.76387840678322 27.425 13
      vertex 96.76387840678322 27.425 18
    endloop
  endfacet
  facet normal 0.831469612302529 -0.5555702330196263 0
    outer loop
      vertex 96.76387840678322 27.425 13
      vertex 96.82564966075245 27.517447214657413 13
      vertex 96.82564966075245 27.517447214657413 18
    endloop
  endfacet
  facet normal 0.7518398074789362 -0.6593458151001158 0
    outer loop
      vertex 96.82564966075245 27.517447214657413 13
      vertex 96.89895923599144 27.601040764008566 13
      vertex 96.89895923599144 27.601040764008566 18
    endloop
  endfacet
  facet normal 0.6593458151000775 -0.75183980747897 0
    outer loop
      vertex 96.89895923599144 27.601040764008566 13
      vertex 96.98255278534259 27.67435033924755 13
      vertex 96.98255278534259 27.67435033924755 18
    endloop
  endfacet
  facet normal 0.5555702330196042 -0.8314696123025438 0
    outer loop
      vertex 96.98255278534259 27.67435033924755 13
      vertex 97.075 27.736121593216772 13
      vertex 97.075 27.736121593216772 18
    endloop
  endfacet
  facet normal 0.4422886902190091 -0.8968727415326845 0
    outer loop
      vertex 97.075 27.736121593216772 13
      vertex 97.17471908248967 27.785297602634593 13
      vertex 97.17471908248967 27.785297602634593 18
    endloop
  endfacet
  facet normal 0.3214394653031803 -0.9469301294950994 0
    outer loop
      vertex 97.17471908248967 27.785297602634593 13
      vertex 97.28000381166285 27.821036952345708 13
      vertex 97.28000381166285 27.821036952345708 18
    endloop
  endfacet
  facet normal 0.19509032201612997 -0.9807852804032302 0
    outer loop
      vertex 97.28000381166285 27.821036952345708 13
      vertex 97.38905273661295 27.84272813216774 13
      vertex 97.38905273661295 27.84272813216774 18
    endloop
  endfacet
  facet normal 0.0654031292301517 -0.997858923238603 0
    outer loop
      vertex 97.38905273661295 27.84272813216774 13
      vertex 97.5 27.85 13
      vertex 97.5 27.85 18
    endloop
  endfacet
  facet normal -0.3214394653031803 -0.9469301294950994 0
    outer loop
      vertex 97.82528091751033 27.785297602634593 13
      vertex 97.82528091751033 27.785297602634593 18
      vertex 97.71999618833715 27.821036952345708 13
    endloop
  endfacet
  facet normal -0.0654031292301517 -0.997858923238603 0
    outer loop
      vertex 97.5 27.85 13
      vertex 97.61094726338705 27.84272813216774 13
      vertex 97.61094726338705 27.84272813216774 18
    endloop
  endfacet
  facet normal -0.19509032201612997 -0.9807852804032302 0
    outer loop
      vertex 97.61094726338705 27.84272813216774 13
      vertex 97.71999618833715 27.821036952345708 13
      vertex 97.71999618833715 27.821036952345708 18
    endloop
  endfacet
  facet normal -0.4422886902190091 -0.8968727415326845 0
    outer loop
      vertex 97.82528091751033 27.785297602634593 13
      vertex 97.925 27.736121593216772 13
      vertex 97.925 27.736121593216772 18
    endloop
  endfacet
  facet normal -0.5555702330196042 -0.8314696123025438 0
    outer loop
      vertex 97.925 27.736121593216772 13
      vertex 98.01744721465741 27.67435033924755 13
      vertex 98.01744721465741 27.67435033924755 18
    endloop
  endfacet
  facet normal -0.6593458151000775 -0.75183980747897 0
    outer loop
      vertex 98.10104076400856 27.601040764008566 13
      vertex 98.10104076400856 27.601040764008566 18
      vertex 98.01744721465741 27.67435033924755 13
    endloop
  endfacet
  facet normal -0.7518398074789362 0.6593458151001158 0
    outer loop
      vertex 98.10104076400856 26.398959235991434 13
      vertex 98.10104076400856 26.398959235991434 18
      vertex 98.17435033924755 26.482552785342587 13
    endloop
  endfacet
  facet normal -0.831469612302529 0.5555702330196263 0
    outer loop
      vertex 98.17435033924755 26.482552785342587 13
      vertex 98.17435033924755 26.482552785342587 18
      vertex 98.23612159321678 26.575 13
    endloop
  endfacet
  facet normal -0.8968727415326907 0.4422886902189963 0
    outer loop
      vertex 98.23612159321678 26.575 13
      vertex 98.23612159321678 26.575 18
      vertex 98.2852976026346 26.674719082489673 13
    endloop
  endfacet
  facet normal -0.9469301294951254 0.3214394653031036 0
    outer loop
      vertex 98.2852976026346 26.674719082489673 13
      vertex 98.2852976026346 26.674719082489673 18
      vertex 98.32103695234571 26.78000381166286 13
    endloop
  endfacet
  facet normal -0.9807852804032351 0.19509032201610535 0
    outer loop
      vertex 98.32103695234571 26.78000381166286 13
      vertex 98.32103695234571 26.78000381166286 18
      vertex 98.34272813216774 26.889052736612957 13
    endloop
  endfacet
  facet normal -0.9978589232386049 0.06540312923012195 0
    outer loop
      vertex 98.34272813216774 26.889052736612957 13
      vertex 98.34272813216774 26.889052736612957 18
      vertex 98.35 27 13
    endloop
  endfacet
  facet normal -0.9978589232386049 -0.06540312923012195 0
    outer loop
      vertex 98.35 27 13
      vertex 98.35 27 18
      vertex 98.34272813216774 27.110947263387043 13
    endloop
  endfacet
  facet normal -0.9807852804032351 -0.19509032201610535 0
    outer loop
      vertex 98.34272813216774 27.110947263387043 13
      vertex 98.34272813216774 27.110947263387043 18
      vertex 98.32103695234571 27.21999618833714 13
    endloop
  endfacet
  facet normal -0.8968727415326907 -0.4422886902189963 0
    outer loop
      vertex 98.2852976026346 27.325280917510327 13
      vertex 98.2852976026346 27.325280917510327 18
      vertex 98.23612159321678 27.425 13
    endloop
  endfacet
  facet normal -0.9469301294951254 -0.3214394653031036 0
    outer loop
      vertex 98.32103695234571 27.21999618833714 13
      vertex 98.32103695234571 27.21999618833714 18
      vertex 98.2852976026346 27.325280917510327 13
    endloop
  endfacet
  facet normal -0.831469612302529 -0.5555702330196263 0
    outer loop
      vertex 98.17435033924755 27.517447214657413 13
      vertex 98.23612159321678 27.425 13
      vertex 98.23612159321678 27.425 18
    endloop
  endfacet
  facet normal -0.7518398074789362 -0.6593458151001158 0
    outer loop
      vertex 98.17435033924755 27.517447214657413 13
      vertex 98.17435033924755 27.517447214657413 18
      vertex 98.10104076400856 27.601040764008566 13
    endloop
  endfacet
  facet normal 0.831469612302529 0.5555702330196263 0
    outer loop
      vertex 96.82564966075245 26.482552785342587 13
      vertex 96.76387840678322 26.575 18
      vertex 96.82564966075245 26.482552785342587 18
    endloop
  endfacet
  facet normal 0.8968727415326907 0.4422886902189963 0
    outer loop
      vertex 96.76387840678322 26.575 13
      vertex 96.7147023973654 26.674719082489673 18
      vertex 96.76387840678322 26.575 18
    endloop
  endfacet
  facet normal 0.9469301294951254 0.3214394653031036 0
    outer loop
      vertex 96.7147023973654 26.674719082489673 13
      vertex 96.67896304765429 26.78000381166286 18
      vertex 96.7147023973654 26.674719082489673 18
    endloop
  endfacet
  facet normal 0.9807852804032351 0.19509032201610535 0
    outer loop
      vertex 96.67896304765429 26.78000381166286 13
      vertex 96.65727186783226 26.889052736612957 18
      vertex 96.67896304765429 26.78000381166286 18
    endloop
  endfacet
  facet normal 0.9978589232386049 0.06540312923012195 0
    outer loop
      vertex 96.65727186783226 26.889052736612957 13
      vertex 96.65 27 18
      vertex 96.65727186783226 26.889052736612957 18
    endloop
  endfacet
  facet normal 0.9978589232386049 -0.06540312923012195 0
    outer loop
      vertex 96.65 27 13
      vertex 96.65727186783226 27.110947263387043 18
      vertex 96.65 27 18
    endloop
  endfacet
  facet normal 0.9807852804032351 -0.19509032201610535 0
    outer loop
      vertex 96.65727186783226 27.110947263387043 13
      vertex 96.67896304765429 27.21999618833714 18
      vertex 96.65727186783226 27.110947263387043 18
    endloop
  endfacet
  facet normal 0.5555702330196042 0.8314696123025438 0
    outer loop
      vertex 97.075 26.263878406783228 13
      vertex 96.98255278534259 26.32564966075245 18
      vertex 97.075 26.263878406783228 18
    endloop
  endfacet
  facet normal 0.4422886902190091 0.8968727415326845 0
    outer loop
      vertex 97.17471908248967 26.214702397365407 13
      vertex 97.075 26.263878406783228 18
      vertex 97.17471908248967 26.214702397365407 18
    endloop
  endfacet
  facet normal 0.3214394653031803 0.9469301294950994 0
    outer loop
      vertex 97.28000381166285 26.178963047654292 13
      vertex 97.17471908248967 26.214702397365407 18
      vertex 97.28000381166285 26.178963047654292 18
    endloop
  endfacet
  facet normal 0.19509032201612997 0.9807852804032302 0
    outer loop
      vertex 97.38905273661295 26.15727186783226 13
      vertex 97.28000381166285 26.178963047654292 18
      vertex 97.38905273661295 26.15727186783226 18
    endloop
  endfacet
  facet normal 0.0654031292301517 0.997858923238603 0
    outer loop
      vertex 97.5 26.15 13
      vertex 97.38905273661295 26.15727186783226 18
      vertex 97.5 26.15 18
    endloop
  endfacet
  facet normal -0.0654031292301517 0.997858923238603 0
    outer loop
      vertex 97.61094726338705 26.15727186783226 13
      vertex 97.5 26.15 18
      vertex 97.61094726338705 26.15727186783226 18
    endloop
  endfacet
  facet normal -0.19509032201612997 0.9807852804032302 0
    outer loop
      vertex 97.71999618833715 26.178963047654292 13
      vertex 97.61094726338705 26.15727186783226 18
      vertex 97.71999618833715 26.178963047654292 18
    endloop
  endfacet
  facet normal -0.3214394653031803 0.9469301294950994 0
    outer loop
      vertex 97.82528091751033 26.214702397365407 13
      vertex 97.71999618833715 26.178963047654292 18
      vertex 97.82528091751033 26.214702397365407 18
    endloop
  endfacet
  facet normal -0.4422886902190091 0.8968727415326845 0
    outer loop
      vertex 97.925 26.263878406783228 13
      vertex 97.82528091751033 26.214702397365407 18
      vertex 97.925 26.263878406783228 18
    endloop
  endfacet
  facet normal -0.5555702330196042 0.8314696123025438 0
    outer loop
      vertex 98.01744721465741 26.32564966075245 13
      vertex 97.925 26.263878406783228 18
      vertex 98.01744721465741 26.32564966075245 18
    endloop
  endfacet
  facet normal 0.7518398074789362 0.6593458151001158 0
    outer loop
      vertex 96.89895923599144 26.398959235991434 13
      vertex 96.82564966075245 26.482552785342587 18
      vertex 96.89895923599144 26.398959235991434 18
    endloop
  endfacet
  facet normal 0.6593458151000775 0.75183980747897 0
    outer loop
      vertex 96.98255278534259 26.32564966075245 13
      vertex 96.89895923599144 26.398959235991434 18
      vertex 96.98255278534259 26.32564966075245 18
    endloop
  endfacet
  facet normal -0.6593458151000775 0.75183980747897 0
    outer loop
      vertex 98.10104076400856 26.398959235991434 13
      vertex 98.01744721465741 26.32564966075245 18
      vertex 98.10104076400856 26.398959235991434 18
    endloop
  endfacet
  facet normal 0.9469301294951254 -0.3214394653031036 0
    outer loop
      vertex 96.67896304765429 27.21999618833714 13
      vertex 96.7147023973654 27.325280917510327 18
      vertex 96.67896304765429 27.21999618833714 18
    endloop
  endfacet
  facet normal 0.8968727415326907 -0.4422886902189963 0
    outer loop
      vertex 96.7147023973654 27.325280917510327 13
      vertex 96.76387840678322 27.425 18
      vertex 96.7147023973654 27.325280917510327 18
    endloop
  endfacet
  facet normal 0.831469612302529 -0.5555702330196263 0
    outer loop
      vertex 96.76387840678322 27.425 13
      vertex 96.82564966075245 27.517447214657413 18
      vertex 96.76387840678322 27.425 18
    endloop
  endfacet
  facet normal 0.7518398074789362 -0.6593458151001158 0
    outer loop
      vertex 96.82564966075245 27.517447214657413 13
      vertex 96.89895923599144 27.601040764008566 18
      vertex 96.82564966075245 27.517447214657413 18
    endloop
  endfacet
  facet normal 0.6593458151000775 -0.75183980747897 0
    outer loop
      vertex 96.89895923599144 27.601040764008566 13
      vertex 96.98255278534259 27.67435033924755 18
      vertex 96.89895923599144 27.601040764008566 18
    endloop
  endfacet
  facet normal 0.5555702330196042 -0.8314696123025438 0
    outer loop
      vertex 96.98255278534259 27.67435033924755 13
      vertex 97.075 27.736121593216772 18
      vertex 96.98255278534259 27.67435033924755 18
    endloop
  endfacet
  facet normal 0.4422886902190091 -0.8968727415326845 0
    outer loop
      vertex 97.075 27.736121593216772 13
      vertex 97.17471908248967 27.785297602634593 18
      vertex 97.075 27.736121593216772 18
    endloop
  endfacet
  facet normal 0.3214394653031803 -0.9469301294950994 0
    outer loop
      vertex 97.17471908248967 27.785297602634593 13
      vertex 97.28000381166285 27.821036952345708 18
      vertex 97.17471908248967 27.785297602634593 18
    endloop
  endfacet
  facet normal 0.19509032201612997 -0.9807852804032302 0
    outer loop
      vertex 97.28000381166285 27.821036952345708 13
      vertex 97.38905273661295 27.84272813216774 18
      vertex 97.28000381166285 27.821036952345708 18
    endloop
  endfacet
  facet normal 0.0654031292301517 -0.997858923238603 0
    outer loop
      vertex 97.38905273661295 27.84272813216774 13
      vertex 97.5 27.85 18
      vertex 97.38905273661295 27.84272813216774 18
    endloop
  endfacet
  facet normal -0.3214394653031803 -0.9469301294950994 0
    outer loop
      vertex 97.71999618833715 27.821036952345708 13
      vertex 97.82528091751033 27.785297602634593 18
      vertex 97.71999618833715 27.821036952345708 18
    endloop
  endfacet
  facet normal -0.0654031292301517 -0.997858923238603 0
    outer loop
      vertex 97.5 27.85 13
      vertex 97.61094726338705 27.84272813216774 18
      vertex 97.5 27.85 18
    endloop
  endfacet
  facet normal -0.19509032201612997 -0.9807852804032302 0
    outer loop
      vertex 97.61094726338705 27.84272813216774 13
      vertex 97.71999618833715 27.821036952345708 18
      vertex 97.61094726338705 27.84272813216774 18
    endloop
  endfacet
  facet normal -0.4422886902190091 -0.8968727415326845 0
    outer loop
      vertex 97.82528091751033 27.785297602634593 13
      vertex 97.925 27.736121593216772 18
      vertex 97.82528091751033 27.785297602634593 18
    endloop
  endfacet
  facet normal -0.5555702330196042 -0.8314696123025438 0
    outer loop
      vertex 97.925 27.736121593216772 13
      vertex 98.01744721465741 27.67435033924755 18
      vertex 97.925 27.736121593216772 18
    endloop
  endfacet
  facet normal -0.6593458151000775 -0.75183980747897 0
    outer loop
      vertex 98.01744721465741 27.67435033924755 13
      vertex 98.10104076400856 27.601040764008566 18
      vertex 98.01744721465741 27.67435033924755 18
    endloop
  endfacet
  facet normal -0.7518398074789362 0.6593458151001158 0
    outer loop
      vertex 98.17435033924755 26.482552785342587 13
      vertex 98.10104076400856 26.398959235991434 18
      vertex 98.17435033924755 26.482552785342587 18
    endloop
  endfacet
  facet normal -0.831469612302529 0.5555702330196263 0
    outer loop
      vertex 98.23612159321678 26.575 13
      vertex 98.17435033924755 26.482552785342587 18
      vertex 98.23612159321678 26.575 18
    endloop
  endfacet
  facet normal -0.8968727415326907 0.4422886902189963 0
    outer loop
      vertex 98.2852976026346 26.674719082489673 13
      vertex 98.23612159321678 26.575 18
      vertex 98.2852976026346 26.674719082489673 18
    endloop
  endfacet
  facet normal -0.9469301294951254 0.3214394653031036 0
    outer loop
      vertex 98.32103695234571 26.78000381166286 13
      vertex 98.2852976026346 26.674719082489673 18
      vertex 98.32103695234571 26.78000381166286 18
    endloop
  endfacet
  facet normal -0.9807852804032351 0.19509032201610535 0
    outer loop
      vertex 98.34272813216774 26.889052736612957 13
      vertex 98.32103695234571 26.78000381166286 18
      vertex 98.34272813216774 26.889052736612957 18
    endloop
  endfacet
  facet normal -0.9978589232386049 0.06540312923012195 0
    outer loop
      vertex 98.35 27 13
      vertex 98.34272813216774 26.889052736612957 18
      vertex 98.35 27 18
    endloop
  endfacet
  facet normal -0.9978589232386049 -0.06540312923012195 0
    outer loop
      vertex 98.34272813216774 27.110947263387043 13
      vertex 98.35 27 18
      vertex 98.34272813216774 27.110947263387043 18
    endloop
  endfacet
  facet normal -0.9807852804032351 -0.19509032201610535 0
    outer loop
      vertex 98.32103695234571 27.21999618833714 13
      vertex 98.34272813216774 27.110947263387043 18
      vertex 98.32103695234571 27.21999618833714 18
    endloop
  endfacet
  facet normal -0.8968727415326907 -0.4422886902189963 0
    outer loop
      vertex 98.23612159321678 27.425 13
      vertex 98.2852976026346 27.325280917510327 18
      vertex 98.23612159321678 27.425 18
    endloop
  endfacet
  facet normal -0.9469301294951254 -0.3214394653031036 0
    outer loop
      vertex 98.2852976026346 27.325280917510327 13
      vertex 98.32103695234571 27.21999618833714 18
      vertex 98.2852976026346 27.325280917510327 18
    endloop
  endfacet
  facet normal -0.831469612302529 -0.5555702330196263 0
    outer loop
      vertex 98.17435033924755 27.517447214657413 13
      vertex 98.23612159321678 27.425 18
      vertex 98.17435033924755 27.517447214657413 18
    endloop
  endfacet
  facet normal -0.7518398074789362 -0.6593458151001158 0
    outer loop
      vertex 98.10104076400856 27.601040764008566 13
      vertex 98.17435033924755 27.517447214657413 18
      vertex 98.10104076400856 27.601040764008566 18
    endloop
  endfacet
  facet normal 0 0 1
    outer loop
      vertex 114.2147023973654 50.47471908248967 13
      vertex 114.2147023973654 51.125280917510324 13
      vertex 114.17896304765429 50.580003811662856 13
    endloop
  endfacet
  facet normal 0 0 1
    outer loop
      vertex 114.15727186783226 50.68905273661295 13
      vertex 114.15727186783226 50.910947263387044 13
      vertex 114.15 50.8 13
    endloop
  endfacet
  facet normal 0 0 1
    outer loop
      vertex 114.15727186783226 50.68905273661295 13
      vertex 114.17896304765429 50.580003811662856 13
      vertex 114.17896304765429 51.01999618833714 13
    endloop
  endfacet
  facet normal 0 0 1
    outer loop
      vertex 114.39895923599144 50.19895923599143 13
      vertex 114.48255278534259 50.125649660752444 13
      vertex 114.48255278534259 51.47435033924755 13
    endloop
  endfacet
  facet normal 0 0 1
    outer loop
      vertex 114.2147023973654 50.47471908248967 13
      vertex 114.26387840678322 50.375 13
      vertex 114.26387840678322 51.224999999999994 13
    endloop
  endfacet
  facet normal 0 0 1
    outer loop
      vertex 114.32564966075245 50.28255278534259 13
      vertex 114.32564966075245 51.317447214657406 13
      vertex 114.26387840678322 50.375 13
    endloop
  endfacet
  facet normal 0 0 1
    outer loop
      vertex 114.39895923599144 50.19895923599143 13
      vertex 114.39895923599144 51.40104076400856 13
      vertex 114.32564966075245 50.28255278534259 13
    endloop
  endfacet
  facet normal 0 0 1
    outer loop
      vertex 114.48255278534259 50.125649660752444 13
      vertex 114.575 50.063878406783225 13
      vertex 114.575 51.53612159321677 13
    endloop
  endfacet
  facet normal 0 0 1
    outer loop
      vertex 114.575 50.063878406783225 13
      vertex 114.67471908248967 50.014702397365404 13
      vertex 114.67471908248967 51.58529760263459 13
    endloop
  endfacet
  facet normal 0 0 1
    outer loop
      vertex 114.78000381166285 49.97896304765429 13
      vertex 114.78000381166285 51.621036952345705 13
      vertex 114.67471908248967 50.014702397365404 13
    endloop
  endfacet
  facet normal 0 0 1
    outer loop
      vertex 114.78000381166285 49.97896304765429 13
      vertex 114.88905273661295 49.95727186783226 13
      vertex 114.88905273661295 51.64272813216773 13
    endloop
  endfacet
  facet normal 0 0 1
    outer loop
      vertex 114.88905273661295 49.95727186783226 13
      vertex 115 49.949999999999996 13
      vertex 115 51.65 13
    endloop
  endfacet
  facet normal 0 0 1
    outer loop
      vertex 115 49.949999999999996 13
      vertex 115.11094726338705 49.95727186783226 13
      vertex 115.11094726338705 51.64272813216773 13
    endloop
  endfacet
  facet normal 0 0 1
    outer loop
      vertex 115.11094726338705 49.95727186783226 13
      vertex 115.21999618833715 49.97896304765429 13
      vertex 115.21999618833715 51.621036952345705 13
    endloop
  endfacet
  facet normal 0 0 1
    outer loop
      vertex 115.21999618833715 49.97896304765429 13
      vertex 115.32528091751033 50.014702397365404 13
      vertex 115.32528091751033 51.58529760263459 13
    endloop
  endfacet
  facet normal 0 0 1
    outer loop
      vertex 115.32528091751033 50.014702397365404 13
      vertex 115.425 50.063878406783225 13
      vertex 115.425 51.53612159321677 13
    endloop
  endfacet
  facet normal 0 0 1
    outer loop
      vertex 115.425 50.063878406783225 13
      vertex 115.51744721465741 50.125649660752444 13
      vertex 115.51744721465741 51.47435033924755 13
    endloop
  endfacet
  facet normal 0 0 1
    outer loop
      vertex 115.51744721465741 50.125649660752444 13
      vertex 115.60104076400856 50.19895923599143 13
      vertex 115.60104076400856 51.40104076400856 13
    endloop
  endfacet
  facet normal 0 0 1
    outer loop
      vertex 115.60104076400856 50.19895923599143 13
      vertex 115.67435033924755 50.28255278534259 13
      vertex 115.67435033924755 51.317447214657406 13
    endloop
  endfacet
  facet normal 0 0 1
    outer loop
      vertex 115.67435033924755 50.28255278534259 13
      vertex 115.73612159321678 50.375 13
      vertex 115.73612159321678 51.224999999999994 13
    endloop
  endfacet
  facet normal 0 0 1
    outer loop
      vertex 115.73612159321678 50.375 13
      vertex 115.7852976026346 50.47471908248967 13
      vertex 115.7852976026346 51.125280917510324 13
    endloop
  endfacet
  facet normal 0 0 1
    outer loop
      vertex 115.7852976026346 50.47471908248967 13
      vertex 115.82103695234571 50.580003811662856 13
      vertex 115.82103695234571 51.01999618833714 13
    endloop
  endfacet
  facet normal 0 0 1
    outer loop
      vertex 115.82103695234571 50.580003811662856 13
      vertex 115.84272813216774 50.68905273661295 13
      vertex 115.84272813216774 50.910947263387044 13
    endloop
  endfacet
  facet normal 0 0 1
    outer loop
      vertex 115.84272813216774 50.68905273661295 13
      vertex 115.85 50.8 13
      vertex 115.84272813216774 50.910947263387044 13
    endloop
  endfacet
  facet normal 0 0 1
    outer loop
      vertex 114.15727186783226 50.68905273661295 13
      vertex 114.17896304765429 51.01999618833714 13
      vertex 114.15727186783226 50.910947263387044 13
    endloop
  endfacet
  facet normal 0 0 1
    outer loop
      vertex 114.17896304765429 50.580003811662856 13
      vertex 114.2147023973654 51.125280917510324 13
      vertex 114.17896304765429 51.01999618833714 13
    endloop
  endfacet
  facet normal 0 0 1
    outer loop
      vertex 114.2147023973654 50.47471908248967 13
      vertex 114.26387840678322 51.224999999999994 13
      vertex 114.2147023973654 51.125280917510324 13
    endloop
  endfacet
  facet normal 0 0 1
    outer loop
      vertex 114.26387840678322 50.375 13
      vertex 114.32564966075245 51.317447214657406 13
      vertex 114.26387840678322 51.224999999999994 13
    endloop
  endfacet
  facet normal 0 0 1
    outer loop
      vertex 114.32564966075245 50.28255278534259 13
      vertex 114.39895923599144 51.40104076400856 13
      vertex 114.32564966075245 51.317447214657406 13
    endloop
  endfacet
  facet normal 0 0 1
    outer loop
      vertex 114.39895923599144 50.19895923599143 13
      vertex 114.48255278534259 51.47435033924755 13
      vertex 114.39895923599144 51.40104076400856 13
    endloop
  endfacet
  facet normal 0 0 1
    outer loop
      vertex 114.48255278534259 50.125649660752444 13
      vertex 114.575 51.53612159321677 13
      vertex 114.48255278534259 51.47435033924755 13
    endloop
  endfacet
  facet normal 0 0 1
    outer loop
      vertex 114.575 50.063878406783225 13
      vertex 114.67471908248967 51.58529760263459 13
      vertex 114.575 51.53612159321677 13
    endloop
  endfacet
  facet normal 0 0 1
    outer loop
      vertex 114.67471908248967 50.014702397365404 13
      vertex 114.78000381166285 51.621036952345705 13
      vertex 114.67471908248967 51.58529760263459 13
    endloop
  endfacet
  facet normal 0 0 1
    outer loop
      vertex 114.78000381166285 49.97896304765429 13
      vertex 114.88905273661295 51.64272813216773 13
      vertex 114.78000381166285 51.621036952345705 13
    endloop
  endfacet
  facet normal 0 0 1
    outer loop
      vertex 114.88905273661295 49.95727186783226 13
      vertex 115 51.65 13
      vertex 114.88905273661295 51.64272813216773 13
    endloop
  endfacet
  facet normal 0 0 1
    outer loop
      vertex 115 49.949999999999996 13
      vertex 115.11094726338705 51.64272813216773 13
      vertex 115 51.65 13
    endloop
  endfacet
  facet normal 0 0 1
    outer loop
      vertex 115.11094726338705 49.95727186783226 13
      vertex 115.21999618833715 51.621036952345705 13
      vertex 115.11094726338705 51.64272813216773 13
    endloop
  endfacet
  facet normal 0 0 1
    outer loop
      vertex 115.21999618833715 49.97896304765429 13
      vertex 115.32528091751033 51.58529760263459 13
      vertex 115.21999618833715 51.621036952345705 13
    endloop
  endfacet
  facet normal 0 0 1
    outer loop
      vertex 115.32528091751033 50.014702397365404 13
      vertex 115.425 51.53612159321677 13
      vertex 115.32528091751033 51.58529760263459 13
    endloop
  endfacet
  facet normal 0 0 1
    outer loop
      vertex 115.425 50.063878406783225 13
      vertex 115.51744721465741 51.47435033924755 13
      vertex 115.425 51.53612159321677 13
    endloop
  endfacet
  facet normal 0 0 1
    outer loop
      vertex 115.51744721465741 50.125649660752444 13
      vertex 115.60104076400856 51.40104076400856 13
      vertex 115.51744721465741 51.47435033924755 13
    endloop
  endfacet
  facet normal 0 0 1
    outer loop
      vertex 115.60104076400856 50.19895923599143 13
      vertex 115.67435033924755 51.317447214657406 13
      vertex 115.60104076400856 51.40104076400856 13
    endloop
  endfacet
  facet normal 0 0 1
    outer loop
      vertex 115.73612159321678 50.375 13
      vertex 115.7852976026346 51.125280917510324 13
      vertex 115.73612159321678 51.224999999999994 13
    endloop
  endfacet
  facet normal 0 0 1
    outer loop
      vertex 115.82103695234571 50.580003811662856 13
      vertex 115.84272813216774 50.910947263387044 13
      vertex 115.82103695234571 51.01999618833714 13
    endloop
  endfacet
  facet normal 0 0 1
    outer loop
      vertex 115.7852976026346 50.47471908248967 13
      vertex 115.82103695234571 51.01999618833714 13
      vertex 115.7852976026346 51.125280917510324 13
    endloop
  endfacet
  facet normal 0 0 1
    outer loop
      vertex 115.67435033924755 50.28255278534259 13
      vertex 115.73612159321678 51.224999999999994 13
      vertex 115.67435033924755 51.317447214657406 13
    endloop
  endfacet
  facet normal 0.0654031292301835 0.9978589232386008 0
    outer loop
      vertex 114.88905273661295 49.95727186783226 13
      vertex 114.88905273661295 49.95727186783226 18
      vertex 115 49.949999999999996 13
    endloop
  endfacet
  facet normal -0.0654031292301835 0.9978589232386008 0
    outer loop
      vertex 115 49.949999999999996 13
      vertex 115 49.949999999999996 18
      vertex 115.11094726338705 49.95727186783226 13
    endloop
  endfacet
  facet normal -0.19509032201609922 0.9807852804032362 0
    outer loop
      vertex 115.11094726338705 49.95727186783226 13
      vertex 115.11094726338705 49.95727186783226 18
      vertex 115.21999618833715 49.97896304765429 13
    endloop
  endfacet
  facet normal 0.6593458151000955 0.751839807478954 0
    outer loop
      vertex 114.39895923599144 50.19895923599143 13
      vertex 114.39895923599144 50.19895923599143 18
      vertex 114.48255278534259 50.125649660752444 13
    endloop
  endfacet
  facet normal 0.5555702330195822 0.8314696123025588 0
    outer loop
      vertex 114.48255278534259 50.125649660752444 13
      vertex 114.48255278534259 50.125649660752444 18
      vertex 114.575 50.063878406783225 13
    endloop
  endfacet
  facet normal 0.7518398074789501 0.6593458151000999 0
    outer loop
      vertex 114.39895923599144 50.19895923599143 13
      vertex 114.32564966075245 50.28255278534259 13
      vertex 114.32564966075245 50.28255278534259 18
    endloop
  endfacet
  facet normal 0.831469612302529 0.5555702330196263 0
    outer loop
      vertex 114.32564966075245 50.28255278534259 13
      vertex 114.26387840678322 50.375 13
      vertex 114.26387840678322 50.375 18
    endloop
  endfacet
  facet normal 0.9469301294951254 0.3214394653031036 0
    outer loop
      vertex 114.2147023973654 50.47471908248967 13
      vertex 114.17896304765429 50.580003811662856 13
      vertex 114.17896304765429 50.580003811662856 18
    endloop
  endfacet
  facet normal 0.9807852804032339 0.19509032201611146 0
    outer loop
      vertex 114.15727186783226 50.68905273661295 13
      vertex 114.15727186783226 50.68905273661295 18
      vertex 114.17896304765429 50.580003811662856 13
    endloop
  endfacet
  facet normal 0.997858923238605 0.06540312923011987 0
    outer loop
      vertex 114.15727186783226 50.68905273661295 13
      vertex 114.15 50.8 13
      vertex 114.15 50.8 18
    endloop
  endfacet
  facet normal 0.8968727415326845 0.4422886902190091 0
    outer loop
      vertex 114.2147023973654 50.47471908248967 13
      vertex 114.2147023973654 50.47471908248967 18
      vertex 114.26387840678322 50.375 13
    endloop
  endfacet
  facet normal 0.4422886902190091 0.8968727415326845 0
    outer loop
      vertex 114.575 50.063878406783225 13
      vertex 114.575 50.063878406783225 18
      vertex 114.67471908248967 50.014702397365404 13
    endloop
  endfacet
  facet normal 0.3214394653031803 0.9469301294950994 0
    outer loop
      vertex 114.78000381166285 49.97896304765429 13
      vertex 114.67471908248967 50.014702397365404 13
      vertex 114.67471908248967 50.014702397365404 18
    endloop
  endfacet
  facet normal 0.19509032201609922 0.9807852804032362 0
    outer loop
      vertex 114.78000381166285 49.97896304765429 13
      vertex 114.78000381166285 49.97896304765429 18
      vertex 114.88905273661295 49.95727186783226 13
    endloop
  endfacet
  facet normal -0.3214394653031803 0.9469301294950994 0
    outer loop
      vertex 115.21999618833715 49.97896304765429 13
      vertex 115.21999618833715 49.97896304765429 18
      vertex 115.32528091751033 50.014702397365404 13
    endloop
  endfacet
  facet normal -0.4422886902190091 0.8968727415326845 0
    outer loop
      vertex 115.32528091751033 50.014702397365404 13
      vertex 115.32528091751033 50.014702397365404 18
      vertex 115.425 50.063878406783225 13
    endloop
  endfacet
  facet normal -0.5555702330195822 0.8314696123025588 0
    outer loop
      vertex 115.425 50.063878406783225 13
      vertex 115.425 50.063878406783225 18
      vertex 115.51744721465741 50.125649660752444 13
    endloop
  endfacet
  facet normal -0.6593458151000955 0.751839807478954 0
    outer loop
      vertex 115.51744721465741 50.125649660752444 13
      vertex 115.51744721465741 50.125649660752444 18
      vertex 115.60104076400856 50.19895923599143 13
    endloop
  endfacet
  facet normal -0.7518398074789501 0.6593458151000999 0
    outer loop
      vertex 115.60104076400856 50.19895923599143 13
      vertex 115.60104076400856 50.19895923599143 18
      vertex 115.67435033924755 50.28255278534259 13
    endloop
  endfacet
  facet normal -0.831469612302529 0.5555702330196263 0
    outer loop
      vertex 115.67435033924755 50.28255278534259 13
      vertex 115.67435033924755 50.28255278534259 18
      vertex 115.73612159321678 50.375 13
    endloop
  endfacet
  facet normal -0.8968727415326845 0.4422886902190091 0
    outer loop
      vertex 115.73612159321678 50.375 13
      vertex 115.73612159321678 50.375 18
      vertex 115.7852976026346 50.47471908248967 13
    endloop
  endfacet
  facet normal -0.9469301294951254 0.3214394653031036 0
    outer loop
      vertex 115.7852976026346 50.47471908248967 13
      vertex 115.7852976026346 50.47471908248967 18
      vertex 115.82103695234571 50.580003811662856 13
    endloop
  endfacet
  facet normal -0.9807852804032339 0.19509032201611146 0
    outer loop
      vertex 115.82103695234571 50.580003811662856 13
      vertex 115.82103695234571 50.580003811662856 18
      vertex 115.84272813216774 50.68905273661295 13
    endloop
  endfacet
  facet normal -0.997858923238605 0.06540312923011987 0
    outer loop
      vertex 115.84272813216774 50.68905273661295 13
      vertex 115.84272813216774 50.68905273661295 18
      vertex 115.85 50.8 13
    endloop
  endfacet
  facet normal 0.997858923238605 -0.06540312923011987 0
    outer loop
      vertex 114.15 50.8 13
      vertex 114.15727186783226 50.910947263387044 13
      vertex 114.15727186783226 50.910947263387044 18
    endloop
  endfacet
  facet normal 0.9807852804032339 -0.19509032201611146 0
    outer loop
      vertex 114.15727186783226 50.910947263387044 13
      vertex 114.17896304765429 51.01999618833714 13
      vertex 114.17896304765429 51.01999618833714 18
    endloop
  endfacet
  facet normal 0.9469301294951254 -0.3214394653031036 0
    outer loop
      vertex 114.17896304765429 51.01999618833714 13
      vertex 114.2147023973654 51.125280917510324 13
      vertex 114.2147023973654 51.125280917510324 18
    endloop
  endfacet
  facet normal 0.8968727415326845 -0.4422886902190091 0
    outer loop
      vertex 114.2147023973654 51.125280917510324 13
      vertex 114.26387840678322 51.224999999999994 13
      vertex 114.26387840678322 51.224999999999994 18
    endloop
  endfacet
  facet normal 0.831469612302529 -0.5555702330196263 0
    outer loop
      vertex 114.26387840678322 51.224999999999994 13
      vertex 114.32564966075245 51.317447214657406 13
      vertex 114.32564966075245 51.317447214657406 18
    endloop
  endfacet
  facet normal 0.7518398074789501 -0.6593458151000999 0
    outer loop
      vertex 114.32564966075245 51.317447214657406 13
      vertex 114.39895923599144 51.40104076400856 13
      vertex 114.39895923599144 51.40104076400856 18
    endloop
  endfacet
  facet normal 0.6593458151000955 -0.751839807478954 0
    outer loop
      vertex 114.39895923599144 51.40104076400856 13
      vertex 114.48255278534259 51.47435033924755 13
      vertex 114.48255278534259 51.47435033924755 18
    endloop
  endfacet
  facet normal 0.5555702330195822 -0.8314696123025588 0
    outer loop
      vertex 114.48255278534259 51.47435033924755 13
      vertex 114.575 51.53612159321677 13
      vertex 114.575 51.53612159321677 18
    endloop
  endfacet
  facet normal 0.4422886902190091 -0.8968727415326845 0
    outer loop
      vertex 114.575 51.53612159321677 13
      vertex 114.67471908248967 51.58529760263459 13
      vertex 114.67471908248967 51.58529760263459 18
    endloop
  endfacet
  facet normal 0.3214394653031803 -0.9469301294950994 0
    outer loop
      vertex 114.67471908248967 51.58529760263459 13
      vertex 114.78000381166285 51.621036952345705 13
      vertex 114.78000381166285 51.621036952345705 18
    endloop
  endfacet
  facet normal 0.19509032201609922 -0.9807852804032362 0
    outer loop
      vertex 114.78000381166285 51.621036952345705 13
      vertex 114.88905273661295 51.64272813216773 13
      vertex 114.88905273661295 51.64272813216773 18
    endloop
  endfacet
  facet normal 0.0654031292301835 -0.9978589232386008 0
    outer loop
      vertex 114.88905273661295 51.64272813216773 13
      vertex 115 51.65 13
      vertex 115 51.65 18
    endloop
  endfacet
  facet normal -0.0654031292301835 -0.9978589232386008 0
    outer loop
      vertex 115 51.65 13
      vertex 115.11094726338705 51.64272813216773 13
      vertex 115.11094726338705 51.64272813216773 18
    endloop
  endfacet
  facet normal -0.19509032201609922 -0.9807852804032362 0
    outer loop
      vertex 115.11094726338705 51.64272813216773 13
      vertex 115.21999618833715 51.621036952345705 13
      vertex 115.21999618833715 51.621036952345705 18
    endloop
  endfacet
  facet normal -0.9807852804032339 -0.19509032201611146 0
    outer loop
      vertex 115.84272813216774 50.910947263387044 13
      vertex 115.84272813216774 50.910947263387044 18
      vertex 115.82103695234571 51.01999618833714 13
    endloop
  endfacet
  facet normal -0.9469301294951254 -0.3214394653031036 0
    outer loop
      vertex 115.82103695234571 51.01999618833714 13
      vertex 115.82103695234571 51.01999618833714 18
      vertex 115.7852976026346 51.125280917510324 13
    endloop
  endfacet
  facet normal -0.8968727415326845 -0.4422886902190091 0
    outer loop
      vertex 115.7852976026346 51.125280917510324 13
      vertex 115.7852976026346 51.125280917510324 18
      vertex 115.73612159321678 51.224999999999994 13
    endloop
  endfacet
  facet normal -0.3214394653031803 -0.9469301294950994 0
    outer loop
      vertex 115.21999618833715 51.621036952345705 13
      vertex 115.32528091751033 51.58529760263459 13
      vertex 115.32528091751033 51.58529760263459 18
    endloop
  endfacet
  facet normal -0.5555702330195822 -0.8314696123025588 0
    outer loop
      vertex 115.425 51.53612159321677 13
      vertex 115.51744721465741 51.47435033924755 13
      vertex 115.51744721465741 51.47435033924755 18
    endloop
  endfacet
  facet normal -0.4422886902190091 -0.8968727415326845 0
    outer loop
      vertex 115.32528091751033 51.58529760263459 13
      vertex 115.425 51.53612159321677 13
      vertex 115.425 51.53612159321677 18
    endloop
  endfacet
  facet normal -0.6593458151000955 -0.751839807478954 0
    outer loop
      vertex 115.51744721465741 51.47435033924755 13
      vertex 115.60104076400856 51.40104076400856 13
      vertex 115.60104076400856 51.40104076400856 18
    endloop
  endfacet
  facet normal -0.7518398074789501 -0.6593458151000999 0
    outer loop
      vertex 115.67435033924755 51.317447214657406 13
      vertex 115.67435033924755 51.317447214657406 18
      vertex 115.60104076400856 51.40104076400856 13
    endloop
  endfacet
  facet normal -0.831469612302529 -0.5555702330196263 0
    outer loop
      vertex 115.67435033924755 51.317447214657406 13
      vertex 115.73612159321678 51.224999999999994 13
      vertex 115.73612159321678 51.224999999999994 18
    endloop
  endfacet
  facet normal -0.997858923238605 -0.06540312923011987 0
    outer loop
      vertex 115.85 50.8 13
      vertex 115.85 50.8 18
      vertex 115.84272813216774 50.910947263387044 13
    endloop
  endfacet
  facet normal 0.19509032201609922 0.9807852804032362 0
    outer loop
      vertex 114.88905273661295 49.95727186783226 13
      vertex 114.78000381166285 49.97896304765429 18
      vertex 114.88905273661295 49.95727186783226 18
    endloop
  endfacet
  facet normal 0.0654031292301835 0.9978589232386008 0
    outer loop
      vertex 115 49.949999999999996 13
      vertex 114.88905273661295 49.95727186783226 18
      vertex 115 49.949999999999996 18
    endloop
  endfacet
  facet normal -0.0654031292301835 0.9978589232386008 0
    outer loop
      vertex 115.11094726338705 49.95727186783226 13
      vertex 115 49.949999999999996 18
      vertex 115.11094726338705 49.95727186783226 18
    endloop
  endfacet
  facet normal 0.6593458151000955 0.751839807478954 0
    outer loop
      vertex 114.48255278534259 50.125649660752444 13
      vertex 114.39895923599144 50.19895923599143 18
      vertex 114.48255278534259 50.125649660752444 18
    endloop
  endfacet
  facet normal 0.831469612302529 0.5555702330196263 0
    outer loop
      vertex 114.32564966075245 50.28255278534259 13
      vertex 114.26387840678322 50.375 18
      vertex 114.32564966075245 50.28255278534259 18
    endloop
  endfacet
  facet normal 0.7518398074789501 0.6593458151000999 0
    outer loop
      vertex 114.39895923599144 50.19895923599143 13
      vertex 114.32564966075245 50.28255278534259 18
      vertex 114.39895923599144 50.19895923599143 18
    endloop
  endfacet
  facet normal 0.9469301294951254 0.3214394653031036 0
    outer loop
      vertex 114.2147023973654 50.47471908248967 13
      vertex 114.17896304765429 50.580003811662856 18
      vertex 114.2147023973654 50.47471908248967 18
    endloop
  endfacet
  facet normal 0.9807852804032339 0.19509032201611146 0
    outer loop
      vertex 114.17896304765429 50.580003811662856 13
      vertex 114.15727186783226 50.68905273661295 18
      vertex 114.17896304765429 50.580003811662856 18
    endloop
  endfacet
  facet normal 0.997858923238605 0.06540312923011987 0
    outer loop
      vertex 114.15727186783226 50.68905273661295 13
      vertex 114.15 50.8 18
      vertex 114.15727186783226 50.68905273661295 18
    endloop
  endfacet
  facet normal 0.8968727415326845 0.4422886902190091 0
    outer loop
      vertex 114.26387840678322 50.375 13
      vertex 114.2147023973654 50.47471908248967 18
      vertex 114.26387840678322 50.375 18
    endloop
  endfacet
  facet normal 0.4422886902190091 0.8968727415326845 0
    outer loop
      vertex 114.67471908248967 50.014702397365404 13
      vertex 114.575 50.063878406783225 18
      vertex 114.67471908248967 50.014702397365404 18
    endloop
  endfacet
  facet normal 0.5555702330195822 0.8314696123025588 0
    outer loop
      vertex 114.575 50.063878406783225 13
      vertex 114.48255278534259 50.125649660752444 18
      vertex 114.575 50.063878406783225 18
    endloop
  endfacet
  facet normal 0.3214394653031803 0.9469301294950994 0
    outer loop
      vertex 114.78000381166285 49.97896304765429 13
      vertex 114.67471908248967 50.014702397365404 18
      vertex 114.78000381166285 49.97896304765429 18
    endloop
  endfacet
  facet normal -0.19509032201609922 0.9807852804032362 0
    outer loop
      vertex 115.21999618833715 49.97896304765429 13
      vertex 115.11094726338705 49.95727186783226 18
      vertex 115.21999618833715 49.97896304765429 18
    endloop
  endfacet
  facet normal -0.3214394653031803 0.9469301294950994 0
    outer loop
      vertex 115.32528091751033 50.014702397365404 13
      vertex 115.21999618833715 49.97896304765429 18
      vertex 115.32528091751033 50.014702397365404 18
    endloop
  endfacet
  facet normal -0.4422886902190091 0.8968727415326845 0
    outer loop
      vertex 115.425 50.063878406783225 13
      vertex 115.32528091751033 50.014702397365404 18
      vertex 115.425 50.063878406783225 18
    endloop
  endfacet
  facet normal -0.5555702330195822 0.8314696123025588 0
    outer loop
      vertex 115.51744721465741 50.125649660752444 13
      vertex 115.425 50.063878406783225 18
      vertex 115.51744721465741 50.125649660752444 18
    endloop
  endfacet
  facet normal -0.6593458151000955 0.751839807478954 0
    outer loop
      vertex 115.60104076400856 50.19895923599143 13
      vertex 115.51744721465741 50.125649660752444 18
      vertex 115.60104076400856 50.19895923599143 18
    endloop
  endfacet
  facet normal -0.7518398074789501 0.6593458151000999 0
    outer loop
      vertex 115.67435033924755 50.28255278534259 13
      vertex 115.60104076400856 50.19895923599143 18
      vertex 115.67435033924755 50.28255278534259 18
    endloop
  endfacet
  facet normal -0.831469612302529 0.5555702330196263 0
    outer loop
      vertex 115.73612159321678 50.375 13
      vertex 115.67435033924755 50.28255278534259 18
      vertex 115.73612159321678 50.375 18
    endloop
  endfacet
  facet normal -0.8968727415326845 0.4422886902190091 0
    outer loop
      vertex 115.7852976026346 50.47471908248967 13
      vertex 115.73612159321678 50.375 18
      vertex 115.7852976026346 50.47471908248967 18
    endloop
  endfacet
  facet normal -0.9469301294951254 0.3214394653031036 0
    outer loop
      vertex 115.82103695234571 50.580003811662856 13
      vertex 115.7852976026346 50.47471908248967 18
      vertex 115.82103695234571 50.580003811662856 18
    endloop
  endfacet
  facet normal -0.9807852804032339 0.19509032201611146 0
    outer loop
      vertex 115.84272813216774 50.68905273661295 13
      vertex 115.82103695234571 50.580003811662856 18
      vertex 115.84272813216774 50.68905273661295 18
    endloop
  endfacet
  facet normal -0.997858923238605 0.06540312923011987 0
    outer loop
      vertex 115.85 50.8 13
      vertex 115.84272813216774 50.68905273661295 18
      vertex 115.85 50.8 18
    endloop
  endfacet
  facet normal 0.997858923238605 -0.06540312923011987 0
    outer loop
      vertex 114.15 50.8 13
      vertex 114.15727186783226 50.910947263387044 18
      vertex 114.15 50.8 18
    endloop
  endfacet
  facet normal 0.9807852804032339 -0.19509032201611146 0
    outer loop
      vertex 114.15727186783226 50.910947263387044 13
      vertex 114.17896304765429 51.01999618833714 18
      vertex 114.15727186783226 50.910947263387044 18
    endloop
  endfacet
  facet normal 0.9469301294951254 -0.3214394653031036 0
    outer loop
      vertex 114.17896304765429 51.01999618833714 13
      vertex 114.2147023973654 51.125280917510324 18
      vertex 114.17896304765429 51.01999618833714 18
    endloop
  endfacet
  facet normal 0.8968727415326845 -0.4422886902190091 0
    outer loop
      vertex 114.2147023973654 51.125280917510324 13
      vertex 114.26387840678322 51.224999999999994 18
      vertex 114.2147023973654 51.125280917510324 18
    endloop
  endfacet
  facet normal 0.831469612302529 -0.5555702330196263 0
    outer loop
      vertex 114.26387840678322 51.224999999999994 13
      vertex 114.32564966075245 51.317447214657406 18
      vertex 114.26387840678322 51.224999999999994 18
    endloop
  endfacet
  facet normal 0.7518398074789501 -0.6593458151000999 0
    outer loop
      vertex 114.32564966075245 51.317447214657406 13
      vertex 114.39895923599144 51.40104076400856 18
      vertex 114.32564966075245 51.317447214657406 18
    endloop
  endfacet
  facet normal 0.6593458151000955 -0.751839807478954 0
    outer loop
      vertex 114.39895923599144 51.40104076400856 13
      vertex 114.48255278534259 51.47435033924755 18
      vertex 114.39895923599144 51.40104076400856 18
    endloop
  endfacet
  facet normal 0.5555702330195822 -0.8314696123025588 0
    outer loop
      vertex 114.48255278534259 51.47435033924755 13
      vertex 114.575 51.53612159321677 18
      vertex 114.48255278534259 51.47435033924755 18
    endloop
  endfacet
  facet normal 0.4422886902190091 -0.8968727415326845 0
    outer loop
      vertex 114.575 51.53612159321677 13
      vertex 114.67471908248967 51.58529760263459 18
      vertex 114.575 51.53612159321677 18
    endloop
  endfacet
  facet normal 0.3214394653031803 -0.9469301294950994 0
    outer loop
      vertex 114.67471908248967 51.58529760263459 13
      vertex 114.78000381166285 51.621036952345705 18
      vertex 114.67471908248967 51.58529760263459 18
    endloop
  endfacet
  facet normal 0.19509032201609922 -0.9807852804032362 0
    outer loop
      vertex 114.78000381166285 51.621036952345705 13
      vertex 114.88905273661295 51.64272813216773 18
      vertex 114.78000381166285 51.621036952345705 18
    endloop
  endfacet
  facet normal 0.0654031292301835 -0.9978589232386008 0
    outer loop
      vertex 114.88905273661295 51.64272813216773 13
      vertex 115 51.65 18
      vertex 114.88905273661295 51.64272813216773 18
    endloop
  endfacet
  facet normal -0.0654031292301835 -0.9978589232386008 0
    outer loop
      vertex 115 51.65 13
      vertex 115.11094726338705 51.64272813216773 18
      vertex 115 51.65 18
    endloop
  endfacet
  facet normal -0.19509032201609922 -0.9807852804032362 0
    outer loop
      vertex 115.11094726338705 51.64272813216773 13
      vertex 115.21999618833715 51.621036952345705 18
      vertex 115.11094726338705 51.64272813216773 18
    endloop
  endfacet
  facet normal -0.9807852804032339 -0.19509032201611146 0
    outer loop
      vertex 115.82103695234571 51.01999618833714 13
      vertex 115.84272813216774 50.910947263387044 18
      vertex 115.82103695234571 51.01999618833714 18
    endloop
  endfacet
  facet normal -0.9469301294951254 -0.3214394653031036 0
    outer loop
      vertex 115.7852976026346 51.125280917510324 13
      vertex 115.82103695234571 51.01999618833714 18
      vertex 115.7852976026346 51.125280917510324 18
    endloop
  endfacet
  facet normal -0.8968727415326845 -0.4422886902190091 0
    outer loop
      vertex 115.73612159321678 51.224999999999994 13
      vertex 115.7852976026346 51.125280917510324 18
      vertex 115.73612159321678 51.224999999999994 18
    endloop
  endfacet
  facet normal -0.3214394653031803 -0.9469301294950994 0
    outer loop
      vertex 115.21999618833715 51.621036952345705 13
      vertex 115.32528091751033 51.58529760263459 18
      vertex 115.21999618833715 51.621036952345705 18
    endloop
  endfacet
  facet normal -0.5555702330195822 -0.8314696123025588 0
    outer loop
      vertex 115.425 51.53612159321677 13
      vertex 115.51744721465741 51.47435033924755 18
      vertex 115.425 51.53612159321677 18
    endloop
  endfacet
  facet normal -0.4422886902190091 -0.8968727415326845 0
    outer loop
      vertex 115.32528091751033 51.58529760263459 13
      vertex 115.425 51.53612159321677 18
      vertex 115.32528091751033 51.58529760263459 18
    endloop
  endfacet
  facet normal -0.7518398074789501 -0.6593458151000999 0
    outer loop
      vertex 115.60104076400856 51.40104076400856 13
      vertex 115.67435033924755 51.317447214657406 18
      vertex 115.60104076400856 51.40104076400856 18
    endloop
  endfacet
  facet normal -0.831469612302529 -0.5555702330196263 0
    outer loop
      vertex 115.67435033924755 51.317447214657406 13
      vertex 115.73612159321678 51.224999999999994 18
      vertex 115.67435033924755 51.317447214657406 18
    endloop
  endfacet
  facet normal -0.6593458151000955 -0.751839807478954 0
    outer loop
      vertex 115.51744721465741 51.47435033924755 13
      vertex 115.60104076400856 51.40104076400856 18
      vertex 115.51744721465741 51.47435033924755 18
    endloop
  endfacet
  facet normal -0.997858923238605 -0.06540312923011987 0
    outer loop
      vertex 115.84272813216774 50.910947263387044 13
      vertex 115.85 50.8 18
      vertex 115.84272813216774 50.910947263387044 18
    endloop
  endfacet
  facet normal 0 0 1
    outer loop
      vertex 75.46387840678322 38.575 9.8
      vertex 75.46387840678322 39.425 9.8
      vertex 75.4147023973654 38.67471908248967 9.8
    endloop
  endfacet
  facet normal 0 0 1
    outer loop
      vertex 75.3789630476543 38.78000381166286 9.8
      vertex 75.3789630476543 39.21999618833714 9.8
      vertex 75.35727186783227 38.88905273661295 9.8
    endloop
  endfacet
  facet normal 0 0 1
    outer loop
      vertex 75.4147023973654 38.67471908248967 9.8
      vertex 75.4147023973654 39.32528091751033 9.8
      vertex 75.3789630476543 38.78000381166286 9.8
    endloop
  endfacet
  facet normal 0 0 1
    outer loop
      vertex 75.6825527853426 38.32564966075245 9.8
      vertex 75.775 38.26387840678323 9.8
      vertex 75.775 39.73612159321677 9.8
    endloop
  endfacet
  facet normal 0 0 1
    outer loop
      vertex 75.46387840678322 38.575 9.8
      vertex 75.52564966075245 38.48255278534259 9.8
      vertex 75.52564966075245 39.51744721465741 9.8
    endloop
  endfacet
  facet normal 0 0 1
    outer loop
      vertex 75.59895923599144 38.398959235991434 9.8
      vertex 75.59895923599144 39.601040764008566 9.8
      vertex 75.52564966075245 38.48255278534259 9.8
    endloop
  endfacet
  facet normal 0 0 1
    outer loop
      vertex 75.6825527853426 38.32564966075245 9.8
      vertex 75.6825527853426 39.67435033924755 9.8
      vertex 75.59895923599144 38.398959235991434 9.8
    endloop
  endfacet
  facet normal 0 0 1
    outer loop
      vertex 75.775 38.26387840678323 9.8
      vertex 75.87471908248968 38.21470239736541 9.8
      vertex 75.87471908248968 39.78529760263459 9.8
    endloop
  endfacet
  facet normal 0 0 1
    outer loop
      vertex 75.87471908248968 38.21470239736541 9.8
      vertex 75.98000381166285 38.17896304765429 9.8
      vertex 75.98000381166285 39.82103695234571 9.8
    endloop
  endfacet
  facet normal 0 0 1
    outer loop
      vertex 75.98000381166285 38.17896304765429 9.8
      vertex 76.08905273661296 38.157271867832264 9.8
      vertex 76.08905273661296 39.842728132167736 9.8
    endloop
  endfacet
  facet normal 0 0 1
    outer loop
      vertex 76.08905273661296 38.157271867832264 9.8
      vertex 76.2 38.15 9.8
      vertex 76.2 39.85 9.8
    endloop
  endfacet
  facet normal 0 0 1
    outer loop
      vertex 76.2 38.15 9.8
      vertex 76.31094726338705 38.157271867832264 9.8
      vertex 76.31094726338705 39.842728132167736 9.8
    endloop
  endfacet
  facet normal 0 0 1
    outer loop
      vertex 76.31094726338705 38.157271867832264 9.8
      vertex 76.41999618833715 38.17896304765429 9.8
      vertex 76.41999618833715 39.82103695234571 9.8
    endloop
  endfacet
  facet normal 0 0 1
    outer loop
      vertex 76.41999618833715 38.17896304765429 9.8
      vertex 76.52528091751033 38.21470239736541 9.8
      vertex 76.52528091751033 39.78529760263459 9.8
    endloop
  endfacet
  facet normal 0 0 1
    outer loop
      vertex 76.52528091751033 38.21470239736541 9.8
      vertex 76.625 38.26387840678323 9.8
      vertex 76.625 39.73612159321677 9.8
    endloop
  endfacet
  facet normal 0 0 1
    outer loop
      vertex 76.625 38.26387840678323 9.8
      vertex 76.71744721465741 38.32564966075245 9.8
      vertex 76.71744721465741 39.67435033924755 9.8
    endloop
  endfacet
  facet normal 0 0 1
    outer loop
      vertex 76.71744721465741 38.32564966075245 9.8
      vertex 76.80104076400856 38.398959235991434 9.8
      vertex 76.80104076400856 39.601040764008566 9.8
    endloop
  endfacet
  facet normal 0 0 1
    outer loop
      vertex 76.80104076400856 38.398959235991434 9.8
      vertex 76.87435033924756 38.48255278534259 9.8
      vertex 76.87435033924756 39.51744721465741 9.8
    endloop
  endfacet
  facet normal 0 0 1
    outer loop
      vertex 76.87435033924756 38.48255278534259 9.8
      vertex 76.93612159321678 38.575 9.8
      vertex 76.93612159321678 39.425 9.8
    endloop
  endfacet
  facet normal 0 0 1
    outer loop
      vertex 76.93612159321678 38.575 9.8
      vertex 76.9852976026346 38.67471908248967 9.8
      vertex 76.9852976026346 39.32528091751033 9.8
    endloop
  endfacet
  facet normal 0 0 1
    outer loop
      vertex 76.9852976026346 38.67471908248967 9.8
      vertex 77.02103695234571 38.78000381166286 9.8
      vertex 77.02103695234571 39.21999618833714 9.8
    endloop
  endfacet
  facet normal 0 0 1
    outer loop
      vertex 77.02103695234571 38.78000381166286 9.8
      vertex 77.04272813216774 38.88905273661295 9.8
      vertex 77.04272813216774 39.11094726338705 9.8
    endloop
  endfacet
  facet normal 0.4422886902190091 0.8968727415326845 0
    outer loop
      vertex 75.775 38.26387840678323 9.8
      vertex 75.775 38.26387840678323 14.8
      vertex 75.87471908248968 38.21470239736541 9.8
    endloop
  endfacet
  facet normal 0.5555702330195822 0.8314696123025588 0
    outer loop
      vertex 75.6825527853426 38.32564966075245 9.8
      vertex 75.6825527853426 38.32564966075245 14.8
      vertex 75.775 38.26387840678323 9.8
    endloop
  endfacet
  facet normal 0.7518398074789501 0.6593458151000999 0
    outer loop
      vertex 75.59895923599144 38.398959235991434 9.8
      vertex 75.52564966075245 38.48255278534259 9.8
      vertex 75.52564966075245 38.48255278534259 14.8
    endloop
  endfacet
  facet normal 0.6593458151000955 0.751839807478954 0
    outer loop
      vertex 75.6825527853426 38.32564966075245 9.8
      vertex 75.59895923599144 38.398959235991434 9.8
      vertex 75.59895923599144 38.398959235991434 14.8
    endloop
  endfacet
  facet normal 0.831469612302529 0.5555702330196263 0
    outer loop
      vertex 75.46387840678322 38.575 9.8
      vertex 75.46387840678322 38.575 14.8
      vertex 75.52564966075245 38.48255278534259 9.8
    endloop
  endfacet
  facet normal 0.8968727415326845 0.4422886902190091 0
    outer loop
      vertex 75.46387840678322 38.575 9.8
      vertex 75.4147023973654 38.67471908248967 9.8
      vertex 75.4147023973654 38.67471908248967 14.8
    endloop
  endfacet
  facet normal 0.9469301294951254 0.3214394653031036 0
    outer loop
      vertex 75.4147023973654 38.67471908248967 9.8
      vertex 75.3789630476543 38.78000381166286 9.8
      vertex 75.3789630476543 38.78000381166286 14.8
    endloop
  endfacet
  facet normal 0.9807852804032339 0.19509032201611146 0
    outer loop
      vertex 75.3789630476543 38.78000381166286 9.8
      vertex 75.35727186783227 38.88905273661295 9.8
      vertex 75.35727186783227 38.88905273661295 14.8
    endloop
  endfacet
  facet normal 0.997858923238605 0.06540312923011987 0
    outer loop
      vertex 75.35727186783227 38.88905273661295 9.8
      vertex 75.35000000000001 39 9.8
      vertex 75.35000000000001 39 14.8
    endloop
  endfacet
  facet normal 0.0654031292301835 0.9978589232386008 0
    outer loop
      vertex 76.08905273661296 38.157271867832264 9.8
      vertex 76.08905273661296 38.157271867832264 14.8
      vertex 76.2 38.15 9.8
    endloop
  endfacet
  facet normal -0.0654031292301835 0.9978589232386008 0
    outer loop
      vertex 76.2 38.15 9.8
      vertex 76.2 38.15 14.8
      vertex 76.31094726338705 38.157271867832264 9.8
    endloop
  endfacet
  facet normal 0.3214394653031803 0.9469301294950994 0
    outer loop
      vertex 75.87471908248968 38.21470239736541 9.8
      vertex 75.87471908248968 38.21470239736541 14.8
      vertex 75.98000381166285 38.17896304765429 9.8
    endloop
  endfacet
  facet normal 0.19509032201609922 0.9807852804032362 0
    outer loop
      vertex 75.98000381166285 38.17896304765429 9.8
      vertex 75.98000381166285 38.17896304765429 14.8
      vertex 76.08905273661296 38.157271867832264 9.8
    endloop
  endfacet
  facet normal -0.19509032201609922 0.9807852804032362 0
    outer loop
      vertex 76.31094726338705 38.157271867832264 9.8
      vertex 76.31094726338705 38.157271867832264 14.8
      vertex 76.41999618833715 38.17896304765429 9.8
    endloop
  endfacet
  facet normal -0.3214394653031803 0.9469301294950994 0
    outer loop
      vertex 76.41999618833715 38.17896304765429 9.8
      vertex 76.41999618833715 38.17896304765429 14.8
      vertex 76.52528091751033 38.21470239736541 9.8
    endloop
  endfacet
  facet normal -0.4422886902190091 0.8968727415326845 0
    outer loop
      vertex 76.52528091751033 38.21470239736541 9.8
      vertex 76.52528091751033 38.21470239736541 14.8
      vertex 76.625 38.26387840678323 9.8
    endloop
  endfacet
  facet normal -0.5555702330195822 0.8314696123025588 0
    outer loop
      vertex 76.625 38.26387840678323 9.8
      vertex 76.625 38.26387840678323 14.8
      vertex 76.71744721465741 38.32564966075245 9.8
    endloop
  endfacet
  facet normal -0.6593458151000955 0.751839807478954 0
    outer loop
      vertex 76.71744721465741 38.32564966075245 9.8
      vertex 76.71744721465741 38.32564966075245 14.8
      vertex 76.80104076400856 38.398959235991434 9.8
    endloop
  endfacet
  facet normal -0.7518398074789501 0.6593458151000999 0
    outer loop
      vertex 76.80104076400856 38.398959235991434 9.8
      vertex 76.80104076400856 38.398959235991434 14.8
      vertex 76.87435033924756 38.48255278534259 9.8
    endloop
  endfacet
  facet normal -0.831469612302529 0.5555702330196263 0
    outer loop
      vertex 76.87435033924756 38.48255278534259 9.8
      vertex 76.87435033924756 38.48255278534259 14.8
      vertex 76.93612159321678 38.575 9.8
    endloop
  endfacet
  facet normal -0.8968727415326845 0.4422886902190091 0
    outer loop
      vertex 76.93612159321678 38.575 9.8
      vertex 76.93612159321678 38.575 14.8
      vertex 76.9852976026346 38.67471908248967 9.8
    endloop
  endfacet
  facet normal -0.9469301294951254 0.3214394653031036 0
    outer loop
      vertex 76.9852976026346 38.67471908248967 9.8
      vertex 76.9852976026346 38.67471908248967 14.8
      vertex 77.02103695234571 38.78000381166286 9.8
    endloop
  endfacet
  facet normal -0.9807852804032339 0.19509032201611146 0
    outer loop
      vertex 77.02103695234571 38.78000381166286 9.8
      vertex 77.02103695234571 38.78000381166286 14.8
      vertex 77.04272813216774 38.88905273661295 9.8
    endloop
  endfacet
  facet normal -0.997858923238605 0.06540312923011987 0
    outer loop
      vertex 77.04272813216774 38.88905273661295 9.8
      vertex 77.04272813216774 38.88905273661295 14.8
      vertex 77.05 39 9.8
    endloop
  endfacet
  facet normal 0.6593458151000955 0.751839807478954 0
    outer loop
      vertex 75.6825527853426 38.32564966075245 9.8
      vertex 75.59895923599144 38.398959235991434 14.8
      vertex 75.6825527853426 38.32564966075245 14.8
    endloop
  endfacet
  facet normal 0.5555702330195822 0.8314696123025588 0
    outer loop
      vertex 75.775 38.26387840678323 9.8
      vertex 75.6825527853426 38.32564966075245 14.8
      vertex 75.775 38.26387840678323 14.8
    endloop
  endfacet
  facet normal 0.7518398074789501 0.6593458151000999 0
    outer loop
      vertex 75.59895923599144 38.398959235991434 9.8
      vertex 75.52564966075245 38.48255278534259 14.8
      vertex 75.59895923599144 38.398959235991434 14.8
    endloop
  endfacet
  facet normal 0.831469612302529 0.5555702330196263 0
    outer loop
      vertex 75.52564966075245 38.48255278534259 9.8
      vertex 75.46387840678322 38.575 14.8
      vertex 75.52564966075245 38.48255278534259 14.8
    endloop
  endfacet
  facet normal 0.8968727415326845 0.4422886902190091 0
    outer loop
      vertex 75.46387840678322 38.575 9.8
      vertex 75.4147023973654 38.67471908248967 14.8
      vertex 75.46387840678322 38.575 14.8
    endloop
  endfacet
  facet normal 0.9469301294951254 0.3214394653031036 0
    outer loop
      vertex 75.4147023973654 38.67471908248967 9.8
      vertex 75.3789630476543 38.78000381166286 14.8
      vertex 75.4147023973654 38.67471908248967 14.8
    endloop
  endfacet
  facet normal 0.9807852804032339 0.19509032201611146 0
    outer loop
      vertex 75.3789630476543 38.78000381166286 9.8
      vertex 75.35727186783227 38.88905273661295 14.8
      vertex 75.3789630476543 38.78000381166286 14.8
    endloop
  endfacet
  facet normal 0.997858923238605 0.06540312923011987 0
    outer loop
      vertex 75.35727186783227 38.88905273661295 9.8
      vertex 75.35000000000001 39 14.8
      vertex 75.35727186783227 38.88905273661295 14.8
    endloop
  endfacet
  facet normal 0.0654031292301835 0.9978589232386008 0
    outer loop
      vertex 76.2 38.15 9.8
      vertex 76.08905273661296 38.157271867832264 14.8
      vertex 76.2 38.15 14.8
    endloop
  endfacet
  facet normal -0.0654031292301835 0.9978589232386008 0
    outer loop
      vertex 76.31094726338705 38.157271867832264 9.8
      vertex 76.2 38.15 14.8
      vertex 76.31094726338705 38.157271867832264 14.8
    endloop
  endfacet
  facet normal 0.4422886902190091 0.8968727415326845 0
    outer loop
      vertex 75.87471908248968 38.21470239736541 9.8
      vertex 75.775 38.26387840678323 14.8
      vertex 75.87471908248968 38.21470239736541 14.8
    endloop
  endfacet
  facet normal 0.3214394653031803 0.9469301294950994 0
    outer loop
      vertex 75.98000381166285 38.17896304765429 9.8
      vertex 75.87471908248968 38.21470239736541 14.8
      vertex 75.98000381166285 38.17896304765429 14.8
    endloop
  endfacet
  facet normal 0.19509032201609922 0.9807852804032362 0
    outer loop
      vertex 76.08905273661296 38.157271867832264 9.8
      vertex 75.98000381166285 38.17896304765429 14.8
      vertex 76.08905273661296 38.157271867832264 14.8
    endloop
  endfacet
  facet normal -0.19509032201609922 0.9807852804032362 0
    outer loop
      vertex 76.41999618833715 38.17896304765429 9.8
      vertex 76.31094726338705 38.157271867832264 14.8
      vertex 76.41999618833715 38.17896304765429 14.8
    endloop
  endfacet
  facet normal -0.3214394653031803 0.9469301294950994 0
    outer loop
      vertex 76.52528091751033 38.21470239736541 9.8
      vertex 76.41999618833715 38.17896304765429 14.8
      vertex 76.52528091751033 38.21470239736541 14.8
    endloop
  endfacet
  facet normal -0.4422886902190091 0.8968727415326845 0
    outer loop
      vertex 76.625 38.26387840678323 9.8
      vertex 76.52528091751033 38.21470239736541 14.8
      vertex 76.625 38.26387840678323 14.8
    endloop
  endfacet
  facet normal -0.5555702330195822 0.8314696123025588 0
    outer loop
      vertex 76.71744721465741 38.32564966075245 9.8
      vertex 76.625 38.26387840678323 14.8
      vertex 76.71744721465741 38.32564966075245 14.8
    endloop
  endfacet
  facet normal -0.6593458151000955 0.751839807478954 0
    outer loop
      vertex 76.80104076400856 38.398959235991434 9.8
      vertex 76.71744721465741 38.32564966075245 14.8
      vertex 76.80104076400856 38.398959235991434 14.8
    endloop
  endfacet
  facet normal -0.7518398074789501 0.6593458151000999 0
    outer loop
      vertex 76.87435033924756 38.48255278534259 9.8
      vertex 76.80104076400856 38.398959235991434 14.8
      vertex 76.87435033924756 38.48255278534259 14.8
    endloop
  endfacet
  facet normal -0.831469612302529 0.5555702330196263 0
    outer loop
      vertex 76.93612159321678 38.575 9.8
      vertex 76.87435033924756 38.48255278534259 14.8
      vertex 76.93612159321678 38.575 14.8
    endloop
  endfacet
  facet normal -0.8968727415326845 0.4422886902190091 0
    outer loop
      vertex 76.9852976026346 38.67471908248967 9.8
      vertex 76.93612159321678 38.575 14.8
      vertex 76.9852976026346 38.67471908248967 14.8
    endloop
  endfacet
  facet normal -0.9469301294951254 0.3214394653031036 0
    outer loop
      vertex 77.02103695234571 38.78000381166286 9.8
      vertex 76.9852976026346 38.67471908248967 14.8
      vertex 77.02103695234571 38.78000381166286 14.8
    endloop
  endfacet
  facet normal -0.9807852804032339 0.19509032201611146 0
    outer loop
      vertex 77.04272813216774 38.88905273661295 9.8
      vertex 77.02103695234571 38.78000381166286 14.8
      vertex 77.04272813216774 38.88905273661295 14.8
    endloop
  endfacet
  facet normal -0.997858923238605 0.06540312923011987 0
    outer loop
      vertex 77.05 39 9.8
      vertex 77.04272813216774 38.88905273661295 14.8
      vertex 77.05 39 14.8
    endloop
  endfacet
  facet normal 0 0 1
    outer loop
      vertex 75.35727186783227 38.88905273661295 9.8
      vertex 75.35727186783227 39.11094726338705 9.8
      vertex 75.35000000000001 39 9.8
    endloop
  endfacet
  facet normal 0 0 1
    outer loop
      vertex 75.35727186783227 38.88905273661295 9.8
      vertex 75.3789630476543 39.21999618833714 9.8
      vertex 75.35727186783227 39.11094726338705 9.8
    endloop
  endfacet
  facet normal 0 0 1
    outer loop
      vertex 75.3789630476543 38.78000381166286 9.8
      vertex 75.4147023973654 39.32528091751033 9.8
      vertex 75.3789630476543 39.21999618833714 9.8
    endloop
  endfacet
  facet normal 0 0 1
    outer loop
      vertex 75.4147023973654 38.67471908248967 9.8
      vertex 75.46387840678322 39.425 9.8
      vertex 75.4147023973654 39.32528091751033 9.8
    endloop
  endfacet
  facet normal 0 0 1
    outer loop
      vertex 75.46387840678322 38.575 9.8
      vertex 75.52564966075245 39.51744721465741 9.8
      vertex 75.46387840678322 39.425 9.8
    endloop
  endfacet
  facet normal 0 0 1
    outer loop
      vertex 75.52564966075245 38.48255278534259 9.8
      vertex 75.59895923599144 39.601040764008566 9.8
      vertex 75.52564966075245 39.51744721465741 9.8
    endloop
  endfacet
  facet normal 0 0 1
    outer loop
      vertex 75.59895923599144 38.398959235991434 9.8
      vertex 75.6825527853426 39.67435033924755 9.8
      vertex 75.59895923599144 39.601040764008566 9.8
    endloop
  endfacet
  facet normal 0 0 1
    outer loop
      vertex 75.6825527853426 38.32564966075245 9.8
      vertex 75.775 39.73612159321677 9.8
      vertex 75.6825527853426 39.67435033924755 9.8
    endloop
  endfacet
  facet normal 0 0 1
    outer loop
      vertex 75.775 38.26387840678323 9.8
      vertex 75.87471908248968 39.78529760263459 9.8
      vertex 75.775 39.73612159321677 9.8
    endloop
  endfacet
  facet normal 0 0 1
    outer loop
      vertex 75.87471908248968 38.21470239736541 9.8
      vertex 75.98000381166285 39.82103695234571 9.8
      vertex 75.87471908248968 39.78529760263459 9.8
    endloop
  endfacet
  facet normal 0 0 1
    outer loop
      vertex 75.98000381166285 38.17896304765429 9.8
      vertex 76.08905273661296 39.842728132167736 9.8
      vertex 75.98000381166285 39.82103695234571 9.8
    endloop
  endfacet
  facet normal 0 0 1
    outer loop
      vertex 76.08905273661296 38.157271867832264 9.8
      vertex 76.2 39.85 9.8
      vertex 76.08905273661296 39.842728132167736 9.8
    endloop
  endfacet
  facet normal 0 0 1
    outer loop
      vertex 76.2 38.15 9.8
      vertex 76.31094726338705 39.842728132167736 9.8
      vertex 76.2 39.85 9.8
    endloop
  endfacet
  facet normal 0 0 1
    outer loop
      vertex 76.31094726338705 38.157271867832264 9.8
      vertex 76.41999618833715 39.82103695234571 9.8
      vertex 76.31094726338705 39.842728132167736 9.8
    endloop
  endfacet
  facet normal 0 0 1
    outer loop
      vertex 76.41999618833715 38.17896304765429 9.8
      vertex 76.52528091751033 39.78529760263459 9.8
      vertex 76.41999618833715 39.82103695234571 9.8
    endloop
  endfacet
  facet normal 0 0 1
    outer loop
      vertex 76.71744721465741 38.32564966075245 9.8
      vertex 76.80104076400856 39.601040764008566 9.8
      vertex 76.71744721465741 39.67435033924755 9.8
    endloop
  endfacet
  facet normal 0 0 1
    outer loop
      vertex 76.52528091751033 38.21470239736541 9.8
      vertex 76.625 39.73612159321677 9.8
      vertex 76.52528091751033 39.78529760263459 9.8
    endloop
  endfacet
  facet normal 0 0 1
    outer loop
      vertex 76.625 38.26387840678323 9.8
      vertex 76.71744721465741 39.67435033924755 9.8
      vertex 76.625 39.73612159321677 9.8
    endloop
  endfacet
  facet normal 0 0 1
    outer loop
      vertex 76.80104076400856 38.398959235991434 9.8
      vertex 76.87435033924756 39.51744721465741 9.8
      vertex 76.80104076400856 39.601040764008566 9.8
    endloop
  endfacet
  facet normal 0 0 1
    outer loop
      vertex 76.87435033924756 38.48255278534259 9.8
      vertex 76.93612159321678 39.425 9.8
      vertex 76.87435033924756 39.51744721465741 9.8
    endloop
  endfacet
  facet normal 0 0 1
    outer loop
      vertex 76.93612159321678 38.575 9.8
      vertex 76.9852976026346 39.32528091751033 9.8
      vertex 76.93612159321678 39.425 9.8
    endloop
  endfacet
  facet normal 0 0 1
    outer loop
      vertex 77.02103695234571 38.78000381166286 9.8
      vertex 77.04272813216774 39.11094726338705 9.8
      vertex 77.02103695234571 39.21999618833714 9.8
    endloop
  endfacet
  facet normal 0 0 1
    outer loop
      vertex 76.9852976026346 38.67471908248967 9.8
      vertex 77.02103695234571 39.21999618833714 9.8
      vertex 76.9852976026346 39.32528091751033 9.8
    endloop
  endfacet
  facet normal 0 0 1
    outer loop
      vertex 77.04272813216774 38.88905273661295 9.8
      vertex 77.05 39 9.8
      vertex 77.04272813216774 39.11094726338705 9.8
    endloop
  endfacet
  facet normal 0.997858923238605 -0.06540312923011987 0
    outer loop
      vertex 75.35000000000001 39 9.8
      vertex 75.35727186783227 39.11094726338705 9.8
      vertex 75.35727186783227 39.11094726338705 14.8
    endloop
  endfacet
  facet normal 0.9807852804032339 -0.19509032201611146 0
    outer loop
      vertex 75.35727186783227 39.11094726338705 9.8
      vertex 75.3789630476543 39.21999618833714 9.8
      vertex 75.3789630476543 39.21999618833714 14.8
    endloop
  endfacet
  facet normal 0.9469301294951254 -0.3214394653031036 0
    outer loop
      vertex 75.3789630476543 39.21999618833714 9.8
      vertex 75.4147023973654 39.32528091751033 9.8
      vertex 75.4147023973654 39.32528091751033 14.8
    endloop
  endfacet
  facet normal 0.8968727415326845 -0.4422886902190091 0
    outer loop
      vertex 75.4147023973654 39.32528091751033 9.8
      vertex 75.46387840678322 39.425 9.8
      vertex 75.46387840678322 39.425 14.8
    endloop
  endfacet
  facet normal 0.831469612302529 -0.5555702330196263 0
    outer loop
      vertex 75.46387840678322 39.425 9.8
      vertex 75.52564966075245 39.51744721465741 9.8
      vertex 75.52564966075245 39.51744721465741 14.8
    endloop
  endfacet
  facet normal 0.7518398074789501 -0.6593458151000999 0
    outer loop
      vertex 75.52564966075245 39.51744721465741 9.8
      vertex 75.59895923599144 39.601040764008566 9.8
      vertex 75.59895923599144 39.601040764008566 14.8
    endloop
  endfacet
  facet normal 0.6593458151000955 -0.751839807478954 0
    outer loop
      vertex 75.59895923599144 39.601040764008566 9.8
      vertex 75.6825527853426 39.67435033924755 9.8
      vertex 75.6825527853426 39.67435033924755 14.8
    endloop
  endfacet
  facet normal 0.5555702330195822 -0.8314696123025588 0
    outer loop
      vertex 75.6825527853426 39.67435033924755 9.8
      vertex 75.775 39.73612159321677 9.8
      vertex 75.775 39.73612159321677 14.8
    endloop
  endfacet
  facet normal 0.4422886902190091 -0.8968727415326845 0
    outer loop
      vertex 75.775 39.73612159321677 9.8
      vertex 75.87471908248968 39.78529760263459 9.8
      vertex 75.87471908248968 39.78529760263459 14.8
    endloop
  endfacet
  facet normal 0.3214394653031803 -0.9469301294950994 0
    outer loop
      vertex 75.87471908248968 39.78529760263459 9.8
      vertex 75.98000381166285 39.82103695234571 9.8
      vertex 75.98000381166285 39.82103695234571 14.8
    endloop
  endfacet
  facet normal 0.19509032201609922 -0.9807852804032362 0
    outer loop
      vertex 75.98000381166285 39.82103695234571 9.8
      vertex 76.08905273661296 39.842728132167736 9.8
      vertex 76.08905273661296 39.842728132167736 14.8
    endloop
  endfacet
  facet normal -0.19509032201609922 -0.9807852804032362 0
    outer loop
      vertex 76.31094726338705 39.842728132167736 9.8
      vertex 76.41999618833715 39.82103695234571 9.8
      vertex 76.41999618833715 39.82103695234571 14.8
    endloop
  endfacet
  facet normal -0.997858923238605 -0.06540312923011987 0
    outer loop
      vertex 77.05 39 9.8
      vertex 77.05 39 14.8
      vertex 77.04272813216774 39.11094726338705 9.8
    endloop
  endfacet
  facet normal -0.9807852804032339 -0.19509032201611146 0
    outer loop
      vertex 77.04272813216774 39.11094726338705 9.8
      vertex 77.04272813216774 39.11094726338705 14.8
      vertex 77.02103695234571 39.21999618833714 9.8
    endloop
  endfacet
  facet normal -0.9469301294951254 -0.3214394653031036 0
    outer loop
      vertex 77.02103695234571 39.21999618833714 9.8
      vertex 77.02103695234571 39.21999618833714 14.8
      vertex 76.9852976026346 39.32528091751033 9.8
    endloop
  endfacet
  facet normal -0.8968727415326845 -0.4422886902190091 0
    outer loop
      vertex 76.9852976026346 39.32528091751033 9.8
      vertex 76.9852976026346 39.32528091751033 14.8
      vertex 76.93612159321678 39.425 9.8
    endloop
  endfacet
  facet normal -0.6593458151000955 -0.751839807478954 0
    outer loop
      vertex 76.71744721465741 39.67435033924755 9.8
      vertex 76.80104076400856 39.601040764008566 9.8
      vertex 76.80104076400856 39.601040764008566 14.8
    endloop
  endfacet
  facet normal -0.3214394653031803 -0.9469301294950994 0
    outer loop
      vertex 76.52528091751033 39.78529760263459 9.8
      vertex 76.52528091751033 39.78529760263459 14.8
      vertex 76.41999618833715 39.82103695234571 9.8
    endloop
  endfacet
  facet normal -0.4422886902190091 -0.8968727415326845 0
    outer loop
      vertex 76.52528091751033 39.78529760263459 9.8
      vertex 76.625 39.73612159321677 9.8
      vertex 76.625 39.73612159321677 14.8
    endloop
  endfacet
  facet normal -0.5555702330195822 -0.8314696123025588 0
    outer loop
      vertex 76.71744721465741 39.67435033924755 9.8
      vertex 76.71744721465741 39.67435033924755 14.8
      vertex 76.625 39.73612159321677 9.8
    endloop
  endfacet
  facet normal -0.831469612302529 -0.5555702330196263 0
    outer loop
      vertex 76.93612159321678 39.425 9.8
      vertex 76.93612159321678 39.425 14.8
      vertex 76.87435033924756 39.51744721465741 9.8
    endloop
  endfacet
  facet normal -0.7518398074789501 -0.6593458151000999 0
    outer loop
      vertex 76.87435033924756 39.51744721465741 9.8
      vertex 76.87435033924756 39.51744721465741 14.8
      vertex 76.80104076400856 39.601040764008566 9.8
    endloop
  endfacet
  facet normal 0.0654031292301835 -0.9978589232386008 0
    outer loop
      vertex 76.08905273661296 39.842728132167736 9.8
      vertex 76.2 39.85 9.8
      vertex 76.2 39.85 14.8
    endloop
  endfacet
  facet normal -0.0654031292301835 -0.9978589232386008 0
    outer loop
      vertex 76.2 39.85 9.8
      vertex 76.31094726338705 39.842728132167736 9.8
      vertex 76.31094726338705 39.842728132167736 14.8
    endloop
  endfacet
  facet normal 0.997858923238605 -0.06540312923011987 0
    outer loop
      vertex 75.35000000000001 39 9.8
      vertex 75.35727186783227 39.11094726338705 14.8
      vertex 75.35000000000001 39 14.8
    endloop
  endfacet
  facet normal 0.9807852804032339 -0.19509032201611146 0
    outer loop
      vertex 75.35727186783227 39.11094726338705 9.8
      vertex 75.3789630476543 39.21999618833714 14.8
      vertex 75.35727186783227 39.11094726338705 14.8
    endloop
  endfacet
  facet normal 0.9469301294951254 -0.3214394653031036 0
    outer loop
      vertex 75.3789630476543 39.21999618833714 9.8
      vertex 75.4147023973654 39.32528091751033 14.8
      vertex 75.3789630476543 39.21999618833714 14.8
    endloop
  endfacet
  facet normal 0.8968727415326845 -0.4422886902190091 0
    outer loop
      vertex 75.4147023973654 39.32528091751033 9.8
      vertex 75.46387840678322 39.425 14.8
      vertex 75.4147023973654 39.32528091751033 14.8
    endloop
  endfacet
  facet normal 0.831469612302529 -0.5555702330196263 0
    outer loop
      vertex 75.46387840678322 39.425 9.8
      vertex 75.52564966075245 39.51744721465741 14.8
      vertex 75.46387840678322 39.425 14.8
    endloop
  endfacet
  facet normal 0.7518398074789501 -0.6593458151000999 0
    outer loop
      vertex 75.52564966075245 39.51744721465741 9.8
      vertex 75.59895923599144 39.601040764008566 14.8
      vertex 75.52564966075245 39.51744721465741 14.8
    endloop
  endfacet
  facet normal 0.6593458151000955 -0.751839807478954 0
    outer loop
      vertex 75.59895923599144 39.601040764008566 9.8
      vertex 75.6825527853426 39.67435033924755 14.8
      vertex 75.59895923599144 39.601040764008566 14.8
    endloop
  endfacet
  facet normal 0.5555702330195822 -0.8314696123025588 0
    outer loop
      vertex 75.6825527853426 39.67435033924755 9.8
      vertex 75.775 39.73612159321677 14.8
      vertex 75.6825527853426 39.67435033924755 14.8
    endloop
  endfacet
  facet normal 0.4422886902190091 -0.8968727415326845 0
    outer loop
      vertex 75.775 39.73612159321677 9.8
      vertex 75.87471908248968 39.78529760263459 14.8
      vertex 75.775 39.73612159321677 14.8
    endloop
  endfacet
  facet normal 0.3214394653031803 -0.9469301294950994 0
    outer loop
      vertex 75.87471908248968 39.78529760263459 9.8
      vertex 75.98000381166285 39.82103695234571 14.8
      vertex 75.87471908248968 39.78529760263459 14.8
    endloop
  endfacet
  facet normal 0.19509032201609922 -0.9807852804032362 0
    outer loop
      vertex 75.98000381166285 39.82103695234571 9.8
      vertex 76.08905273661296 39.842728132167736 14.8
      vertex 75.98000381166285 39.82103695234571 14.8
    endloop
  endfacet
  facet normal -0.19509032201609922 -0.9807852804032362 0
    outer loop
      vertex 76.31094726338705 39.842728132167736 9.8
      vertex 76.41999618833715 39.82103695234571 14.8
      vertex 76.31094726338705 39.842728132167736 14.8
    endloop
  endfacet
  facet normal -0.3214394653031803 -0.9469301294950994 0
    outer loop
      vertex 76.41999618833715 39.82103695234571 9.8
      vertex 76.52528091751033 39.78529760263459 14.8
      vertex 76.41999618833715 39.82103695234571 14.8
    endloop
  endfacet
  facet normal -0.997858923238605 -0.06540312923011987 0
    outer loop
      vertex 77.04272813216774 39.11094726338705 9.8
      vertex 77.05 39 14.8
      vertex 77.04272813216774 39.11094726338705 14.8
    endloop
  endfacet
  facet normal -0.9807852804032339 -0.19509032201611146 0
    outer loop
      vertex 77.02103695234571 39.21999618833714 9.8
      vertex 77.04272813216774 39.11094726338705 14.8
      vertex 77.02103695234571 39.21999618833714 14.8
    endloop
  endfacet
  facet normal -0.8968727415326845 -0.4422886902190091 0
    outer loop
      vertex 76.93612159321678 39.425 9.8
      vertex 76.9852976026346 39.32528091751033 14.8
      vertex 76.93612159321678 39.425 14.8
    endloop
  endfacet
  facet normal -0.9469301294951254 -0.3214394653031036 0
    outer loop
      vertex 76.9852976026346 39.32528091751033 9.8
      vertex 77.02103695234571 39.21999618833714 14.8
      vertex 76.9852976026346 39.32528091751033 14.8
    endloop
  endfacet
  facet normal -0.4422886902190091 -0.8968727415326845 0
    outer loop
      vertex 76.52528091751033 39.78529760263459 9.8
      vertex 76.625 39.73612159321677 14.8
      vertex 76.52528091751033 39.78529760263459 14.8
    endloop
  endfacet
  facet normal -0.5555702330195822 -0.8314696123025588 0
    outer loop
      vertex 76.625 39.73612159321677 9.8
      vertex 76.71744721465741 39.67435033924755 14.8
      vertex 76.625 39.73612159321677 14.8
    endloop
  endfacet
  facet normal -0.6593458151000955 -0.751839807478954 0
    outer loop
      vertex 76.71744721465741 39.67435033924755 9.8
      vertex 76.80104076400856 39.601040764008566 14.8
      vertex 76.71744721465741 39.67435033924755 14.8
    endloop
  endfacet
  facet normal -0.831469612302529 -0.5555702330196263 0
    outer loop
      vertex 76.87435033924756 39.51744721465741 9.8
      vertex 76.93612159321678 39.425 14.8
      vertex 76.87435033924756 39.51744721465741 14.8
    endloop
  endfacet
  facet normal -0.7518398074789501 -0.6593458151000999 0
    outer loop
      vertex 76.80104076400856 39.601040764008566 9.8
      vertex 76.87435033924756 39.51744721465741 14.8
      vertex 76.80104076400856 39.601040764008566 14.8
    endloop
  endfacet
  facet normal 0.0654031292301835 -0.9978589232386008 0
    outer loop
      vertex 76.08905273661296 39.842728132167736 9.8
      vertex 76.2 39.85 14.8
      vertex 76.08905273661296 39.842728132167736 14.8
    endloop
  endfacet
  facet normal -0.0654031292301835 -0.9978589232386008 0
    outer loop
      vertex 76.2 39.85 9.8
      vertex 76.31094726338705 39.842728132167736 14.8
      vertex 76.2 39.85 14.8
    endloop
  endfacet
  facet normal 0 0 1
    outer loop
      vertex 95.96387840678322 38.575 9.8
      vertex 95.96387840678322 39.425 9.8
      vertex 95.9147023973654 38.67471908248967 9.8
    endloop
  endfacet
  facet normal 0 0 1
    outer loop
      vertex 95.9147023973654 38.67471908248967 9.8
      vertex 95.9147023973654 39.32528091751033 9.8
      vertex 95.8789630476543 38.78000381166286 9.8
    endloop
  endfacet
  facet normal 0 0 1
    outer loop
      vertex 95.8789630476543 38.78000381166286 9.8
      vertex 95.8789630476543 39.21999618833714 9.8
      vertex 95.85727186783227 38.88905273661295 9.8
    endloop
  endfacet
  facet normal 0 0 1
    outer loop
      vertex 95.96387840678322 38.575 9.8
      vertex 96.02564966075245 38.48255278534259 9.8
      vertex 96.02564966075245 39.51744721465741 9.8
    endloop
  endfacet
  facet normal 0 0 1
    outer loop
      vertex 96.09895923599144 38.398959235991434 9.8
      vertex 96.09895923599144 39.601040764008566 9.8
      vertex 96.02564966075245 38.48255278534259 9.8
    endloop
  endfacet
  facet normal 0 0 1
    outer loop
      vertex 96.1825527853426 38.32564966075245 9.8
      vertex 96.1825527853426 39.67435033924755 9.8
      vertex 96.09895923599144 38.398959235991434 9.8
    endloop
  endfacet
  facet normal 0 0 1
    outer loop
      vertex 96.1825527853426 38.32564966075245 9.8
      vertex 96.275 38.26387840678323 9.8
      vertex 96.275 39.73612159321677 9.8
    endloop
  endfacet
  facet normal 0 0 1
    outer loop
      vertex 96.37471908248968 38.21470239736541 9.8
      vertex 96.37471908248968 39.78529760263459 9.8
      vertex 96.275 38.26387840678323 9.8
    endloop
  endfacet
  facet normal 0 0 1
    outer loop
      vertex 96.37471908248968 38.21470239736541 9.8
      vertex 96.48000381166285 38.17896304765429 9.8
      vertex 96.48000381166285 39.82103695234571 9.8
    endloop
  endfacet
  facet normal 0 0 1
    outer loop
      vertex 96.48000381166285 38.17896304765429 9.8
      vertex 96.58905273661296 38.157271867832264 9.8
      vertex 96.58905273661296 39.842728132167736 9.8
    endloop
  endfacet
  facet normal 0 0 1
    outer loop
      vertex 96.58905273661296 38.157271867832264 9.8
      vertex 96.7 38.15 9.8
      vertex 96.7 39.85 9.8
    endloop
  endfacet
  facet normal 0 0 1
    outer loop
      vertex 96.7 38.15 9.8
      vertex 96.81094726338705 38.157271867832264 9.8
      vertex 96.81094726338705 39.842728132167736 9.8
    endloop
  endfacet
  facet normal 0 0 1
    outer loop
      vertex 96.81094726338705 38.157271867832264 9.8
      vertex 96.91999618833715 38.17896304765429 9.8
      vertex 96.91999618833715 39.82103695234571 9.8
    endloop
  endfacet
  facet normal 0 0 1
    outer loop
      vertex 96.91999618833715 38.17896304765429 9.8
      vertex 97.02528091751033 38.21470239736541 9.8
      vertex 97.02528091751033 39.78529760263459 9.8
    endloop
  endfacet
  facet normal 0 0 1
    outer loop
      vertex 97.02528091751033 38.21470239736541 9.8
      vertex 97.125 38.26387840678323 9.8
      vertex 97.125 39.73612159321677 9.8
    endloop
  endfacet
  facet normal 0 0 1
    outer loop
      vertex 97.125 38.26387840678323 9.8
      vertex 97.21744721465741 38.32564966075245 9.8
      vertex 97.21744721465741 39.67435033924755 9.8
    endloop
  endfacet
  facet normal 0 0 1
    outer loop
      vertex 97.21744721465741 38.32564966075245 9.8
      vertex 97.30104076400856 38.398959235991434 9.8
      vertex 97.30104076400856 39.601040764008566 9.8
    endloop
  endfacet
  facet normal 0 0 1
    outer loop
      vertex 97.30104076400856 38.398959235991434 9.8
      vertex 97.37435033924756 38.48255278534259 9.8
      vertex 97.37435033924756 39.51744721465741 9.8
    endloop
  endfacet
  facet normal 0 0 1
    outer loop
      vertex 97.37435033924756 38.48255278534259 9.8
      vertex 97.43612159321678 38.575 9.8
      vertex 97.43612159321678 39.425 9.8
    endloop
  endfacet
  facet normal 0 0 1
    outer loop
      vertex 97.43612159321678 38.575 9.8
      vertex 97.4852976026346 38.67471908248967 9.8
      vertex 97.4852976026346 39.32528091751033 9.8
    endloop
  endfacet
  facet normal 0 0 1
    outer loop
      vertex 97.4852976026346 38.67471908248967 9.8
      vertex 97.52103695234571 38.78000381166286 9.8
      vertex 97.52103695234571 39.21999618833714 9.8
    endloop
  endfacet
  facet normal 0 0 1
    outer loop
      vertex 97.52103695234571 38.78000381166286 9.8
      vertex 97.54272813216774 38.88905273661295 9.8
      vertex 97.54272813216774 39.11094726338705 9.8
    endloop
  endfacet
  facet normal 0.0654031292301835 0.9978589232386008 0
    outer loop
      vertex 96.58905273661296 38.157271867832264 9.8
      vertex 96.58905273661296 38.157271867832264 14.8
      vertex 96.7 38.15 9.8
    endloop
  endfacet
  facet normal -0.0654031292301835 0.9978589232386008 0
    outer loop
      vertex 96.7 38.15 9.8
      vertex 96.7 38.15 14.8
      vertex 96.81094726338705 38.157271867832264 9.8
    endloop
  endfacet
  facet normal 0.831469612302529 0.5555702330196263 0
    outer loop
      vertex 95.96387840678322 38.575 9.8
      vertex 95.96387840678322 38.575 14.8
      vertex 96.02564966075245 38.48255278534259 9.8
    endloop
  endfacet
  facet normal 0.7518398074789501 0.6593458151000999 0
    outer loop
      vertex 96.09895923599144 38.398959235991434 9.8
      vertex 96.02564966075245 38.48255278534259 9.8
      vertex 96.02564966075245 38.48255278534259 14.8
    endloop
  endfacet
  facet normal 0.6593458151000955 0.751839807478954 0
    outer loop
      vertex 96.1825527853426 38.32564966075245 9.8
      vertex 96.09895923599144 38.398959235991434 9.8
      vertex 96.09895923599144 38.398959235991434 14.8
    endloop
  endfacet
  facet normal 0.8968727415326845 0.4422886902190091 0
    outer loop
      vertex 95.96387840678322 38.575 9.8
      vertex 95.9147023973654 38.67471908248967 9.8
      vertex 95.9147023973654 38.67471908248967 14.8
    endloop
  endfacet
  facet normal 0.9469301294951254 0.3214394653031036 0
    outer loop
      vertex 95.9147023973654 38.67471908248967 9.8
      vertex 95.8789630476543 38.78000381166286 9.8
      vertex 95.8789630476543 38.78000381166286 14.8
    endloop
  endfacet
  facet normal 0.9807852804032339 0.19509032201611146 0
    outer loop
      vertex 95.8789630476543 38.78000381166286 9.8
      vertex 95.85727186783227 38.88905273661295 9.8
      vertex 95.85727186783227 38.88905273661295 14.8
    endloop
  endfacet
  facet normal 0.997858923238605 0.06540312923011987 0
    outer loop
      vertex 95.85727186783227 38.88905273661295 9.8
      vertex 95.85000000000001 39 9.8
      vertex 95.85000000000001 39 14.8
    endloop
  endfacet
  facet normal 0.4422886902190091 0.8968727415326845 0
    outer loop
      vertex 96.37471908248968 38.21470239736541 9.8
      vertex 96.275 38.26387840678323 9.8
      vertex 96.275 38.26387840678323 14.8
    endloop
  endfacet
  facet normal 0.5555702330195822 0.8314696123025588 0
    outer loop
      vertex 96.1825527853426 38.32564966075245 9.8
      vertex 96.1825527853426 38.32564966075245 14.8
      vertex 96.275 38.26387840678323 9.8
    endloop
  endfacet
  facet normal 0.3214394653031803 0.9469301294950994 0
    outer loop
      vertex 96.37471908248968 38.21470239736541 9.8
      vertex 96.37471908248968 38.21470239736541 14.8
      vertex 96.48000381166285 38.17896304765429 9.8
    endloop
  endfacet
  facet normal 0.19509032201609922 0.9807852804032362 0
    outer loop
      vertex 96.48000381166285 38.17896304765429 9.8
      vertex 96.48000381166285 38.17896304765429 14.8
      vertex 96.58905273661296 38.157271867832264 9.8
    endloop
  endfacet
  facet normal -0.19509032201609922 0.9807852804032362 0
    outer loop
      vertex 96.81094726338705 38.157271867832264 9.8
      vertex 96.81094726338705 38.157271867832264 14.8
      vertex 96.91999618833715 38.17896304765429 9.8
    endloop
  endfacet
  facet normal -0.3214394653031803 0.9469301294950994 0
    outer loop
      vertex 96.91999618833715 38.17896304765429 9.8
      vertex 96.91999618833715 38.17896304765429 14.8
      vertex 97.02528091751033 38.21470239736541 9.8
    endloop
  endfacet
  facet normal -0.4422886902190091 0.8968727415326845 0
    outer loop
      vertex 97.02528091751033 38.21470239736541 9.8
      vertex 97.02528091751033 38.21470239736541 14.8
      vertex 97.125 38.26387840678323 9.8
    endloop
  endfacet
  facet normal -0.5555702330195822 0.8314696123025588 0
    outer loop
      vertex 97.125 38.26387840678323 9.8
      vertex 97.125 38.26387840678323 14.8
      vertex 97.21744721465741 38.32564966075245 9.8
    endloop
  endfacet
  facet normal -0.6593458151000955 0.751839807478954 0
    outer loop
      vertex 97.21744721465741 38.32564966075245 9.8
      vertex 97.21744721465741 38.32564966075245 14.8
      vertex 97.30104076400856 38.398959235991434 9.8
    endloop
  endfacet
  facet normal -0.7518398074789501 0.6593458151000999 0
    outer loop
      vertex 97.30104076400856 38.398959235991434 9.8
      vertex 97.30104076400856 38.398959235991434 14.8
      vertex 97.37435033924756 38.48255278534259 9.8
    endloop
  endfacet
  facet normal -0.831469612302529 0.5555702330196263 0
    outer loop
      vertex 97.37435033924756 38.48255278534259 9.8
      vertex 97.37435033924756 38.48255278534259 14.8
      vertex 97.43612159321678 38.575 9.8
    endloop
  endfacet
  facet normal -0.8968727415326845 0.4422886902190091 0
    outer loop
      vertex 97.43612159321678 38.575 9.8
      vertex 97.43612159321678 38.575 14.8
      vertex 97.4852976026346 38.67471908248967 9.8
    endloop
  endfacet
  facet normal -0.9469301294951254 0.3214394653031036 0
    outer loop
      vertex 97.4852976026346 38.67471908248967 9.8
      vertex 97.4852976026346 38.67471908248967 14.8
      vertex 97.52103695234571 38.78000381166286 9.8
    endloop
  endfacet
  facet normal -0.9807852804032339 0.19509032201611146 0
    outer loop
      vertex 97.52103695234571 38.78000381166286 9.8
      vertex 97.52103695234571 38.78000381166286 14.8
      vertex 97.54272813216774 38.88905273661295 9.8
    endloop
  endfacet
  facet normal -0.997858923238605 0.06540312923011987 0
    outer loop
      vertex 97.54272813216774 38.88905273661295 9.8
      vertex 97.54272813216774 38.88905273661295 14.8
      vertex 97.55 39 9.8
    endloop
  endfacet
  facet normal 0.0654031292301835 0.9978589232386008 0
    outer loop
      vertex 96.7 38.15 9.8
      vertex 96.58905273661296 38.157271867832264 14.8
      vertex 96.7 38.15 14.8
    endloop
  endfacet
  facet normal -0.0654031292301835 0.9978589232386008 0
    outer loop
      vertex 96.81094726338705 38.157271867832264 9.8
      vertex 96.7 38.15 14.8
      vertex 96.81094726338705 38.157271867832264 14.8
    endloop
  endfacet
  facet normal 0.6593458151000955 0.751839807478954 0
    outer loop
      vertex 96.1825527853426 38.32564966075245 9.8
      vertex 96.09895923599144 38.398959235991434 14.8
      vertex 96.1825527853426 38.32564966075245 14.8
    endloop
  endfacet
  facet normal 0.7518398074789501 0.6593458151000999 0
    outer loop
      vertex 96.09895923599144 38.398959235991434 9.8
      vertex 96.02564966075245 38.48255278534259 14.8
      vertex 96.09895923599144 38.398959235991434 14.8
    endloop
  endfacet
  facet normal 0.831469612302529 0.5555702330196263 0
    outer loop
      vertex 96.02564966075245 38.48255278534259 9.8
      vertex 95.96387840678322 38.575 14.8
      vertex 96.02564966075245 38.48255278534259 14.8
    endloop
  endfacet
  facet normal 0.8968727415326845 0.4422886902190091 0
    outer loop
      vertex 95.96387840678322 38.575 9.8
      vertex 95.9147023973654 38.67471908248967 14.8
      vertex 95.96387840678322 38.575 14.8
    endloop
  endfacet
  facet normal 0.9469301294951254 0.3214394653031036 0
    outer loop
      vertex 95.9147023973654 38.67471908248967 9.8
      vertex 95.8789630476543 38.78000381166286 14.8
      vertex 95.9147023973654 38.67471908248967 14.8
    endloop
  endfacet
  facet normal 0.9807852804032339 0.19509032201611146 0
    outer loop
      vertex 95.8789630476543 38.78000381166286 9.8
      vertex 95.85727186783227 38.88905273661295 14.8
      vertex 95.8789630476543 38.78000381166286 14.8
    endloop
  endfacet
  facet normal 0.997858923238605 0.06540312923011987 0
    outer loop
      vertex 95.85727186783227 38.88905273661295 9.8
      vertex 95.85000000000001 39 14.8
      vertex 95.85727186783227 38.88905273661295 14.8
    endloop
  endfacet
  facet normal 0.5555702330195822 0.8314696123025588 0
    outer loop
      vertex 96.275 38.26387840678323 9.8
      vertex 96.1825527853426 38.32564966075245 14.8
      vertex 96.275 38.26387840678323 14.8
    endloop
  endfacet
  facet normal 0.4422886902190091 0.8968727415326845 0
    outer loop
      vertex 96.37471908248968 38.21470239736541 9.8
      vertex 96.275 38.26387840678323 14.8
      vertex 96.37471908248968 38.21470239736541 14.8
    endloop
  endfacet
  facet normal 0.3214394653031803 0.9469301294950994 0
    outer loop
      vertex 96.48000381166285 38.17896304765429 9.8
      vertex 96.37471908248968 38.21470239736541 14.8
      vertex 96.48000381166285 38.17896304765429 14.8
    endloop
  endfacet
  facet normal 0.19509032201609922 0.9807852804032362 0
    outer loop
      vertex 96.58905273661296 38.157271867832264 9.8
      vertex 96.48000381166285 38.17896304765429 14.8
      vertex 96.58905273661296 38.157271867832264 14.8
    endloop
  endfacet
  facet normal -0.19509032201609922 0.9807852804032362 0
    outer loop
      vertex 96.91999618833715 38.17896304765429 9.8
      vertex 96.81094726338705 38.157271867832264 14.8
      vertex 96.91999618833715 38.17896304765429 14.8
    endloop
  endfacet
  facet normal -0.3214394653031803 0.9469301294950994 0
    outer loop
      vertex 97.02528091751033 38.21470239736541 9.8
      vertex 96.91999618833715 38.17896304765429 14.8
      vertex 97.02528091751033 38.21470239736541 14.8
    endloop
  endfacet
  facet normal -0.4422886902190091 0.8968727415326845 0
    outer loop
      vertex 97.125 38.26387840678323 9.8
      vertex 97.02528091751033 38.21470239736541 14.8
      vertex 97.125 38.26387840678323 14.8
    endloop
  endfacet
  facet normal -0.5555702330195822 0.8314696123025588 0
    outer loop
      vertex 97.21744721465741 38.32564966075245 9.8
      vertex 97.125 38.26387840678323 14.8
      vertex 97.21744721465741 38.32564966075245 14.8
    endloop
  endfacet
  facet normal -0.6593458151000955 0.751839807478954 0
    outer loop
      vertex 97.30104076400856 38.398959235991434 9.8
      vertex 97.21744721465741 38.32564966075245 14.8
      vertex 97.30104076400856 38.398959235991434 14.8
    endloop
  endfacet
  facet normal -0.7518398074789501 0.6593458151000999 0
    outer loop
      vertex 97.37435033924756 38.48255278534259 9.8
      vertex 97.30104076400856 38.398959235991434 14.8
      vertex 97.37435033924756 38.48255278534259 14.8
    endloop
  endfacet
  facet normal -0.831469612302529 0.5555702330196263 0
    outer loop
      vertex 97.43612159321678 38.575 9.8
      vertex 97.37435033924756 38.48255278534259 14.8
      vertex 97.43612159321678 38.575 14.8
    endloop
  endfacet
  facet normal -0.8968727415326845 0.4422886902190091 0
    outer loop
      vertex 97.4852976026346 38.67471908248967 9.8
      vertex 97.43612159321678 38.575 14.8
      vertex 97.4852976026346 38.67471908248967 14.8
    endloop
  endfacet
  facet normal -0.9469301294951254 0.3214394653031036 0
    outer loop
      vertex 97.52103695234571 38.78000381166286 9.8
      vertex 97.4852976026346 38.67471908248967 14.8
      vertex 97.52103695234571 38.78000381166286 14.8
    endloop
  endfacet
  facet normal -0.9807852804032339 0.19509032201611146 0
    outer loop
      vertex 97.54272813216774 38.88905273661295 9.8
      vertex 97.52103695234571 38.78000381166286 14.8
      vertex 97.54272813216774 38.88905273661295 14.8
    endloop
  endfacet
  facet normal -0.997858923238605 0.06540312923011987 0
    outer loop
      vertex 97.55 39 9.8
      vertex 97.54272813216774 38.88905273661295 14.8
      vertex 97.55 39 14.8
    endloop
  endfacet
  facet normal 0 0 1
    outer loop
      vertex 95.85727186783227 38.88905273661295 9.8
      vertex 95.85727186783227 39.11094726338705 9.8
      vertex 95.85000000000001 39 9.8
    endloop
  endfacet
  facet normal 0 0 1
    outer loop
      vertex 95.85727186783227 38.88905273661295 9.8
      vertex 95.8789630476543 39.21999618833714 9.8
      vertex 95.85727186783227 39.11094726338705 9.8
    endloop
  endfacet
  facet normal 0 0 1
    outer loop
      vertex 95.8789630476543 38.78000381166286 9.8
      vertex 95.9147023973654 39.32528091751033 9.8
      vertex 95.8789630476543 39.21999618833714 9.8
    endloop
  endfacet
  facet normal 0 0 1
    outer loop
      vertex 95.9147023973654 38.67471908248967 9.8
      vertex 95.96387840678322 39.425 9.8
      vertex 95.9147023973654 39.32528091751033 9.8
    endloop
  endfacet
  facet normal 0 0 1
    outer loop
      vertex 95.96387840678322 38.575 9.8
      vertex 96.02564966075245 39.51744721465741 9.8
      vertex 95.96387840678322 39.425 9.8
    endloop
  endfacet
  facet normal 0 0 1
    outer loop
      vertex 96.02564966075245 38.48255278534259 9.8
      vertex 96.09895923599144 39.601040764008566 9.8
      vertex 96.02564966075245 39.51744721465741 9.8
    endloop
  endfacet
  facet normal 0 0 1
    outer loop
      vertex 96.09895923599144 38.398959235991434 9.8
      vertex 96.1825527853426 39.67435033924755 9.8
      vertex 96.09895923599144 39.601040764008566 9.8
    endloop
  endfacet
  facet normal 0 0 1
    outer loop
      vertex 96.1825527853426 38.32564966075245 9.8
      vertex 96.275 39.73612159321677 9.8
      vertex 96.1825527853426 39.67435033924755 9.8
    endloop
  endfacet
  facet normal 0 0 1
    outer loop
      vertex 96.275 38.26387840678323 9.8
      vertex 96.37471908248968 39.78529760263459 9.8
      vertex 96.275 39.73612159321677 9.8
    endloop
  endfacet
  facet normal 0 0 1
    outer loop
      vertex 96.37471908248968 38.21470239736541 9.8
      vertex 96.48000381166285 39.82103695234571 9.8
      vertex 96.37471908248968 39.78529760263459 9.8
    endloop
  endfacet
  facet normal 0 0 1
    outer loop
      vertex 96.48000381166285 38.17896304765429 9.8
      vertex 96.58905273661296 39.842728132167736 9.8
      vertex 96.48000381166285 39.82103695234571 9.8
    endloop
  endfacet
  facet normal 0 0 1
    outer loop
      vertex 96.58905273661296 38.157271867832264 9.8
      vertex 96.7 39.85 9.8
      vertex 96.58905273661296 39.842728132167736 9.8
    endloop
  endfacet
  facet normal 0 0 1
    outer loop
      vertex 96.7 38.15 9.8
      vertex 96.81094726338705 39.842728132167736 9.8
      vertex 96.7 39.85 9.8
    endloop
  endfacet
  facet normal 0 0 1
    outer loop
      vertex 96.81094726338705 38.157271867832264 9.8
      vertex 96.91999618833715 39.82103695234571 9.8
      vertex 96.81094726338705 39.842728132167736 9.8
    endloop
  endfacet
  facet normal 0 0 1
    outer loop
      vertex 96.91999618833715 38.17896304765429 9.8
      vertex 97.02528091751033 39.78529760263459 9.8
      vertex 96.91999618833715 39.82103695234571 9.8
    endloop
  endfacet
  facet normal 0 0 1
    outer loop
      vertex 97.02528091751033 38.21470239736541 9.8
      vertex 97.125 39.73612159321677 9.8
      vertex 97.02528091751033 39.78529760263459 9.8
    endloop
  endfacet
  facet normal 0 0 1
    outer loop
      vertex 97.21744721465741 38.32564966075245 9.8
      vertex 97.30104076400856 39.601040764008566 9.8
      vertex 97.21744721465741 39.67435033924755 9.8
    endloop
  endfacet
  facet normal 0 0 1
    outer loop
      vertex 97.30104076400856 38.398959235991434 9.8
      vertex 97.37435033924756 39.51744721465741 9.8
      vertex 97.30104076400856 39.601040764008566 9.8
    endloop
  endfacet
  facet normal 0 0 1
    outer loop
      vertex 97.37435033924756 38.48255278534259 9.8
      vertex 97.43612159321678 39.425 9.8
      vertex 97.37435033924756 39.51744721465741 9.8
    endloop
  endfacet
  facet normal 0 0 1
    outer loop
      vertex 97.43612159321678 38.575 9.8
      vertex 97.4852976026346 39.32528091751033 9.8
      vertex 97.43612159321678 39.425 9.8
    endloop
  endfacet
  facet normal 0 0 1
    outer loop
      vertex 97.125 38.26387840678323 9.8
      vertex 97.21744721465741 39.67435033924755 9.8
      vertex 97.125 39.73612159321677 9.8
    endloop
  endfacet
  facet normal 0 0 1
    outer loop
      vertex 97.54272813216774 38.88905273661295 9.8
      vertex 97.55 39 9.8
      vertex 97.54272813216774 39.11094726338705 9.8
    endloop
  endfacet
  facet normal 0 0 1
    outer loop
      vertex 97.52103695234571 38.78000381166286 9.8
      vertex 97.54272813216774 39.11094726338705 9.8
      vertex 97.52103695234571 39.21999618833714 9.8
    endloop
  endfacet
  facet normal 0 0 1
    outer loop
      vertex 97.4852976026346 38.67471908248967 9.8
      vertex 97.52103695234571 39.21999618833714 9.8
      vertex 97.4852976026346 39.32528091751033 9.8
    endloop
  endfacet
  facet normal 0.997858923238605 -0.06540312923011987 0
    outer loop
      vertex 95.85000000000001 39 9.8
      vertex 95.85727186783227 39.11094726338705 9.8
      vertex 95.85727186783227 39.11094726338705 14.8
    endloop
  endfacet
  facet normal 0.9807852804032339 -0.19509032201611146 0
    outer loop
      vertex 95.85727186783227 39.11094726338705 9.8
      vertex 95.8789630476543 39.21999618833714 9.8
      vertex 95.8789630476543 39.21999618833714 14.8
    endloop
  endfacet
  facet normal 0.9469301294951254 -0.3214394653031036 0
    outer loop
      vertex 95.8789630476543 39.21999618833714 9.8
      vertex 95.9147023973654 39.32528091751033 9.8
      vertex 95.9147023973654 39.32528091751033 14.8
    endloop
  endfacet
  facet normal 0.8968727415326845 -0.4422886902190091 0
    outer loop
      vertex 95.9147023973654 39.32528091751033 9.8
      vertex 95.96387840678322 39.425 9.8
      vertex 95.96387840678322 39.425 14.8
    endloop
  endfacet
  facet normal 0.831469612302529 -0.5555702330196263 0
    outer loop
      vertex 95.96387840678322 39.425 9.8
      vertex 96.02564966075245 39.51744721465741 9.8
      vertex 96.02564966075245 39.51744721465741 14.8
    endloop
  endfacet
  facet normal 0.7518398074789501 -0.6593458151000999 0
    outer loop
      vertex 96.02564966075245 39.51744721465741 9.8
      vertex 96.09895923599144 39.601040764008566 9.8
      vertex 96.09895923599144 39.601040764008566 14.8
    endloop
  endfacet
  facet normal 0.6593458151000955 -0.751839807478954 0
    outer loop
      vertex 96.09895923599144 39.601040764008566 9.8
      vertex 96.1825527853426 39.67435033924755 9.8
      vertex 96.1825527853426 39.67435033924755 14.8
    endloop
  endfacet
  facet normal 0.5555702330195822 -0.8314696123025588 0
    outer loop
      vertex 96.1825527853426 39.67435033924755 9.8
      vertex 96.275 39.73612159321677 9.8
      vertex 96.275 39.73612159321677 14.8
    endloop
  endfacet
  facet normal 0.4422886902190091 -0.8968727415326845 0
    outer loop
      vertex 96.275 39.73612159321677 9.8
      vertex 96.37471908248968 39.78529760263459 9.8
      vertex 96.37471908248968 39.78529760263459 14.8
    endloop
  endfacet
  facet normal 0.3214394653031803 -0.9469301294950994 0
    outer loop
      vertex 96.37471908248968 39.78529760263459 9.8
      vertex 96.48000381166285 39.82103695234571 9.8
      vertex 96.48000381166285 39.82103695234571 14.8
    endloop
  endfacet
  facet normal 0.19509032201609922 -0.9807852804032362 0
    outer loop
      vertex 96.48000381166285 39.82103695234571 9.8
      vertex 96.58905273661296 39.842728132167736 9.8
      vertex 96.58905273661296 39.842728132167736 14.8
    endloop
  endfacet
  facet normal 0.0654031292301835 -0.9978589232386008 0
    outer loop
      vertex 96.58905273661296 39.842728132167736 9.8
      vertex 96.7 39.85 9.8
      vertex 96.7 39.85 14.8
    endloop
  endfacet
  facet normal -0.0654031292301835 -0.9978589232386008 0
    outer loop
      vertex 96.7 39.85 9.8
      vertex 96.81094726338705 39.842728132167736 9.8
      vertex 96.81094726338705 39.842728132167736 14.8
    endloop
  endfacet
  facet normal -0.19509032201609922 -0.9807852804032362 0
    outer loop
      vertex 96.81094726338705 39.842728132167736 9.8
      vertex 96.91999618833715 39.82103695234571 9.8
      vertex 96.91999618833715 39.82103695234571 14.8
    endloop
  endfacet
  facet normal -0.3214394653031803 -0.9469301294950994 0
    outer loop
      vertex 96.91999618833715 39.82103695234571 9.8
      vertex 97.02528091751033 39.78529760263459 9.8
      vertex 97.02528091751033 39.78529760263459 14.8
    endloop
  endfacet
  facet normal -0.4422886902190091 -0.8968727415326845 0
    outer loop
      vertex 97.02528091751033 39.78529760263459 9.8
      vertex 97.125 39.73612159321677 9.8
      vertex 97.125 39.73612159321677 14.8
    endloop
  endfacet
  facet normal -0.6593458151000955 -0.751839807478954 0
    outer loop
      vertex 97.21744721465741 39.67435033924755 9.8
      vertex 97.30104076400856 39.601040764008566 9.8
      vertex 97.30104076400856 39.601040764008566 14.8
    endloop
  endfacet
  facet normal -0.831469612302529 -0.5555702330196263 0
    outer loop
      vertex 97.43612159321678 39.425 9.8
      vertex 97.43612159321678 39.425 14.8
      vertex 97.37435033924756 39.51744721465741 9.8
    endloop
  endfacet
  facet normal -0.7518398074789501 -0.6593458151000999 0
    outer loop
      vertex 97.30104076400856 39.601040764008566 9.8
      vertex 97.37435033924756 39.51744721465741 9.8
      vertex 97.37435033924756 39.51744721465741 14.8
    endloop
  endfacet
  facet normal -0.5555702330195822 -0.8314696123025588 0
    outer loop
      vertex 97.125 39.73612159321677 9.8
      vertex 97.21744721465741 39.67435033924755 9.8
      vertex 97.21744721465741 39.67435033924755 14.8
    endloop
  endfacet
  facet normal -0.997858923238605 -0.06540312923011987 0
    outer loop
      vertex 97.55 39 9.8
      vertex 97.55 39 14.8
      vertex 97.54272813216774 39.11094726338705 9.8
    endloop
  endfacet
  facet normal -0.9807852804032339 -0.19509032201611146 0
    outer loop
      vertex 97.54272813216774 39.11094726338705 9.8
      vertex 97.54272813216774 39.11094726338705 14.8
      vertex 97.52103695234571 39.21999618833714 9.8
    endloop
  endfacet
  facet normal -0.9469301294951254 -0.3214394653031036 0
    outer loop
      vertex 97.4852976026346 39.32528091751033 9.8
      vertex 97.52103695234571 39.21999618833714 9.8
      vertex 97.52103695234571 39.21999618833714 14.8
    endloop
  endfacet
  facet normal -0.8968727415326845 -0.4422886902190091 0
    outer loop
      vertex 97.4852976026346 39.32528091751033 9.8
      vertex 97.4852976026346 39.32528091751033 14.8
      vertex 97.43612159321678 39.425 9.8
    endloop
  endfacet
  facet normal 0.997858923238605 -0.06540312923011987 0
    outer loop
      vertex 95.85000000000001 39 9.8
      vertex 95.85727186783227 39.11094726338705 14.8
      vertex 95.85000000000001 39 14.8
    endloop
  endfacet
  facet normal 0.9807852804032339 -0.19509032201611146 0
    outer loop
      vertex 95.85727186783227 39.11094726338705 9.8
      vertex 95.8789630476543 39.21999618833714 14.8
      vertex 95.85727186783227 39.11094726338705 14.8
    endloop
  endfacet
  facet normal 0.9469301294951254 -0.3214394653031036 0
    outer loop
      vertex 95.8789630476543 39.21999618833714 9.8
      vertex 95.9147023973654 39.32528091751033 14.8
      vertex 95.8789630476543 39.21999618833714 14.8
    endloop
  endfacet
  facet normal 0.8968727415326845 -0.4422886902190091 0
    outer loop
      vertex 95.9147023973654 39.32528091751033 9.8
      vertex 95.96387840678322 39.425 14.8
      vertex 95.9147023973654 39.32528091751033 14.8
    endloop
  endfacet
  facet normal 0.831469612302529 -0.5555702330196263 0
    outer loop
      vertex 95.96387840678322 39.425 9.8
      vertex 96.02564966075245 39.51744721465741 14.8
      vertex 95.96387840678322 39.425 14.8
    endloop
  endfacet
  facet normal 0.7518398074789501 -0.6593458151000999 0
    outer loop
      vertex 96.02564966075245 39.51744721465741 9.8
      vertex 96.09895923599144 39.601040764008566 14.8
      vertex 96.02564966075245 39.51744721465741 14.8
    endloop
  endfacet
  facet normal 0.6593458151000955 -0.751839807478954 0
    outer loop
      vertex 96.09895923599144 39.601040764008566 9.8
      vertex 96.1825527853426 39.67435033924755 14.8
      vertex 96.09895923599144 39.601040764008566 14.8
    endloop
  endfacet
  facet normal 0.5555702330195822 -0.8314696123025588 0
    outer loop
      vertex 96.1825527853426 39.67435033924755 9.8
      vertex 96.275 39.73612159321677 14.8
      vertex 96.1825527853426 39.67435033924755 14.8
    endloop
  endfacet
  facet normal 0.4422886902190091 -0.8968727415326845 0
    outer loop
      vertex 96.275 39.73612159321677 9.8
      vertex 96.37471908248968 39.78529760263459 14.8
      vertex 96.275 39.73612159321677 14.8
    endloop
  endfacet
  facet normal 0.3214394653031803 -0.9469301294950994 0
    outer loop
      vertex 96.37471908248968 39.78529760263459 9.8
      vertex 96.48000381166285 39.82103695234571 14.8
      vertex 96.37471908248968 39.78529760263459 14.8
    endloop
  endfacet
  facet normal 0.19509032201609922 -0.9807852804032362 0
    outer loop
      vertex 96.48000381166285 39.82103695234571 9.8
      vertex 96.58905273661296 39.842728132167736 14.8
      vertex 96.48000381166285 39.82103695234571 14.8
    endloop
  endfacet
  facet normal 0.0654031292301835 -0.9978589232386008 0
    outer loop
      vertex 96.58905273661296 39.842728132167736 9.8
      vertex 96.7 39.85 14.8
      vertex 96.58905273661296 39.842728132167736 14.8
    endloop
  endfacet
  facet normal -0.0654031292301835 -0.9978589232386008 0
    outer loop
      vertex 96.7 39.85 9.8
      vertex 96.81094726338705 39.842728132167736 14.8
      vertex 96.7 39.85 14.8
    endloop
  endfacet
  facet normal -0.8968727415326845 -0.4422886902190091 0
    outer loop
      vertex 97.43612159321678 39.425 9.8
      vertex 97.4852976026346 39.32528091751033 14.8
      vertex 97.43612159321678 39.425 14.8
    endloop
  endfacet
  facet normal -0.19509032201609922 -0.9807852804032362 0
    outer loop
      vertex 96.81094726338705 39.842728132167736 9.8
      vertex 96.91999618833715 39.82103695234571 14.8
      vertex 96.81094726338705 39.842728132167736 14.8
    endloop
  endfacet
  facet normal -0.3214394653031803 -0.9469301294950994 0
    outer loop
      vertex 96.91999618833715 39.82103695234571 9.8
      vertex 97.02528091751033 39.78529760263459 14.8
      vertex 96.91999618833715 39.82103695234571 14.8
    endloop
  endfacet
  facet normal -0.4422886902190091 -0.8968727415326845 0
    outer loop
      vertex 97.02528091751033 39.78529760263459 9.8
      vertex 97.125 39.73612159321677 14.8
      vertex 97.02528091751033 39.78529760263459 14.8
    endloop
  endfacet
  facet normal -0.831469612302529 -0.5555702330196263 0
    outer loop
      vertex 97.37435033924756 39.51744721465741 9.8
      vertex 97.43612159321678 39.425 14.8
      vertex 97.37435033924756 39.51744721465741 14.8
    endloop
  endfacet
  facet normal -0.7518398074789501 -0.6593458151000999 0
    outer loop
      vertex 97.30104076400856 39.601040764008566 9.8
      vertex 97.37435033924756 39.51744721465741 14.8
      vertex 97.30104076400856 39.601040764008566 14.8
    endloop
  endfacet
  facet normal -0.5555702330195822 -0.8314696123025588 0
    outer loop
      vertex 97.125 39.73612159321677 9.8
      vertex 97.21744721465741 39.67435033924755 14.8
      vertex 97.125 39.73612159321677 14.8
    endloop
  endfacet
  facet normal -0.6593458151000955 -0.751839807478954 0
    outer loop
      vertex 97.21744721465741 39.67435033924755 9.8
      vertex 97.30104076400856 39.601040764008566 14.8
      vertex 97.21744721465741 39.67435033924755 14.8
    endloop
  endfacet
  facet normal -0.997858923238605 -0.06540312923011987 0
    outer loop
      vertex 97.54272813216774 39.11094726338705 9.8
      vertex 97.55 39 14.8
      vertex 97.54272813216774 39.11094726338705 14.8
    endloop
  endfacet
  facet normal -0.9807852804032339 -0.19509032201611146 0
    outer loop
      vertex 97.52103695234571 39.21999618833714 9.8
      vertex 97.54272813216774 39.11094726338705 14.8
      vertex 97.52103695234571 39.21999618833714 14.8
    endloop
  endfacet
  facet normal -0.9469301294951254 -0.3214394653031036 0
    outer loop
      vertex 97.4852976026346 39.32528091751033 9.8
      vertex 97.52103695234571 39.21999618833714 14.8
      vertex 97.4852976026346 39.32528091751033 14.8
    endloop
  endfacet
  facet normal 0 1 0
    outer loop
      vertex 99.5 33 7.4
      vertex 102.5 33 5.4
      vertex 99.5 33 5.4
    endloop
  endfacet
  facet normal 1 0 0
    outer loop
      vertex 99.5 41 7.4
      vertex 99.5 33 7.4
      vertex 99.5 33 5.4
    endloop
  endfacet
  facet normal 1 0 0
    outer loop
      vertex 99.5 41 7.4
      vertex 99.5 33 5.4
      vertex 99.5 41 5.4
    endloop
  endfacet
  facet normal 0 1 0
    outer loop
      vertex 102.5 33 7.4
      vertex 102.5 33 5.4
      vertex 99.5 33 7.4
    endloop
  endfacet
  facet normal -1 0 0
    outer loop
      vertex 102.5 33 5.4
      vertex 102.5 33 7.4
      vertex 102.5 41 5.4
    endloop
  endfacet
  facet normal -1 0 0
    outer loop
      vertex 102.5 33 7.4
      vertex 102.5 41 7.4
      vertex 102.5 41 5.4
    endloop
  endfacet
  facet normal 0 -1 0
    outer loop
      vertex 99.5 41 5.4
      vertex 102.5 41 7.4
      vertex 99.5 41 7.4
    endloop
  endfacet
  facet normal 0 -1 0
    outer loop
      vertex 102.5 41 5.4
      vertex 102.5 41 7.4
      vertex 99.5 41 5.4
    endloop
  endfacet
  facet normal 0 1 0
    outer loop
      vertex 115.75 33 5.4
      vertex 112.75 33 5.4
      vertex 112.75 33 7.4
    endloop
  endfacet
  facet normal 0 1 0
    outer loop
      vertex 114 33 7.4
      vertex 115.75 33 5.4
      vertex 112.75 33 7.4
    endloop
  endfacet
  facet normal 0 1 0
    outer loop
      vertex 114 33 7.4
      vertex 114 33 8
      vertex 115.75 33 5.4
    endloop
  endfacet
  facet normal 0 1 0
    outer loop
      vertex 114 33 8
      vertex 115.75 33 8
      vertex 115.75 33 5.4
    endloop
  endfacet
  facet normal 1 0 0
    outer loop
      vertex 112.75 33 7.4
      vertex 112.75 33 5.4
      vertex 112.75 41 7.4
    endloop
  endfacet
  facet normal 1 0 0
    outer loop
      vertex 112.75 33 5.4
      vertex 112.75 41 5.4
      vertex 112.75 41 7.4
    endloop
  endfacet
  facet normal -1 0 0
    outer loop
      vertex 115.75 33 5.4
      vertex 115.75 33 8
      vertex 115.75 41 5.4
    endloop
  endfacet
  facet normal -1 0 0
    outer loop
      vertex 115.75 33 8
      vertex 115.75 41 8
      vertex 115.75 41 5.4
    endloop
  endfacet
  facet normal 0 -1 0
    outer loop
      vertex 112.75 41 5.4
      vertex 114 41 7.4
      vertex 112.75 41 7.4
    endloop
  endfacet
  facet normal 0 -1 0
    outer loop
      vertex 112.75 41 5.4
      vertex 115.75 41 5.4
      vertex 114 41 7.4
    endloop
  endfacet
  facet normal 0 -1 0
    outer loop
      vertex 114 41 7.4
      vertex 115.75 41 5.4
      vertex 114 41 8
    endloop
  endfacet
  facet normal 0 -1 0
    outer loop
      vertex 114 41 8
      vertex 115.75 41 5.4
      vertex 115.75 41 8
    endloop
  endfacet
endsolid OpenSCAD_Model
