solid OpenSCAD_Model
  facet normal 0.3214394653031611 0.9469301294951058 0
    outer loop
      vertex 86.3407798811619 55.19134456098645 0.5
      vertex 86.48941714587697 55.140889008453115 0
      vertex 86.3407798811619 55.19134456098645 0
    endloop
  endfacet
  facet normal 0.44228869021900913 0.8968727415326845 0
    outer loop
      vertex 86.2 55.26076951545867 0.5
      vertex 86.3407798811619 55.19134456098645 0
      vertex 86.2 55.26076951545867 0
    endloop
  endfacet
  facet normal 0.5555702330195729 0.8314696123025648 0
    outer loop
      vertex 86.06948628518953 55.347975991650515 0.5
      vertex 86.2 55.26076951545867 0
      vertex 86.06948628518953 55.347975991650515 0
    endloop
  endfacet
  facet normal 0.7518398074789697 0.6593458151000777 0
    outer loop
      vertex 85.84797599165051 55.569486285189534 0.5
      vertex 85.95147186257614 55.45147186257614 0
      vertex 85.84797599165051 55.569486285189534 0
    endloop
  endfacet
  facet normal 0.6593458151001 0.75183980747895 0
    outer loop
      vertex 85.95147186257614 55.45147186257614 0.5
      vertex 86.06948628518953 55.347975991650515 0
      vertex 85.95147186257614 55.45147186257614 0
    endloop
  endfacet
  facet normal 0.19509032201614018 0.9807852804032281 0
    outer loop
      vertex 86.48941714587697 55.140889008453115 0.5
      vertex 86.64336856933593 55.11026616635142 0
      vertex 86.48941714587697 55.140889008453115 0
    endloop
  endfacet
  facet normal 0.06540312923014742 0.9978589232386033 0
    outer loop
      vertex 86.64336856933593 55.11026616635142 0.5
      vertex 86.8 55.099999999999994 0
      vertex 86.64336856933593 55.11026616635142 0
    endloop
  endfacet
  facet normal -0.06540312923014742 0.9978589232386033 0
    outer loop
      vertex 86.8 55.099999999999994 0.5
      vertex 86.95663143066406 55.11026616635142 0
      vertex 86.8 55.099999999999994 0
    endloop
  endfacet
  facet normal -0.19509032201614018 0.9807852804032281 0
    outer loop
      vertex 86.95663143066406 55.11026616635142 0.5
      vertex 87.11058285412302 55.140889008453115 0
      vertex 86.95663143066406 55.11026616635142 0
    endloop
  endfacet
  facet normal -0.3214394653031611 0.9469301294951058 0
    outer loop
      vertex 87.11058285412302 55.140889008453115 0.5
      vertex 87.2592201188381 55.19134456098645 0
      vertex 87.11058285412302 55.140889008453115 0
    endloop
  endfacet
  facet normal -0.44228869021900913 0.8968727415326845 0
    outer loop
      vertex 87.2592201188381 55.19134456098645 0.5
      vertex 87.39999999999999 55.26076951545867 0
      vertex 87.2592201188381 55.19134456098645 0
    endloop
  endfacet
  facet normal -0.5555702330195729 0.8314696123025648 0
    outer loop
      vertex 87.39999999999999 55.26076951545867 0.5
      vertex 87.53051371481047 55.347975991650515 0
      vertex 87.39999999999999 55.26076951545867 0
    endloop
  endfacet
  facet normal -0.6593458151001 0.75183980747895 0
    outer loop
      vertex 87.53051371481047 55.347975991650515 0.5
      vertex 87.64852813742385 55.45147186257614 0
      vertex 87.53051371481047 55.347975991650515 0
    endloop
  endfacet
  facet normal -0.7518398074789697 0.6593458151000777 0
    outer loop
      vertex 87.64852813742385 55.45147186257614 0.5
      vertex 87.75202400834948 55.569486285189534 0
      vertex 87.64852813742385 55.45147186257614 0
    endloop
  endfacet
  facet normal 0.44228869021900913 0.8968727415326845 0
    outer loop
      vertex 86.3407798811619 55.19134456098645 0.5
      vertex 86.3407798811619 55.19134456098645 0
      vertex 86.2 55.26076951545867 0.5
    endloop
  endfacet
  facet normal 0.5555702330195729 0.8314696123025648 0
    outer loop
      vertex 86.2 55.26076951545867 0.5
      vertex 86.2 55.26076951545867 0
      vertex 86.06948628518953 55.347975991650515 0.5
    endloop
  endfacet
  facet normal 0.6593458151001 0.75183980747895 0
    outer loop
      vertex 86.06948628518953 55.347975991650515 0.5
      vertex 86.06948628518953 55.347975991650515 0
      vertex 85.95147186257614 55.45147186257614 0.5
    endloop
  endfacet
  facet normal 0.7518398074789697 0.6593458151000777 0
    outer loop
      vertex 85.95147186257614 55.45147186257614 0.5
      vertex 85.95147186257614 55.45147186257614 0
      vertex 85.84797599165051 55.569486285189534 0.5
    endloop
  endfacet
  facet normal 0.19509032201614018 0.9807852804032281 0
    outer loop
      vertex 86.64336856933593 55.11026616635142 0.5
      vertex 86.64336856933593 55.11026616635142 0
      vertex 86.48941714587697 55.140889008453115 0.5
    endloop
  endfacet
  facet normal 0.3214394653031611 0.9469301294951058 0
    outer loop
      vertex 86.48941714587697 55.140889008453115 0.5
      vertex 86.48941714587697 55.140889008453115 0
      vertex 86.3407798811619 55.19134456098645 0.5
    endloop
  endfacet
  facet normal 0.06540312923014742 0.9978589232386033 0
    outer loop
      vertex 86.64336856933593 55.11026616635142 0.5
      vertex 86.8 55.099999999999994 0.5
      vertex 86.8 55.099999999999994 0
    endloop
  endfacet
  facet normal -0.06540312923014742 0.9978589232386033 0
    outer loop
      vertex 86.8 55.099999999999994 0.5
      vertex 86.95663143066406 55.11026616635142 0.5
      vertex 86.95663143066406 55.11026616635142 0
    endloop
  endfacet
  facet normal -0.19509032201614018 0.9807852804032281 0
    outer loop
      vertex 86.95663143066406 55.11026616635142 0.5
      vertex 87.11058285412302 55.140889008453115 0.5
      vertex 87.11058285412302 55.140889008453115 0
    endloop
  endfacet
  facet normal -0.3214394653031611 0.9469301294951058 0
    outer loop
      vertex 87.11058285412302 55.140889008453115 0.5
      vertex 87.2592201188381 55.19134456098645 0.5
      vertex 87.2592201188381 55.19134456098645 0
    endloop
  endfacet
  facet normal -0.44228869021900913 0.8968727415326845 0
    outer loop
      vertex 87.2592201188381 55.19134456098645 0.5
      vertex 87.39999999999999 55.26076951545867 0.5
      vertex 87.39999999999999 55.26076951545867 0
    endloop
  endfacet
  facet normal -0.5555702330195729 0.8314696123025648 0
    outer loop
      vertex 87.39999999999999 55.26076951545867 0.5
      vertex 87.53051371481047 55.347975991650515 0.5
      vertex 87.53051371481047 55.347975991650515 0
    endloop
  endfacet
  facet normal -0.6593458151001 0.75183980747895 0
    outer loop
      vertex 87.53051371481047 55.347975991650515 0.5
      vertex 87.64852813742385 55.45147186257614 0.5
      vertex 87.64852813742385 55.45147186257614 0
    endloop
  endfacet
  facet normal -0.7518398074789697 0.6593458151000777 0
    outer loop
      vertex 87.64852813742385 55.45147186257614 0.5
      vertex 87.75202400834948 55.569486285189534 0.5
      vertex 87.75202400834948 55.569486285189534 0
    endloop
  endfacet
  facet normal 0.8314696123025578 0.5555702330195834 0
    outer loop
      vertex 85.76076951545868 55.699999999999996 0.5
      vertex 85.84797599165051 55.569486285189534 0
      vertex 85.76076951545868 55.699999999999996 0
    endloop
  endfacet
  facet normal 0.8968727415326665 0.44228869021904554 0
    outer loop
      vertex 85.69134456098645 55.840779881161886 0.5
      vertex 85.76076951545868 55.699999999999996 0
      vertex 85.69134456098645 55.840779881161886 0
    endloop
  endfacet
  facet normal 0.9469301294951106 0.3214394653031474 0
    outer loop
      vertex 85.64088900845312 55.98941714587697 0.5
      vertex 85.69134456098645 55.840779881161886 0
      vertex 85.64088900845312 55.98941714587697 0
    endloop
  endfacet
  facet normal 0.9807852804032281 0.19509032201614018 0
    outer loop
      vertex 85.61026616635142 56.143368569335934 0.5
      vertex 85.64088900845312 55.98941714587697 0
      vertex 85.61026616635142 56.143368569335934 0
    endloop
  endfacet
  facet normal 0.9978589232386033 0.06540312923014742 0
    outer loop
      vertex 85.6 56.3 0.5
      vertex 85.61026616635142 56.143368569335934 0
      vertex 85.6 56.3 0
    endloop
  endfacet
  facet normal -0.8314696123025578 0.5555702330195834 0
    outer loop
      vertex 87.75202400834948 55.569486285189534 0.5
      vertex 87.83923048454132 55.699999999999996 0
      vertex 87.75202400834948 55.569486285189534 0
    endloop
  endfacet
  facet normal -0.8968727415326665 0.44228869021904554 0
    outer loop
      vertex 87.83923048454132 55.699999999999996 0.5
      vertex 87.90865543901354 55.840779881161886 0
      vertex 87.83923048454132 55.699999999999996 0
    endloop
  endfacet
  facet normal -0.9469301294951106 0.3214394653031474 0
    outer loop
      vertex 87.90865543901354 55.840779881161886 0.5
      vertex 87.95911099154688 55.98941714587697 0
      vertex 87.90865543901354 55.840779881161886 0
    endloop
  endfacet
  facet normal -0.9807852804032281 0.19509032201614018 0
    outer loop
      vertex 87.95911099154688 55.98941714587697 0.5
      vertex 87.98973383364857 56.143368569335934 0
      vertex 87.95911099154688 55.98941714587697 0
    endloop
  endfacet
  facet normal -0.9978589232386033 0.06540312923014742 0
    outer loop
      vertex 87.98973383364857 56.143368569335934 0.5
      vertex 88 56.3 0
      vertex 87.98973383364857 56.143368569335934 0
    endloop
  endfacet
  facet normal 0.8314696123025578 0.5555702330195834 0
    outer loop
      vertex 85.76076951545868 55.699999999999996 0.5
      vertex 85.84797599165051 55.569486285189534 0.5
      vertex 85.84797599165051 55.569486285189534 0
    endloop
  endfacet
  facet normal 0.8968727415326665 0.44228869021904554 0
    outer loop
      vertex 85.76076951545868 55.699999999999996 0.5
      vertex 85.76076951545868 55.699999999999996 0
      vertex 85.69134456098645 55.840779881161886 0.5
    endloop
  endfacet
  facet normal 0.9469301294951106 0.3214394653031474 0
    outer loop
      vertex 85.69134456098645 55.840779881161886 0.5
      vertex 85.69134456098645 55.840779881161886 0
      vertex 85.64088900845312 55.98941714587697 0.5
    endloop
  endfacet
  facet normal 0.9807852804032281 0.19509032201614018 0
    outer loop
      vertex 85.64088900845312 55.98941714587697 0.5
      vertex 85.64088900845312 55.98941714587697 0
      vertex 85.61026616635142 56.143368569335934 0.5
    endloop
  endfacet
  facet normal 0.9978589232386033 0.06540312923014742 0
    outer loop
      vertex 85.61026616635142 56.143368569335934 0.5
      vertex 85.61026616635142 56.143368569335934 0
      vertex 85.6 56.3 0.5
    endloop
  endfacet
  facet normal -0.8314696123025578 0.5555702330195834 0
    outer loop
      vertex 87.75202400834948 55.569486285189534 0.5
      vertex 87.83923048454132 55.699999999999996 0.5
      vertex 87.83923048454132 55.699999999999996 0
    endloop
  endfacet
  facet normal -0.8968727415326665 0.44228869021904554 0
    outer loop
      vertex 87.83923048454132 55.699999999999996 0.5
      vertex 87.90865543901354 55.840779881161886 0.5
      vertex 87.90865543901354 55.840779881161886 0
    endloop
  endfacet
  facet normal -0.9469301294951106 0.3214394653031474 0
    outer loop
      vertex 87.90865543901354 55.840779881161886 0.5
      vertex 87.95911099154688 55.98941714587697 0.5
      vertex 87.95911099154688 55.98941714587697 0
    endloop
  endfacet
  facet normal -0.9807852804032281 0.19509032201614018 0
    outer loop
      vertex 87.95911099154688 55.98941714587697 0.5
      vertex 87.98973383364857 56.143368569335934 0.5
      vertex 87.98973383364857 56.143368569335934 0
    endloop
  endfacet
  facet normal -0.9978589232386033 0.06540312923014742 0
    outer loop
      vertex 87.98973383364857 56.143368569335934 0.5
      vertex 88 56.3 0.5
      vertex 88 56.3 0
    endloop
  endfacet
  facet normal 0.9978589232386033 -0.06540312923014742 0
    outer loop
      vertex 85.61026616635142 56.45663143066406 0.5
      vertex 85.6 56.3 0
      vertex 85.61026616635142 56.45663143066406 0
    endloop
  endfacet
  facet normal 0.9807852804032281 -0.19509032201614018 0
    outer loop
      vertex 85.64088900845312 56.610582854123024 0.5
      vertex 85.61026616635142 56.45663143066406 0
      vertex 85.64088900845312 56.610582854123024 0
    endloop
  endfacet
  facet normal 0.9469301294951106 -0.3214394653031474 0
    outer loop
      vertex 85.69134456098645 56.75922011883811 0.5
      vertex 85.64088900845312 56.610582854123024 0
      vertex 85.69134456098645 56.75922011883811 0
    endloop
  endfacet
  facet normal 0.8968727415326665 -0.44228869021904554 0
    outer loop
      vertex 85.76076951545868 56.9 0.5
      vertex 85.69134456098645 56.75922011883811 0
      vertex 85.76076951545868 56.9 0
    endloop
  endfacet
  facet normal 0.8314696123025578 -0.5555702330195834 0
    outer loop
      vertex 85.84797599165051 57.03051371481046 0.5
      vertex 85.76076951545868 56.9 0
      vertex 85.84797599165051 57.03051371481046 0
    endloop
  endfacet
  facet normal -0.9978589232386033 -0.06540312923014742 0
    outer loop
      vertex 88 56.3 0.5
      vertex 87.98973383364857 56.45663143066406 0
      vertex 88 56.3 0
    endloop
  endfacet
  facet normal -0.9807852804032281 -0.19509032201614018 0
    outer loop
      vertex 87.98973383364857 56.45663143066406 0.5
      vertex 87.95911099154688 56.610582854123024 0
      vertex 87.98973383364857 56.45663143066406 0
    endloop
  endfacet
  facet normal -0.9469301294951106 -0.3214394653031474 0
    outer loop
      vertex 87.95911099154688 56.610582854123024 0.5
      vertex 87.90865543901354 56.75922011883811 0
      vertex 87.95911099154688 56.610582854123024 0
    endloop
  endfacet
  facet normal -0.8968727415326665 -0.44228869021904554 0
    outer loop
      vertex 87.90865543901354 56.75922011883811 0.5
      vertex 87.83923048454132 56.9 0
      vertex 87.90865543901354 56.75922011883811 0
    endloop
  endfacet
  facet normal -0.8314696123025578 -0.5555702330195834 0
    outer loop
      vertex 87.83923048454132 56.9 0.5
      vertex 87.75202400834948 57.03051371481046 0
      vertex 87.83923048454132 56.9 0
    endloop
  endfacet
  facet normal -0.7518398074789697 -0.6593458151000777 0
    outer loop
      vertex 87.75202400834948 57.03051371481046 0.5
      vertex 87.64852813742385 57.14852813742385 0
      vertex 87.75202400834948 57.03051371481046 0
    endloop
  endfacet
  facet normal 0.9978589232386033 -0.06540312923014742 0
    outer loop
      vertex 85.6 56.3 0.5
      vertex 85.6 56.3 0
      vertex 85.61026616635142 56.45663143066406 0.5
    endloop
  endfacet
  facet normal 0.9807852804032281 -0.19509032201614018 0
    outer loop
      vertex 85.61026616635142 56.45663143066406 0.5
      vertex 85.61026616635142 56.45663143066406 0
      vertex 85.64088900845312 56.610582854123024 0.5
    endloop
  endfacet
  facet normal 0.9469301294951106 -0.3214394653031474 0
    outer loop
      vertex 85.64088900845312 56.610582854123024 0.5
      vertex 85.64088900845312 56.610582854123024 0
      vertex 85.69134456098645 56.75922011883811 0.5
    endloop
  endfacet
  facet normal 0.8968727415326665 -0.44228869021904554 0
    outer loop
      vertex 85.69134456098645 56.75922011883811 0.5
      vertex 85.69134456098645 56.75922011883811 0
      vertex 85.76076951545868 56.9 0.5
    endloop
  endfacet
  facet normal 0.8314696123025578 -0.5555702330195834 0
    outer loop
      vertex 85.76076951545868 56.9 0.5
      vertex 85.76076951545868 56.9 0
      vertex 85.84797599165051 57.03051371481046 0.5
    endloop
  endfacet
  facet normal 0.7518398074789697 -0.6593458151000777 0
    outer loop
      vertex 85.84797599165051 57.03051371481046 0.5
      vertex 85.84797599165051 57.03051371481046 0
      vertex 85.95147186257614 57.14852813742385 0.5
    endloop
  endfacet
  facet normal -0.9978589232386033 -0.06540312923014742 0
    outer loop
      vertex 88 56.3 0.5
      vertex 87.98973383364857 56.45663143066406 0.5
      vertex 87.98973383364857 56.45663143066406 0
    endloop
  endfacet
  facet normal -0.9807852804032281 -0.19509032201614018 0
    outer loop
      vertex 87.98973383364857 56.45663143066406 0.5
      vertex 87.95911099154688 56.610582854123024 0.5
      vertex 87.95911099154688 56.610582854123024 0
    endloop
  endfacet
  facet normal -0.9469301294951106 -0.3214394653031474 0
    outer loop
      vertex 87.95911099154688 56.610582854123024 0.5
      vertex 87.90865543901354 56.75922011883811 0.5
      vertex 87.90865543901354 56.75922011883811 0
    endloop
  endfacet
  facet normal -0.8968727415326665 -0.44228869021904554 0
    outer loop
      vertex 87.90865543901354 56.75922011883811 0.5
      vertex 87.83923048454132 56.9 0.5
      vertex 87.83923048454132 56.9 0
    endloop
  endfacet
  facet normal -0.8314696123025578 -0.5555702330195834 0
    outer loop
      vertex 87.83923048454132 56.9 0.5
      vertex 87.75202400834948 57.03051371481046 0.5
      vertex 87.75202400834948 57.03051371481046 0
    endloop
  endfacet
  facet normal 0.7518398074789697 -0.6593458151000777 0
    outer loop
      vertex 85.95147186257614 57.14852813742385 0.5
      vertex 85.84797599165051 57.03051371481046 0
      vertex 85.95147186257614 57.14852813742385 0
    endloop
  endfacet
  facet normal 0.6593458151001 -0.75183980747895 0
    outer loop
      vertex 86.06948628518953 57.25202400834948 0.5
      vertex 85.95147186257614 57.14852813742385 0
      vertex 86.06948628518953 57.25202400834948 0
    endloop
  endfacet
  facet normal 0.5555702330195729 -0.8314696123025648 0
    outer loop
      vertex 86.2 57.339230484541325 0.5
      vertex 86.06948628518953 57.25202400834948 0
      vertex 86.2 57.339230484541325 0
    endloop
  endfacet
  facet normal 0.44228869021900913 -0.8968727415326845 0
    outer loop
      vertex 86.3407798811619 57.40865543901354 0.5
      vertex 86.2 57.339230484541325 0
      vertex 86.3407798811619 57.40865543901354 0
    endloop
  endfacet
  facet normal 0.3214394653031611 -0.9469301294951058 0
    outer loop
      vertex 86.48941714587697 57.45911099154688 0.5
      vertex 86.3407798811619 57.40865543901354 0
      vertex 86.48941714587697 57.45911099154688 0
    endloop
  endfacet
  facet normal -0.5555702330195729 -0.8314696123025648 0
    outer loop
      vertex 87.53051371481047 57.25202400834948 0.5
      vertex 87.39999999999999 57.339230484541325 0
      vertex 87.53051371481047 57.25202400834948 0
    endloop
  endfacet
  facet normal -0.3214394653031611 -0.9469301294951058 0
    outer loop
      vertex 87.2592201188381 57.40865543901354 0.5
      vertex 87.11058285412302 57.45911099154688 0
      vertex 87.2592201188381 57.40865543901354 0
    endloop
  endfacet
  facet normal -0.44228869021900913 -0.8968727415326845 0
    outer loop
      vertex 87.39999999999999 57.339230484541325 0.5
      vertex 87.2592201188381 57.40865543901354 0
      vertex 87.39999999999999 57.339230484541325 0
    endloop
  endfacet
  facet normal -0.6593458151001 -0.75183980747895 0
    outer loop
      vertex 87.64852813742385 57.14852813742385 0.5
      vertex 87.53051371481047 57.25202400834948 0
      vertex 87.64852813742385 57.14852813742385 0
    endloop
  endfacet
  facet normal 0.19509032201614018 -0.9807852804032281 0
    outer loop
      vertex 86.64336856933593 57.48973383364857 0.5
      vertex 86.48941714587697 57.45911099154688 0
      vertex 86.64336856933593 57.48973383364857 0
    endloop
  endfacet
  facet normal 0.06540312923014742 -0.9978589232386033 0
    outer loop
      vertex 86.8 57.5 0.5
      vertex 86.64336856933593 57.48973383364857 0
      vertex 86.8 57.5 0
    endloop
  endfacet
  facet normal -0.06540312923014742 -0.9978589232386033 0
    outer loop
      vertex 86.95663143066406 57.48973383364857 0.5
      vertex 86.8 57.5 0
      vertex 86.95663143066406 57.48973383364857 0
    endloop
  endfacet
  facet normal -0.19509032201614018 -0.9807852804032281 0
    outer loop
      vertex 87.11058285412302 57.45911099154688 0.5
      vertex 86.95663143066406 57.48973383364857 0
      vertex 87.11058285412302 57.45911099154688 0
    endloop
  endfacet
  facet normal 0.6593458151001 -0.75183980747895 0
    outer loop
      vertex 85.95147186257614 57.14852813742385 0.5
      vertex 85.95147186257614 57.14852813742385 0
      vertex 86.06948628518953 57.25202400834948 0.5
    endloop
  endfacet
  facet normal 0.5555702330195729 -0.8314696123025648 0
    outer loop
      vertex 86.06948628518953 57.25202400834948 0.5
      vertex 86.06948628518953 57.25202400834948 0
      vertex 86.2 57.339230484541325 0.5
    endloop
  endfacet
  facet normal 0.44228869021900913 -0.8968727415326845 0
    outer loop
      vertex 86.2 57.339230484541325 0.5
      vertex 86.2 57.339230484541325 0
      vertex 86.3407798811619 57.40865543901354 0.5
    endloop
  endfacet
  facet normal 0.3214394653031611 -0.9469301294951058 0
    outer loop
      vertex 86.3407798811619 57.40865543901354 0.5
      vertex 86.3407798811619 57.40865543901354 0
      vertex 86.48941714587697 57.45911099154688 0.5
    endloop
  endfacet
  facet normal -0.5555702330195729 -0.8314696123025648 0
    outer loop
      vertex 87.53051371481047 57.25202400834948 0.5
      vertex 87.39999999999999 57.339230484541325 0.5
      vertex 87.39999999999999 57.339230484541325 0
    endloop
  endfacet
  facet normal -0.3214394653031611 -0.9469301294951058 0
    outer loop
      vertex 87.2592201188381 57.40865543901354 0.5
      vertex 87.11058285412302 57.45911099154688 0.5
      vertex 87.11058285412302 57.45911099154688 0
    endloop
  endfacet
  facet normal -0.44228869021900913 -0.8968727415326845 0
    outer loop
      vertex 87.2592201188381 57.40865543901354 0.5
      vertex 87.2592201188381 57.40865543901354 0
      vertex 87.39999999999999 57.339230484541325 0.5
    endloop
  endfacet
  facet normal -0.7518398074789697 -0.6593458151000777 0
    outer loop
      vertex 87.75202400834948 57.03051371481046 0.5
      vertex 87.64852813742385 57.14852813742385 0.5
      vertex 87.64852813742385 57.14852813742385 0
    endloop
  endfacet
  facet normal -0.6593458151001 -0.75183980747895 0
    outer loop
      vertex 87.64852813742385 57.14852813742385 0.5
      vertex 87.53051371481047 57.25202400834948 0.5
      vertex 87.53051371481047 57.25202400834948 0
    endloop
  endfacet
  facet normal 0.19509032201614018 -0.9807852804032281 0
    outer loop
      vertex 86.48941714587697 57.45911099154688 0.5
      vertex 86.48941714587697 57.45911099154688 0
      vertex 86.64336856933593 57.48973383364857 0.5
    endloop
  endfacet
  facet normal 0.06540312923014742 -0.9978589232386033 0
    outer loop
      vertex 86.64336856933593 57.48973383364857 0.5
      vertex 86.64336856933593 57.48973383364857 0
      vertex 86.8 57.5 0.5
    endloop
  endfacet
  facet normal -0.06540312923014742 -0.9978589232386033 0
    outer loop
      vertex 86.8 57.5 0.5
      vertex 86.8 57.5 0
      vertex 86.95663143066406 57.48973383364857 0.5
    endloop
  endfacet
  facet normal -0.19509032201614018 -0.9807852804032281 0
    outer loop
      vertex 87.11058285412302 57.45911099154688 0.5
      vertex 86.95663143066406 57.48973383364857 0.5
      vertex 86.95663143066406 57.48973383364857 0
    endloop
  endfacet
  facet normal 0.27391756159669794 0.8069351155406927 0.5232827999812798
    outer loop
      vertex 86.48941714587697 55.140889008453115 0.5
      vertex 86.3407798811619 55.19134456098645 0.5
      vertex 86.28236190979496 54.36814834742186 1.7999999999999972
    endloop
  endfacet
  facet normal 0.37690032688527164 0.7642782574674802 0.5232827999812791
    outer loop
      vertex 86.3407798811619 55.19134456098645 0.5
      vertex 86.2 55.26076951545867 0.5
      vertex 86.03463313526981 54.452240934977425 1.7999999999999972
    endloop
  endfacet
  facet normal 0.4734342230842868 0.7085443865110564 0.5232827999812802
    outer loop
      vertex 86.2 55.26076951545867 0.5
      vertex 86.06948628518953 55.347975991650515 0.5
      vertex 85.8 54.56794919243112 1.7999999999999972
    endloop
  endfacet
  facet normal 0.5618675284656487 0.640687124655753 0.5232827999812789
    outer loop
      vertex 86.06948628518953 55.347975991650515 0.5
      vertex 85.95147186257614 55.45147186257614 0.5
      vertex 85.58247714198255 54.713293319417524 1.7999999999999972
    endloop
  endfacet
  facet normal 0.6406871246557705 0.5618675284656303 0.5232827999812771
    outer loop
      vertex 85.95147186257614 55.45147186257614 0.5
      vertex 85.84797599165051 55.569486285189534 0.5
      vertex 85.21329331941753 55.08247714198256 1.7999999999999972
    endloop
  endfacet
  facet normal 0.7085443865110487 0.47343422308429456 0.5232827999812836
    outer loop
      vertex 85.76076951545868 55.699999999999996 0.5
      vertex 85.06794919243112 55.3 1.7999999999999972
      vertex 85.84797599165051 55.569486285189534 0.5
    endloop
  endfacet
  facet normal 0.16624799088492706 0.8357850900623188 0.5232827999812786
    outer loop
      vertex 86.64336856933593 55.11026616635142 0.5
      vertex 86.48941714587697 55.140889008453115 0.5
      vertex 86.53894761555989 54.317110277252375 1.7999999999999972
    endloop
  endfacet
  facet normal 0.05573387095644707 0.8503345499695777 0.5232827999812778
    outer loop
      vertex 86.64336856933593 55.11026616635142 0.5
      vertex 86.8 54.3 1.7999999999999972
      vertex 86.8 55.099999999999994 0.5
    endloop
  endfacet
  facet normal -0.05573387095644707 0.8503345499695777 0.5232827999812779
    outer loop
      vertex 86.8 55.099999999999994 0.5
      vertex 86.8 54.3 1.7999999999999972
      vertex 86.95663143066406 55.11026616635142 0.5
    endloop
  endfacet
  facet normal -0.16624799088492706 0.8357850900623188 0.5232827999812786
    outer loop
      vertex 86.95663143066406 55.11026616635142 0.5
      vertex 87.0610523844401 54.317110277252375 1.7999999999999972
      vertex 87.11058285412302 55.140889008453115 0.5
    endloop
  endfacet
  facet normal -0.27391756159669794 0.8069351155406927 0.5232827999812798
    outer loop
      vertex 87.11058285412302 55.140889008453115 0.5
      vertex 87.31763809020504 54.36814834742186 1.7999999999999972
      vertex 87.2592201188381 55.19134456098645 0.5
    endloop
  endfacet
  facet normal -0.37690032688527164 0.7642782574674802 0.5232827999812791
    outer loop
      vertex 87.2592201188381 55.19134456098645 0.5
      vertex 87.56536686473018 54.452240934977425 1.7999999999999972
      vertex 87.39999999999999 55.26076951545867 0.5
    endloop
  endfacet
  facet normal -0.4734342230842868 0.7085443865110564 0.5232827999812802
    outer loop
      vertex 87.39999999999999 55.26076951545867 0.5
      vertex 87.8 54.56794919243112 1.7999999999999972
      vertex 87.53051371481047 55.347975991650515 0.5
    endloop
  endfacet
  facet normal -0.5618675284656487 0.640687124655753 0.5232827999812789
    outer loop
      vertex 87.53051371481047 55.347975991650515 0.5
      vertex 88.01752285801744 54.713293319417524 1.7999999999999972
      vertex 87.64852813742385 55.45147186257614 0.5
    endloop
  endfacet
  facet normal -0.6406871246557705 0.5618675284656303 0.5232827999812771
    outer loop
      vertex 87.64852813742385 55.45147186257614 0.5
      vertex 88.38670668058246 55.08247714198256 1.7999999999999972
      vertex 87.75202400834948 55.569486285189534 0.5
    endloop
  endfacet
  facet normal -0.7085443865110487 0.47343422308429456 0.5232827999812836
    outer loop
      vertex 87.75202400834948 55.569486285189534 0.5
      vertex 88.53205080756888 55.3 1.7999999999999972
      vertex 87.83923048454132 55.699999999999996 0.5
    endloop
  endfacet
  facet normal 0.273917561596705 0.8069351155406909 0.523282799981279
    outer loop
      vertex 86.3407798811619 55.19134456098645 0.5
      vertex 86.03463313526981 54.452240934977425 1.7999999999999972
      vertex 86.28236190979496 54.36814834742186 1.7999999999999972
    endloop
  endfacet
  facet normal 0.3769003268852716 0.7642782574674802 0.5232827999812791
    outer loop
      vertex 86.2 55.26076951545867 0.5
      vertex 85.8 54.56794919243112 1.7999999999999972
      vertex 86.03463313526981 54.452240934977425 1.7999999999999972
    endloop
  endfacet
  facet normal 0.055733870956439585 0.8503345499695776 0.5232827999812787
    outer loop
      vertex 86.64336856933593 55.11026616635142 0.5
      vertex 86.53894761555989 54.317110277252375 1.7999999999999972
      vertex 86.8 54.3 1.7999999999999972
    endloop
  endfacet
  facet normal -0.055733870956439585 0.8503345499695776 0.5232827999812787
    outer loop
      vertex 86.95663143066406 55.11026616635142 0.5
      vertex 86.8 54.3 1.7999999999999972
      vertex 87.0610523844401 54.317110277252375 1.7999999999999972
    endloop
  endfacet
  facet normal 0.16624799088491504 0.8357850900623203 0.52328279998128
    outer loop
      vertex 86.48941714587697 55.140889008453115 0.5
      vertex 86.28236190979496 54.36814834742186 1.7999999999999972
      vertex 86.53894761555989 54.317110277252375 1.7999999999999972
    endloop
  endfacet
  facet normal -0.16624799088491504 0.8357850900623203 0.52328279998128
    outer loop
      vertex 87.11058285412302 55.140889008453115 0.5
      vertex 87.0610523844401 54.317110277252375 1.7999999999999972
      vertex 87.31763809020504 54.36814834742186 1.7999999999999972
    endloop
  endfacet
  facet normal -0.273917561596705 0.8069351155406909 0.523282799981279
    outer loop
      vertex 87.2592201188381 55.19134456098645 0.5
      vertex 87.31763809020504 54.36814834742186 1.7999999999999972
      vertex 87.56536686473018 54.452240934977425 1.7999999999999972
    endloop
  endfacet
  facet normal -0.3769003268852716 0.7642782574674802 0.5232827999812791
    outer loop
      vertex 87.39999999999999 55.26076951545867 0.5
      vertex 87.56536686473018 54.452240934977425 1.7999999999999972
      vertex 87.8 54.56794919243112 1.7999999999999972
    endloop
  endfacet
  facet normal 0.4734342230842924 0.7085443865110533 0.5232827999812794
    outer loop
      vertex 86.06948628518953 55.347975991650515 0.5
      vertex 85.58247714198255 54.713293319417524 1.7999999999999972
      vertex 85.8 54.56794919243112 1.7999999999999972
    endloop
  endfacet
  facet normal 0.5618675284656452 0.6406871246557556 0.5232827999812795
    outer loop
      vertex 85.95147186257614 55.45147186257614 0.5
      vertex 85.3857864376269 54.885786437626905 1.7999999999999972
      vertex 85.58247714198255 54.713293319417524 1.7999999999999972
    endloop
  endfacet
  facet normal 0.6406871246557775 0.5618675284656212 0.5232827999812785
    outer loop
      vertex 85.95147186257614 55.45147186257614 0.5
      vertex 85.21329331941753 55.08247714198256 1.7999999999999972
      vertex 85.3857864376269 54.885786437626905 1.7999999999999972
    endloop
  endfacet
  facet normal 0.7642782574674872 0.3769003268852522 0.5232827999812829
    outer loop
      vertex 85.76076951545868 55.699999999999996 0.5
      vertex 84.95224093497743 55.534633135269814 1.7999999999999972
      vertex 85.06794919243112 55.3 1.7999999999999972
    endloop
  endfacet
  facet normal 0.7085443865110255 0.4734342230843354 0.523282799981278
    outer loop
      vertex 85.84797599165051 55.569486285189534 0.5
      vertex 85.06794919243112 55.3 1.7999999999999972
      vertex 85.21329331941753 55.08247714198256 1.7999999999999972
    endloop
  endfacet
  facet normal -0.4734342230842924 0.7085443865110533 0.5232827999812794
    outer loop
      vertex 87.53051371481047 55.347975991650515 0.5
      vertex 87.8 54.56794919243112 1.7999999999999972
      vertex 88.01752285801744 54.713293319417524 1.7999999999999972
    endloop
  endfacet
  facet normal -0.5618675284656452 0.6406871246557556 0.5232827999812795
    outer loop
      vertex 87.64852813742385 55.45147186257614 0.5
      vertex 88.01752285801744 54.713293319417524 1.7999999999999972
      vertex 88.21421356237309 54.885786437626905 1.7999999999999972
    endloop
  endfacet
  facet normal -0.6406871246557775 0.5618675284656212 0.5232827999812785
    outer loop
      vertex 87.64852813742385 55.45147186257614 0.5
      vertex 88.21421356237309 54.885786437626905 1.7999999999999972
      vertex 88.38670668058246 55.08247714198256 1.7999999999999972
    endloop
  endfacet
  facet normal -0.7085443865110255 0.4734342230843354 0.523282799981278
    outer loop
      vertex 87.75202400834948 55.569486285189534 0.5
      vertex 88.38670668058246 55.08247714198256 1.7999999999999972
      vertex 88.53205080756888 55.3 1.7999999999999972
    endloop
  endfacet
  facet normal -0.7642782574674872 0.3769003268852522 0.5232827999812829
    outer loop
      vertex 87.83923048454132 55.699999999999996 0.5
      vertex 88.53205080756888 55.3 1.7999999999999972
      vertex 88.64775906502257 55.534633135269814 1.7999999999999972
    endloop
  endfacet
  facet normal 0.7642782574674664 0.37690032688530334 0.5232827999812766
    outer loop
      vertex 85.76076951545868 55.699999999999996 0.5
      vertex 85.69134456098645 55.840779881161886 0.5
      vertex 84.95224093497743 55.534633135269814 1.7999999999999972
    endloop
  endfacet
  facet normal 0.8069351155406983 0.27391756159668673 0.523282799981277
    outer loop
      vertex 85.69134456098645 55.840779881161886 0.5
      vertex 85.64088900845312 55.98941714587697 0.5
      vertex 84.86814834742187 55.78236190979496 1.7999999999999972
    endloop
  endfacet
  facet normal 0.8357850900623208 0.16624799088492745 0.5232827999812752
    outer loop
      vertex 85.64088900845312 55.98941714587697 0.5
      vertex 85.61026616635142 56.143368569335934 0.5
      vertex 84.81711027725238 56.03894761555989 1.7999999999999972
    endloop
  endfacet
  facet normal 0.8503345499695777 0.05573387095644707 0.5232827999812778
    outer loop
      vertex 85.61026616635142 56.143368569335934 0.5
      vertex 85.6 56.3 0.5
      vertex 84.8 56.3 1.7999999999999972
    endloop
  endfacet
  facet normal -0.7642782574674664 0.37690032688530334 0.5232827999812766
    outer loop
      vertex 87.83923048454132 55.699999999999996 0.5
      vertex 88.64775906502257 55.534633135269814 1.7999999999999972
      vertex 87.90865543901354 55.840779881161886 0.5
    endloop
  endfacet
  facet normal -0.8069351155406983 0.27391756159668673 0.523282799981277
    outer loop
      vertex 87.90865543901354 55.840779881161886 0.5
      vertex 88.73185165257813 55.78236190979496 1.7999999999999972
      vertex 87.95911099154688 55.98941714587697 0.5
    endloop
  endfacet
  facet normal -0.8357850900623208 0.16624799088492745 0.5232827999812752
    outer loop
      vertex 87.95911099154688 55.98941714587697 0.5
      vertex 88.78288972274761 56.03894761555989 1.7999999999999972
      vertex 87.98973383364857 56.143368569335934 0.5
    endloop
  endfacet
  facet normal -0.8503345499695777 0.05573387095644707 0.5232827999812778
    outer loop
      vertex 87.98973383364857 56.143368569335934 0.5
      vertex 88.8 56.3 1.7999999999999972
      vertex 88 56.3 0.5
    endloop
  endfacet
  facet normal 0.8503345499695777 -0.05573387095644707 0.5232827999812779
    outer loop
      vertex 85.6 56.3 0.5
      vertex 85.61026616635142 56.45663143066406 0.5
      vertex 84.8 56.3 1.7999999999999972
    endloop
  endfacet
  facet normal 0.8357850900623208 -0.16624799088492745 0.5232827999812752
    outer loop
      vertex 85.61026616635142 56.45663143066406 0.5
      vertex 85.64088900845312 56.610582854123024 0.5
      vertex 84.81711027725238 56.5610523844401 1.7999999999999972
    endloop
  endfacet
  facet normal 0.8069351155406983 -0.27391756159668673 0.523282799981277
    outer loop
      vertex 85.64088900845312 56.610582854123024 0.5
      vertex 85.69134456098645 56.75922011883811 0.5
      vertex 84.86814834742187 56.81763809020504 1.7999999999999972
    endloop
  endfacet
  facet normal 0.7642782574674662 -0.3769003268853033 0.5232827999812766
    outer loop
      vertex 85.69134456098645 56.75922011883811 0.5
      vertex 85.76076951545868 56.9 0.5
      vertex 84.95224093497743 57.06536686473018 1.7999999999999972
    endloop
  endfacet
  facet normal -0.8503345499695777 -0.05573387095644707 0.5232827999812779
    outer loop
      vertex 88 56.3 0.5
      vertex 88.8 56.3 1.7999999999999972
      vertex 87.98973383364857 56.45663143066406 0.5
    endloop
  endfacet
  facet normal -0.8357850900623208 -0.16624799088492745 0.5232827999812752
    outer loop
      vertex 87.98973383364857 56.45663143066406 0.5
      vertex 88.78288972274761 56.5610523844401 1.7999999999999972
      vertex 87.95911099154688 56.610582854123024 0.5
    endloop
  endfacet
  facet normal -0.8069351155406983 -0.27391756159668673 0.523282799981277
    outer loop
      vertex 87.95911099154688 56.610582854123024 0.5
      vertex 88.73185165257813 56.81763809020504 1.7999999999999972
      vertex 87.90865543901354 56.75922011883811 0.5
    endloop
  endfacet
  facet normal -0.7642782574674662 -0.3769003268853033 0.5232827999812766
    outer loop
      vertex 87.90865543901354 56.75922011883811 0.5
      vertex 88.64775906502257 57.06536686473018 1.7999999999999972
      vertex 87.83923048454132 56.9 0.5
    endloop
  endfacet
  facet normal 0.806935115540699 0.2739175615966844 0.5232827999812774
    outer loop
      vertex 85.69134456098645 55.840779881161886 0.5
      vertex 84.86814834742187 55.78236190979496 1.7999999999999972
      vertex 84.95224093497743 55.534633135269814 1.7999999999999972
    endloop
  endfacet
  facet normal 0.8357850900623224 0.16624799088491488 0.5232827999812768
    outer loop
      vertex 85.64088900845312 55.98941714587697 0.5
      vertex 84.81711027725238 56.03894761555989 1.7999999999999972
      vertex 84.86814834742187 55.78236190979496 1.7999999999999972
    endloop
  endfacet
  facet normal 0.8503345499695777 0.05573387095646296 0.5232827999812759
    outer loop
      vertex 85.61026616635142 56.143368569335934 0.5
      vertex 84.8 56.3 1.7999999999999972
      vertex 84.81711027725238 56.03894761555989 1.7999999999999972
    endloop
  endfacet
  facet normal -0.806935115540699 0.2739175615966844 0.5232827999812774
    outer loop
      vertex 87.90865543901354 55.840779881161886 0.5
      vertex 88.64775906502257 55.534633135269814 1.7999999999999972
      vertex 88.73185165257813 55.78236190979496 1.7999999999999972
    endloop
  endfacet
  facet normal -0.8357850900623224 0.16624799088491488 0.5232827999812768
    outer loop
      vertex 87.95911099154688 55.98941714587697 0.5
      vertex 88.73185165257813 55.78236190979496 1.7999999999999972
      vertex 88.78288972274761 56.03894761555989 1.7999999999999972
    endloop
  endfacet
  facet normal -0.8503345499695777 0.05573387095646296 0.5232827999812759
    outer loop
      vertex 87.98973383364857 56.143368569335934 0.5
      vertex 88.78288972274761 56.03894761555989 1.7999999999999972
      vertex 88.8 56.3 1.7999999999999972
    endloop
  endfacet
  facet normal 0.8503345499695777 -0.05573387095646296 0.5232827999812759
    outer loop
      vertex 85.61026616635142 56.45663143066406 0.5
      vertex 84.81711027725238 56.5610523844401 1.7999999999999972
      vertex 84.8 56.3 1.7999999999999972
    endloop
  endfacet
  facet normal 0.8357850900623224 -0.16624799088491488 0.5232827999812768
    outer loop
      vertex 85.64088900845312 56.610582854123024 0.5
      vertex 84.86814834742187 56.81763809020504 1.7999999999999972
      vertex 84.81711027725238 56.5610523844401 1.7999999999999972
    endloop
  endfacet
  facet normal 0.806935115540699 -0.2739175615966844 0.5232827999812774
    outer loop
      vertex 85.69134456098645 56.75922011883811 0.5
      vertex 84.95224093497743 57.06536686473018 1.7999999999999972
      vertex 84.86814834742187 56.81763809020504 1.7999999999999972
    endloop
  endfacet
  facet normal -0.8503345499695777 -0.05573387095646296 0.5232827999812759
    outer loop
      vertex 87.98973383364857 56.45663143066406 0.5
      vertex 88.8 56.3 1.7999999999999972
      vertex 88.78288972274761 56.5610523844401 1.7999999999999972
    endloop
  endfacet
  facet normal -0.8357850900623224 -0.16624799088491488 0.5232827999812768
    outer loop
      vertex 87.95911099154688 56.610582854123024 0.5
      vertex 88.78288972274761 56.5610523844401 1.7999999999999972
      vertex 88.73185165257813 56.81763809020504 1.7999999999999972
    endloop
  endfacet
  facet normal -0.806935115540699 -0.2739175615966844 0.5232827999812774
    outer loop
      vertex 87.90865543901354 56.75922011883811 0.5
      vertex 88.73185165257813 56.81763809020504 1.7999999999999972
      vertex 88.64775906502257 57.06536686473018 1.7999999999999972
    endloop
  endfacet
  facet normal 0.7085443865110487 -0.47343422308429456 0.5232827999812836
    outer loop
      vertex 85.76076951545868 56.9 0.5
      vertex 85.84797599165051 57.03051371481046 0.5
      vertex 85.06794919243112 57.3 1.7999999999999972
    endloop
  endfacet
  facet normal 0.6406871246557705 -0.5618675284656303 0.5232827999812771
    outer loop
      vertex 85.84797599165051 57.03051371481046 0.5
      vertex 85.95147186257614 57.14852813742385 0.5
      vertex 85.21329331941753 57.517522858017436 1.7999999999999972
    endloop
  endfacet
  facet normal 0.5618675284656487 -0.640687124655753 0.5232827999812789
    outer loop
      vertex 85.95147186257614 57.14852813742385 0.5
      vertex 86.06948628518953 57.25202400834948 0.5
      vertex 85.58247714198255 57.88670668058247 1.7999999999999972
    endloop
  endfacet
  facet normal 0.4734342230842868 -0.7085443865110564 0.5232827999812801
    outer loop
      vertex 86.06948628518953 57.25202400834948 0.5
      vertex 86.2 57.339230484541325 0.5
      vertex 85.8 58.03205080756887 1.7999999999999972
    endloop
  endfacet
  facet normal 0.37690032688527164 -0.7642782574674802 0.5232827999812791
    outer loop
      vertex 86.2 57.339230484541325 0.5
      vertex 86.3407798811619 57.40865543901354 0.5
      vertex 86.03463313526981 58.14775906502257 1.7999999999999972
    endloop
  endfacet
  facet normal 0.27391756159669794 -0.8069351155406927 0.5232827999812798
    outer loop
      vertex 86.3407798811619 57.40865543901354 0.5
      vertex 86.48941714587697 57.45911099154688 0.5
      vertex 86.28236190979496 58.231851652578136 1.7999999999999972
    endloop
  endfacet
  facet normal -0.6406871246557705 -0.5618675284656303 0.5232827999812771
    outer loop
      vertex 87.75202400834948 57.03051371481046 0.5
      vertex 88.38670668058246 57.517522858017436 1.7999999999999972
      vertex 87.64852813742385 57.14852813742385 0.5
    endloop
  endfacet
  facet normal -0.7085443865110487 -0.47343422308429456 0.5232827999812836
    outer loop
      vertex 87.83923048454132 56.9 0.5
      vertex 88.53205080756888 57.3 1.7999999999999972
      vertex 87.75202400834948 57.03051371481046 0.5
    endloop
  endfacet
  facet normal -0.5618675284656487 -0.640687124655753 0.5232827999812789
    outer loop
      vertex 87.64852813742385 57.14852813742385 0.5
      vertex 88.01752285801744 57.88670668058247 1.7999999999999972
      vertex 87.53051371481047 57.25202400834948 0.5
    endloop
  endfacet
  facet normal -0.37690032688527164 -0.7642782574674802 0.5232827999812791
    outer loop
      vertex 87.2592201188381 57.40865543901354 0.5
      vertex 87.39999999999999 57.339230484541325 0.5
      vertex 87.56536686473018 58.14775906502257 1.7999999999999972
    endloop
  endfacet
  facet normal 0.16624799088492706 -0.8357850900623188 0.5232827999812786
    outer loop
      vertex 86.48941714587697 57.45911099154688 0.5
      vertex 86.64336856933593 57.48973383364857 0.5
      vertex 86.53894761555989 58.28288972274762 1.7999999999999972
    endloop
  endfacet
  facet normal 0.05573387095644707 -0.8503345499695777 0.5232827999812778
    outer loop
      vertex 86.64336856933593 57.48973383364857 0.5
      vertex 86.8 57.5 0.5
      vertex 86.8 58.3 1.7999999999999972
    endloop
  endfacet
  facet normal -0.05573387095644707 -0.8503345499695777 0.5232827999812779
    outer loop
      vertex 86.8 57.5 0.5
      vertex 86.95663143066406 57.48973383364857 0.5
      vertex 86.8 58.3 1.7999999999999972
    endloop
  endfacet
  facet normal -0.27391756159669794 -0.8069351155406927 0.5232827999812798
    outer loop
      vertex 87.2592201188381 57.40865543901354 0.5
      vertex 87.31763809020504 58.231851652578136 1.7999999999999972
      vertex 87.11058285412302 57.45911099154688 0.5
    endloop
  endfacet
  facet normal -0.16624799088492706 -0.8357850900623188 0.5232827999812786
    outer loop
      vertex 87.11058285412302 57.45911099154688 0.5
      vertex 87.0610523844401 58.28288972274762 1.7999999999999972
      vertex 86.95663143066406 57.48973383364857 0.5
    endloop
  endfacet
  facet normal -0.4734342230842868 -0.7085443865110564 0.5232827999812801
    outer loop
      vertex 87.53051371481047 57.25202400834948 0.5
      vertex 87.8 58.03205080756887 1.7999999999999972
      vertex 87.39999999999999 57.339230484541325 0.5
    endloop
  endfacet
  facet normal 0.7642782574674872 -0.3769003268852522 0.5232827999812829
    outer loop
      vertex 85.76076951545868 56.9 0.5
      vertex 85.06794919243112 57.3 1.7999999999999972
      vertex 84.95224093497743 57.06536686473018 1.7999999999999972
    endloop
  endfacet
  facet normal 0.7085443865110255 -0.4734342230843354 0.523282799981278
    outer loop
      vertex 85.84797599165051 57.03051371481046 0.5
      vertex 85.21329331941753 57.517522858017436 1.7999999999999972
      vertex 85.06794919243112 57.3 1.7999999999999972
    endloop
  endfacet
  facet normal 0.6406871246557775 -0.5618675284656212 0.5232827999812785
    outer loop
      vertex 85.95147186257614 57.14852813742385 0.5
      vertex 85.3857864376269 57.71421356237309 1.7999999999999972
      vertex 85.21329331941753 57.517522858017436 1.7999999999999972
    endloop
  endfacet
  facet normal 0.5618675284656452 -0.6406871246557556 0.5232827999812795
    outer loop
      vertex 85.95147186257614 57.14852813742385 0.5
      vertex 85.58247714198255 57.88670668058247 1.7999999999999972
      vertex 85.3857864376269 57.71421356237309 1.7999999999999972
    endloop
  endfacet
  facet normal 0.4734342230842924 -0.7085443865110533 0.5232827999812794
    outer loop
      vertex 86.06948628518953 57.25202400834948 0.5
      vertex 85.8 58.03205080756887 1.7999999999999972
      vertex 85.58247714198255 57.88670668058247 1.7999999999999972
    endloop
  endfacet
  facet normal -0.7642782574674872 -0.3769003268852522 0.5232827999812829
    outer loop
      vertex 87.83923048454132 56.9 0.5
      vertex 88.64775906502257 57.06536686473018 1.7999999999999972
      vertex 88.53205080756888 57.3 1.7999999999999972
    endloop
  endfacet
  facet normal -0.7085443865110255 -0.4734342230843354 0.523282799981278
    outer loop
      vertex 87.75202400834948 57.03051371481046 0.5
      vertex 88.53205080756888 57.3 1.7999999999999972
      vertex 88.38670668058246 57.517522858017436 1.7999999999999972
    endloop
  endfacet
  facet normal -0.5618675284656452 -0.6406871246557556 0.5232827999812795
    outer loop
      vertex 87.64852813742385 57.14852813742385 0.5
      vertex 88.21421356237309 57.71421356237309 1.7999999999999972
      vertex 88.01752285801744 57.88670668058247 1.7999999999999972
    endloop
  endfacet
  facet normal -0.6406871246557775 -0.5618675284656212 0.5232827999812785
    outer loop
      vertex 87.64852813742385 57.14852813742385 0.5
      vertex 88.38670668058246 57.517522858017436 1.7999999999999972
      vertex 88.21421356237309 57.71421356237309 1.7999999999999972
    endloop
  endfacet
  facet normal -0.4734342230842924 -0.7085443865110533 0.5232827999812794
    outer loop
      vertex 87.53051371481047 57.25202400834948 0.5
      vertex 88.01752285801744 57.88670668058247 1.7999999999999972
      vertex 87.8 58.03205080756887 1.7999999999999972
    endloop
  endfacet
  facet normal 0.3769003268852716 -0.7642782574674802 0.5232827999812791
    outer loop
      vertex 86.2 57.339230484541325 0.5
      vertex 86.03463313526981 58.14775906502257 1.7999999999999972
      vertex 85.8 58.03205080756887 1.7999999999999972
    endloop
  endfacet
  facet normal 0.273917561596705 -0.8069351155406909 0.523282799981279
    outer loop
      vertex 86.3407798811619 57.40865543901354 0.5
      vertex 86.28236190979496 58.231851652578136 1.7999999999999972
      vertex 86.03463313526981 58.14775906502257 1.7999999999999972
    endloop
  endfacet
  facet normal 0.16624799088491504 -0.8357850900623203 0.52328279998128
    outer loop
      vertex 86.48941714587697 57.45911099154688 0.5
      vertex 86.53894761555989 58.28288972274762 1.7999999999999972
      vertex 86.28236190979496 58.231851652578136 1.7999999999999972
    endloop
  endfacet
  facet normal 0.055733870956439585 -0.8503345499695776 0.5232827999812787
    outer loop
      vertex 86.64336856933593 57.48973383364857 0.5
      vertex 86.8 58.3 1.7999999999999972
      vertex 86.53894761555989 58.28288972274762 1.7999999999999972
    endloop
  endfacet
  facet normal -0.055733870956439585 -0.8503345499695776 0.5232827999812787
    outer loop
      vertex 86.95663143066406 57.48973383364857 0.5
      vertex 87.0610523844401 58.28288972274762 1.7999999999999972
      vertex 86.8 58.3 1.7999999999999972
    endloop
  endfacet
  facet normal -0.273917561596705 -0.8069351155406909 0.523282799981279
    outer loop
      vertex 87.2592201188381 57.40865543901354 0.5
      vertex 87.56536686473018 58.14775906502257 1.7999999999999972
      vertex 87.31763809020504 58.231851652578136 1.7999999999999972
    endloop
  endfacet
  facet normal -0.16624799088491504 -0.8357850900623203 0.52328279998128
    outer loop
      vertex 87.11058285412302 57.45911099154688 0.5
      vertex 87.31763809020504 58.231851652578136 1.7999999999999972
      vertex 87.0610523844401 58.28288972274762 1.7999999999999972
    endloop
  endfacet
  facet normal -0.3769003268852716 -0.7642782574674802 0.5232827999812791
    outer loop
      vertex 87.39999999999999 57.339230484541325 0.5
      vertex 87.8 58.03205080756887 1.7999999999999972
      vertex 87.56536686473018 58.14775906502257 1.7999999999999972
    endloop
  endfacet
  facet normal 0.19509032201614018 0.9807852804032281 0
    outer loop
      vertex 115.48941714587697 55.140889008453115 0.5
      vertex 115.64336856933593 55.11026616635142 0
      vertex 115.48941714587697 55.140889008453115 0
    endloop
  endfacet
  facet normal 0.06540312923014742 0.9978589232386033 0
    outer loop
      vertex 115.64336856933593 55.11026616635142 0.5
      vertex 115.8 55.099999999999994 0
      vertex 115.64336856933593 55.11026616635142 0
    endloop
  endfacet
  facet normal -0.06540312923014742 0.9978589232386033 0
    outer loop
      vertex 115.8 55.099999999999994 0.5
      vertex 115.95663143066406 55.11026616635142 0
      vertex 115.8 55.099999999999994 0
    endloop
  endfacet
  facet normal -0.19509032201614018 0.9807852804032281 0
    outer loop
      vertex 115.95663143066406 55.11026616635142 0.5
      vertex 116.11058285412302 55.140889008453115 0
      vertex 115.95663143066406 55.11026616635142 0
    endloop
  endfacet
  facet normal -0.3214394653031611 0.9469301294951058 0
    outer loop
      vertex 116.11058285412302 55.140889008453115 0.5
      vertex 116.2592201188381 55.19134456098645 0
      vertex 116.11058285412302 55.140889008453115 0
    endloop
  endfacet
  facet normal 0.6593458151001 0.75183980747895 0
    outer loop
      vertex 114.95147186257614 55.45147186257614 0.5
      vertex 115.06948628518953 55.347975991650515 0
      vertex 114.95147186257614 55.45147186257614 0
    endloop
  endfacet
  facet normal 0.7518398074789697 0.6593458151000777 0
    outer loop
      vertex 114.84797599165051 55.569486285189534 0.5
      vertex 114.95147186257614 55.45147186257614 0
      vertex 114.84797599165051 55.569486285189534 0
    endloop
  endfacet
  facet normal 0.44228869021900913 0.8968727415326845 0
    outer loop
      vertex 115.2 55.26076951545867 0.5
      vertex 115.3407798811619 55.19134456098645 0
      vertex 115.2 55.26076951545867 0
    endloop
  endfacet
  facet normal 0.3214394653031611 0.9469301294951058 0
    outer loop
      vertex 115.3407798811619 55.19134456098645 0.5
      vertex 115.48941714587697 55.140889008453115 0
      vertex 115.3407798811619 55.19134456098645 0
    endloop
  endfacet
  facet normal 0.5555702330195729 0.8314696123025648 0
    outer loop
      vertex 115.06948628518953 55.347975991650515 0.5
      vertex 115.2 55.26076951545867 0
      vertex 115.06948628518953 55.347975991650515 0
    endloop
  endfacet
  facet normal -0.44228869021900913 0.8968727415326845 0
    outer loop
      vertex 116.2592201188381 55.19134456098645 0.5
      vertex 116.39999999999999 55.26076951545867 0
      vertex 116.2592201188381 55.19134456098645 0
    endloop
  endfacet
  facet normal -0.5555702330195729 0.8314696123025648 0
    outer loop
      vertex 116.39999999999999 55.26076951545867 0.5
      vertex 116.53051371481047 55.347975991650515 0
      vertex 116.39999999999999 55.26076951545867 0
    endloop
  endfacet
  facet normal -0.6593458151001 0.75183980747895 0
    outer loop
      vertex 116.53051371481047 55.347975991650515 0.5
      vertex 116.64852813742385 55.45147186257614 0
      vertex 116.53051371481047 55.347975991650515 0
    endloop
  endfacet
  facet normal -0.7518398074789697 0.6593458151000777 0
    outer loop
      vertex 116.64852813742385 55.45147186257614 0.5
      vertex 116.75202400834948 55.569486285189534 0
      vertex 116.64852813742385 55.45147186257614 0
    endloop
  endfacet
  facet normal 0.19509032201614018 0.9807852804032281 0
    outer loop
      vertex 115.64336856933593 55.11026616635142 0.5
      vertex 115.64336856933593 55.11026616635142 0
      vertex 115.48941714587697 55.140889008453115 0.5
    endloop
  endfacet
  facet normal 0.3214394653031611 0.9469301294951058 0
    outer loop
      vertex 115.48941714587697 55.140889008453115 0.5
      vertex 115.48941714587697 55.140889008453115 0
      vertex 115.3407798811619 55.19134456098645 0.5
    endloop
  endfacet
  facet normal 0.06540312923014742 0.9978589232386033 0
    outer loop
      vertex 115.64336856933593 55.11026616635142 0.5
      vertex 115.8 55.099999999999994 0.5
      vertex 115.8 55.099999999999994 0
    endloop
  endfacet
  facet normal -0.06540312923014742 0.9978589232386033 0
    outer loop
      vertex 115.8 55.099999999999994 0.5
      vertex 115.95663143066406 55.11026616635142 0.5
      vertex 115.95663143066406 55.11026616635142 0
    endloop
  endfacet
  facet normal -0.19509032201614018 0.9807852804032281 0
    outer loop
      vertex 115.95663143066406 55.11026616635142 0.5
      vertex 116.11058285412302 55.140889008453115 0.5
      vertex 116.11058285412302 55.140889008453115 0
    endloop
  endfacet
  facet normal 0.6593458151001 0.75183980747895 0
    outer loop
      vertex 115.06948628518953 55.347975991650515 0.5
      vertex 115.06948628518953 55.347975991650515 0
      vertex 114.95147186257614 55.45147186257614 0.5
    endloop
  endfacet
  facet normal 0.7518398074789697 0.6593458151000777 0
    outer loop
      vertex 114.95147186257614 55.45147186257614 0.5
      vertex 114.95147186257614 55.45147186257614 0
      vertex 114.84797599165051 55.569486285189534 0.5
    endloop
  endfacet
  facet normal 0.44228869021900913 0.8968727415326845 0
    outer loop
      vertex 115.2 55.26076951545867 0.5
      vertex 115.3407798811619 55.19134456098645 0.5
      vertex 115.3407798811619 55.19134456098645 0
    endloop
  endfacet
  facet normal 0.5555702330195729 0.8314696123025648 0
    outer loop
      vertex 115.2 55.26076951545867 0.5
      vertex 115.2 55.26076951545867 0
      vertex 115.06948628518953 55.347975991650515 0.5
    endloop
  endfacet
  facet normal -0.3214394653031611 0.9469301294951058 0
    outer loop
      vertex 116.11058285412302 55.140889008453115 0.5
      vertex 116.2592201188381 55.19134456098645 0.5
      vertex 116.2592201188381 55.19134456098645 0
    endloop
  endfacet
  facet normal -0.44228869021900913 0.8968727415326845 0
    outer loop
      vertex 116.2592201188381 55.19134456098645 0.5
      vertex 116.39999999999999 55.26076951545867 0.5
      vertex 116.39999999999999 55.26076951545867 0
    endloop
  endfacet
  facet normal -0.5555702330195729 0.8314696123025648 0
    outer loop
      vertex 116.39999999999999 55.26076951545867 0.5
      vertex 116.53051371481047 55.347975991650515 0.5
      vertex 116.53051371481047 55.347975991650515 0
    endloop
  endfacet
  facet normal -0.6593458151001 0.75183980747895 0
    outer loop
      vertex 116.53051371481047 55.347975991650515 0.5
      vertex 116.64852813742385 55.45147186257614 0.5
      vertex 116.64852813742385 55.45147186257614 0
    endloop
  endfacet
  facet normal -0.7518398074789697 0.6593458151000777 0
    outer loop
      vertex 116.64852813742385 55.45147186257614 0.5
      vertex 116.75202400834948 55.569486285189534 0.5
      vertex 116.75202400834948 55.569486285189534 0
    endloop
  endfacet
  facet normal 0.8314696123025578 0.5555702330195834 0
    outer loop
      vertex 114.76076951545868 55.699999999999996 0.5
      vertex 114.84797599165051 55.569486285189534 0
      vertex 114.76076951545868 55.699999999999996 0
    endloop
  endfacet
  facet normal 0.8968727415326665 0.44228869021904554 0
    outer loop
      vertex 114.69134456098645 55.840779881161886 0.5
      vertex 114.76076951545868 55.699999999999996 0
      vertex 114.69134456098645 55.840779881161886 0
    endloop
  endfacet
  facet normal 0.9469301294951106 0.3214394653031474 0
    outer loop
      vertex 114.64088900845312 55.98941714587697 0.5
      vertex 114.69134456098645 55.840779881161886 0
      vertex 114.64088900845312 55.98941714587697 0
    endloop
  endfacet
  facet normal 0.9807852804032281 0.19509032201614018 0
    outer loop
      vertex 114.61026616635142 56.143368569335934 0.5
      vertex 114.64088900845312 55.98941714587697 0
      vertex 114.61026616635142 56.143368569335934 0
    endloop
  endfacet
  facet normal 0.9978589232386033 0.06540312923014742 0
    outer loop
      vertex 114.6 56.3 0.5
      vertex 114.61026616635142 56.143368569335934 0
      vertex 114.6 56.3 0
    endloop
  endfacet
  facet normal -0.8314696123025578 0.5555702330195834 0
    outer loop
      vertex 116.75202400834948 55.569486285189534 0.5
      vertex 116.83923048454132 55.699999999999996 0
      vertex 116.75202400834948 55.569486285189534 0
    endloop
  endfacet
  facet normal -0.8968727415326665 0.44228869021904554 0
    outer loop
      vertex 116.83923048454132 55.699999999999996 0.5
      vertex 116.90865543901354 55.840779881161886 0
      vertex 116.83923048454132 55.699999999999996 0
    endloop
  endfacet
  facet normal -0.9469301294951106 0.3214394653031474 0
    outer loop
      vertex 116.90865543901354 55.840779881161886 0.5
      vertex 116.95911099154688 55.98941714587697 0
      vertex 116.90865543901354 55.840779881161886 0
    endloop
  endfacet
  facet normal -0.9807852804032281 0.19509032201614018 0
    outer loop
      vertex 116.95911099154688 55.98941714587697 0.5
      vertex 116.98973383364857 56.143368569335934 0
      vertex 116.95911099154688 55.98941714587697 0
    endloop
  endfacet
  facet normal -0.9978589232386033 0.06540312923014742 0
    outer loop
      vertex 116.98973383364857 56.143368569335934 0.5
      vertex 117 56.3 0
      vertex 116.98973383364857 56.143368569335934 0
    endloop
  endfacet
  facet normal 0.8314696123025578 0.5555702330195834 0
    outer loop
      vertex 114.84797599165051 55.569486285189534 0.5
      vertex 114.84797599165051 55.569486285189534 0
      vertex 114.76076951545868 55.699999999999996 0.5
    endloop
  endfacet
  facet normal 0.8968727415326665 0.44228869021904554 0
    outer loop
      vertex 114.76076951545868 55.699999999999996 0.5
      vertex 114.76076951545868 55.699999999999996 0
      vertex 114.69134456098645 55.840779881161886 0.5
    endloop
  endfacet
  facet normal 0.9469301294951106 0.3214394653031474 0
    outer loop
      vertex 114.69134456098645 55.840779881161886 0.5
      vertex 114.69134456098645 55.840779881161886 0
      vertex 114.64088900845312 55.98941714587697 0.5
    endloop
  endfacet
  facet normal 0.9807852804032281 0.19509032201614018 0
    outer loop
      vertex 114.64088900845312 55.98941714587697 0.5
      vertex 114.64088900845312 55.98941714587697 0
      vertex 114.61026616635142 56.143368569335934 0.5
    endloop
  endfacet
  facet normal 0.9978589232386033 0.06540312923014742 0
    outer loop
      vertex 114.61026616635142 56.143368569335934 0.5
      vertex 114.61026616635142 56.143368569335934 0
      vertex 114.6 56.3 0.5
    endloop
  endfacet
  facet normal -0.8314696123025578 0.5555702330195834 0
    outer loop
      vertex 116.75202400834948 55.569486285189534 0.5
      vertex 116.83923048454132 55.699999999999996 0.5
      vertex 116.83923048454132 55.699999999999996 0
    endloop
  endfacet
  facet normal -0.8968727415326665 0.44228869021904554 0
    outer loop
      vertex 116.83923048454132 55.699999999999996 0.5
      vertex 116.90865543901354 55.840779881161886 0.5
      vertex 116.90865543901354 55.840779881161886 0
    endloop
  endfacet
  facet normal -0.9469301294951106 0.3214394653031474 0
    outer loop
      vertex 116.90865543901354 55.840779881161886 0.5
      vertex 116.95911099154688 55.98941714587697 0.5
      vertex 116.95911099154688 55.98941714587697 0
    endloop
  endfacet
  facet normal -0.9807852804032281 0.19509032201614018 0
    outer loop
      vertex 116.95911099154688 55.98941714587697 0.5
      vertex 116.98973383364857 56.143368569335934 0.5
      vertex 116.98973383364857 56.143368569335934 0
    endloop
  endfacet
  facet normal -0.9978589232386033 0.06540312923014742 0
    outer loop
      vertex 116.98973383364857 56.143368569335934 0.5
      vertex 117 56.3 0.5
      vertex 117 56.3 0
    endloop
  endfacet
  facet normal 0.9978589232386033 -0.06540312923014742 0
    outer loop
      vertex 114.61026616635142 56.45663143066406 0.5
      vertex 114.6 56.3 0
      vertex 114.61026616635142 56.45663143066406 0
    endloop
  endfacet
  facet normal 0.9807852804032281 -0.19509032201614018 0
    outer loop
      vertex 114.64088900845312 56.610582854123024 0.5
      vertex 114.61026616635142 56.45663143066406 0
      vertex 114.64088900845312 56.610582854123024 0
    endloop
  endfacet
  facet normal 0.9469301294951106 -0.3214394653031474 0
    outer loop
      vertex 114.69134456098645 56.75922011883811 0.5
      vertex 114.64088900845312 56.610582854123024 0
      vertex 114.69134456098645 56.75922011883811 0
    endloop
  endfacet
  facet normal 0.8968727415326665 -0.44228869021904554 0
    outer loop
      vertex 114.76076951545868 56.9 0.5
      vertex 114.69134456098645 56.75922011883811 0
      vertex 114.76076951545868 56.9 0
    endloop
  endfacet
  facet normal 0.8314696123025578 -0.5555702330195834 0
    outer loop
      vertex 114.84797599165051 57.03051371481046 0.5
      vertex 114.76076951545868 56.9 0
      vertex 114.84797599165051 57.03051371481046 0
    endloop
  endfacet
  facet normal -0.9978589232386033 -0.06540312923014742 0
    outer loop
      vertex 117 56.3 0.5
      vertex 116.98973383364857 56.45663143066406 0
      vertex 117 56.3 0
    endloop
  endfacet
  facet normal -0.9807852804032281 -0.19509032201614018 0
    outer loop
      vertex 116.98973383364857 56.45663143066406 0.5
      vertex 116.95911099154688 56.610582854123024 0
      vertex 116.98973383364857 56.45663143066406 0
    endloop
  endfacet
  facet normal -0.9469301294951106 -0.3214394653031474 0
    outer loop
      vertex 116.95911099154688 56.610582854123024 0.5
      vertex 116.90865543901354 56.75922011883811 0
      vertex 116.95911099154688 56.610582854123024 0
    endloop
  endfacet
  facet normal -0.8968727415326665 -0.44228869021904554 0
    outer loop
      vertex 116.90865543901354 56.75922011883811 0.5
      vertex 116.83923048454132 56.9 0
      vertex 116.90865543901354 56.75922011883811 0
    endloop
  endfacet
  facet normal -0.8314696123025578 -0.5555702330195834 0
    outer loop
      vertex 116.83923048454132 56.9 0.5
      vertex 116.75202400834948 57.03051371481046 0
      vertex 116.83923048454132 56.9 0
    endloop
  endfacet
  facet normal -0.7518398074789697 -0.6593458151000777 0
    outer loop
      vertex 116.75202400834948 57.03051371481046 0.5
      vertex 116.64852813742385 57.14852813742385 0
      vertex 116.75202400834948 57.03051371481046 0
    endloop
  endfacet
  facet normal 0.9978589232386033 -0.06540312923014742 0
    outer loop
      vertex 114.6 56.3 0.5
      vertex 114.6 56.3 0
      vertex 114.61026616635142 56.45663143066406 0.5
    endloop
  endfacet
  facet normal 0.9807852804032281 -0.19509032201614018 0
    outer loop
      vertex 114.61026616635142 56.45663143066406 0.5
      vertex 114.61026616635142 56.45663143066406 0
      vertex 114.64088900845312 56.610582854123024 0.5
    endloop
  endfacet
  facet normal 0.9469301294951106 -0.3214394653031474 0
    outer loop
      vertex 114.64088900845312 56.610582854123024 0.5
      vertex 114.64088900845312 56.610582854123024 0
      vertex 114.69134456098645 56.75922011883811 0.5
    endloop
  endfacet
  facet normal 0.8968727415326665 -0.44228869021904554 0
    outer loop
      vertex 114.69134456098645 56.75922011883811 0.5
      vertex 114.69134456098645 56.75922011883811 0
      vertex 114.76076951545868 56.9 0.5
    endloop
  endfacet
  facet normal 0.8314696123025578 -0.5555702330195834 0
    outer loop
      vertex 114.76076951545868 56.9 0.5
      vertex 114.76076951545868 56.9 0
      vertex 114.84797599165051 57.03051371481046 0.5
    endloop
  endfacet
  facet normal 0.7518398074789697 -0.6593458151000777 0
    outer loop
      vertex 114.84797599165051 57.03051371481046 0.5
      vertex 114.84797599165051 57.03051371481046 0
      vertex 114.95147186257614 57.14852813742385 0.5
    endloop
  endfacet
  facet normal -0.9978589232386033 -0.06540312923014742 0
    outer loop
      vertex 117 56.3 0.5
      vertex 116.98973383364857 56.45663143066406 0.5
      vertex 116.98973383364857 56.45663143066406 0
    endloop
  endfacet
  facet normal -0.9807852804032281 -0.19509032201614018 0
    outer loop
      vertex 116.98973383364857 56.45663143066406 0.5
      vertex 116.95911099154688 56.610582854123024 0.5
      vertex 116.95911099154688 56.610582854123024 0
    endloop
  endfacet
  facet normal -0.9469301294951106 -0.3214394653031474 0
    outer loop
      vertex 116.95911099154688 56.610582854123024 0.5
      vertex 116.90865543901354 56.75922011883811 0.5
      vertex 116.90865543901354 56.75922011883811 0
    endloop
  endfacet
  facet normal -0.8968727415326665 -0.44228869021904554 0
    outer loop
      vertex 116.90865543901354 56.75922011883811 0.5
      vertex 116.83923048454132 56.9 0.5
      vertex 116.83923048454132 56.9 0
    endloop
  endfacet
  facet normal -0.8314696123025578 -0.5555702330195834 0
    outer loop
      vertex 116.75202400834948 57.03051371481046 0.5
      vertex 116.75202400834948 57.03051371481046 0
      vertex 116.83923048454132 56.9 0.5
    endloop
  endfacet
  facet normal 0.7518398074789697 -0.6593458151000777 0
    outer loop
      vertex 114.95147186257614 57.14852813742385 0.5
      vertex 114.84797599165051 57.03051371481046 0
      vertex 114.95147186257614 57.14852813742385 0
    endloop
  endfacet
  facet normal 0.6593458151001 -0.75183980747895 0
    outer loop
      vertex 115.06948628518953 57.25202400834948 0.5
      vertex 114.95147186257614 57.14852813742385 0
      vertex 115.06948628518953 57.25202400834948 0
    endloop
  endfacet
  facet normal 0.5555702330195729 -0.8314696123025648 0
    outer loop
      vertex 115.2 57.339230484541325 0.5
      vertex 115.06948628518953 57.25202400834948 0
      vertex 115.2 57.339230484541325 0
    endloop
  endfacet
  facet normal 0.44228869021900913 -0.8968727415326845 0
    outer loop
      vertex 115.3407798811619 57.40865543901354 0.5
      vertex 115.2 57.339230484541325 0
      vertex 115.3407798811619 57.40865543901354 0
    endloop
  endfacet
  facet normal 0.3214394653031611 -0.9469301294951058 0
    outer loop
      vertex 115.48941714587697 57.45911099154688 0.5
      vertex 115.3407798811619 57.40865543901354 0
      vertex 115.48941714587697 57.45911099154688 0
    endloop
  endfacet
  facet normal 0.19509032201614018 -0.9807852804032281 0
    outer loop
      vertex 115.64336856933593 57.48973383364857 0.5
      vertex 115.48941714587697 57.45911099154688 0
      vertex 115.64336856933593 57.48973383364857 0
    endloop
  endfacet
  facet normal 0.06540312923014742 -0.9978589232386033 0
    outer loop
      vertex 115.8 57.5 0.5
      vertex 115.64336856933593 57.48973383364857 0
      vertex 115.8 57.5 0
    endloop
  endfacet
  facet normal -0.06540312923014742 -0.9978589232386033 0
    outer loop
      vertex 115.95663143066406 57.48973383364857 0.5
      vertex 115.8 57.5 0
      vertex 115.95663143066406 57.48973383364857 0
    endloop
  endfacet
  facet normal -0.19509032201614018 -0.9807852804032281 0
    outer loop
      vertex 116.11058285412302 57.45911099154688 0.5
      vertex 115.95663143066406 57.48973383364857 0
      vertex 116.11058285412302 57.45911099154688 0
    endloop
  endfacet
  facet normal -0.6593458151001 -0.75183980747895 0
    outer loop
      vertex 116.64852813742385 57.14852813742385 0.5
      vertex 116.53051371481047 57.25202400834948 0
      vertex 116.64852813742385 57.14852813742385 0
    endloop
  endfacet
  facet normal -0.5555702330195729 -0.8314696123025648 0
    outer loop
      vertex 116.53051371481047 57.25202400834948 0.5
      vertex 116.39999999999999 57.339230484541325 0
      vertex 116.53051371481047 57.25202400834948 0
    endloop
  endfacet
  facet normal -0.44228869021900913 -0.8968727415326845 0
    outer loop
      vertex 116.39999999999999 57.339230484541325 0.5
      vertex 116.2592201188381 57.40865543901354 0
      vertex 116.39999999999999 57.339230484541325 0
    endloop
  endfacet
  facet normal -0.3214394653031611 -0.9469301294951058 0
    outer loop
      vertex 116.2592201188381 57.40865543901354 0.5
      vertex 116.11058285412302 57.45911099154688 0
      vertex 116.2592201188381 57.40865543901354 0
    endloop
  endfacet
  facet normal 0.6593458151001 -0.75183980747895 0
    outer loop
      vertex 114.95147186257614 57.14852813742385 0.5
      vertex 114.95147186257614 57.14852813742385 0
      vertex 115.06948628518953 57.25202400834948 0.5
    endloop
  endfacet
  facet normal 0.5555702330195729 -0.8314696123025648 0
    outer loop
      vertex 115.06948628518953 57.25202400834948 0.5
      vertex 115.06948628518953 57.25202400834948 0
      vertex 115.2 57.339230484541325 0.5
    endloop
  endfacet
  facet normal 0.44228869021900913 -0.8968727415326845 0
    outer loop
      vertex 115.2 57.339230484541325 0.5
      vertex 115.2 57.339230484541325 0
      vertex 115.3407798811619 57.40865543901354 0.5
    endloop
  endfacet
  facet normal 0.3214394653031611 -0.9469301294951058 0
    outer loop
      vertex 115.3407798811619 57.40865543901354 0.5
      vertex 115.3407798811619 57.40865543901354 0
      vertex 115.48941714587697 57.45911099154688 0.5
    endloop
  endfacet
  facet normal -0.3214394653031611 -0.9469301294951058 0
    outer loop
      vertex 116.2592201188381 57.40865543901354 0.5
      vertex 116.11058285412302 57.45911099154688 0.5
      vertex 116.11058285412302 57.45911099154688 0
    endloop
  endfacet
  facet normal 0.19509032201614018 -0.9807852804032281 0
    outer loop
      vertex 115.48941714587697 57.45911099154688 0.5
      vertex 115.48941714587697 57.45911099154688 0
      vertex 115.64336856933593 57.48973383364857 0.5
    endloop
  endfacet
  facet normal 0.06540312923014742 -0.9978589232386033 0
    outer loop
      vertex 115.64336856933593 57.48973383364857 0.5
      vertex 115.64336856933593 57.48973383364857 0
      vertex 115.8 57.5 0.5
    endloop
  endfacet
  facet normal -0.06540312923014742 -0.9978589232386033 0
    outer loop
      vertex 115.8 57.5 0.5
      vertex 115.8 57.5 0
      vertex 115.95663143066406 57.48973383364857 0.5
    endloop
  endfacet
  facet normal -0.19509032201614018 -0.9807852804032281 0
    outer loop
      vertex 116.11058285412302 57.45911099154688 0.5
      vertex 115.95663143066406 57.48973383364857 0.5
      vertex 115.95663143066406 57.48973383364857 0
    endloop
  endfacet
  facet normal -0.7518398074789697 -0.6593458151000777 0
    outer loop
      vertex 116.75202400834948 57.03051371481046 0.5
      vertex 116.64852813742385 57.14852813742385 0.5
      vertex 116.64852813742385 57.14852813742385 0
    endloop
  endfacet
  facet normal -0.6593458151001 -0.75183980747895 0
    outer loop
      vertex 116.64852813742385 57.14852813742385 0.5
      vertex 116.53051371481047 57.25202400834948 0.5
      vertex 116.53051371481047 57.25202400834948 0
    endloop
  endfacet
  facet normal -0.5555702330195729 -0.8314696123025648 0
    outer loop
      vertex 116.53051371481047 57.25202400834948 0.5
      vertex 116.39999999999999 57.339230484541325 0.5
      vertex 116.39999999999999 57.339230484541325 0
    endloop
  endfacet
  facet normal -0.44228869021900913 -0.8968727415326845 0
    outer loop
      vertex 116.39999999999999 57.339230484541325 0.5
      vertex 116.2592201188381 57.40865543901354 0.5
      vertex 116.2592201188381 57.40865543901354 0
    endloop
  endfacet
  facet normal 0.4734342230842868 0.7085443865110564 0.5232827999812802
    outer loop
      vertex 115.2 55.26076951545867 0.5
      vertex 115.06948628518953 55.347975991650515 0.5
      vertex 114.8 54.56794919243112 1.7999999999999972
    endloop
  endfacet
  facet normal 0.16624799088492706 0.8357850900623188 0.5232827999812786
    outer loop
      vertex 115.64336856933593 55.11026616635142 0.5
      vertex 115.48941714587697 55.140889008453115 0.5
      vertex 115.53894761555989 54.317110277252375 1.7999999999999972
    endloop
  endfacet
  facet normal 0.27391756159669794 0.8069351155406927 0.5232827999812798
    outer loop
      vertex 115.48941714587697 55.140889008453115 0.5
      vertex 115.3407798811619 55.19134456098645 0.5
      vertex 115.28236190979496 54.36814834742186 1.7999999999999972
    endloop
  endfacet
  facet normal 0.37690032688527164 0.7642782574674802 0.5232827999812791
    outer loop
      vertex 115.2 55.26076951545867 0.5
      vertex 115.03463313526981 54.452240934977425 1.7999999999999972
      vertex 115.3407798811619 55.19134456098645 0.5
    endloop
  endfacet
  facet normal 0.05573387095644707 0.8503345499695777 0.5232827999812778
    outer loop
      vertex 115.64336856933593 55.11026616635142 0.5
      vertex 115.8 54.3 1.7999999999999972
      vertex 115.8 55.099999999999994 0.5
    endloop
  endfacet
  facet normal -0.05573387095644707 0.8503345499695777 0.5232827999812779
    outer loop
      vertex 115.8 55.099999999999994 0.5
      vertex 115.8 54.3 1.7999999999999972
      vertex 115.95663143066406 55.11026616635142 0.5
    endloop
  endfacet
  facet normal -0.16624799088492706 0.8357850900623188 0.5232827999812786
    outer loop
      vertex 115.95663143066406 55.11026616635142 0.5
      vertex 116.0610523844401 54.317110277252375 1.7999999999999972
      vertex 116.11058285412302 55.140889008453115 0.5
    endloop
  endfacet
  facet normal 0.5618675284656487 0.640687124655753 0.5232827999812789
    outer loop
      vertex 115.06948628518953 55.347975991650515 0.5
      vertex 114.95147186257614 55.45147186257614 0.5
      vertex 114.58247714198255 54.713293319417524 1.7999999999999972
    endloop
  endfacet
  facet normal 0.7085443865110487 0.47343422308429456 0.5232827999812836
    outer loop
      vertex 114.84797599165051 55.569486285189534 0.5
      vertex 114.76076951545868 55.699999999999996 0.5
      vertex 114.06794919243112 55.3 1.7999999999999972
    endloop
  endfacet
  facet normal 0.6406871246557705 0.5618675284656303 0.5232827999812771
    outer loop
      vertex 114.95147186257614 55.45147186257614 0.5
      vertex 114.84797599165051 55.569486285189534 0.5
      vertex 114.21329331941753 55.08247714198256 1.7999999999999972
    endloop
  endfacet
  facet normal -0.27391756159669794 0.8069351155406927 0.5232827999812798
    outer loop
      vertex 116.11058285412302 55.140889008453115 0.5
      vertex 116.31763809020504 54.36814834742186 1.7999999999999972
      vertex 116.2592201188381 55.19134456098645 0.5
    endloop
  endfacet
  facet normal -0.37690032688527164 0.7642782574674802 0.5232827999812791
    outer loop
      vertex 116.2592201188381 55.19134456098645 0.5
      vertex 116.56536686473018 54.452240934977425 1.7999999999999972
      vertex 116.39999999999999 55.26076951545867 0.5
    endloop
  endfacet
  facet normal -0.4734342230842868 0.7085443865110564 0.5232827999812802
    outer loop
      vertex 116.39999999999999 55.26076951545867 0.5
      vertex 116.8 54.56794919243112 1.7999999999999972
      vertex 116.53051371481047 55.347975991650515 0.5
    endloop
  endfacet
  facet normal -0.5618675284656487 0.640687124655753 0.5232827999812789
    outer loop
      vertex 116.53051371481047 55.347975991650515 0.5
      vertex 117.01752285801744 54.713293319417524 1.7999999999999972
      vertex 116.64852813742385 55.45147186257614 0.5
    endloop
  endfacet
  facet normal -0.6406871246557705 0.5618675284656303 0.5232827999812771
    outer loop
      vertex 116.64852813742385 55.45147186257614 0.5
      vertex 117.38670668058246 55.08247714198256 1.7999999999999972
      vertex 116.75202400834948 55.569486285189534 0.5
    endloop
  endfacet
  facet normal -0.7085443865110487 0.47343422308429456 0.5232827999812836
    outer loop
      vertex 116.75202400834948 55.569486285189534 0.5
      vertex 117.53205080756888 55.3 1.7999999999999972
      vertex 116.83923048454132 55.699999999999996 0.5
    endloop
  endfacet
  facet normal 0.3769003268852716 0.7642782574674802 0.5232827999812791
    outer loop
      vertex 115.2 55.26076951545867 0.5
      vertex 114.8 54.56794919243112 1.7999999999999972
      vertex 115.03463313526981 54.452240934977425 1.7999999999999972
    endloop
  endfacet
  facet normal 0.055733870956439585 0.8503345499695776 0.5232827999812787
    outer loop
      vertex 115.64336856933593 55.11026616635142 0.5
      vertex 115.53894761555989 54.317110277252375 1.7999999999999972
      vertex 115.8 54.3 1.7999999999999972
    endloop
  endfacet
  facet normal -0.055733870956439585 0.8503345499695776 0.5232827999812787
    outer loop
      vertex 115.95663143066406 55.11026616635142 0.5
      vertex 115.8 54.3 1.7999999999999972
      vertex 116.0610523844401 54.317110277252375 1.7999999999999972
    endloop
  endfacet
  facet normal 0.273917561596705 0.8069351155406909 0.523282799981279
    outer loop
      vertex 115.3407798811619 55.19134456098645 0.5
      vertex 115.03463313526981 54.452240934977425 1.7999999999999972
      vertex 115.28236190979496 54.36814834742186 1.7999999999999972
    endloop
  endfacet
  facet normal 0.16624799088491504 0.8357850900623203 0.52328279998128
    outer loop
      vertex 115.48941714587697 55.140889008453115 0.5
      vertex 115.28236190979496 54.36814834742186 1.7999999999999972
      vertex 115.53894761555989 54.317110277252375 1.7999999999999972
    endloop
  endfacet
  facet normal -0.16624799088491504 0.8357850900623203 0.52328279998128
    outer loop
      vertex 116.11058285412302 55.140889008453115 0.5
      vertex 116.0610523844401 54.317110277252375 1.7999999999999972
      vertex 116.31763809020504 54.36814834742186 1.7999999999999972
    endloop
  endfacet
  facet normal -0.273917561596705 0.8069351155406909 0.523282799981279
    outer loop
      vertex 116.2592201188381 55.19134456098645 0.5
      vertex 116.31763809020504 54.36814834742186 1.7999999999999972
      vertex 116.56536686473018 54.452240934977425 1.7999999999999972
    endloop
  endfacet
  facet normal -0.3769003268852716 0.7642782574674802 0.5232827999812791
    outer loop
      vertex 116.39999999999999 55.26076951545867 0.5
      vertex 116.56536686473018 54.452240934977425 1.7999999999999972
      vertex 116.8 54.56794919243112 1.7999999999999972
    endloop
  endfacet
  facet normal 0.4734342230842924 0.7085443865110533 0.5232827999812794
    outer loop
      vertex 115.06948628518953 55.347975991650515 0.5
      vertex 114.58247714198255 54.713293319417524 1.7999999999999972
      vertex 114.8 54.56794919243112 1.7999999999999972
    endloop
  endfacet
  facet normal 0.6406871246557775 0.5618675284656212 0.5232827999812785
    outer loop
      vertex 114.95147186257614 55.45147186257614 0.5
      vertex 114.21329331941753 55.08247714198256 1.7999999999999972
      vertex 114.3857864376269 54.885786437626905 1.7999999999999972
    endloop
  endfacet
  facet normal 0.5618675284656452 0.6406871246557556 0.5232827999812795
    outer loop
      vertex 114.95147186257614 55.45147186257614 0.5
      vertex 114.3857864376269 54.885786437626905 1.7999999999999972
      vertex 114.58247714198255 54.713293319417524 1.7999999999999972
    endloop
  endfacet
  facet normal 0.7085443865110255 0.4734342230843354 0.523282799981278
    outer loop
      vertex 114.84797599165051 55.569486285189534 0.5
      vertex 114.06794919243112 55.3 1.7999999999999972
      vertex 114.21329331941753 55.08247714198256 1.7999999999999972
    endloop
  endfacet
  facet normal 0.7642782574674872 0.3769003268852522 0.5232827999812829
    outer loop
      vertex 114.76076951545868 55.699999999999996 0.5
      vertex 113.95224093497743 55.534633135269814 1.7999999999999972
      vertex 114.06794919243112 55.3 1.7999999999999972
    endloop
  endfacet
  facet normal -0.4734342230842924 0.7085443865110533 0.5232827999812794
    outer loop
      vertex 116.53051371481047 55.347975991650515 0.5
      vertex 116.8 54.56794919243112 1.7999999999999972
      vertex 117.01752285801744 54.713293319417524 1.7999999999999972
    endloop
  endfacet
  facet normal -0.5618675284656452 0.6406871246557556 0.5232827999812795
    outer loop
      vertex 116.64852813742385 55.45147186257614 0.5
      vertex 117.01752285801744 54.713293319417524 1.7999999999999972
      vertex 117.21421356237309 54.885786437626905 1.7999999999999972
    endloop
  endfacet
  facet normal -0.6406871246557775 0.5618675284656212 0.5232827999812785
    outer loop
      vertex 116.64852813742385 55.45147186257614 0.5
      vertex 117.21421356237309 54.885786437626905 1.7999999999999972
      vertex 117.38670668058246 55.08247714198256 1.7999999999999972
    endloop
  endfacet
  facet normal -0.7085443865110255 0.4734342230843354 0.523282799981278
    outer loop
      vertex 116.75202400834948 55.569486285189534 0.5
      vertex 117.38670668058246 55.08247714198256 1.7999999999999972
      vertex 117.53205080756888 55.3 1.7999999999999972
    endloop
  endfacet
  facet normal -0.7642782574674872 0.3769003268852522 0.5232827999812829
    outer loop
      vertex 116.83923048454132 55.699999999999996 0.5
      vertex 117.53205080756888 55.3 1.7999999999999972
      vertex 117.64775906502257 55.534633135269814 1.7999999999999972
    endloop
  endfacet
  facet normal 0.7642782574674664 0.37690032688530334 0.5232827999812766
    outer loop
      vertex 114.76076951545868 55.699999999999996 0.5
      vertex 114.69134456098645 55.840779881161886 0.5
      vertex 113.95224093497743 55.534633135269814 1.7999999999999972
    endloop
  endfacet
  facet normal 0.8069351155406983 0.27391756159668673 0.523282799981277
    outer loop
      vertex 114.69134456098645 55.840779881161886 0.5
      vertex 114.64088900845312 55.98941714587697 0.5
      vertex 113.86814834742187 55.78236190979496 1.7999999999999972
    endloop
  endfacet
  facet normal 0.8357850900623208 0.16624799088492745 0.5232827999812752
    outer loop
      vertex 114.64088900845312 55.98941714587697 0.5
      vertex 114.61026616635142 56.143368569335934 0.5
      vertex 113.81711027725238 56.03894761555989 1.7999999999999972
    endloop
  endfacet
  facet normal 0.8503345499695777 0.05573387095644707 0.5232827999812778
    outer loop
      vertex 114.61026616635142 56.143368569335934 0.5
      vertex 114.6 56.3 0.5
      vertex 113.8 56.3 1.7999999999999972
    endloop
  endfacet
  facet normal -0.7642782574674664 0.37690032688530334 0.5232827999812766
    outer loop
      vertex 116.83923048454132 55.699999999999996 0.5
      vertex 117.64775906502257 55.534633135269814 1.7999999999999972
      vertex 116.90865543901354 55.840779881161886 0.5
    endloop
  endfacet
  facet normal -0.8069351155406983 0.27391756159668673 0.523282799981277
    outer loop
      vertex 116.90865543901354 55.840779881161886 0.5
      vertex 117.73185165257813 55.78236190979496 1.7999999999999972
      vertex 116.95911099154688 55.98941714587697 0.5
    endloop
  endfacet
  facet normal -0.8357850900623208 0.16624799088492745 0.5232827999812752
    outer loop
      vertex 116.95911099154688 55.98941714587697 0.5
      vertex 117.78288972274761 56.03894761555989 1.7999999999999972
      vertex 116.98973383364857 56.143368569335934 0.5
    endloop
  endfacet
  facet normal -0.8503345499695777 0.05573387095644707 0.5232827999812778
    outer loop
      vertex 116.98973383364857 56.143368569335934 0.5
      vertex 117.8 56.3 1.7999999999999972
      vertex 117 56.3 0.5
    endloop
  endfacet
  facet normal 0.8503345499695777 -0.05573387095644707 0.5232827999812779
    outer loop
      vertex 114.6 56.3 0.5
      vertex 114.61026616635142 56.45663143066406 0.5
      vertex 113.8 56.3 1.7999999999999972
    endloop
  endfacet
  facet normal 0.8357850900623208 -0.16624799088492745 0.5232827999812752
    outer loop
      vertex 114.61026616635142 56.45663143066406 0.5
      vertex 114.64088900845312 56.610582854123024 0.5
      vertex 113.81711027725238 56.5610523844401 1.7999999999999972
    endloop
  endfacet
  facet normal 0.8069351155406983 -0.27391756159668673 0.523282799981277
    outer loop
      vertex 114.64088900845312 56.610582854123024 0.5
      vertex 114.69134456098645 56.75922011883811 0.5
      vertex 113.86814834742187 56.81763809020504 1.7999999999999972
    endloop
  endfacet
  facet normal 0.7642782574674662 -0.3769003268853033 0.5232827999812766
    outer loop
      vertex 114.69134456098645 56.75922011883811 0.5
      vertex 114.76076951545868 56.9 0.5
      vertex 113.95224093497743 57.06536686473018 1.7999999999999972
    endloop
  endfacet
  facet normal -0.8503345499695777 -0.05573387095644707 0.5232827999812779
    outer loop
      vertex 117 56.3 0.5
      vertex 117.8 56.3 1.7999999999999972
      vertex 116.98973383364857 56.45663143066406 0.5
    endloop
  endfacet
  facet normal -0.8357850900623208 -0.16624799088492745 0.5232827999812752
    outer loop
      vertex 116.98973383364857 56.45663143066406 0.5
      vertex 117.78288972274761 56.5610523844401 1.7999999999999972
      vertex 116.95911099154688 56.610582854123024 0.5
    endloop
  endfacet
  facet normal -0.8069351155406983 -0.27391756159668673 0.523282799981277
    outer loop
      vertex 116.95911099154688 56.610582854123024 0.5
      vertex 117.73185165257813 56.81763809020504 1.7999999999999972
      vertex 116.90865543901354 56.75922011883811 0.5
    endloop
  endfacet
  facet normal -0.7642782574674662 -0.3769003268853033 0.5232827999812766
    outer loop
      vertex 116.90865543901354 56.75922011883811 0.5
      vertex 117.64775906502257 57.06536686473018 1.7999999999999972
      vertex 116.83923048454132 56.9 0.5
    endloop
  endfacet
  facet normal 0.806935115540699 0.2739175615966844 0.5232827999812774
    outer loop
      vertex 114.69134456098645 55.840779881161886 0.5
      vertex 113.86814834742187 55.78236190979496 1.7999999999999972
      vertex 113.95224093497743 55.534633135269814 1.7999999999999972
    endloop
  endfacet
  facet normal 0.8357850900623224 0.16624799088491488 0.5232827999812768
    outer loop
      vertex 114.64088900845312 55.98941714587697 0.5
      vertex 113.81711027725238 56.03894761555989 1.7999999999999972
      vertex 113.86814834742187 55.78236190979496 1.7999999999999972
    endloop
  endfacet
  facet normal 0.8503345499695777 0.05573387095646296 0.5232827999812759
    outer loop
      vertex 114.61026616635142 56.143368569335934 0.5
      vertex 113.8 56.3 1.7999999999999972
      vertex 113.81711027725238 56.03894761555989 1.7999999999999972
    endloop
  endfacet
  facet normal -0.806935115540699 0.2739175615966844 0.5232827999812774
    outer loop
      vertex 116.90865543901354 55.840779881161886 0.5
      vertex 117.64775906502257 55.534633135269814 1.7999999999999972
      vertex 117.73185165257813 55.78236190979496 1.7999999999999972
    endloop
  endfacet
  facet normal -0.8357850900623224 0.16624799088491488 0.5232827999812768
    outer loop
      vertex 116.95911099154688 55.98941714587697 0.5
      vertex 117.73185165257813 55.78236190979496 1.7999999999999972
      vertex 117.78288972274761 56.03894761555989 1.7999999999999972
    endloop
  endfacet
  facet normal -0.8503345499695777 0.05573387095646296 0.5232827999812759
    outer loop
      vertex 116.98973383364857 56.143368569335934 0.5
      vertex 117.78288972274761 56.03894761555989 1.7999999999999972
      vertex 117.8 56.3 1.7999999999999972
    endloop
  endfacet
  facet normal 0.8503345499695777 -0.05573387095646296 0.5232827999812759
    outer loop
      vertex 114.61026616635142 56.45663143066406 0.5
      vertex 113.81711027725238 56.5610523844401 1.7999999999999972
      vertex 113.8 56.3 1.7999999999999972
    endloop
  endfacet
  facet normal 0.8357850900623224 -0.16624799088491488 0.5232827999812768
    outer loop
      vertex 114.64088900845312 56.610582854123024 0.5
      vertex 113.86814834742187 56.81763809020504 1.7999999999999972
      vertex 113.81711027725238 56.5610523844401 1.7999999999999972
    endloop
  endfacet
  facet normal 0.806935115540699 -0.2739175615966844 0.5232827999812774
    outer loop
      vertex 114.69134456098645 56.75922011883811 0.5
      vertex 113.95224093497743 57.06536686473018 1.7999999999999972
      vertex 113.86814834742187 56.81763809020504 1.7999999999999972
    endloop
  endfacet
  facet normal -0.8503345499695777 -0.05573387095646296 0.5232827999812759
    outer loop
      vertex 116.98973383364857 56.45663143066406 0.5
      vertex 117.8 56.3 1.7999999999999972
      vertex 117.78288972274761 56.5610523844401 1.7999999999999972
    endloop
  endfacet
  facet normal -0.8357850900623224 -0.16624799088491488 0.5232827999812768
    outer loop
      vertex 116.95911099154688 56.610582854123024 0.5
      vertex 117.78288972274761 56.5610523844401 1.7999999999999972
      vertex 117.73185165257813 56.81763809020504 1.7999999999999972
    endloop
  endfacet
  facet normal -0.806935115540699 -0.2739175615966844 0.5232827999812774
    outer loop
      vertex 116.90865543901354 56.75922011883811 0.5
      vertex 117.73185165257813 56.81763809020504 1.7999999999999972
      vertex 117.64775906502257 57.06536686473018 1.7999999999999972
    endloop
  endfacet
  facet normal 0.7085443865110487 -0.47343422308429456 0.5232827999812836
    outer loop
      vertex 114.76076951545868 56.9 0.5
      vertex 114.84797599165051 57.03051371481046 0.5
      vertex 114.06794919243112 57.3 1.7999999999999972
    endloop
  endfacet
  facet normal 0.6406871246557705 -0.5618675284656303 0.5232827999812771
    outer loop
      vertex 114.84797599165051 57.03051371481046 0.5
      vertex 114.95147186257614 57.14852813742385 0.5
      vertex 114.21329331941753 57.517522858017436 1.7999999999999972
    endloop
  endfacet
  facet normal 0.5618675284656487 -0.640687124655753 0.5232827999812789
    outer loop
      vertex 114.95147186257614 57.14852813742385 0.5
      vertex 115.06948628518953 57.25202400834948 0.5
      vertex 114.58247714198255 57.88670668058247 1.7999999999999972
    endloop
  endfacet
  facet normal 0.4734342230842868 -0.7085443865110564 0.5232827999812801
    outer loop
      vertex 115.06948628518953 57.25202400834948 0.5
      vertex 115.2 57.339230484541325 0.5
      vertex 114.8 58.03205080756887 1.7999999999999972
    endloop
  endfacet
  facet normal 0.37690032688527164 -0.7642782574674802 0.5232827999812791
    outer loop
      vertex 115.2 57.339230484541325 0.5
      vertex 115.3407798811619 57.40865543901354 0.5
      vertex 115.03463313526981 58.14775906502257 1.7999999999999972
    endloop
  endfacet
  facet normal 0.27391756159669794 -0.8069351155406927 0.5232827999812798
    outer loop
      vertex 115.3407798811619 57.40865543901354 0.5
      vertex 115.48941714587697 57.45911099154688 0.5
      vertex 115.28236190979496 58.231851652578136 1.7999999999999972
    endloop
  endfacet
  facet normal 0.16624799088492706 -0.8357850900623188 0.5232827999812786
    outer loop
      vertex 115.48941714587697 57.45911099154688 0.5
      vertex 115.64336856933593 57.48973383364857 0.5
      vertex 115.53894761555989 58.28288972274762 1.7999999999999972
    endloop
  endfacet
  facet normal 0.05573387095644707 -0.8503345499695777 0.5232827999812778
    outer loop
      vertex 115.64336856933593 57.48973383364857 0.5
      vertex 115.8 57.5 0.5
      vertex 115.8 58.3 1.7999999999999972
    endloop
  endfacet
  facet normal -0.05573387095644707 -0.8503345499695777 0.5232827999812779
    outer loop
      vertex 115.8 57.5 0.5
      vertex 115.95663143066406 57.48973383364857 0.5
      vertex 115.8 58.3 1.7999999999999972
    endloop
  endfacet
  facet normal -0.16624799088492706 -0.8357850900623188 0.5232827999812786
    outer loop
      vertex 116.11058285412302 57.45911099154688 0.5
      vertex 116.0610523844401 58.28288972274762 1.7999999999999972
      vertex 115.95663143066406 57.48973383364857 0.5
    endloop
  endfacet
  facet normal -0.7085443865110487 -0.47343422308429456 0.5232827999812836
    outer loop
      vertex 116.75202400834948 57.03051371481046 0.5
      vertex 116.83923048454132 56.9 0.5
      vertex 117.53205080756888 57.3 1.7999999999999972
    endloop
  endfacet
  facet normal -0.6406871246557705 -0.5618675284656303 0.5232827999812771
    outer loop
      vertex 116.75202400834948 57.03051371481046 0.5
      vertex 117.38670668058246 57.517522858017436 1.7999999999999972
      vertex 116.64852813742385 57.14852813742385 0.5
    endloop
  endfacet
  facet normal -0.5618675284656487 -0.640687124655753 0.5232827999812789
    outer loop
      vertex 116.64852813742385 57.14852813742385 0.5
      vertex 117.01752285801744 57.88670668058247 1.7999999999999972
      vertex 116.53051371481047 57.25202400834948 0.5
    endloop
  endfacet
  facet normal -0.4734342230842868 -0.7085443865110564 0.5232827999812801
    outer loop
      vertex 116.53051371481047 57.25202400834948 0.5
      vertex 116.8 58.03205080756887 1.7999999999999972
      vertex 116.39999999999999 57.339230484541325 0.5
    endloop
  endfacet
  facet normal -0.37690032688527164 -0.7642782574674802 0.5232827999812791
    outer loop
      vertex 116.39999999999999 57.339230484541325 0.5
      vertex 116.56536686473018 58.14775906502257 1.7999999999999972
      vertex 116.2592201188381 57.40865543901354 0.5
    endloop
  endfacet
  facet normal -0.27391756159669794 -0.8069351155406927 0.5232827999812798
    outer loop
      vertex 116.2592201188381 57.40865543901354 0.5
      vertex 116.31763809020504 58.231851652578136 1.7999999999999972
      vertex 116.11058285412302 57.45911099154688 0.5
    endloop
  endfacet
  facet normal 0.7642782574674872 -0.3769003268852522 0.5232827999812829
    outer loop
      vertex 114.76076951545868 56.9 0.5
      vertex 114.06794919243112 57.3 1.7999999999999972
      vertex 113.95224093497743 57.06536686473018 1.7999999999999972
    endloop
  endfacet
  facet normal 0.7085443865110255 -0.4734342230843354 0.523282799981278
    outer loop
      vertex 114.84797599165051 57.03051371481046 0.5
      vertex 114.21329331941753 57.517522858017436 1.7999999999999972
      vertex 114.06794919243112 57.3 1.7999999999999972
    endloop
  endfacet
  facet normal 0.6406871246557775 -0.5618675284656212 0.5232827999812785
    outer loop
      vertex 114.95147186257614 57.14852813742385 0.5
      vertex 114.3857864376269 57.71421356237309 1.7999999999999972
      vertex 114.21329331941753 57.517522858017436 1.7999999999999972
    endloop
  endfacet
  facet normal 0.5618675284656452 -0.6406871246557556 0.5232827999812795
    outer loop
      vertex 114.95147186257614 57.14852813742385 0.5
      vertex 114.58247714198255 57.88670668058247 1.7999999999999972
      vertex 114.3857864376269 57.71421356237309 1.7999999999999972
    endloop
  endfacet
  facet normal 0.4734342230842924 -0.7085443865110533 0.5232827999812794
    outer loop
      vertex 115.06948628518953 57.25202400834948 0.5
      vertex 114.8 58.03205080756887 1.7999999999999972
      vertex 114.58247714198255 57.88670668058247 1.7999999999999972
    endloop
  endfacet
  facet normal -0.7085443865110255 -0.4734342230843354 0.523282799981278
    outer loop
      vertex 116.75202400834948 57.03051371481046 0.5
      vertex 117.53205080756888 57.3 1.7999999999999972
      vertex 117.38670668058246 57.517522858017436 1.7999999999999972
    endloop
  endfacet
  facet normal -0.7642782574674872 -0.3769003268852522 0.5232827999812829
    outer loop
      vertex 116.83923048454132 56.9 0.5
      vertex 117.64775906502257 57.06536686473018 1.7999999999999972
      vertex 117.53205080756888 57.3 1.7999999999999972
    endloop
  endfacet
  facet normal -0.6406871246557775 -0.5618675284656212 0.5232827999812785
    outer loop
      vertex 116.64852813742385 57.14852813742385 0.5
      vertex 117.38670668058246 57.517522858017436 1.7999999999999972
      vertex 117.21421356237309 57.71421356237309 1.7999999999999972
    endloop
  endfacet
  facet normal -0.5618675284656452 -0.6406871246557556 0.5232827999812795
    outer loop
      vertex 116.64852813742385 57.14852813742385 0.5
      vertex 117.21421356237309 57.71421356237309 1.7999999999999972
      vertex 117.01752285801744 57.88670668058247 1.7999999999999972
    endloop
  endfacet
  facet normal -0.4734342230842924 -0.7085443865110533 0.5232827999812794
    outer loop
      vertex 116.53051371481047 57.25202400834948 0.5
      vertex 117.01752285801744 57.88670668058247 1.7999999999999972
      vertex 116.8 58.03205080756887 1.7999999999999972
    endloop
  endfacet
  facet normal 0.3769003268852716 -0.7642782574674802 0.5232827999812791
    outer loop
      vertex 115.2 57.339230484541325 0.5
      vertex 115.03463313526981 58.14775906502257 1.7999999999999972
      vertex 114.8 58.03205080756887 1.7999999999999972
    endloop
  endfacet
  facet normal 0.273917561596705 -0.8069351155406909 0.523282799981279
    outer loop
      vertex 115.3407798811619 57.40865543901354 0.5
      vertex 115.28236190979496 58.231851652578136 1.7999999999999972
      vertex 115.03463313526981 58.14775906502257 1.7999999999999972
    endloop
  endfacet
  facet normal 0.16624799088491504 -0.8357850900623203 0.52328279998128
    outer loop
      vertex 115.48941714587697 57.45911099154688 0.5
      vertex 115.53894761555989 58.28288972274762 1.7999999999999972
      vertex 115.28236190979496 58.231851652578136 1.7999999999999972
    endloop
  endfacet
  facet normal 0.055733870956439585 -0.8503345499695776 0.5232827999812787
    outer loop
      vertex 115.64336856933593 57.48973383364857 0.5
      vertex 115.8 58.3 1.7999999999999972
      vertex 115.53894761555989 58.28288972274762 1.7999999999999972
    endloop
  endfacet
  facet normal -0.055733870956439585 -0.8503345499695776 0.5232827999812787
    outer loop
      vertex 115.95663143066406 57.48973383364857 0.5
      vertex 116.0610523844401 58.28288972274762 1.7999999999999972
      vertex 115.8 58.3 1.7999999999999972
    endloop
  endfacet
  facet normal -0.16624799088491504 -0.8357850900623203 0.52328279998128
    outer loop
      vertex 116.11058285412302 57.45911099154688 0.5
      vertex 116.31763809020504 58.231851652578136 1.7999999999999972
      vertex 116.0610523844401 58.28288972274762 1.7999999999999972
    endloop
  endfacet
  facet normal -0.273917561596705 -0.8069351155406909 0.523282799981279
    outer loop
      vertex 116.2592201188381 57.40865543901354 0.5
      vertex 116.56536686473018 58.14775906502257 1.7999999999999972
      vertex 116.31763809020504 58.231851652578136 1.7999999999999972
    endloop
  endfacet
  facet normal -0.3769003268852716 -0.7642782574674802 0.5232827999812791
    outer loop
      vertex 116.39999999999999 57.339230484541325 0.5
      vertex 116.8 58.03205080756887 1.7999999999999972
      vertex 116.56536686473018 58.14775906502257 1.7999999999999972
    endloop
  endfacet
  facet normal 0 0 -1
    outer loop
      vertex 84.3 52.5 0
      vertex 86.48941714587697 55.140889008453115 0
      vertex 86.64336856933593 55.11026616635142 0
    endloop
  endfacet
  facet normal 0 0 -1
    outer loop
      vertex 84.3 52.5 0
      vertex 86.3407798811619 55.19134456098645 0
      vertex 86.48941714587697 55.140889008453115 0
    endloop
  endfacet
  facet normal 0 0 -1
    outer loop
      vertex 84.3 52.5 0
      vertex 86.2 55.26076951545867 0
      vertex 86.3407798811619 55.19134456098645 0
    endloop
  endfacet
  facet normal 0 0 -1
    outer loop
      vertex 84.3 52.5 0
      vertex 86.06948628518953 55.347975991650515 0
      vertex 86.2 55.26076951545867 0
    endloop
  endfacet
  facet normal 0 0 -1
    outer loop
      vertex 84.3 52.5 0
      vertex 86.64336856933593 55.11026616635142 0
      vertex 86.8 55.099999999999994 0
    endloop
  endfacet
  facet normal 0 0 -1
    outer loop
      vertex 84.3 52.5 0
      vertex 86.8 55.099999999999994 0
      vertex 86.95663143066406 55.11026616635142 0
    endloop
  endfacet
  facet normal 0 0 -1
    outer loop
      vertex 84.3 52.5 0
      vertex 85.76076951545868 55.699999999999996 0
      vertex 85.84797599165051 55.569486285189534 0
    endloop
  endfacet
  facet normal 0 0 -1
    outer loop
      vertex 84.3 52.5 0
      vertex 85.69134456098645 55.840779881161886 0
      vertex 85.76076951545868 55.699999999999996 0
    endloop
  endfacet
  facet normal 0 0 -1
    outer loop
      vertex 84.3 52.5 0
      vertex 85.64088900845312 55.98941714587697 0
      vertex 85.69134456098645 55.840779881161886 0
    endloop
  endfacet
  facet normal 0 0 -1
    outer loop
      vertex 84.3 52.5 0
      vertex 85.95147186257614 55.45147186257614 0
      vertex 86.06948628518953 55.347975991650515 0
    endloop
  endfacet
  facet normal 0 0 -1
    outer loop
      vertex 84.3 52.5 0
      vertex 85.84797599165051 55.569486285189534 0
      vertex 85.95147186257614 55.45147186257614 0
    endloop
  endfacet
  facet normal 0 0 -1
    outer loop
      vertex 84.3 52.5 0
      vertex 85.61026616635142 56.143368569335934 0
      vertex 85.64088900845312 55.98941714587697 0
    endloop
  endfacet
  facet normal 0 0 -1
    outer loop
      vertex 84.3 52.5 0
      vertex 85.6 56.3 0
      vertex 85.61026616635142 56.143368569335934 0
    endloop
  endfacet
  facet normal 0 0 -1
    outer loop
      vertex 84.3 52.5 0
      vertex 86.95663143066406 55.11026616635142 0
      vertex 118.3 58.6 0
    endloop
  endfacet
  facet normal 0 0 1
    outer loop
      vertex 84.3 52.5 1.7999999999999972
      vertex 85.8 54.56794919243112 1.7999999999999972
      vertex 85.58247714198255 54.713293319417524 1.7999999999999972
    endloop
  endfacet
  facet normal 0 0 1
    outer loop
      vertex 84.3 52.5 1.7999999999999972
      vertex 86.53894761555989 54.317110277252375 1.7999999999999972
      vertex 86.28236190979496 54.36814834742186 1.7999999999999972
    endloop
  endfacet
  facet normal 0 0 1
    outer loop
      vertex 84.3 52.5 1.7999999999999972
      vertex 86.8 54.3 1.7999999999999972
      vertex 86.53894761555989 54.317110277252375 1.7999999999999972
    endloop
  endfacet
  facet normal 0 0 1
    outer loop
      vertex 84.3 52.5 1.7999999999999972
      vertex 86.28236190979496 54.36814834742186 1.7999999999999972
      vertex 86.03463313526981 54.452240934977425 1.7999999999999972
    endloop
  endfacet
  facet normal 0 0 1
    outer loop
      vertex 84.3 52.5 1.7999999999999972
      vertex 87.0610523844401 54.317110277252375 1.7999999999999972
      vertex 86.8 54.3 1.7999999999999972
    endloop
  endfacet
  facet normal 0 0 1
    outer loop
      vertex 84.3 52.5 1.7999999999999972
      vertex 87.31763809020504 54.36814834742186 1.7999999999999972
      vertex 87.0610523844401 54.317110277252375 1.7999999999999972
    endloop
  endfacet
  facet normal 0 0 1
    outer loop
      vertex 84.3 52.5 1.7999999999999972
      vertex 87.56536686473018 54.452240934977425 1.7999999999999972
      vertex 87.31763809020504 54.36814834742186 1.7999999999999972
    endloop
  endfacet
  facet normal 0 0 1
    outer loop
      vertex 84.3 52.5 1.7999999999999972
      vertex 86.03463313526981 54.452240934977425 1.7999999999999972
      vertex 85.8 54.56794919243112 1.7999999999999972
    endloop
  endfacet
  facet normal 0 0 1
    outer loop
      vertex 84.3 52.5 1.7999999999999972
      vertex 87.8 54.56794919243112 1.7999999999999972
      vertex 87.56536686473018 54.452240934977425 1.7999999999999972
    endloop
  endfacet
  facet normal -1 0 0
    outer loop
      vertex 84.3 52.5 0
      vertex 84.3 52.5 1.7999999999999972
      vertex 84.3 58.6 1.7999999999999972
    endloop
  endfacet
  facet normal 0 0 1
    outer loop
      vertex 84.3 52.5 1.7999999999999972
      vertex 85.58247714198255 54.713293319417524 1.7999999999999972
      vertex 85.3857864376269 54.885786437626905 1.7999999999999972
    endloop
  endfacet
  facet normal 0 0 1
    outer loop
      vertex 84.3 52.5 1.7999999999999972
      vertex 85.3857864376269 54.885786437626905 1.7999999999999972
      vertex 85.21329331941753 55.08247714198256 1.7999999999999972
    endloop
  endfacet
  facet normal 0 0 1
    outer loop
      vertex 84.3 52.5 1.7999999999999972
      vertex 85.21329331941753 55.08247714198256 1.7999999999999972
      vertex 85.06794919243112 55.3 1.7999999999999972
    endloop
  endfacet
  facet normal 0 0 1
    outer loop
      vertex 84.3 52.5 1.7999999999999972
      vertex 85.06794919243112 55.3 1.7999999999999972
      vertex 84.95224093497743 55.534633135269814 1.7999999999999972
    endloop
  endfacet
  facet normal 0 0 1
    outer loop
      vertex 84.3 52.5 1.7999999999999972
      vertex 84.95224093497743 55.534633135269814 1.7999999999999972
      vertex 84.86814834742187 55.78236190979496 1.7999999999999972
    endloop
  endfacet
  facet normal 0 0 1
    outer loop
      vertex 84.3 52.5 1.7999999999999972
      vertex 84.86814834742187 55.78236190979496 1.7999999999999972
      vertex 84.81711027725238 56.03894761555989 1.7999999999999972
    endloop
  endfacet
  facet normal 0 0 1
    outer loop
      vertex 84.3 52.5 1.7999999999999972
      vertex 84.81711027725238 56.03894761555989 1.7999999999999972
      vertex 84.8 56.3 1.7999999999999972
    endloop
  endfacet
  facet normal 0 0 1
    outer loop
      vertex 84.3 52.5 1.7999999999999972
      vertex 84.8 56.3 1.7999999999999972
      vertex 84.81711027725238 56.5610523844401 1.7999999999999972
    endloop
  endfacet
  facet normal 0 -1 0
    outer loop
      vertex 84.3 52.5 0
      vertex 118.3 52.5 1.7999999999999972
      vertex 84.3 52.5 1.7999999999999972
    endloop
  endfacet
  facet normal 0 0 1
    outer loop
      vertex 84.3 52.5 1.7999999999999972
      vertex 118.3 52.5 1.7999999999999972
      vertex 87.8 54.56794919243112 1.7999999999999972
    endloop
  endfacet
  facet normal 0 0 1
    outer loop
      vertex 118.3 52.5 1.7999999999999972
      vertex 88.01752285801744 54.713293319417524 1.7999999999999972
      vertex 87.8 54.56794919243112 1.7999999999999972
    endloop
  endfacet
  facet normal 0 0 1
    outer loop
      vertex 118.3 52.5 1.7999999999999972
      vertex 88.21421356237309 54.885786437626905 1.7999999999999972
      vertex 88.01752285801744 54.713293319417524 1.7999999999999972
    endloop
  endfacet
  facet normal 0 0 1
    outer loop
      vertex 118.3 52.5 1.7999999999999972
      vertex 88.38670668058246 55.08247714198256 1.7999999999999972
      vertex 88.21421356237309 54.885786437626905 1.7999999999999972
    endloop
  endfacet
  facet normal 0 0 1
    outer loop
      vertex 118.3 52.5 1.7999999999999972
      vertex 88.53205080756888 55.3 1.7999999999999972
      vertex 88.38670668058246 55.08247714198256 1.7999999999999972
    endloop
  endfacet
  facet normal 0 0 1
    outer loop
      vertex 118.3 52.5 1.7999999999999972
      vertex 88.64775906502257 55.534633135269814 1.7999999999999972
      vertex 88.53205080756888 55.3 1.7999999999999972
    endloop
  endfacet
  facet normal 0 0 1
    outer loop
      vertex 118.3 52.5 1.7999999999999972
      vertex 88.73185165257813 55.78236190979496 1.7999999999999972
      vertex 88.64775906502257 55.534633135269814 1.7999999999999972
    endloop
  endfacet
  facet normal 0 0 1
    outer loop
      vertex 118.3 52.5 1.7999999999999972
      vertex 88.78288972274761 56.03894761555989 1.7999999999999972
      vertex 88.73185165257813 55.78236190979496 1.7999999999999972
    endloop
  endfacet
  facet normal 0 0 1
    outer loop
      vertex 118.3 52.5 1.7999999999999972
      vertex 88.8 56.3 1.7999999999999972
      vertex 88.78288972274761 56.03894761555989 1.7999999999999972
    endloop
  endfacet
  facet normal 0 0 1
    outer loop
      vertex 118.3 52.5 1.7999999999999972
      vertex 88.78288972274761 56.5610523844401 1.7999999999999972
      vertex 88.8 56.3 1.7999999999999972
    endloop
  endfacet
  facet normal 0 0 1
    outer loop
      vertex 118.3 52.5 1.7999999999999972
      vertex 88.73185165257813 56.81763809020504 1.7999999999999972
      vertex 88.78288972274761 56.5610523844401 1.7999999999999972
    endloop
  endfacet
  facet normal 0 0 1
    outer loop
      vertex 118.3 52.5 1.7999999999999972
      vertex 88.64775906502257 57.06536686473018 1.7999999999999972
      vertex 88.73185165257813 56.81763809020504 1.7999999999999972
    endloop
  endfacet
  facet normal 0 0 -1
    outer loop
      vertex 84.3 52.5 0
      vertex 84.3 58.6 0
      vertex 85.6 56.3 0
    endloop
  endfacet
  facet normal -1 0 0
    outer loop
      vertex 84.3 52.5 0
      vertex 84.3 58.6 1.7999999999999972
      vertex 84.3 58.6 0
    endloop
  endfacet
  facet normal 0 0 -1
    outer loop
      vertex 84.3 58.6 0
      vertex 85.61026616635142 56.45663143066406 0
      vertex 85.6 56.3 0
    endloop
  endfacet
  facet normal 0 0 -1
    outer loop
      vertex 84.3 58.6 0
      vertex 85.64088900845312 56.610582854123024 0
      vertex 85.61026616635142 56.45663143066406 0
    endloop
  endfacet
  facet normal 0 0 -1
    outer loop
      vertex 84.3 58.6 0
      vertex 85.69134456098645 56.75922011883811 0
      vertex 85.64088900845312 56.610582854123024 0
    endloop
  endfacet
  facet normal 0 0 -1
    outer loop
      vertex 84.3 58.6 0
      vertex 85.76076951545868 56.9 0
      vertex 85.69134456098645 56.75922011883811 0
    endloop
  endfacet
  facet normal 0 0 -1
    outer loop
      vertex 84.3 58.6 0
      vertex 85.84797599165051 57.03051371481046 0
      vertex 85.76076951545868 56.9 0
    endloop
  endfacet
  facet normal 0 0 -1
    outer loop
      vertex 84.3 58.6 0
      vertex 85.95147186257614 57.14852813742385 0
      vertex 85.84797599165051 57.03051371481046 0
    endloop
  endfacet
  facet normal 0 0 -1
    outer loop
      vertex 84.3 58.6 0
      vertex 86.06948628518953 57.25202400834948 0
      vertex 85.95147186257614 57.14852813742385 0
    endloop
  endfacet
  facet normal 0 0 -1
    outer loop
      vertex 84.3 58.6 0
      vertex 86.2 57.339230484541325 0
      vertex 86.06948628518953 57.25202400834948 0
    endloop
  endfacet
  facet normal 0 0 -1
    outer loop
      vertex 84.3 58.6 0
      vertex 86.3407798811619 57.40865543901354 0
      vertex 86.2 57.339230484541325 0
    endloop
  endfacet
  facet normal 0 0 -1
    outer loop
      vertex 84.3 58.6 0
      vertex 86.48941714587697 57.45911099154688 0
      vertex 86.3407798811619 57.40865543901354 0
    endloop
  endfacet
  facet normal 0 0 -1
    outer loop
      vertex 84.3 58.6 0
      vertex 86.64336856933593 57.48973383364857 0
      vertex 86.48941714587697 57.45911099154688 0
    endloop
  endfacet
  facet normal 0 0 -1
    outer loop
      vertex 84.3 58.6 0
      vertex 86.8 57.5 0
      vertex 86.64336856933593 57.48973383364857 0
    endloop
  endfacet
  facet normal 0 0 -1
    outer loop
      vertex 118.3 58.6 0
      vertex 86.95663143066406 55.11026616635142 0
      vertex 87.11058285412302 55.140889008453115 0
    endloop
  endfacet
  facet normal 0 0 -1
    outer loop
      vertex 118.3 58.6 0
      vertex 87.11058285412302 55.140889008453115 0
      vertex 87.2592201188381 55.19134456098645 0
    endloop
  endfacet
  facet normal 0 0 -1
    outer loop
      vertex 118.3 58.6 0
      vertex 87.2592201188381 55.19134456098645 0
      vertex 87.39999999999999 55.26076951545867 0
    endloop
  endfacet
  facet normal 0 0 -1
    outer loop
      vertex 118.3 58.6 0
      vertex 87.39999999999999 55.26076951545867 0
      vertex 87.53051371481047 55.347975991650515 0
    endloop
  endfacet
  facet normal 0 0 -1
    outer loop
      vertex 118.3 58.6 0
      vertex 87.53051371481047 55.347975991650515 0
      vertex 87.64852813742385 55.45147186257614 0
    endloop
  endfacet
  facet normal 0 0 -1
    outer loop
      vertex 118.3 58.6 0
      vertex 87.64852813742385 55.45147186257614 0
      vertex 87.75202400834948 55.569486285189534 0
    endloop
  endfacet
  facet normal 0 0 -1
    outer loop
      vertex 118.3 58.6 0
      vertex 87.75202400834948 55.569486285189534 0
      vertex 87.83923048454132 55.699999999999996 0
    endloop
  endfacet
  facet normal 0 0 -1
    outer loop
      vertex 118.3 58.6 0
      vertex 87.83923048454132 55.699999999999996 0
      vertex 87.90865543901354 55.840779881161886 0
    endloop
  endfacet
  facet normal 0 0 -1
    outer loop
      vertex 118.3 58.6 0
      vertex 87.90865543901354 55.840779881161886 0
      vertex 87.95911099154688 55.98941714587697 0
    endloop
  endfacet
  facet normal 0 0 -1
    outer loop
      vertex 118.3 58.6 0
      vertex 87.95911099154688 55.98941714587697 0
      vertex 87.98973383364857 56.143368569335934 0
    endloop
  endfacet
  facet normal 0 0 -1
    outer loop
      vertex 118.3 58.6 0
      vertex 87.98973383364857 56.143368569335934 0
      vertex 88 56.3 0
    endloop
  endfacet
  facet normal 0 0 -1
    outer loop
      vertex 84.3 58.6 0
      vertex 118.3 58.6 0
      vertex 86.8 57.5 0
    endloop
  endfacet
  facet normal 0 0 -1
    outer loop
      vertex 118.3 58.6 0
      vertex 88 56.3 0
      vertex 87.98973383364857 56.45663143066406 0
    endloop
  endfacet
  facet normal 0 0 -1
    outer loop
      vertex 118.3 58.6 0
      vertex 87.98973383364857 56.45663143066406 0
      vertex 87.95911099154688 56.610582854123024 0
    endloop
  endfacet
  facet normal 0 0 -1
    outer loop
      vertex 118.3 58.6 0
      vertex 87.95911099154688 56.610582854123024 0
      vertex 87.90865543901354 56.75922011883811 0
    endloop
  endfacet
  facet normal 0 0 -1
    outer loop
      vertex 118.3 58.6 0
      vertex 87.90865543901354 56.75922011883811 0
      vertex 87.83923048454132 56.9 0
    endloop
  endfacet
  facet normal 0 0 -1
    outer loop
      vertex 118.3 58.6 0
      vertex 87.83923048454132 56.9 0
      vertex 87.75202400834948 57.03051371481046 0
    endloop
  endfacet
  facet normal 0 0 -1
    outer loop
      vertex 118.3 58.6 0
      vertex 87.75202400834948 57.03051371481046 0
      vertex 87.64852813742385 57.14852813742385 0
    endloop
  endfacet
  facet normal 0 0 -1
    outer loop
      vertex 118.3 58.6 0
      vertex 87.2592201188381 57.40865543901354 0
      vertex 87.11058285412302 57.45911099154688 0
    endloop
  endfacet
  facet normal 0 0 -1
    outer loop
      vertex 118.3 58.6 0
      vertex 87.64852813742385 57.14852813742385 0
      vertex 87.53051371481047 57.25202400834948 0
    endloop
  endfacet
  facet normal 0 0 -1
    outer loop
      vertex 118.3 58.6 0
      vertex 87.53051371481047 57.25202400834948 0
      vertex 87.39999999999999 57.339230484541325 0
    endloop
  endfacet
  facet normal 0 0 -1
    outer loop
      vertex 118.3 58.6 0
      vertex 87.39999999999999 57.339230484541325 0
      vertex 87.2592201188381 57.40865543901354 0
    endloop
  endfacet
  facet normal 0 0 -1
    outer loop
      vertex 118.3 58.6 0
      vertex 86.95663143066406 57.48973383364857 0
      vertex 86.8 57.5 0
    endloop
  endfacet
  facet normal 0 0 -1
    outer loop
      vertex 118.3 58.6 0
      vertex 87.11058285412302 57.45911099154688 0
      vertex 86.95663143066406 57.48973383364857 0
    endloop
  endfacet
  facet normal 0 1 0
    outer loop
      vertex 84.3 58.6 0
      vertex 84.3 58.6 1.7999999999999972
      vertex 118.3 58.6 0
    endloop
  endfacet
  facet normal 0 0 1
    outer loop
      vertex 84.3 52.5 1.7999999999999972
      vertex 84.81711027725238 56.5610523844401 1.7999999999999972
      vertex 84.3 58.6 1.7999999999999972
    endloop
  endfacet
  facet normal 0 0 1
    outer loop
      vertex 84.3 58.6 1.7999999999999972
      vertex 84.81711027725238 56.5610523844401 1.7999999999999972
      vertex 84.86814834742187 56.81763809020504 1.7999999999999972
    endloop
  endfacet
  facet normal 0 0 1
    outer loop
      vertex 84.3 58.6 1.7999999999999972
      vertex 84.86814834742187 56.81763809020504 1.7999999999999972
      vertex 84.95224093497743 57.06536686473018 1.7999999999999972
    endloop
  endfacet
  facet normal 0 0 1
    outer loop
      vertex 84.3 58.6 1.7999999999999972
      vertex 84.95224093497743 57.06536686473018 1.7999999999999972
      vertex 85.06794919243112 57.3 1.7999999999999972
    endloop
  endfacet
  facet normal 0 0 1
    outer loop
      vertex 84.3 58.6 1.7999999999999972
      vertex 85.06794919243112 57.3 1.7999999999999972
      vertex 85.21329331941753 57.517522858017436 1.7999999999999972
    endloop
  endfacet
  facet normal 0 0 1
    outer loop
      vertex 84.3 58.6 1.7999999999999972
      vertex 85.21329331941753 57.517522858017436 1.7999999999999972
      vertex 85.3857864376269 57.71421356237309 1.7999999999999972
    endloop
  endfacet
  facet normal 0 0 1
    outer loop
      vertex 84.3 58.6 1.7999999999999972
      vertex 85.3857864376269 57.71421356237309 1.7999999999999972
      vertex 85.58247714198255 57.88670668058247 1.7999999999999972
    endloop
  endfacet
  facet normal 0 0 1
    outer loop
      vertex 84.3 58.6 1.7999999999999972
      vertex 85.58247714198255 57.88670668058247 1.7999999999999972
      vertex 85.8 58.03205080756887 1.7999999999999972
    endloop
  endfacet
  facet normal 0 0 1
    outer loop
      vertex 84.3 58.6 1.7999999999999972
      vertex 85.8 58.03205080756887 1.7999999999999972
      vertex 86.03463313526981 58.14775906502257 1.7999999999999972
    endloop
  endfacet
  facet normal 0 0 1
    outer loop
      vertex 84.3 58.6 1.7999999999999972
      vertex 86.03463313526981 58.14775906502257 1.7999999999999972
      vertex 86.28236190979496 58.231851652578136 1.7999999999999972
    endloop
  endfacet
  facet normal 0 0 1
    outer loop
      vertex 84.3 58.6 1.7999999999999972
      vertex 86.28236190979496 58.231851652578136 1.7999999999999972
      vertex 86.53894761555989 58.28288972274762 1.7999999999999972
    endloop
  endfacet
  facet normal 0 0 1
    outer loop
      vertex 84.3 58.6 1.7999999999999972
      vertex 86.53894761555989 58.28288972274762 1.7999999999999972
      vertex 86.8 58.3 1.7999999999999972
    endloop
  endfacet
  facet normal 0 0 1
    outer loop
      vertex 118.3 52.5 1.7999999999999972
      vertex 88.53205080756888 57.3 1.7999999999999972
      vertex 88.64775906502257 57.06536686473018 1.7999999999999972
    endloop
  endfacet
  facet normal 0 0 1
    outer loop
      vertex 118.3 52.5 1.7999999999999972
      vertex 88.38670668058246 57.517522858017436 1.7999999999999972
      vertex 88.53205080756888 57.3 1.7999999999999972
    endloop
  endfacet
  facet normal 0 0 1
    outer loop
      vertex 118.3 52.5 1.7999999999999972
      vertex 88.21421356237309 57.71421356237309 1.7999999999999972
      vertex 88.38670668058246 57.517522858017436 1.7999999999999972
    endloop
  endfacet
  facet normal 0 0 1
    outer loop
      vertex 118.3 52.5 1.7999999999999972
      vertex 88.01752285801744 57.88670668058247 1.7999999999999972
      vertex 88.21421356237309 57.71421356237309 1.7999999999999972
    endloop
  endfacet
  facet normal 0 0 1
    outer loop
      vertex 88.01752285801744 57.88670668058247 1.7999999999999972
      vertex 114.8 58.03205080756887 1.7999999999999972
      vertex 87.8 58.03205080756887 1.7999999999999972
    endloop
  endfacet
  facet normal 0 0 1
    outer loop
      vertex 87.8 58.03205080756887 1.7999999999999972
      vertex 114.8 58.03205080756887 1.7999999999999972
      vertex 87.56536686473018 58.14775906502257 1.7999999999999972
    endloop
  endfacet
  facet normal 0 0 1
    outer loop
      vertex 87.56536686473018 58.14775906502257 1.7999999999999972
      vertex 115.03463313526981 58.14775906502257 1.7999999999999972
      vertex 87.31763809020504 58.231851652578136 1.7999999999999972
    endloop
  endfacet
  facet normal 0 0 1
    outer loop
      vertex 84.3 58.6 1.7999999999999972
      vertex 86.8 58.3 1.7999999999999972
      vertex 115.28236190979496 58.231851652578136 1.7999999999999972
    endloop
  endfacet
  facet normal 0 0 1
    outer loop
      vertex 86.8 58.3 1.7999999999999972
      vertex 87.0610523844401 58.28288972274762 1.7999999999999972
      vertex 115.28236190979496 58.231851652578136 1.7999999999999972
    endloop
  endfacet
  facet normal 0 0 1
    outer loop
      vertex 87.0610523844401 58.28288972274762 1.7999999999999972
      vertex 87.31763809020504 58.231851652578136 1.7999999999999972
      vertex 115.28236190979496 58.231851652578136 1.7999999999999972
    endloop
  endfacet
  facet normal 0 0 -1
    outer loop
      vertex 84.3 52.5 0
      vertex 114.95147186257614 55.45147186257614 0
      vertex 118.3 52.5 0
    endloop
  endfacet
  facet normal 0 -1 0
    outer loop
      vertex 84.3 52.5 0
      vertex 118.3 52.5 0
      vertex 118.3 52.5 1.7999999999999972
    endloop
  endfacet
  facet normal 0 0 -1
    outer loop
      vertex 84.3 52.5 0
      vertex 114.84797599165051 55.569486285189534 0
      vertex 114.95147186257614 55.45147186257614 0
    endloop
  endfacet
  facet normal 0 0 -1
    outer loop
      vertex 84.3 52.5 0
      vertex 114.76076951545868 55.699999999999996 0
      vertex 114.84797599165051 55.569486285189534 0
    endloop
  endfacet
  facet normal 0 0 -1
    outer loop
      vertex 84.3 52.5 0
      vertex 114.69134456098645 55.840779881161886 0
      vertex 114.76076951545868 55.699999999999996 0
    endloop
  endfacet
  facet normal 0 0 -1
    outer loop
      vertex 84.3 52.5 0
      vertex 114.64088900845312 55.98941714587697 0
      vertex 114.69134456098645 55.840779881161886 0
    endloop
  endfacet
  facet normal 0 0 -1
    outer loop
      vertex 84.3 52.5 0
      vertex 114.61026616635142 56.143368569335934 0
      vertex 114.64088900845312 55.98941714587697 0
    endloop
  endfacet
  facet normal 0 0 -1
    outer loop
      vertex 84.3 52.5 0
      vertex 114.6 56.3 0
      vertex 114.61026616635142 56.143368569335934 0
    endloop
  endfacet
  facet normal 0 0 -1
    outer loop
      vertex 84.3 52.5 0
      vertex 114.61026616635142 56.45663143066406 0
      vertex 114.6 56.3 0
    endloop
  endfacet
  facet normal 0 0 -1
    outer loop
      vertex 84.3 52.5 0
      vertex 114.64088900845312 56.610582854123024 0
      vertex 114.61026616635142 56.45663143066406 0
    endloop
  endfacet
  facet normal 0 0 -1
    outer loop
      vertex 84.3 52.5 0
      vertex 114.69134456098645 56.75922011883811 0
      vertex 114.64088900845312 56.610582854123024 0
    endloop
  endfacet
  facet normal 0 0 -1
    outer loop
      vertex 84.3 52.5 0
      vertex 114.76076951545868 56.9 0
      vertex 114.69134456098645 56.75922011883811 0
    endloop
  endfacet
  facet normal 0 0 -1
    outer loop
      vertex 84.3 52.5 0
      vertex 114.84797599165051 57.03051371481046 0
      vertex 114.76076951545868 56.9 0
    endloop
  endfacet
  facet normal 0 0 -1
    outer loop
      vertex 118.3 52.5 0
      vertex 114.95147186257614 55.45147186257614 0
      vertex 115.06948628518953 55.347975991650515 0
    endloop
  endfacet
  facet normal 0 0 -1
    outer loop
      vertex 118.3 52.5 0
      vertex 115.3407798811619 55.19134456098645 0
      vertex 115.48941714587697 55.140889008453115 0
    endloop
  endfacet
  facet normal 0 0 -1
    outer loop
      vertex 118.3 52.5 0
      vertex 115.48941714587697 55.140889008453115 0
      vertex 115.64336856933593 55.11026616635142 0
    endloop
  endfacet
  facet normal 0 0 -1
    outer loop
      vertex 118.3 52.5 0
      vertex 115.64336856933593 55.11026616635142 0
      vertex 115.8 55.099999999999994 0
    endloop
  endfacet
  facet normal 0 0 -1
    outer loop
      vertex 118.3 52.5 0
      vertex 115.8 55.099999999999994 0
      vertex 115.95663143066406 55.11026616635142 0
    endloop
  endfacet
  facet normal 0 0 -1
    outer loop
      vertex 118.3 52.5 0
      vertex 115.2 55.26076951545867 0
      vertex 115.3407798811619 55.19134456098645 0
    endloop
  endfacet
  facet normal 0 0 -1
    outer loop
      vertex 118.3 52.5 0
      vertex 115.06948628518953 55.347975991650515 0
      vertex 115.2 55.26076951545867 0
    endloop
  endfacet
  facet normal 0 0 -1
    outer loop
      vertex 118.3 52.5 0
      vertex 115.95663143066406 55.11026616635142 0
      vertex 116.11058285412302 55.140889008453115 0
    endloop
  endfacet
  facet normal 0 0 -1
    outer loop
      vertex 118.3 52.5 0
      vertex 116.11058285412302 55.140889008453115 0
      vertex 116.2592201188381 55.19134456098645 0
    endloop
  endfacet
  facet normal 0 0 -1
    outer loop
      vertex 118.3 52.5 0
      vertex 116.2592201188381 55.19134456098645 0
      vertex 116.39999999999999 55.26076951545867 0
    endloop
  endfacet
  facet normal 0 0 -1
    outer loop
      vertex 118.3 52.5 0
      vertex 116.39999999999999 55.26076951545867 0
      vertex 116.53051371481047 55.347975991650515 0
    endloop
  endfacet
  facet normal 0 0 -1
    outer loop
      vertex 118.3 52.5 0
      vertex 116.53051371481047 55.347975991650515 0
      vertex 116.64852813742385 55.45147186257614 0
    endloop
  endfacet
  facet normal 0 0 -1
    outer loop
      vertex 118.3 52.5 0
      vertex 116.64852813742385 55.45147186257614 0
      vertex 116.75202400834948 55.569486285189534 0
    endloop
  endfacet
  facet normal 0 0 -1
    outer loop
      vertex 118.3 52.5 0
      vertex 116.75202400834948 55.569486285189534 0
      vertex 116.83923048454132 55.699999999999996 0
    endloop
  endfacet
  facet normal 0 0 -1
    outer loop
      vertex 118.3 52.5 0
      vertex 116.83923048454132 55.699999999999996 0
      vertex 116.90865543901354 55.840779881161886 0
    endloop
  endfacet
  facet normal 1 0 0
    outer loop
      vertex 118.3 52.5 0
      vertex 118.3 58.6 0
      vertex 118.3 52.5 1.7999999999999972
    endloop
  endfacet
  facet normal 0 0 1
    outer loop
      vertex 118.3 52.5 1.7999999999999972
      vertex 115.53894761555989 54.317110277252375 1.7999999999999972
      vertex 88.01752285801744 57.88670668058247 1.7999999999999972
    endloop
  endfacet
  facet normal 0 0 1
    outer loop
      vertex 88.01752285801744 57.88670668058247 1.7999999999999972
      vertex 115.53894761555989 54.317110277252375 1.7999999999999972
      vertex 115.28236190979496 54.36814834742186 1.7999999999999972
    endloop
  endfacet
  facet normal 0 0 1
    outer loop
      vertex 118.3 52.5 1.7999999999999972
      vertex 115.8 54.3 1.7999999999999972
      vertex 115.53894761555989 54.317110277252375 1.7999999999999972
    endloop
  endfacet
  facet normal 0 0 1
    outer loop
      vertex 118.3 52.5 1.7999999999999972
      vertex 116.0610523844401 54.317110277252375 1.7999999999999972
      vertex 115.8 54.3 1.7999999999999972
    endloop
  endfacet
  facet normal 0 0 1
    outer loop
      vertex 118.3 52.5 1.7999999999999972
      vertex 116.31763809020504 54.36814834742186 1.7999999999999972
      vertex 116.0610523844401 54.317110277252375 1.7999999999999972
    endloop
  endfacet
  facet normal 0 0 1
    outer loop
      vertex 118.3 52.5 1.7999999999999972
      vertex 116.56536686473018 54.452240934977425 1.7999999999999972
      vertex 116.31763809020504 54.36814834742186 1.7999999999999972
    endloop
  endfacet
  facet normal 0 0 1
    outer loop
      vertex 118.3 52.5 1.7999999999999972
      vertex 116.8 54.56794919243112 1.7999999999999972
      vertex 116.56536686473018 54.452240934977425 1.7999999999999972
    endloop
  endfacet
  facet normal 0 0 1
    outer loop
      vertex 118.3 52.5 1.7999999999999972
      vertex 117.01752285801744 54.713293319417524 1.7999999999999972
      vertex 116.8 54.56794919243112 1.7999999999999972
    endloop
  endfacet
  facet normal 0 0 1
    outer loop
      vertex 118.3 52.5 1.7999999999999972
      vertex 117.21421356237309 54.885786437626905 1.7999999999999972
      vertex 117.01752285801744 54.713293319417524 1.7999999999999972
    endloop
  endfacet
  facet normal 0 0 1
    outer loop
      vertex 118.3 52.5 1.7999999999999972
      vertex 117.38670668058246 55.08247714198256 1.7999999999999972
      vertex 117.21421356237309 54.885786437626905 1.7999999999999972
    endloop
  endfacet
  facet normal 0 0 1
    outer loop
      vertex 118.3 52.5 1.7999999999999972
      vertex 117.53205080756888 55.3 1.7999999999999972
      vertex 117.38670668058246 55.08247714198256 1.7999999999999972
    endloop
  endfacet
  facet normal 0 0 1
    outer loop
      vertex 118.3 52.5 1.7999999999999972
      vertex 117.64775906502257 55.534633135269814 1.7999999999999972
      vertex 117.53205080756888 55.3 1.7999999999999972
    endloop
  endfacet
  facet normal 0 0 1
    outer loop
      vertex 118.3 52.5 1.7999999999999972
      vertex 117.73185165257813 55.78236190979496 1.7999999999999972
      vertex 117.64775906502257 55.534633135269814 1.7999999999999972
    endloop
  endfacet
  facet normal 0 0 1
    outer loop
      vertex 118.3 52.5 1.7999999999999972
      vertex 117.78288972274761 56.03894761555989 1.7999999999999972
      vertex 117.73185165257813 55.78236190979496 1.7999999999999972
    endloop
  endfacet
  facet normal 0 0 1
    outer loop
      vertex 118.3 52.5 1.7999999999999972
      vertex 117.8 56.3 1.7999999999999972
      vertex 117.78288972274761 56.03894761555989 1.7999999999999972
    endloop
  endfacet
  facet normal 0 0 -1
    outer loop
      vertex 84.3 52.5 0
      vertex 114.95147186257614 57.14852813742385 0
      vertex 114.84797599165051 57.03051371481046 0
    endloop
  endfacet
  facet normal 0 0 -1
    outer loop
      vertex 84.3 52.5 0
      vertex 115.06948628518953 57.25202400834948 0
      vertex 114.95147186257614 57.14852813742385 0
    endloop
  endfacet
  facet normal 0 0 -1
    outer loop
      vertex 84.3 52.5 0
      vertex 115.2 57.339230484541325 0
      vertex 115.06948628518953 57.25202400834948 0
    endloop
  endfacet
  facet normal 0 0 -1
    outer loop
      vertex 84.3 52.5 0
      vertex 115.3407798811619 57.40865543901354 0
      vertex 115.2 57.339230484541325 0
    endloop
  endfacet
  facet normal 0 0 -1
    outer loop
      vertex 84.3 52.5 0
      vertex 115.48941714587697 57.45911099154688 0
      vertex 115.3407798811619 57.40865543901354 0
    endloop
  endfacet
  facet normal 0 0 -1
    outer loop
      vertex 84.3 52.5 0
      vertex 115.64336856933593 57.48973383364857 0
      vertex 115.48941714587697 57.45911099154688 0
    endloop
  endfacet
  facet normal 0 0 -1
    outer loop
      vertex 84.3 52.5 0
      vertex 118.3 58.6 0
      vertex 115.64336856933593 57.48973383364857 0
    endloop
  endfacet
  facet normal 0 0 -1
    outer loop
      vertex 118.3 52.5 0
      vertex 116.90865543901354 55.840779881161886 0
      vertex 118.3 58.6 0
    endloop
  endfacet
  facet normal 0 0 -1
    outer loop
      vertex 118.3 58.6 0
      vertex 116.90865543901354 55.840779881161886 0
      vertex 116.95911099154688 55.98941714587697 0
    endloop
  endfacet
  facet normal 0 0 -1
    outer loop
      vertex 118.3 58.6 0
      vertex 116.95911099154688 55.98941714587697 0
      vertex 116.98973383364857 56.143368569335934 0
    endloop
  endfacet
  facet normal 0 0 -1
    outer loop
      vertex 118.3 58.6 0
      vertex 116.98973383364857 56.143368569335934 0
      vertex 117 56.3 0
    endloop
  endfacet
  facet normal 0 0 -1
    outer loop
      vertex 118.3 58.6 0
      vertex 117 56.3 0
      vertex 116.98973383364857 56.45663143066406 0
    endloop
  endfacet
  facet normal 0 0 -1
    outer loop
      vertex 118.3 58.6 0
      vertex 116.98973383364857 56.45663143066406 0
      vertex 116.95911099154688 56.610582854123024 0
    endloop
  endfacet
  facet normal 0 0 -1
    outer loop
      vertex 118.3 58.6 0
      vertex 116.95911099154688 56.610582854123024 0
      vertex 116.90865543901354 56.75922011883811 0
    endloop
  endfacet
  facet normal 0 0 -1
    outer loop
      vertex 118.3 58.6 0
      vertex 116.90865543901354 56.75922011883811 0
      vertex 116.83923048454132 56.9 0
    endloop
  endfacet
  facet normal 0 0 -1
    outer loop
      vertex 118.3 58.6 0
      vertex 116.75202400834948 57.03051371481046 0
      vertex 116.64852813742385 57.14852813742385 0
    endloop
  endfacet
  facet normal 0 0 -1
    outer loop
      vertex 118.3 58.6 0
      vertex 116.64852813742385 57.14852813742385 0
      vertex 116.53051371481047 57.25202400834948 0
    endloop
  endfacet
  facet normal 0 0 -1
    outer loop
      vertex 118.3 58.6 0
      vertex 116.53051371481047 57.25202400834948 0
      vertex 116.39999999999999 57.339230484541325 0
    endloop
  endfacet
  facet normal 0 0 -1
    outer loop
      vertex 118.3 58.6 0
      vertex 116.2592201188381 57.40865543901354 0
      vertex 116.11058285412302 57.45911099154688 0
    endloop
  endfacet
  facet normal 0 0 -1
    outer loop
      vertex 118.3 58.6 0
      vertex 116.39999999999999 57.339230484541325 0
      vertex 116.2592201188381 57.40865543901354 0
    endloop
  endfacet
  facet normal 0 0 -1
    outer loop
      vertex 118.3 58.6 0
      vertex 116.83923048454132 56.9 0
      vertex 116.75202400834948 57.03051371481046 0
    endloop
  endfacet
  facet normal 0 0 -1
    outer loop
      vertex 118.3 58.6 0
      vertex 115.8 57.5 0
      vertex 115.64336856933593 57.48973383364857 0
    endloop
  endfacet
  facet normal 0 0 -1
    outer loop
      vertex 118.3 58.6 0
      vertex 115.95663143066406 57.48973383364857 0
      vertex 115.8 57.5 0
    endloop
  endfacet
  facet normal 0 0 -1
    outer loop
      vertex 118.3 58.6 0
      vertex 116.11058285412302 57.45911099154688 0
      vertex 115.95663143066406 57.48973383364857 0
    endloop
  endfacet
  facet normal 0 0 1
    outer loop
      vertex 88.01752285801744 57.88670668058247 1.7999999999999972
      vertex 114.3857864376269 54.885786437626905 1.7999999999999972
      vertex 114.21329331941753 55.08247714198256 1.7999999999999972
    endloop
  endfacet
  facet normal 0 0 1
    outer loop
      vertex 88.01752285801744 57.88670668058247 1.7999999999999972
      vertex 114.21329331941753 55.08247714198256 1.7999999999999972
      vertex 114.06794919243112 55.3 1.7999999999999972
    endloop
  endfacet
  facet normal 0 0 1
    outer loop
      vertex 88.01752285801744 57.88670668058247 1.7999999999999972
      vertex 114.06794919243112 55.3 1.7999999999999972
      vertex 113.95224093497743 55.534633135269814 1.7999999999999972
    endloop
  endfacet
  facet normal 0 0 1
    outer loop
      vertex 88.01752285801744 57.88670668058247 1.7999999999999972
      vertex 113.95224093497743 55.534633135269814 1.7999999999999972
      vertex 113.86814834742187 55.78236190979496 1.7999999999999972
    endloop
  endfacet
  facet normal 0 0 1
    outer loop
      vertex 88.01752285801744 57.88670668058247 1.7999999999999972
      vertex 113.86814834742187 55.78236190979496 1.7999999999999972
      vertex 113.81711027725238 56.03894761555989 1.7999999999999972
    endloop
  endfacet
  facet normal 0 0 1
    outer loop
      vertex 88.01752285801744 57.88670668058247 1.7999999999999972
      vertex 113.81711027725238 56.03894761555989 1.7999999999999972
      vertex 113.8 56.3 1.7999999999999972
    endloop
  endfacet
  facet normal 0 0 1
    outer loop
      vertex 88.01752285801744 57.88670668058247 1.7999999999999972
      vertex 113.8 56.3 1.7999999999999972
      vertex 113.81711027725238 56.5610523844401 1.7999999999999972
    endloop
  endfacet
  facet normal 0 0 1
    outer loop
      vertex 88.01752285801744 57.88670668058247 1.7999999999999972
      vertex 115.03463313526981 54.452240934977425 1.7999999999999972
      vertex 114.8 54.56794919243112 1.7999999999999972
    endloop
  endfacet
  facet normal 0 0 1
    outer loop
      vertex 88.01752285801744 57.88670668058247 1.7999999999999972
      vertex 114.8 54.56794919243112 1.7999999999999972
      vertex 114.58247714198255 54.713293319417524 1.7999999999999972
    endloop
  endfacet
  facet normal 0 0 1
    outer loop
      vertex 88.01752285801744 57.88670668058247 1.7999999999999972
      vertex 115.28236190979496 54.36814834742186 1.7999999999999972
      vertex 115.03463313526981 54.452240934977425 1.7999999999999972
    endloop
  endfacet
  facet normal 0 0 1
    outer loop
      vertex 88.01752285801744 57.88670668058247 1.7999999999999972
      vertex 114.58247714198255 54.713293319417524 1.7999999999999972
      vertex 114.3857864376269 54.885786437626905 1.7999999999999972
    endloop
  endfacet
  facet normal 0 1 0
    outer loop
      vertex 84.3 58.6 1.7999999999999972
      vertex 118.3 58.6 1.7999999999999972
      vertex 118.3 58.6 0
    endloop
  endfacet
  facet normal 0 0 1
    outer loop
      vertex 88.01752285801744 57.88670668058247 1.7999999999999972
      vertex 113.81711027725238 56.5610523844401 1.7999999999999972
      vertex 113.86814834742187 56.81763809020504 1.7999999999999972
    endloop
  endfacet
  facet normal 0 0 1
    outer loop
      vertex 88.01752285801744 57.88670668058247 1.7999999999999972
      vertex 113.86814834742187 56.81763809020504 1.7999999999999972
      vertex 113.95224093497743 57.06536686473018 1.7999999999999972
    endloop
  endfacet
  facet normal 0 0 1
    outer loop
      vertex 88.01752285801744 57.88670668058247 1.7999999999999972
      vertex 113.95224093497743 57.06536686473018 1.7999999999999972
      vertex 114.06794919243112 57.3 1.7999999999999972
    endloop
  endfacet
  facet normal 0 0 1
    outer loop
      vertex 88.01752285801744 57.88670668058247 1.7999999999999972
      vertex 114.06794919243112 57.3 1.7999999999999972
      vertex 114.21329331941753 57.517522858017436 1.7999999999999972
    endloop
  endfacet
  facet normal 0 0 1
    outer loop
      vertex 88.01752285801744 57.88670668058247 1.7999999999999972
      vertex 114.21329331941753 57.517522858017436 1.7999999999999972
      vertex 114.3857864376269 57.71421356237309 1.7999999999999972
    endloop
  endfacet
  facet normal 0 0 1
    outer loop
      vertex 84.3 58.6 1.7999999999999972
      vertex 115.28236190979496 58.231851652578136 1.7999999999999972
      vertex 115.53894761555989 58.28288972274762 1.7999999999999972
    endloop
  endfacet
  facet normal 0 0 1
    outer loop
      vertex 84.3 58.6 1.7999999999999972
      vertex 115.53894761555989 58.28288972274762 1.7999999999999972
      vertex 115.8 58.3 1.7999999999999972
    endloop
  endfacet
  facet normal 0 0 1
    outer loop
      vertex 88.01752285801744 57.88670668058247 1.7999999999999972
      vertex 114.3857864376269 57.71421356237309 1.7999999999999972
      vertex 114.58247714198255 57.88670668058247 1.7999999999999972
    endloop
  endfacet
  facet normal 0 0 1
    outer loop
      vertex 88.01752285801744 57.88670668058247 1.7999999999999972
      vertex 114.58247714198255 57.88670668058247 1.7999999999999972
      vertex 114.8 58.03205080756887 1.7999999999999972
    endloop
  endfacet
  facet normal 0 0 1
    outer loop
      vertex 87.56536686473018 58.14775906502257 1.7999999999999972
      vertex 114.8 58.03205080756887 1.7999999999999972
      vertex 115.03463313526981 58.14775906502257 1.7999999999999972
    endloop
  endfacet
  facet normal 0 0 1
    outer loop
      vertex 87.31763809020504 58.231851652578136 1.7999999999999972
      vertex 115.03463313526981 58.14775906502257 1.7999999999999972
      vertex 115.28236190979496 58.231851652578136 1.7999999999999972
    endloop
  endfacet
  facet normal 0 0 1
    outer loop
      vertex 84.3 58.6 1.7999999999999972
      vertex 115.8 58.3 1.7999999999999972
      vertex 118.3 58.6 1.7999999999999972
    endloop
  endfacet
  facet normal 1 0 0
    outer loop
      vertex 118.3 52.5 1.7999999999999972
      vertex 118.3 58.6 0
      vertex 118.3 58.6 1.7999999999999972
    endloop
  endfacet
  facet normal 0 0 1
    outer loop
      vertex 118.3 52.5 1.7999999999999972
      vertex 118.3 58.6 1.7999999999999972
      vertex 117.8 56.3 1.7999999999999972
    endloop
  endfacet
  facet normal 0 0 1
    outer loop
      vertex 118.3 58.6 1.7999999999999972
      vertex 117.78288972274761 56.5610523844401 1.7999999999999972
      vertex 117.8 56.3 1.7999999999999972
    endloop
  endfacet
  facet normal 0 0 1
    outer loop
      vertex 118.3 58.6 1.7999999999999972
      vertex 117.73185165257813 56.81763809020504 1.7999999999999972
      vertex 117.78288972274761 56.5610523844401 1.7999999999999972
    endloop
  endfacet
  facet normal 0 0 1
    outer loop
      vertex 118.3 58.6 1.7999999999999972
      vertex 117.64775906502257 57.06536686473018 1.7999999999999972
      vertex 117.73185165257813 56.81763809020504 1.7999999999999972
    endloop
  endfacet
  facet normal 0 0 1
    outer loop
      vertex 118.3 58.6 1.7999999999999972
      vertex 117.38670668058246 57.517522858017436 1.7999999999999972
      vertex 117.53205080756888 57.3 1.7999999999999972
    endloop
  endfacet
  facet normal 0 0 1
    outer loop
      vertex 118.3 58.6 1.7999999999999972
      vertex 117.53205080756888 57.3 1.7999999999999972
      vertex 117.64775906502257 57.06536686473018 1.7999999999999972
    endloop
  endfacet
  facet normal 0 0 1
    outer loop
      vertex 118.3 58.6 1.7999999999999972
      vertex 117.21421356237309 57.71421356237309 1.7999999999999972
      vertex 117.38670668058246 57.517522858017436 1.7999999999999972
    endloop
  endfacet
  facet normal 0 0 1
    outer loop
      vertex 118.3 58.6 1.7999999999999972
      vertex 117.01752285801744 57.88670668058247 1.7999999999999972
      vertex 117.21421356237309 57.71421356237309 1.7999999999999972
    endloop
  endfacet
  facet normal 0 0 1
    outer loop
      vertex 118.3 58.6 1.7999999999999972
      vertex 116.8 58.03205080756887 1.7999999999999972
      vertex 117.01752285801744 57.88670668058247 1.7999999999999972
    endloop
  endfacet
  facet normal 0 0 1
    outer loop
      vertex 118.3 58.6 1.7999999999999972
      vertex 116.56536686473018 58.14775906502257 1.7999999999999972
      vertex 116.8 58.03205080756887 1.7999999999999972
    endloop
  endfacet
  facet normal 0 0 1
    outer loop
      vertex 118.3 58.6 1.7999999999999972
      vertex 115.8 58.3 1.7999999999999972
      vertex 116.0610523844401 58.28288972274762 1.7999999999999972
    endloop
  endfacet
  facet normal 0 0 1
    outer loop
      vertex 118.3 58.6 1.7999999999999972
      vertex 116.0610523844401 58.28288972274762 1.7999999999999972
      vertex 116.31763809020504 58.231851652578136 1.7999999999999972
    endloop
  endfacet
  facet normal 0 0 1
    outer loop
      vertex 118.3 58.6 1.7999999999999972
      vertex 116.31763809020504 58.231851652578136 1.7999999999999972
      vertex 116.56536686473018 58.14775906502257 1.7999999999999972
    endloop
  endfacet
endsolid OpenSCAD_Model
