solid OpenSCAD_Model
  facet normal 0 0 -1
    outer loop
      vertex 95.7 36 1.6999999999999993
      vertex 96 40 1.6999999999999993
      vertex 96 36 1.6999999999999993
    endloop
  endfacet
  facet normal 0 0 -1
    outer loop
      vertex 95.7 36 1.6999999999999993
      vertex 95.7 40 1.6999999999999993
      vertex 96 40 1.6999999999999993
    endloop
  endfacet
  facet normal 1 0 0
    outer loop
      vertex 98.3 36 1.8000000000000007
      vertex 98.3 40 1.8000000000000007
      vertex 98.3 36 2.8249999999999993
    endloop
  endfacet
  facet normal 1 0 0
    outer loop
      vertex 98.3 36 2.8249999999999993
      vertex 98.3 40 1.8000000000000007
      vertex 98.3 40 2.5249999999999986
    endloop
  endfacet
  facet normal 0 -1 0
    outer loop
      vertex 95.7 36 1.6999999999999993
      vertex 96 36 1.6999999999999993
      vertex 95.7 36 9.600000000000001
    endloop
  endfacet
  facet normal 0 -1 0
    outer loop
      vertex 96 36 1.6999999999999993
      vertex 96 36 1.8000000000000007
      vertex 95.7 36 9.600000000000001
    endloop
  endfacet
  facet normal -1 0 0
    outer loop
      vertex 95.7 36 1.6999999999999993
      vertex 95.7 40 9.600000000000001
      vertex 95.7 40 1.6999999999999993
    endloop
  endfacet
  facet normal 0 -1 0
    outer loop
      vertex 96 36 1.8000000000000007
      vertex 96 36 3.5
      vertex 95.7 36 9.600000000000001
    endloop
  endfacet
  facet normal 0 -1 0
    outer loop
      vertex 96 36 3.5
      vertex 98.3 36 3.5
      vertex 98.3 36 9.600000000000001
    endloop
  endfacet
  facet normal 1 0 0
    outer loop
      vertex 98.3 36 3.5
      vertex 98.3 40 3.5
      vertex 98.3 40 9.600000000000001
    endloop
  endfacet
  facet normal -1 0 0
    outer loop
      vertex 95.7 36 1.6999999999999993
      vertex 95.7 36 9.600000000000001
      vertex 95.7 40 9.600000000000001
    endloop
  endfacet
  facet normal 0 -1 0
    outer loop
      vertex 96 36 3.5
      vertex 98.3 36 9.600000000000001
      vertex 95.7 36 9.600000000000001
    endloop
  endfacet
  facet normal 1 0 0
    outer loop
      vertex 98.3 36 3.5
      vertex 98.3 40 9.600000000000001
      vertex 98.3 36 9.600000000000001
    endloop
  endfacet
  facet normal 0 0 1
    outer loop
      vertex 95.7 36 9.600000000000001
      vertex 96.2147023973654 37.67471908248967 9.600000000000001
      vertex 96.17896304765429 37.78000381166286 9.600000000000001
    endloop
  endfacet
  facet normal 0 0 1
    outer loop
      vertex 95.7 36 9.600000000000001
      vertex 96.39895923599144 37.398959235991434 9.600000000000001
      vertex 96.32564966075245 37.48255278534259 9.600000000000001
    endloop
  endfacet
  facet normal 0 0 1
    outer loop
      vertex 95.7 36 9.600000000000001
      vertex 96.48255278534259 37.32564966075245 9.600000000000001
      vertex 96.39895923599144 37.398959235991434 9.600000000000001
    endloop
  endfacet
  facet normal 0 0 1
    outer loop
      vertex 95.7 36 9.600000000000001
      vertex 96.26387840678322 37.575 9.600000000000001
      vertex 96.2147023973654 37.67471908248967 9.600000000000001
    endloop
  endfacet
  facet normal 0 0 1
    outer loop
      vertex 95.7 36 9.600000000000001
      vertex 96.32564966075245 37.48255278534259 9.600000000000001
      vertex 96.26387840678322 37.575 9.600000000000001
    endloop
  endfacet
  facet normal 0 0 1
    outer loop
      vertex 95.7 36 9.600000000000001
      vertex 96.575 37.26387840678323 9.600000000000001
      vertex 96.48255278534259 37.32564966075245 9.600000000000001
    endloop
  endfacet
  facet normal 0 0 1
    outer loop
      vertex 95.7 36 9.600000000000001
      vertex 96.67471908248967 37.21470239736541 9.600000000000001
      vertex 96.575 37.26387840678323 9.600000000000001
    endloop
  endfacet
  facet normal 0 0 1
    outer loop
      vertex 95.7 36 9.600000000000001
      vertex 97 37.15 9.600000000000001
      vertex 96.88905273661295 37.157271867832264 9.600000000000001
    endloop
  endfacet
  facet normal 0 0 1
    outer loop
      vertex 95.7 36 9.600000000000001
      vertex 97.11094726338705 37.157271867832264 9.600000000000001
      vertex 97 37.15 9.600000000000001
    endloop
  endfacet
  facet normal 0 0 1
    outer loop
      vertex 95.7 36 9.600000000000001
      vertex 96.78000381166285 37.17896304765429 9.600000000000001
      vertex 96.67471908248967 37.21470239736541 9.600000000000001
    endloop
  endfacet
  facet normal 0 0 1
    outer loop
      vertex 95.7 36 9.600000000000001
      vertex 96.88905273661295 37.157271867832264 9.600000000000001
      vertex 96.78000381166285 37.17896304765429 9.600000000000001
    endloop
  endfacet
  facet normal 0 0 1
    outer loop
      vertex 95.7 36 9.600000000000001
      vertex 96.17896304765429 37.78000381166286 9.600000000000001
      vertex 96.15727186783226 37.88905273661295 9.600000000000001
    endloop
  endfacet
  facet normal 0 0 1
    outer loop
      vertex 95.7 36 9.600000000000001
      vertex 96.15727186783226 37.88905273661295 9.600000000000001
      vertex 96.15 38 9.600000000000001
    endloop
  endfacet
  facet normal 0 0 1
    outer loop
      vertex 95.7 36 9.600000000000001
      vertex 96.15 38 9.600000000000001
      vertex 96.15727186783226 38.11094726338705 9.600000000000001
    endloop
  endfacet
  facet normal 0 0 1
    outer loop
      vertex 95.7 36 9.600000000000001
      vertex 96.15727186783226 38.11094726338705 9.600000000000001
      vertex 96.17896304765429 38.21999618833714 9.600000000000001
    endloop
  endfacet
  facet normal 0 0 1
    outer loop
      vertex 95.7 36 9.600000000000001
      vertex 96.17896304765429 38.21999618833714 9.600000000000001
      vertex 95.7 40 9.600000000000001
    endloop
  endfacet
  facet normal 0 0 1
    outer loop
      vertex 95.7 40 9.600000000000001
      vertex 96.17896304765429 38.21999618833714 9.600000000000001
      vertex 96.2147023973654 38.32528091751033 9.600000000000001
    endloop
  endfacet
  facet normal 0 0 1
    outer loop
      vertex 95.7 36 9.600000000000001
      vertex 98.3 36 9.600000000000001
      vertex 97.11094726338705 37.157271867832264 9.600000000000001
    endloop
  endfacet
  facet normal 0 0 1
    outer loop
      vertex 98.3 36 9.600000000000001
      vertex 97.21999618833715 37.17896304765429 9.600000000000001
      vertex 97.11094726338705 37.157271867832264 9.600000000000001
    endloop
  endfacet
  facet normal 0 0 1
    outer loop
      vertex 98.3 36 9.600000000000001
      vertex 97.32528091751033 37.21470239736541 9.600000000000001
      vertex 97.21999618833715 37.17896304765429 9.600000000000001
    endloop
  endfacet
  facet normal 0 0 1
    outer loop
      vertex 98.3 36 9.600000000000001
      vertex 97.425 37.26387840678323 9.600000000000001
      vertex 97.32528091751033 37.21470239736541 9.600000000000001
    endloop
  endfacet
  facet normal 0 0 1
    outer loop
      vertex 98.3 36 9.600000000000001
      vertex 97.51744721465741 37.32564966075245 9.600000000000001
      vertex 97.425 37.26387840678323 9.600000000000001
    endloop
  endfacet
  facet normal 0 0 1
    outer loop
      vertex 98.3 36 9.600000000000001
      vertex 97.60104076400856 37.398959235991434 9.600000000000001
      vertex 97.51744721465741 37.32564966075245 9.600000000000001
    endloop
  endfacet
  facet normal 0 0 1
    outer loop
      vertex 98.3 36 9.600000000000001
      vertex 97.67435033924755 37.48255278534259 9.600000000000001
      vertex 97.60104076400856 37.398959235991434 9.600000000000001
    endloop
  endfacet
  facet normal 0 0 1
    outer loop
      vertex 98.3 36 9.600000000000001
      vertex 97.73612159321678 37.575 9.600000000000001
      vertex 97.67435033924755 37.48255278534259 9.600000000000001
    endloop
  endfacet
  facet normal 0 0 1
    outer loop
      vertex 98.3 36 9.600000000000001
      vertex 97.7852976026346 37.67471908248967 9.600000000000001
      vertex 97.73612159321678 37.575 9.600000000000001
    endloop
  endfacet
  facet normal 0 0 1
    outer loop
      vertex 98.3 36 9.600000000000001
      vertex 97.82103695234571 37.78000381166286 9.600000000000001
      vertex 97.7852976026346 37.67471908248967 9.600000000000001
    endloop
  endfacet
  facet normal 0 0 1
    outer loop
      vertex 98.3 36 9.600000000000001
      vertex 98.3 40 9.600000000000001
      vertex 97.82103695234571 37.78000381166286 9.600000000000001
    endloop
  endfacet
  facet normal 0 0 1
    outer loop
      vertex 98.3 40 9.600000000000001
      vertex 97.84272813216774 37.88905273661295 9.600000000000001
      vertex 97.82103695234571 37.78000381166286 9.600000000000001
    endloop
  endfacet
  facet normal 0 0 1
    outer loop
      vertex 98.3 40 9.600000000000001
      vertex 97.85 38 9.600000000000001
      vertex 97.84272813216774 37.88905273661295 9.600000000000001
    endloop
  endfacet
  facet normal 0 0 1
    outer loop
      vertex 98.3 40 9.600000000000001
      vertex 97.82103695234571 38.21999618833714 9.600000000000001
      vertex 97.84272813216774 38.11094726338705 9.600000000000001
    endloop
  endfacet
  facet normal 0 0 1
    outer loop
      vertex 98.3 40 9.600000000000001
      vertex 97.84272813216774 38.11094726338705 9.600000000000001
      vertex 97.85 38 9.600000000000001
    endloop
  endfacet
  facet normal 0 0 1
    outer loop
      vertex 98.3 40 9.600000000000001
      vertex 97.7852976026346 38.32528091751033 9.600000000000001
      vertex 97.82103695234571 38.21999618833714 9.600000000000001
    endloop
  endfacet
  facet normal 0 1 0
    outer loop
      vertex 95.7 40 1.6999999999999993
      vertex 96 40 1.8000000000000007
      vertex 96 40 1.6999999999999993
    endloop
  endfacet
  facet normal 0 1 0
    outer loop
      vertex 95.7 40 1.6999999999999993
      vertex 96 40 3.5
      vertex 96 40 1.8000000000000007
    endloop
  endfacet
  facet normal 0 1 0
    outer loop
      vertex 95.7 40 1.6999999999999993
      vertex 95.7 40 9.600000000000001
      vertex 96 40 3.5
    endloop
  endfacet
  facet normal 0 1 0
    outer loop
      vertex 96 40 3.5
      vertex 95.7 40 9.600000000000001
      vertex 98.3 40 3.5
    endloop
  endfacet
  facet normal 0 1 0
    outer loop
      vertex 98.3 40 3.5
      vertex 95.7 40 9.600000000000001
      vertex 98.3 40 9.600000000000001
    endloop
  endfacet
  facet normal 0 0 1
    outer loop
      vertex 95.7 40 9.600000000000001
      vertex 96.2147023973654 38.32528091751033 9.600000000000001
      vertex 96.26387840678322 38.425 9.600000000000001
    endloop
  endfacet
  facet normal 0 0 1
    outer loop
      vertex 95.7 40 9.600000000000001
      vertex 96.26387840678322 38.425 9.600000000000001
      vertex 96.32564966075245 38.51744721465741 9.600000000000001
    endloop
  endfacet
  facet normal 0 0 1
    outer loop
      vertex 95.7 40 9.600000000000001
      vertex 96.32564966075245 38.51744721465741 9.600000000000001
      vertex 96.39895923599144 38.601040764008566 9.600000000000001
    endloop
  endfacet
  facet normal 0 0 1
    outer loop
      vertex 95.7 40 9.600000000000001
      vertex 96.39895923599144 38.601040764008566 9.600000000000001
      vertex 96.48255278534259 38.67435033924755 9.600000000000001
    endloop
  endfacet
  facet normal 0 0 1
    outer loop
      vertex 95.7 40 9.600000000000001
      vertex 96.48255278534259 38.67435033924755 9.600000000000001
      vertex 96.575 38.73612159321677 9.600000000000001
    endloop
  endfacet
  facet normal 0 0 1
    outer loop
      vertex 95.7 40 9.600000000000001
      vertex 96.575 38.73612159321677 9.600000000000001
      vertex 96.67471908248967 38.78529760263459 9.600000000000001
    endloop
  endfacet
  facet normal 0 0 1
    outer loop
      vertex 95.7 40 9.600000000000001
      vertex 96.67471908248967 38.78529760263459 9.600000000000001
      vertex 96.78000381166285 38.82103695234571 9.600000000000001
    endloop
  endfacet
  facet normal 0 0 1
    outer loop
      vertex 95.7 40 9.600000000000001
      vertex 96.78000381166285 38.82103695234571 9.600000000000001
      vertex 96.88905273661295 38.842728132167736 9.600000000000001
    endloop
  endfacet
  facet normal 0 0 1
    outer loop
      vertex 95.7 40 9.600000000000001
      vertex 96.88905273661295 38.842728132167736 9.600000000000001
      vertex 98.3 40 9.600000000000001
    endloop
  endfacet
  facet normal 0 0 1
    outer loop
      vertex 98.3 40 9.600000000000001
      vertex 96.88905273661295 38.842728132167736 9.600000000000001
      vertex 97 38.85 9.600000000000001
    endloop
  endfacet
  facet normal 0 0 1
    outer loop
      vertex 98.3 40 9.600000000000001
      vertex 97 38.85 9.600000000000001
      vertex 97.11094726338705 38.842728132167736 9.600000000000001
    endloop
  endfacet
  facet normal 0 0 1
    outer loop
      vertex 98.3 40 9.600000000000001
      vertex 97.11094726338705 38.842728132167736 9.600000000000001
      vertex 97.21999618833715 38.82103695234571 9.600000000000001
    endloop
  endfacet
  facet normal 0 0 1
    outer loop
      vertex 98.3 40 9.600000000000001
      vertex 97.21999618833715 38.82103695234571 9.600000000000001
      vertex 97.32528091751033 38.78529760263459 9.600000000000001
    endloop
  endfacet
  facet normal 0 0 1
    outer loop
      vertex 98.3 40 9.600000000000001
      vertex 97.32528091751033 38.78529760263459 9.600000000000001
      vertex 97.425 38.73612159321677 9.600000000000001
    endloop
  endfacet
  facet normal 0 0 1
    outer loop
      vertex 98.3 40 9.600000000000001
      vertex 97.51744721465741 38.67435033924755 9.600000000000001
      vertex 97.60104076400856 38.601040764008566 9.600000000000001
    endloop
  endfacet
  facet normal 0 0 1
    outer loop
      vertex 98.3 40 9.600000000000001
      vertex 97.60104076400856 38.601040764008566 9.600000000000001
      vertex 97.67435033924755 38.51744721465741 9.600000000000001
    endloop
  endfacet
  facet normal 0 0 1
    outer loop
      vertex 98.3 40 9.600000000000001
      vertex 97.425 38.73612159321677 9.600000000000001
      vertex 97.51744721465741 38.67435033924755 9.600000000000001
    endloop
  endfacet
  facet normal 0 0 1
    outer loop
      vertex 98.3 40 9.600000000000001
      vertex 97.67435033924755 38.51744721465741 9.600000000000001
      vertex 97.73612159321678 38.425 9.600000000000001
    endloop
  endfacet
  facet normal 0 0 1
    outer loop
      vertex 98.3 40 9.600000000000001
      vertex 97.73612159321678 38.425 9.600000000000001
      vertex 97.7852976026346 38.32528091751033 9.600000000000001
    endloop
  endfacet
  facet normal 0 -1 0
    outer loop
      vertex 113.7 36 1.8000000000000007
      vertex 114.3 36 1.8000000000000007
      vertex 114.3 36 3.5
    endloop
  endfacet
  facet normal -1 0 0
    outer loop
      vertex 113.7 36 1.8000000000000007
      vertex 113.7 40 9.600000000000001
      vertex 113.7 40 1.8000000000000007
    endloop
  endfacet
  facet normal -1 0 0
    outer loop
      vertex 113.7 36 1.8000000000000007
      vertex 113.7 36 9.600000000000001
      vertex 113.7 40 9.600000000000001
    endloop
  endfacet
  facet normal 0 -1 0
    outer loop
      vertex 113.7 36 1.8000000000000007
      vertex 114.3 36 3.5
      vertex 116.3 36 9.600000000000001
    endloop
  endfacet
  facet normal 0 -1 0
    outer loop
      vertex 114.3 36 3.5
      vertex 116.3 36 3.5
      vertex 116.3 36 9.600000000000001
    endloop
  endfacet
  facet normal 1 0 0
    outer loop
      vertex 116.3 36 3.5
      vertex 116.3 40 3.5
      vertex 116.3 40 9.600000000000001
    endloop
  endfacet
  facet normal 0 -1 0
    outer loop
      vertex 113.7 36 1.8000000000000007
      vertex 116.3 36 9.600000000000001
      vertex 113.7 36 9.600000000000001
    endloop
  endfacet
  facet normal 0 0 1
    outer loop
      vertex 113.7 36 9.600000000000001
      vertex 114.39895923599144 37.398959235991434 9.600000000000001
      vertex 114.32564966075245 37.48255278534259 9.600000000000001
    endloop
  endfacet
  facet normal 0 0 1
    outer loop
      vertex 113.7 36 9.600000000000001
      vertex 114.26387840678322 37.575 9.600000000000001
      vertex 114.2147023973654 37.67471908248967 9.600000000000001
    endloop
  endfacet
  facet normal 0 0 1
    outer loop
      vertex 113.7 36 9.600000000000001
      vertex 114.2147023973654 37.67471908248967 9.600000000000001
      vertex 114.17896304765429 37.78000381166286 9.600000000000001
    endloop
  endfacet
  facet normal 0 0 1
    outer loop
      vertex 113.7 36 9.600000000000001
      vertex 114.32564966075245 37.48255278534259 9.600000000000001
      vertex 114.26387840678322 37.575 9.600000000000001
    endloop
  endfacet
  facet normal 0 0 1
    outer loop
      vertex 113.7 36 9.600000000000001
      vertex 114.575 37.26387840678323 9.600000000000001
      vertex 114.48255278534259 37.32564966075245 9.600000000000001
    endloop
  endfacet
  facet normal 0 0 1
    outer loop
      vertex 113.7 36 9.600000000000001
      vertex 114.48255278534259 37.32564966075245 9.600000000000001
      vertex 114.39895923599144 37.398959235991434 9.600000000000001
    endloop
  endfacet
  facet normal 0 0 1
    outer loop
      vertex 113.7 36 9.600000000000001
      vertex 114.67471908248967 37.21470239736541 9.600000000000001
      vertex 114.575 37.26387840678323 9.600000000000001
    endloop
  endfacet
  facet normal 0 0 1
    outer loop
      vertex 113.7 36 9.600000000000001
      vertex 114.15727186783226 37.88905273661295 9.600000000000001
      vertex 114.15 38 9.600000000000001
    endloop
  endfacet
  facet normal 0 0 1
    outer loop
      vertex 113.7 36 9.600000000000001
      vertex 114.15 38 9.600000000000001
      vertex 114.15727186783226 38.11094726338705 9.600000000000001
    endloop
  endfacet
  facet normal 0 0 1
    outer loop
      vertex 113.7 36 9.600000000000001
      vertex 114.17896304765429 37.78000381166286 9.600000000000001
      vertex 114.15727186783226 37.88905273661295 9.600000000000001
    endloop
  endfacet
  facet normal 0 0 1
    outer loop
      vertex 113.7 36 9.600000000000001
      vertex 114.15727186783226 38.11094726338705 9.600000000000001
      vertex 114.17896304765429 38.21999618833714 9.600000000000001
    endloop
  endfacet
  facet normal 0 0 1
    outer loop
      vertex 113.7 36 9.600000000000001
      vertex 114.17896304765429 38.21999618833714 9.600000000000001
      vertex 113.7 40 9.600000000000001
    endloop
  endfacet
  facet normal 0 0 1
    outer loop
      vertex 113.7 40 9.600000000000001
      vertex 114.17896304765429 38.21999618833714 9.600000000000001
      vertex 114.2147023973654 38.32528091751033 9.600000000000001
    endloop
  endfacet
  facet normal 1 0 0
    outer loop
      vertex 116.3 36 3.5
      vertex 116.3 40 9.600000000000001
      vertex 116.3 36 9.600000000000001
    endloop
  endfacet
  facet normal 0 0 1
    outer loop
      vertex 113.7 36 9.600000000000001
      vertex 115 37.15 9.600000000000001
      vertex 114.88905273661295 37.157271867832264 9.600000000000001
    endloop
  endfacet
  facet normal 0 0 1
    outer loop
      vertex 113.7 36 9.600000000000001
      vertex 115.11094726338705 37.157271867832264 9.600000000000001
      vertex 115 37.15 9.600000000000001
    endloop
  endfacet
  facet normal 0 0 1
    outer loop
      vertex 113.7 36 9.600000000000001
      vertex 114.78000381166285 37.17896304765429 9.600000000000001
      vertex 114.67471908248967 37.21470239736541 9.600000000000001
    endloop
  endfacet
  facet normal 0 0 1
    outer loop
      vertex 113.7 36 9.600000000000001
      vertex 114.88905273661295 37.157271867832264 9.600000000000001
      vertex 114.78000381166285 37.17896304765429 9.600000000000001
    endloop
  endfacet
  facet normal 0 0 1
    outer loop
      vertex 113.7 36 9.600000000000001
      vertex 116.3 36 9.600000000000001
      vertex 115.11094726338705 37.157271867832264 9.600000000000001
    endloop
  endfacet
  facet normal 0 0 1
    outer loop
      vertex 116.3 36 9.600000000000001
      vertex 115.21999618833715 37.17896304765429 9.600000000000001
      vertex 115.11094726338705 37.157271867832264 9.600000000000001
    endloop
  endfacet
  facet normal 0 0 1
    outer loop
      vertex 116.3 36 9.600000000000001
      vertex 115.32528091751033 37.21470239736541 9.600000000000001
      vertex 115.21999618833715 37.17896304765429 9.600000000000001
    endloop
  endfacet
  facet normal 0 0 1
    outer loop
      vertex 116.3 36 9.600000000000001
      vertex 115.425 37.26387840678323 9.600000000000001
      vertex 115.32528091751033 37.21470239736541 9.600000000000001
    endloop
  endfacet
  facet normal 0 0 1
    outer loop
      vertex 116.3 36 9.600000000000001
      vertex 115.51744721465741 37.32564966075245 9.600000000000001
      vertex 115.425 37.26387840678323 9.600000000000001
    endloop
  endfacet
  facet normal 0 0 1
    outer loop
      vertex 116.3 36 9.600000000000001
      vertex 115.60104076400856 37.398959235991434 9.600000000000001
      vertex 115.51744721465741 37.32564966075245 9.600000000000001
    endloop
  endfacet
  facet normal 0 0 1
    outer loop
      vertex 116.3 36 9.600000000000001
      vertex 115.67435033924755 37.48255278534259 9.600000000000001
      vertex 115.60104076400856 37.398959235991434 9.600000000000001
    endloop
  endfacet
  facet normal 0 0 1
    outer loop
      vertex 116.3 36 9.600000000000001
      vertex 115.73612159321678 37.575 9.600000000000001
      vertex 115.67435033924755 37.48255278534259 9.600000000000001
    endloop
  endfacet
  facet normal 0 0 1
    outer loop
      vertex 116.3 36 9.600000000000001
      vertex 115.7852976026346 37.67471908248967 9.600000000000001
      vertex 115.73612159321678 37.575 9.600000000000001
    endloop
  endfacet
  facet normal 0 0 1
    outer loop
      vertex 116.3 36 9.600000000000001
      vertex 115.82103695234571 37.78000381166286 9.600000000000001
      vertex 115.7852976026346 37.67471908248967 9.600000000000001
    endloop
  endfacet
  facet normal 0 0 1
    outer loop
      vertex 116.3 36 9.600000000000001
      vertex 116.3 40 9.600000000000001
      vertex 115.82103695234571 37.78000381166286 9.600000000000001
    endloop
  endfacet
  facet normal 0 0 1
    outer loop
      vertex 116.3 40 9.600000000000001
      vertex 115.84272813216774 37.88905273661295 9.600000000000001
      vertex 115.82103695234571 37.78000381166286 9.600000000000001
    endloop
  endfacet
  facet normal 0 0 1
    outer loop
      vertex 116.3 40 9.600000000000001
      vertex 115.85 38 9.600000000000001
      vertex 115.84272813216774 37.88905273661295 9.600000000000001
    endloop
  endfacet
  facet normal 0 0 1
    outer loop
      vertex 116.3 40 9.600000000000001
      vertex 115.84272813216774 38.11094726338705 9.600000000000001
      vertex 115.85 38 9.600000000000001
    endloop
  endfacet
  facet normal 0 0 1
    outer loop
      vertex 116.3 40 9.600000000000001
      vertex 115.82103695234571 38.21999618833714 9.600000000000001
      vertex 115.84272813216774 38.11094726338705 9.600000000000001
    endloop
  endfacet
  facet normal 0 0 1
    outer loop
      vertex 116.3 40 9.600000000000001
      vertex 115.7852976026346 38.32528091751033 9.600000000000001
      vertex 115.82103695234571 38.21999618833714 9.600000000000001
    endloop
  endfacet
  facet normal 0 1 0
    outer loop
      vertex 113.7 40 1.8000000000000007
      vertex 114.3 40 3.5
      vertex 114.3 40 1.8000000000000007
    endloop
  endfacet
  facet normal 0 1 0
    outer loop
      vertex 113.7 40 1.8000000000000007
      vertex 113.7 40 9.600000000000001
      vertex 114.3 40 3.5
    endloop
  endfacet
  facet normal 0 1 0
    outer loop
      vertex 114.3 40 3.5
      vertex 113.7 40 9.600000000000001
      vertex 116.3 40 3.5
    endloop
  endfacet
  facet normal 0 0 1
    outer loop
      vertex 113.7 40 9.600000000000001
      vertex 114.2147023973654 38.32528091751033 9.600000000000001
      vertex 114.26387840678322 38.425 9.600000000000001
    endloop
  endfacet
  facet normal 0 0 1
    outer loop
      vertex 113.7 40 9.600000000000001
      vertex 114.26387840678322 38.425 9.600000000000001
      vertex 114.32564966075245 38.51744721465741 9.600000000000001
    endloop
  endfacet
  facet normal 0 0 1
    outer loop
      vertex 113.7 40 9.600000000000001
      vertex 114.32564966075245 38.51744721465741 9.600000000000001
      vertex 114.39895923599144 38.601040764008566 9.600000000000001
    endloop
  endfacet
  facet normal 0 0 1
    outer loop
      vertex 113.7 40 9.600000000000001
      vertex 114.39895923599144 38.601040764008566 9.600000000000001
      vertex 114.48255278534259 38.67435033924755 9.600000000000001
    endloop
  endfacet
  facet normal 0 0 1
    outer loop
      vertex 113.7 40 9.600000000000001
      vertex 114.48255278534259 38.67435033924755 9.600000000000001
      vertex 114.575 38.73612159321677 9.600000000000001
    endloop
  endfacet
  facet normal 0 0 1
    outer loop
      vertex 113.7 40 9.600000000000001
      vertex 114.575 38.73612159321677 9.600000000000001
      vertex 114.67471908248967 38.78529760263459 9.600000000000001
    endloop
  endfacet
  facet normal 0 1 0
    outer loop
      vertex 116.3 40 3.5
      vertex 113.7 40 9.600000000000001
      vertex 116.3 40 9.600000000000001
    endloop
  endfacet
  facet normal 0 0 1
    outer loop
      vertex 113.7 40 9.600000000000001
      vertex 114.67471908248967 38.78529760263459 9.600000000000001
      vertex 114.78000381166285 38.82103695234571 9.600000000000001
    endloop
  endfacet
  facet normal 0 0 1
    outer loop
      vertex 113.7 40 9.600000000000001
      vertex 114.78000381166285 38.82103695234571 9.600000000000001
      vertex 114.88905273661295 38.842728132167736 9.600000000000001
    endloop
  endfacet
  facet normal 0 0 1
    outer loop
      vertex 113.7 40 9.600000000000001
      vertex 114.88905273661295 38.842728132167736 9.600000000000001
      vertex 116.3 40 9.600000000000001
    endloop
  endfacet
  facet normal 0 0 1
    outer loop
      vertex 116.3 40 9.600000000000001
      vertex 114.88905273661295 38.842728132167736 9.600000000000001
      vertex 115 38.85 9.600000000000001
    endloop
  endfacet
  facet normal 0 0 1
    outer loop
      vertex 116.3 40 9.600000000000001
      vertex 115 38.85 9.600000000000001
      vertex 115.11094726338705 38.842728132167736 9.600000000000001
    endloop
  endfacet
  facet normal 0 0 1
    outer loop
      vertex 116.3 40 9.600000000000001
      vertex 115.11094726338705 38.842728132167736 9.600000000000001
      vertex 115.21999618833715 38.82103695234571 9.600000000000001
    endloop
  endfacet
  facet normal 0 0 1
    outer loop
      vertex 116.3 40 9.600000000000001
      vertex 115.21999618833715 38.82103695234571 9.600000000000001
      vertex 115.32528091751033 38.78529760263459 9.600000000000001
    endloop
  endfacet
  facet normal 0 0 1
    outer loop
      vertex 116.3 40 9.600000000000001
      vertex 115.51744721465741 38.67435033924755 9.600000000000001
      vertex 115.60104076400856 38.601040764008566 9.600000000000001
    endloop
  endfacet
  facet normal 0 0 1
    outer loop
      vertex 116.3 40 9.600000000000001
      vertex 115.32528091751033 38.78529760263459 9.600000000000001
      vertex 115.425 38.73612159321677 9.600000000000001
    endloop
  endfacet
  facet normal 0 0 1
    outer loop
      vertex 116.3 40 9.600000000000001
      vertex 115.425 38.73612159321677 9.600000000000001
      vertex 115.51744721465741 38.67435033924755 9.600000000000001
    endloop
  endfacet
  facet normal 0 0 1
    outer loop
      vertex 116.3 40 9.600000000000001
      vertex 115.67435033924755 38.51744721465741 9.600000000000001
      vertex 115.73612159321678 38.425 9.600000000000001
    endloop
  endfacet
  facet normal 0 0 1
    outer loop
      vertex 116.3 40 9.600000000000001
      vertex 115.60104076400856 38.601040764008566 9.600000000000001
      vertex 115.67435033924755 38.51744721465741 9.600000000000001
    endloop
  endfacet
  facet normal 0 0 1
    outer loop
      vertex 116.3 40 9.600000000000001
      vertex 115.73612159321678 38.425 9.600000000000001
      vertex 115.7852976026346 38.32528091751033 9.600000000000001
    endloop
  endfacet
  facet normal 0 0 -1
    outer loop
      vertex 96 25.3 0
      vertex 96.46076951545868 26.4 0
      vertex 96.54797599165052 26.269486285189537 0
    endloop
  endfacet
  facet normal 0 0 -1
    outer loop
      vertex 96 25.3 0
      vertex 96.39134456098645 26.540779881161892 0
      vertex 96.46076951545868 26.4 0
    endloop
  endfacet
  facet normal 0 0 -1
    outer loop
      vertex 96 25.3 0
      vertex 96.34088900845312 26.689417145876973 0
      vertex 96.39134456098645 26.540779881161892 0
    endloop
  endfacet
  facet normal 0 0 -1
    outer loop
      vertex 96 25.3 0
      vertex 96.31026616635143 26.843368569335937 0
      vertex 96.34088900845312 26.689417145876973 0
    endloop
  endfacet
  facet normal 0 0 -1
    outer loop
      vertex 96 25.3 0
      vertex 96.3 27 0
      vertex 96.31026616635143 26.843368569335937 0
    endloop
  endfacet
  facet normal 0 0 -1
    outer loop
      vertex 96 25.3 0
      vertex 96.31026616635143 27.156631430664063 0
      vertex 96.3 27 0
    endloop
  endfacet
  facet normal 0 0 -1
    outer loop
      vertex 96 25.3 0
      vertex 96.9 25.960769515458672 0
      vertex 97.0407798811619 25.891344560986457 0
    endloop
  endfacet
  facet normal 0 0 -1
    outer loop
      vertex 96 25.3 0
      vertex 96.54797599165052 26.269486285189537 0
      vertex 96.65147186257614 26.151471862576145 0
    endloop
  endfacet
  facet normal 0 0 -1
    outer loop
      vertex 96 25.3 0
      vertex 96.65147186257614 26.151471862576145 0
      vertex 96.76948628518953 26.047975991650517 0
    endloop
  endfacet
  facet normal 0 0 -1
    outer loop
      vertex 96 25.3 0
      vertex 96.76948628518953 26.047975991650517 0
      vertex 96.9 25.960769515458672 0
    endloop
  endfacet
  facet normal 0 0 -1
    outer loop
      vertex 96 25.3 0
      vertex 97.0407798811619 25.891344560986457 0
      vertex 97.18941714587697 25.840889008453118 0
    endloop
  endfacet
  facet normal 0 0 -1
    outer loop
      vertex 96 25.3 0
      vertex 97.18941714587697 25.840889008453118 0
      vertex 97.34336856933594 25.81026616635143 0
    endloop
  endfacet
  facet normal 0 0 -1
    outer loop
      vertex 96 25.3 0
      vertex 97.34336856933594 25.81026616635143 0
      vertex 97.5 25.8 0
    endloop
  endfacet
  facet normal -1 0 0
    outer loop
      vertex 96 25.3 0
      vertex 96 25.3 1.8000000000000007
      vertex 96 27 1.8000000000000007
    endloop
  endfacet
  facet normal 0 0 1
    outer loop
      vertex 96 25.3 1.8000000000000007
      vertex 96.54797599165052 26.269486285189537 1.8000000000000007
      vertex 96.46076951545868 26.4 1.8000000000000007
    endloop
  endfacet
  facet normal 0 0 1
    outer loop
      vertex 96 25.3 1.8000000000000007
      vertex 96.46076951545868 26.4 1.8000000000000007
      vertex 96.39134456098645 26.540779881161892 1.8000000000000007
    endloop
  endfacet
  facet normal 0 0 1
    outer loop
      vertex 96 25.3 1.8000000000000007
      vertex 96.34088900845312 26.689417145876973 1.8000000000000007
      vertex 96 27 1.8000000000000007
    endloop
  endfacet
  facet normal 0 0 1
    outer loop
      vertex 96 25.3 1.8000000000000007
      vertex 96.39134456098645 26.540779881161892 1.8000000000000007
      vertex 96.34088900845312 26.689417145876973 1.8000000000000007
    endloop
  endfacet
  facet normal 0 0 1
    outer loop
      vertex 96 27 1.8000000000000007
      vertex 96.34088900845312 26.689417145876973 1.8000000000000007
      vertex 96.31026616635143 26.843368569335937 1.8000000000000007
    endloop
  endfacet
  facet normal 0 0 1
    outer loop
      vertex 96 27 1.8000000000000007
      vertex 96.31026616635143 26.843368569335937 1.8000000000000007
      vertex 96.3 27 1.8000000000000007
    endloop
  endfacet
  facet normal 0 0 1
    outer loop
      vertex 96 25.3 1.8000000000000007
      vertex 97.0407798811619 25.891344560986457 1.8000000000000007
      vertex 96.9 25.960769515458672 1.8000000000000007
    endloop
  endfacet
  facet normal 0 0 1
    outer loop
      vertex 96 25.3 1.8000000000000007
      vertex 96.65147186257614 26.151471862576145 1.8000000000000007
      vertex 96.54797599165052 26.269486285189537 1.8000000000000007
    endloop
  endfacet
  facet normal 0 0 1
    outer loop
      vertex 96 25.3 1.8000000000000007
      vertex 96.76948628518953 26.047975991650517 1.8000000000000007
      vertex 96.65147186257614 26.151471862576145 1.8000000000000007
    endloop
  endfacet
  facet normal 0 0 1
    outer loop
      vertex 96 25.3 1.8000000000000007
      vertex 96.9 25.960769515458672 1.8000000000000007
      vertex 96.76948628518953 26.047975991650517 1.8000000000000007
    endloop
  endfacet
  facet normal 0 0 1
    outer loop
      vertex 96 25.3 1.8000000000000007
      vertex 97.18941714587697 25.840889008453118 1.8000000000000007
      vertex 97.0407798811619 25.891344560986457 1.8000000000000007
    endloop
  endfacet
  facet normal 0 0 1
    outer loop
      vertex 96 25.3 1.8000000000000007
      vertex 97.34336856933594 25.81026616635143 1.8000000000000007
      vertex 97.18941714587697 25.840889008453118 1.8000000000000007
    endloop
  endfacet
  facet normal 0 0 1
    outer loop
      vertex 96 25.3 1.8000000000000007
      vertex 97.5 25.8 1.8000000000000007
      vertex 97.34336856933594 25.81026616635143 1.8000000000000007
    endloop
  endfacet
  facet normal 0 0 1
    outer loop
      vertex 96 25.3 1.8000000000000007
      vertex 97.65663143066406 25.81026616635143 1.8000000000000007
      vertex 97.5 25.8 1.8000000000000007
    endloop
  endfacet
  facet normal 0 0 1
    outer loop
      vertex 96 25.3 1.8000000000000007
      vertex 97.81058285412303 25.840889008453118 1.8000000000000007
      vertex 97.65663143066406 25.81026616635143 1.8000000000000007
    endloop
  endfacet
  facet normal 0 0 -1
    outer loop
      vertex 96 25.3 0
      vertex 97.91752285801745 37.41329331941753 0
      vertex 96.31026616635143 27.156631430664063 0
    endloop
  endfacet
  facet normal -1 0 0
    outer loop
      vertex 96 25.3 0
      vertex 96 27 1.8000000000000007
      vertex 96 36 1.6999999999999993
    endloop
  endfacet
  facet normal 0 0 -1
    outer loop
      vertex 96.31026616635143 27.156631430664063 0
      vertex 97.91752285801745 37.41329331941753 0
      vertex 96.34088900845312 27.310582854123027 0
    endloop
  endfacet
  facet normal 0 0 -1
    outer loop
      vertex 96.34088900845312 27.310582854123027 0
      vertex 97.91752285801745 37.41329331941753 0
      vertex 96.39134456098645 27.459220118838108 0
    endloop
  endfacet
  facet normal 0 0 -1
    outer loop
      vertex 96.39134456098645 27.459220118838108 0
      vertex 97.91752285801745 37.41329331941753 0
      vertex 96.46076951545868 27.6 0
    endloop
  endfacet
  facet normal 0 0 -1
    outer loop
      vertex 96.46076951545868 27.6 0
      vertex 97.91752285801745 37.41329331941753 0
      vertex 96.54797599165052 27.730513714810463 0
    endloop
  endfacet
  facet normal 0 0 -1
    outer loop
      vertex 96.54797599165052 27.730513714810463 0
      vertex 97.91752285801745 37.41329331941753 0
      vertex 96.65147186257614 27.848528137423855 0
    endloop
  endfacet
  facet normal 0 0 -1
    outer loop
      vertex 96.76948628518953 27.952024008349483 0
      vertex 96.65147186257614 27.848528137423855 0
      vertex 97.91752285801745 37.41329331941753 0
    endloop
  endfacet
  facet normal -1 0 0
    outer loop
      vertex 96 25.3 0
      vertex 96 37.13005187435622 0.40000000000000213
      vertex 96 37.13005187435622 0
    endloop
  endfacet
  facet normal 0 0 -1
    outer loop
      vertex 96 25.3 0
      vertex 96 37.13005187435622 0
      vertex 96.18236190979496 37.06814834742186 0
    endloop
  endfacet
  facet normal 0 0 -1
    outer loop
      vertex 96 25.3 0
      vertex 96.18236190979496 37.06814834742186 0
      vertex 96.4389476155599 37.01711027725238 0
    endloop
  endfacet
  facet normal 0 0 -1
    outer loop
      vertex 96 25.3 0
      vertex 96.4389476155599 37.01711027725238 0
      vertex 96.7 37 0
    endloop
  endfacet
  facet normal 0 0 -1
    outer loop
      vertex 96 25.3 0
      vertex 96.7 37 0
      vertex 96.96105238444011 37.01711027725238 0
    endloop
  endfacet
  facet normal 0 0 -1
    outer loop
      vertex 96 25.3 0
      vertex 96.96105238444011 37.01711027725238 0
      vertex 97.21763809020504 37.06814834742186 0
    endloop
  endfacet
  facet normal 0 0 -1
    outer loop
      vertex 96 25.3 0
      vertex 97.21763809020504 37.06814834742186 0
      vertex 97.46536686473019 37.15224093497743 0
    endloop
  endfacet
  facet normal -1 0 0
    outer loop
      vertex 96 25.3 0
      vertex 96 36 1.6999999999999993
      vertex 96 40 1.6999999999999993
    endloop
  endfacet
  facet normal 0 0 -1
    outer loop
      vertex 96 25.3 0
      vertex 97.46536686473019 37.15224093497743 0
      vertex 97.7 37.267949192431125 0
    endloop
  endfacet
  facet normal 0 0 -1
    outer loop
      vertex 96 25.3 0
      vertex 97.7 37.267949192431125 0
      vertex 97.91752285801745 37.41329331941753 0
    endloop
  endfacet
  facet normal 0 0 -1
    outer loop
      vertex 96.76948628518953 27.952024008349483 0
      vertex 97.91752285801745 37.41329331941753 0
      vertex 98.1142135623731 37.58578643762691 0
    endloop
  endfacet
  facet normal 0 0 -1
    outer loop
      vertex 96.76948628518953 27.952024008349483 0
      vertex 98.1142135623731 37.58578643762691 0
      vertex 98.28670668058247 37.78247714198256 0
    endloop
  endfacet
  facet normal 0 0 -1
    outer loop
      vertex 96.76948628518953 27.952024008349483 0
      vertex 98.28670668058247 37.78247714198256 0
      vertex 98.43205080756888 38 0
    endloop
  endfacet
  facet normal 0 0 -1
    outer loop
      vertex 96.76948628518953 27.952024008349483 0
      vertex 98.43205080756888 38 0
      vertex 98.54775906502257 38.23463313526982 0
    endloop
  endfacet
  facet normal 0 0 -1
    outer loop
      vertex 96.76948628518953 27.952024008349483 0
      vertex 98.54775906502257 38.23463313526982 0
      vertex 98.63185165257813 38.48236190979496 0
    endloop
  endfacet
  facet normal 0 0 -1
    outer loop
      vertex 96.76948628518953 27.952024008349483 0
      vertex 98.63185165257813 38.48236190979496 0
      vertex 98.68288972274762 38.738947615559894 0
    endloop
  endfacet
  facet normal -1 0 0
    outer loop
      vertex 96 27 1.8000000000000007
      vertex 96 36 1.8000000000000007
      vertex 96 36 1.6999999999999993
    endloop
  endfacet
  facet normal -1 0 0
    outer loop
      vertex 96 25.3 0
      vertex 96 51 1.7003780718336508
      vertex 96 37.13005187435622 0.40000000000000213
    endloop
  endfacet
  facet normal -1 0 0
    outer loop
      vertex 96 25.3 0
      vertex 96 40 1.6999999999999993
      vertex 96 50.99680046538684 1.700523560209426
    endloop
  endfacet
  facet normal 0 0 -1
    outer loop
      vertex 96 25.3 0
      vertex 97.5 25.8 0
      vertex 117 25.3 0
    endloop
  endfacet
  facet normal 0 -1 0
    outer loop
      vertex 96 25.3 0
      vertex 117 25.3 1.8000000000000007
      vertex 96 25.3 1.8000000000000007
    endloop
  endfacet
  facet normal 0 0 1
    outer loop
      vertex 96 25.3 1.8000000000000007
      vertex 114.3 27 1.8000000000000007
      vertex 97.81058285412303 25.840889008453118 1.8000000000000007
    endloop
  endfacet
  facet normal 0 0 1
    outer loop
      vertex 114.3 27 1.8000000000000007
      vertex 97.9592201188381 25.891344560986457 1.8000000000000007
      vertex 97.81058285412303 25.840889008453118 1.8000000000000007
    endloop
  endfacet
  facet normal 0 0 1
    outer loop
      vertex 114.3 27 1.8000000000000007
      vertex 98.1 25.960769515458672 1.8000000000000007
      vertex 97.9592201188381 25.891344560986457 1.8000000000000007
    endloop
  endfacet
  facet normal 0 0 1
    outer loop
      vertex 114.3 27 1.8000000000000007
      vertex 98.23051371481047 26.047975991650517 1.8000000000000007
      vertex 98.1 25.960769515458672 1.8000000000000007
    endloop
  endfacet
  facet normal 0 0 1
    outer loop
      vertex 114.3 27 1.8000000000000007
      vertex 98.34852813742386 26.151471862576145 1.8000000000000007
      vertex 98.23051371481047 26.047975991650517 1.8000000000000007
    endloop
  endfacet
  facet normal 0 0 1
    outer loop
      vertex 114.3 27 1.8000000000000007
      vertex 98.3 27.89108617173746 1.8000000000000007
      vertex 98.34852813742386 27.848528137423855 1.8000000000000007
    endloop
  endfacet
  facet normal 0 0 1
    outer loop
      vertex 98.3 36 1.8000000000000007
      vertex 98.3 27.89108617173746 1.8000000000000007
      vertex 114.3 27 1.8000000000000007
    endloop
  endfacet
  facet normal 0 0 -1
    outer loop
      vertex 117 25.3 0
      vertex 97.5 25.8 0
      vertex 97.65663143066406 25.81026616635143 0
    endloop
  endfacet
  facet normal 0 0 -1
    outer loop
      vertex 117 25.3 0
      vertex 97.65663143066406 25.81026616635143 0
      vertex 97.81058285412303 25.840889008453118 0
    endloop
  endfacet
  facet normal 0 0 -1
    outer loop
      vertex 117 25.3 0
      vertex 97.81058285412303 25.840889008453118 0
      vertex 97.9592201188381 25.891344560986457 0
    endloop
  endfacet
  facet normal 0 0 -1
    outer loop
      vertex 117 25.3 0
      vertex 97.9592201188381 25.891344560986457 0
      vertex 98.1 25.960769515458672 0
    endloop
  endfacet
  facet normal 0 0 -1
    outer loop
      vertex 117 25.3 0
      vertex 98.1 25.960769515458672 0
      vertex 98.23051371481047 26.047975991650517 0
    endloop
  endfacet
  facet normal 0 0 -1
    outer loop
      vertex 117 25.3 0
      vertex 98.23051371481047 26.047975991650517 0
      vertex 98.34852813742386 26.151471862576145 0
    endloop
  endfacet
  facet normal 0 0 -1
    outer loop
      vertex 117 25.3 0
      vertex 98.34852813742386 26.151471862576145 0
      vertex 98.45202400834948 26.269486285189537 0
    endloop
  endfacet
  facet normal 0 0 -1
    outer loop
      vertex 117 25.3 0
      vertex 98.45202400834948 26.269486285189537 0
      vertex 98.53923048454132 26.4 0
    endloop
  endfacet
  facet normal 0 0 -1
    outer loop
      vertex 117 25.3 0
      vertex 98.53923048454132 26.4 0
      vertex 98.60865543901355 26.540779881161892 0
    endloop
  endfacet
  facet normal 0 0 -1
    outer loop
      vertex 117 25.3 0
      vertex 98.60865543901355 26.540779881161892 0
      vertex 98.65911099154688 26.689417145876973 0
    endloop
  endfacet
  facet normal 0 0 -1
    outer loop
      vertex 117 25.3 0
      vertex 98.65911099154688 26.689417145876973 0
      vertex 98.68973383364857 26.843368569335937 0
    endloop
  endfacet
  facet normal 0 0 1
    outer loop
      vertex 114.3 27 1.8000000000000007
      vertex 98.45202400834948 26.269486285189537 1.8000000000000007
      vertex 98.34852813742386 26.151471862576145 1.8000000000000007
    endloop
  endfacet
  facet normal 0 0 1
    outer loop
      vertex 114.3 27 1.8000000000000007
      vertex 98.53923048454132 26.4 1.8000000000000007
      vertex 98.45202400834948 26.269486285189537 1.8000000000000007
    endloop
  endfacet
  facet normal 0 0 1
    outer loop
      vertex 114.3 27 1.8000000000000007
      vertex 98.60865543901355 26.540779881161892 1.8000000000000007
      vertex 98.53923048454132 26.4 1.8000000000000007
    endloop
  endfacet
  facet normal 0 0 1
    outer loop
      vertex 114.3 27 1.8000000000000007
      vertex 98.65911099154688 26.689417145876973 1.8000000000000007
      vertex 98.60865543901355 26.540779881161892 1.8000000000000007
    endloop
  endfacet
  facet normal 0 0 1
    outer loop
      vertex 114.3 27 1.8000000000000007
      vertex 98.68973383364857 26.843368569335937 1.8000000000000007
      vertex 98.65911099154688 26.689417145876973 1.8000000000000007
    endloop
  endfacet
  facet normal 0 0 1
    outer loop
      vertex 114.3 27 1.8000000000000007
      vertex 98.7 27 1.8000000000000007
      vertex 98.68973383364857 26.843368569335937 1.8000000000000007
    endloop
  endfacet
  facet normal 0 0 1
    outer loop
      vertex 114.3 27 1.8000000000000007
      vertex 98.53923048454132 27.6 1.8000000000000007
      vertex 98.60865543901355 27.459220118838108 1.8000000000000007
    endloop
  endfacet
  facet normal 0 0 1
    outer loop
      vertex 114.3 27 1.8000000000000007
      vertex 98.68973383364857 27.156631430664063 1.8000000000000007
      vertex 98.7 27 1.8000000000000007
    endloop
  endfacet
  facet normal 0 0 1
    outer loop
      vertex 114.3 27 1.8000000000000007
      vertex 98.65911099154688 27.310582854123027 1.8000000000000007
      vertex 98.68973383364857 27.156631430664063 1.8000000000000007
    endloop
  endfacet
  facet normal 0 0 1
    outer loop
      vertex 114.3 27 1.8000000000000007
      vertex 98.60865543901355 27.459220118838108 1.8000000000000007
      vertex 98.65911099154688 27.310582854123027 1.8000000000000007
    endloop
  endfacet
  facet normal 0 0 1
    outer loop
      vertex 114.3 27 1.8000000000000007
      vertex 98.34852813742386 27.848528137423855 1.8000000000000007
      vertex 98.45202400834948 27.730513714810463 1.8000000000000007
    endloop
  endfacet
  facet normal 0 0 1
    outer loop
      vertex 114.3 27 1.8000000000000007
      vertex 98.45202400834948 27.730513714810463 1.8000000000000007
      vertex 98.53923048454132 27.6 1.8000000000000007
    endloop
  endfacet
  facet normal 0 0 -1
    outer loop
      vertex 114.84336856933594 49.61026616635142 0
      vertex 98.1 28.039230484541328 0
      vertex 97.9592201188381 28.108655439013543 0
    endloop
  endfacet
  facet normal 0 0 1
    outer loop
      vertex 98.3 36 1.8000000000000007
      vertex 114.3 27 1.8000000000000007
      vertex 98.3 40 1.8000000000000007
    endloop
  endfacet
  facet normal 0 0 -1
    outer loop
      vertex 96.9 28.039230484541328 0
      vertex 96.76948628518953 27.952024008349483 0
      vertex 113.84088900845312 51.110582854123024 0
    endloop
  endfacet
  facet normal 0 0 -1
    outer loop
      vertex 97.0407798811619 28.108655439013543 0
      vertex 96.9 28.039230484541328 0
      vertex 113.81026616635143 50.95663143066406 0
    endloop
  endfacet
  facet normal 0 0 -1
    outer loop
      vertex 97.18941714587697 28.159110991546882 0
      vertex 97.0407798811619 28.108655439013543 0
      vertex 113.8 50.8 0
    endloop
  endfacet
  facet normal 0 0 -1
    outer loop
      vertex 97.18941714587697 28.159110991546882 0
      vertex 113.81026616635143 50.643368569335934 0
      vertex 97.34336856933594 28.18973383364857 0
    endloop
  endfacet
  facet normal 0 0 -1
    outer loop
      vertex 97.34336856933594 28.18973383364857 0
      vertex 113.81026616635143 50.643368569335934 0
      vertex 97.5 28.2 0
    endloop
  endfacet
  facet normal 0 0 -1
    outer loop
      vertex 97.65663143066406 28.18973383364857 0
      vertex 97.5 28.2 0
      vertex 113.81026616635143 50.643368569335934 0
    endloop
  endfacet
  facet normal 0 0 -1
    outer loop
      vertex 97.81058285412303 28.159110991546882 0
      vertex 97.65663143066406 28.18973383364857 0
      vertex 113.81026616635143 50.643368569335934 0
    endloop
  endfacet
  facet normal 0 0 -1
    outer loop
      vertex 97.9592201188381 28.108655439013543 0
      vertex 97.81058285412303 28.159110991546882 0
      vertex 113.81026616635143 50.643368569335934 0
    endloop
  endfacet
  facet normal 0 0 -1
    outer loop
      vertex 98.68973383364857 27.156631430664063 0
      vertex 115.31058285412303 49.640889008453115 0
      vertex 98.7 27 0
    endloop
  endfacet
  facet normal 0 0 -1
    outer loop
      vertex 98.7 27 0
      vertex 115.4592201188381 49.69134456098645 0
      vertex 98.68973383364857 26.843368569335937 0
    endloop
  endfacet
  facet normal 0 0 -1
    outer loop
      vertex 114.84336856933594 49.61026616635142 0
      vertex 98.45202400834948 27.730513714810463 0
      vertex 98.34852813742386 27.848528137423855 0
    endloop
  endfacet
  facet normal 0 0 -1
    outer loop
      vertex 98.53923048454132 27.6 0
      vertex 114.84336856933594 49.61026616635142 0
      vertex 98.60865543901355 27.459220118838108 0
    endloop
  endfacet
  facet normal 0 0 -1
    outer loop
      vertex 114.84336856933594 49.61026616635142 0
      vertex 98.53923048454132 27.6 0
      vertex 98.45202400834948 27.730513714810463 0
    endloop
  endfacet
  facet normal 0 0 -1
    outer loop
      vertex 114.84336856933594 49.61026616635142 0
      vertex 98.23051371481047 27.952024008349483 0
      vertex 98.1 28.039230484541328 0
    endloop
  endfacet
  facet normal 0 0 -1
    outer loop
      vertex 114.84336856933594 49.61026616635142 0
      vertex 98.34852813742386 27.848528137423855 0
      vertex 98.23051371481047 27.952024008349483 0
    endloop
  endfacet
  facet normal 0 0 -1
    outer loop
      vertex 98.60865543901355 27.459220118838108 0
      vertex 115 49.599999999999994 0
      vertex 98.65911099154688 27.310582854123027 0
    endloop
  endfacet
  facet normal 0 0 -1
    outer loop
      vertex 98.65911099154688 27.310582854123027 0
      vertex 115.15663143066406 49.61026616635142 0
      vertex 98.68973383364857 27.156631430664063 0
    endloop
  endfacet
  facet normal -1 0 0
    outer loop
      vertex 96 51 1.7003780718336508
      vertex 96 40.86994812564378 0.40000000000000213
      vertex 96 37.13005187435622 0.40000000000000213
    endloop
  endfacet
  facet normal -1 0 0
    outer loop
      vertex 96 25.3 0
      vertex 96 50.99680046538684 1.700523560209426
      vertex 96 51 1.7003780718336508
    endloop
  endfacet
  facet normal 0 0 -1
    outer loop
      vertex 96 52.5 0
      vertex 96.18236190979496 40.93185165257814 0
      vertex 96 40.86994812564378 0
    endloop
  endfacet
  facet normal 0 0 -1
    outer loop
      vertex 96 52.5 0
      vertex 96.4389476155599 40.98288972274762 0
      vertex 96.18236190979496 40.93185165257814 0
    endloop
  endfacet
  facet normal 0 0 -1
    outer loop
      vertex 96 52.5 0
      vertex 96.7 41 0
      vertex 96.4389476155599 40.98288972274762 0
    endloop
  endfacet
  facet normal 0 0 -1
    outer loop
      vertex 96 52.5 0
      vertex 96.96105238444011 40.98288972274762 0
      vertex 96.7 41 0
    endloop
  endfacet
  facet normal 0 0 -1
    outer loop
      vertex 96 52.5 0
      vertex 97.21763809020504 40.93185165257814 0
      vertex 96.96105238444011 40.98288972274762 0
    endloop
  endfacet
  facet normal 0 0 -1
    outer loop
      vertex 96 52.5 0
      vertex 97.46536686473019 40.84775906502257 0
      vertex 97.21763809020504 40.93185165257814 0
    endloop
  endfacet
  facet normal -1 0 0
    outer loop
      vertex 96 51 1.7003780718336508
      vertex 96 40.86994812564378 0
      vertex 96 40.86994812564378 0.40000000000000213
    endloop
  endfacet
  facet normal 0 0 -1
    outer loop
      vertex 96 52.5 0
      vertex 97.7 40.732050807568875 0
      vertex 97.46536686473019 40.84775906502257 0
    endloop
  endfacet
  facet normal 0 0 -1
    outer loop
      vertex 96 52.5 0
      vertex 97.91752285801745 40.58670668058247 0
      vertex 97.7 40.732050807568875 0
    endloop
  endfacet
  facet normal 0 0 -1
    outer loop
      vertex 96 52.5 0
      vertex 98.1142135623731 40.41421356237309 0
      vertex 97.91752285801745 40.58670668058247 0
    endloop
  endfacet
  facet normal 0 0 -1
    outer loop
      vertex 96 52.5 0
      vertex 98.28670668058247 40.21752285801744 0
      vertex 98.1142135623731 40.41421356237309 0
    endloop
  endfacet
  facet normal 0 0 -1
    outer loop
      vertex 96 52.5 0
      vertex 98.43205080756888 40 0
      vertex 98.28670668058247 40.21752285801744 0
    endloop
  endfacet
  facet normal -1 0 0
    outer loop
      vertex 96 40 1.6999999999999993
      vertex 96 40 1.8000000000000007
      vertex 96 50.99680046538684 1.700523560209426
    endloop
  endfacet
  facet normal -1 0 0
    outer loop
      vertex 96 52.5 0
      vertex 96 40.86994812564378 0
      vertex 96 51 1.7003780718336508
    endloop
  endfacet
  facet normal -1 0 0
    outer loop
      vertex 96 40 1.8000000000000007
      vertex 96 50.99680046538684 1.8000000000000007
      vertex 96 50.99680046538684 1.700523560209426
    endloop
  endfacet
  facet normal -1 0 0
    outer loop
      vertex 96 52.5 0
      vertex 96 51 1.7003780718336508
      vertex 96 52.5 1.8000000000000007
    endloop
  endfacet
  facet normal -1 0 0
    outer loop
      vertex 96 51 1.7003780718336508
      vertex 96 51 1.8000000000000007
      vertex 96 52.5 1.8000000000000007
    endloop
  endfacet
  facet normal 0 0 1
    outer loop
      vertex 96 51 1.8000000000000007
      vertex 98.3 51 1.8000000000000007
      vertex 96 52.5 1.8000000000000007
    endloop
  endfacet
  facet normal 0 0 -1
    outer loop
      vertex 96.76948628518953 27.952024008349483 0
      vertex 98.68288972274762 38.738947615559894 0
      vertex 113.84088900845312 51.110582854123024 0
    endloop
  endfacet
  facet normal 0 0 1
    outer loop
      vertex 98.3 40 1.8000000000000007
      vertex 114.3 27 1.8000000000000007
      vertex 98.3 51 1.8000000000000007
    endloop
  endfacet
  facet normal 0 0 -1
    outer loop
      vertex 98.63185165257813 39.51763809020504 0
      vertex 98.54775906502257 39.76536686473018 0
      vertex 113.84088900845312 51.110582854123024 0
    endloop
  endfacet
  facet normal 0 0 -1
    outer loop
      vertex 98.54775906502257 39.76536686473018 0
      vertex 98.43205080756888 40 0
      vertex 113.84088900845312 51.110582854123024 0
    endloop
  endfacet
  facet normal 0 0 -1
    outer loop
      vertex 98.68288972274762 38.738947615559894 0
      vertex 98.7 39 0
      vertex 113.84088900845312 51.110582854123024 0
    endloop
  endfacet
  facet normal 0 0 -1
    outer loop
      vertex 98.68288972274762 39.261052384440106 0
      vertex 113.84088900845312 51.110582854123024 0
      vertex 98.7 39 0
    endloop
  endfacet
  facet normal 0 0 -1
    outer loop
      vertex 98.63185165257813 39.51763809020504 0
      vertex 113.84088900845312 51.110582854123024 0
      vertex 98.68288972274762 39.261052384440106 0
    endloop
  endfacet
  facet normal 0 0 -1
    outer loop
      vertex 96 52.5 0
      vertex 113.84088900845312 51.110582854123024 0
      vertex 98.43205080756888 40 0
    endloop
  endfacet
  facet normal 0 1 0
    outer loop
      vertex 96 52.5 0
      vertex 96 52.5 1.8000000000000007
      vertex 117 52.5 0
    endloop
  endfacet
  facet normal 0 0 1
    outer loop
      vertex 96 52.5 1.8000000000000007
      vertex 98.3 51 1.8000000000000007
      vertex 113.84088900845312 51.110582854123024 1.8000000000000007
    endloop
  endfacet
  facet normal 0 -1 0
    outer loop
      vertex 96 25.3 0
      vertex 117 25.3 0
      vertex 117 25.3 1.8000000000000007
    endloop
  endfacet
  facet normal 0 0 1
    outer loop
      vertex 96 25.3 1.8000000000000007
      vertex 117 27 1.8000000000000007
      vertex 114.3 27 1.8000000000000007
    endloop
  endfacet
  facet normal 0 0 1
    outer loop
      vertex 96 25.3 1.8000000000000007
      vertex 117 25.3 1.8000000000000007
      vertex 117 27 1.8000000000000007
    endloop
  endfacet
  facet normal 0 0 1
    outer loop
      vertex 98.3 51 1.8000000000000007
      vertex 114.3 27 1.8000000000000007
      vertex 113.7 36 1.8000000000000007
    endloop
  endfacet
  facet normal 0 0 -1
    outer loop
      vertex 117 25.3 0
      vertex 98.68973383364857 26.843368569335937 0
      vertex 115.4592201188381 49.69134456098645 0
    endloop
  endfacet
  facet normal 0 0 1
    outer loop
      vertex 114.3 27 1.8000000000000007
      vertex 114.3 36 1.8000000000000007
      vertex 113.7 36 1.8000000000000007
    endloop
  endfacet
  facet normal 1 0 0
    outer loop
      vertex 117 25.3 0
      vertex 117 52.5 0
      vertex 117 25.3 1.8000000000000007
    endloop
  endfacet
  facet normal 1 0 0
    outer loop
      vertex 117 25.3 1.8000000000000007
      vertex 117 52.5 0
      vertex 117 27 1.8000000000000007
    endloop
  endfacet
  facet normal 0 0 -1
    outer loop
      vertex 97.0407798811619 28.108655439013543 0
      vertex 113.81026616635143 50.95663143066406 0
      vertex 113.8 50.8 0
    endloop
  endfacet
  facet normal 0 0 -1
    outer loop
      vertex 97.18941714587697 28.159110991546882 0
      vertex 113.8 50.8 0
      vertex 113.81026616635143 50.643368569335934 0
    endloop
  endfacet
  facet normal 0 0 -1
    outer loop
      vertex 96.9 28.039230484541328 0
      vertex 113.84088900845312 51.110582854123024 0
      vertex 113.81026616635143 50.95663143066406 0
    endloop
  endfacet
  facet normal 0 0 -1
    outer loop
      vertex 97.9592201188381 28.108655439013543 0
      vertex 113.96076951545868 50.199999999999996 0
      vertex 114.04797599165052 50.069486285189534 0
    endloop
  endfacet
  facet normal 0 0 -1
    outer loop
      vertex 97.9592201188381 28.108655439013543 0
      vertex 113.89134456098645 50.340779881161886 0
      vertex 113.96076951545868 50.199999999999996 0
    endloop
  endfacet
  facet normal 0 0 -1
    outer loop
      vertex 97.9592201188381 28.108655439013543 0
      vertex 113.84088900845312 50.48941714587697 0
      vertex 113.89134456098645 50.340779881161886 0
    endloop
  endfacet
  facet normal 0 0 -1
    outer loop
      vertex 97.9592201188381 28.108655439013543 0
      vertex 113.81026616635143 50.643368569335934 0
      vertex 113.84088900845312 50.48941714587697 0
    endloop
  endfacet
  facet normal 0 0 -1
    outer loop
      vertex 97.9592201188381 28.108655439013543 0
      vertex 114.04797599165052 50.069486285189534 0
      vertex 114.15147186257614 49.95147186257614 0
    endloop
  endfacet
  facet normal 0 0 -1
    outer loop
      vertex 97.9592201188381 28.108655439013543 0
      vertex 114.15147186257614 49.95147186257614 0
      vertex 114.26948628518953 49.847975991650515 0
    endloop
  endfacet
  facet normal 0 0 -1
    outer loop
      vertex 97.9592201188381 28.108655439013543 0
      vertex 114.26948628518953 49.847975991650515 0
      vertex 114.4 49.76076951545867 0
    endloop
  endfacet
  facet normal 0 0 -1
    outer loop
      vertex 97.9592201188381 28.108655439013543 0
      vertex 114.4 49.76076951545867 0
      vertex 114.5407798811619 49.69134456098645 0
    endloop
  endfacet
  facet normal 0 0 1
    outer loop
      vertex 98.3 51 1.8000000000000007
      vertex 113.7 36 1.8000000000000007
      vertex 113.7 40 1.8000000000000007
    endloop
  endfacet
  facet normal 0 0 -1
    outer loop
      vertex 98.60865543901355 27.459220118838108 0
      vertex 114.84336856933594 49.61026616635142 0
      vertex 115 49.599999999999994 0
    endloop
  endfacet
  facet normal 0 0 -1
    outer loop
      vertex 98.65911099154688 27.310582854123027 0
      vertex 115 49.599999999999994 0
      vertex 115.15663143066406 49.61026616635142 0
    endloop
  endfacet
  facet normal 0 0 -1
    outer loop
      vertex 98.68973383364857 27.156631430664063 0
      vertex 115.15663143066406 49.61026616635142 0
      vertex 115.31058285412303 49.640889008453115 0
    endloop
  endfacet
  facet normal 0 0 -1
    outer loop
      vertex 98.7 27 0
      vertex 115.31058285412303 49.640889008453115 0
      vertex 115.4592201188381 49.69134456098645 0
    endloop
  endfacet
  facet normal 0 0 -1
    outer loop
      vertex 97.9592201188381 28.108655439013543 0
      vertex 114.5407798811619 49.69134456098645 0
      vertex 114.68941714587697 49.640889008453115 0
    endloop
  endfacet
  facet normal 0 0 -1
    outer loop
      vertex 97.9592201188381 28.108655439013543 0
      vertex 114.68941714587697 49.640889008453115 0
      vertex 114.84336856933594 49.61026616635142 0
    endloop
  endfacet
  facet normal 0 0 1
    outer loop
      vertex 98.3 51 1.8000000000000007
      vertex 113.7 40 1.8000000000000007
      vertex 114.15147186257614 49.95147186257614 1.8000000000000007
    endloop
  endfacet
  facet normal 0 0 -1
    outer loop
      vertex 96 52.5 0
      vertex 113.89134456098645 51.25922011883811 0
      vertex 113.84088900845312 51.110582854123024 0
    endloop
  endfacet
  facet normal 0 0 -1
    outer loop
      vertex 96 52.5 0
      vertex 113.96076951545868 51.4 0
      vertex 113.89134456098645 51.25922011883811 0
    endloop
  endfacet
  facet normal 0 0 -1
    outer loop
      vertex 96 52.5 0
      vertex 114.04797599165052 51.53051371481046 0
      vertex 113.96076951545868 51.4 0
    endloop
  endfacet
  facet normal 0 0 -1
    outer loop
      vertex 96 52.5 0
      vertex 114.15147186257614 51.64852813742385 0
      vertex 114.04797599165052 51.53051371481046 0
    endloop
  endfacet
  facet normal 0 0 -1
    outer loop
      vertex 96 52.5 0
      vertex 114.26948628518953 51.75202400834948 0
      vertex 114.15147186257614 51.64852813742385 0
    endloop
  endfacet
  facet normal 0 0 -1
    outer loop
      vertex 96 52.5 0
      vertex 114.4 51.839230484541325 0
      vertex 114.26948628518953 51.75202400834948 0
    endloop
  endfacet
  facet normal 0 0 -1
    outer loop
      vertex 96 52.5 0
      vertex 114.5407798811619 51.90865543901354 0
      vertex 114.4 51.839230484541325 0
    endloop
  endfacet
  facet normal 0 0 -1
    outer loop
      vertex 96 52.5 0
      vertex 114.68941714587697 51.95911099154688 0
      vertex 114.5407798811619 51.90865543901354 0
    endloop
  endfacet
  facet normal 0 0 -1
    outer loop
      vertex 96 52.5 0
      vertex 114.84336856933594 51.98973383364857 0
      vertex 114.68941714587697 51.95911099154688 0
    endloop
  endfacet
  facet normal 0 0 -1
    outer loop
      vertex 96 52.5 0
      vertex 115 52 0
      vertex 114.84336856933594 51.98973383364857 0
    endloop
  endfacet
  facet normal 0 0 1
    outer loop
      vertex 98.3 51 1.8000000000000007
      vertex 113.89134456098645 50.340779881161886 1.8000000000000007
      vertex 113.84088900845312 50.48941714587697 1.8000000000000007
    endloop
  endfacet
  facet normal 0 0 1
    outer loop
      vertex 98.3 51 1.8000000000000007
      vertex 113.84088900845312 50.48941714587697 1.8000000000000007
      vertex 113.81026616635143 50.643368569335934 1.8000000000000007
    endloop
  endfacet
  facet normal 0 0 1
    outer loop
      vertex 98.3 51 1.8000000000000007
      vertex 114.15147186257614 49.95147186257614 1.8000000000000007
      vertex 114.04797599165052 50.069486285189534 1.8000000000000007
    endloop
  endfacet
  facet normal 0 0 1
    outer loop
      vertex 98.3 51 1.8000000000000007
      vertex 113.96076951545868 50.199999999999996 1.8000000000000007
      vertex 113.89134456098645 50.340779881161886 1.8000000000000007
    endloop
  endfacet
  facet normal 0 0 1
    outer loop
      vertex 98.3 51 1.8000000000000007
      vertex 114.04797599165052 50.069486285189534 1.8000000000000007
      vertex 113.96076951545868 50.199999999999996 1.8000000000000007
    endloop
  endfacet
  facet normal 0 0 1
    outer loop
      vertex 96 52.5 1.8000000000000007
      vertex 113.84088900845312 51.110582854123024 1.8000000000000007
      vertex 113.89134456098645 51.25922011883811 1.8000000000000007
    endloop
  endfacet
  facet normal 0 0 1
    outer loop
      vertex 96 52.5 1.8000000000000007
      vertex 113.89134456098645 51.25922011883811 1.8000000000000007
      vertex 113.96076951545868 51.4 1.8000000000000007
    endloop
  endfacet
  facet normal 0 0 1
    outer loop
      vertex 96 52.5 1.8000000000000007
      vertex 113.96076951545868 51.4 1.8000000000000007
      vertex 114.04797599165052 51.53051371481046 1.8000000000000007
    endloop
  endfacet
  facet normal 0 0 1
    outer loop
      vertex 96 52.5 1.8000000000000007
      vertex 114.04797599165052 51.53051371481046 1.8000000000000007
      vertex 114.15147186257614 51.64852813742385 1.8000000000000007
    endloop
  endfacet
  facet normal 0 0 1
    outer loop
      vertex 96 52.5 1.8000000000000007
      vertex 114.15147186257614 51.64852813742385 1.8000000000000007
      vertex 114.26948628518953 51.75202400834948 1.8000000000000007
    endloop
  endfacet
  facet normal 0 0 1
    outer loop
      vertex 96 52.5 1.8000000000000007
      vertex 114.26948628518953 51.75202400834948 1.8000000000000007
      vertex 114.4 51.839230484541325 1.8000000000000007
    endloop
  endfacet
  facet normal 0 0 1
    outer loop
      vertex 96 52.5 1.8000000000000007
      vertex 114.4 51.839230484541325 1.8000000000000007
      vertex 114.5407798811619 51.90865543901354 1.8000000000000007
    endloop
  endfacet
  facet normal 0 0 1
    outer loop
      vertex 98.3 51 1.8000000000000007
      vertex 113.81026616635143 50.643368569335934 1.8000000000000007
      vertex 113.8 50.8 1.8000000000000007
    endloop
  endfacet
  facet normal 0 0 1
    outer loop
      vertex 98.3 51 1.8000000000000007
      vertex 113.8 50.8 1.8000000000000007
      vertex 113.81026616635143 50.95663143066406 1.8000000000000007
    endloop
  endfacet
  facet normal 0 0 1
    outer loop
      vertex 98.3 51 1.8000000000000007
      vertex 113.81026616635143 50.95663143066406 1.8000000000000007
      vertex 113.84088900845312 51.110582854123024 1.8000000000000007
    endloop
  endfacet
  facet normal 0 0 1
    outer loop
      vertex 96 52.5 1.8000000000000007
      vertex 114.5407798811619 51.90865543901354 1.8000000000000007
      vertex 114.68941714587697 51.95911099154688 1.8000000000000007
    endloop
  endfacet
  facet normal 0 0 -1
    outer loop
      vertex 96 52.5 0
      vertex 117 52.5 0
      vertex 115 52 0
    endloop
  endfacet
  facet normal 0 1 0
    outer loop
      vertex 96 52.5 1.8000000000000007
      vertex 117 52.5 1.8000000000000007
      vertex 117 52.5 0
    endloop
  endfacet
  facet normal 0 0 1
    outer loop
      vertex 96 52.5 1.8000000000000007
      vertex 114.68941714587697 51.95911099154688 1.8000000000000007
      vertex 117 52.5 1.8000000000000007
    endloop
  endfacet
  facet normal 0 0 1
    outer loop
      vertex 113.7 40 1.8000000000000007
      vertex 114.3 40 1.8000000000000007
      vertex 114.3 49.8275873792506 1.8000000000000007
    endloop
  endfacet
  facet normal 0 0 -1
    outer loop
      vertex 117 25.3 0
      vertex 115.4592201188381 49.69134456098645 0
      vertex 115.6 49.76076951545867 0
    endloop
  endfacet
  facet normal 0 0 -1
    outer loop
      vertex 117 25.3 0
      vertex 115.6 49.76076951545867 0
      vertex 115.73051371481047 49.847975991650515 0
    endloop
  endfacet
  facet normal 0 0 -1
    outer loop
      vertex 117 25.3 0
      vertex 115.73051371481047 49.847975991650515 0
      vertex 115.84852813742386 49.95147186257614 0
    endloop
  endfacet
  facet normal 0 0 -1
    outer loop
      vertex 117 25.3 0
      vertex 115.84852813742386 49.95147186257614 0
      vertex 115.95202400834948 50.069486285189534 0
    endloop
  endfacet
  facet normal 0 0 -1
    outer loop
      vertex 117 25.3 0
      vertex 115.95202400834948 50.069486285189534 0
      vertex 116.03923048454132 50.199999999999996 0
    endloop
  endfacet
  facet normal 0 0 -1
    outer loop
      vertex 117 25.3 0
      vertex 116.03923048454132 50.199999999999996 0
      vertex 116.10865543901355 50.340779881161886 0
    endloop
  endfacet
  facet normal 0 0 -1
    outer loop
      vertex 117 25.3 0
      vertex 116.10865543901355 50.340779881161886 0
      vertex 116.15911099154688 50.48941714587697 0
    endloop
  endfacet
  facet normal 0 0 -1
    outer loop
      vertex 117 25.3 0
      vertex 116.15911099154688 50.48941714587697 0
      vertex 116.18973383364857 50.643368569335934 0
    endloop
  endfacet
  facet normal 0 0 -1
    outer loop
      vertex 117 25.3 0
      vertex 116.18973383364857 50.643368569335934 0
      vertex 116.2 50.8 0
    endloop
  endfacet
  facet normal 0 0 -1
    outer loop
      vertex 117 25.3 0
      vertex 116.2 50.8 0
      vertex 117 52.5 0
    endloop
  endfacet
  facet normal 1 0 0
    outer loop
      vertex 117 27 1.8000000000000007
      vertex 117 52.5 0
      vertex 117 51 1.8000000000000007
    endloop
  endfacet
  facet normal 0 0 1
    outer loop
      vertex 113.7 40 1.8000000000000007
      vertex 114.26948628518953 49.847975991650515 1.8000000000000007
      vertex 114.15147186257614 49.95147186257614 1.8000000000000007
    endloop
  endfacet
  facet normal 0 0 1
    outer loop
      vertex 113.7 40 1.8000000000000007
      vertex 114.3 49.8275873792506 1.8000000000000007
      vertex 114.26948628518953 49.847975991650515 1.8000000000000007
    endloop
  endfacet
  facet normal 0 0 -1
    outer loop
      vertex 117 52.5 0
      vertex 115.15663143066406 51.98973383364857 0
      vertex 115 52 0
    endloop
  endfacet
  facet normal 0 0 -1
    outer loop
      vertex 117 52.5 0
      vertex 115.31058285412303 51.95911099154688 0
      vertex 115.15663143066406 51.98973383364857 0
    endloop
  endfacet
  facet normal 0 0 -1
    outer loop
      vertex 117 52.5 0
      vertex 115.4592201188381 51.90865543901354 0
      vertex 115.31058285412303 51.95911099154688 0
    endloop
  endfacet
  facet normal 0 0 -1
    outer loop
      vertex 117 52.5 0
      vertex 115.73051371481047 51.75202400834948 0
      vertex 115.6 51.839230484541325 0
    endloop
  endfacet
  facet normal 0 0 -1
    outer loop
      vertex 117 52.5 0
      vertex 116.03923048454132 51.4 0
      vertex 115.95202400834948 51.53051371481046 0
    endloop
  endfacet
  facet normal 0 0 -1
    outer loop
      vertex 117 52.5 0
      vertex 115.84852813742386 51.64852813742385 0
      vertex 115.73051371481047 51.75202400834948 0
    endloop
  endfacet
  facet normal 0 0 -1
    outer loop
      vertex 117 52.5 0
      vertex 115.95202400834948 51.53051371481046 0
      vertex 115.84852813742386 51.64852813742385 0
    endloop
  endfacet
  facet normal 0 0 -1
    outer loop
      vertex 117 52.5 0
      vertex 115.6 51.839230484541325 0
      vertex 115.4592201188381 51.90865543901354 0
    endloop
  endfacet
  facet normal 0 0 -1
    outer loop
      vertex 117 52.5 0
      vertex 116.2 50.8 0
      vertex 116.18973383364857 50.95663143066406 0
    endloop
  endfacet
  facet normal 0 0 -1
    outer loop
      vertex 117 52.5 0
      vertex 116.18973383364857 50.95663143066406 0
      vertex 116.15911099154688 51.110582854123024 0
    endloop
  endfacet
  facet normal 0 0 -1
    outer loop
      vertex 117 52.5 0
      vertex 116.15911099154688 51.110582854123024 0
      vertex 116.10865543901355 51.25922011883811 0
    endloop
  endfacet
  facet normal 0 0 -1
    outer loop
      vertex 117 52.5 0
      vertex 116.10865543901355 51.25922011883811 0
      vertex 116.03923048454132 51.4 0
    endloop
  endfacet
  facet normal 1 0 0
    outer loop
      vertex 117 52.5 0
      vertex 117 52.5 1.8000000000000007
      vertex 117 51 1.8000000000000007
    endloop
  endfacet
  facet normal 0 0 1
    outer loop
      vertex 117 52.5 1.8000000000000007
      vertex 114.68941714587697 51.95911099154688 1.8000000000000007
      vertex 114.84336856933594 51.98973383364857 1.8000000000000007
    endloop
  endfacet
  facet normal 0 0 1
    outer loop
      vertex 117 52.5 1.8000000000000007
      vertex 114.84336856933594 51.98973383364857 1.8000000000000007
      vertex 115 52 1.8000000000000007
    endloop
  endfacet
  facet normal 0 0 1
    outer loop
      vertex 117 52.5 1.8000000000000007
      vertex 115 52 1.8000000000000007
      vertex 115.15663143066406 51.98973383364857 1.8000000000000007
    endloop
  endfacet
  facet normal 0 0 1
    outer loop
      vertex 117 52.5 1.8000000000000007
      vertex 115.15663143066406 51.98973383364857 1.8000000000000007
      vertex 115.31058285412303 51.95911099154688 1.8000000000000007
    endloop
  endfacet
  facet normal 0 0 1
    outer loop
      vertex 117 52.5 1.8000000000000007
      vertex 115.31058285412303 51.95911099154688 1.8000000000000007
      vertex 115.4592201188381 51.90865543901354 1.8000000000000007
    endloop
  endfacet
  facet normal 0 0 1
    outer loop
      vertex 117 52.5 1.8000000000000007
      vertex 115.6 51.839230484541325 1.8000000000000007
      vertex 115.73051371481047 51.75202400834948 1.8000000000000007
    endloop
  endfacet
  facet normal 0 0 1
    outer loop
      vertex 117 52.5 1.8000000000000007
      vertex 115.95202400834948 51.53051371481046 1.8000000000000007
      vertex 116.03923048454132 51.4 1.8000000000000007
    endloop
  endfacet
  facet normal 0 0 1
    outer loop
      vertex 117 52.5 1.8000000000000007
      vertex 115.73051371481047 51.75202400834948 1.8000000000000007
      vertex 115.84852813742386 51.64852813742385 1.8000000000000007
    endloop
  endfacet
  facet normal 0 0 1
    outer loop
      vertex 117 52.5 1.8000000000000007
      vertex 115.84852813742386 51.64852813742385 1.8000000000000007
      vertex 115.95202400834948 51.53051371481046 1.8000000000000007
    endloop
  endfacet
  facet normal 0 0 1
    outer loop
      vertex 117 52.5 1.8000000000000007
      vertex 115.4592201188381 51.90865543901354 1.8000000000000007
      vertex 115.6 51.839230484541325 1.8000000000000007
    endloop
  endfacet
  facet normal 0 0 1
    outer loop
      vertex 117 51 1.8000000000000007
      vertex 116.15911099154688 51.110582854123024 1.8000000000000007
      vertex 116.18110728885209 51 1.8000000000000007
    endloop
  endfacet
  facet normal 0 0 1
    outer loop
      vertex 117 52.5 1.8000000000000007
      vertex 116.10865543901355 51.25922011883811 1.8000000000000007
      vertex 116.15911099154688 51.110582854123024 1.8000000000000007
    endloop
  endfacet
  facet normal 0 0 1
    outer loop
      vertex 117 51 1.8000000000000007
      vertex 117 52.5 1.8000000000000007
      vertex 116.15911099154688 51.110582854123024 1.8000000000000007
    endloop
  endfacet
  facet normal 0 0 1
    outer loop
      vertex 117 52.5 1.8000000000000007
      vertex 116.03923048454132 51.4 1.8000000000000007
      vertex 116.10865543901355 51.25922011883811 1.8000000000000007
    endloop
  endfacet
  facet normal 0 -1 0
    outer loop
      vertex 96 27 1.8000000000000007
      vertex 96.3 27 1.8000000000000007
      vertex 96.3 27 2
    endloop
  endfacet
  facet normal 1 0 0
    outer loop
      vertex 98.3 36 1.8000000000000007
      vertex 98.3 27.89108617173746 2
      vertex 98.3 27.89108617173746 1.8000000000000007
    endloop
  endfacet
  facet normal 0 -1 0
    outer loop
      vertex 96 27 1.8000000000000007
      vertex 96.3 27 2
      vertex 96 27 3.5
    endloop
  endfacet
  facet normal 0 -1 0
    outer loop
      vertex 96 27 3.5
      vertex 96.3 27 2
      vertex 98.3 27 2
    endloop
  endfacet
  facet normal 0 -1 0
    outer loop
      vertex 96 27 3.5
      vertex 98.3 27 2
      vertex 98.3 27 3.5
    endloop
  endfacet
  facet normal 1 0 0
    outer loop
      vertex 98.3 27 3.5
      vertex 98.3 27 2
      vertex 98.3 27.89108617173746 2
    endloop
  endfacet
  facet normal -1 0 0
    outer loop
      vertex 96 27 1.8000000000000007
      vertex 96 27 3.5
      vertex 96 36 3.5
    endloop
  endfacet
  facet normal 0 0 1
    outer loop
      vertex 96 27 3.5
      vertex 98.3 27 3.5
      vertex 96 36 3.5
    endloop
  endfacet
  facet normal 1 0 0
    outer loop
      vertex 98.3 27 3.5
      vertex 98.3 27.89108617173746 2
      vertex 98.3 36 1.8000000000000007
    endloop
  endfacet
  facet normal -1 0 0
    outer loop
      vertex 96 27 1.8000000000000007
      vertex 96 36 3.5
      vertex 96 36 1.8000000000000007
    endloop
  endfacet
  facet normal 1 0 0
    outer loop
      vertex 98.3 27 3.5
      vertex 98.3 36 1.8000000000000007
      vertex 98.3 36 2.8249999999999993
    endloop
  endfacet
  facet normal 0 0 1
    outer loop
      vertex 98.3 27 3.5
      vertex 98.3 36 3.5
      vertex 96 36 3.5
    endloop
  endfacet
  facet normal 1 0 0
    outer loop
      vertex 98.3 27 3.5
      vertex 98.3 36 2.8249999999999993
      vertex 98.3 36 3.5
    endloop
  endfacet
  facet normal 1 0 0
    outer loop
      vertex 98.3 36 2.8249999999999993
      vertex 98.3 40 3.5
      vertex 98.3 36 3.5
    endloop
  endfacet
  facet normal 1 0 0
    outer loop
      vertex 98.3 40 1.8000000000000007
      vertex 98.3 51 1.8000000000000007
      vertex 98.3 40 2.5249999999999986
    endloop
  endfacet
  facet normal -1 0 0
    outer loop
      vertex 96 40 1.8000000000000007
      vertex 96 40 3.5
      vertex 96 51 3.5
    endloop
  endfacet
  facet normal 0 0 1
    outer loop
      vertex 96 40 3.5
      vertex 98.3 40 3.5
      vertex 96 51 3.5
    endloop
  endfacet
  facet normal 1 0 0
    outer loop
      vertex 98.3 36 2.8249999999999993
      vertex 98.3 40 2.5249999999999986
      vertex 98.3 51 3.5
    endloop
  endfacet
  facet normal 1 0 0
    outer loop
      vertex 98.3 36 2.8249999999999993
      vertex 98.3 51 3.5
      vertex 98.3 40 3.5
    endloop
  endfacet
  facet normal -1 0 0
    outer loop
      vertex 96 40 1.8000000000000007
      vertex 96 51 3.5
      vertex 96 50.99680046538684 1.8000000000000007
    endloop
  endfacet
  facet normal -1 0 0
    outer loop
      vertex 96 51 1.7003780718336508
      vertex 96 50.99680046538684 1.700523560209426
      vertex 96 50.99680046538684 1.8000000000000007
    endloop
  endfacet
  facet normal -1 0 0
    outer loop
      vertex 96 51 1.7003780718336508
      vertex 96 50.99680046538684 1.8000000000000007
      vertex 96 51 1.8000000000000007
    endloop
  endfacet
  facet normal -1 0 0
    outer loop
      vertex 96 50.99680046538684 1.8000000000000007
      vertex 96 51 3.5
      vertex 96 51 1.8000000000000007
    endloop
  endfacet
  facet normal 0 1 0
    outer loop
      vertex 96 51 1.8000000000000007
      vertex 98.3 51 3.5
      vertex 98.3 51 1.8000000000000007
    endloop
  endfacet
  facet normal 1 0 0
    outer loop
      vertex 98.3 40 2.5249999999999986
      vertex 98.3 51 1.8000000000000007
      vertex 98.3 51 3.5
    endloop
  endfacet
  facet normal 0 0 1
    outer loop
      vertex 98.3 40 3.5
      vertex 98.3 51 3.5
      vertex 96 51 3.5
    endloop
  endfacet
  facet normal 0 1 0
    outer loop
      vertex 96 51 1.8000000000000007
      vertex 96 51 3.5
      vertex 98.3 51 3.5
    endloop
  endfacet
  facet normal 0 -1 0
    outer loop
      vertex 114.3 27 1.8000000000000007
      vertex 117 27 1.8000000000000007
      vertex 114.3 27 3.5
    endloop
  endfacet
  facet normal -1 0 0
    outer loop
      vertex 114.3 27 1.8000000000000007
      vertex 114.3 27 3.5
      vertex 114.3 36 3.5
    endloop
  endfacet
  facet normal 0 -1 0
    outer loop
      vertex 117 27 1.8000000000000007
      vertex 117 27 3.5
      vertex 114.3 27 3.5
    endloop
  endfacet
  facet normal 0 0 1
    outer loop
      vertex 114.3 27 3.5
      vertex 117 27 3.5
      vertex 114.3 36 3.5
    endloop
  endfacet
  facet normal -1 0 0
    outer loop
      vertex 114.3 27 1.8000000000000007
      vertex 114.3 36 3.5
      vertex 114.3 36 1.8000000000000007
    endloop
  endfacet
  facet normal 1 0 0
    outer loop
      vertex 117 27 1.8000000000000007
      vertex 117 51 1.8000000000000007
      vertex 117 27 3.5
    endloop
  endfacet
  facet normal 0 0 1
    outer loop
      vertex 117 27 3.5
      vertex 116.3 36 3.5
      vertex 114.3 36 3.5
    endloop
  endfacet
  facet normal 0 0 1
    outer loop
      vertex 117 27 3.5
      vertex 117 51 3.5
      vertex 116.3 36 3.5
    endloop
  endfacet
  facet normal -1 0 0
    outer loop
      vertex 114.3 40 1.8000000000000007
      vertex 114.3 40 3.5
      vertex 114.3 49.8275873792506 1.8000000000000007
    endloop
  endfacet
  facet normal 0 0 1
    outer loop
      vertex 114.3 40 3.5
      vertex 116.3 40 3.5
      vertex 114.3 51 3.5
    endloop
  endfacet
  facet normal 1 0 0
    outer loop
      vertex 117 27 3.5
      vertex 117 51 1.8000000000000007
      vertex 117 51 3.5
    endloop
  endfacet
  facet normal 0 0 1
    outer loop
      vertex 116.3 36 3.5
      vertex 117 51 3.5
      vertex 116.3 40 3.5
    endloop
  endfacet
  facet normal 0 1 0
    outer loop
      vertex 117 51 1.8000000000000007
      vertex 116.18110728885209 51 1.8000000000000007
      vertex 116.18110728885209 51 2
    endloop
  endfacet
  facet normal -1 0 0
    outer loop
      vertex 114.3 40 3.5
      vertex 114.3 49.8275873792506 2
      vertex 114.3 49.8275873792506 1.8000000000000007
    endloop
  endfacet
  facet normal -1 0 0
    outer loop
      vertex 114.3 40 3.5
      vertex 114.3 51 3.5
      vertex 114.3 49.8275873792506 2
    endloop
  endfacet
  facet normal -1 0 0
    outer loop
      vertex 114.3 51 3.5
      vertex 114.3 51 2
      vertex 114.3 49.8275873792506 2
    endloop
  endfacet
  facet normal 0 0 1
    outer loop
      vertex 116.3 40 3.5
      vertex 117 51 3.5
      vertex 114.3 51 3.5
    endloop
  endfacet
  facet normal 0 1 0
    outer loop
      vertex 114.3 51 3.5
      vertex 117 51 3.5
      vertex 114.3 51 2
    endloop
  endfacet
  facet normal 0 1 0
    outer loop
      vertex 117 51 3.5
      vertex 116.18110728885209 51 2
      vertex 114.3 51 2
    endloop
  endfacet
  facet normal 0 1 0
    outer loop
      vertex 117 51 1.8000000000000007
      vertex 116.18110728885209 51 2
      vertex 117 51 3.5
    endloop
  endfacet
  facet normal 0.9469301294951082 0.3214394653031542 0
    outer loop
      vertex 96.34088900845312 26.689417145876973 1.8000000000000007
      vertex 96.39134456098645 26.540779881161892 0
      vertex 96.34088900845312 26.689417145876973 0
    endloop
  endfacet
  facet normal 0.980785280403228 0.19509032201614016 0
    outer loop
      vertex 96.31026616635143 26.843368569335937 1.8000000000000007
      vertex 96.34088900845312 26.689417145876973 0
      vertex 96.31026616635143 26.843368569335937 0
    endloop
  endfacet
  facet normal 0.9978589232386033 0.06540312923014742 0
    outer loop
      vertex 96.3 27 1.8000000000000007
      vertex 96.31026616635143 26.843368569335937 0
      vertex 96.3 27 0
    endloop
  endfacet
  facet normal 0.6593458151001 0.75183980747895 0
    outer loop
      vertex 96.76948628518953 26.047975991650517 0
      vertex 96.65147186257614 26.151471862576145 0
      vertex 96.65147186257614 26.151471862576145 1.8000000000000007
    endloop
  endfacet
  facet normal 0.5555702330195729 0.8314696123025648 0
    outer loop
      vertex 96.76948628518953 26.047975991650517 1.8000000000000007
      vertex 96.9 25.960769515458672 0
      vertex 96.76948628518953 26.047975991650517 0
    endloop
  endfacet
  facet normal 0.442288690218991 0.8968727415326934 0
    outer loop
      vertex 96.9 25.960769515458672 1.8000000000000007
      vertex 97.0407798811619 25.891344560986457 0
      vertex 96.9 25.960769515458672 0
    endloop
  endfacet
  facet normal 0.8314696123025578 0.5555702330195834 0
    outer loop
      vertex 96.46076951545868 26.4 1.8000000000000007
      vertex 96.54797599165052 26.269486285189537 0
      vertex 96.46076951545868 26.4 0
    endloop
  endfacet
  facet normal 0.8968727415326708 0.4422886902190366 0
    outer loop
      vertex 96.39134456098645 26.540779881161892 1.8000000000000007
      vertex 96.46076951545868 26.4 0
      vertex 96.39134456098645 26.540779881161892 0
    endloop
  endfacet
  facet normal 0.7518398074789696 0.6593458151000776 0
    outer loop
      vertex 96.54797599165052 26.269486285189537 1.8000000000000007
      vertex 96.65147186257614 26.151471862576145 0
      vertex 96.54797599165052 26.269486285189537 0
    endloop
  endfacet
  facet normal 0.980785280403228 0.19509032201614016 0
    outer loop
      vertex 96.31026616635143 26.843368569335937 1.8000000000000007
      vertex 96.34088900845312 26.689417145876973 1.8000000000000007
      vertex 96.34088900845312 26.689417145876973 0
    endloop
  endfacet
  facet normal 0.9978589232386033 0.06540312923014742 0
    outer loop
      vertex 96.3 27 1.8000000000000007
      vertex 96.31026616635143 26.843368569335937 1.8000000000000007
      vertex 96.31026616635143 26.843368569335937 0
    endloop
  endfacet
  facet normal 0.6593458151001 0.75183980747895 0
    outer loop
      vertex 96.76948628518953 26.047975991650517 1.8000000000000007
      vertex 96.76948628518953 26.047975991650517 0
      vertex 96.65147186257614 26.151471862576145 1.8000000000000007
    endloop
  endfacet
  facet normal 0.5555702330195729 0.8314696123025648 0
    outer loop
      vertex 96.76948628518953 26.047975991650517 1.8000000000000007
      vertex 96.9 25.960769515458672 1.8000000000000007
      vertex 96.9 25.960769515458672 0
    endloop
  endfacet
  facet normal 0.442288690218991 0.8968727415326934 0
    outer loop
      vertex 97.0407798811619 25.891344560986457 1.8000000000000007
      vertex 97.0407798811619 25.891344560986457 0
      vertex 96.9 25.960769515458672 1.8000000000000007
    endloop
  endfacet
  facet normal 0.8314696123025578 0.5555702330195834 0
    outer loop
      vertex 96.46076951545868 26.4 1.8000000000000007
      vertex 96.54797599165052 26.269486285189537 1.8000000000000007
      vertex 96.54797599165052 26.269486285189537 0
    endloop
  endfacet
  facet normal 0.8968727415326708 0.4422886902190366 0
    outer loop
      vertex 96.39134456098645 26.540779881161892 1.8000000000000007
      vertex 96.46076951545868 26.4 1.8000000000000007
      vertex 96.46076951545868 26.4 0
    endloop
  endfacet
  facet normal 0.7518398074789696 0.6593458151000776 0
    outer loop
      vertex 96.54797599165052 26.269486285189537 1.8000000000000007
      vertex 96.65147186257614 26.151471862576145 1.8000000000000007
      vertex 96.65147186257614 26.151471862576145 0
    endloop
  endfacet
  facet normal 0.9469301294951082 0.3214394653031542 0
    outer loop
      vertex 96.34088900845312 26.689417145876973 1.8000000000000007
      vertex 96.39134456098645 26.540779881161892 1.8000000000000007
      vertex 96.39134456098645 26.540779881161892 0
    endloop
  endfacet
  facet normal 0.9978589232386033 -0.06540312923014742 0
    outer loop
      vertex 96.31026616635143 27.156631430664063 2
      vertex 96.3 27 0
      vertex 96.31026616635143 27.156631430664063 0
    endloop
  endfacet
  facet normal 0.9807852804032281 -0.19509032201614018 0
    outer loop
      vertex 96.34088900845312 27.310582854123027 2
      vertex 96.31026616635143 27.156631430664063 0
      vertex 96.34088900845312 27.310582854123027 0
    endloop
  endfacet
  facet normal 0.9469301294951082 -0.3214394653031542 0
    outer loop
      vertex 96.39134456098645 27.459220118838108 2
      vertex 96.34088900845312 27.310582854123027 0
      vertex 96.39134456098645 27.459220118838108 0
    endloop
  endfacet
  facet normal 0.8968727415326709 -0.44228869021903655 0
    outer loop
      vertex 96.46076951545868 27.6 2
      vertex 96.39134456098645 27.459220118838108 0
      vertex 96.46076951545868 27.6 0
    endloop
  endfacet
  facet normal 0.8314696123025578 -0.5555702330195834 0
    outer loop
      vertex 96.54797599165052 27.730513714810463 2
      vertex 96.46076951545868 27.6 0
      vertex 96.54797599165052 27.730513714810463 0
    endloop
  endfacet
  facet normal 0.7518398074789697 -0.6593458151000777 0
    outer loop
      vertex 96.65147186257614 27.848528137423855 2
      vertex 96.54797599165052 27.730513714810463 0
      vertex 96.65147186257614 27.848528137423855 0
    endloop
  endfacet
  facet normal 0.6593458151001 -0.75183980747895 0
    outer loop
      vertex 96.76948628518953 27.952024008349483 2
      vertex 96.65147186257614 27.848528137423855 0
      vertex 96.76948628518953 27.952024008349483 0
    endloop
  endfacet
  facet normal 0.5555702330195729 -0.8314696123025648 0
    outer loop
      vertex 96.9 28.039230484541328 2
      vertex 96.76948628518953 27.952024008349483 0
      vertex 96.9 28.039230484541328 0
    endloop
  endfacet
  facet normal 0.442288690218991 -0.8968727415326935 0
    outer loop
      vertex 97.0407798811619 28.108655439013543 2
      vertex 96.9 28.039230484541328 0
      vertex 97.0407798811619 28.108655439013543 0
    endloop
  endfacet
  facet normal 0.32143946530318146 0.946930129495099 0
    outer loop
      vertex 97.0407798811619 25.891344560986457 1.8000000000000007
      vertex 97.18941714587697 25.840889008453118 0
      vertex 97.0407798811619 25.891344560986457 0
    endloop
  endfacet
  facet normal 0.1950903220161184 0.9807852804032324 0
    outer loop
      vertex 97.18941714587697 25.840889008453118 1.8000000000000007
      vertex 97.34336856933594 25.81026616635143 0
      vertex 97.18941714587697 25.840889008453118 0
    endloop
  endfacet
  facet normal 0.06540312923014742 0.9978589232386033 0
    outer loop
      vertex 97.34336856933594 25.81026616635143 1.8000000000000007
      vertex 97.5 25.8 0
      vertex 97.34336856933594 25.81026616635143 0
    endloop
  endfacet
  facet normal -0.06540312923014742 0.9978589232386033 0
    outer loop
      vertex 97.5 25.8 1.8000000000000007
      vertex 97.65663143066406 25.81026616635143 0
      vertex 97.5 25.8 0
    endloop
  endfacet
  facet normal -0.1950903220161184 0.9807852804032324 0
    outer loop
      vertex 97.65663143066406 25.81026616635143 1.8000000000000007
      vertex 97.81058285412303 25.840889008453118 0
      vertex 97.65663143066406 25.81026616635143 0
    endloop
  endfacet
  facet normal -0.32143946530318146 0.946930129495099 0
    outer loop
      vertex 97.81058285412303 25.840889008453118 1.8000000000000007
      vertex 97.9592201188381 25.891344560986457 0
      vertex 97.81058285412303 25.840889008453118 0
    endloop
  endfacet
  facet normal -0.442288690218991 0.8968727415326934 0
    outer loop
      vertex 97.9592201188381 25.891344560986457 1.8000000000000007
      vertex 98.1 25.960769515458672 0
      vertex 97.9592201188381 25.891344560986457 0
    endloop
  endfacet
  facet normal -0.5555702330195729 0.8314696123025648 0
    outer loop
      vertex 98.1 25.960769515458672 1.8000000000000007
      vertex 98.23051371481047 26.047975991650517 0
      vertex 98.1 25.960769515458672 0
    endloop
  endfacet
  facet normal -0.6593458151001 0.75183980747895 0
    outer loop
      vertex 98.23051371481047 26.047975991650517 1.8000000000000007
      vertex 98.34852813742386 26.151471862576145 0
      vertex 98.23051371481047 26.047975991650517 0
    endloop
  endfacet
  facet normal 0.32143946530318146 0.946930129495099 0
    outer loop
      vertex 97.18941714587697 25.840889008453118 1.8000000000000007
      vertex 97.18941714587697 25.840889008453118 0
      vertex 97.0407798811619 25.891344560986457 1.8000000000000007
    endloop
  endfacet
  facet normal 0.1950903220161184 0.9807852804032324 0
    outer loop
      vertex 97.34336856933594 25.81026616635143 1.8000000000000007
      vertex 97.34336856933594 25.81026616635143 0
      vertex 97.18941714587697 25.840889008453118 1.8000000000000007
    endloop
  endfacet
  facet normal 0.06540312923014742 0.9978589232386033 0
    outer loop
      vertex 97.5 25.8 1.8000000000000007
      vertex 97.5 25.8 0
      vertex 97.34336856933594 25.81026616635143 1.8000000000000007
    endloop
  endfacet
  facet normal -0.06540312923014742 0.9978589232386033 0
    outer loop
      vertex 97.65663143066406 25.81026616635143 1.8000000000000007
      vertex 97.65663143066406 25.81026616635143 0
      vertex 97.5 25.8 1.8000000000000007
    endloop
  endfacet
  facet normal -0.1950903220161184 0.9807852804032324 0
    outer loop
      vertex 97.81058285412303 25.840889008453118 1.8000000000000007
      vertex 97.81058285412303 25.840889008453118 0
      vertex 97.65663143066406 25.81026616635143 1.8000000000000007
    endloop
  endfacet
  facet normal -0.32143946530318146 0.946930129495099 0
    outer loop
      vertex 97.9592201188381 25.891344560986457 1.8000000000000007
      vertex 97.9592201188381 25.891344560986457 0
      vertex 97.81058285412303 25.840889008453118 1.8000000000000007
    endloop
  endfacet
  facet normal -0.442288690218991 0.8968727415326934 0
    outer loop
      vertex 98.1 25.960769515458672 1.8000000000000007
      vertex 98.1 25.960769515458672 0
      vertex 97.9592201188381 25.891344560986457 1.8000000000000007
    endloop
  endfacet
  facet normal -0.5555702330195729 0.8314696123025648 0
    outer loop
      vertex 98.23051371481047 26.047975991650517 1.8000000000000007
      vertex 98.23051371481047 26.047975991650517 0
      vertex 98.1 25.960769515458672 1.8000000000000007
    endloop
  endfacet
  facet normal -0.6593458151001 0.75183980747895 0
    outer loop
      vertex 98.34852813742386 26.151471862576145 1.8000000000000007
      vertex 98.34852813742386 26.151471862576145 0
      vertex 98.23051371481047 26.047975991650517 1.8000000000000007
    endloop
  endfacet
  facet normal -0.6593458151001 -0.75183980747895 0
    outer loop
      vertex 98.34852813742386 27.848528137423855 1.8000000000000007
      vertex 98.23051371481047 27.952024008349483 0
      vertex 98.34852813742386 27.848528137423855 0
    endloop
  endfacet
  facet normal 0.3214394653031814 -0.9469301294950989 0
    outer loop
      vertex 97.18941714587697 28.159110991546882 2
      vertex 97.0407798811619 28.108655439013543 0
      vertex 97.18941714587697 28.159110991546882 0
    endloop
  endfacet
  facet normal 0.1950903220161184 -0.9807852804032324 0
    outer loop
      vertex 97.34336856933594 28.18973383364857 2
      vertex 97.18941714587697 28.159110991546882 0
      vertex 97.34336856933594 28.18973383364857 0
    endloop
  endfacet
  facet normal 0.06540312923014742 -0.9978589232386033 0
    outer loop
      vertex 97.5 28.2 2
      vertex 97.34336856933594 28.18973383364857 0
      vertex 97.5 28.2 0
    endloop
  endfacet
  facet normal -0.06540312923014742 -0.9978589232386033 0
    outer loop
      vertex 97.65663143066406 28.18973383364857 2
      vertex 97.5 28.2 0
      vertex 97.65663143066406 28.18973383364857 0
    endloop
  endfacet
  facet normal -0.1950903220161184 -0.9807852804032324 0
    outer loop
      vertex 97.81058285412303 28.159110991546882 2
      vertex 97.65663143066406 28.18973383364857 0
      vertex 97.81058285412303 28.159110991546882 0
    endloop
  endfacet
  facet normal -0.3214394653031814 -0.9469301294950989 0
    outer loop
      vertex 97.9592201188381 28.108655439013543 2
      vertex 97.81058285412303 28.159110991546882 0
      vertex 97.9592201188381 28.108655439013543 0
    endloop
  endfacet
  facet normal -0.442288690218991 -0.8968727415326935 0
    outer loop
      vertex 98.1 28.039230484541328 2
      vertex 97.9592201188381 28.108655439013543 0
      vertex 98.1 28.039230484541328 0
    endloop
  endfacet
  facet normal -0.5555702330195729 -0.8314696123025648 0
    outer loop
      vertex 98.23051371481047 27.952024008349483 2
      vertex 98.1 28.039230484541328 0
      vertex 98.23051371481047 27.952024008349483 0
    endloop
  endfacet
  facet normal -0.6593458151000905 -0.7518398074789585 -1.1235591700750012e-15
    outer loop
      vertex 98.3 27.89108617173746 1.8000000000000007
      vertex 98.23051371481047 27.952024008349483 0
      vertex 98.34852813742386 27.848528137423855 1.8000000000000007
    endloop
  endfacet
  facet normal 0.9978589232386033 -0.06540312923014742 0
    outer loop
      vertex 96.31026616635143 27.156631430664063 2
      vertex 96.3 27 1.8000000000000007
      vertex 96.3 27 0
    endloop
  endfacet
  facet normal 0.9807852804032281 -0.19509032201614018 0
    outer loop
      vertex 96.31026616635143 27.156631430664063 2
      vertex 96.31026616635143 27.156631430664063 0
      vertex 96.34088900845312 27.310582854123027 2
    endloop
  endfacet
  facet normal 0.9469301294951082 -0.3214394653031542 0
    outer loop
      vertex 96.34088900845312 27.310582854123027 2
      vertex 96.34088900845312 27.310582854123027 0
      vertex 96.39134456098645 27.459220118838108 2
    endloop
  endfacet
  facet normal 0.8968727415326709 -0.44228869021903655 0
    outer loop
      vertex 96.39134456098645 27.459220118838108 2
      vertex 96.39134456098645 27.459220118838108 0
      vertex 96.46076951545868 27.6 2
    endloop
  endfacet
  facet normal 0.8314696123025578 -0.5555702330195834 0
    outer loop
      vertex 96.46076951545868 27.6 2
      vertex 96.46076951545868 27.6 0
      vertex 96.54797599165052 27.730513714810463 2
    endloop
  endfacet
  facet normal 0.7518398074789697 -0.6593458151000777 0
    outer loop
      vertex 96.54797599165052 27.730513714810463 2
      vertex 96.54797599165052 27.730513714810463 0
      vertex 96.65147186257614 27.848528137423855 2
    endloop
  endfacet
  facet normal 0.6593458151001 -0.75183980747895 0
    outer loop
      vertex 96.65147186257614 27.848528137423855 2
      vertex 96.65147186257614 27.848528137423855 0
      vertex 96.76948628518953 27.952024008349483 2
    endloop
  endfacet
  facet normal 0.5555702330195729 -0.8314696123025648 0
    outer loop
      vertex 96.76948628518953 27.952024008349483 2
      vertex 96.76948628518953 27.952024008349483 0
      vertex 96.9 28.039230484541328 2
    endloop
  endfacet
  facet normal 0.442288690218991 -0.8968727415326935 0
    outer loop
      vertex 96.9 28.039230484541328 2
      vertex 96.9 28.039230484541328 0
      vertex 97.0407798811619 28.108655439013543 2
    endloop
  endfacet
  facet normal 0.9978589232386033 -0.06540312923014742 0
    outer loop
      vertex 96.31026616635143 27.156631430664063 2
      vertex 96.3 27 2
      vertex 96.3 27 1.8000000000000007
    endloop
  endfacet
  facet normal 0 0 -1
    outer loop
      vertex 96.31026616635143 27.156631430664063 2
      vertex 98.3 27 2
      vertex 96.3 27 2
    endloop
  endfacet
  facet normal 0 0 -1
    outer loop
      vertex 96.31026616635143 27.156631430664063 2
      vertex 96.34088900845312 27.310582854123027 2
      vertex 98.3 27 2
    endloop
  endfacet
  facet normal 0 0 -1
    outer loop
      vertex 96.34088900845312 27.310582854123027 2
      vertex 96.39134456098645 27.459220118838108 2
      vertex 98.3 27 2
    endloop
  endfacet
  facet normal 0.3214394653031814 -0.9469301294950989 0
    outer loop
      vertex 97.0407798811619 28.108655439013543 2
      vertex 97.0407798811619 28.108655439013543 0
      vertex 97.18941714587697 28.159110991546882 2
    endloop
  endfacet
  facet normal 0.1950903220161184 -0.9807852804032324 0
    outer loop
      vertex 97.18941714587697 28.159110991546882 2
      vertex 97.18941714587697 28.159110991546882 0
      vertex 97.34336856933594 28.18973383364857 2
    endloop
  endfacet
  facet normal 0.06540312923014742 -0.9978589232386033 0
    outer loop
      vertex 97.34336856933594 28.18973383364857 2
      vertex 97.34336856933594 28.18973383364857 0
      vertex 97.5 28.2 2
    endloop
  endfacet
  facet normal -0.06540312923014742 -0.9978589232386033 0
    outer loop
      vertex 97.5 28.2 2
      vertex 97.5 28.2 0
      vertex 97.65663143066406 28.18973383364857 2
    endloop
  endfacet
  facet normal -0.1950903220161184 -0.9807852804032324 0
    outer loop
      vertex 97.65663143066406 28.18973383364857 2
      vertex 97.65663143066406 28.18973383364857 0
      vertex 97.81058285412303 28.159110991546882 2
    endloop
  endfacet
  facet normal -0.3214394653031814 -0.9469301294950989 0
    outer loop
      vertex 97.81058285412303 28.159110991546882 2
      vertex 97.81058285412303 28.159110991546882 0
      vertex 97.9592201188381 28.108655439013543 2
    endloop
  endfacet
  facet normal -0.442288690218991 -0.8968727415326935 0
    outer loop
      vertex 97.9592201188381 28.108655439013543 2
      vertex 97.9592201188381 28.108655439013543 0
      vertex 98.1 28.039230484541328 2
    endloop
  endfacet
  facet normal -0.5555702330195729 -0.8314696123025648 0
    outer loop
      vertex 98.1 28.039230484541328 2
      vertex 98.1 28.039230484541328 0
      vertex 98.23051371481047 27.952024008349483 2
    endloop
  endfacet
  facet normal -0.6593458151001068 -0.7518398074789441 0
    outer loop
      vertex 98.23051371481047 27.952024008349483 2
      vertex 98.23051371481047 27.952024008349483 0
      vertex 98.3 27.89108617173746 1.8000000000000007
    endloop
  endfacet
  facet normal 0 0 -1
    outer loop
      vertex 96.39134456098645 27.459220118838108 2
      vertex 96.46076951545868 27.6 2
      vertex 98.3 27 2
    endloop
  endfacet
  facet normal 0 0 -1
    outer loop
      vertex 96.46076951545868 27.6 2
      vertex 96.54797599165052 27.730513714810463 2
      vertex 98.3 27 2
    endloop
  endfacet
  facet normal 0 0 -1
    outer loop
      vertex 96.54797599165052 27.730513714810463 2
      vertex 96.65147186257614 27.848528137423855 2
      vertex 98.3 27 2
    endloop
  endfacet
  facet normal 0 0 -1
    outer loop
      vertex 96.65147186257614 27.848528137423855 2
      vertex 96.76948628518953 27.952024008349483 2
      vertex 98.3 27 2
    endloop
  endfacet
  facet normal 0 0 -1
    outer loop
      vertex 96.76948628518953 27.952024008349483 2
      vertex 96.9 28.039230484541328 2
      vertex 98.3 27 2
    endloop
  endfacet
  facet normal 0 0 -1
    outer loop
      vertex 96.9 28.039230484541328 2
      vertex 97.0407798811619 28.108655439013543 2
      vertex 98.3 27 2
    endloop
  endfacet
  facet normal 0 0 -1
    outer loop
      vertex 97.0407798811619 28.108655439013543 2
      vertex 97.18941714587697 28.159110991546882 2
      vertex 98.3 27 2
    endloop
  endfacet
  facet normal 0 0 -1
    outer loop
      vertex 97.18941714587697 28.159110991546882 2
      vertex 97.34336856933594 28.18973383364857 2
      vertex 98.3 27 2
    endloop
  endfacet
  facet normal 0 0 -1
    outer loop
      vertex 97.34336856933594 28.18973383364857 2
      vertex 97.5 28.2 2
      vertex 98.3 27 2
    endloop
  endfacet
  facet normal 0 0 -1
    outer loop
      vertex 97.5 28.2 2
      vertex 97.65663143066406 28.18973383364857 2
      vertex 98.3 27 2
    endloop
  endfacet
  facet normal 0 0 -1
    outer loop
      vertex 97.65663143066406 28.18973383364857 2
      vertex 97.81058285412303 28.159110991546882 2
      vertex 98.3 27 2
    endloop
  endfacet
  facet normal 0 0 -1
    outer loop
      vertex 97.81058285412303 28.159110991546882 2
      vertex 97.9592201188381 28.108655439013543 2
      vertex 98.3 27 2
    endloop
  endfacet
  facet normal 0 0 -1
    outer loop
      vertex 97.9592201188381 28.108655439013543 2
      vertex 98.1 28.039230484541328 2
      vertex 98.3 27 2
    endloop
  endfacet
  facet normal 0 0 -1
    outer loop
      vertex 98.23051371481047 27.952024008349483 2
      vertex 98.3 27.89108617173746 2
      vertex 98.3 27 2
    endloop
  endfacet
  facet normal 0 0 -1
    outer loop
      vertex 98.1 28.039230484541328 2
      vertex 98.23051371481047 27.952024008349483 2
      vertex 98.3 27 2
    endloop
  endfacet
  facet normal -0.6593458151001068 -0.7518398074789441 0
    outer loop
      vertex 98.23051371481047 27.952024008349483 2
      vertex 98.3 27.89108617173746 1.8000000000000007
      vertex 98.3 27.89108617173746 2
    endloop
  endfacet
  facet normal -0.7518398074789696 0.6593458151000776 0
    outer loop
      vertex 98.34852813742386 26.151471862576145 0
      vertex 98.34852813742386 26.151471862576145 1.8000000000000007
      vertex 98.45202400834948 26.269486285189537 0
    endloop
  endfacet
  facet normal -0.8314696123025578 0.5555702330195834 0
    outer loop
      vertex 98.45202400834948 26.269486285189537 1.8000000000000007
      vertex 98.53923048454132 26.4 0
      vertex 98.45202400834948 26.269486285189537 0
    endloop
  endfacet
  facet normal -0.8968727415326708 0.4422886902190366 0
    outer loop
      vertex 98.53923048454132 26.4 1.8000000000000007
      vertex 98.60865543901355 26.540779881161892 0
      vertex 98.53923048454132 26.4 0
    endloop
  endfacet
  facet normal -0.9469301294951082 0.3214394653031542 0
    outer loop
      vertex 98.60865543901355 26.540779881161892 1.8000000000000007
      vertex 98.65911099154688 26.689417145876973 0
      vertex 98.60865543901355 26.540779881161892 0
    endloop
  endfacet
  facet normal -0.980785280403228 0.19509032201614016 0
    outer loop
      vertex 98.65911099154688 26.689417145876973 1.8000000000000007
      vertex 98.68973383364857 26.843368569335937 0
      vertex 98.65911099154688 26.689417145876973 0
    endloop
  endfacet
  facet normal -0.9978589232386033 0.06540312923014742 0
    outer loop
      vertex 98.68973383364857 26.843368569335937 1.8000000000000007
      vertex 98.7 27 0
      vertex 98.68973383364857 26.843368569335937 0
    endloop
  endfacet
  facet normal -0.7518398074789696 0.6593458151000776 0
    outer loop
      vertex 98.34852813742386 26.151471862576145 1.8000000000000007
      vertex 98.45202400834948 26.269486285189537 1.8000000000000007
      vertex 98.45202400834948 26.269486285189537 0
    endloop
  endfacet
  facet normal -0.8314696123025578 0.5555702330195834 0
    outer loop
      vertex 98.45202400834948 26.269486285189537 1.8000000000000007
      vertex 98.53923048454132 26.4 1.8000000000000007
      vertex 98.53923048454132 26.4 0
    endloop
  endfacet
  facet normal -0.8968727415326708 0.4422886902190366 0
    outer loop
      vertex 98.53923048454132 26.4 1.8000000000000007
      vertex 98.60865543901355 26.540779881161892 1.8000000000000007
      vertex 98.60865543901355 26.540779881161892 0
    endloop
  endfacet
  facet normal -0.9469301294951082 0.3214394653031542 0
    outer loop
      vertex 98.60865543901355 26.540779881161892 1.8000000000000007
      vertex 98.65911099154688 26.689417145876973 1.8000000000000007
      vertex 98.65911099154688 26.689417145876973 0
    endloop
  endfacet
  facet normal -0.980785280403228 0.19509032201614016 0
    outer loop
      vertex 98.65911099154688 26.689417145876973 1.8000000000000007
      vertex 98.68973383364857 26.843368569335937 1.8000000000000007
      vertex 98.68973383364857 26.843368569335937 0
    endloop
  endfacet
  facet normal -0.9978589232386033 0.06540312923014742 0
    outer loop
      vertex 98.68973383364857 26.843368569335937 1.8000000000000007
      vertex 98.7 27 1.8000000000000007
      vertex 98.7 27 0
    endloop
  endfacet
  facet normal -0.980785280403228 -0.19509032201614016 0
    outer loop
      vertex 98.68973383364857 27.156631430664063 1.8000000000000007
      vertex 98.65911099154688 27.310582854123027 0
      vertex 98.68973383364857 27.156631430664063 0
    endloop
  endfacet
  facet normal -0.9469301294951082 -0.3214394653031542 0
    outer loop
      vertex 98.65911099154688 27.310582854123027 1.8000000000000007
      vertex 98.60865543901355 27.459220118838108 0
      vertex 98.65911099154688 27.310582854123027 0
    endloop
  endfacet
  facet normal -0.7518398074789696 -0.6593458151000776 0
    outer loop
      vertex 98.45202400834948 27.730513714810463 1.8000000000000007
      vertex 98.34852813742386 27.848528137423855 0
      vertex 98.45202400834948 27.730513714810463 0
    endloop
  endfacet
  facet normal -0.8314696123025578 -0.5555702330195834 0
    outer loop
      vertex 98.53923048454132 27.6 1.8000000000000007
      vertex 98.45202400834948 27.730513714810463 0
      vertex 98.53923048454132 27.6 0
    endloop
  endfacet
  facet normal -0.8968727415326708 -0.4422886902190366 0
    outer loop
      vertex 98.60865543901355 27.459220118838108 1.8000000000000007
      vertex 98.53923048454132 27.6 0
      vertex 98.60865543901355 27.459220118838108 0
    endloop
  endfacet
  facet normal -0.9978589232386033 -0.06540312923014742 0
    outer loop
      vertex 98.7 27 1.8000000000000007
      vertex 98.68973383364857 27.156631430664063 0
      vertex 98.7 27 0
    endloop
  endfacet
  facet normal -0.9978589232386033 -0.06540312923014742 0
    outer loop
      vertex 98.7 27 1.8000000000000007
      vertex 98.68973383364857 27.156631430664063 1.8000000000000007
      vertex 98.68973383364857 27.156631430664063 0
    endloop
  endfacet
  facet normal -0.980785280403228 -0.19509032201614016 0
    outer loop
      vertex 98.68973383364857 27.156631430664063 1.8000000000000007
      vertex 98.65911099154688 27.310582854123027 1.8000000000000007
      vertex 98.65911099154688 27.310582854123027 0
    endloop
  endfacet
  facet normal -0.9469301294951082 -0.3214394653031542 0
    outer loop
      vertex 98.65911099154688 27.310582854123027 1.8000000000000007
      vertex 98.60865543901355 27.459220118838108 1.8000000000000007
      vertex 98.60865543901355 27.459220118838108 0
    endloop
  endfacet
  facet normal -0.7518398074789696 -0.6593458151000776 0
    outer loop
      vertex 98.45202400834948 27.730513714810463 1.8000000000000007
      vertex 98.34852813742386 27.848528137423855 1.8000000000000007
      vertex 98.34852813742386 27.848528137423855 0
    endloop
  endfacet
  facet normal -0.8314696123025578 -0.5555702330195834 0
    outer loop
      vertex 98.53923048454132 27.6 1.8000000000000007
      vertex 98.45202400834948 27.730513714810463 1.8000000000000007
      vertex 98.45202400834948 27.730513714810463 0
    endloop
  endfacet
  facet normal -0.8968727415326708 -0.4422886902190366 0
    outer loop
      vertex 98.60865543901355 27.459220118838108 1.8000000000000007
      vertex 98.53923048454132 27.6 1.8000000000000007
      vertex 98.53923048454132 27.6 0
    endloop
  endfacet
  facet normal 0.6593458151001 0.75183980747895 0
    outer loop
      vertex 114.15147186257614 49.95147186257614 0
      vertex 114.15147186257614 49.95147186257614 1.8000000000000007
      vertex 114.26948628518953 49.847975991650515 0
    endloop
  endfacet
  facet normal 0.5555702330195729 0.8314696123025648 0
    outer loop
      vertex 114.26948628518953 49.847975991650515 0
      vertex 114.26948628518953 49.847975991650515 1.8000000000000007
      vertex 114.4 49.76076951545867 0
    endloop
  endfacet
  facet normal 0.8314696123025578 0.5555702330195834 0
    outer loop
      vertex 114.04797599165052 50.069486285189534 0
      vertex 113.96076951545868 50.199999999999996 0
      vertex 113.96076951545868 50.199999999999996 1.8000000000000007
    endloop
  endfacet
  facet normal 0.8968727415326664 0.44228869021904554 0
    outer loop
      vertex 113.96076951545868 50.199999999999996 0
      vertex 113.89134456098645 50.340779881161886 0
      vertex 113.89134456098645 50.340779881161886 1.8000000000000007
    endloop
  endfacet
  facet normal 0.980785280403228 0.19509032201614016 0
    outer loop
      vertex 113.84088900845312 50.48941714587697 0
      vertex 113.81026616635143 50.643368569335934 0
      vertex 113.81026616635143 50.643368569335934 1.8000000000000007
    endloop
  endfacet
  facet normal 0.9978589232386033 0.06540312923014742 0
    outer loop
      vertex 113.81026616635143 50.643368569335934 0
      vertex 113.8 50.8 0
      vertex 113.8 50.8 1.8000000000000007
    endloop
  endfacet
  facet normal 0.9469301294951105 0.3214394653031473 0
    outer loop
      vertex 113.89134456098645 50.340779881161886 0
      vertex 113.84088900845312 50.48941714587697 0
      vertex 113.84088900845312 50.48941714587697 1.8000000000000007
    endloop
  endfacet
  facet normal 0.7518398074789696 0.6593458151000776 0
    outer loop
      vertex 114.15147186257614 49.95147186257614 0
      vertex 114.04797599165052 50.069486285189534 0
      vertex 114.04797599165052 50.069486285189534 1.8000000000000007
    endloop
  endfacet
  facet normal 0.6593458151001 0.75183980747895 0
    outer loop
      vertex 114.26948628518953 49.847975991650515 0
      vertex 114.15147186257614 49.95147186257614 1.8000000000000007
      vertex 114.26948628518953 49.847975991650515 1.8000000000000007
    endloop
  endfacet
  facet normal 0.5555702330195339 0.8314696123025909 -4.0901299350309794e-15
    outer loop
      vertex 114.3 49.8275873792506 1.8000000000000007
      vertex 114.4 49.76076951545867 0
      vertex 114.26948628518953 49.847975991650515 1.8000000000000007
    endloop
  endfacet
  facet normal 0.8968727415326664 0.44228869021904554 0
    outer loop
      vertex 113.96076951545868 50.199999999999996 0
      vertex 113.89134456098645 50.340779881161886 1.8000000000000007
      vertex 113.96076951545868 50.199999999999996 1.8000000000000007
    endloop
  endfacet
  facet normal 0.980785280403228 0.19509032201614016 0
    outer loop
      vertex 113.84088900845312 50.48941714587697 0
      vertex 113.81026616635143 50.643368569335934 1.8000000000000007
      vertex 113.84088900845312 50.48941714587697 1.8000000000000007
    endloop
  endfacet
  facet normal 0.9978589232386033 0.06540312923014742 0
    outer loop
      vertex 113.81026616635143 50.643368569335934 0
      vertex 113.8 50.8 1.8000000000000007
      vertex 113.81026616635143 50.643368569335934 1.8000000000000007
    endloop
  endfacet
  facet normal 0.9469301294951105 0.3214394653031473 0
    outer loop
      vertex 113.89134456098645 50.340779881161886 0
      vertex 113.84088900845312 50.48941714587697 1.8000000000000007
      vertex 113.89134456098645 50.340779881161886 1.8000000000000007
    endloop
  endfacet
  facet normal 0.8314696123025578 0.5555702330195834 0
    outer loop
      vertex 114.04797599165052 50.069486285189534 0
      vertex 113.96076951545868 50.199999999999996 1.8000000000000007
      vertex 114.04797599165052 50.069486285189534 1.8000000000000007
    endloop
  endfacet
  facet normal 0.7518398074789696 0.6593458151000776 0
    outer loop
      vertex 114.15147186257614 49.95147186257614 0
      vertex 114.04797599165052 50.069486285189534 1.8000000000000007
      vertex 114.15147186257614 49.95147186257614 1.8000000000000007
    endloop
  endfacet
  facet normal 0.9978589232386033 -0.06540312923014742 0
    outer loop
      vertex 113.8 50.8 0
      vertex 113.81026616635143 50.95663143066406 0
      vertex 113.81026616635143 50.95663143066406 1.8000000000000007
    endloop
  endfacet
  facet normal 0.980785280403228 -0.19509032201614016 0
    outer loop
      vertex 113.81026616635143 50.95663143066406 0
      vertex 113.84088900845312 51.110582854123024 0
      vertex 113.84088900845312 51.110582854123024 1.8000000000000007
    endloop
  endfacet
  facet normal 0.9469301294951105 -0.3214394653031473 0
    outer loop
      vertex 113.84088900845312 51.110582854123024 0
      vertex 113.89134456098645 51.25922011883811 0
      vertex 113.89134456098645 51.25922011883811 1.8000000000000007
    endloop
  endfacet
  facet normal 0.8968727415326664 -0.44228869021904554 0
    outer loop
      vertex 113.89134456098645 51.25922011883811 0
      vertex 113.96076951545868 51.4 0
      vertex 113.96076951545868 51.4 1.8000000000000007
    endloop
  endfacet
  facet normal 0.8314696123025578 -0.5555702330195834 0
    outer loop
      vertex 113.96076951545868 51.4 0
      vertex 114.04797599165052 51.53051371481046 0
      vertex 114.04797599165052 51.53051371481046 1.8000000000000007
    endloop
  endfacet
  facet normal 0.7518398074789696 -0.6593458151000776 0
    outer loop
      vertex 114.04797599165052 51.53051371481046 0
      vertex 114.15147186257614 51.64852813742385 0
      vertex 114.15147186257614 51.64852813742385 1.8000000000000007
    endloop
  endfacet
  facet normal 0.6593458151001 -0.75183980747895 0
    outer loop
      vertex 114.26948628518953 51.75202400834948 0
      vertex 114.26948628518953 51.75202400834948 1.8000000000000007
      vertex 114.15147186257614 51.64852813742385 0
    endloop
  endfacet
  facet normal 0.9978589232386033 -0.06540312923014742 0
    outer loop
      vertex 113.8 50.8 0
      vertex 113.81026616635143 50.95663143066406 1.8000000000000007
      vertex 113.8 50.8 1.8000000000000007
    endloop
  endfacet
  facet normal 0.980785280403228 -0.19509032201614016 0
    outer loop
      vertex 113.84088900845312 51.110582854123024 1.8000000000000007
      vertex 113.81026616635143 50.95663143066406 1.8000000000000007
      vertex 113.81026616635143 50.95663143066406 0
    endloop
  endfacet
  facet normal 0.9469301294951105 -0.3214394653031473 0
    outer loop
      vertex 113.84088900845312 51.110582854123024 0
      vertex 113.89134456098645 51.25922011883811 1.8000000000000007
      vertex 113.84088900845312 51.110582854123024 1.8000000000000007
    endloop
  endfacet
  facet normal 0.8968727415326664 -0.44228869021904554 0
    outer loop
      vertex 113.89134456098645 51.25922011883811 0
      vertex 113.96076951545868 51.4 1.8000000000000007
      vertex 113.89134456098645 51.25922011883811 1.8000000000000007
    endloop
  endfacet
  facet normal 0.8314696123025578 -0.5555702330195834 0
    outer loop
      vertex 113.96076951545868 51.4 0
      vertex 114.04797599165052 51.53051371481046 1.8000000000000007
      vertex 113.96076951545868 51.4 1.8000000000000007
    endloop
  endfacet
  facet normal 0.7518398074789696 -0.6593458151000776 0
    outer loop
      vertex 114.04797599165052 51.53051371481046 0
      vertex 114.15147186257614 51.64852813742385 1.8000000000000007
      vertex 114.04797599165052 51.53051371481046 1.8000000000000007
    endloop
  endfacet
  facet normal 0.6593458151001 -0.75183980747895 0
    outer loop
      vertex 114.15147186257614 51.64852813742385 0
      vertex 114.26948628518953 51.75202400834948 1.8000000000000007
      vertex 114.15147186257614 51.64852813742385 1.8000000000000007
    endloop
  endfacet
  facet normal 0.5555702330195729 -0.8314696123025648 0
    outer loop
      vertex 114.26948628518953 51.75202400834948 0
      vertex 114.4 51.839230484541325 1.8000000000000007
      vertex 114.26948628518953 51.75202400834948 1.8000000000000007
    endloop
  endfacet
  facet normal 0.5555702330195847 0.8314696123025569 0
    outer loop
      vertex 114.4 49.76076951545867 2
      vertex 114.3 49.8275873792506 1.8000000000000007
      vertex 114.3 49.8275873792506 2
    endloop
  endfacet
  facet normal 0 0 -1
    outer loop
      vertex 114.4 49.76076951545867 2
      vertex 114.3 49.8275873792506 2
      vertex 114.3 51 2
    endloop
  endfacet
  facet normal 0.44228869021900913 0.8968727415326845 0
    outer loop
      vertex 114.4 49.76076951545867 2
      vertex 114.5407798811619 49.69134456098645 0
      vertex 114.4 49.76076951545867 0
    endloop
  endfacet
  facet normal 0.3214394653031611 0.9469301294951058 0
    outer loop
      vertex 114.5407798811619 49.69134456098645 2
      vertex 114.68941714587697 49.640889008453115 0
      vertex 114.5407798811619 49.69134456098645 0
    endloop
  endfacet
  facet normal 0.19509032201614018 0.9807852804032281 0
    outer loop
      vertex 114.68941714587697 49.640889008453115 2
      vertex 114.84336856933594 49.61026616635142 0
      vertex 114.68941714587697 49.640889008453115 0
    endloop
  endfacet
  facet normal 0.06540312923014742 0.9978589232386033 0
    outer loop
      vertex 114.84336856933594 49.61026616635142 2
      vertex 115 49.599999999999994 0
      vertex 114.84336856933594 49.61026616635142 0
    endloop
  endfacet
  facet normal -0.06540312923014742 0.9978589232386033 0
    outer loop
      vertex 115 49.599999999999994 2
      vertex 115.15663143066406 49.61026616635142 0
      vertex 115 49.599999999999994 0
    endloop
  endfacet
  facet normal -0.19509032201614018 0.9807852804032281 0
    outer loop
      vertex 115.15663143066406 49.61026616635142 2
      vertex 115.31058285412303 49.640889008453115 0
      vertex 115.15663143066406 49.61026616635142 0
    endloop
  endfacet
  facet normal -0.3214394653031611 0.9469301294951058 0
    outer loop
      vertex 115.31058285412303 49.640889008453115 2
      vertex 115.4592201188381 49.69134456098645 0
      vertex 115.31058285412303 49.640889008453115 0
    endloop
  endfacet
  facet normal -0.44228869021900913 0.8968727415326845 0
    outer loop
      vertex 115.4592201188381 49.69134456098645 2
      vertex 115.6 49.76076951545867 0
      vertex 115.4592201188381 49.69134456098645 0
    endloop
  endfacet
  facet normal -0.5555702330195729 0.8314696123025648 0
    outer loop
      vertex 115.6 49.76076951545867 2
      vertex 115.73051371481047 49.847975991650515 0
      vertex 115.6 49.76076951545867 0
    endloop
  endfacet
  facet normal 0.5555702330195729 -0.8314696123025648 0
    outer loop
      vertex 114.4 51.839230484541325 0
      vertex 114.4 51.839230484541325 1.8000000000000007
      vertex 114.26948628518953 51.75202400834948 0
    endloop
  endfacet
  facet normal 0.44228869021900913 -0.8968727415326844 0
    outer loop
      vertex 114.5407798811619 51.90865543901354 0
      vertex 114.5407798811619 51.90865543901354 1.8000000000000007
      vertex 114.4 51.839230484541325 0
    endloop
  endfacet
  facet normal 0.32143946530316114 -0.9469301294951059 0
    outer loop
      vertex 114.68941714587697 51.95911099154688 0
      vertex 114.68941714587697 51.95911099154688 1.8000000000000007
      vertex 114.5407798811619 51.90865543901354 0
    endloop
  endfacet
  facet normal 0.19509032201614016 -0.980785280403228 0
    outer loop
      vertex 114.84336856933594 51.98973383364857 0
      vertex 114.84336856933594 51.98973383364857 1.8000000000000007
      vertex 114.68941714587697 51.95911099154688 0
    endloop
  endfacet
  facet normal 0.06540312923014742 -0.9978589232386033 0
    outer loop
      vertex 115 52 0
      vertex 115 52 1.8000000000000007
      vertex 114.84336856933594 51.98973383364857 0
    endloop
  endfacet
  facet normal -0.06540312923014742 -0.9978589232386033 0
    outer loop
      vertex 115.15663143066406 51.98973383364857 0
      vertex 115.15663143066406 51.98973383364857 1.8000000000000007
      vertex 115 52 0
    endloop
  endfacet
  facet normal -0.19509032201614016 -0.980785280403228 0
    outer loop
      vertex 115.31058285412303 51.95911099154688 0
      vertex 115.31058285412303 51.95911099154688 1.8000000000000007
      vertex 115.15663143066406 51.98973383364857 0
    endloop
  endfacet
  facet normal -0.32143946530316114 -0.9469301294951059 0
    outer loop
      vertex 115.4592201188381 51.90865543901354 0
      vertex 115.4592201188381 51.90865543901354 1.8000000000000007
      vertex 115.31058285412303 51.95911099154688 0
    endloop
  endfacet
  facet normal -0.44228869021900913 -0.8968727415326844 0
    outer loop
      vertex 115.6 51.839230484541325 0
      vertex 115.6 51.839230484541325 1.8000000000000007
      vertex 115.4592201188381 51.90865543901354 0
    endloop
  endfacet
  facet normal 0.44228869021900913 -0.8968727415326844 0
    outer loop
      vertex 114.4 51.839230484541325 0
      vertex 114.5407798811619 51.90865543901354 1.8000000000000007
      vertex 114.4 51.839230484541325 1.8000000000000007
    endloop
  endfacet
  facet normal 0.32143946530316114 -0.9469301294951059 0
    outer loop
      vertex 114.5407798811619 51.90865543901354 0
      vertex 114.68941714587697 51.95911099154688 1.8000000000000007
      vertex 114.5407798811619 51.90865543901354 1.8000000000000007
    endloop
  endfacet
  facet normal 0.19509032201614016 -0.980785280403228 0
    outer loop
      vertex 114.68941714587697 51.95911099154688 0
      vertex 114.84336856933594 51.98973383364857 1.8000000000000007
      vertex 114.68941714587697 51.95911099154688 1.8000000000000007
    endloop
  endfacet
  facet normal 0.06540312923014742 -0.9978589232386033 0
    outer loop
      vertex 114.84336856933594 51.98973383364857 0
      vertex 115 52 1.8000000000000007
      vertex 114.84336856933594 51.98973383364857 1.8000000000000007
    endloop
  endfacet
  facet normal -0.06540312923014742 -0.9978589232386033 0
    outer loop
      vertex 115 52 0
      vertex 115.15663143066406 51.98973383364857 1.8000000000000007
      vertex 115 52 1.8000000000000007
    endloop
  endfacet
  facet normal -0.19509032201614016 -0.980785280403228 0
    outer loop
      vertex 115.15663143066406 51.98973383364857 0
      vertex 115.31058285412303 51.95911099154688 1.8000000000000007
      vertex 115.15663143066406 51.98973383364857 1.8000000000000007
    endloop
  endfacet
  facet normal -0.32143946530316114 -0.9469301294951059 0
    outer loop
      vertex 115.31058285412303 51.95911099154688 0
      vertex 115.4592201188381 51.90865543901354 1.8000000000000007
      vertex 115.31058285412303 51.95911099154688 1.8000000000000007
    endloop
  endfacet
  facet normal -0.5555702330195729 -0.8314696123025648 0
    outer loop
      vertex 115.6 51.839230484541325 0
      vertex 115.73051371481047 51.75202400834948 1.8000000000000007
      vertex 115.6 51.839230484541325 1.8000000000000007
    endloop
  endfacet
  facet normal -0.44228869021900913 -0.8968727415326844 0
    outer loop
      vertex 115.4592201188381 51.90865543901354 0
      vertex 115.6 51.839230484541325 1.8000000000000007
      vertex 115.4592201188381 51.90865543901354 1.8000000000000007
    endloop
  endfacet
  facet normal -0.6593458151001 0.75183980747895 0
    outer loop
      vertex 115.73051371481047 49.847975991650515 2
      vertex 115.84852813742386 49.95147186257614 0
      vertex 115.73051371481047 49.847975991650515 0
    endloop
  endfacet
  facet normal -0.7518398074789697 0.6593458151000777 0
    outer loop
      vertex 115.84852813742386 49.95147186257614 2
      vertex 115.95202400834948 50.069486285189534 0
      vertex 115.84852813742386 49.95147186257614 0
    endloop
  endfacet
  facet normal -0.8314696123025578 0.5555702330195834 0
    outer loop
      vertex 115.95202400834948 50.069486285189534 2
      vertex 116.03923048454132 50.199999999999996 0
      vertex 115.95202400834948 50.069486285189534 0
    endloop
  endfacet
  facet normal -0.8968727415326665 0.44228869021904554 0
    outer loop
      vertex 116.03923048454132 50.199999999999996 2
      vertex 116.10865543901355 50.340779881161886 0
      vertex 116.03923048454132 50.199999999999996 0
    endloop
  endfacet
  facet normal -0.9469301294951106 0.3214394653031474 0
    outer loop
      vertex 116.10865543901355 50.340779881161886 2
      vertex 116.15911099154688 50.48941714587697 0
      vertex 116.10865543901355 50.340779881161886 0
    endloop
  endfacet
  facet normal -0.9807852804032281 0.19509032201614018 0
    outer loop
      vertex 116.15911099154688 50.48941714587697 2
      vertex 116.18973383364857 50.643368569335934 0
      vertex 116.15911099154688 50.48941714587697 0
    endloop
  endfacet
  facet normal -0.9978589232386033 0.06540312923014742 0
    outer loop
      vertex 116.18973383364857 50.643368569335934 2
      vertex 116.2 50.8 0
      vertex 116.18973383364857 50.643368569335934 0
    endloop
  endfacet
  facet normal -0.7518398074789696 -0.6593458151000776 0
    outer loop
      vertex 115.84852813742386 51.64852813742385 0
      vertex 115.95202400834948 51.53051371481046 0
      vertex 115.95202400834948 51.53051371481046 1.8000000000000007
    endloop
  endfacet
  facet normal -0.9469301294951105 -0.3214394653031473 0
    outer loop
      vertex 116.10865543901355 51.25922011883811 0
      vertex 116.15911099154688 51.110582854123024 0
      vertex 116.15911099154688 51.110582854123024 1.8000000000000007
    endloop
  endfacet
  facet normal -0.8968727415326664 -0.44228869021904554 0
    outer loop
      vertex 116.03923048454132 51.4 0
      vertex 116.10865543901355 51.25922011883811 0
      vertex 116.10865543901355 51.25922011883811 1.8000000000000007
    endloop
  endfacet
  facet normal -0.8314696123025578 -0.5555702330195834 0
    outer loop
      vertex 115.95202400834948 51.53051371481046 0
      vertex 116.03923048454132 51.4 0
      vertex 116.03923048454132 51.4 1.8000000000000007
    endloop
  endfacet
  facet normal -0.5555702330195729 -0.8314696123025648 0
    outer loop
      vertex 115.73051371481047 51.75202400834948 0
      vertex 115.73051371481047 51.75202400834948 1.8000000000000007
      vertex 115.6 51.839230484541325 0
    endloop
  endfacet
  facet normal -0.6593458151001 -0.75183980747895 0
    outer loop
      vertex 115.73051371481047 51.75202400834948 0
      vertex 115.84852813742386 51.64852813742385 0
      vertex 115.84852813742386 51.64852813742385 1.8000000000000007
    endloop
  endfacet
  facet normal -0.9978589232386033 -0.06540312923014742 0
    outer loop
      vertex 116.2 50.8 2
      vertex 116.18973383364857 50.95663143066406 0
      vertex 116.2 50.8 0
    endloop
  endfacet
  facet normal -0.9807852804032281 -0.19509032201614018 0
    outer loop
      vertex 116.18973383364857 50.95663143066406 2
      vertex 116.15911099154688 51.110582854123024 0
      vertex 116.18973383364857 50.95663143066406 0
    endloop
  endfacet
  facet normal -0.7518398074789696 -0.6593458151000776 0
    outer loop
      vertex 115.84852813742386 51.64852813742385 0
      vertex 115.95202400834948 51.53051371481046 1.8000000000000007
      vertex 115.84852813742386 51.64852813742385 1.8000000000000007
    endloop
  endfacet
  facet normal -0.8314696123025578 -0.5555702330195834 0
    outer loop
      vertex 115.95202400834948 51.53051371481046 0
      vertex 116.03923048454132 51.4 1.8000000000000007
      vertex 115.95202400834948 51.53051371481046 1.8000000000000007
    endloop
  endfacet
  facet normal -0.9807852804032344 -0.1950903220161082 0
    outer loop
      vertex 116.18110728885209 51 1.8000000000000007
      vertex 116.15911099154688 51.110582854123024 1.8000000000000007
      vertex 116.15911099154688 51.110582854123024 0
    endloop
  endfacet
  facet normal -0.9469301294951105 -0.3214394653031473 0
    outer loop
      vertex 116.10865543901355 51.25922011883811 0
      vertex 116.15911099154688 51.110582854123024 1.8000000000000007
      vertex 116.10865543901355 51.25922011883811 1.8000000000000007
    endloop
  endfacet
  facet normal -0.8968727415326664 -0.44228869021904554 0
    outer loop
      vertex 116.03923048454132 51.4 0
      vertex 116.10865543901355 51.25922011883811 1.8000000000000007
      vertex 116.03923048454132 51.4 1.8000000000000007
    endloop
  endfacet
  facet normal -0.6593458151001 -0.75183980747895 0
    outer loop
      vertex 115.73051371481047 51.75202400834948 0
      vertex 115.84852813742386 51.64852813742385 1.8000000000000007
      vertex 115.73051371481047 51.75202400834948 1.8000000000000007
    endloop
  endfacet
  facet normal 0.44228869021900913 0.8968727415326845 0
    outer loop
      vertex 114.4 49.76076951545867 2
      vertex 114.5407798811619 49.69134456098645 2
      vertex 114.5407798811619 49.69134456098645 0
    endloop
  endfacet
  facet normal 0.5555702330195847 0.8314696123025569 0
    outer loop
      vertex 114.4 49.76076951545867 2
      vertex 114.4 49.76076951545867 0
      vertex 114.3 49.8275873792506 1.8000000000000007
    endloop
  endfacet
  facet normal 0.3214394653031611 0.9469301294951058 0
    outer loop
      vertex 114.5407798811619 49.69134456098645 2
      vertex 114.68941714587697 49.640889008453115 2
      vertex 114.68941714587697 49.640889008453115 0
    endloop
  endfacet
  facet normal 0.19509032201614018 0.9807852804032281 0
    outer loop
      vertex 114.68941714587697 49.640889008453115 2
      vertex 114.84336856933594 49.61026616635142 2
      vertex 114.84336856933594 49.61026616635142 0
    endloop
  endfacet
  facet normal 0.06540312923014742 0.9978589232386033 0
    outer loop
      vertex 114.84336856933594 49.61026616635142 2
      vertex 115 49.599999999999994 2
      vertex 115 49.599999999999994 0
    endloop
  endfacet
  facet normal -0.06540312923014742 0.9978589232386033 0
    outer loop
      vertex 115 49.599999999999994 2
      vertex 115.15663143066406 49.61026616635142 2
      vertex 115.15663143066406 49.61026616635142 0
    endloop
  endfacet
  facet normal -0.19509032201614018 0.9807852804032281 0
    outer loop
      vertex 115.15663143066406 49.61026616635142 2
      vertex 115.31058285412303 49.640889008453115 2
      vertex 115.31058285412303 49.640889008453115 0
    endloop
  endfacet
  facet normal -0.3214394653031611 0.9469301294951058 0
    outer loop
      vertex 115.31058285412303 49.640889008453115 2
      vertex 115.4592201188381 49.69134456098645 2
      vertex 115.4592201188381 49.69134456098645 0
    endloop
  endfacet
  facet normal -0.44228869021900913 0.8968727415326845 0
    outer loop
      vertex 115.4592201188381 49.69134456098645 2
      vertex 115.6 49.76076951545867 2
      vertex 115.6 49.76076951545867 0
    endloop
  endfacet
  facet normal 0 0 -1
    outer loop
      vertex 114.4 49.76076951545867 2
      vertex 114.3 51 2
      vertex 114.5407798811619 49.69134456098645 2
    endloop
  endfacet
  facet normal 0 0 -1
    outer loop
      vertex 114.5407798811619 49.69134456098645 2
      vertex 114.3 51 2
      vertex 114.68941714587697 49.640889008453115 2
    endloop
  endfacet
  facet normal 0 0 -1
    outer loop
      vertex 114.68941714587697 49.640889008453115 2
      vertex 114.3 51 2
      vertex 114.84336856933594 49.61026616635142 2
    endloop
  endfacet
  facet normal 0 0 -1
    outer loop
      vertex 114.84336856933594 49.61026616635142 2
      vertex 114.3 51 2
      vertex 115 49.599999999999994 2
    endloop
  endfacet
  facet normal 0 0 -1
    outer loop
      vertex 115 49.599999999999994 2
      vertex 114.3 51 2
      vertex 115.15663143066406 49.61026616635142 2
    endloop
  endfacet
  facet normal 0 0 -1
    outer loop
      vertex 115.15663143066406 49.61026616635142 2
      vertex 114.3 51 2
      vertex 115.31058285412303 49.640889008453115 2
    endloop
  endfacet
  facet normal 0 0 -1
    outer loop
      vertex 115.31058285412303 49.640889008453115 2
      vertex 114.3 51 2
      vertex 115.4592201188381 49.69134456098645 2
    endloop
  endfacet
  facet normal 0 0 -1
    outer loop
      vertex 115.4592201188381 49.69134456098645 2
      vertex 114.3 51 2
      vertex 115.6 49.76076951545867 2
    endloop
  endfacet
  facet normal 0 0 -1
    outer loop
      vertex 115.6 49.76076951545867 2
      vertex 114.3 51 2
      vertex 115.73051371481047 49.847975991650515 2
    endloop
  endfacet
  facet normal 0 0 -1
    outer loop
      vertex 115.73051371481047 49.847975991650515 2
      vertex 114.3 51 2
      vertex 115.84852813742386 49.95147186257614 2
    endloop
  endfacet
  facet normal 0 0 -1
    outer loop
      vertex 115.84852813742386 49.95147186257614 2
      vertex 114.3 51 2
      vertex 115.95202400834948 50.069486285189534 2
    endloop
  endfacet
  facet normal 0 0 -1
    outer loop
      vertex 115.95202400834948 50.069486285189534 2
      vertex 114.3 51 2
      vertex 116.03923048454132 50.199999999999996 2
    endloop
  endfacet
  facet normal 0 0 -1
    outer loop
      vertex 116.03923048454132 50.199999999999996 2
      vertex 114.3 51 2
      vertex 116.10865543901355 50.340779881161886 2
    endloop
  endfacet
  facet normal 0 0 -1
    outer loop
      vertex 116.10865543901355 50.340779881161886 2
      vertex 114.3 51 2
      vertex 116.15911099154688 50.48941714587697 2
    endloop
  endfacet
  facet normal 0 0 -1
    outer loop
      vertex 116.15911099154688 50.48941714587697 2
      vertex 114.3 51 2
      vertex 116.18973383364857 50.643368569335934 2
    endloop
  endfacet
  facet normal 0 0 -1
    outer loop
      vertex 116.18973383364857 50.643368569335934 2
      vertex 114.3 51 2
      vertex 116.18973383364857 50.95663143066406 2
    endloop
  endfacet
  facet normal 0 0 -1
    outer loop
      vertex 116.18973383364857 50.95663143066406 2
      vertex 114.3 51 2
      vertex 116.18110728885209 51 2
    endloop
  endfacet
  facet normal -0.5555702330195729 0.8314696123025648 0
    outer loop
      vertex 115.6 49.76076951545867 2
      vertex 115.73051371481047 49.847975991650515 2
      vertex 115.73051371481047 49.847975991650515 0
    endloop
  endfacet
  facet normal -0.6593458151001 0.75183980747895 0
    outer loop
      vertex 115.73051371481047 49.847975991650515 2
      vertex 115.84852813742386 49.95147186257614 2
      vertex 115.84852813742386 49.95147186257614 0
    endloop
  endfacet
  facet normal -0.7518398074789697 0.6593458151000777 0
    outer loop
      vertex 115.84852813742386 49.95147186257614 2
      vertex 115.95202400834948 50.069486285189534 2
      vertex 115.95202400834948 50.069486285189534 0
    endloop
  endfacet
  facet normal -0.8314696123025578 0.5555702330195834 0
    outer loop
      vertex 115.95202400834948 50.069486285189534 2
      vertex 116.03923048454132 50.199999999999996 2
      vertex 116.03923048454132 50.199999999999996 0
    endloop
  endfacet
  facet normal -0.8968727415326665 0.44228869021904554 0
    outer loop
      vertex 116.03923048454132 50.199999999999996 2
      vertex 116.10865543901355 50.340779881161886 2
      vertex 116.10865543901355 50.340779881161886 0
    endloop
  endfacet
  facet normal -0.9469301294951106 0.3214394653031474 0
    outer loop
      vertex 116.10865543901355 50.340779881161886 2
      vertex 116.15911099154688 50.48941714587697 2
      vertex 116.15911099154688 50.48941714587697 0
    endloop
  endfacet
  facet normal -0.9807852804032281 0.19509032201614018 0
    outer loop
      vertex 116.15911099154688 50.48941714587697 2
      vertex 116.18973383364857 50.643368569335934 2
      vertex 116.18973383364857 50.643368569335934 0
    endloop
  endfacet
  facet normal -0.9978589232386033 0.06540312923014742 0
    outer loop
      vertex 116.18973383364857 50.643368569335934 2
      vertex 116.2 50.8 2
      vertex 116.2 50.8 0
    endloop
  endfacet
  facet normal 0 0 -1
    outer loop
      vertex 116.18973383364857 50.643368569335934 2
      vertex 116.18973383364857 50.95663143066406 2
      vertex 116.2 50.8 2
    endloop
  endfacet
  facet normal -0.9978589232386033 -0.06540312923014742 0
    outer loop
      vertex 116.2 50.8 2
      vertex 116.18973383364857 50.95663143066406 2
      vertex 116.18973383364857 50.95663143066406 0
    endloop
  endfacet
  facet normal -0.980785280403203 -0.19509032201626664 -1.011540818723113e-14
    outer loop
      vertex 116.18973383364857 50.95663143066406 2
      vertex 116.18110728885209 51 1.8000000000000007
      vertex 116.15911099154688 51.110582854123024 0
    endloop
  endfacet
  facet normal -0.9807852804032119 -0.19509032201622173 0
    outer loop
      vertex 116.18973383364857 50.95663143066406 2
      vertex 116.18110728885209 51 2
      vertex 116.18110728885209 51 1.8000000000000007
    endloop
  endfacet
  facet normal 0 0 1
    outer loop
      vertex 96.15727186783226 37.88905273661295 4.300000000000001
      vertex 96.15727186783226 38.11094726338705 4.300000000000001
      vertex 96.15 38 4.300000000000001
    endloop
  endfacet
  facet normal 0 0 1
    outer loop
      vertex 96.17896304765429 37.78000381166286 4.300000000000001
      vertex 96.17896304765429 38.21999618833714 4.300000000000001
      vertex 96.15727186783226 37.88905273661295 4.300000000000001
    endloop
  endfacet
  facet normal 0 0 1
    outer loop
      vertex 96.17896304765429 37.78000381166286 4.300000000000001
      vertex 96.2147023973654 37.67471908248967 4.300000000000001
      vertex 96.2147023973654 38.32528091751033 4.300000000000001
    endloop
  endfacet
  facet normal 0 0 1
    outer loop
      vertex 96.26387840678322 37.575 4.300000000000001
      vertex 96.26387840678322 38.425 4.300000000000001
      vertex 96.2147023973654 37.67471908248967 4.300000000000001
    endloop
  endfacet
  facet normal 0 0 1
    outer loop
      vertex 96.26387840678322 37.575 4.300000000000001
      vertex 96.32564966075245 37.48255278534259 4.300000000000001
      vertex 96.32564966075245 38.51744721465741 4.300000000000001
    endloop
  endfacet
  facet normal 0 0 1
    outer loop
      vertex 96.15727186783226 37.88905273661295 4.300000000000001
      vertex 96.17896304765429 38.21999618833714 4.300000000000001
      vertex 96.15727186783226 38.11094726338705 4.300000000000001
    endloop
  endfacet
  facet normal 0 0 1
    outer loop
      vertex 96.17896304765429 37.78000381166286 4.300000000000001
      vertex 96.2147023973654 38.32528091751033 4.300000000000001
      vertex 96.17896304765429 38.21999618833714 4.300000000000001
    endloop
  endfacet
  facet normal 0 0 1
    outer loop
      vertex 96.2147023973654 37.67471908248967 4.300000000000001
      vertex 96.26387840678322 38.425 4.300000000000001
      vertex 96.2147023973654 38.32528091751033 4.300000000000001
    endloop
  endfacet
  facet normal 0 0 1
    outer loop
      vertex 96.26387840678322 37.575 4.300000000000001
      vertex 96.32564966075245 38.51744721465741 4.300000000000001
      vertex 96.26387840678322 38.425 4.300000000000001
    endloop
  endfacet
  facet normal 0 0 1
    outer loop
      vertex 96.32564966075245 37.48255278534259 4.300000000000001
      vertex 96.39895923599144 38.601040764008566 4.300000000000001
      vertex 96.32564966075245 38.51744721465741 4.300000000000001
    endloop
  endfacet
  facet normal 0 0 1
    outer loop
      vertex 96.32564966075245 37.48255278534259 4.300000000000001
      vertex 96.39895923599144 37.398959235991434 4.300000000000001
      vertex 96.39895923599144 38.601040764008566 4.300000000000001
    endloop
  endfacet
  facet normal 0 0 1
    outer loop
      vertex 96.39895923599144 37.398959235991434 4.300000000000001
      vertex 96.48255278534259 37.32564966075245 4.300000000000001
      vertex 96.48255278534259 38.67435033924755 4.300000000000001
    endloop
  endfacet
  facet normal 0 0 1
    outer loop
      vertex 96.48255278534259 37.32564966075245 4.300000000000001
      vertex 96.575 37.26387840678323 4.300000000000001
      vertex 96.575 38.73612159321677 4.300000000000001
    endloop
  endfacet
  facet normal 0 0 1
    outer loop
      vertex 96.67471908248967 37.21470239736541 4.300000000000001
      vertex 96.67471908248967 38.78529760263459 4.300000000000001
      vertex 96.575 37.26387840678323 4.300000000000001
    endloop
  endfacet
  facet normal 0 0 1
    outer loop
      vertex 96.67471908248967 37.21470239736541 4.300000000000001
      vertex 96.78000381166285 37.17896304765429 4.300000000000001
      vertex 96.78000381166285 38.82103695234571 4.300000000000001
    endloop
  endfacet
  facet normal 0 0 1
    outer loop
      vertex 96.78000381166285 37.17896304765429 4.300000000000001
      vertex 96.88905273661295 37.157271867832264 4.300000000000001
      vertex 96.88905273661295 38.842728132167736 4.300000000000001
    endloop
  endfacet
  facet normal 0 0 1
    outer loop
      vertex 96.88905273661295 37.157271867832264 4.300000000000001
      vertex 97 37.15 4.300000000000001
      vertex 97 38.85 4.300000000000001
    endloop
  endfacet
  facet normal 0 0 1
    outer loop
      vertex 96.39895923599144 37.398959235991434 4.300000000000001
      vertex 96.48255278534259 38.67435033924755 4.300000000000001
      vertex 96.39895923599144 38.601040764008566 4.300000000000001
    endloop
  endfacet
  facet normal 0 0 1
    outer loop
      vertex 96.48255278534259 37.32564966075245 4.300000000000001
      vertex 96.575 38.73612159321677 4.300000000000001
      vertex 96.48255278534259 38.67435033924755 4.300000000000001
    endloop
  endfacet
  facet normal 0 0 1
    outer loop
      vertex 96.575 37.26387840678323 4.300000000000001
      vertex 96.67471908248967 38.78529760263459 4.300000000000001
      vertex 96.575 38.73612159321677 4.300000000000001
    endloop
  endfacet
  facet normal 0 0 1
    outer loop
      vertex 96.67471908248967 37.21470239736541 4.300000000000001
      vertex 96.78000381166285 38.82103695234571 4.300000000000001
      vertex 96.67471908248967 38.78529760263459 4.300000000000001
    endloop
  endfacet
  facet normal 0 0 1
    outer loop
      vertex 96.78000381166285 37.17896304765429 4.300000000000001
      vertex 96.88905273661295 38.842728132167736 4.300000000000001
      vertex 96.78000381166285 38.82103695234571 4.300000000000001
    endloop
  endfacet
  facet normal 0 0 1
    outer loop
      vertex 96.88905273661295 37.157271867832264 4.300000000000001
      vertex 97 38.85 4.300000000000001
      vertex 96.88905273661295 38.842728132167736 4.300000000000001
    endloop
  endfacet
  facet normal 0 0 1
    outer loop
      vertex 97 37.15 4.300000000000001
      vertex 97.11094726338705 37.157271867832264 4.300000000000001
      vertex 97.11094726338705 38.842728132167736 4.300000000000001
    endloop
  endfacet
  facet normal 0 0 1
    outer loop
      vertex 97.11094726338705 37.157271867832264 4.300000000000001
      vertex 97.21999618833715 37.17896304765429 4.300000000000001
      vertex 97.21999618833715 38.82103695234571 4.300000000000001
    endloop
  endfacet
  facet normal 0 0 1
    outer loop
      vertex 97.21999618833715 37.17896304765429 4.300000000000001
      vertex 97.32528091751033 37.21470239736541 4.300000000000001
      vertex 97.32528091751033 38.78529760263459 4.300000000000001
    endloop
  endfacet
  facet normal 0 0 1
    outer loop
      vertex 97.32528091751033 37.21470239736541 4.300000000000001
      vertex 97.425 37.26387840678323 4.300000000000001
      vertex 97.425 38.73612159321677 4.300000000000001
    endloop
  endfacet
  facet normal 0 0 1
    outer loop
      vertex 97.425 37.26387840678323 4.300000000000001
      vertex 97.51744721465741 37.32564966075245 4.300000000000001
      vertex 97.51744721465741 38.67435033924755 4.300000000000001
    endloop
  endfacet
  facet normal 0 0 1
    outer loop
      vertex 97.51744721465741 37.32564966075245 4.300000000000001
      vertex 97.60104076400856 37.398959235991434 4.300000000000001
      vertex 97.60104076400856 38.601040764008566 4.300000000000001
    endloop
  endfacet
  facet normal 0 0 1
    outer loop
      vertex 97.60104076400856 37.398959235991434 4.300000000000001
      vertex 97.67435033924755 37.48255278534259 4.300000000000001
      vertex 97.67435033924755 38.51744721465741 4.300000000000001
    endloop
  endfacet
  facet normal 0 0 1
    outer loop
      vertex 97 37.15 4.300000000000001
      vertex 97.11094726338705 38.842728132167736 4.300000000000001
      vertex 97 38.85 4.300000000000001
    endloop
  endfacet
  facet normal 0 0 1
    outer loop
      vertex 97.11094726338705 37.157271867832264 4.300000000000001
      vertex 97.21999618833715 38.82103695234571 4.300000000000001
      vertex 97.11094726338705 38.842728132167736 4.300000000000001
    endloop
  endfacet
  facet normal 0 0 1
    outer loop
      vertex 97.21999618833715 37.17896304765429 4.300000000000001
      vertex 97.32528091751033 38.78529760263459 4.300000000000001
      vertex 97.21999618833715 38.82103695234571 4.300000000000001
    endloop
  endfacet
  facet normal 0 0 1
    outer loop
      vertex 97.32528091751033 37.21470239736541 4.300000000000001
      vertex 97.425 38.73612159321677 4.300000000000001
      vertex 97.32528091751033 38.78529760263459 4.300000000000001
    endloop
  endfacet
  facet normal 0 0 1
    outer loop
      vertex 97.425 37.26387840678323 4.300000000000001
      vertex 97.51744721465741 38.67435033924755 4.300000000000001
      vertex 97.425 38.73612159321677 4.300000000000001
    endloop
  endfacet
  facet normal 0 0 1
    outer loop
      vertex 97.51744721465741 37.32564966075245 4.300000000000001
      vertex 97.60104076400856 38.601040764008566 4.300000000000001
      vertex 97.51744721465741 38.67435033924755 4.300000000000001
    endloop
  endfacet
  facet normal 0 0 1
    outer loop
      vertex 97.67435033924755 37.48255278534259 4.300000000000001
      vertex 97.73612159321678 38.425 4.300000000000001
      vertex 97.67435033924755 38.51744721465741 4.300000000000001
    endloop
  endfacet
  facet normal 0 0 1
    outer loop
      vertex 97.60104076400856 37.398959235991434 4.300000000000001
      vertex 97.67435033924755 38.51744721465741 4.300000000000001
      vertex 97.60104076400856 38.601040764008566 4.300000000000001
    endloop
  endfacet
  facet normal 0 0 1
    outer loop
      vertex 97.67435033924755 37.48255278534259 4.300000000000001
      vertex 97.73612159321678 37.575 4.300000000000001
      vertex 97.73612159321678 38.425 4.300000000000001
    endloop
  endfacet
  facet normal 0 0 1
    outer loop
      vertex 97.73612159321678 37.575 4.300000000000001
      vertex 97.7852976026346 37.67471908248967 4.300000000000001
      vertex 97.7852976026346 38.32528091751033 4.300000000000001
    endloop
  endfacet
  facet normal 0 0 1
    outer loop
      vertex 97.7852976026346 37.67471908248967 4.300000000000001
      vertex 97.82103695234571 37.78000381166286 4.300000000000001
      vertex 97.82103695234571 38.21999618833714 4.300000000000001
    endloop
  endfacet
  facet normal 0 0 1
    outer loop
      vertex 97.82103695234571 37.78000381166286 4.300000000000001
      vertex 97.84272813216774 37.88905273661295 4.300000000000001
      vertex 97.84272813216774 38.11094726338705 4.300000000000001
    endloop
  endfacet
  facet normal 0 0 1
    outer loop
      vertex 97.82103695234571 37.78000381166286 4.300000000000001
      vertex 97.84272813216774 38.11094726338705 4.300000000000001
      vertex 97.82103695234571 38.21999618833714 4.300000000000001
    endloop
  endfacet
  facet normal 0 0 1
    outer loop
      vertex 97.84272813216774 37.88905273661295 4.300000000000001
      vertex 97.85 38 4.300000000000001
      vertex 97.84272813216774 38.11094726338705 4.300000000000001
    endloop
  endfacet
  facet normal 0 0 1
    outer loop
      vertex 97.73612159321678 37.575 4.300000000000001
      vertex 97.7852976026346 38.32528091751033 4.300000000000001
      vertex 97.73612159321678 38.425 4.300000000000001
    endloop
  endfacet
  facet normal 0 0 1
    outer loop
      vertex 97.7852976026346 37.67471908248967 4.300000000000001
      vertex 97.82103695234571 38.21999618833714 4.300000000000001
      vertex 97.7852976026346 38.32528091751033 4.300000000000001
    endloop
  endfacet
  facet normal 0.19509032201609922 0.9807852804032362 0
    outer loop
      vertex 96.78000381166285 37.17896304765429 4.300000000000001
      vertex 96.78000381166285 37.17896304765429 9.600000000000001
      vertex 96.88905273661295 37.157271867832264 4.300000000000001
    endloop
  endfacet
  facet normal 0.0654031292301835 0.9978589232386008 0
    outer loop
      vertex 96.88905273661295 37.157271867832264 4.300000000000001
      vertex 96.88905273661295 37.157271867832264 9.600000000000001
      vertex 97 37.15 4.300000000000001
    endloop
  endfacet
  facet normal 0.7518398074789501 0.6593458151000999 0
    outer loop
      vertex 96.32564966075245 37.48255278534259 4.300000000000001
      vertex 96.32564966075245 37.48255278534259 9.600000000000001
      vertex 96.39895923599144 37.398959235991434 4.300000000000001
    endloop
  endfacet
  facet normal 0.8314696123025291 0.5555702330196264 0
    outer loop
      vertex 96.26387840678322 37.575 4.300000000000001
      vertex 96.26387840678322 37.575 9.600000000000001
      vertex 96.32564966075245 37.48255278534259 4.300000000000001
    endloop
  endfacet
  facet normal 0.9469301294951253 0.3214394653031035 0
    outer loop
      vertex 96.17896304765429 37.78000381166286 4.300000000000001
      vertex 96.17896304765429 37.78000381166286 9.600000000000001
      vertex 96.2147023973654 37.67471908248967 4.300000000000001
    endloop
  endfacet
  facet normal 0.9807852804032338 0.19509032201611143 0
    outer loop
      vertex 96.17896304765429 37.78000381166286 4.300000000000001
      vertex 96.15727186783226 37.88905273661295 4.300000000000001
      vertex 96.15727186783226 37.88905273661295 9.600000000000001
    endloop
  endfacet
  facet normal 0.997858923238605 0.06540312923011986 0
    outer loop
      vertex 96.15727186783226 37.88905273661295 4.300000000000001
      vertex 96.15 38 4.300000000000001
      vertex 96.15 38 9.600000000000001
    endloop
  endfacet
  facet normal 0.8968727415326844 0.442288690219009 0
    outer loop
      vertex 96.26387840678322 37.575 4.300000000000001
      vertex 96.2147023973654 37.67471908248967 4.300000000000001
      vertex 96.2147023973654 37.67471908248967 9.600000000000001
    endloop
  endfacet
  facet normal 0.997858923238605 -0.06540312923011986 0
    outer loop
      vertex 96.15 38 4.300000000000001
      vertex 96.15727186783226 38.11094726338705 4.300000000000001
      vertex 96.15727186783226 38.11094726338705 9.600000000000001
    endloop
  endfacet
  facet normal 0.9807852804032338 -0.19509032201611143 0
    outer loop
      vertex 96.15727186783226 38.11094726338705 4.300000000000001
      vertex 96.17896304765429 38.21999618833714 4.300000000000001
      vertex 96.17896304765429 38.21999618833714 9.600000000000001
    endloop
  endfacet
  facet normal 0.9469301294951253 -0.3214394653031035 0
    outer loop
      vertex 96.17896304765429 38.21999618833714 4.300000000000001
      vertex 96.2147023973654 38.32528091751033 4.300000000000001
      vertex 96.2147023973654 38.32528091751033 9.600000000000001
    endloop
  endfacet
  facet normal 0.8968727415326844 -0.442288690219009 0
    outer loop
      vertex 96.2147023973654 38.32528091751033 4.300000000000001
      vertex 96.26387840678322 38.425 4.300000000000001
      vertex 96.26387840678322 38.425 9.600000000000001
    endloop
  endfacet
  facet normal 0.8314696123025291 -0.5555702330196264 0
    outer loop
      vertex 96.26387840678322 38.425 4.300000000000001
      vertex 96.32564966075245 38.51744721465741 4.300000000000001
      vertex 96.32564966075245 38.51744721465741 9.600000000000001
    endloop
  endfacet
  facet normal 0.6593458151000956 0.7518398074789541 0
    outer loop
      vertex 96.39895923599144 37.398959235991434 4.300000000000001
      vertex 96.39895923599144 37.398959235991434 9.600000000000001
      vertex 96.48255278534259 37.32564966075245 4.300000000000001
    endloop
  endfacet
  facet normal 0.5555702330195822 0.8314696123025586 0
    outer loop
      vertex 96.48255278534259 37.32564966075245 4.300000000000001
      vertex 96.48255278534259 37.32564966075245 9.600000000000001
      vertex 96.575 37.26387840678323 4.300000000000001
    endloop
  endfacet
  facet normal 0.442288690219009 0.8968727415326844 0
    outer loop
      vertex 96.67471908248967 37.21470239736541 4.300000000000001
      vertex 96.575 37.26387840678323 4.300000000000001
      vertex 96.575 37.26387840678323 9.600000000000001
    endloop
  endfacet
  facet normal 0.3214394653031803 0.9469301294950992 0
    outer loop
      vertex 96.67471908248967 37.21470239736541 4.300000000000001
      vertex 96.67471908248967 37.21470239736541 9.600000000000001
      vertex 96.78000381166285 37.17896304765429 4.300000000000001
    endloop
  endfacet
  facet normal 0.7518398074789501 -0.6593458151000999 0
    outer loop
      vertex 96.32564966075245 38.51744721465741 4.300000000000001
      vertex 96.39895923599144 38.601040764008566 4.300000000000001
      vertex 96.39895923599144 38.601040764008566 9.600000000000001
    endloop
  endfacet
  facet normal 0.6593458151000956 -0.7518398074789541 0
    outer loop
      vertex 96.39895923599144 38.601040764008566 4.300000000000001
      vertex 96.48255278534259 38.67435033924755 4.300000000000001
      vertex 96.48255278534259 38.67435033924755 9.600000000000001
    endloop
  endfacet
  facet normal 0.5555702330195822 -0.8314696123025586 0
    outer loop
      vertex 96.48255278534259 38.67435033924755 4.300000000000001
      vertex 96.575 38.73612159321677 4.300000000000001
      vertex 96.575 38.73612159321677 9.600000000000001
    endloop
  endfacet
  facet normal 0.442288690219009 -0.8968727415326844 0
    outer loop
      vertex 96.575 38.73612159321677 4.300000000000001
      vertex 96.67471908248967 38.78529760263459 4.300000000000001
      vertex 96.67471908248967 38.78529760263459 9.600000000000001
    endloop
  endfacet
  facet normal 0.3214394653031803 -0.9469301294950992 0
    outer loop
      vertex 96.67471908248967 38.78529760263459 4.300000000000001
      vertex 96.78000381166285 38.82103695234571 4.300000000000001
      vertex 96.78000381166285 38.82103695234571 9.600000000000001
    endloop
  endfacet
  facet normal 0.19509032201609922 -0.9807852804032362 0
    outer loop
      vertex 96.78000381166285 38.82103695234571 4.300000000000001
      vertex 96.88905273661295 38.842728132167736 4.300000000000001
      vertex 96.88905273661295 38.842728132167736 9.600000000000001
    endloop
  endfacet
  facet normal 0.0654031292301835 -0.9978589232386008 0
    outer loop
      vertex 96.88905273661295 38.842728132167736 4.300000000000001
      vertex 97 38.85 4.300000000000001
      vertex 97 38.85 9.600000000000001
    endloop
  endfacet
  facet normal -0.0654031292301835 0.9978589232386008 0
    outer loop
      vertex 97 37.15 4.300000000000001
      vertex 97 37.15 9.600000000000001
      vertex 97.11094726338705 37.157271867832264 4.300000000000001
    endloop
  endfacet
  facet normal -0.19509032201609922 0.9807852804032362 0
    outer loop
      vertex 97.11094726338705 37.157271867832264 4.300000000000001
      vertex 97.11094726338705 37.157271867832264 9.600000000000001
      vertex 97.21999618833715 37.17896304765429 4.300000000000001
    endloop
  endfacet
  facet normal -0.3214394653031803 0.9469301294950992 0
    outer loop
      vertex 97.21999618833715 37.17896304765429 4.300000000000001
      vertex 97.21999618833715 37.17896304765429 9.600000000000001
      vertex 97.32528091751033 37.21470239736541 4.300000000000001
    endloop
  endfacet
  facet normal -0.442288690219009 0.8968727415326844 0
    outer loop
      vertex 97.32528091751033 37.21470239736541 4.300000000000001
      vertex 97.32528091751033 37.21470239736541 9.600000000000001
      vertex 97.425 37.26387840678323 4.300000000000001
    endloop
  endfacet
  facet normal -0.5555702330195822 0.8314696123025586 0
    outer loop
      vertex 97.425 37.26387840678323 4.300000000000001
      vertex 97.425 37.26387840678323 9.600000000000001
      vertex 97.51744721465741 37.32564966075245 4.300000000000001
    endloop
  endfacet
  facet normal -0.6593458151000956 0.7518398074789541 0
    outer loop
      vertex 97.51744721465741 37.32564966075245 4.300000000000001
      vertex 97.51744721465741 37.32564966075245 9.600000000000001
      vertex 97.60104076400856 37.398959235991434 4.300000000000001
    endloop
  endfacet
  facet normal -0.7518398074789501 0.6593458151000999 0
    outer loop
      vertex 97.60104076400856 37.398959235991434 4.300000000000001
      vertex 97.60104076400856 37.398959235991434 9.600000000000001
      vertex 97.67435033924755 37.48255278534259 4.300000000000001
    endloop
  endfacet
  facet normal -0.8314696123025291 0.5555702330196264 0
    outer loop
      vertex 97.67435033924755 37.48255278534259 4.300000000000001
      vertex 97.67435033924755 37.48255278534259 9.600000000000001
      vertex 97.73612159321678 37.575 4.300000000000001
    endloop
  endfacet
  facet normal -0.0654031292301835 -0.9978589232386008 0
    outer loop
      vertex 97 38.85 4.300000000000001
      vertex 97.11094726338705 38.842728132167736 4.300000000000001
      vertex 97.11094726338705 38.842728132167736 9.600000000000001
    endloop
  endfacet
  facet normal -0.19509032201609922 -0.9807852804032362 0
    outer loop
      vertex 97.11094726338705 38.842728132167736 4.300000000000001
      vertex 97.21999618833715 38.82103695234571 4.300000000000001
      vertex 97.21999618833715 38.82103695234571 9.600000000000001
    endloop
  endfacet
  facet normal -0.3214394653031803 -0.9469301294950992 0
    outer loop
      vertex 97.21999618833715 38.82103695234571 4.300000000000001
      vertex 97.32528091751033 38.78529760263459 4.300000000000001
      vertex 97.32528091751033 38.78529760263459 9.600000000000001
    endloop
  endfacet
  facet normal -0.442288690219009 -0.8968727415326844 0
    outer loop
      vertex 97.32528091751033 38.78529760263459 4.300000000000001
      vertex 97.425 38.73612159321677 4.300000000000001
      vertex 97.425 38.73612159321677 9.600000000000001
    endloop
  endfacet
  facet normal -0.5555702330195822 -0.8314696123025586 0
    outer loop
      vertex 97.51744721465741 38.67435033924755 4.300000000000001
      vertex 97.51744721465741 38.67435033924755 9.600000000000001
      vertex 97.425 38.73612159321677 4.300000000000001
    endloop
  endfacet
  facet normal -0.6593458151000956 -0.7518398074789541 0
    outer loop
      vertex 97.51744721465741 38.67435033924755 4.300000000000001
      vertex 97.60104076400856 38.601040764008566 4.300000000000001
      vertex 97.60104076400856 38.601040764008566 9.600000000000001
    endloop
  endfacet
  facet normal -0.7518398074789501 -0.6593458151000999 0
    outer loop
      vertex 97.60104076400856 38.601040764008566 4.300000000000001
      vertex 97.67435033924755 38.51744721465741 4.300000000000001
      vertex 97.67435033924755 38.51744721465741 9.600000000000001
    endloop
  endfacet
  facet normal -0.8968727415326844 0.442288690219009 0
    outer loop
      vertex 97.73612159321678 37.575 4.300000000000001
      vertex 97.73612159321678 37.575 9.600000000000001
      vertex 97.7852976026346 37.67471908248967 4.300000000000001
    endloop
  endfacet
  facet normal -0.9469301294951253 0.3214394653031035 0
    outer loop
      vertex 97.7852976026346 37.67471908248967 4.300000000000001
      vertex 97.7852976026346 37.67471908248967 9.600000000000001
      vertex 97.82103695234571 37.78000381166286 4.300000000000001
    endloop
  endfacet
  facet normal -0.9807852804032338 0.19509032201611143 0
    outer loop
      vertex 97.82103695234571 37.78000381166286 4.300000000000001
      vertex 97.82103695234571 37.78000381166286 9.600000000000001
      vertex 97.84272813216774 37.88905273661295 4.300000000000001
    endloop
  endfacet
  facet normal -0.997858923238605 0.06540312923011986 0
    outer loop
      vertex 97.84272813216774 37.88905273661295 4.300000000000001
      vertex 97.84272813216774 37.88905273661295 9.600000000000001
      vertex 97.85 38 4.300000000000001
    endloop
  endfacet
  facet normal -0.997858923238605 -0.06540312923011986 0
    outer loop
      vertex 97.85 38 4.300000000000001
      vertex 97.85 38 9.600000000000001
      vertex 97.84272813216774 38.11094726338705 4.300000000000001
    endloop
  endfacet
  facet normal -0.9807852804032338 -0.19509032201611143 0
    outer loop
      vertex 97.84272813216774 38.11094726338705 4.300000000000001
      vertex 97.84272813216774 38.11094726338705 9.600000000000001
      vertex 97.82103695234571 38.21999618833714 4.300000000000001
    endloop
  endfacet
  facet normal -0.9469301294951253 -0.3214394653031035 0
    outer loop
      vertex 97.82103695234571 38.21999618833714 4.300000000000001
      vertex 97.82103695234571 38.21999618833714 9.600000000000001
      vertex 97.7852976026346 38.32528091751033 4.300000000000001
    endloop
  endfacet
  facet normal -0.8968727415326844 -0.442288690219009 0
    outer loop
      vertex 97.7852976026346 38.32528091751033 4.300000000000001
      vertex 97.7852976026346 38.32528091751033 9.600000000000001
      vertex 97.73612159321678 38.425 4.300000000000001
    endloop
  endfacet
  facet normal -0.8314696123025291 -0.5555702330196264 0
    outer loop
      vertex 97.67435033924755 38.51744721465741 4.300000000000001
      vertex 97.73612159321678 38.425 4.300000000000001
      vertex 97.73612159321678 38.425 9.600000000000001
    endloop
  endfacet
  facet normal 0.3214394653031803 0.9469301294950992 0
    outer loop
      vertex 96.78000381166285 37.17896304765429 4.300000000000001
      vertex 96.67471908248967 37.21470239736541 9.600000000000001
      vertex 96.78000381166285 37.17896304765429 9.600000000000001
    endloop
  endfacet
  facet normal 0.19509032201609922 0.9807852804032362 0
    outer loop
      vertex 96.88905273661295 37.157271867832264 4.300000000000001
      vertex 96.78000381166285 37.17896304765429 9.600000000000001
      vertex 96.88905273661295 37.157271867832264 9.600000000000001
    endloop
  endfacet
  facet normal 0.0654031292301835 0.9978589232386008 0
    outer loop
      vertex 97 37.15 4.300000000000001
      vertex 96.88905273661295 37.157271867832264 9.600000000000001
      vertex 97 37.15 9.600000000000001
    endloop
  endfacet
  facet normal 0.8968727415326844 0.442288690219009 0
    outer loop
      vertex 96.26387840678322 37.575 4.300000000000001
      vertex 96.2147023973654 37.67471908248967 9.600000000000001
      vertex 96.26387840678322 37.575 9.600000000000001
    endloop
  endfacet
  facet normal 0.8314696123025291 0.5555702330196264 0
    outer loop
      vertex 96.32564966075245 37.48255278534259 4.300000000000001
      vertex 96.26387840678322 37.575 9.600000000000001
      vertex 96.32564966075245 37.48255278534259 9.600000000000001
    endloop
  endfacet
  facet normal 0.9807852804032338 0.19509032201611143 0
    outer loop
      vertex 96.17896304765429 37.78000381166286 4.300000000000001
      vertex 96.15727186783226 37.88905273661295 9.600000000000001
      vertex 96.17896304765429 37.78000381166286 9.600000000000001
    endloop
  endfacet
  facet normal 0.997858923238605 0.06540312923011986 0
    outer loop
      vertex 96.15727186783226 37.88905273661295 4.300000000000001
      vertex 96.15 38 9.600000000000001
      vertex 96.15727186783226 37.88905273661295 9.600000000000001
    endloop
  endfacet
  facet normal 0.997858923238605 -0.06540312923011986 0
    outer loop
      vertex 96.15 38 4.300000000000001
      vertex 96.15727186783226 38.11094726338705 9.600000000000001
      vertex 96.15 38 9.600000000000001
    endloop
  endfacet
  facet normal 0.9469301294951253 0.3214394653031035 0
    outer loop
      vertex 96.2147023973654 37.67471908248967 4.300000000000001
      vertex 96.17896304765429 37.78000381166286 9.600000000000001
      vertex 96.2147023973654 37.67471908248967 9.600000000000001
    endloop
  endfacet
  facet normal 0.9807852804032338 -0.19509032201611143 0
    outer loop
      vertex 96.15727186783226 38.11094726338705 4.300000000000001
      vertex 96.17896304765429 38.21999618833714 9.600000000000001
      vertex 96.15727186783226 38.11094726338705 9.600000000000001
    endloop
  endfacet
  facet normal 0.9469301294951253 -0.3214394653031035 0
    outer loop
      vertex 96.17896304765429 38.21999618833714 4.300000000000001
      vertex 96.2147023973654 38.32528091751033 9.600000000000001
      vertex 96.17896304765429 38.21999618833714 9.600000000000001
    endloop
  endfacet
  facet normal 0.8968727415326844 -0.442288690219009 0
    outer loop
      vertex 96.2147023973654 38.32528091751033 4.300000000000001
      vertex 96.26387840678322 38.425 9.600000000000001
      vertex 96.2147023973654 38.32528091751033 9.600000000000001
    endloop
  endfacet
  facet normal 0.8314696123025291 -0.5555702330196264 0
    outer loop
      vertex 96.26387840678322 38.425 4.300000000000001
      vertex 96.32564966075245 38.51744721465741 9.600000000000001
      vertex 96.26387840678322 38.425 9.600000000000001
    endloop
  endfacet
  facet normal 0.7518398074789501 -0.6593458151000999 0
    outer loop
      vertex 96.32564966075245 38.51744721465741 4.300000000000001
      vertex 96.39895923599144 38.601040764008566 9.600000000000001
      vertex 96.32564966075245 38.51744721465741 9.600000000000001
    endloop
  endfacet
  facet normal 0.6593458151000956 0.7518398074789541 0
    outer loop
      vertex 96.48255278534259 37.32564966075245 4.300000000000001
      vertex 96.39895923599144 37.398959235991434 9.600000000000001
      vertex 96.48255278534259 37.32564966075245 9.600000000000001
    endloop
  endfacet
  facet normal 0.7518398074789501 0.6593458151000999 0
    outer loop
      vertex 96.39895923599144 37.398959235991434 4.300000000000001
      vertex 96.32564966075245 37.48255278534259 9.600000000000001
      vertex 96.39895923599144 37.398959235991434 9.600000000000001
    endloop
  endfacet
  facet normal 0.5555702330195822 0.8314696123025586 0
    outer loop
      vertex 96.575 37.26387840678323 4.300000000000001
      vertex 96.48255278534259 37.32564966075245 9.600000000000001
      vertex 96.575 37.26387840678323 9.600000000000001
    endloop
  endfacet
  facet normal 0.442288690219009 0.8968727415326844 0
    outer loop
      vertex 96.67471908248967 37.21470239736541 4.300000000000001
      vertex 96.575 37.26387840678323 9.600000000000001
      vertex 96.67471908248967 37.21470239736541 9.600000000000001
    endloop
  endfacet
  facet normal 0.6593458151000956 -0.7518398074789541 0
    outer loop
      vertex 96.39895923599144 38.601040764008566 4.300000000000001
      vertex 96.48255278534259 38.67435033924755 9.600000000000001
      vertex 96.39895923599144 38.601040764008566 9.600000000000001
    endloop
  endfacet
  facet normal 0.5555702330195822 -0.8314696123025586 0
    outer loop
      vertex 96.48255278534259 38.67435033924755 4.300000000000001
      vertex 96.575 38.73612159321677 9.600000000000001
      vertex 96.48255278534259 38.67435033924755 9.600000000000001
    endloop
  endfacet
  facet normal 0.442288690219009 -0.8968727415326844 0
    outer loop
      vertex 96.575 38.73612159321677 4.300000000000001
      vertex 96.67471908248967 38.78529760263459 9.600000000000001
      vertex 96.575 38.73612159321677 9.600000000000001
    endloop
  endfacet
  facet normal 0.3214394653031803 -0.9469301294950992 0
    outer loop
      vertex 96.67471908248967 38.78529760263459 4.300000000000001
      vertex 96.78000381166285 38.82103695234571 9.600000000000001
      vertex 96.67471908248967 38.78529760263459 9.600000000000001
    endloop
  endfacet
  facet normal 0.19509032201609922 -0.9807852804032362 0
    outer loop
      vertex 96.78000381166285 38.82103695234571 4.300000000000001
      vertex 96.88905273661295 38.842728132167736 9.600000000000001
      vertex 96.78000381166285 38.82103695234571 9.600000000000001
    endloop
  endfacet
  facet normal 0.0654031292301835 -0.9978589232386008 0
    outer loop
      vertex 96.88905273661295 38.842728132167736 4.300000000000001
      vertex 97 38.85 9.600000000000001
      vertex 96.88905273661295 38.842728132167736 9.600000000000001
    endloop
  endfacet
  facet normal -0.0654031292301835 0.9978589232386008 0
    outer loop
      vertex 97.11094726338705 37.157271867832264 4.300000000000001
      vertex 97 37.15 9.600000000000001
      vertex 97.11094726338705 37.157271867832264 9.600000000000001
    endloop
  endfacet
  facet normal -0.19509032201609922 0.9807852804032362 0
    outer loop
      vertex 97.21999618833715 37.17896304765429 4.300000000000001
      vertex 97.11094726338705 37.157271867832264 9.600000000000001
      vertex 97.21999618833715 37.17896304765429 9.600000000000001
    endloop
  endfacet
  facet normal -0.3214394653031803 0.9469301294950992 0
    outer loop
      vertex 97.32528091751033 37.21470239736541 4.300000000000001
      vertex 97.21999618833715 37.17896304765429 9.600000000000001
      vertex 97.32528091751033 37.21470239736541 9.600000000000001
    endloop
  endfacet
  facet normal -0.442288690219009 0.8968727415326844 0
    outer loop
      vertex 97.425 37.26387840678323 4.300000000000001
      vertex 97.32528091751033 37.21470239736541 9.600000000000001
      vertex 97.425 37.26387840678323 9.600000000000001
    endloop
  endfacet
  facet normal -0.5555702330195822 0.8314696123025586 0
    outer loop
      vertex 97.51744721465741 37.32564966075245 4.300000000000001
      vertex 97.425 37.26387840678323 9.600000000000001
      vertex 97.51744721465741 37.32564966075245 9.600000000000001
    endloop
  endfacet
  facet normal -0.6593458151000956 0.7518398074789541 0
    outer loop
      vertex 97.60104076400856 37.398959235991434 4.300000000000001
      vertex 97.51744721465741 37.32564966075245 9.600000000000001
      vertex 97.60104076400856 37.398959235991434 9.600000000000001
    endloop
  endfacet
  facet normal -0.7518398074789501 0.6593458151000999 0
    outer loop
      vertex 97.67435033924755 37.48255278534259 4.300000000000001
      vertex 97.60104076400856 37.398959235991434 9.600000000000001
      vertex 97.67435033924755 37.48255278534259 9.600000000000001
    endloop
  endfacet
  facet normal -0.0654031292301835 -0.9978589232386008 0
    outer loop
      vertex 97 38.85 4.300000000000001
      vertex 97.11094726338705 38.842728132167736 9.600000000000001
      vertex 97 38.85 9.600000000000001
    endloop
  endfacet
  facet normal -0.19509032201609922 -0.9807852804032362 0
    outer loop
      vertex 97.11094726338705 38.842728132167736 4.300000000000001
      vertex 97.21999618833715 38.82103695234571 9.600000000000001
      vertex 97.11094726338705 38.842728132167736 9.600000000000001
    endloop
  endfacet
  facet normal -0.3214394653031803 -0.9469301294950992 0
    outer loop
      vertex 97.21999618833715 38.82103695234571 4.300000000000001
      vertex 97.32528091751033 38.78529760263459 9.600000000000001
      vertex 97.21999618833715 38.82103695234571 9.600000000000001
    endloop
  endfacet
  facet normal -0.442288690219009 -0.8968727415326844 0
    outer loop
      vertex 97.32528091751033 38.78529760263459 4.300000000000001
      vertex 97.425 38.73612159321677 9.600000000000001
      vertex 97.32528091751033 38.78529760263459 9.600000000000001
    endloop
  endfacet
  facet normal -0.5555702330195822 -0.8314696123025586 0
    outer loop
      vertex 97.425 38.73612159321677 4.300000000000001
      vertex 97.51744721465741 38.67435033924755 9.600000000000001
      vertex 97.425 38.73612159321677 9.600000000000001
    endloop
  endfacet
  facet normal -0.6593458151000956 -0.7518398074789541 0
    outer loop
      vertex 97.51744721465741 38.67435033924755 4.300000000000001
      vertex 97.60104076400856 38.601040764008566 9.600000000000001
      vertex 97.51744721465741 38.67435033924755 9.600000000000001
    endloop
  endfacet
  facet normal -0.7518398074789501 -0.6593458151000999 0
    outer loop
      vertex 97.60104076400856 38.601040764008566 4.300000000000001
      vertex 97.67435033924755 38.51744721465741 9.600000000000001
      vertex 97.60104076400856 38.601040764008566 9.600000000000001
    endloop
  endfacet
  facet normal -0.8314696123025291 -0.5555702330196264 0
    outer loop
      vertex 97.67435033924755 38.51744721465741 4.300000000000001
      vertex 97.73612159321678 38.425 9.600000000000001
      vertex 97.67435033924755 38.51744721465741 9.600000000000001
    endloop
  endfacet
  facet normal -0.8314696123025291 0.5555702330196264 0
    outer loop
      vertex 97.73612159321678 37.575 4.300000000000001
      vertex 97.67435033924755 37.48255278534259 9.600000000000001
      vertex 97.73612159321678 37.575 9.600000000000001
    endloop
  endfacet
  facet normal -0.8968727415326844 0.442288690219009 0
    outer loop
      vertex 97.7852976026346 37.67471908248967 4.300000000000001
      vertex 97.73612159321678 37.575 9.600000000000001
      vertex 97.7852976026346 37.67471908248967 9.600000000000001
    endloop
  endfacet
  facet normal -0.9469301294951253 0.3214394653031035 0
    outer loop
      vertex 97.82103695234571 37.78000381166286 4.300000000000001
      vertex 97.7852976026346 37.67471908248967 9.600000000000001
      vertex 97.82103695234571 37.78000381166286 9.600000000000001
    endloop
  endfacet
  facet normal -0.9807852804032338 0.19509032201611143 0
    outer loop
      vertex 97.84272813216774 37.88905273661295 4.300000000000001
      vertex 97.82103695234571 37.78000381166286 9.600000000000001
      vertex 97.84272813216774 37.88905273661295 9.600000000000001
    endloop
  endfacet
  facet normal -0.997858923238605 0.06540312923011986 0
    outer loop
      vertex 97.85 38 4.300000000000001
      vertex 97.84272813216774 37.88905273661295 9.600000000000001
      vertex 97.85 38 9.600000000000001
    endloop
  endfacet
  facet normal -0.997858923238605 -0.06540312923011986 0
    outer loop
      vertex 97.84272813216774 38.11094726338705 4.300000000000001
      vertex 97.85 38 9.600000000000001
      vertex 97.84272813216774 38.11094726338705 9.600000000000001
    endloop
  endfacet
  facet normal -0.9807852804032338 -0.19509032201611143 0
    outer loop
      vertex 97.82103695234571 38.21999618833714 4.300000000000001
      vertex 97.84272813216774 38.11094726338705 9.600000000000001
      vertex 97.82103695234571 38.21999618833714 9.600000000000001
    endloop
  endfacet
  facet normal -0.8968727415326844 -0.442288690219009 0
    outer loop
      vertex 97.73612159321678 38.425 4.300000000000001
      vertex 97.7852976026346 38.32528091751033 9.600000000000001
      vertex 97.73612159321678 38.425 9.600000000000001
    endloop
  endfacet
  facet normal -0.9469301294951253 -0.3214394653031035 0
    outer loop
      vertex 97.7852976026346 38.32528091751033 4.300000000000001
      vertex 97.82103695234571 38.21999618833714 9.600000000000001
      vertex 97.7852976026346 38.32528091751033 9.600000000000001
    endloop
  endfacet
  facet normal 0 0 1
    outer loop
      vertex 114.15727186783226 37.88905273661295 4.300000000000001
      vertex 114.15727186783226 38.11094726338705 4.300000000000001
      vertex 114.15 38 4.300000000000001
    endloop
  endfacet
  facet normal 0 0 1
    outer loop
      vertex 114.17896304765429 37.78000381166286 4.300000000000001
      vertex 114.2147023973654 37.67471908248967 4.300000000000001
      vertex 114.2147023973654 38.32528091751033 4.300000000000001
    endloop
  endfacet
  facet normal 0 0 1
    outer loop
      vertex 114.26387840678322 37.575 4.300000000000001
      vertex 114.26387840678322 38.425 4.300000000000001
      vertex 114.2147023973654 37.67471908248967 4.300000000000001
    endloop
  endfacet
  facet normal 0 0 1
    outer loop
      vertex 114.17896304765429 37.78000381166286 4.300000000000001
      vertex 114.17896304765429 38.21999618833714 4.300000000000001
      vertex 114.15727186783226 37.88905273661295 4.300000000000001
    endloop
  endfacet
  facet normal 0 0 1
    outer loop
      vertex 114.26387840678322 37.575 4.300000000000001
      vertex 114.32564966075245 37.48255278534259 4.300000000000001
      vertex 114.32564966075245 38.51744721465741 4.300000000000001
    endloop
  endfacet
  facet normal 0 0 1
    outer loop
      vertex 114.15727186783226 37.88905273661295 4.300000000000001
      vertex 114.17896304765429 38.21999618833714 4.300000000000001
      vertex 114.15727186783226 38.11094726338705 4.300000000000001
    endloop
  endfacet
  facet normal 0 0 1
    outer loop
      vertex 114.17896304765429 37.78000381166286 4.300000000000001
      vertex 114.2147023973654 38.32528091751033 4.300000000000001
      vertex 114.17896304765429 38.21999618833714 4.300000000000001
    endloop
  endfacet
  facet normal 0 0 1
    outer loop
      vertex 114.2147023973654 37.67471908248967 4.300000000000001
      vertex 114.26387840678322 38.425 4.300000000000001
      vertex 114.2147023973654 38.32528091751033 4.300000000000001
    endloop
  endfacet
  facet normal 0 0 1
    outer loop
      vertex 114.26387840678322 37.575 4.300000000000001
      vertex 114.32564966075245 38.51744721465741 4.300000000000001
      vertex 114.26387840678322 38.425 4.300000000000001
    endloop
  endfacet
  facet normal 0 0 1
    outer loop
      vertex 114.32564966075245 37.48255278534259 4.300000000000001
      vertex 114.39895923599144 37.398959235991434 4.300000000000001
      vertex 114.39895923599144 38.601040764008566 4.300000000000001
    endloop
  endfacet
  facet normal 0 0 1
    outer loop
      vertex 114.39895923599144 37.398959235991434 4.300000000000001
      vertex 114.48255278534259 37.32564966075245 4.300000000000001
      vertex 114.48255278534259 38.67435033924755 4.300000000000001
    endloop
  endfacet
  facet normal 0 0 1
    outer loop
      vertex 114.48255278534259 37.32564966075245 4.300000000000001
      vertex 114.575 37.26387840678323 4.300000000000001
      vertex 114.575 38.73612159321677 4.300000000000001
    endloop
  endfacet
  facet normal 0 0 1
    outer loop
      vertex 114.67471908248967 37.21470239736541 4.300000000000001
      vertex 114.67471908248967 38.78529760263459 4.300000000000001
      vertex 114.575 37.26387840678323 4.300000000000001
    endloop
  endfacet
  facet normal 0 0 1
    outer loop
      vertex 114.67471908248967 37.21470239736541 4.300000000000001
      vertex 114.78000381166285 37.17896304765429 4.300000000000001
      vertex 114.78000381166285 38.82103695234571 4.300000000000001
    endloop
  endfacet
  facet normal 0 0 1
    outer loop
      vertex 114.78000381166285 37.17896304765429 4.300000000000001
      vertex 114.88905273661295 37.157271867832264 4.300000000000001
      vertex 114.88905273661295 38.842728132167736 4.300000000000001
    endloop
  endfacet
  facet normal 0 0 1
    outer loop
      vertex 114.88905273661295 37.157271867832264 4.300000000000001
      vertex 115 37.15 4.300000000000001
      vertex 115 38.85 4.300000000000001
    endloop
  endfacet
  facet normal 0 0 1
    outer loop
      vertex 114.32564966075245 37.48255278534259 4.300000000000001
      vertex 114.39895923599144 38.601040764008566 4.300000000000001
      vertex 114.32564966075245 38.51744721465741 4.300000000000001
    endloop
  endfacet
  facet normal 0 0 1
    outer loop
      vertex 114.39895923599144 37.398959235991434 4.300000000000001
      vertex 114.48255278534259 38.67435033924755 4.300000000000001
      vertex 114.39895923599144 38.601040764008566 4.300000000000001
    endloop
  endfacet
  facet normal 0 0 1
    outer loop
      vertex 114.48255278534259 37.32564966075245 4.300000000000001
      vertex 114.575 38.73612159321677 4.300000000000001
      vertex 114.48255278534259 38.67435033924755 4.300000000000001
    endloop
  endfacet
  facet normal 0 0 1
    outer loop
      vertex 114.575 37.26387840678323 4.300000000000001
      vertex 114.67471908248967 38.78529760263459 4.300000000000001
      vertex 114.575 38.73612159321677 4.300000000000001
    endloop
  endfacet
  facet normal 0 0 1
    outer loop
      vertex 114.67471908248967 37.21470239736541 4.300000000000001
      vertex 114.78000381166285 38.82103695234571 4.300000000000001
      vertex 114.67471908248967 38.78529760263459 4.300000000000001
    endloop
  endfacet
  facet normal 0 0 1
    outer loop
      vertex 114.78000381166285 37.17896304765429 4.300000000000001
      vertex 114.88905273661295 38.842728132167736 4.300000000000001
      vertex 114.78000381166285 38.82103695234571 4.300000000000001
    endloop
  endfacet
  facet normal 0 0 1
    outer loop
      vertex 114.88905273661295 37.157271867832264 4.300000000000001
      vertex 115 38.85 4.300000000000001
      vertex 114.88905273661295 38.842728132167736 4.300000000000001
    endloop
  endfacet
  facet normal 0 0 1
    outer loop
      vertex 115 37.15 4.300000000000001
      vertex 115.11094726338705 37.157271867832264 4.300000000000001
      vertex 115.11094726338705 38.842728132167736 4.300000000000001
    endloop
  endfacet
  facet normal 0 0 1
    outer loop
      vertex 115.11094726338705 37.157271867832264 4.300000000000001
      vertex 115.21999618833715 37.17896304765429 4.300000000000001
      vertex 115.21999618833715 38.82103695234571 4.300000000000001
    endloop
  endfacet
  facet normal 0 0 1
    outer loop
      vertex 115.21999618833715 37.17896304765429 4.300000000000001
      vertex 115.32528091751033 37.21470239736541 4.300000000000001
      vertex 115.32528091751033 38.78529760263459 4.300000000000001
    endloop
  endfacet
  facet normal 0 0 1
    outer loop
      vertex 115.32528091751033 37.21470239736541 4.300000000000001
      vertex 115.425 37.26387840678323 4.300000000000001
      vertex 115.425 38.73612159321677 4.300000000000001
    endloop
  endfacet
  facet normal 0 0 1
    outer loop
      vertex 115.425 37.26387840678323 4.300000000000001
      vertex 115.51744721465741 37.32564966075245 4.300000000000001
      vertex 115.51744721465741 38.67435033924755 4.300000000000001
    endloop
  endfacet
  facet normal 0 0 1
    outer loop
      vertex 115.51744721465741 37.32564966075245 4.300000000000001
      vertex 115.60104076400856 37.398959235991434 4.300000000000001
      vertex 115.60104076400856 38.601040764008566 4.300000000000001
    endloop
  endfacet
  facet normal 0 0 1
    outer loop
      vertex 115.60104076400856 37.398959235991434 4.300000000000001
      vertex 115.67435033924755 37.48255278534259 4.300000000000001
      vertex 115.67435033924755 38.51744721465741 4.300000000000001
    endloop
  endfacet
  facet normal 0 0 1
    outer loop
      vertex 115 37.15 4.300000000000001
      vertex 115.11094726338705 38.842728132167736 4.300000000000001
      vertex 115 38.85 4.300000000000001
    endloop
  endfacet
  facet normal 0 0 1
    outer loop
      vertex 115.11094726338705 37.157271867832264 4.300000000000001
      vertex 115.21999618833715 38.82103695234571 4.300000000000001
      vertex 115.11094726338705 38.842728132167736 4.300000000000001
    endloop
  endfacet
  facet normal 0 0 1
    outer loop
      vertex 115.21999618833715 37.17896304765429 4.300000000000001
      vertex 115.32528091751033 38.78529760263459 4.300000000000001
      vertex 115.21999618833715 38.82103695234571 4.300000000000001
    endloop
  endfacet
  facet normal 0 0 1
    outer loop
      vertex 115.32528091751033 37.21470239736541 4.300000000000001
      vertex 115.425 38.73612159321677 4.300000000000001
      vertex 115.32528091751033 38.78529760263459 4.300000000000001
    endloop
  endfacet
  facet normal 0 0 1
    outer loop
      vertex 115.425 37.26387840678323 4.300000000000001
      vertex 115.51744721465741 38.67435033924755 4.300000000000001
      vertex 115.425 38.73612159321677 4.300000000000001
    endloop
  endfacet
  facet normal 0 0 1
    outer loop
      vertex 115.51744721465741 37.32564966075245 4.300000000000001
      vertex 115.60104076400856 38.601040764008566 4.300000000000001
      vertex 115.51744721465741 38.67435033924755 4.300000000000001
    endloop
  endfacet
  facet normal 0 0 1
    outer loop
      vertex 115.60104076400856 37.398959235991434 4.300000000000001
      vertex 115.67435033924755 38.51744721465741 4.300000000000001
      vertex 115.60104076400856 38.601040764008566 4.300000000000001
    endloop
  endfacet
  facet normal 0 0 1
    outer loop
      vertex 115.67435033924755 37.48255278534259 4.300000000000001
      vertex 115.73612159321678 37.575 4.300000000000001
      vertex 115.73612159321678 38.425 4.300000000000001
    endloop
  endfacet
  facet normal 0 0 1
    outer loop
      vertex 115.73612159321678 37.575 4.300000000000001
      vertex 115.7852976026346 37.67471908248967 4.300000000000001
      vertex 115.7852976026346 38.32528091751033 4.300000000000001
    endloop
  endfacet
  facet normal 0 0 1
    outer loop
      vertex 115.7852976026346 37.67471908248967 4.300000000000001
      vertex 115.82103695234571 37.78000381166286 4.300000000000001
      vertex 115.82103695234571 38.21999618833714 4.300000000000001
    endloop
  endfacet
  facet normal 0 0 1
    outer loop
      vertex 115.82103695234571 37.78000381166286 4.300000000000001
      vertex 115.84272813216774 38.11094726338705 4.300000000000001
      vertex 115.82103695234571 38.21999618833714 4.300000000000001
    endloop
  endfacet
  facet normal 0 0 1
    outer loop
      vertex 115.82103695234571 37.78000381166286 4.300000000000001
      vertex 115.84272813216774 37.88905273661295 4.300000000000001
      vertex 115.84272813216774 38.11094726338705 4.300000000000001
    endloop
  endfacet
  facet normal 0 0 1
    outer loop
      vertex 115.84272813216774 37.88905273661295 4.300000000000001
      vertex 115.85 38 4.300000000000001
      vertex 115.84272813216774 38.11094726338705 4.300000000000001
    endloop
  endfacet
  facet normal 0 0 1
    outer loop
      vertex 115.67435033924755 37.48255278534259 4.300000000000001
      vertex 115.73612159321678 38.425 4.300000000000001
      vertex 115.67435033924755 38.51744721465741 4.300000000000001
    endloop
  endfacet
  facet normal 0 0 1
    outer loop
      vertex 115.73612159321678 37.575 4.300000000000001
      vertex 115.7852976026346 38.32528091751033 4.300000000000001
      vertex 115.73612159321678 38.425 4.300000000000001
    endloop
  endfacet
  facet normal 0 0 1
    outer loop
      vertex 115.7852976026346 37.67471908248967 4.300000000000001
      vertex 115.82103695234571 38.21999618833714 4.300000000000001
      vertex 115.7852976026346 38.32528091751033 4.300000000000001
    endloop
  endfacet
  facet normal 0.8314696123025291 0.5555702330196264 0
    outer loop
      vertex 114.26387840678322 37.575 4.300000000000001
      vertex 114.26387840678322 37.575 9.600000000000001
      vertex 114.32564966075245 37.48255278534259 4.300000000000001
    endloop
  endfacet
  facet normal 0.9807852804032338 0.19509032201611143 0
    outer loop
      vertex 114.17896304765429 37.78000381166286 4.300000000000001
      vertex 114.15727186783226 37.88905273661295 4.300000000000001
      vertex 114.15727186783226 37.88905273661295 9.600000000000001
    endloop
  endfacet
  facet normal 0.997858923238605 0.06540312923011986 0
    outer loop
      vertex 114.15727186783226 37.88905273661295 4.300000000000001
      vertex 114.15 38 4.300000000000001
      vertex 114.15 38 9.600000000000001
    endloop
  endfacet
  facet normal 0.8968727415326844 0.442288690219009 0
    outer loop
      vertex 114.26387840678322 37.575 4.300000000000001
      vertex 114.2147023973654 37.67471908248967 4.300000000000001
      vertex 114.2147023973654 37.67471908248967 9.600000000000001
    endloop
  endfacet
  facet normal 0.9469301294951253 0.3214394653031035 0
    outer loop
      vertex 114.17896304765429 37.78000381166286 4.300000000000001
      vertex 114.17896304765429 37.78000381166286 9.600000000000001
      vertex 114.2147023973654 37.67471908248967 4.300000000000001
    endloop
  endfacet
  facet normal 0.997858923238605 -0.06540312923011986 0
    outer loop
      vertex 114.15 38 4.300000000000001
      vertex 114.15727186783226 38.11094726338705 4.300000000000001
      vertex 114.15727186783226 38.11094726338705 9.600000000000001
    endloop
  endfacet
  facet normal 0.9807852804032338 -0.19509032201611143 0
    outer loop
      vertex 114.15727186783226 38.11094726338705 4.300000000000001
      vertex 114.17896304765429 38.21999618833714 4.300000000000001
      vertex 114.17896304765429 38.21999618833714 9.600000000000001
    endloop
  endfacet
  facet normal 0.9469301294951253 -0.3214394653031035 0
    outer loop
      vertex 114.17896304765429 38.21999618833714 4.300000000000001
      vertex 114.2147023973654 38.32528091751033 4.300000000000001
      vertex 114.2147023973654 38.32528091751033 9.600000000000001
    endloop
  endfacet
  facet normal 0.8968727415326844 -0.442288690219009 0
    outer loop
      vertex 114.2147023973654 38.32528091751033 4.300000000000001
      vertex 114.26387840678322 38.425 4.300000000000001
      vertex 114.26387840678322 38.425 9.600000000000001
    endloop
  endfacet
  facet normal 0.8314696123025291 -0.5555702330196264 0
    outer loop
      vertex 114.26387840678322 38.425 4.300000000000001
      vertex 114.32564966075245 38.51744721465741 4.300000000000001
      vertex 114.32564966075245 38.51744721465741 9.600000000000001
    endloop
  endfacet
  facet normal 0.19509032201609922 0.9807852804032362 0
    outer loop
      vertex 114.78000381166285 37.17896304765429 4.300000000000001
      vertex 114.78000381166285 37.17896304765429 9.600000000000001
      vertex 114.88905273661295 37.157271867832264 4.300000000000001
    endloop
  endfacet
  facet normal 0.0654031292301835 0.9978589232386008 0
    outer loop
      vertex 114.88905273661295 37.157271867832264 4.300000000000001
      vertex 114.88905273661295 37.157271867832264 9.600000000000001
      vertex 115 37.15 4.300000000000001
    endloop
  endfacet
  facet normal -0.0654031292301835 0.9978589232386008 0
    outer loop
      vertex 115 37.15 4.300000000000001
      vertex 115 37.15 9.600000000000001
      vertex 115.11094726338705 37.157271867832264 4.300000000000001
    endloop
  endfacet
  facet normal -0.19509032201609922 0.9807852804032362 0
    outer loop
      vertex 115.11094726338705 37.157271867832264 4.300000000000001
      vertex 115.11094726338705 37.157271867832264 9.600000000000001
      vertex 115.21999618833715 37.17896304765429 4.300000000000001
    endloop
  endfacet
  facet normal -0.3214394653031803 0.9469301294950992 0
    outer loop
      vertex 115.21999618833715 37.17896304765429 4.300000000000001
      vertex 115.21999618833715 37.17896304765429 9.600000000000001
      vertex 115.32528091751033 37.21470239736541 4.300000000000001
    endloop
  endfacet
  facet normal 0.6593458151000956 0.7518398074789541 0
    outer loop
      vertex 114.39895923599144 37.398959235991434 4.300000000000001
      vertex 114.39895923599144 37.398959235991434 9.600000000000001
      vertex 114.48255278534259 37.32564966075245 4.300000000000001
    endloop
  endfacet
  facet normal 0.7518398074789501 0.6593458151000999 0
    outer loop
      vertex 114.32564966075245 37.48255278534259 4.300000000000001
      vertex 114.32564966075245 37.48255278534259 9.600000000000001
      vertex 114.39895923599144 37.398959235991434 4.300000000000001
    endloop
  endfacet
  facet normal 0.5555702330195822 0.8314696123025586 0
    outer loop
      vertex 114.48255278534259 37.32564966075245 4.300000000000001
      vertex 114.48255278534259 37.32564966075245 9.600000000000001
      vertex 114.575 37.26387840678323 4.300000000000001
    endloop
  endfacet
  facet normal 0.442288690219009 0.8968727415326844 0
    outer loop
      vertex 114.67471908248967 37.21470239736541 4.300000000000001
      vertex 114.575 37.26387840678323 4.300000000000001
      vertex 114.575 37.26387840678323 9.600000000000001
    endloop
  endfacet
  facet normal 0.3214394653031803 0.9469301294950992 0
    outer loop
      vertex 114.67471908248967 37.21470239736541 4.300000000000001
      vertex 114.67471908248967 37.21470239736541 9.600000000000001
      vertex 114.78000381166285 37.17896304765429 4.300000000000001
    endloop
  endfacet
  facet normal 0.7518398074789501 -0.6593458151000999 0
    outer loop
      vertex 114.32564966075245 38.51744721465741 4.300000000000001
      vertex 114.39895923599144 38.601040764008566 4.300000000000001
      vertex 114.39895923599144 38.601040764008566 9.600000000000001
    endloop
  endfacet
  facet normal 0.6593458151000956 -0.7518398074789541 0
    outer loop
      vertex 114.39895923599144 38.601040764008566 4.300000000000001
      vertex 114.48255278534259 38.67435033924755 4.300000000000001
      vertex 114.48255278534259 38.67435033924755 9.600000000000001
    endloop
  endfacet
  facet normal 0.5555702330195822 -0.8314696123025586 0
    outer loop
      vertex 114.48255278534259 38.67435033924755 4.300000000000001
      vertex 114.575 38.73612159321677 4.300000000000001
      vertex 114.575 38.73612159321677 9.600000000000001
    endloop
  endfacet
  facet normal 0.442288690219009 -0.8968727415326844 0
    outer loop
      vertex 114.575 38.73612159321677 4.300000000000001
      vertex 114.67471908248967 38.78529760263459 4.300000000000001
      vertex 114.67471908248967 38.78529760263459 9.600000000000001
    endloop
  endfacet
  facet normal 0.3214394653031803 -0.9469301294950992 0
    outer loop
      vertex 114.67471908248967 38.78529760263459 4.300000000000001
      vertex 114.78000381166285 38.82103695234571 4.300000000000001
      vertex 114.78000381166285 38.82103695234571 9.600000000000001
    endloop
  endfacet
  facet normal 0.19509032201609922 -0.9807852804032362 0
    outer loop
      vertex 114.78000381166285 38.82103695234571 4.300000000000001
      vertex 114.88905273661295 38.842728132167736 4.300000000000001
      vertex 114.88905273661295 38.842728132167736 9.600000000000001
    endloop
  endfacet
  facet normal 0.0654031292301835 -0.9978589232386008 0
    outer loop
      vertex 114.88905273661295 38.842728132167736 4.300000000000001
      vertex 115 38.85 4.300000000000001
      vertex 115 38.85 9.600000000000001
    endloop
  endfacet
  facet normal -0.442288690219009 0.8968727415326844 0
    outer loop
      vertex 115.32528091751033 37.21470239736541 4.300000000000001
      vertex 115.32528091751033 37.21470239736541 9.600000000000001
      vertex 115.425 37.26387840678323 4.300000000000001
    endloop
  endfacet
  facet normal -0.5555702330195822 0.8314696123025586 0
    outer loop
      vertex 115.425 37.26387840678323 4.300000000000001
      vertex 115.425 37.26387840678323 9.600000000000001
      vertex 115.51744721465741 37.32564966075245 4.300000000000001
    endloop
  endfacet
  facet normal -0.6593458151000956 0.7518398074789541 0
    outer loop
      vertex 115.51744721465741 37.32564966075245 4.300000000000001
      vertex 115.51744721465741 37.32564966075245 9.600000000000001
      vertex 115.60104076400856 37.398959235991434 4.300000000000001
    endloop
  endfacet
  facet normal -0.7518398074789501 0.6593458151000999 0
    outer loop
      vertex 115.60104076400856 37.398959235991434 4.300000000000001
      vertex 115.60104076400856 37.398959235991434 9.600000000000001
      vertex 115.67435033924755 37.48255278534259 4.300000000000001
    endloop
  endfacet
  facet normal -0.0654031292301835 -0.9978589232386008 0
    outer loop
      vertex 115 38.85 4.300000000000001
      vertex 115.11094726338705 38.842728132167736 4.300000000000001
      vertex 115.11094726338705 38.842728132167736 9.600000000000001
    endloop
  endfacet
  facet normal -0.19509032201609922 -0.9807852804032362 0
    outer loop
      vertex 115.11094726338705 38.842728132167736 4.300000000000001
      vertex 115.21999618833715 38.82103695234571 4.300000000000001
      vertex 115.21999618833715 38.82103695234571 9.600000000000001
    endloop
  endfacet
  facet normal -0.3214394653031803 -0.9469301294950992 0
    outer loop
      vertex 115.21999618833715 38.82103695234571 4.300000000000001
      vertex 115.32528091751033 38.78529760263459 4.300000000000001
      vertex 115.32528091751033 38.78529760263459 9.600000000000001
    endloop
  endfacet
  facet normal -0.442288690219009 -0.8968727415326844 0
    outer loop
      vertex 115.32528091751033 38.78529760263459 4.300000000000001
      vertex 115.425 38.73612159321677 4.300000000000001
      vertex 115.425 38.73612159321677 9.600000000000001
    endloop
  endfacet
  facet normal -0.5555702330195822 -0.8314696123025586 0
    outer loop
      vertex 115.51744721465741 38.67435033924755 4.300000000000001
      vertex 115.51744721465741 38.67435033924755 9.600000000000001
      vertex 115.425 38.73612159321677 4.300000000000001
    endloop
  endfacet
  facet normal -0.6593458151000956 -0.7518398074789541 0
    outer loop
      vertex 115.51744721465741 38.67435033924755 4.300000000000001
      vertex 115.60104076400856 38.601040764008566 4.300000000000001
      vertex 115.60104076400856 38.601040764008566 9.600000000000001
    endloop
  endfacet
  facet normal -0.7518398074789501 -0.6593458151000999 0
    outer loop
      vertex 115.60104076400856 38.601040764008566 4.300000000000001
      vertex 115.67435033924755 38.51744721465741 4.300000000000001
      vertex 115.67435033924755 38.51744721465741 9.600000000000001
    endloop
  endfacet
  facet normal -0.8314696123025291 0.5555702330196264 0
    outer loop
      vertex 115.67435033924755 37.48255278534259 4.300000000000001
      vertex 115.67435033924755 37.48255278534259 9.600000000000001
      vertex 115.73612159321678 37.575 4.300000000000001
    endloop
  endfacet
  facet normal -0.8968727415326844 0.442288690219009 0
    outer loop
      vertex 115.73612159321678 37.575 4.300000000000001
      vertex 115.73612159321678 37.575 9.600000000000001
      vertex 115.7852976026346 37.67471908248967 4.300000000000001
    endloop
  endfacet
  facet normal -0.9469301294951253 0.3214394653031035 0
    outer loop
      vertex 115.7852976026346 37.67471908248967 4.300000000000001
      vertex 115.7852976026346 37.67471908248967 9.600000000000001
      vertex 115.82103695234571 37.78000381166286 4.300000000000001
    endloop
  endfacet
  facet normal -0.9807852804032338 0.19509032201611143 0
    outer loop
      vertex 115.82103695234571 37.78000381166286 4.300000000000001
      vertex 115.82103695234571 37.78000381166286 9.600000000000001
      vertex 115.84272813216774 37.88905273661295 4.300000000000001
    endloop
  endfacet
  facet normal -0.997858923238605 0.06540312923011986 0
    outer loop
      vertex 115.84272813216774 37.88905273661295 4.300000000000001
      vertex 115.84272813216774 37.88905273661295 9.600000000000001
      vertex 115.85 38 4.300000000000001
    endloop
  endfacet
  facet normal -0.997858923238605 -0.06540312923011986 0
    outer loop
      vertex 115.85 38 4.300000000000001
      vertex 115.85 38 9.600000000000001
      vertex 115.84272813216774 38.11094726338705 4.300000000000001
    endloop
  endfacet
  facet normal -0.9469301294951253 -0.3214394653031035 0
    outer loop
      vertex 115.82103695234571 38.21999618833714 4.300000000000001
      vertex 115.82103695234571 38.21999618833714 9.600000000000001
      vertex 115.7852976026346 38.32528091751033 4.300000000000001
    endloop
  endfacet
  facet normal -0.8314696123025291 -0.5555702330196264 0
    outer loop
      vertex 115.73612159321678 38.425 4.300000000000001
      vertex 115.73612159321678 38.425 9.600000000000001
      vertex 115.67435033924755 38.51744721465741 4.300000000000001
    endloop
  endfacet
  facet normal -0.8968727415326844 -0.442288690219009 0
    outer loop
      vertex 115.73612159321678 38.425 4.300000000000001
      vertex 115.7852976026346 38.32528091751033 4.300000000000001
      vertex 115.7852976026346 38.32528091751033 9.600000000000001
    endloop
  endfacet
  facet normal -0.9807852804032338 -0.19509032201611143 0
    outer loop
      vertex 115.84272813216774 38.11094726338705 4.300000000000001
      vertex 115.84272813216774 38.11094726338705 9.600000000000001
      vertex 115.82103695234571 38.21999618833714 4.300000000000001
    endloop
  endfacet
  facet normal 0.8968727415326844 0.442288690219009 0
    outer loop
      vertex 114.26387840678322 37.575 4.300000000000001
      vertex 114.2147023973654 37.67471908248967 9.600000000000001
      vertex 114.26387840678322 37.575 9.600000000000001
    endloop
  endfacet
  facet normal 0.8314696123025291 0.5555702330196264 0
    outer loop
      vertex 114.32564966075245 37.48255278534259 4.300000000000001
      vertex 114.26387840678322 37.575 9.600000000000001
      vertex 114.32564966075245 37.48255278534259 9.600000000000001
    endloop
  endfacet
  facet normal 0.997858923238605 0.06540312923011986 0
    outer loop
      vertex 114.15727186783226 37.88905273661295 4.300000000000001
      vertex 114.15 38 9.600000000000001
      vertex 114.15727186783226 37.88905273661295 9.600000000000001
    endloop
  endfacet
  facet normal 0.997858923238605 -0.06540312923011986 0
    outer loop
      vertex 114.15 38 4.300000000000001
      vertex 114.15727186783226 38.11094726338705 9.600000000000001
      vertex 114.15 38 9.600000000000001
    endloop
  endfacet
  facet normal 0.9469301294951253 0.3214394653031035 0
    outer loop
      vertex 114.2147023973654 37.67471908248967 4.300000000000001
      vertex 114.17896304765429 37.78000381166286 9.600000000000001
      vertex 114.2147023973654 37.67471908248967 9.600000000000001
    endloop
  endfacet
  facet normal 0.9807852804032338 0.19509032201611143 0
    outer loop
      vertex 114.17896304765429 37.78000381166286 4.300000000000001
      vertex 114.15727186783226 37.88905273661295 9.600000000000001
      vertex 114.17896304765429 37.78000381166286 9.600000000000001
    endloop
  endfacet
  facet normal 0.9807852804032338 -0.19509032201611143 0
    outer loop
      vertex 114.15727186783226 38.11094726338705 4.300000000000001
      vertex 114.17896304765429 38.21999618833714 9.600000000000001
      vertex 114.15727186783226 38.11094726338705 9.600000000000001
    endloop
  endfacet
  facet normal 0.9469301294951253 -0.3214394653031035 0
    outer loop
      vertex 114.17896304765429 38.21999618833714 4.300000000000001
      vertex 114.2147023973654 38.32528091751033 9.600000000000001
      vertex 114.17896304765429 38.21999618833714 9.600000000000001
    endloop
  endfacet
  facet normal 0.8968727415326844 -0.442288690219009 0
    outer loop
      vertex 114.2147023973654 38.32528091751033 4.300000000000001
      vertex 114.26387840678322 38.425 9.600000000000001
      vertex 114.2147023973654 38.32528091751033 9.600000000000001
    endloop
  endfacet
  facet normal 0.8314696123025291 -0.5555702330196264 0
    outer loop
      vertex 114.26387840678322 38.425 4.300000000000001
      vertex 114.32564966075245 38.51744721465741 9.600000000000001
      vertex 114.26387840678322 38.425 9.600000000000001
    endloop
  endfacet
  facet normal 0.3214394653031803 0.9469301294950992 0
    outer loop
      vertex 114.78000381166285 37.17896304765429 4.300000000000001
      vertex 114.67471908248967 37.21470239736541 9.600000000000001
      vertex 114.78000381166285 37.17896304765429 9.600000000000001
    endloop
  endfacet
  facet normal 0.19509032201609922 0.9807852804032362 0
    outer loop
      vertex 114.88905273661295 37.157271867832264 4.300000000000001
      vertex 114.78000381166285 37.17896304765429 9.600000000000001
      vertex 114.88905273661295 37.157271867832264 9.600000000000001
    endloop
  endfacet
  facet normal 0.0654031292301835 0.9978589232386008 0
    outer loop
      vertex 115 37.15 4.300000000000001
      vertex 114.88905273661295 37.157271867832264 9.600000000000001
      vertex 115 37.15 9.600000000000001
    endloop
  endfacet
  facet normal -0.0654031292301835 0.9978589232386008 0
    outer loop
      vertex 115.11094726338705 37.157271867832264 4.300000000000001
      vertex 115 37.15 9.600000000000001
      vertex 115.11094726338705 37.157271867832264 9.600000000000001
    endloop
  endfacet
  facet normal -0.19509032201609922 0.9807852804032362 0
    outer loop
      vertex 115.21999618833715 37.17896304765429 4.300000000000001
      vertex 115.11094726338705 37.157271867832264 9.600000000000001
      vertex 115.21999618833715 37.17896304765429 9.600000000000001
    endloop
  endfacet
  facet normal 0.6593458151000956 0.7518398074789541 0
    outer loop
      vertex 114.48255278534259 37.32564966075245 4.300000000000001
      vertex 114.39895923599144 37.398959235991434 9.600000000000001
      vertex 114.48255278534259 37.32564966075245 9.600000000000001
    endloop
  endfacet
  facet normal 0.7518398074789501 0.6593458151000999 0
    outer loop
      vertex 114.39895923599144 37.398959235991434 4.300000000000001
      vertex 114.32564966075245 37.48255278534259 9.600000000000001
      vertex 114.39895923599144 37.398959235991434 9.600000000000001
    endloop
  endfacet
  facet normal 0.5555702330195822 0.8314696123025586 0
    outer loop
      vertex 114.575 37.26387840678323 4.300000000000001
      vertex 114.48255278534259 37.32564966075245 9.600000000000001
      vertex 114.575 37.26387840678323 9.600000000000001
    endloop
  endfacet
  facet normal 0.442288690219009 0.8968727415326844 0
    outer loop
      vertex 114.67471908248967 37.21470239736541 4.300000000000001
      vertex 114.575 37.26387840678323 9.600000000000001
      vertex 114.67471908248967 37.21470239736541 9.600000000000001
    endloop
  endfacet
  facet normal 0.7518398074789501 -0.6593458151000999 0
    outer loop
      vertex 114.32564966075245 38.51744721465741 4.300000000000001
      vertex 114.39895923599144 38.601040764008566 9.600000000000001
      vertex 114.32564966075245 38.51744721465741 9.600000000000001
    endloop
  endfacet
  facet normal 0.6593458151000956 -0.7518398074789541 0
    outer loop
      vertex 114.39895923599144 38.601040764008566 4.300000000000001
      vertex 114.48255278534259 38.67435033924755 9.600000000000001
      vertex 114.39895923599144 38.601040764008566 9.600000000000001
    endloop
  endfacet
  facet normal 0.5555702330195822 -0.8314696123025586 0
    outer loop
      vertex 114.48255278534259 38.67435033924755 4.300000000000001
      vertex 114.575 38.73612159321677 9.600000000000001
      vertex 114.48255278534259 38.67435033924755 9.600000000000001
    endloop
  endfacet
  facet normal 0.442288690219009 -0.8968727415326844 0
    outer loop
      vertex 114.575 38.73612159321677 4.300000000000001
      vertex 114.67471908248967 38.78529760263459 9.600000000000001
      vertex 114.575 38.73612159321677 9.600000000000001
    endloop
  endfacet
  facet normal 0.3214394653031803 -0.9469301294950992 0
    outer loop
      vertex 114.67471908248967 38.78529760263459 4.300000000000001
      vertex 114.78000381166285 38.82103695234571 9.600000000000001
      vertex 114.67471908248967 38.78529760263459 9.600000000000001
    endloop
  endfacet
  facet normal 0.19509032201609922 -0.9807852804032362 0
    outer loop
      vertex 114.78000381166285 38.82103695234571 4.300000000000001
      vertex 114.88905273661295 38.842728132167736 9.600000000000001
      vertex 114.78000381166285 38.82103695234571 9.600000000000001
    endloop
  endfacet
  facet normal 0.0654031292301835 -0.9978589232386008 0
    outer loop
      vertex 114.88905273661295 38.842728132167736 4.300000000000001
      vertex 115 38.85 9.600000000000001
      vertex 114.88905273661295 38.842728132167736 9.600000000000001
    endloop
  endfacet
  facet normal -0.3214394653031803 0.9469301294950992 0
    outer loop
      vertex 115.32528091751033 37.21470239736541 4.300000000000001
      vertex 115.21999618833715 37.17896304765429 9.600000000000001
      vertex 115.32528091751033 37.21470239736541 9.600000000000001
    endloop
  endfacet
  facet normal -0.442288690219009 0.8968727415326844 0
    outer loop
      vertex 115.425 37.26387840678323 4.300000000000001
      vertex 115.32528091751033 37.21470239736541 9.600000000000001
      vertex 115.425 37.26387840678323 9.600000000000001
    endloop
  endfacet
  facet normal -0.5555702330195822 0.8314696123025586 0
    outer loop
      vertex 115.51744721465741 37.32564966075245 4.300000000000001
      vertex 115.425 37.26387840678323 9.600000000000001
      vertex 115.51744721465741 37.32564966075245 9.600000000000001
    endloop
  endfacet
  facet normal -0.6593458151000956 0.7518398074789541 0
    outer loop
      vertex 115.60104076400856 37.398959235991434 4.300000000000001
      vertex 115.51744721465741 37.32564966075245 9.600000000000001
      vertex 115.60104076400856 37.398959235991434 9.600000000000001
    endloop
  endfacet
  facet normal -0.7518398074789501 0.6593458151000999 0
    outer loop
      vertex 115.67435033924755 37.48255278534259 4.300000000000001
      vertex 115.60104076400856 37.398959235991434 9.600000000000001
      vertex 115.67435033924755 37.48255278534259 9.600000000000001
    endloop
  endfacet
  facet normal -0.0654031292301835 -0.9978589232386008 0
    outer loop
      vertex 115 38.85 4.300000000000001
      vertex 115.11094726338705 38.842728132167736 9.600000000000001
      vertex 115 38.85 9.600000000000001
    endloop
  endfacet
  facet normal -0.19509032201609922 -0.9807852804032362 0
    outer loop
      vertex 115.11094726338705 38.842728132167736 4.300000000000001
      vertex 115.21999618833715 38.82103695234571 9.600000000000001
      vertex 115.11094726338705 38.842728132167736 9.600000000000001
    endloop
  endfacet
  facet normal -0.3214394653031803 -0.9469301294950992 0
    outer loop
      vertex 115.21999618833715 38.82103695234571 4.300000000000001
      vertex 115.32528091751033 38.78529760263459 9.600000000000001
      vertex 115.21999618833715 38.82103695234571 9.600000000000001
    endloop
  endfacet
  facet normal -0.442288690219009 -0.8968727415326844 0
    outer loop
      vertex 115.32528091751033 38.78529760263459 4.300000000000001
      vertex 115.425 38.73612159321677 9.600000000000001
      vertex 115.32528091751033 38.78529760263459 9.600000000000001
    endloop
  endfacet
  facet normal -0.5555702330195822 -0.8314696123025586 0
    outer loop
      vertex 115.425 38.73612159321677 4.300000000000001
      vertex 115.51744721465741 38.67435033924755 9.600000000000001
      vertex 115.425 38.73612159321677 9.600000000000001
    endloop
  endfacet
  facet normal -0.6593458151000956 -0.7518398074789541 0
    outer loop
      vertex 115.51744721465741 38.67435033924755 4.300000000000001
      vertex 115.60104076400856 38.601040764008566 9.600000000000001
      vertex 115.51744721465741 38.67435033924755 9.600000000000001
    endloop
  endfacet
  facet normal -0.7518398074789501 -0.6593458151000999 0
    outer loop
      vertex 115.60104076400856 38.601040764008566 4.300000000000001
      vertex 115.67435033924755 38.51744721465741 9.600000000000001
      vertex 115.60104076400856 38.601040764008566 9.600000000000001
    endloop
  endfacet
  facet normal -0.8314696123025291 0.5555702330196264 0
    outer loop
      vertex 115.73612159321678 37.575 4.300000000000001
      vertex 115.67435033924755 37.48255278534259 9.600000000000001
      vertex 115.73612159321678 37.575 9.600000000000001
    endloop
  endfacet
  facet normal -0.8968727415326844 0.442288690219009 0
    outer loop
      vertex 115.7852976026346 37.67471908248967 4.300000000000001
      vertex 115.73612159321678 37.575 9.600000000000001
      vertex 115.7852976026346 37.67471908248967 9.600000000000001
    endloop
  endfacet
  facet normal -0.9469301294951253 0.3214394653031035 0
    outer loop
      vertex 115.82103695234571 37.78000381166286 4.300000000000001
      vertex 115.7852976026346 37.67471908248967 9.600000000000001
      vertex 115.82103695234571 37.78000381166286 9.600000000000001
    endloop
  endfacet
  facet normal -0.9807852804032338 0.19509032201611143 0
    outer loop
      vertex 115.84272813216774 37.88905273661295 4.300000000000001
      vertex 115.82103695234571 37.78000381166286 9.600000000000001
      vertex 115.84272813216774 37.88905273661295 9.600000000000001
    endloop
  endfacet
  facet normal -0.997858923238605 0.06540312923011986 0
    outer loop
      vertex 115.85 38 4.300000000000001
      vertex 115.84272813216774 37.88905273661295 9.600000000000001
      vertex 115.85 38 9.600000000000001
    endloop
  endfacet
  facet normal -0.9807852804032338 -0.19509032201611143 0
    outer loop
      vertex 115.82103695234571 38.21999618833714 4.300000000000001
      vertex 115.84272813216774 38.11094726338705 9.600000000000001
      vertex 115.82103695234571 38.21999618833714 9.600000000000001
    endloop
  endfacet
  facet normal -0.9469301294951253 -0.3214394653031035 0
    outer loop
      vertex 115.7852976026346 38.32528091751033 4.300000000000001
      vertex 115.82103695234571 38.21999618833714 9.600000000000001
      vertex 115.7852976026346 38.32528091751033 9.600000000000001
    endloop
  endfacet
  facet normal -0.8968727415326844 -0.442288690219009 0
    outer loop
      vertex 115.73612159321678 38.425 4.300000000000001
      vertex 115.7852976026346 38.32528091751033 9.600000000000001
      vertex 115.73612159321678 38.425 9.600000000000001
    endloop
  endfacet
  facet normal -0.997858923238605 -0.06540312923011986 0
    outer loop
      vertex 115.84272813216774 38.11094726338705 4.300000000000001
      vertex 115.85 38 9.600000000000001
      vertex 115.84272813216774 38.11094726338705 9.600000000000001
    endloop
  endfacet
  facet normal -0.8314696123025291 -0.5555702330196264 0
    outer loop
      vertex 115.67435033924755 38.51744721465741 4.300000000000001
      vertex 115.73612159321678 38.425 9.600000000000001
      vertex 115.67435033924755 38.51744721465741 9.600000000000001
    endloop
  endfacet
  facet normal 0.3214394653031588 0.9469301294951066 0
    outer loop
      vertex 96 37.13005187435622 0
      vertex 96 37.13005187435622 0.40000000000000213
      vertex 96.18236190979496 37.06814834742186 0
    endloop
  endfacet
  facet normal 0.19509032201612625 0.9807852804032309 0
    outer loop
      vertex 96.18236190979496 37.06814834742186 0.40000000000000213
      vertex 96.4389476155599 37.01711027725238 0
      vertex 96.18236190979496 37.06814834742186 0
    endloop
  endfacet
  facet normal 0.3214394653031588 0.9469301294951066 0
    outer loop
      vertex 96.18236190979496 37.06814834742186 0.40000000000000213
      vertex 96.18236190979496 37.06814834742186 0
      vertex 96 37.13005187435622 0.40000000000000213
    endloop
  endfacet
  facet normal 0.19509032201612625 0.9807852804032309 0
    outer loop
      vertex 96.18236190979496 37.06814834742186 0.40000000000000213
      vertex 96.4389476155599 37.01711027725238 0.40000000000000213
      vertex 96.4389476155599 37.01711027725238 0
    endloop
  endfacet
  facet normal 0.06540312923013841 0.9978589232386039 0
    outer loop
      vertex 96.4389476155599 37.01711027725238 0.40000000000000213
      vertex 96.7 37 0
      vertex 96.4389476155599 37.01711027725238 0
    endloop
  endfacet
  facet normal 0.06540312923013841 0.9978589232386039 0
    outer loop
      vertex 96.4389476155599 37.01711027725238 0.40000000000000213
      vertex 96.7 37 0.40000000000000213
      vertex 96.7 37 0
    endloop
  endfacet
  facet normal -0.06540312923013841 0.9978589232386039 0
    outer loop
      vertex 96.7 37 0.40000000000000213
      vertex 96.96105238444011 37.01711027725238 0
      vertex 96.7 37 0
    endloop
  endfacet
  facet normal -0.06540312923013841 0.9978589232386039 0
    outer loop
      vertex 96.7 37 0.40000000000000213
      vertex 96.96105238444011 37.01711027725238 0.40000000000000213
      vertex 96.96105238444011 37.01711027725238 0
    endloop
  endfacet
  facet normal 0 0 -1
    outer loop
      vertex 96.18236190979496 37.06814834742186 0.40000000000000213
      vertex 96 37.13005187435622 0.40000000000000213
      vertex 96.18236190979496 40.93185165257814 0.40000000000000213
    endloop
  endfacet
  facet normal 0 0 -1
    outer loop
      vertex 96.18236190979496 37.06814834742186 0.40000000000000213
      vertex 96.18236190979496 40.93185165257814 0.40000000000000213
      vertex 96.4389476155599 37.01711027725238 0.40000000000000213
    endloop
  endfacet
  facet normal 0 0 -1
    outer loop
      vertex 96.4389476155599 37.01711027725238 0.40000000000000213
      vertex 96.4389476155599 40.98288972274762 0.40000000000000213
      vertex 96.7 37 0.40000000000000213
    endloop
  endfacet
  facet normal 0 0 -1
    outer loop
      vertex 96.7 37 0.40000000000000213
      vertex 96.7 41 0.40000000000000213
      vertex 96.96105238444011 37.01711027725238 0.40000000000000213
    endloop
  endfacet
  facet normal -0.19509032201612625 0.9807852804032309 0
    outer loop
      vertex 96.96105238444011 37.01711027725238 0.40000000000000213
      vertex 97.21763809020504 37.06814834742186 0
      vertex 96.96105238444011 37.01711027725238 0
    endloop
  endfacet
  facet normal -0.3214394653031689 0.9469301294951032 0
    outer loop
      vertex 97.21763809020504 37.06814834742186 0.40000000000000213
      vertex 97.46536686473019 37.15224093497743 0
      vertex 97.21763809020504 37.06814834742186 0
    endloop
  endfacet
  facet normal -0.19509032201612625 0.9807852804032309 0
    outer loop
      vertex 96.96105238444011 37.01711027725238 0.40000000000000213
      vertex 97.21763809020504 37.06814834742186 0.40000000000000213
      vertex 97.21763809020504 37.06814834742186 0
    endloop
  endfacet
  facet normal -0.44228869021900913 0.8968727415326844 0
    outer loop
      vertex 97.46536686473019 37.15224093497743 0.40000000000000213
      vertex 97.7 37.267949192431125 0
      vertex 97.46536686473019 37.15224093497743 0
    endloop
  endfacet
  facet normal -0.3214394653031689 0.9469301294951032 0
    outer loop
      vertex 97.21763809020504 37.06814834742186 0.40000000000000213
      vertex 97.46536686473019 37.15224093497743 0.40000000000000213
      vertex 97.46536686473019 37.15224093497743 0
    endloop
  endfacet
  facet normal -0.44228869021900913 0.8968727415326844 0
    outer loop
      vertex 97.46536686473019 37.15224093497743 0.40000000000000213
      vertex 97.7 37.267949192431125 0.40000000000000213
      vertex 97.7 37.267949192431125 0
    endloop
  endfacet
  facet normal 0 0 -1
    outer loop
      vertex 96.96105238444011 37.01711027725238 0.40000000000000213
      vertex 96.96105238444011 40.98288972274762 0.40000000000000213
      vertex 97.21763809020504 37.06814834742186 0.40000000000000213
    endloop
  endfacet
  facet normal 0 0 -1
    outer loop
      vertex 97.21763809020504 37.06814834742186 0.40000000000000213
      vertex 97.21763809020504 40.93185165257814 0.40000000000000213
      vertex 97.46536686473019 37.15224093497743 0.40000000000000213
    endloop
  endfacet
  facet normal 0 0 -1
    outer loop
      vertex 97.46536686473019 37.15224093497743 0.40000000000000213
      vertex 97.46536686473019 40.84775906502257 0.40000000000000213
      vertex 97.7 37.267949192431125 0.40000000000000213
    endloop
  endfacet
  facet normal -0.5555702330195792 0.8314696123025607 0
    outer loop
      vertex 97.7 37.267949192431125 0.40000000000000213
      vertex 97.91752285801745 37.41329331941753 0
      vertex 97.7 37.267949192431125 0
    endloop
  endfacet
  facet normal -0.5555702330195792 0.8314696123025607 0
    outer loop
      vertex 97.7 37.267949192431125 0.40000000000000213
      vertex 97.91752285801745 37.41329331941753 0.40000000000000213
      vertex 97.91752285801745 37.41329331941753 0
    endloop
  endfacet
  facet normal -0.6593458151000963 0.7518398074789534 0
    outer loop
      vertex 97.91752285801745 37.41329331941753 0.40000000000000213
      vertex 98.1142135623731 37.58578643762691 0.40000000000000213
      vertex 97.91752285801745 37.41329331941753 0
    endloop
  endfacet
  facet normal -0.6593458151000963 0.7518398074789534 0
    outer loop
      vertex 98.1142135623731 37.58578643762691 0.40000000000000213
      vertex 98.1142135623731 37.58578643762691 0
      vertex 97.91752285801745 37.41329331941753 0
    endloop
  endfacet
  facet normal -0.7518398074789787 0.6593458151000674 0
    outer loop
      vertex 98.1142135623731 37.58578643762691 0.40000000000000213
      vertex 98.28670668058247 37.78247714198256 0
      vertex 98.1142135623731 37.58578643762691 0
    endloop
  endfacet
  facet normal -0.8314696123025271 0.5555702330196293 0
    outer loop
      vertex 98.28670668058247 37.78247714198256 0.40000000000000213
      vertex 98.43205080756888 38 0
      vertex 98.28670668058247 37.78247714198256 0
    endloop
  endfacet
  facet normal -0.7518398074789787 0.6593458151000674 0
    outer loop
      vertex 98.1142135623731 37.58578643762691 0.40000000000000213
      vertex 98.28670668058247 37.78247714198256 0.40000000000000213
      vertex 98.28670668058247 37.78247714198256 0
    endloop
  endfacet
  facet normal 0 0 -1
    outer loop
      vertex 97.7 37.267949192431125 0.40000000000000213
      vertex 97.7 40.732050807568875 0.40000000000000213
      vertex 97.91752285801745 37.41329331941753 0.40000000000000213
    endloop
  endfacet
  facet normal 0 0 -1
    outer loop
      vertex 97.91752285801745 37.41329331941753 0.40000000000000213
      vertex 97.91752285801745 40.58670668058247 0.40000000000000213
      vertex 98.1142135623731 37.58578643762691 0.40000000000000213
    endloop
  endfacet
  facet normal 0 0 -1
    outer loop
      vertex 98.1142135623731 37.58578643762691 0.40000000000000213
      vertex 98.1142135623731 40.41421356237309 0.40000000000000213
      vertex 98.28670668058247 37.78247714198256 0.40000000000000213
    endloop
  endfacet
  facet normal 0 0 -1
    outer loop
      vertex 98.28670668058247 37.78247714198256 0.40000000000000213
      vertex 98.28670668058247 40.21752285801744 0.40000000000000213
      vertex 98.43205080756888 38 0.40000000000000213
    endloop
  endfacet
  facet normal -0.8314696123025271 0.5555702330196293 0
    outer loop
      vertex 98.28670668058247 37.78247714198256 0.40000000000000213
      vertex 98.43205080756888 38 0.40000000000000213
      vertex 98.43205080756888 38 0
    endloop
  endfacet
  facet normal -0.8968727415326951 0.44228869021898726 0
    outer loop
      vertex 98.43205080756888 38 0.40000000000000213
      vertex 98.54775906502257 38.23463313526982 0
      vertex 98.43205080756888 38 0
    endloop
  endfacet
  facet normal -0.9469301294951114 0.32143946530314454 0
    outer loop
      vertex 98.54775906502257 38.23463313526982 0.40000000000000213
      vertex 98.63185165257813 38.48236190979496 0
      vertex 98.54775906502257 38.23463313526982 0
    endloop
  endfacet
  facet normal -0.8968727415326951 0.44228869021898726 0
    outer loop
      vertex 98.43205080756888 38 0.40000000000000213
      vertex 98.54775906502257 38.23463313526982 0.40000000000000213
      vertex 98.54775906502257 38.23463313526982 0
    endloop
  endfacet
  facet normal -0.9469301294951114 0.32143946530314454 0
    outer loop
      vertex 98.54775906502257 38.23463313526982 0.40000000000000213
      vertex 98.63185165257813 38.48236190979496 0.40000000000000213
      vertex 98.63185165257813 38.48236190979496 0
    endloop
  endfacet
  facet normal -0.9807852804032309 0.19509032201612625 0
    outer loop
      vertex 98.63185165257813 38.48236190979496 0.40000000000000213
      vertex 98.68288972274762 38.738947615559894 0
      vertex 98.63185165257813 38.48236190979496 0
    endloop
  endfacet
  facet normal -0.997858923238602 0.06540312923016545 0
    outer loop
      vertex 98.68288972274762 38.738947615559894 0.40000000000000213
      vertex 98.7 39 0
      vertex 98.68288972274762 38.738947615559894 0
    endloop
  endfacet
  facet normal -0.9807852804032309 0.19509032201612625 0
    outer loop
      vertex 98.63185165257813 38.48236190979496 0.40000000000000213
      vertex 98.68288972274762 38.738947615559894 0.40000000000000213
      vertex 98.68288972274762 38.738947615559894 0
    endloop
  endfacet
  facet normal 0 0 -1
    outer loop
      vertex 98.43205080756888 38 0.40000000000000213
      vertex 98.43205080756888 40 0.40000000000000213
      vertex 98.54775906502257 38.23463313526982 0.40000000000000213
    endloop
  endfacet
  facet normal 0 0 -1
    outer loop
      vertex 98.54775906502257 38.23463313526982 0.40000000000000213
      vertex 98.54775906502257 39.76536686473018 0.40000000000000213
      vertex 98.63185165257813 38.48236190979496 0.40000000000000213
    endloop
  endfacet
  facet normal 0 0 -1
    outer loop
      vertex 96.18236190979496 40.93185165257814 0.40000000000000213
      vertex 96 37.13005187435622 0.40000000000000213
      vertex 96 40.86994812564378 0.40000000000000213
    endloop
  endfacet
  facet normal 0 0 -1
    outer loop
      vertex 96.4389476155599 37.01711027725238 0.40000000000000213
      vertex 96.18236190979496 40.93185165257814 0.40000000000000213
      vertex 96.4389476155599 40.98288972274762 0.40000000000000213
    endloop
  endfacet
  facet normal 0 0 -1
    outer loop
      vertex 96.7 37 0.40000000000000213
      vertex 96.4389476155599 40.98288972274762 0.40000000000000213
      vertex 96.7 41 0.40000000000000213
    endloop
  endfacet
  facet normal 0 0 -1
    outer loop
      vertex 96.96105238444011 37.01711027725238 0.40000000000000213
      vertex 96.7 41 0.40000000000000213
      vertex 96.96105238444011 40.98288972274762 0.40000000000000213
    endloop
  endfacet
  facet normal 0.3214394653031588 -0.9469301294951066 0
    outer loop
      vertex 96.18236190979496 40.93185165257814 0.40000000000000213
      vertex 96 40.86994812564378 0
      vertex 96.18236190979496 40.93185165257814 0
    endloop
  endfacet
  facet normal 0.19509032201612625 -0.9807852804032309 0
    outer loop
      vertex 96.4389476155599 40.98288972274762 0.40000000000000213
      vertex 96.18236190979496 40.93185165257814 0
      vertex 96.4389476155599 40.98288972274762 0
    endloop
  endfacet
  facet normal 0.3214394653031588 -0.9469301294951066 0
    outer loop
      vertex 96.18236190979496 40.93185165257814 0.40000000000000213
      vertex 96 40.86994812564378 0.40000000000000213
      vertex 96 40.86994812564378 0
    endloop
  endfacet
  facet normal 0.19509032201612625 -0.9807852804032309 0
    outer loop
      vertex 96.18236190979496 40.93185165257814 0.40000000000000213
      vertex 96.18236190979496 40.93185165257814 0
      vertex 96.4389476155599 40.98288972274762 0.40000000000000213
    endloop
  endfacet
  facet normal 0.06540312923013841 -0.9978589232386039 0
    outer loop
      vertex 96.7 41 0.40000000000000213
      vertex 96.4389476155599 40.98288972274762 0
      vertex 96.7 41 0
    endloop
  endfacet
  facet normal 0.06540312923013841 -0.9978589232386039 0
    outer loop
      vertex 96.4389476155599 40.98288972274762 0.40000000000000213
      vertex 96.4389476155599 40.98288972274762 0
      vertex 96.7 41 0.40000000000000213
    endloop
  endfacet
  facet normal -0.06540312923013841 -0.9978589232386039 0
    outer loop
      vertex 96.96105238444011 40.98288972274762 0.40000000000000213
      vertex 96.7 41 0
      vertex 96.96105238444011 40.98288972274762 0
    endloop
  endfacet
  facet normal -0.06540312923013841 -0.9978589232386039 0
    outer loop
      vertex 96.7 41 0.40000000000000213
      vertex 96.7 41 0
      vertex 96.96105238444011 40.98288972274762 0.40000000000000213
    endloop
  endfacet
  facet normal 0 0 -1
    outer loop
      vertex 97.21763809020504 37.06814834742186 0.40000000000000213
      vertex 96.96105238444011 40.98288972274762 0.40000000000000213
      vertex 97.21763809020504 40.93185165257814 0.40000000000000213
    endloop
  endfacet
  facet normal 0 0 -1
    outer loop
      vertex 97.46536686473019 37.15224093497743 0.40000000000000213
      vertex 97.21763809020504 40.93185165257814 0.40000000000000213
      vertex 97.46536686473019 40.84775906502257 0.40000000000000213
    endloop
  endfacet
  facet normal 0 0 -1
    outer loop
      vertex 97.7 37.267949192431125 0.40000000000000213
      vertex 97.46536686473019 40.84775906502257 0.40000000000000213
      vertex 97.7 40.732050807568875 0.40000000000000213
    endloop
  endfacet
  facet normal 0 0 -1
    outer loop
      vertex 97.91752285801745 37.41329331941753 0.40000000000000213
      vertex 97.7 40.732050807568875 0.40000000000000213
      vertex 97.91752285801745 40.58670668058247 0.40000000000000213
    endloop
  endfacet
  facet normal 0 0 -1
    outer loop
      vertex 98.1142135623731 37.58578643762691 0.40000000000000213
      vertex 97.91752285801745 40.58670668058247 0.40000000000000213
      vertex 98.1142135623731 40.41421356237309 0.40000000000000213
    endloop
  endfacet
  facet normal 0 0 -1
    outer loop
      vertex 98.28670668058247 37.78247714198256 0.40000000000000213
      vertex 98.1142135623731 40.41421356237309 0.40000000000000213
      vertex 98.28670668058247 40.21752285801744 0.40000000000000213
    endloop
  endfacet
  facet normal -0.6593458151000963 -0.7518398074789534 0
    outer loop
      vertex 98.1142135623731 40.41421356237309 0.40000000000000213
      vertex 97.91752285801745 40.58670668058247 0.40000000000000213
      vertex 97.91752285801745 40.58670668058247 0
    endloop
  endfacet
  facet normal -0.8314696123025271 -0.5555702330196293 0
    outer loop
      vertex 98.28670668058247 40.21752285801744 0.40000000000000213
      vertex 98.28670668058247 40.21752285801744 0
      vertex 98.43205080756888 40 0.40000000000000213
    endloop
  endfacet
  facet normal -0.6593458151000963 -0.7518398074789534 0
    outer loop
      vertex 98.1142135623731 40.41421356237309 0.40000000000000213
      vertex 97.91752285801745 40.58670668058247 0
      vertex 98.1142135623731 40.41421356237309 0
    endloop
  endfacet
  facet normal -0.7518398074789787 -0.6593458151000674 0
    outer loop
      vertex 98.28670668058247 40.21752285801744 0.40000000000000213
      vertex 98.1142135623731 40.41421356237309 0
      vertex 98.28670668058247 40.21752285801744 0
    endloop
  endfacet
  facet normal -0.7518398074789787 -0.6593458151000674 0
    outer loop
      vertex 98.1142135623731 40.41421356237309 0.40000000000000213
      vertex 98.1142135623731 40.41421356237309 0
      vertex 98.28670668058247 40.21752285801744 0.40000000000000213
    endloop
  endfacet
  facet normal -0.19509032201612625 -0.9807852804032309 0
    outer loop
      vertex 97.21763809020504 40.93185165257814 0.40000000000000213
      vertex 96.96105238444011 40.98288972274762 0
      vertex 97.21763809020504 40.93185165257814 0
    endloop
  endfacet
  facet normal -0.19509032201612625 -0.9807852804032309 0
    outer loop
      vertex 96.96105238444011 40.98288972274762 0.40000000000000213
      vertex 96.96105238444011 40.98288972274762 0
      vertex 97.21763809020504 40.93185165257814 0.40000000000000213
    endloop
  endfacet
  facet normal -0.3214394653031689 -0.9469301294951032 0
    outer loop
      vertex 97.21763809020504 40.93185165257814 0.40000000000000213
      vertex 97.21763809020504 40.93185165257814 0
      vertex 97.46536686473019 40.84775906502257 0.40000000000000213
    endloop
  endfacet
  facet normal -0.3214394653031689 -0.9469301294951032 0
    outer loop
      vertex 97.46536686473019 40.84775906502257 0.40000000000000213
      vertex 97.21763809020504 40.93185165257814 0
      vertex 97.46536686473019 40.84775906502257 0
    endloop
  endfacet
  facet normal -0.44228869021900913 -0.8968727415326844 0
    outer loop
      vertex 97.7 40.732050807568875 0.40000000000000213
      vertex 97.46536686473019 40.84775906502257 0
      vertex 97.7 40.732050807568875 0
    endloop
  endfacet
  facet normal -0.44228869021900913 -0.8968727415326844 0
    outer loop
      vertex 97.46536686473019 40.84775906502257 0.40000000000000213
      vertex 97.46536686473019 40.84775906502257 0
      vertex 97.7 40.732050807568875 0.40000000000000213
    endloop
  endfacet
  facet normal -0.5555702330195792 -0.8314696123025607 0
    outer loop
      vertex 97.91752285801745 40.58670668058247 0.40000000000000213
      vertex 97.7 40.732050807568875 0
      vertex 97.91752285801745 40.58670668058247 0
    endloop
  endfacet
  facet normal -0.5555702330195792 -0.8314696123025607 0
    outer loop
      vertex 97.7 40.732050807568875 0.40000000000000213
      vertex 97.7 40.732050807568875 0
      vertex 97.91752285801745 40.58670668058247 0.40000000000000213
    endloop
  endfacet
  facet normal -0.997858923238602 -0.06540312923016545 0
    outer loop
      vertex 98.7 39 0.40000000000000213
      vertex 98.68288972274762 39.261052384440106 0
      vertex 98.7 39 0
    endloop
  endfacet
  facet normal -0.997858923238602 0.06540312923016545 0
    outer loop
      vertex 98.68288972274762 38.738947615559894 0.40000000000000213
      vertex 98.7 39 0.40000000000000213
      vertex 98.7 39 0
    endloop
  endfacet
  facet normal -0.997858923238602 -0.06540312923016545 0
    outer loop
      vertex 98.7 39 0.40000000000000213
      vertex 98.68288972274762 39.261052384440106 0.40000000000000213
      vertex 98.68288972274762 39.261052384440106 0
    endloop
  endfacet
  facet normal -0.9807852804032309 -0.19509032201612625 0
    outer loop
      vertex 98.68288972274762 39.261052384440106 0.40000000000000213
      vertex 98.63185165257813 39.51763809020504 0
      vertex 98.68288972274762 39.261052384440106 0
    endloop
  endfacet
  facet normal -0.9469301294951114 -0.32143946530314454 0
    outer loop
      vertex 98.63185165257813 39.51763809020504 0.40000000000000213
      vertex 98.54775906502257 39.76536686473018 0
      vertex 98.63185165257813 39.51763809020504 0
    endloop
  endfacet
  facet normal -0.9807852804032309 -0.19509032201612625 0
    outer loop
      vertex 98.68288972274762 39.261052384440106 0.40000000000000213
      vertex 98.63185165257813 39.51763809020504 0.40000000000000213
      vertex 98.63185165257813 39.51763809020504 0
    endloop
  endfacet
  facet normal -0.9469301294951114 -0.32143946530314454 0
    outer loop
      vertex 98.63185165257813 39.51763809020504 0.40000000000000213
      vertex 98.54775906502257 39.76536686473018 0.40000000000000213
      vertex 98.54775906502257 39.76536686473018 0
    endloop
  endfacet
  facet normal 0 0 -1
    outer loop
      vertex 98.63185165257813 38.48236190979496 0.40000000000000213
      vertex 98.63185165257813 39.51763809020504 0.40000000000000213
      vertex 98.68288972274762 38.738947615559894 0.40000000000000213
    endloop
  endfacet
  facet normal 0 0 -1
    outer loop
      vertex 98.68288972274762 38.738947615559894 0.40000000000000213
      vertex 98.68288972274762 39.261052384440106 0.40000000000000213
      vertex 98.7 39 0.40000000000000213
    endloop
  endfacet
  facet normal 0 0 -1
    outer loop
      vertex 98.63185165257813 38.48236190979496 0.40000000000000213
      vertex 98.54775906502257 39.76536686473018 0.40000000000000213
      vertex 98.63185165257813 39.51763809020504 0.40000000000000213
    endloop
  endfacet
  facet normal 0 0 -1
    outer loop
      vertex 98.68288972274762 38.738947615559894 0.40000000000000213
      vertex 98.63185165257813 39.51763809020504 0.40000000000000213
      vertex 98.68288972274762 39.261052384440106 0.40000000000000213
    endloop
  endfacet
  facet normal 0 0 -1
    outer loop
      vertex 98.43205080756888 38 0.40000000000000213
      vertex 98.28670668058247 40.21752285801744 0.40000000000000213
      vertex 98.43205080756888 40 0.40000000000000213
    endloop
  endfacet
  facet normal 0 0 -1
    outer loop
      vertex 98.54775906502257 38.23463313526982 0.40000000000000213
      vertex 98.43205080756888 40 0.40000000000000213
      vertex 98.54775906502257 39.76536686473018 0.40000000000000213
    endloop
  endfacet
  facet normal -0.8968727415326951 -0.44228869021898726 0
    outer loop
      vertex 98.54775906502257 39.76536686473018 0.40000000000000213
      vertex 98.43205080756888 40 0
      vertex 98.54775906502257 39.76536686473018 0
    endloop
  endfacet
  facet normal -0.8314696123025271 -0.5555702330196293 0
    outer loop
      vertex 98.43205080756888 40 0.40000000000000213
      vertex 98.28670668058247 40.21752285801744 0
      vertex 98.43205080756888 40 0
    endloop
  endfacet
  facet normal -0.8968727415326951 -0.44228869021898726 0
    outer loop
      vertex 98.54775906502257 39.76536686473018 0.40000000000000213
      vertex 98.43205080756888 40 0.40000000000000213
      vertex 98.43205080756888 40 0
    endloop
  endfacet
endsolid OpenSCAD_Model
