solid OpenSCAD_Model
  facet normal 0 0 -1
    outer loop
      vertex -103 -46.5 0
      vertex -96.02180810357605 -43.541741848603905 0
      vertex -95.93379975430989 -43.80100608514891 0
    endloop
  endfacet
  facet normal 0 0 -1
    outer loop
      vertex -103 -46.5 0
      vertex -103 -39.5 0
      vertex -96.02180810357605 -43.541741848603905 0
    endloop
  endfacet
  facet normal 0 0 -1
    outer loop
      vertex -103 -39.5 0
      vertex -96.07522275563893 -43.27320825883006 0
      vertex -96.02180810357605 -43.541741848603905 0
    endloop
  endfacet
  facet normal 0 0 -1
    outer loop
      vertex -103 -39.5 0
      vertex -96.09312977099236 -43 0
      vertex -96.07522275563893 -43.27320825883006 0
    endloop
  endfacet
  facet normal 0 0 -1
    outer loop
      vertex -103 -39.5 0
      vertex -96.07522275563893 -42.72679174116994 0
      vertex -96.09312977099236 -43 0
    endloop
  endfacet
  facet normal 0 0 -1
    outer loop
      vertex -103 -39.5 0
      vertex -96.02180810357605 -42.458258151396095 0
      vertex -96.07522275563893 -42.72679174116994 0
    endloop
  endfacet
  facet normal 0 0 -1
    outer loop
      vertex -103 -39.5 0
      vertex -95.93379975430989 -42.19899391485109 0
      vertex -96.02180810357605 -42.458258151396095 0
    endloop
  endfacet
  facet normal 0 0 -1
    outer loop
      vertex -103 -46.5 0
      vertex -95.66059149547982 -44.27421667049001 0
      vertex -95.48006625497214 -44.48006625497215 0
    endloop
  endfacet
  facet normal 0 0 -1
    outer loop
      vertex -103 -46.5 0
      vertex -95.48006625497214 -44.48006625497215 0
      vertex -95.27421667049 -44.66059149547982 0
    endloop
  endfacet
  facet normal 0 0 -1
    outer loop
      vertex -103 -46.5 0
      vertex -95.27421667049 -44.66059149547982 0
      vertex -95.04656488549618 -44.812703555096896 0
    endloop
  endfacet
  facet normal 0 0 -1
    outer loop
      vertex -103 -46.5 0
      vertex -95.04656488549618 -44.812703555096896 0
      vertex -94.80100608514891 -44.93379975430989 0
    endloop
  endfacet
  facet normal 0 0 -1
    outer loop
      vertex -103 -46.5 0
      vertex -94.80100608514891 -44.93379975430989 0
      vertex -94.5417418486039 -45.021808103576056 0
    endloop
  endfacet
  facet normal 0 0 -1
    outer loop
      vertex -103 -46.5 0
      vertex -94.5417418486039 -45.021808103576056 0
      vertex -94.27320825883007 -45.075222755638926 0
    endloop
  endfacet
  facet normal 0 0 -1
    outer loop
      vertex -103 -46.5 0
      vertex -94.27320825883007 -45.075222755638926 0
      vertex -94 -45.09312977099237 0
    endloop
  endfacet
  facet normal 0 0 -1
    outer loop
      vertex -103 -46.5 0
      vertex -94 -45.09312977099237 0
      vertex -93.72679174116993 -45.075222755638926 0
    endloop
  endfacet
  facet normal 0 0 -1
    outer loop
      vertex -103 -46.5 0
      vertex -95.81270355509689 -44.04656488549618 0
      vertex -95.66059149547982 -44.27421667049001 0
    endloop
  endfacet
  facet normal 0 0 -1
    outer loop
      vertex -103 -46.5 0
      vertex -95.93379975430989 -43.80100608514891 0
      vertex -95.81270355509689 -44.04656488549618 0
    endloop
  endfacet
  facet normal 0 0 -1
    outer loop
      vertex -103 -46.5 0
      vertex -93.72679174116993 -45.075222755638926 0
      vertex -85 -46.5 0
    endloop
  endfacet
  facet normal 0 0 -1
    outer loop
      vertex -103 -39.5 0
      vertex -95.81270355509689 -41.95343511450382 0
      vertex -95.93379975430989 -42.19899391485109 0
    endloop
  endfacet
  facet normal 0 0 -1
    outer loop
      vertex -103 -39.5 0
      vertex -95.66059149547982 -41.72578332950999 0
      vertex -95.81270355509689 -41.95343511450382 0
    endloop
  endfacet
  facet normal 0 0 -1
    outer loop
      vertex -103 -39.5 0
      vertex -95.48006625497214 -41.51993374502785 0
      vertex -95.66059149547982 -41.72578332950999 0
    endloop
  endfacet
  facet normal 0 0 -1
    outer loop
      vertex -103 -39.5 0
      vertex -95.27421667049 -41.33940850452018 0
      vertex -95.48006625497214 -41.51993374502785 0
    endloop
  endfacet
  facet normal 0 0 -1
    outer loop
      vertex -103 -39.5 0
      vertex -95.04656488549618 -41.187296444903104 0
      vertex -95.27421667049 -41.33940850452018 0
    endloop
  endfacet
  facet normal 0 0 -1
    outer loop
      vertex -103 -39.5 0
      vertex -94.80100608514891 -41.06620024569011 0
      vertex -95.04656488549618 -41.187296444903104 0
    endloop
  endfacet
  facet normal 0 0 -1
    outer loop
      vertex -103 -39.5 0
      vertex -94.5417418486039 -40.978191896423944 0
      vertex -94.80100608514891 -41.06620024569011 0
    endloop
  endfacet
  facet normal 0 0 -1
    outer loop
      vertex -103 -39.5 0
      vertex -94.27320825883007 -40.924777244361074 0
      vertex -94.5417418486039 -40.978191896423944 0
    endloop
  endfacet
  facet normal 0 0 -1
    outer loop
      vertex -103 -39.5 0
      vertex -86.04419889502762 -39.9060773480663 0
      vertex -94.27320825883007 -40.924777244361074 0
    endloop
  endfacet
  facet normal 0 0 -1
    outer loop
      vertex -85 -46.5 0
      vertex -93.72679174116993 -45.075222755638926 0
      vertex -93.4582581513961 -45.021808103576056 0
    endloop
  endfacet
  facet normal 0 0 -1
    outer loop
      vertex -85 -46.5 0
      vertex -93.4582581513961 -45.021808103576056 0
      vertex -93.19899391485109 -44.93379975430989 0
    endloop
  endfacet
  facet normal 0 0 -1
    outer loop
      vertex -85 -46.5 0
      vertex -93.19899391485109 -44.93379975430989 0
      vertex -92.95343511450382 -44.812703555096896 0
    endloop
  endfacet
  facet normal 0 0 -1
    outer loop
      vertex -85 -46.5 0
      vertex -92.95343511450382 -44.812703555096896 0
      vertex -92.72578332951 -44.66059149547982 0
    endloop
  endfacet
  facet normal 0 0 -1
    outer loop
      vertex -85 -46.5 0
      vertex -92.72578332951 -44.66059149547982 0
      vertex -92.51993374502786 -44.48006625497215 0
    endloop
  endfacet
  facet normal 0 0 -1
    outer loop
      vertex -85 -46.5 0
      vertex -92.51993374502786 -44.48006625497215 0
      vertex -92.33940850452018 -44.27421667049001 0
    endloop
  endfacet
  facet normal 0 0 -1
    outer loop
      vertex -85 -46.5 0
      vertex -92.33940850452018 -44.27421667049001 0
      vertex -92.18729644490311 -44.04656488549618 0
    endloop
  endfacet
  facet normal 0 0 -1
    outer loop
      vertex -85 -46.5 0
      vertex -92.18729644490311 -44.04656488549618 0
      vertex -92.06620024569011 -43.80100608514891 0
    endloop
  endfacet
  facet normal 0 0 -1
    outer loop
      vertex -85 -46.5 0
      vertex -92.06620024569011 -43.80100608514891 0
      vertex -91.97819189642395 -43.541741848603905 0
    endloop
  endfacet
  facet normal 0 0 -1
    outer loop
      vertex -85 -46.5 0
      vertex -91.97819189642395 -43.541741848603905 0
      vertex -91.92477724436107 -43.27320825883006 0
    endloop
  endfacet
  facet normal 0 0 -1
    outer loop
      vertex -85 -46.5 0
      vertex -91.92477724436107 -43.27320825883006 0
      vertex -91.90687022900764 -43 0
    endloop
  endfacet
  facet normal 0 0 -1
    outer loop
      vertex -86.04419889502762 -39.9060773480663 0
      vertex -94 -40.90687022900763 0
      vertex -94.27320825883007 -40.924777244361074 0
    endloop
  endfacet
  facet normal 0 0 -1
    outer loop
      vertex -86.04419889502762 -39.9060773480663 0
      vertex -93.72679174116993 -40.924777244361074 0
      vertex -94 -40.90687022900763 0
    endloop
  endfacet
  facet normal 0 0 -1
    outer loop
      vertex -85 -41 0
      vertex -91.90687022900764 -43 0
      vertex -91.92477724436107 -42.72679174116994 0
    endloop
  endfacet
  facet normal 0 0 -1
    outer loop
      vertex -86.04419889502762 -39.9060773480663 0
      vertex -91.97819189642395 -42.458258151396095 0
      vertex -92.06620024569011 -42.19899391485109 0
    endloop
  endfacet
  facet normal 0 0 -1
    outer loop
      vertex -86.04419889502762 -39.9060773480663 0
      vertex -92.06620024569011 -42.19899391485109 0
      vertex -92.18729644490311 -41.95343511450382 0
    endloop
  endfacet
  facet normal 0 0 -1
    outer loop
      vertex -86.04419889502762 -39.9060773480663 0
      vertex -93.4582581513961 -40.978191896423944 0
      vertex -93.72679174116993 -40.924777244361074 0
    endloop
  endfacet
  facet normal 0 0 -1
    outer loop
      vertex -86.04419889502762 -39.9060773480663 0
      vertex -93.19899391485109 -41.06620024569011 0
      vertex -93.4582581513961 -40.978191896423944 0
    endloop
  endfacet
  facet normal 0 0 -1
    outer loop
      vertex -86.04419889502762 -39.9060773480663 0
      vertex -92.95343511450382 -41.187296444903104 0
      vertex -93.19899391485109 -41.06620024569011 0
    endloop
  endfacet
  facet normal 0 0 -1
    outer loop
      vertex -86.04419889502762 -39.9060773480663 0
      vertex -92.18729644490311 -41.95343511450382 0
      vertex -92.33940850452018 -41.72578332950999 0
    endloop
  endfacet
  facet normal 0 0 -1
    outer loop
      vertex -86.04419889502762 -39.9060773480663 0
      vertex -92.33940850452018 -41.72578332950999 0
      vertex -92.51993374502786 -41.51993374502785 0
    endloop
  endfacet
  facet normal 0 0 -1
    outer loop
      vertex -86.04419889502762 -39.9060773480663 0
      vertex -92.72578332951 -41.33940850452018 0
      vertex -92.95343511450382 -41.187296444903104 0
    endloop
  endfacet
  facet normal 0 0 -1
    outer loop
      vertex -86.04419889502762 -39.9060773480663 0
      vertex -92.51993374502786 -41.51993374502785 0
      vertex -92.72578332951 -41.33940850452018 0
    endloop
  endfacet
  facet normal 0 0 -1
    outer loop
      vertex -86.04419889502762 -39.9060773480663 0
      vertex -91.92477724436107 -42.72679174116994 0
      vertex -91.97819189642395 -42.458258151396095 0
    endloop
  endfacet
  facet normal 0 0 -1
    outer loop
      vertex -85 -46.5 0
      vertex -91.90687022900764 -43 0
      vertex -85 -41 0
    endloop
  endfacet
  facet normal 0 0 -1
    outer loop
      vertex -85 -41 0
      vertex -91.92477724436107 -42.72679174116994 0
      vertex -85 -40.576470588235296 0
    endloop
  endfacet
  facet normal 0 0 -1
    outer loop
      vertex -85 -40.576470588235296 0
      vertex -91.92477724436107 -42.72679174116994 0
      vertex -86.04419889502762 -39.9060773480663 0
    endloop
  endfacet
  facet normal 0 0 -1
    outer loop
      vertex -103 -39.5 0
      vertex -87.25000000000001 -39.5 0
      vertex -86.04419889502762 -39.9060773480663 0
    endloop
  endfacet
  facet normal 0 0 -1
    outer loop
      vertex -85 -40.576470588235296 0
      vertex -86.04419889502762 -39.9060773480663 0
      vertex -85 -39.83870967741935 0
    endloop
  endfacet
  facet normal -1 0 0
    outer loop
      vertex -103 -46.5 0
      vertex -103 -39.5 2.5
      vertex -103 -39.5 0
    endloop
  endfacet
  facet normal 0 -1 0
    outer loop
      vertex -103 -46.5 0
      vertex -85 -46.5 0
      vertex -85 -46.5 2.5
    endloop
  endfacet
  facet normal 1 0 0
    outer loop
      vertex -85 -46.5 0
      vertex -85 -41 0
      vertex -85 -46.5 2.5
    endloop
  endfacet
  facet normal -1 0 0
    outer loop
      vertex -103 -46.5 0
      vertex -103 -46.5 2.5
      vertex -103 -41 2.5
    endloop
  endfacet
  facet normal -1 0 0
    outer loop
      vertex -103 -46.5 0
      vertex -103 -41 2.5
      vertex -103 -39.5 2.5
    endloop
  endfacet
  facet normal 0 -1 0
    outer loop
      vertex -103 -46.5 0
      vertex -85 -46.5 2.5
      vertex -103 -46.5 2.5
    endloop
  endfacet
  facet normal 1 0 0
    outer loop
      vertex -85 -41 0
      vertex -85 -41 2.5
      vertex -85 -46.5 2.5
    endloop
  endfacet
  facet normal 0 0 1
    outer loop
      vertex -103 -46.5 2.5
      vertex -95.15911099154688 -43.31058285412303 2.5
      vertex -103 -41 2.5
    endloop
  endfacet
  facet normal 0 0 1
    outer loop
      vertex -103 -46.5 2.5
      vertex -95.03923048454132 -43.6 2.5
      vertex -95.10865543901355 -43.45922011883811 2.5
    endloop
  endfacet
  facet normal 0 0 1
    outer loop
      vertex -103 -46.5 2.5
      vertex -95.10865543901355 -43.45922011883811 2.5
      vertex -95.15911099154688 -43.31058285412303 2.5
    endloop
  endfacet
  facet normal 0 0 1
    outer loop
      vertex -103 -46.5 2.5
      vertex -94.6 -44.03923048454133 2.5
      vertex -94.73051371481047 -43.95202400834948 2.5
    endloop
  endfacet
  facet normal 0 0 1
    outer loop
      vertex -103 -46.5 2.5
      vertex -94.84852813742386 -43.848528137423855 2.5
      vertex -94.95202400834948 -43.73051371481046 2.5
    endloop
  endfacet
  facet normal 0 0 1
    outer loop
      vertex -103 -46.5 2.5
      vertex -94.73051371481047 -43.95202400834948 2.5
      vertex -94.84852813742386 -43.848528137423855 2.5
    endloop
  endfacet
  facet normal 0 0 1
    outer loop
      vertex -103 -46.5 2.5
      vertex -94.4592201188381 -44.108655439013546 2.5
      vertex -94.6 -44.03923048454133 2.5
    endloop
  endfacet
  facet normal 0 0 1
    outer loop
      vertex -103 -46.5 2.5
      vertex -94.31058285412303 -44.15911099154688 2.5
      vertex -94.4592201188381 -44.108655439013546 2.5
    endloop
  endfacet
  facet normal 0 0 1
    outer loop
      vertex -103 -46.5 2.5
      vertex -94.95202400834948 -43.73051371481046 2.5
      vertex -95.03923048454132 -43.6 2.5
    endloop
  endfacet
  facet normal 0 0 1
    outer loop
      vertex -103 -46.5 2.5
      vertex -85 -46.5 2.5
      vertex -94.31058285412303 -44.15911099154688 2.5
    endloop
  endfacet
  facet normal 0 0 1
    outer loop
      vertex -103 -41 2.5
      vertex -95.15911099154688 -43.31058285412303 2.5
      vertex -95.18973383364857 -43.15663143066406 2.5
    endloop
  endfacet
  facet normal 0 0 1
    outer loop
      vertex -103 -41 2.5
      vertex -95.18973383364857 -43.15663143066406 2.5
      vertex -95.2 -43 2.5
    endloop
  endfacet
  facet normal 0 0 1
    outer loop
      vertex -103 -41 2.5
      vertex -95.2 -43 2.5
      vertex -95.18973383364857 -42.84336856933594 2.5
    endloop
  endfacet
  facet normal 0 0 1
    outer loop
      vertex -103 -41 2.5
      vertex -95.18973383364857 -42.84336856933594 2.5
      vertex -95.15911099154688 -42.68941714587697 2.5
    endloop
  endfacet
  facet normal 0 0 1
    outer loop
      vertex -103 -41 2.5
      vertex -95.15911099154688 -42.68941714587697 2.5
      vertex -95.10865543901355 -42.54077988116189 2.5
    endloop
  endfacet
  facet normal 0 0 1
    outer loop
      vertex -103 -41 2.5
      vertex -95.10865543901355 -42.54077988116189 2.5
      vertex -95.03923048454132 -42.4 2.5
    endloop
  endfacet
  facet normal 0 0 1
    outer loop
      vertex -103 -41 2.5
      vertex -95.03923048454132 -42.4 2.5
      vertex -94.95202400834948 -42.26948628518954 2.5
    endloop
  endfacet
  facet normal 0 0 1
    outer loop
      vertex -103 -41 2.5
      vertex -94.95202400834948 -42.26948628518954 2.5
      vertex -94.84852813742386 -42.151471862576145 2.5
    endloop
  endfacet
  facet normal 0 0 1
    outer loop
      vertex -103 -41 2.5
      vertex -94.84852813742386 -42.151471862576145 2.5
      vertex -94.73051371481047 -42.04797599165052 2.5
    endloop
  endfacet
  facet normal 0 0 1
    outer loop
      vertex -103 -41 2.5
      vertex -94.73051371481047 -42.04797599165052 2.5
      vertex -94.6 -41.96076951545867 2.5
    endloop
  endfacet
  facet normal 0 0 1
    outer loop
      vertex -103 -41 2.5
      vertex -94.6 -41.96076951545867 2.5
      vertex -94.4592201188381 -41.891344560986454 2.5
    endloop
  endfacet
  facet normal 0 0 1
    outer loop
      vertex -103 -41 2.5
      vertex -94.4592201188381 -41.891344560986454 2.5
      vertex -94.31058285412303 -41.84088900845312 2.5
    endloop
  endfacet
  facet normal 0 0 1
    outer loop
      vertex -103 -41 2.5
      vertex -94.31058285412303 -41.84088900845312 2.5
      vertex -94.15663143066406 -41.810266166351425 2.5
    endloop
  endfacet
  facet normal 0 0 1
    outer loop
      vertex -103 -41 2.5
      vertex -94.15663143066406 -41.810266166351425 2.5
      vertex -94 -41.8 2.5
    endloop
  endfacet
  facet normal 0 0 1
    outer loop
      vertex -103 -41 2.5
      vertex -94 -41.8 2.5
      vertex -93.84336856933594 -41.810266166351425 2.5
    endloop
  endfacet
  facet normal 0 0 1
    outer loop
      vertex -103 -41 2.5
      vertex -93.84336856933594 -41.810266166351425 2.5
      vertex -85 -41 2.5
    endloop
  endfacet
  facet normal 0 0 1
    outer loop
      vertex -85 -46.5 2.5
      vertex -94.15663143066406 -44.189733833648575 2.5
      vertex -94.31058285412303 -44.15911099154688 2.5
    endloop
  endfacet
  facet normal 0 0 1
    outer loop
      vertex -85 -46.5 2.5
      vertex -94 -44.2 2.5
      vertex -94.15663143066406 -44.189733833648575 2.5
    endloop
  endfacet
  facet normal 0 0 1
    outer loop
      vertex -85 -46.5 2.5
      vertex -93.84336856933594 -44.189733833648575 2.5
      vertex -94 -44.2 2.5
    endloop
  endfacet
  facet normal 0 0 1
    outer loop
      vertex -85 -46.5 2.5
      vertex -93.68941714587697 -44.15911099154688 2.5
      vertex -93.84336856933594 -44.189733833648575 2.5
    endloop
  endfacet
  facet normal 0 0 1
    outer loop
      vertex -85 -46.5 2.5
      vertex -93.4 -44.03923048454133 2.5
      vertex -93.5407798811619 -44.108655439013546 2.5
    endloop
  endfacet
  facet normal 0 0 1
    outer loop
      vertex -85 -46.5 2.5
      vertex -93.5407798811619 -44.108655439013546 2.5
      vertex -93.68941714587697 -44.15911099154688 2.5
    endloop
  endfacet
  facet normal 0 0 1
    outer loop
      vertex -85 -46.5 2.5
      vertex -93.26948628518953 -43.95202400834948 2.5
      vertex -93.4 -44.03923048454133 2.5
    endloop
  endfacet
  facet normal 0 0 1
    outer loop
      vertex -85 -46.5 2.5
      vertex -93.15147186257614 -43.848528137423855 2.5
      vertex -93.26948628518953 -43.95202400834948 2.5
    endloop
  endfacet
  facet normal 0 0 1
    outer loop
      vertex -85 -46.5 2.5
      vertex -93.04797599165052 -43.73051371481046 2.5
      vertex -93.15147186257614 -43.848528137423855 2.5
    endloop
  endfacet
  facet normal 0 0 1
    outer loop
      vertex -85 -46.5 2.5
      vertex -92.96076951545868 -43.6 2.5
      vertex -93.04797599165052 -43.73051371481046 2.5
    endloop
  endfacet
  facet normal 0 0 1
    outer loop
      vertex -85 -46.5 2.5
      vertex -92.89134456098645 -43.45922011883811 2.5
      vertex -92.96076951545868 -43.6 2.5
    endloop
  endfacet
  facet normal 0 0 1
    outer loop
      vertex -85 -41 2.5
      vertex -92.84088900845312 -43.31058285412303 2.5
      vertex -92.89134456098645 -43.45922011883811 2.5
    endloop
  endfacet
  facet normal 0 0 1
    outer loop
      vertex -85 -41 2.5
      vertex -92.81026616635143 -43.15663143066406 2.5
      vertex -92.84088900845312 -43.31058285412303 2.5
    endloop
  endfacet
  facet normal 0 0 1
    outer loop
      vertex -85 -41 2.5
      vertex -92.8 -43 2.5
      vertex -92.81026616635143 -43.15663143066406 2.5
    endloop
  endfacet
  facet normal 0 0 1
    outer loop
      vertex -85 -41 2.5
      vertex -92.81026616635143 -42.84336856933594 2.5
      vertex -92.8 -43 2.5
    endloop
  endfacet
  facet normal 0 0 1
    outer loop
      vertex -85 -41 2.5
      vertex -92.84088900845312 -42.68941714587697 2.5
      vertex -92.81026616635143 -42.84336856933594 2.5
    endloop
  endfacet
  facet normal 0 0 1
    outer loop
      vertex -85 -41 2.5
      vertex -92.89134456098645 -42.54077988116189 2.5
      vertex -92.84088900845312 -42.68941714587697 2.5
    endloop
  endfacet
  facet normal 0 0 1
    outer loop
      vertex -85 -41 2.5
      vertex -93.84336856933594 -41.810266166351425 2.5
      vertex -93.68941714587697 -41.84088900845312 2.5
    endloop
  endfacet
  facet normal 0 0 1
    outer loop
      vertex -85 -41 2.5
      vertex -93.5407798811619 -41.891344560986454 2.5
      vertex -93.4 -41.96076951545867 2.5
    endloop
  endfacet
  facet normal 0 0 1
    outer loop
      vertex -85 -41 2.5
      vertex -93.68941714587697 -41.84088900845312 2.5
      vertex -93.5407798811619 -41.891344560986454 2.5
    endloop
  endfacet
  facet normal 0 0 1
    outer loop
      vertex -85 -41 2.5
      vertex -93.04797599165052 -42.26948628518954 2.5
      vertex -92.96076951545868 -42.4 2.5
    endloop
  endfacet
  facet normal 0 0 1
    outer loop
      vertex -85 -41 2.5
      vertex -93.26948628518953 -42.04797599165052 2.5
      vertex -93.15147186257614 -42.151471862576145 2.5
    endloop
  endfacet
  facet normal 0 0 1
    outer loop
      vertex -85 -41 2.5
      vertex -93.15147186257614 -42.151471862576145 2.5
      vertex -93.04797599165052 -42.26948628518954 2.5
    endloop
  endfacet
  facet normal 0 0 1
    outer loop
      vertex -85 -41 2.5
      vertex -92.96076951545868 -42.4 2.5
      vertex -92.89134456098645 -42.54077988116189 2.5
    endloop
  endfacet
  facet normal 0 0 1
    outer loop
      vertex -85 -41 2.5
      vertex -93.4 -41.96076951545867 2.5
      vertex -93.26948628518953 -42.04797599165052 2.5
    endloop
  endfacet
  facet normal 0 0 1
    outer loop
      vertex -85 -46.5 2.5
      vertex -85 -41 2.5
      vertex -92.89134456098645 -43.45922011883811 2.5
    endloop
  endfacet
  facet normal 0 0 -1
    outer loop
      vertex 30 -46.5 0
      vertex 30 -41 0
      vertex 36.250000000000014 -39.5 0
    endloop
  endfacet
  facet normal 0 0 -1
    outer loop
      vertex 30 -46.5 0
      vertex 37.33940850452018 -44.27421667049001 0
      vertex 37.51993374502785 -44.48006625497215 0
    endloop
  endfacet
  facet normal 0 0 -1
    outer loop
      vertex 30 -46.5 0
      vertex 37.95343511450382 -44.812703555096896 0
      vertex 38.19899391485109 -44.93379975430989 0
    endloop
  endfacet
  facet normal 0 0 -1
    outer loop
      vertex 30 -46.5 0
      vertex 38.19899391485109 -44.93379975430989 0
      vertex 38.458258151396095 -45.021808103576056 0
    endloop
  endfacet
  facet normal 0 0 -1
    outer loop
      vertex 30 -46.5 0
      vertex 37.51993374502785 -44.48006625497215 0
      vertex 37.72578332950999 -44.66059149547982 0
    endloop
  endfacet
  facet normal 0 0 -1
    outer loop
      vertex 30 -46.5 0
      vertex 37.72578332950999 -44.66059149547982 0
      vertex 37.95343511450382 -44.812703555096896 0
    endloop
  endfacet
  facet normal 0 0 -1
    outer loop
      vertex 30 -46.5 0
      vertex 38.458258151396095 -45.021808103576056 0
      vertex 38.72679174116994 -45.075222755638926 0
    endloop
  endfacet
  facet normal 0 0 -1
    outer loop
      vertex 30 -46.5 0
      vertex 37.187296444903104 -44.04656488549618 0
      vertex 37.33940850452018 -44.27421667049001 0
    endloop
  endfacet
  facet normal 0 0 -1
    outer loop
      vertex 30 -46.5 0
      vertex 37.06620024569011 -43.80100608514891 0
      vertex 37.187296444903104 -44.04656488549618 0
    endloop
  endfacet
  facet normal 0 0 -1
    outer loop
      vertex 30 -46.5 0
      vertex 36.978191896423944 -43.541741848603905 0
      vertex 37.06620024569011 -43.80100608514891 0
    endloop
  endfacet
  facet normal 0 0 -1
    outer loop
      vertex 30 -46.5 0
      vertex 36.924777244361074 -43.27320825883006 0
      vertex 36.978191896423944 -43.541741848603905 0
    endloop
  endfacet
  facet normal 0 0 -1
    outer loop
      vertex 30 -46.5 0
      vertex 36.90687022900763 -43 0
      vertex 36.924777244361074 -43.27320825883006 0
    endloop
  endfacet
  facet normal 0 0 -1
    outer loop
      vertex 30 -46.5 0
      vertex 36.924777244361074 -42.72679174116994 0
      vertex 36.90687022900763 -43 0
    endloop
  endfacet
  facet normal 0 0 -1
    outer loop
      vertex 30 -46.5 0
      vertex 36.978191896423944 -42.458258151396095 0
      vertex 36.924777244361074 -42.72679174116994 0
    endloop
  endfacet
  facet normal 0 0 -1
    outer loop
      vertex 30 -46.5 0
      vertex 36.250000000000014 -39.5 0
      vertex 36.978191896423944 -42.458258151396095 0
    endloop
  endfacet
  facet normal 0 0 -1
    outer loop
      vertex 36.250000000000014 -39.5 0
      vertex 37.06620024569011 -42.19899391485109 0
      vertex 36.978191896423944 -42.458258151396095 0
    endloop
  endfacet
  facet normal 0 0 -1
    outer loop
      vertex 36.250000000000014 -39.5 0
      vertex 37.187296444903104 -41.95343511450382 0
      vertex 37.06620024569011 -42.19899391485109 0
    endloop
  endfacet
  facet normal 0 0 -1
    outer loop
      vertex 36.250000000000014 -39.5 0
      vertex 37.33940850452018 -41.72578332950999 0
      vertex 37.187296444903104 -41.95343511450382 0
    endloop
  endfacet
  facet normal 0 0 -1
    outer loop
      vertex 36.250000000000014 -39.5 0
      vertex 37.51993374502785 -41.51993374502785 0
      vertex 37.33940850452018 -41.72578332950999 0
    endloop
  endfacet
  facet normal 0 0 -1
    outer loop
      vertex 36.250000000000014 -39.5 0
      vertex 37.72578332950999 -41.33940850452018 0
      vertex 37.51993374502785 -41.51993374502785 0
    endloop
  endfacet
  facet normal 0 0 -1
    outer loop
      vertex 36.250000000000014 -39.5 0
      vertex 37.95343511450382 -41.187296444903104 0
      vertex 37.72578332950999 -41.33940850452018 0
    endloop
  endfacet
  facet normal 0 0 -1
    outer loop
      vertex 36.250000000000014 -39.5 0
      vertex 38.19899391485109 -41.06620024569011 0
      vertex 37.95343511450382 -41.187296444903104 0
    endloop
  endfacet
  facet normal 0 0 -1
    outer loop
      vertex 36.250000000000014 -39.5 0
      vertex 38.458258151396095 -40.978191896423944 0
      vertex 38.19899391485109 -41.06620024569011 0
    endloop
  endfacet
  facet normal 0 0 -1
    outer loop
      vertex 36.250000000000014 -39.5 0
      vertex 38.72679174116994 -40.924777244361074 0
      vertex 38.458258151396095 -40.978191896423944 0
    endloop
  endfacet
  facet normal 0 0 -1
    outer loop
      vertex 30 -46.5 0
      vertex 38.72679174116994 -45.075222755638926 0
      vertex 48 -46.5 0
    endloop
  endfacet
  facet normal 0 0 -1
    outer loop
      vertex 48 -46.5 0
      vertex 38.72679174116994 -45.075222755638926 0
      vertex 39 -45.09312977099237 0
    endloop
  endfacet
  facet normal 0 0 -1
    outer loop
      vertex 48 -46.5 0
      vertex 39 -45.09312977099237 0
      vertex 39.27320825883006 -45.075222755638926 0
    endloop
  endfacet
  facet normal 0 0 -1
    outer loop
      vertex 48 -46.5 0
      vertex 39.27320825883006 -45.075222755638926 0
      vertex 39.541741848603905 -45.021808103576056 0
    endloop
  endfacet
  facet normal 0 0 -1
    outer loop
      vertex 48 -46.5 0
      vertex 39.541741848603905 -45.021808103576056 0
      vertex 39.80100608514891 -44.93379975430989 0
    endloop
  endfacet
  facet normal 0 0 -1
    outer loop
      vertex 48 -46.5 0
      vertex 39.80100608514891 -44.93379975430989 0
      vertex 40.04656488549618 -44.812703555096896 0
    endloop
  endfacet
  facet normal 0 0 -1
    outer loop
      vertex 48 -46.5 0
      vertex 40.04656488549618 -44.812703555096896 0
      vertex 40.27421667049001 -44.66059149547982 0
    endloop
  endfacet
  facet normal 0 0 -1
    outer loop
      vertex 48 -46.5 0
      vertex 40.27421667049001 -44.66059149547982 0
      vertex 40.48006625497215 -44.48006625497215 0
    endloop
  endfacet
  facet normal 0 0 -1
    outer loop
      vertex 48 -46.5 0
      vertex 40.48006625497215 -44.48006625497215 0
      vertex 40.66059149547982 -44.27421667049001 0
    endloop
  endfacet
  facet normal 0 0 -1
    outer loop
      vertex 48 -46.5 0
      vertex 40.66059149547982 -44.27421667049001 0
      vertex 40.812703555096896 -44.04656488549618 0
    endloop
  endfacet
  facet normal 0 0 -1
    outer loop
      vertex 48 -46.5 0
      vertex 40.812703555096896 -44.04656488549618 0
      vertex 40.93379975430989 -43.80100608514891 0
    endloop
  endfacet
  facet normal 0 0 -1
    outer loop
      vertex 48 -39.5 0
      vertex 40.04656488549618 -41.187296444903104 0
      vertex 39.80100608514891 -41.06620024569011 0
    endloop
  endfacet
  facet normal 0 0 -1
    outer loop
      vertex 48 -39.5 0
      vertex 40.93379975430989 -42.19899391485109 0
      vertex 40.812703555096896 -41.95343511450382 0
    endloop
  endfacet
  facet normal 0 0 -1
    outer loop
      vertex 48 -39.5 0
      vertex 40.812703555096896 -41.95343511450382 0
      vertex 40.66059149547982 -41.72578332950999 0
    endloop
  endfacet
  facet normal 0 0 -1
    outer loop
      vertex 48 -39.5 0
      vertex 40.48006625497215 -41.51993374502785 0
      vertex 40.27421667049001 -41.33940850452018 0
    endloop
  endfacet
  facet normal 0 0 -1
    outer loop
      vertex 48 -39.5 0
      vertex 40.27421667049001 -41.33940850452018 0
      vertex 40.04656488549618 -41.187296444903104 0
    endloop
  endfacet
  facet normal 0 0 -1
    outer loop
      vertex 48 -39.5 0
      vertex 40.66059149547982 -41.72578332950999 0
      vertex 40.48006625497215 -41.51993374502785 0
    endloop
  endfacet
  facet normal 0 0 -1
    outer loop
      vertex 48 -46.5 0
      vertex 40.93379975430989 -43.80100608514891 0
      vertex 41.021808103576056 -43.541741848603905 0
    endloop
  endfacet
  facet normal 0 0 -1
    outer loop
      vertex 48 -46.5 0
      vertex 41.021808103576056 -43.541741848603905 0
      vertex 41.075222755638926 -43.27320825883006 0
    endloop
  endfacet
  facet normal 0 0 -1
    outer loop
      vertex 48 -46.5 0
      vertex 41.075222755638926 -43.27320825883006 0
      vertex 41.09312977099237 -43 0
    endloop
  endfacet
  facet normal 0 0 -1
    outer loop
      vertex 48 -46.5 0
      vertex 41.09312977099237 -43 0
      vertex 41.075222755638926 -42.72679174116994 0
    endloop
  endfacet
  facet normal 0 0 -1
    outer loop
      vertex 48 -46.5 0
      vertex 41.075222755638926 -42.72679174116994 0
      vertex 41.021808103576056 -42.458258151396095 0
    endloop
  endfacet
  facet normal 0 0 -1
    outer loop
      vertex 48 -39.5 0
      vertex 41.021808103576056 -42.458258151396095 0
      vertex 40.93379975430989 -42.19899391485109 0
    endloop
  endfacet
  facet normal 0 0 -1
    outer loop
      vertex 48 -46.5 0
      vertex 41.021808103576056 -42.458258151396095 0
      vertex 48 -39.5 0
    endloop
  endfacet
  facet normal 0 0 -1
    outer loop
      vertex 36.250000000000014 -39.5 0
      vertex 48 -39.5 0
      vertex 38.72679174116994 -40.924777244361074 0
    endloop
  endfacet
  facet normal 0 0 -1
    outer loop
      vertex 48 -39.5 0
      vertex 39 -40.90687022900763 0
      vertex 38.72679174116994 -40.924777244361074 0
    endloop
  endfacet
  facet normal 0 0 -1
    outer loop
      vertex 48 -39.5 0
      vertex 39.27320825883006 -40.924777244361074 0
      vertex 39 -40.90687022900763 0
    endloop
  endfacet
  facet normal 0 0 -1
    outer loop
      vertex 48 -39.5 0
      vertex 39.541741848603905 -40.978191896423944 0
      vertex 39.27320825883006 -40.924777244361074 0
    endloop
  endfacet
  facet normal 0 0 -1
    outer loop
      vertex 48 -39.5 0
      vertex 39.80100608514891 -41.06620024569011 0
      vertex 39.541741848603905 -40.978191896423944 0
    endloop
  endfacet
  facet normal -1 0 0
    outer loop
      vertex 30 -46.5 0
      vertex 30 -41 2.5
      vertex 30 -41 0
    endloop
  endfacet
  facet normal 0 -1 0
    outer loop
      vertex 30 -46.5 0
      vertex 48 -46.5 0
      vertex 48 -46.5 2.5
    endloop
  endfacet
  facet normal 1 0 0
    outer loop
      vertex 48 -46.5 0
      vertex 48 -39.5 0
      vertex 48 -46.5 2.5
    endloop
  endfacet
  facet normal -1 0 0
    outer loop
      vertex 30 -46.5 0
      vertex 30 -46.5 2.5
      vertex 30 -41 2.5
    endloop
  endfacet
  facet normal 0 -1 0
    outer loop
      vertex 30 -46.5 0
      vertex 48 -46.5 2.5
      vertex 30 -46.5 2.5
    endloop
  endfacet
  facet normal 1 0 0
    outer loop
      vertex 48 -39.5 0
      vertex 48 -41 2.5
      vertex 48 -46.5 2.5
    endloop
  endfacet
  facet normal 1 0 0
    outer loop
      vertex 48 -39.5 0
      vertex 48 -39.5 2.5
      vertex 48 -41 2.5
    endloop
  endfacet
  facet normal 0 0 1
    outer loop
      vertex 30 -46.5 2.5
      vertex 37.84088900845312 -43.31058285412303 2.5
      vertex 30 -41 2.5
    endloop
  endfacet
  facet normal 0 0 1
    outer loop
      vertex 30 -46.5 2.5
      vertex 38.4 -44.03923048454133 2.5
      vertex 38.26948628518954 -43.95202400834948 2.5
    endloop
  endfacet
  facet normal 0 0 1
    outer loop
      vertex 30 -46.5 2.5
      vertex 38.151471862576145 -43.848528137423855 2.5
      vertex 38.04797599165052 -43.73051371481046 2.5
    endloop
  endfacet
  facet normal 0 0 1
    outer loop
      vertex 30 -46.5 2.5
      vertex 38.26948628518954 -43.95202400834948 2.5
      vertex 38.151471862576145 -43.848528137423855 2.5
    endloop
  endfacet
  facet normal 0 0 1
    outer loop
      vertex 30 -46.5 2.5
      vertex 37.96076951545867 -43.6 2.5
      vertex 37.891344560986454 -43.45922011883811 2.5
    endloop
  endfacet
  facet normal 0 0 1
    outer loop
      vertex 30 -46.5 2.5
      vertex 37.891344560986454 -43.45922011883811 2.5
      vertex 37.84088900845312 -43.31058285412303 2.5
    endloop
  endfacet
  facet normal 0 0 1
    outer loop
      vertex 30 -46.5 2.5
      vertex 38.04797599165052 -43.73051371481046 2.5
      vertex 37.96076951545867 -43.6 2.5
    endloop
  endfacet
  facet normal 0 0 1
    outer loop
      vertex 30 -46.5 2.5
      vertex 38.54077988116189 -44.108655439013546 2.5
      vertex 38.4 -44.03923048454133 2.5
    endloop
  endfacet
  facet normal 0 0 1
    outer loop
      vertex 30 -46.5 2.5
      vertex 38.68941714587697 -44.15911099154688 2.5
      vertex 38.54077988116189 -44.108655439013546 2.5
    endloop
  endfacet
  facet normal 0 0 1
    outer loop
      vertex 30 -46.5 2.5
      vertex 38.84336856933594 -44.189733833648575 2.5
      vertex 38.68941714587697 -44.15911099154688 2.5
    endloop
  endfacet
  facet normal 0 0 1
    outer loop
      vertex 30 -46.5 2.5
      vertex 39.15663143066406 -44.189733833648575 2.5
      vertex 39 -44.2 2.5
    endloop
  endfacet
  facet normal 0 0 1
    outer loop
      vertex 30 -46.5 2.5
      vertex 39 -44.2 2.5
      vertex 38.84336856933594 -44.189733833648575 2.5
    endloop
  endfacet
  facet normal 0 0 1
    outer loop
      vertex 30 -46.5 2.5
      vertex 39.31058285412303 -44.15911099154688 2.5
      vertex 39.15663143066406 -44.189733833648575 2.5
    endloop
  endfacet
  facet normal 0 0 1
    outer loop
      vertex 30 -41 2.5
      vertex 37.84088900845312 -43.31058285412303 2.5
      vertex 37.810266166351425 -43.15663143066406 2.5
    endloop
  endfacet
  facet normal 0 0 1
    outer loop
      vertex 30 -41 2.5
      vertex 37.810266166351425 -43.15663143066406 2.5
      vertex 37.8 -43 2.5
    endloop
  endfacet
  facet normal 0 0 1
    outer loop
      vertex 30 -41 2.5
      vertex 37.8 -43 2.5
      vertex 37.810266166351425 -42.84336856933594 2.5
    endloop
  endfacet
  facet normal 0 0 1
    outer loop
      vertex 30 -41 2.5
      vertex 37.810266166351425 -42.84336856933594 2.5
      vertex 37.84088900845312 -42.68941714587697 2.5
    endloop
  endfacet
  facet normal 0 0 1
    outer loop
      vertex 30 -41 2.5
      vertex 37.84088900845312 -42.68941714587697 2.5
      vertex 37.891344560986454 -42.54077988116189 2.5
    endloop
  endfacet
  facet normal 0 0 1
    outer loop
      vertex 30 -41 2.5
      vertex 37.891344560986454 -42.54077988116189 2.5
      vertex 37.96076951545867 -42.4 2.5
    endloop
  endfacet
  facet normal 0 0 1
    outer loop
      vertex 30 -41 2.5
      vertex 37.96076951545867 -42.4 2.5
      vertex 38.04797599165052 -42.26948628518954 2.5
    endloop
  endfacet
  facet normal 0 0 1
    outer loop
      vertex 30 -41 2.5
      vertex 38.04797599165052 -42.26948628518954 2.5
      vertex 38.151471862576145 -42.151471862576145 2.5
    endloop
  endfacet
  facet normal 0 0 1
    outer loop
      vertex 30 -41 2.5
      vertex 38.151471862576145 -42.151471862576145 2.5
      vertex 38.26948628518954 -42.04797599165052 2.5
    endloop
  endfacet
  facet normal 0 0 1
    outer loop
      vertex 30 -41 2.5
      vertex 38.26948628518954 -42.04797599165052 2.5
      vertex 38.4 -41.96076951545867 2.5
    endloop
  endfacet
  facet normal 0 0 1
    outer loop
      vertex 30 -41 2.5
      vertex 38.4 -41.96076951545867 2.5
      vertex 38.54077988116189 -41.891344560986454 2.5
    endloop
  endfacet
  facet normal 0 0 1
    outer loop
      vertex 30 -41 2.5
      vertex 38.54077988116189 -41.891344560986454 2.5
      vertex 38.68941714587697 -41.84088900845312 2.5
    endloop
  endfacet
  facet normal 0 0 1
    outer loop
      vertex 30 -41 2.5
      vertex 38.68941714587697 -41.84088900845312 2.5
      vertex 38.84336856933594 -41.810266166351425 2.5
    endloop
  endfacet
  facet normal 0 0 1
    outer loop
      vertex 30 -46.5 2.5
      vertex 48 -46.5 2.5
      vertex 39.31058285412303 -44.15911099154688 2.5
    endloop
  endfacet
  facet normal 0 0 1
    outer loop
      vertex 48 -46.5 2.5
      vertex 39.6 -44.03923048454133 2.5
      vertex 39.45922011883811 -44.108655439013546 2.5
    endloop
  endfacet
  facet normal 0 0 1
    outer loop
      vertex 48 -46.5 2.5
      vertex 39.45922011883811 -44.108655439013546 2.5
      vertex 39.31058285412303 -44.15911099154688 2.5
    endloop
  endfacet
  facet normal 0 0 1
    outer loop
      vertex 48 -46.5 2.5
      vertex 39.73051371481046 -43.95202400834948 2.5
      vertex 39.6 -44.03923048454133 2.5
    endloop
  endfacet
  facet normal 0 0 1
    outer loop
      vertex 48 -46.5 2.5
      vertex 39.848528137423855 -43.848528137423855 2.5
      vertex 39.73051371481046 -43.95202400834948 2.5
    endloop
  endfacet
  facet normal 0 0 1
    outer loop
      vertex 48 -46.5 2.5
      vertex 39.95202400834948 -43.73051371481046 2.5
      vertex 39.848528137423855 -43.848528137423855 2.5
    endloop
  endfacet
  facet normal 0 0 1
    outer loop
      vertex 48 -46.5 2.5
      vertex 40.03923048454133 -43.6 2.5
      vertex 39.95202400834948 -43.73051371481046 2.5
    endloop
  endfacet
  facet normal 0 0 1
    outer loop
      vertex 48 -46.5 2.5
      vertex 40.108655439013546 -43.45922011883811 2.5
      vertex 40.03923048454133 -43.6 2.5
    endloop
  endfacet
  facet normal 0 0 1
    outer loop
      vertex 30 -41 2.5
      vertex 38.84336856933594 -41.810266166351425 2.5
      vertex 48 -41 2.5
    endloop
  endfacet
  facet normal 0 0 1
    outer loop
      vertex 48 -41 2.5
      vertex 40.15911099154688 -43.31058285412303 2.5
      vertex 40.108655439013546 -43.45922011883811 2.5
    endloop
  endfacet
  facet normal 0 0 1
    outer loop
      vertex 48 -41 2.5
      vertex 40.189733833648575 -43.15663143066406 2.5
      vertex 40.15911099154688 -43.31058285412303 2.5
    endloop
  endfacet
  facet normal 0 0 1
    outer loop
      vertex 48 -41 2.5
      vertex 40.2 -43 2.5
      vertex 40.189733833648575 -43.15663143066406 2.5
    endloop
  endfacet
  facet normal 0 0 1
    outer loop
      vertex 48 -41 2.5
      vertex 40.189733833648575 -42.84336856933594 2.5
      vertex 40.2 -43 2.5
    endloop
  endfacet
  facet normal 0 0 1
    outer loop
      vertex 48 -41 2.5
      vertex 40.15911099154688 -42.68941714587697 2.5
      vertex 40.189733833648575 -42.84336856933594 2.5
    endloop
  endfacet
  facet normal 0 0 1
    outer loop
      vertex 48 -41 2.5
      vertex 40.108655439013546 -42.54077988116189 2.5
      vertex 40.15911099154688 -42.68941714587697 2.5
    endloop
  endfacet
  facet normal 0 0 1
    outer loop
      vertex 48 -41 2.5
      vertex 38.84336856933594 -41.810266166351425 2.5
      vertex 39 -41.8 2.5
    endloop
  endfacet
  facet normal 0 0 1
    outer loop
      vertex 48 -41 2.5
      vertex 39 -41.8 2.5
      vertex 39.15663143066406 -41.810266166351425 2.5
    endloop
  endfacet
  facet normal 0 0 1
    outer loop
      vertex 48 -41 2.5
      vertex 39.95202400834948 -42.26948628518954 2.5
      vertex 40.03923048454133 -42.4 2.5
    endloop
  endfacet
  facet normal 0 0 1
    outer loop
      vertex 48 -41 2.5
      vertex 39.73051371481046 -42.04797599165052 2.5
      vertex 39.848528137423855 -42.151471862576145 2.5
    endloop
  endfacet
  facet normal 0 0 1
    outer loop
      vertex 48 -41 2.5
      vertex 39.848528137423855 -42.151471862576145 2.5
      vertex 39.95202400834948 -42.26948628518954 2.5
    endloop
  endfacet
  facet normal 0 0 1
    outer loop
      vertex 48 -41 2.5
      vertex 39.15663143066406 -41.810266166351425 2.5
      vertex 39.31058285412303 -41.84088900845312 2.5
    endloop
  endfacet
  facet normal 0 0 1
    outer loop
      vertex 48 -41 2.5
      vertex 39.45922011883811 -41.891344560986454 2.5
      vertex 39.6 -41.96076951545867 2.5
    endloop
  endfacet
  facet normal 0 0 1
    outer loop
      vertex 48 -41 2.5
      vertex 39.31058285412303 -41.84088900845312 2.5
      vertex 39.45922011883811 -41.891344560986454 2.5
    endloop
  endfacet
  facet normal 0 0 1
    outer loop
      vertex 48 -41 2.5
      vertex 39.6 -41.96076951545867 2.5
      vertex 39.73051371481046 -42.04797599165052 2.5
    endloop
  endfacet
  facet normal 0 0 1
    outer loop
      vertex 48 -41 2.5
      vertex 40.03923048454133 -42.4 2.5
      vertex 40.108655439013546 -42.54077988116189 2.5
    endloop
  endfacet
  facet normal 0 0 1
    outer loop
      vertex 48 -46.5 2.5
      vertex 48 -41 2.5
      vertex 40.108655439013546 -43.45922011883811 2.5
    endloop
  endfacet
  facet normal 0 0 -1
    outer loop
      vertex -103 41.5 0
      vertex -94.80100608514891 43.06620024569011 0
      vertex -94.5417418486039 42.97819189642394 0
    endloop
  endfacet
  facet normal 0 0 -1
    outer loop
      vertex -103 41.5 0
      vertex -94.5417418486039 42.97819189642394 0
      vertex -87.25000000000001 41.5 0
    endloop
  endfacet
  facet normal 0 0 -1
    outer loop
      vertex -103 41.5 0
      vertex -103 48.5 0
      vertex -96.02180810357605 44.458258151396095 0
    endloop
  endfacet
  facet normal 0 0 -1
    outer loop
      vertex -103 41.5 0
      vertex -96.02180810357605 44.458258151396095 0
      vertex -95.93379975430989 44.19899391485109 0
    endloop
  endfacet
  facet normal 0 0 -1
    outer loop
      vertex -103 48.5 0
      vertex -96.07522275563893 44.72679174116993 0
      vertex -96.02180810357605 44.458258151396095 0
    endloop
  endfacet
  facet normal 0 0 -1
    outer loop
      vertex -103 48.5 0
      vertex -96.09312977099236 45 0
      vertex -96.07522275563893 44.72679174116993 0
    endloop
  endfacet
  facet normal 0 0 -1
    outer loop
      vertex -103 48.5 0
      vertex -96.07522275563893 45.27320825883007 0
      vertex -96.09312977099236 45 0
    endloop
  endfacet
  facet normal 0 0 -1
    outer loop
      vertex -103 48.5 0
      vertex -96.02180810357605 45.541741848603905 0
      vertex -96.07522275563893 45.27320825883007 0
    endloop
  endfacet
  facet normal 0 0 -1
    outer loop
      vertex -103 48.5 0
      vertex -95.93379975430989 45.80100608514891 0
      vertex -96.02180810357605 45.541741848603905 0
    endloop
  endfacet
  facet normal 0 0 -1
    outer loop
      vertex -103 41.5 0
      vertex -95.66059149547982 43.725783329509994 0
      vertex -95.48006625497214 43.519933745027856 0
    endloop
  endfacet
  facet normal 0 0 -1
    outer loop
      vertex -103 41.5 0
      vertex -95.27421667049 43.33940850452018 0
      vertex -95.04656488549618 43.1872964449031 0
    endloop
  endfacet
  facet normal 0 0 -1
    outer loop
      vertex -103 41.5 0
      vertex -95.48006625497214 43.519933745027856 0
      vertex -95.27421667049 43.33940850452018 0
    endloop
  endfacet
  facet normal 0 0 -1
    outer loop
      vertex -103 41.5 0
      vertex -95.81270355509689 43.95343511450382 0
      vertex -95.66059149547982 43.725783329509994 0
    endloop
  endfacet
  facet normal 0 0 -1
    outer loop
      vertex -103 41.5 0
      vertex -95.93379975430989 44.19899391485109 0
      vertex -95.81270355509689 43.95343511450382 0
    endloop
  endfacet
  facet normal 0 0 -1
    outer loop
      vertex -103 41.5 0
      vertex -95.04656488549618 43.1872964449031 0
      vertex -94.80100608514891 43.06620024569011 0
    endloop
  endfacet
  facet normal 0 0 -1
    outer loop
      vertex -103 48.5 0
      vertex -95.81270355509689 46.04656488549618 0
      vertex -95.93379975430989 45.80100608514891 0
    endloop
  endfacet
  facet normal 0 0 -1
    outer loop
      vertex -103 48.5 0
      vertex -95.66059149547982 46.274216670490006 0
      vertex -95.81270355509689 46.04656488549618 0
    endloop
  endfacet
  facet normal 0 0 -1
    outer loop
      vertex -103 48.5 0
      vertex -95.48006625497214 46.480066254972144 0
      vertex -95.66059149547982 46.274216670490006 0
    endloop
  endfacet
  facet normal 0 0 -1
    outer loop
      vertex -103 48.5 0
      vertex -95.27421667049 46.66059149547982 0
      vertex -95.48006625497214 46.480066254972144 0
    endloop
  endfacet
  facet normal 0 0 -1
    outer loop
      vertex -103 48.5 0
      vertex -95.04656488549618 46.8127035550969 0
      vertex -95.27421667049 46.66059149547982 0
    endloop
  endfacet
  facet normal 0 0 -1
    outer loop
      vertex -103 48.5 0
      vertex -94.80100608514891 46.93379975430989 0
      vertex -95.04656488549618 46.8127035550969 0
    endloop
  endfacet
  facet normal 0 0 -1
    outer loop
      vertex -103 48.5 0
      vertex -94.5417418486039 47.02180810357606 0
      vertex -94.80100608514891 46.93379975430989 0
    endloop
  endfacet
  facet normal 0 0 -1
    outer loop
      vertex -103 48.5 0
      vertex -94.27320825883007 47.07522275563892 0
      vertex -94.5417418486039 47.02180810357606 0
    endloop
  endfacet
  facet normal 0 0 -1
    outer loop
      vertex -103 48.5 0
      vertex -94 47.09312977099236 0
      vertex -94.27320825883007 47.07522275563892 0
    endloop
  endfacet
  facet normal 0 0 -1
    outer loop
      vertex -103 48.5 0
      vertex -93.72679174116993 47.07522275563892 0
      vertex -94 47.09312977099236 0
    endloop
  endfacet
  facet normal 0 0 -1
    outer loop
      vertex -103 48.5 0
      vertex -85 48.5 0
      vertex -93.72679174116993 47.07522275563892 0
    endloop
  endfacet
  facet normal 0 0 -1
    outer loop
      vertex -87.25000000000001 41.5 0
      vertex -94.5417418486039 42.97819189642394 0
      vertex -94.27320825883007 42.92477724436108 0
    endloop
  endfacet
  facet normal 0 0 -1
    outer loop
      vertex -87.25000000000001 41.5 0
      vertex -94.27320825883007 42.92477724436108 0
      vertex -94 42.90687022900764 0
    endloop
  endfacet
  facet normal 0 0 -1
    outer loop
      vertex -87.25000000000001 41.5 0
      vertex -94 42.90687022900764 0
      vertex -93.72679174116993 42.92477724436108 0
    endloop
  endfacet
  facet normal 0 0 -1
    outer loop
      vertex -87.25000000000001 41.5 0
      vertex -93.72679174116993 42.92477724436108 0
      vertex -93.4582581513961 42.97819189642394 0
    endloop
  endfacet
  facet normal 0 0 -1
    outer loop
      vertex -87.25000000000001 41.5 0
      vertex -93.4582581513961 42.97819189642394 0
      vertex -93.19899391485109 43.06620024569011 0
    endloop
  endfacet
  facet normal 0 0 -1
    outer loop
      vertex -87.25000000000001 41.5 0
      vertex -85 42.576470588235296 0
      vertex -85 41.83870967741936 0
    endloop
  endfacet
  facet normal 0 0 -1
    outer loop
      vertex -87.25000000000001 41.5 0
      vertex -85 43 0
      vertex -85 42.576470588235296 0
    endloop
  endfacet
  facet normal 0 0 -1
    outer loop
      vertex -87.25000000000001 41.5 0
      vertex -93.19899391485109 43.06620024569011 0
      vertex -92.95343511450382 43.1872964449031 0
    endloop
  endfacet
  facet normal 0 0 -1
    outer loop
      vertex -87.25000000000001 41.5 0
      vertex -92.95343511450382 43.1872964449031 0
      vertex -92.72578332951 43.33940850452018 0
    endloop
  endfacet
  facet normal 0 0 -1
    outer loop
      vertex -87.25000000000001 41.5 0
      vertex -92.72578332951 43.33940850452018 0
      vertex -92.51993374502786 43.519933745027856 0
    endloop
  endfacet
  facet normal 0 0 -1
    outer loop
      vertex -87.25000000000001 41.5 0
      vertex -92.51993374502786 43.519933745027856 0
      vertex -92.33940850452018 43.725783329509994 0
    endloop
  endfacet
  facet normal 0 0 -1
    outer loop
      vertex -87.25000000000001 41.5 0
      vertex -92.33940850452018 43.725783329509994 0
      vertex -92.18729644490311 43.95343511450382 0
    endloop
  endfacet
  facet normal 0 0 -1
    outer loop
      vertex -87.25000000000001 41.5 0
      vertex -92.18729644490311 43.95343511450382 0
      vertex -92.06620024569011 44.19899391485109 0
    endloop
  endfacet
  facet normal 0 0 -1
    outer loop
      vertex -87.25000000000001 41.5 0
      vertex -92.06620024569011 44.19899391485109 0
      vertex -91.97819189642395 44.458258151396095 0
    endloop
  endfacet
  facet normal 0 0 -1
    outer loop
      vertex -87.25000000000001 41.5 0
      vertex -91.97819189642395 44.458258151396095 0
      vertex -91.92477724436107 44.72679174116993 0
    endloop
  endfacet
  facet normal 0 0 -1
    outer loop
      vertex -87.25000000000001 41.5 0
      vertex -91.92477724436107 44.72679174116993 0
      vertex -91.90687022900764 45 0
    endloop
  endfacet
  facet normal 0 0 -1
    outer loop
      vertex -87.25000000000001 41.5 0
      vertex -91.90687022900764 45 0
      vertex -91.92477724436107 45.27320825883007 0
    endloop
  endfacet
  facet normal 0 0 -1
    outer loop
      vertex -85 48.5 0
      vertex -91.92477724436107 45.27320825883007 0
      vertex -91.97819189642395 45.541741848603905 0
    endloop
  endfacet
  facet normal 0 0 -1
    outer loop
      vertex -85 48.5 0
      vertex -91.97819189642395 45.541741848603905 0
      vertex -92.06620024569011 45.80100608514891 0
    endloop
  endfacet
  facet normal 0 0 -1
    outer loop
      vertex -85 48.5 0
      vertex -92.06620024569011 45.80100608514891 0
      vertex -92.18729644490311 46.04656488549618 0
    endloop
  endfacet
  facet normal 0 0 -1
    outer loop
      vertex -85 48.5 0
      vertex -92.18729644490311 46.04656488549618 0
      vertex -92.33940850452018 46.274216670490006 0
    endloop
  endfacet
  facet normal 0 0 -1
    outer loop
      vertex -85 48.5 0
      vertex -93.4582581513961 47.02180810357606 0
      vertex -93.72679174116993 47.07522275563892 0
    endloop
  endfacet
  facet normal 0 0 -1
    outer loop
      vertex -85 48.5 0
      vertex -92.72578332951 46.66059149547982 0
      vertex -92.95343511450382 46.8127035550969 0
    endloop
  endfacet
  facet normal 0 0 -1
    outer loop
      vertex -85 48.5 0
      vertex -92.51993374502786 46.480066254972144 0
      vertex -92.72578332951 46.66059149547982 0
    endloop
  endfacet
  facet normal 0 0 -1
    outer loop
      vertex -85 48.5 0
      vertex -93.19899391485109 46.93379975430989 0
      vertex -93.4582581513961 47.02180810357606 0
    endloop
  endfacet
  facet normal 0 0 -1
    outer loop
      vertex -85 48.5 0
      vertex -92.95343511450382 46.8127035550969 0
      vertex -93.19899391485109 46.93379975430989 0
    endloop
  endfacet
  facet normal 0 0 -1
    outer loop
      vertex -85 48.5 0
      vertex -92.33940850452018 46.274216670490006 0
      vertex -92.51993374502786 46.480066254972144 0
    endloop
  endfacet
  facet normal 0 0 -1
    outer loop
      vertex -87.25000000000001 41.5 0
      vertex -91.92477724436107 45.27320825883007 0
      vertex -85 48.5 0
    endloop
  endfacet
  facet normal 0 0 -1
    outer loop
      vertex -87.25000000000001 41.5 0
      vertex -85 48.5 0
      vertex -85 43 0
    endloop
  endfacet
  facet normal -1 0 0
    outer loop
      vertex -103 41.5 0
      vertex -103 48.5 2.5
      vertex -103 48.5 0
    endloop
  endfacet
  facet normal 0 1 0
    outer loop
      vertex -103 48.5 0
      vertex -103 48.5 2.5
      vertex -85 48.5 0
    endloop
  endfacet
  facet normal 1 0 0
    outer loop
      vertex -85 43 0
      vertex -85 48.5 0
      vertex -85 43 2.5
    endloop
  endfacet
  facet normal -1 0 0
    outer loop
      vertex -103 41.5 0
      vertex -103 41.5 2.5
      vertex -103 43 2.5
    endloop
  endfacet
  facet normal -1 0 0
    outer loop
      vertex -103 41.5 0
      vertex -103 43 2.5
      vertex -103 48.5 2.5
    endloop
  endfacet
  facet normal 0 1 0
    outer loop
      vertex -85 48.5 0
      vertex -103 48.5 2.5
      vertex -85 48.5 2.5
    endloop
  endfacet
  facet normal 1 0 0
    outer loop
      vertex -85 48.5 0
      vertex -85 48.5 2.5
      vertex -85 43 2.5
    endloop
  endfacet
  facet normal 0 0 1
    outer loop
      vertex -103 43 2.5
      vertex -95.10865543901355 45.45922011883812 2.5
      vertex -103 48.5 2.5
    endloop
  endfacet
  facet normal 0 0 1
    outer loop
      vertex -103 43 2.5
      vertex -95.03923048454132 44.400000000000006 2.5
      vertex -95.10865543901355 44.54077988116188 2.5
    endloop
  endfacet
  facet normal 0 0 1
    outer loop
      vertex -103 43 2.5
      vertex -94.6 43.96076951545868 2.5
      vertex -94.73051371481047 44.04797599165052 2.5
    endloop
  endfacet
  facet normal 0 0 1
    outer loop
      vertex -103 43 2.5
      vertex -94.31058285412303 43.84088900845312 2.5
      vertex -94.4592201188381 43.891344560986454 2.5
    endloop
  endfacet
  facet normal 0 0 1
    outer loop
      vertex -103 43 2.5
      vertex -94.4592201188381 43.891344560986454 2.5
      vertex -94.6 43.96076951545868 2.5
    endloop
  endfacet
  facet normal 0 0 1
    outer loop
      vertex -103 43 2.5
      vertex -94.15663143066406 43.810266166351425 2.5
      vertex -94.31058285412303 43.84088900845312 2.5
    endloop
  endfacet
  facet normal 0 0 1
    outer loop
      vertex -103 43 2.5
      vertex -94.84852813742386 44.151471862576145 2.5
      vertex -94.95202400834948 44.269486285189544 2.5
    endloop
  endfacet
  facet normal 0 0 1
    outer loop
      vertex -103 43 2.5
      vertex -94.73051371481047 44.04797599165052 2.5
      vertex -94.84852813742386 44.151471862576145 2.5
    endloop
  endfacet
  facet normal 0 0 1
    outer loop
      vertex -103 43 2.5
      vertex -94.95202400834948 44.269486285189544 2.5
      vertex -95.03923048454132 44.400000000000006 2.5
    endloop
  endfacet
  facet normal 0 0 1
    outer loop
      vertex -103 43 2.5
      vertex -94 43.8 2.5
      vertex -94.15663143066406 43.810266166351425 2.5
    endloop
  endfacet
  facet normal 0 0 1
    outer loop
      vertex -103 43 2.5
      vertex -93.84336856933594 43.810266166351425 2.5
      vertex -94 43.8 2.5
    endloop
  endfacet
  facet normal 0 0 1
    outer loop
      vertex -103 43 2.5
      vertex -95.10865543901355 44.54077988116188 2.5
      vertex -95.15911099154688 44.68941714587697 2.5
    endloop
  endfacet
  facet normal 0 0 1
    outer loop
      vertex -103 43 2.5
      vertex -95.15911099154688 44.68941714587697 2.5
      vertex -95.18973383364857 44.84336856933594 2.5
    endloop
  endfacet
  facet normal 0 0 1
    outer loop
      vertex -103 43 2.5
      vertex -95.18973383364857 44.84336856933594 2.5
      vertex -95.2 45 2.5
    endloop
  endfacet
  facet normal 0 0 1
    outer loop
      vertex -103 43 2.5
      vertex -95.2 45 2.5
      vertex -95.18973383364857 45.15663143066406 2.5
    endloop
  endfacet
  facet normal 0 0 1
    outer loop
      vertex -103 43 2.5
      vertex -95.18973383364857 45.15663143066406 2.5
      vertex -95.15911099154688 45.31058285412303 2.5
    endloop
  endfacet
  facet normal 0 0 1
    outer loop
      vertex -103 43 2.5
      vertex -95.15911099154688 45.31058285412303 2.5
      vertex -95.10865543901355 45.45922011883812 2.5
    endloop
  endfacet
  facet normal 0 0 1
    outer loop
      vertex -103 43 2.5
      vertex -85 43 2.5
      vertex -93.84336856933594 43.810266166351425 2.5
    endloop
  endfacet
  facet normal 0 0 1
    outer loop
      vertex -103 48.5 2.5
      vertex -95.10865543901355 45.45922011883812 2.5
      vertex -95.03923048454132 45.599999999999994 2.5
    endloop
  endfacet
  facet normal 0 0 1
    outer loop
      vertex -103 48.5 2.5
      vertex -95.03923048454132 45.599999999999994 2.5
      vertex -94.95202400834948 45.730513714810456 2.5
    endloop
  endfacet
  facet normal 0 0 1
    outer loop
      vertex -103 48.5 2.5
      vertex -94.95202400834948 45.730513714810456 2.5
      vertex -94.84852813742386 45.848528137423855 2.5
    endloop
  endfacet
  facet normal 0 0 1
    outer loop
      vertex -103 48.5 2.5
      vertex -94.84852813742386 45.848528137423855 2.5
      vertex -94.73051371481047 45.95202400834948 2.5
    endloop
  endfacet
  facet normal 0 0 1
    outer loop
      vertex -103 48.5 2.5
      vertex -94.73051371481047 45.95202400834948 2.5
      vertex -94.6 46.03923048454132 2.5
    endloop
  endfacet
  facet normal 0 0 1
    outer loop
      vertex -103 48.5 2.5
      vertex -94.6 46.03923048454132 2.5
      vertex -94.4592201188381 46.108655439013546 2.5
    endloop
  endfacet
  facet normal 0 0 1
    outer loop
      vertex -103 48.5 2.5
      vertex -94.4592201188381 46.108655439013546 2.5
      vertex -94.31058285412303 46.15911099154688 2.5
    endloop
  endfacet
  facet normal 0 0 1
    outer loop
      vertex -103 48.5 2.5
      vertex -94.31058285412303 46.15911099154688 2.5
      vertex -85 48.5 2.5
    endloop
  endfacet
  facet normal 0 0 1
    outer loop
      vertex -85 43 2.5
      vertex -93.68941714587697 43.84088900845312 2.5
      vertex -93.84336856933594 43.810266166351425 2.5
    endloop
  endfacet
  facet normal 0 0 1
    outer loop
      vertex -85 43 2.5
      vertex -93.5407798811619 43.891344560986454 2.5
      vertex -93.68941714587697 43.84088900845312 2.5
    endloop
  endfacet
  facet normal 0 0 1
    outer loop
      vertex -85 43 2.5
      vertex -93.4 43.96076951545868 2.5
      vertex -93.5407798811619 43.891344560986454 2.5
    endloop
  endfacet
  facet normal 0 0 1
    outer loop
      vertex -85 43 2.5
      vertex -93.26948628518953 44.04797599165052 2.5
      vertex -93.4 43.96076951545868 2.5
    endloop
  endfacet
  facet normal 0 0 1
    outer loop
      vertex -85 43 2.5
      vertex -93.15147186257614 44.151471862576145 2.5
      vertex -93.26948628518953 44.04797599165052 2.5
    endloop
  endfacet
  facet normal 0 0 1
    outer loop
      vertex -85 43 2.5
      vertex -93.04797599165052 44.269486285189544 2.5
      vertex -93.15147186257614 44.151471862576145 2.5
    endloop
  endfacet
  facet normal 0 0 1
    outer loop
      vertex -85 43 2.5
      vertex -92.96076951545868 44.400000000000006 2.5
      vertex -93.04797599165052 44.269486285189544 2.5
    endloop
  endfacet
  facet normal 0 0 1
    outer loop
      vertex -85 43 2.5
      vertex -92.89134456098645 44.54077988116188 2.5
      vertex -92.96076951545868 44.400000000000006 2.5
    endloop
  endfacet
  facet normal 0 0 1
    outer loop
      vertex -85 43 2.5
      vertex -92.84088900845312 44.68941714587697 2.5
      vertex -92.89134456098645 44.54077988116188 2.5
    endloop
  endfacet
  facet normal 0 0 1
    outer loop
      vertex -85 43 2.5
      vertex -92.81026616635143 44.84336856933594 2.5
      vertex -92.84088900845312 44.68941714587697 2.5
    endloop
  endfacet
  facet normal 0 0 1
    outer loop
      vertex -85 43 2.5
      vertex -92.8 45 2.5
      vertex -92.81026616635143 44.84336856933594 2.5
    endloop
  endfacet
  facet normal 0 0 1
    outer loop
      vertex -85 43 2.5
      vertex -92.81026616635143 45.15663143066406 2.5
      vertex -92.8 45 2.5
    endloop
  endfacet
  facet normal 0 0 1
    outer loop
      vertex -85 43 2.5
      vertex -92.84088900845312 45.31058285412303 2.5
      vertex -92.81026616635143 45.15663143066406 2.5
    endloop
  endfacet
  facet normal 0 0 1
    outer loop
      vertex -85 48.5 2.5
      vertex -94.31058285412303 46.15911099154688 2.5
      vertex -94.15663143066406 46.189733833648575 2.5
    endloop
  endfacet
  facet normal 0 0 1
    outer loop
      vertex -85 48.5 2.5
      vertex -94.15663143066406 46.189733833648575 2.5
      vertex -94 46.2 2.5
    endloop
  endfacet
  facet normal 0 0 1
    outer loop
      vertex -85 48.5 2.5
      vertex -94 46.2 2.5
      vertex -93.84336856933594 46.189733833648575 2.5
    endloop
  endfacet
  facet normal 0 0 1
    outer loop
      vertex -85 48.5 2.5
      vertex -93.84336856933594 46.189733833648575 2.5
      vertex -93.68941714587697 46.15911099154688 2.5
    endloop
  endfacet
  facet normal 0 0 1
    outer loop
      vertex -85 48.5 2.5
      vertex -93.5407798811619 46.108655439013546 2.5
      vertex -93.4 46.03923048454132 2.5
    endloop
  endfacet
  facet normal 0 0 1
    outer loop
      vertex -85 48.5 2.5
      vertex -93.68941714587697 46.15911099154688 2.5
      vertex -93.5407798811619 46.108655439013546 2.5
    endloop
  endfacet
  facet normal 0 0 1
    outer loop
      vertex -85 48.5 2.5
      vertex -93.04797599165052 45.730513714810456 2.5
      vertex -92.96076951545868 45.599999999999994 2.5
    endloop
  endfacet
  facet normal 0 0 1
    outer loop
      vertex -85 48.5 2.5
      vertex -92.89134456098645 45.45922011883812 2.5
      vertex -92.84088900845312 45.31058285412303 2.5
    endloop
  endfacet
  facet normal 0 0 1
    outer loop
      vertex -85 48.5 2.5
      vertex -92.96076951545868 45.599999999999994 2.5
      vertex -92.89134456098645 45.45922011883812 2.5
    endloop
  endfacet
  facet normal 0 0 1
    outer loop
      vertex -85 48.5 2.5
      vertex -93.26948628518953 45.95202400834948 2.5
      vertex -93.15147186257614 45.848528137423855 2.5
    endloop
  endfacet
  facet normal 0 0 1
    outer loop
      vertex -85 48.5 2.5
      vertex -93.15147186257614 45.848528137423855 2.5
      vertex -93.04797599165052 45.730513714810456 2.5
    endloop
  endfacet
  facet normal 0 0 1
    outer loop
      vertex -85 48.5 2.5
      vertex -93.4 46.03923048454132 2.5
      vertex -93.26948628518953 45.95202400834948 2.5
    endloop
  endfacet
  facet normal 0 0 1
    outer loop
      vertex -85 43 2.5
      vertex -85 48.5 2.5
      vertex -92.84088900845312 45.31058285412303 2.5
    endloop
  endfacet
  facet normal 0 0 -1
    outer loop
      vertex 36.250000000000014 41.5 0
      vertex 38.19899391485109 43.06620024569011 0
      vertex 38.458258151396095 42.97819189642394 0
    endloop
  endfacet
  facet normal 0 0 -1
    outer loop
      vertex 36.250000000000014 41.5 0
      vertex 38.458258151396095 42.97819189642394 0
      vertex 38.72679174116994 42.92477724436108 0
    endloop
  endfacet
  facet normal 0 0 -1
    outer loop
      vertex 36.250000000000014 41.5 0
      vertex 38.72679174116994 42.92477724436108 0
      vertex 39 42.90687022900764 0
    endloop
  endfacet
  facet normal 0 0 -1
    outer loop
      vertex 30 43 0
      vertex 30 48.5 0
      vertex 33.857142857142854 43 0
    endloop
  endfacet
  facet normal 0 0 -1
    outer loop
      vertex 30 48.5 0
      vertex 36.978191896423944 44.458258151396095 0
      vertex 33.857142857142854 43 0
    endloop
  endfacet
  facet normal 0 0 -1
    outer loop
      vertex 36.250000000000014 41.5 0
      vertex 33.857142857142854 43 0
      vertex 37.187296444903104 43.95343511450382 0
    endloop
  endfacet
  facet normal 0 0 -1
    outer loop
      vertex 33.857142857142854 43 0
      vertex 37.06620024569011 44.19899391485109 0
      vertex 37.187296444903104 43.95343511450382 0
    endloop
  endfacet
  facet normal 0 0 -1
    outer loop
      vertex 33.857142857142854 43 0
      vertex 36.978191896423944 44.458258151396095 0
      vertex 37.06620024569011 44.19899391485109 0
    endloop
  endfacet
  facet normal 0 0 -1
    outer loop
      vertex 36.250000000000014 41.5 0
      vertex 37.33940850452018 43.725783329509994 0
      vertex 37.51993374502785 43.519933745027856 0
    endloop
  endfacet
  facet normal 0 0 -1
    outer loop
      vertex 36.250000000000014 41.5 0
      vertex 37.72578332950999 43.33940850452018 0
      vertex 37.95343511450382 43.1872964449031 0
    endloop
  endfacet
  facet normal 0 0 -1
    outer loop
      vertex 36.250000000000014 41.5 0
      vertex 37.51993374502785 43.519933745027856 0
      vertex 37.72578332950999 43.33940850452018 0
    endloop
  endfacet
  facet normal 0 0 -1
    outer loop
      vertex 36.250000000000014 41.5 0
      vertex 37.187296444903104 43.95343511450382 0
      vertex 37.33940850452018 43.725783329509994 0
    endloop
  endfacet
  facet normal 0 0 -1
    outer loop
      vertex 36.250000000000014 41.5 0
      vertex 37.95343511450382 43.1872964449031 0
      vertex 38.19899391485109 43.06620024569011 0
    endloop
  endfacet
  facet normal 0 0 -1
    outer loop
      vertex 30 48.5 0
      vertex 36.924777244361074 44.72679174116993 0
      vertex 36.978191896423944 44.458258151396095 0
    endloop
  endfacet
  facet normal 0 0 -1
    outer loop
      vertex 30 48.5 0
      vertex 36.90687022900763 45 0
      vertex 36.924777244361074 44.72679174116993 0
    endloop
  endfacet
  facet normal 0 0 -1
    outer loop
      vertex 30 48.5 0
      vertex 36.924777244361074 45.27320825883007 0
      vertex 36.90687022900763 45 0
    endloop
  endfacet
  facet normal 0 0 -1
    outer loop
      vertex 30 48.5 0
      vertex 36.978191896423944 45.541741848603905 0
      vertex 36.924777244361074 45.27320825883007 0
    endloop
  endfacet
  facet normal 0 0 -1
    outer loop
      vertex 30 48.5 0
      vertex 37.06620024569011 45.80100608514891 0
      vertex 36.978191896423944 45.541741848603905 0
    endloop
  endfacet
  facet normal 0 0 -1
    outer loop
      vertex 30 48.5 0
      vertex 37.187296444903104 46.04656488549618 0
      vertex 37.06620024569011 45.80100608514891 0
    endloop
  endfacet
  facet normal 0 0 -1
    outer loop
      vertex 30 48.5 0
      vertex 37.33940850452018 46.274216670490006 0
      vertex 37.187296444903104 46.04656488549618 0
    endloop
  endfacet
  facet normal 0 0 -1
    outer loop
      vertex 30 48.5 0
      vertex 37.51993374502785 46.480066254972144 0
      vertex 37.33940850452018 46.274216670490006 0
    endloop
  endfacet
  facet normal 0 0 -1
    outer loop
      vertex 30 48.5 0
      vertex 37.72578332950999 46.66059149547982 0
      vertex 37.51993374502785 46.480066254972144 0
    endloop
  endfacet
  facet normal 0 0 -1
    outer loop
      vertex 30 48.5 0
      vertex 37.95343511450382 46.8127035550969 0
      vertex 37.72578332950999 46.66059149547982 0
    endloop
  endfacet
  facet normal 0 0 -1
    outer loop
      vertex 30 48.5 0
      vertex 38.19899391485109 46.93379975430989 0
      vertex 37.95343511450382 46.8127035550969 0
    endloop
  endfacet
  facet normal 0 0 -1
    outer loop
      vertex 30 48.5 0
      vertex 38.458258151396095 47.02180810357606 0
      vertex 38.19899391485109 46.93379975430989 0
    endloop
  endfacet
  facet normal 0 0 -1
    outer loop
      vertex 30 48.5 0
      vertex 38.72679174116994 47.07522275563892 0
      vertex 38.458258151396095 47.02180810357606 0
    endloop
  endfacet
  facet normal 0 0 -1
    outer loop
      vertex 30 48.5 0
      vertex 39 47.09312977099236 0
      vertex 38.72679174116994 47.07522275563892 0
    endloop
  endfacet
  facet normal 0 0 -1
    outer loop
      vertex 30 48.5 0
      vertex 39.27320825883006 47.07522275563892 0
      vertex 39 47.09312977099236 0
    endloop
  endfacet
  facet normal 0 0 -1
    outer loop
      vertex 36.250000000000014 41.5 0
      vertex 39 42.90687022900764 0
      vertex 48 43 0
    endloop
  endfacet
  facet normal 0 0 -1
    outer loop
      vertex 36.250000000000014 41.5 0
      vertex 48 43 0
      vertex 48 41.5 0
    endloop
  endfacet
  facet normal 1 0 0
    outer loop
      vertex 48 41.5 0
      vertex 48 43 0
      vertex 48 41.5 0.05535714285714022
    endloop
  endfacet
  facet normal 0 0 -1
    outer loop
      vertex 48 43 0
      vertex 39 42.90687022900764 0
      vertex 39.27320825883006 42.92477724436108 0
    endloop
  endfacet
  facet normal 0 0 -1
    outer loop
      vertex 48 43 0
      vertex 39.27320825883006 42.92477724436108 0
      vertex 39.541741848603905 42.97819189642394 0
    endloop
  endfacet
  facet normal 0 0 -1
    outer loop
      vertex 48 43 0
      vertex 39.541741848603905 42.97819189642394 0
      vertex 39.80100608514891 43.06620024569011 0
    endloop
  endfacet
  facet normal 0 0 -1
    outer loop
      vertex 48 43 0
      vertex 39.80100608514891 43.06620024569011 0
      vertex 40.04656488549618 43.1872964449031 0
    endloop
  endfacet
  facet normal 0 0 -1
    outer loop
      vertex 48 43 0
      vertex 40.04656488549618 43.1872964449031 0
      vertex 40.27421667049001 43.33940850452018 0
    endloop
  endfacet
  facet normal 0 0 -1
    outer loop
      vertex 48 43 0
      vertex 40.27421667049001 43.33940850452018 0
      vertex 40.48006625497215 43.519933745027856 0
    endloop
  endfacet
  facet normal 0 0 -1
    outer loop
      vertex 48 43 0
      vertex 40.48006625497215 43.519933745027856 0
      vertex 40.66059149547982 43.725783329509994 0
    endloop
  endfacet
  facet normal 0 0 -1
    outer loop
      vertex 48 43 0
      vertex 40.66059149547982 43.725783329509994 0
      vertex 40.812703555096896 43.95343511450382 0
    endloop
  endfacet
  facet normal 0 0 -1
    outer loop
      vertex 48 43 0
      vertex 40.812703555096896 43.95343511450382 0
      vertex 40.93379975430989 44.19899391485109 0
    endloop
  endfacet
  facet normal 0 0 -1
    outer loop
      vertex 30 48.5 0
      vertex 48 48.5 0
      vertex 39.27320825883006 47.07522275563892 0
    endloop
  endfacet
  facet normal 0 0 -1
    outer loop
      vertex 48 48.5 0
      vertex 40.93379975430989 45.80100608514891 0
      vertex 40.812703555096896 46.04656488549618 0
    endloop
  endfacet
  facet normal 0 0 -1
    outer loop
      vertex 48 48.5 0
      vertex 40.812703555096896 46.04656488549618 0
      vertex 40.66059149547982 46.274216670490006 0
    endloop
  endfacet
  facet normal 0 0 -1
    outer loop
      vertex 48 48.5 0
      vertex 39.541741848603905 47.02180810357606 0
      vertex 39.27320825883006 47.07522275563892 0
    endloop
  endfacet
  facet normal 0 0 -1
    outer loop
      vertex 48 48.5 0
      vertex 39.80100608514891 46.93379975430989 0
      vertex 39.541741848603905 47.02180810357606 0
    endloop
  endfacet
  facet normal 0 0 -1
    outer loop
      vertex 48 48.5 0
      vertex 40.04656488549618 46.8127035550969 0
      vertex 39.80100608514891 46.93379975430989 0
    endloop
  endfacet
  facet normal 0 0 -1
    outer loop
      vertex 48 48.5 0
      vertex 40.27421667049001 46.66059149547982 0
      vertex 40.04656488549618 46.8127035550969 0
    endloop
  endfacet
  facet normal 0 0 -1
    outer loop
      vertex 48 48.5 0
      vertex 40.48006625497215 46.480066254972144 0
      vertex 40.27421667049001 46.66059149547982 0
    endloop
  endfacet
  facet normal 0 0 -1
    outer loop
      vertex 48 48.5 0
      vertex 40.66059149547982 46.274216670490006 0
      vertex 40.48006625497215 46.480066254972144 0
    endloop
  endfacet
  facet normal 0 0 -1
    outer loop
      vertex 48 43 0
      vertex 40.93379975430989 44.19899391485109 0
      vertex 41.021808103576056 44.458258151396095 0
    endloop
  endfacet
  facet normal 0 0 -1
    outer loop
      vertex 48 43 0
      vertex 41.021808103576056 44.458258151396095 0
      vertex 48 48.5 0
    endloop
  endfacet
  facet normal 0 0 -1
    outer loop
      vertex 48 48.5 0
      vertex 41.021808103576056 44.458258151396095 0
      vertex 41.075222755638926 44.72679174116993 0
    endloop
  endfacet
  facet normal 0 0 -1
    outer loop
      vertex 48 48.5 0
      vertex 41.075222755638926 44.72679174116993 0
      vertex 41.09312977099237 45 0
    endloop
  endfacet
  facet normal 0 0 -1
    outer loop
      vertex 48 48.5 0
      vertex 41.09312977099237 45 0
      vertex 41.075222755638926 45.27320825883007 0
    endloop
  endfacet
  facet normal 0 0 -1
    outer loop
      vertex 48 48.5 0
      vertex 41.075222755638926 45.27320825883007 0
      vertex 41.021808103576056 45.541741848603905 0
    endloop
  endfacet
  facet normal 0 0 -1
    outer loop
      vertex 48 48.5 0
      vertex 41.021808103576056 45.541741848603905 0
      vertex 40.93379975430989 45.80100608514891 0
    endloop
  endfacet
  facet normal -1 0 0
    outer loop
      vertex 30 43 0
      vertex 30 48.5 2.5
      vertex 30 48.5 0
    endloop
  endfacet
  facet normal 0 1 0
    outer loop
      vertex 30 48.5 0
      vertex 30 48.5 2.5
      vertex 48 48.5 0
    endloop
  endfacet
  facet normal 1 0 0
    outer loop
      vertex 48 43 0
      vertex 48 48.5 0
      vertex 48 43 2.5
    endloop
  endfacet
  facet normal -1 0 0
    outer loop
      vertex 30 43 0
      vertex 30 43 2.5
      vertex 30 48.5 2.5
    endloop
  endfacet
  facet normal 0 1 0
    outer loop
      vertex 48 48.5 0
      vertex 30 48.5 2.5
      vertex 48 48.5 2.5
    endloop
  endfacet
  facet normal 1 0 0
    outer loop
      vertex 48 48.5 0
      vertex 48 48.5 2.5
      vertex 48 43 2.5
    endloop
  endfacet
  facet normal 0 0 1
    outer loop
      vertex 30 43 2.5
      vertex 37.891344560986454 45.45922011883812 2.5
      vertex 30 48.5 2.5
    endloop
  endfacet
  facet normal 0 0 1
    outer loop
      vertex 30 43 2.5
      vertex 38.4 43.96076951545868 2.5
      vertex 38.26948628518954 44.04797599165052 2.5
    endloop
  endfacet
  facet normal 0 0 1
    outer loop
      vertex 30 43 2.5
      vertex 37.96076951545867 44.400000000000006 2.5
      vertex 37.891344560986454 44.54077988116188 2.5
    endloop
  endfacet
  facet normal 0 0 1
    outer loop
      vertex 30 43 2.5
      vertex 38.151471862576145 44.151471862576145 2.5
      vertex 38.04797599165052 44.269486285189544 2.5
    endloop
  endfacet
  facet normal 0 0 1
    outer loop
      vertex 30 43 2.5
      vertex 38.26948628518954 44.04797599165052 2.5
      vertex 38.151471862576145 44.151471862576145 2.5
    endloop
  endfacet
  facet normal 0 0 1
    outer loop
      vertex 30 43 2.5
      vertex 38.04797599165052 44.269486285189544 2.5
      vertex 37.96076951545867 44.400000000000006 2.5
    endloop
  endfacet
  facet normal 0 0 1
    outer loop
      vertex 30 43 2.5
      vertex 38.68941714587697 43.84088900845312 2.5
      vertex 38.54077988116189 43.891344560986454 2.5
    endloop
  endfacet
  facet normal 0 0 1
    outer loop
      vertex 30 43 2.5
      vertex 38.54077988116189 43.891344560986454 2.5
      vertex 38.4 43.96076951545868 2.5
    endloop
  endfacet
  facet normal 0 0 1
    outer loop
      vertex 30 43 2.5
      vertex 38.84336856933594 43.810266166351425 2.5
      vertex 38.68941714587697 43.84088900845312 2.5
    endloop
  endfacet
  facet normal 0 0 1
    outer loop
      vertex 30 43 2.5
      vertex 39.15663143066406 43.810266166351425 2.5
      vertex 39 43.8 2.5
    endloop
  endfacet
  facet normal 0 0 1
    outer loop
      vertex 30 43 2.5
      vertex 39 43.8 2.5
      vertex 38.84336856933594 43.810266166351425 2.5
    endloop
  endfacet
  facet normal 0 0 1
    outer loop
      vertex 30 43 2.5
      vertex 37.891344560986454 44.54077988116188 2.5
      vertex 37.84088900845312 44.68941714587697 2.5
    endloop
  endfacet
  facet normal 0 0 1
    outer loop
      vertex 30 43 2.5
      vertex 37.84088900845312 44.68941714587697 2.5
      vertex 37.810266166351425 44.84336856933594 2.5
    endloop
  endfacet
  facet normal 0 0 1
    outer loop
      vertex 30 43 2.5
      vertex 37.810266166351425 44.84336856933594 2.5
      vertex 37.8 45 2.5
    endloop
  endfacet
  facet normal 0 0 1
    outer loop
      vertex 30 43 2.5
      vertex 37.8 45 2.5
      vertex 37.810266166351425 45.15663143066406 2.5
    endloop
  endfacet
  facet normal 0 0 1
    outer loop
      vertex 30 43 2.5
      vertex 37.810266166351425 45.15663143066406 2.5
      vertex 37.84088900845312 45.31058285412303 2.5
    endloop
  endfacet
  facet normal 0 0 1
    outer loop
      vertex 30 43 2.5
      vertex 37.84088900845312 45.31058285412303 2.5
      vertex 37.891344560986454 45.45922011883812 2.5
    endloop
  endfacet
  facet normal 0 0 1
    outer loop
      vertex 30 48.5 2.5
      vertex 37.891344560986454 45.45922011883812 2.5
      vertex 37.96076951545867 45.599999999999994 2.5
    endloop
  endfacet
  facet normal 0 0 1
    outer loop
      vertex 30 48.5 2.5
      vertex 37.96076951545867 45.599999999999994 2.5
      vertex 38.04797599165052 45.730513714810456 2.5
    endloop
  endfacet
  facet normal 0 0 1
    outer loop
      vertex 30 48.5 2.5
      vertex 38.04797599165052 45.730513714810456 2.5
      vertex 38.151471862576145 45.848528137423855 2.5
    endloop
  endfacet
  facet normal 0 0 1
    outer loop
      vertex 30 48.5 2.5
      vertex 38.151471862576145 45.848528137423855 2.5
      vertex 38.26948628518954 45.95202400834948 2.5
    endloop
  endfacet
  facet normal 0 0 1
    outer loop
      vertex 30 48.5 2.5
      vertex 38.26948628518954 45.95202400834948 2.5
      vertex 38.4 46.03923048454132 2.5
    endloop
  endfacet
  facet normal 0 0 1
    outer loop
      vertex 30 48.5 2.5
      vertex 38.4 46.03923048454132 2.5
      vertex 38.54077988116189 46.108655439013546 2.5
    endloop
  endfacet
  facet normal 0 0 1
    outer loop
      vertex 30 48.5 2.5
      vertex 38.54077988116189 46.108655439013546 2.5
      vertex 38.68941714587697 46.15911099154688 2.5
    endloop
  endfacet
  facet normal 0 0 1
    outer loop
      vertex 30 43 2.5
      vertex 48 43 2.5
      vertex 39.15663143066406 43.810266166351425 2.5
    endloop
  endfacet
  facet normal 0 0 1
    outer loop
      vertex 48 43 2.5
      vertex 39.31058285412303 43.84088900845312 2.5
      vertex 39.15663143066406 43.810266166351425 2.5
    endloop
  endfacet
  facet normal 0 0 1
    outer loop
      vertex 48 43 2.5
      vertex 39.45922011883811 43.891344560986454 2.5
      vertex 39.31058285412303 43.84088900845312 2.5
    endloop
  endfacet
  facet normal 0 0 1
    outer loop
      vertex 48 43 2.5
      vertex 39.6 43.96076951545868 2.5
      vertex 39.45922011883811 43.891344560986454 2.5
    endloop
  endfacet
  facet normal 0 0 1
    outer loop
      vertex 48 43 2.5
      vertex 39.73051371481046 44.04797599165052 2.5
      vertex 39.6 43.96076951545868 2.5
    endloop
  endfacet
  facet normal 0 0 1
    outer loop
      vertex 48 43 2.5
      vertex 39.848528137423855 44.151471862576145 2.5
      vertex 39.73051371481046 44.04797599165052 2.5
    endloop
  endfacet
  facet normal 0 0 1
    outer loop
      vertex 48 43 2.5
      vertex 39.95202400834948 44.269486285189544 2.5
      vertex 39.848528137423855 44.151471862576145 2.5
    endloop
  endfacet
  facet normal 0 0 1
    outer loop
      vertex 48 43 2.5
      vertex 40.03923048454133 44.400000000000006 2.5
      vertex 39.95202400834948 44.269486285189544 2.5
    endloop
  endfacet
  facet normal 0 0 1
    outer loop
      vertex 48 43 2.5
      vertex 40.108655439013546 44.54077988116188 2.5
      vertex 40.03923048454133 44.400000000000006 2.5
    endloop
  endfacet
  facet normal 0 0 1
    outer loop
      vertex 48 43 2.5
      vertex 40.15911099154688 44.68941714587697 2.5
      vertex 40.108655439013546 44.54077988116188 2.5
    endloop
  endfacet
  facet normal 0 0 1
    outer loop
      vertex 48 43 2.5
      vertex 40.189733833648575 44.84336856933594 2.5
      vertex 40.15911099154688 44.68941714587697 2.5
    endloop
  endfacet
  facet normal 0 0 1
    outer loop
      vertex 48 43 2.5
      vertex 40.2 45 2.5
      vertex 40.189733833648575 44.84336856933594 2.5
    endloop
  endfacet
  facet normal 0 0 1
    outer loop
      vertex 48 43 2.5
      vertex 40.189733833648575 45.15663143066406 2.5
      vertex 40.2 45 2.5
    endloop
  endfacet
  facet normal 0 0 1
    outer loop
      vertex 48 43 2.5
      vertex 40.15911099154688 45.31058285412303 2.5
      vertex 40.189733833648575 45.15663143066406 2.5
    endloop
  endfacet
  facet normal 0 0 1
    outer loop
      vertex 30 48.5 2.5
      vertex 38.68941714587697 46.15911099154688 2.5
      vertex 48 48.5 2.5
    endloop
  endfacet
  facet normal 0 0 1
    outer loop
      vertex 48 48.5 2.5
      vertex 38.68941714587697 46.15911099154688 2.5
      vertex 38.84336856933594 46.189733833648575 2.5
    endloop
  endfacet
  facet normal 0 0 1
    outer loop
      vertex 48 48.5 2.5
      vertex 38.84336856933594 46.189733833648575 2.5
      vertex 39 46.2 2.5
    endloop
  endfacet
  facet normal 0 0 1
    outer loop
      vertex 48 48.5 2.5
      vertex 39 46.2 2.5
      vertex 39.15663143066406 46.189733833648575 2.5
    endloop
  endfacet
  facet normal 0 0 1
    outer loop
      vertex 48 48.5 2.5
      vertex 39.95202400834948 45.730513714810456 2.5
      vertex 40.03923048454133 45.599999999999994 2.5
    endloop
  endfacet
  facet normal 0 0 1
    outer loop
      vertex 48 48.5 2.5
      vertex 39.15663143066406 46.189733833648575 2.5
      vertex 39.31058285412303 46.15911099154688 2.5
    endloop
  endfacet
  facet normal 0 0 1
    outer loop
      vertex 48 48.5 2.5
      vertex 39.45922011883811 46.108655439013546 2.5
      vertex 39.6 46.03923048454132 2.5
    endloop
  endfacet
  facet normal 0 0 1
    outer loop
      vertex 48 48.5 2.5
      vertex 39.31058285412303 46.15911099154688 2.5
      vertex 39.45922011883811 46.108655439013546 2.5
    endloop
  endfacet
  facet normal 0 0 1
    outer loop
      vertex 48 48.5 2.5
      vertex 39.73051371481046 45.95202400834948 2.5
      vertex 39.848528137423855 45.848528137423855 2.5
    endloop
  endfacet
  facet normal 0 0 1
    outer loop
      vertex 48 48.5 2.5
      vertex 39.848528137423855 45.848528137423855 2.5
      vertex 39.95202400834948 45.730513714810456 2.5
    endloop
  endfacet
  facet normal 0 0 1
    outer loop
      vertex 48 48.5 2.5
      vertex 39.6 46.03923048454132 2.5
      vertex 39.73051371481046 45.95202400834948 2.5
    endloop
  endfacet
  facet normal 0 0 1
    outer loop
      vertex 48 48.5 2.5
      vertex 40.108655439013546 45.45922011883812 2.5
      vertex 40.15911099154688 45.31058285412303 2.5
    endloop
  endfacet
  facet normal 0 0 1
    outer loop
      vertex 48 48.5 2.5
      vertex 40.03923048454133 45.599999999999994 2.5
      vertex 40.108655439013546 45.45922011883812 2.5
    endloop
  endfacet
  facet normal 0 0 1
    outer loop
      vertex 48 43 2.5
      vertex 48 48.5 2.5
      vertex 40.15911099154688 45.31058285412303 2.5
    endloop
  endfacet
  facet normal 0 0 -1
    outer loop
      vertex -103 -39.5 0
      vertex -100 -38 0
      vertex -80.5 -38 0
    endloop
  endfacet
  facet normal 0 0 -1
    outer loop
      vertex -103 -39.5 0
      vertex -80.5 -38 0
      vertex -87.25000000000001 -39.5 0
    endloop
  endfacet
  facet normal 0 0 -1
    outer loop
      vertex -87.25000000000001 -39.5 0
      vertex -71.5 -38 0
      vertex -86.04419889502762 -39.9060773480663 0
    endloop
  endfacet
  facet normal 0 0 -1
    outer loop
      vertex -86.04419889502762 -39.9060773480663 0
      vertex -71.5 -38 0
      vertex -85 -39.83870967741935 0
    endloop
  endfacet
  facet normal 0 0 -1
    outer loop
      vertex -87.25000000000001 -39.5 0
      vertex -80.5 -38 0
      vertex -71.5 -38 0
    endloop
  endfacet
  facet normal 0 0 -1
    outer loop
      vertex -80.5 -38 0
      vertex -80.23894761502743 -37.98288971930742 0
      vertex -71.5 -38 0
    endloop
  endfacet
  facet normal 0 0 -1
    outer loop
      vertex -80.23894761502743 -37.98288971930742 0
      vertex -79.98236191272736 -37.93185165524483 0
      vertex -71.76105238497257 -37.98288971930742 0
    endloop
  endfacet
  facet normal 0 0 -1
    outer loop
      vertex -79.98236191272736 -37.93185165524483 0
      vertex -79.73463313281536 -37.84775906801224 0
      vertex -72.01763808727264 -37.93185165524483 0
    endloop
  endfacet
  facet normal 0 0 -1
    outer loop
      vertex -79.73463313281536 -37.84775906801224 0
      vertex -79.5 -37.73205080628395 0
      vertex -72.26536686718464 -37.84775906801224 0
    endloop
  endfacet
  facet normal 0 0 -1
    outer loop
      vertex -79.5 -37.73205080628395 0
      vertex -79.28247714042664 -37.586706683039665 0
      vertex -72.5 -37.73205080628395 0
    endloop
  endfacet
  facet normal 0 0 -1
    outer loop
      vertex -79.5 -37.73205080628395 0
      vertex -72.5 -37.73205080628395 0
      vertex -72.26536686718464 -37.84775906801224 0
    endloop
  endfacet
  facet normal 0 0 -1
    outer loop
      vertex -79.28247714042664 -37.586706683039665 0
      vertex -72.71752285957336 -37.586706683039665 0
      vertex -72.5 -37.73205080628395 0
    endloop
  endfacet
  facet normal 0 0 -1
    outer loop
      vertex -79.28247714042664 -37.586706683039665 0
      vertex -79.0857864394784 -37.4142135605216 0
      vertex -72.71752285957336 -37.586706683039665 0
    endloop
  endfacet
  facet normal 0 0 -1
    outer loop
      vertex -79.0857864394784 -37.4142135605216 0
      vertex -78.91329331696033 -37.217522859573364 0
      vertex -72.9142135605216 -37.4142135605216 0
    endloop
  endfacet
  facet normal 0 0 -1
    outer loop
      vertex -78.91329331696033 -37.217522859573364 0
      vertex -78.76794919371605 -37 0
      vertex -73.08670668303967 -37.217522859573364 0
    endloop
  endfacet
  facet normal 0 0 -1
    outer loop
      vertex -78.76794919371605 -37 0
      vertex -78.65224093198776 -36.76536686718464 0
      vertex -73.23205080628395 -37 0
    endloop
  endfacet
  facet normal 0 0 -1
    outer loop
      vertex -78.65224093198776 -36.76536686718464 0
      vertex -78.56814834475517 -36.517638087272644 0
      vertex -73.34775906801224 -36.76536686718464 0
    endloop
  endfacet
  facet normal 0 0 -1
    outer loop
      vertex -78.56814834475517 -36.517638087272644 0
      vertex -78.51711028069258 -36.26105238497257 0
      vertex -73.43185165524483 -36.517638087272644 0
    endloop
  endfacet
  facet normal 0 0 -1
    outer loop
      vertex -78.51711028069258 -36.26105238497257 0
      vertex -78.5 -36 0
      vertex -73.48288971930742 -36.26105238497257 0
    endloop
  endfacet
  facet normal 0 0 -1
    outer loop
      vertex -79.0857864394784 -37.4142135605216 0
      vertex -72.9142135605216 -37.4142135605216 0
      vertex -72.71752285957336 -37.586706683039665 0
    endloop
  endfacet
  facet normal 0 0 -1
    outer loop
      vertex -78.91329331696033 -37.217522859573364 0
      vertex -73.08670668303967 -37.217522859573364 0
      vertex -72.9142135605216 -37.4142135605216 0
    endloop
  endfacet
  facet normal 0 0 -1
    outer loop
      vertex -78.76794919371605 -37 0
      vertex -73.23205080628395 -37 0
      vertex -73.08670668303967 -37.217522859573364 0
    endloop
  endfacet
  facet normal 0 0 -1
    outer loop
      vertex -78.65224093198776 -36.76536686718464 0
      vertex -73.34775906801224 -36.76536686718464 0
      vertex -73.23205080628395 -37 0
    endloop
  endfacet
  facet normal 0 0 -1
    outer loop
      vertex -78.56814834475517 -36.517638087272644 0
      vertex -73.43185165524483 -36.517638087272644 0
      vertex -73.34775906801224 -36.76536686718464 0
    endloop
  endfacet
  facet normal 0 0 -1
    outer loop
      vertex -78.51711028069258 -36.26105238497257 0
      vertex -73.48288971930742 -36.26105238497257 0
      vertex -73.43185165524483 -36.517638087272644 0
    endloop
  endfacet
  facet normal 0 0 -1
    outer loop
      vertex -78.5 -36 0
      vertex -73.5 -36 0
      vertex -73.48288971930742 -36.26105238497257 0
    endloop
  endfacet
  facet normal 0 0 -1
    outer loop
      vertex -80.23894761502743 -37.98288971930742 0
      vertex -71.76105238497257 -37.98288971930742 0
      vertex -71.5 -38 0
    endloop
  endfacet
  facet normal 0 0 -1
    outer loop
      vertex -79.98236191272736 -37.93185165524483 0
      vertex -72.01763808727264 -37.93185165524483 0
      vertex -71.76105238497257 -37.98288971930742 0
    endloop
  endfacet
  facet normal 0 0 -1
    outer loop
      vertex -79.73463313281536 -37.84775906801224 0
      vertex -72.26536686718464 -37.84775906801224 0
      vertex -72.01763808727264 -37.93185165524483 0
    endloop
  endfacet
  facet normal 0 0 -1
    outer loop
      vertex -85 -39.83870967741935 0
      vertex -71.5 -38 0
      vertex -56.5 -38 0
    endloop
  endfacet
  facet normal 0 1 0
    outer loop
      vertex -100 -38 0
      vertex -100 -38 3.1000000000000014
      vertex -80.5 -38 0
    endloop
  endfacet
  facet normal -0.06540314219103631 0.9978589223891017 0
    outer loop
      vertex -80.5 -38 0
      vertex -80.5 -38 3.1000000000000014
      vertex -80.23894761502743 -37.98288971930742 0
    endloop
  endfacet
  facet normal -0.19509030209549946 0.9807852843656897 0
    outer loop
      vertex -80.23894761502743 -37.98288971930742 0
      vertex -80.23894761502743 -37.98288971930742 3.1000000000000014
      vertex -79.98236191272736 -37.93185165524483 0
    endloop
  endfacet
  facet normal -0.32143945792867507 0.9469301319984065 0
    outer loop
      vertex -79.98236191272736 -37.93185165524483 0
      vertex -79.98236191272736 -37.93185165524483 3.1000000000000014
      vertex -79.73463313281536 -37.84775906801224 0
    endloop
  endfacet
  facet normal -0.44228870708373325 0.8968727332159228 0
    outer loop
      vertex -79.73463313281536 -37.84775906801224 0
      vertex -79.73463313281536 -37.84775906801224 3.1000000000000014
      vertex -79.5 -37.73205080628395 0
    endloop
  endfacet
  facet normal -0.5555702203832522 0.8314696207458843 0
    outer loop
      vertex -79.5 -37.73205080628395 0
      vertex -79.5 -37.73205080628395 3.1000000000000014
      vertex -79.28247714042664 -37.586706683039665 0
    endloop
  endfacet
  facet normal -0.6593458308664174 0.7518397936522605 0
    outer loop
      vertex -79.28247714042664 -37.586706683039665 0
      vertex -79.28247714042664 -37.586706683039665 3.1000000000000014
      vertex -79.0857864394784 -37.4142135605216 0
    endloop
  endfacet
  facet normal -0.7518397936522605 0.6593458308664174 0
    outer loop
      vertex -79.0857864394784 -37.4142135605216 0
      vertex -79.0857864394784 -37.4142135605216 3.1000000000000014
      vertex -78.91329331696033 -37.217522859573364 0
    endloop
  endfacet
  facet normal -0.8314696207458843 0.5555702203832522 0
    outer loop
      vertex -78.91329331696033 -37.217522859573364 0
      vertex -78.91329331696033 -37.217522859573364 3.1000000000000014
      vertex -78.76794919371605 -37 0
    endloop
  endfacet
  facet normal -0.8968727332159228 0.44228870708373325 0
    outer loop
      vertex -78.76794919371605 -37 0
      vertex -78.76794919371605 -37 3.1000000000000014
      vertex -78.65224093198776 -36.76536686718464 0
    endloop
  endfacet
  facet normal -0.9469301319984065 0.32143945792867507 0
    outer loop
      vertex -78.65224093198776 -36.76536686718464 0
      vertex -78.65224093198776 -36.76536686718464 3.1000000000000014
      vertex -78.56814834475517 -36.517638087272644 0
    endloop
  endfacet
  facet normal -0.9807852843656897 0.19509030209549946 0
    outer loop
      vertex -78.56814834475517 -36.517638087272644 0
      vertex -78.56814834475517 -36.517638087272644 3.1000000000000014
      vertex -78.51711028069258 -36.26105238497257 0
    endloop
  endfacet
  facet normal -0.9978589223891017 0.06540314219103631 0
    outer loop
      vertex -78.51711028069258 -36.26105238497257 0
      vertex -78.51711028069258 -36.26105238497257 3.1000000000000014
      vertex -78.5 -36 0
    endloop
  endfacet
  facet normal 0.5555702203832522 0.8314696207458843 0
    outer loop
      vertex -72.5 -37.73205080628395 0
      vertex -72.71752285957336 -37.586706683039665 0
      vertex -72.71752285957336 -37.586706683039665 3.1000000000000014
    endloop
  endfacet
  facet normal 0.44228870708373325 0.8968727332159228 0
    outer loop
      vertex -72.5 -37.73205080628395 0
      vertex -72.5 -37.73205080628395 3.1000000000000014
      vertex -72.26536686718464 -37.84775906801224 0
    endloop
  endfacet
  facet normal 0.32143945792867507 0.9469301319984065 0
    outer loop
      vertex -72.26536686718464 -37.84775906801224 0
      vertex -72.26536686718464 -37.84775906801224 3.1000000000000014
      vertex -72.01763808727264 -37.93185165524483 0
    endloop
  endfacet
  facet normal 0.19509030209549946 0.9807852843656897 0
    outer loop
      vertex -71.76105238497257 -37.98288971930742 0
      vertex -72.01763808727264 -37.93185165524483 0
      vertex -72.01763808727264 -37.93185165524483 3.1000000000000014
    endloop
  endfacet
  facet normal 0.06540314219103631 0.9978589223891017 0
    outer loop
      vertex -71.76105238497257 -37.98288971930742 0
      vertex -71.76105238497257 -37.98288971930742 3.1000000000000014
      vertex -71.5 -38 0
    endloop
  endfacet
  facet normal 0.7518397936522605 0.6593458308664174 0
    outer loop
      vertex -73.08670668303967 -37.217522859573364 0
      vertex -73.08670668303967 -37.217522859573364 3.1000000000000014
      vertex -72.9142135605216 -37.4142135605216 0
    endloop
  endfacet
  facet normal 0.8314696207458843 0.5555702203832522 0
    outer loop
      vertex -73.23205080628395 -37 0
      vertex -73.23205080628395 -37 3.1000000000000014
      vertex -73.08670668303967 -37.217522859573364 0
    endloop
  endfacet
  facet normal 0.6593458308664174 0.7518397936522605 0
    outer loop
      vertex -72.9142135605216 -37.4142135605216 0
      vertex -72.9142135605216 -37.4142135605216 3.1000000000000014
      vertex -72.71752285957336 -37.586706683039665 0
    endloop
  endfacet
  facet normal 0.8968727332159228 0.44228870708373325 0
    outer loop
      vertex -73.23205080628395 -37 0
      vertex -73.34775906801224 -36.76536686718464 0
      vertex -73.34775906801224 -36.76536686718464 3.1000000000000014
    endloop
  endfacet
  facet normal 0.9469301319984065 0.32143945792867507 0
    outer loop
      vertex -73.34775906801224 -36.76536686718464 0
      vertex -73.43185165524483 -36.517638087272644 0
      vertex -73.43185165524483 -36.517638087272644 3.1000000000000014
    endloop
  endfacet
  facet normal 0.9807852843656897 0.19509030209549946 0
    outer loop
      vertex -73.43185165524483 -36.517638087272644 0
      vertex -73.48288971930742 -36.26105238497257 0
      vertex -73.48288971930742 -36.26105238497257 3.1000000000000014
    endloop
  endfacet
  facet normal 0.9978589223891017 0.06540314219103631 0
    outer loop
      vertex -73.48288971930742 -36.26105238497257 0
      vertex -73.5 -36 0
      vertex -73.5 -36 3.1000000000000014
    endloop
  endfacet
  facet normal 0 1 0
    outer loop
      vertex -71.5 -38 0
      vertex -71.5 -38 3.1000000000000014
      vertex -56.5 -38 0
    endloop
  endfacet
  facet normal 0 0 -1
    outer loop
      vertex -103 -39.5 0
      vertex -100 40 0
      vertex -100 -38 0
    endloop
  endfacet
  facet normal 0 0 -1
    outer loop
      vertex -78.5 -36 0
      vertex -78.5 38 0
      vertex -73.5 -36 0
    endloop
  endfacet
  facet normal -1 0 0
    outer loop
      vertex -103 -39.5 0
      vertex -103 -39.5 2.5
      vertex -103 41.5 0
    endloop
  endfacet
  facet normal -1 0 0
    outer loop
      vertex -78.5 -36 0
      vertex -78.5 -36 3.1000000000000014
      vertex -78.5 38 0
    endloop
  endfacet
  facet normal 0 0 -1
    outer loop
      vertex -85 -39.83870967741935 0
      vertex -56.5 -38 0
      vertex -47.5 -38 0
    endloop
  endfacet
  facet normal 0 0 -1
    outer loop
      vertex -85 -39.83870967741935 0
      vertex -47.5 -38 0
      vertex -32.5 -38 0
    endloop
  endfacet
  facet normal 0 0 -1
    outer loop
      vertex -56.23894761502743 -37.98288971930742 0
      vertex -55.982361912727356 -37.93185165524483 0
      vertex -47.76105238497257 -37.98288971930742 0
    endloop
  endfacet
  facet normal 0 0 -1
    outer loop
      vertex -56.5 -38 0
      vertex -56.23894761502743 -37.98288971930742 0
      vertex -47.5 -38 0
    endloop
  endfacet
  facet normal 0 0 -1
    outer loop
      vertex -55.982361912727356 -37.93185165524483 0
      vertex -55.73463313281536 -37.84775906801224 0
      vertex -48.017638087272644 -37.93185165524483 0
    endloop
  endfacet
  facet normal 0 0 -1
    outer loop
      vertex -55.73463313281536 -37.84775906801224 0
      vertex -55.5 -37.73205080628395 0
      vertex -48.26536686718464 -37.84775906801224 0
    endloop
  endfacet
  facet normal 0 0 -1
    outer loop
      vertex -55.5 -37.73205080628395 0
      vertex -55.282477140426636 -37.586706683039665 0
      vertex -48.5 -37.73205080628395 0
    endloop
  endfacet
  facet normal 0 0 -1
    outer loop
      vertex -55.282477140426636 -37.586706683039665 0
      vertex -55.0857864394784 -37.4142135605216 0
      vertex -48.717522859573364 -37.586706683039665 0
    endloop
  endfacet
  facet normal 0 0 -1
    outer loop
      vertex -55.0857864394784 -37.4142135605216 0
      vertex -54.913293316960335 -37.217522859573364 0
      vertex -48.9142135605216 -37.4142135605216 0
    endloop
  endfacet
  facet normal 0 0 -1
    outer loop
      vertex -54.913293316960335 -37.217522859573364 0
      vertex -54.76794919371605 -37 0
      vertex -49.086706683039665 -37.217522859573364 0
    endloop
  endfacet
  facet normal 0 0 -1
    outer loop
      vertex -54.76794919371605 -37 0
      vertex -54.65224093198776 -36.76536686718464 0
      vertex -49.23205080628395 -37 0
    endloop
  endfacet
  facet normal 0 0 -1
    outer loop
      vertex -54.65224093198776 -36.76536686718464 0
      vertex -54.56814834475517 -36.517638087272644 0
      vertex -49.34775906801224 -36.76536686718464 0
    endloop
  endfacet
  facet normal 0 0 -1
    outer loop
      vertex -54.56814834475517 -36.517638087272644 0
      vertex -54.51711028069258 -36.26105238497257 0
      vertex -49.43185165524483 -36.517638087272644 0
    endloop
  endfacet
  facet normal 0 0 -1
    outer loop
      vertex -54.51711028069258 -36.26105238497257 0
      vertex -54.5 -36 0
      vertex -49.48288971930742 -36.26105238497257 0
    endloop
  endfacet
  facet normal 0 0 -1
    outer loop
      vertex -54.56814834475517 -36.517638087272644 0
      vertex -49.43185165524483 -36.517638087272644 0
      vertex -49.34775906801224 -36.76536686718464 0
    endloop
  endfacet
  facet normal 0 0 -1
    outer loop
      vertex -54.51711028069258 -36.26105238497257 0
      vertex -49.48288971930742 -36.26105238497257 0
      vertex -49.43185165524483 -36.517638087272644 0
    endloop
  endfacet
  facet normal 0 0 -1
    outer loop
      vertex -54.5 -36 0
      vertex -49.5 -36 0
      vertex -49.48288971930742 -36.26105238497257 0
    endloop
  endfacet
  facet normal 0 0 -1
    outer loop
      vertex -55.282477140426636 -37.586706683039665 0
      vertex -48.717522859573364 -37.586706683039665 0
      vertex -48.5 -37.73205080628395 0
    endloop
  endfacet
  facet normal 0 0 -1
    outer loop
      vertex -55.73463313281536 -37.84775906801224 0
      vertex -48.26536686718464 -37.84775906801224 0
      vertex -48.017638087272644 -37.93185165524483 0
    endloop
  endfacet
  facet normal 0 0 -1
    outer loop
      vertex -55.982361912727356 -37.93185165524483 0
      vertex -48.017638087272644 -37.93185165524483 0
      vertex -47.76105238497257 -37.98288971930742 0
    endloop
  endfacet
  facet normal 0 0 -1
    outer loop
      vertex -55.5 -37.73205080628395 0
      vertex -48.5 -37.73205080628395 0
      vertex -48.26536686718464 -37.84775906801224 0
    endloop
  endfacet
  facet normal 0 0 -1
    outer loop
      vertex -56.23894761502743 -37.98288971930742 0
      vertex -47.76105238497257 -37.98288971930742 0
      vertex -47.5 -38 0
    endloop
  endfacet
  facet normal 0 0 -1
    outer loop
      vertex -85 -41 0
      vertex -85 -40.576470588235296 0
      vertex 24.5 -38 0
    endloop
  endfacet
  facet normal 0 0 -1
    outer loop
      vertex -85 -40.576470588235296 0
      vertex -85 -39.83870967741935 0
      vertex 24.238947615027428 -37.98288971930742 0
    endloop
  endfacet
  facet normal 0 0 -1
    outer loop
      vertex -85 -39.83870967741935 0
      vertex -32.5 -38 0
      vertex -23.5 -38 0
    endloop
  endfacet
  facet normal 0 0 -1
    outer loop
      vertex -55.0857864394784 -37.4142135605216 0
      vertex -48.9142135605216 -37.4142135605216 0
      vertex -48.717522859573364 -37.586706683039665 0
    endloop
  endfacet
  facet normal 0 0 -1
    outer loop
      vertex -54.913293316960335 -37.217522859573364 0
      vertex -49.086706683039665 -37.217522859573364 0
      vertex -48.9142135605216 -37.4142135605216 0
    endloop
  endfacet
  facet normal 0 0 -1
    outer loop
      vertex -54.76794919371605 -37 0
      vertex -49.23205080628395 -37 0
      vertex -49.086706683039665 -37.217522859573364 0
    endloop
  endfacet
  facet normal 0 0 -1
    outer loop
      vertex -54.65224093198776 -36.76536686718464 0
      vertex -49.34775906801224 -36.76536686718464 0
      vertex -49.23205080628395 -37 0
    endloop
  endfacet
  facet normal 0 0 -1
    outer loop
      vertex -85 -39.83870967741935 0
      vertex -23.5 -38 0
      vertex -8.5 -38 0
    endloop
  endfacet
  facet normal 0 0 -1
    outer loop
      vertex -85 -39.83870967741935 0
      vertex -8.5 -38 0
      vertex 0.23894761502742767 -37.98288971930742 0
    endloop
  endfacet
  facet normal 0 0 -1
    outer loop
      vertex -32.23894761502743 -37.98288971930742 0
      vertex -31.982361912727356 -37.93185165524483 0
      vertex -23.761052384972572 -37.98288971930742 0
    endloop
  endfacet
  facet normal 0 0 -1
    outer loop
      vertex -32.5 -38 0
      vertex -32.23894761502743 -37.98288971930742 0
      vertex -23.5 -38 0
    endloop
  endfacet
  facet normal 0 0 -1
    outer loop
      vertex -31.982361912727356 -37.93185165524483 0
      vertex -31.73463313281536 -37.84775906801224 0
      vertex -24.017638087272644 -37.93185165524483 0
    endloop
  endfacet
  facet normal 0 0 -1
    outer loop
      vertex -31.73463313281536 -37.84775906801224 0
      vertex -31.5 -37.73205080628395 0
      vertex -24.26536686718464 -37.84775906801224 0
    endloop
  endfacet
  facet normal 0 0 -1
    outer loop
      vertex -31.5 -37.73205080628395 0
      vertex -31.282477140426636 -37.586706683039665 0
      vertex -24.5 -37.73205080628395 0
    endloop
  endfacet
  facet normal 0 0 -1
    outer loop
      vertex -85 -39.83870967741935 0
      vertex 0.23894761502742767 -37.98288971930742 0
      vertex 0.5 -38 0
    endloop
  endfacet
  facet normal 0 0 -1
    outer loop
      vertex -31.282477140426636 -37.586706683039665 0
      vertex -31.085786439478397 -37.4142135605216 0
      vertex -24.717522859573364 -37.586706683039665 0
    endloop
  endfacet
  facet normal 0 0 -1
    outer loop
      vertex -31.085786439478397 -37.4142135605216 0
      vertex -30.913293316960335 -37.217522859573364 0
      vertex -24.914213560521603 -37.4142135605216 0
    endloop
  endfacet
  facet normal 0 0 -1
    outer loop
      vertex -30.913293316960335 -37.217522859573364 0
      vertex -30.76794919371605 -37 0
      vertex -25.086706683039665 -37.217522859573364 0
    endloop
  endfacet
  facet normal 0 0 -1
    outer loop
      vertex -30.76794919371605 -37 0
      vertex -30.652240931987762 -36.76536686718464 0
      vertex -25.23205080628395 -37 0
    endloop
  endfacet
  facet normal 0 0 -1
    outer loop
      vertex -30.652240931987762 -36.76536686718464 0
      vertex -30.568148344755173 -36.517638087272644 0
      vertex -25.347759068012238 -36.76536686718464 0
    endloop
  endfacet
  facet normal 0 0 -1
    outer loop
      vertex -30.568148344755173 -36.517638087272644 0
      vertex -30.517110280692577 -36.26105238497257 0
      vertex -25.431851655244827 -36.517638087272644 0
    endloop
  endfacet
  facet normal 0 0 -1
    outer loop
      vertex -30.517110280692577 -36.26105238497257 0
      vertex -30.5 -36 0
      vertex -25.482889719307423 -36.26105238497257 0
    endloop
  endfacet
  facet normal -0.06540314219103631 0.9978589223891017 0
    outer loop
      vertex -56.5 -38 0
      vertex -56.5 -38 3.1000000000000014
      vertex -56.23894761502743 -37.98288971930742 0
    endloop
  endfacet
  facet normal -0.19509030209549946 0.9807852843656897 0
    outer loop
      vertex -56.23894761502743 -37.98288971930742 0
      vertex -56.23894761502743 -37.98288971930742 3.1000000000000014
      vertex -55.982361912727356 -37.93185165524483 0
    endloop
  endfacet
  facet normal -0.32143945792867507 0.9469301319984065 0
    outer loop
      vertex -55.982361912727356 -37.93185165524483 0
      vertex -55.982361912727356 -37.93185165524483 3.1000000000000014
      vertex -55.73463313281536 -37.84775906801224 0
    endloop
  endfacet
  facet normal -0.44228870708373325 0.8968727332159228 0
    outer loop
      vertex -55.73463313281536 -37.84775906801224 0
      vertex -55.73463313281536 -37.84775906801224 3.1000000000000014
      vertex -55.5 -37.73205080628395 0
    endloop
  endfacet
  facet normal -0.5555702203832522 0.8314696207458843 0
    outer loop
      vertex -55.5 -37.73205080628395 0
      vertex -55.5 -37.73205080628395 3.1000000000000014
      vertex -55.282477140426636 -37.586706683039665 0
    endloop
  endfacet
  facet normal -0.6593458308664174 0.7518397936522605 0
    outer loop
      vertex -55.282477140426636 -37.586706683039665 0
      vertex -55.282477140426636 -37.586706683039665 3.1000000000000014
      vertex -55.0857864394784 -37.4142135605216 0
    endloop
  endfacet
  facet normal -0.7518397936522605 0.6593458308664174 0
    outer loop
      vertex -55.0857864394784 -37.4142135605216 0
      vertex -55.0857864394784 -37.4142135605216 3.1000000000000014
      vertex -54.913293316960335 -37.217522859573364 0
    endloop
  endfacet
  facet normal -0.8314696207458843 0.5555702203832522 0
    outer loop
      vertex -54.913293316960335 -37.217522859573364 0
      vertex -54.913293316960335 -37.217522859573364 3.1000000000000014
      vertex -54.76794919371605 -37 0
    endloop
  endfacet
  facet normal -0.8968727332159228 0.44228870708373325 0
    outer loop
      vertex -54.76794919371605 -37 0
      vertex -54.76794919371605 -37 3.1000000000000014
      vertex -54.65224093198776 -36.76536686718464 0
    endloop
  endfacet
  facet normal -0.9469301319984065 0.32143945792867507 0
    outer loop
      vertex -54.65224093198776 -36.76536686718464 0
      vertex -54.65224093198776 -36.76536686718464 3.1000000000000014
      vertex -54.56814834475517 -36.517638087272644 0
    endloop
  endfacet
  facet normal -0.9807852843656897 0.19509030209549946 0
    outer loop
      vertex -54.56814834475517 -36.517638087272644 0
      vertex -54.56814834475517 -36.517638087272644 3.1000000000000014
      vertex -54.51711028069258 -36.26105238497257 0
    endloop
  endfacet
  facet normal -0.9978589223891017 0.06540314219103631 0
    outer loop
      vertex -54.51711028069258 -36.26105238497257 0
      vertex -54.51711028069258 -36.26105238497257 3.1000000000000014
      vertex -54.5 -36 0
    endloop
  endfacet
  facet normal 0.5555702203832522 0.8314696207458843 0
    outer loop
      vertex -48.5 -37.73205080628395 0
      vertex -48.717522859573364 -37.586706683039665 0
      vertex -48.717522859573364 -37.586706683039665 3.1000000000000014
    endloop
  endfacet
  facet normal 0.32143945792867507 0.9469301319984065 0
    outer loop
      vertex -48.26536686718464 -37.84775906801224 0
      vertex -48.26536686718464 -37.84775906801224 3.1000000000000014
      vertex -48.017638087272644 -37.93185165524483 0
    endloop
  endfacet
  facet normal 0.44228870708373325 0.8968727332159228 0
    outer loop
      vertex -48.5 -37.73205080628395 0
      vertex -48.5 -37.73205080628395 3.1000000000000014
      vertex -48.26536686718464 -37.84775906801224 0
    endloop
  endfacet
  facet normal 0.06540314219103631 0.9978589223891017 0
    outer loop
      vertex -47.76105238497257 -37.98288971930742 0
      vertex -47.76105238497257 -37.98288971930742 3.1000000000000014
      vertex -47.5 -38 0
    endloop
  endfacet
  facet normal 0.19509030209549946 0.9807852843656897 0
    outer loop
      vertex -47.76105238497257 -37.98288971930742 0
      vertex -48.017638087272644 -37.93185165524483 0
      vertex -48.017638087272644 -37.93185165524483 3.1000000000000014
    endloop
  endfacet
  facet normal 0.6593458308664174 0.7518397936522605 0
    outer loop
      vertex -48.9142135605216 -37.4142135605216 0
      vertex -48.9142135605216 -37.4142135605216 3.1000000000000014
      vertex -48.717522859573364 -37.586706683039665 0
    endloop
  endfacet
  facet normal 0.7518397936522605 0.6593458308664174 0
    outer loop
      vertex -48.9142135605216 -37.4142135605216 0
      vertex -49.086706683039665 -37.217522859573364 0
      vertex -49.086706683039665 -37.217522859573364 3.1000000000000014
    endloop
  endfacet
  facet normal 0.8314696207458843 0.5555702203832522 0
    outer loop
      vertex -49.086706683039665 -37.217522859573364 0
      vertex -49.23205080628395 -37 0
      vertex -49.23205080628395 -37 3.1000000000000014
    endloop
  endfacet
  facet normal 0.9469301319984065 0.32143945792867507 0
    outer loop
      vertex -49.34775906801224 -36.76536686718464 0
      vertex -49.43185165524483 -36.517638087272644 0
      vertex -49.43185165524483 -36.517638087272644 3.1000000000000014
    endloop
  endfacet
  facet normal 0.9807852843656897 0.19509030209549946 0
    outer loop
      vertex -49.43185165524483 -36.517638087272644 0
      vertex -49.48288971930742 -36.26105238497257 0
      vertex -49.48288971930742 -36.26105238497257 3.1000000000000014
    endloop
  endfacet
  facet normal 0.8968727332159228 0.44228870708373325 0
    outer loop
      vertex -49.23205080628395 -37 0
      vertex -49.34775906801224 -36.76536686718464 0
      vertex -49.34775906801224 -36.76536686718464 3.1000000000000014
    endloop
  endfacet
  facet normal 0.9978589223891017 0.06540314219103631 0
    outer loop
      vertex -49.48288971930742 -36.26105238497257 0
      vertex -49.5 -36 0
      vertex -49.5 -36 3.1000000000000014
    endloop
  endfacet
  facet normal 0 1 0
    outer loop
      vertex -47.5 -38 0
      vertex -47.5 -38 3.1000000000000014
      vertex -32.5 -38 0
    endloop
  endfacet
  facet normal -0.06540314219103631 0.9978589223891017 0
    outer loop
      vertex -32.5 -38 0
      vertex -32.5 -38 3.1000000000000014
      vertex -32.23894761502743 -37.98288971930742 0
    endloop
  endfacet
  facet normal -0.19509030209549946 0.9807852843656897 0
    outer loop
      vertex -32.23894761502743 -37.98288971930742 0
      vertex -32.23894761502743 -37.98288971930742 3.1000000000000014
      vertex -31.982361912727356 -37.93185165524483 0
    endloop
  endfacet
  facet normal -0.32143945792867507 0.9469301319984065 0
    outer loop
      vertex -31.982361912727356 -37.93185165524483 0
      vertex -31.982361912727356 -37.93185165524483 3.1000000000000014
      vertex -31.73463313281536 -37.84775906801224 0
    endloop
  endfacet
  facet normal -0.44228870708373325 0.8968727332159228 0
    outer loop
      vertex -31.73463313281536 -37.84775906801224 0
      vertex -31.73463313281536 -37.84775906801224 3.1000000000000014
      vertex -31.5 -37.73205080628395 0
    endloop
  endfacet
  facet normal -0.5555702203832522 0.8314696207458843 0
    outer loop
      vertex -31.5 -37.73205080628395 0
      vertex -31.5 -37.73205080628395 3.1000000000000014
      vertex -31.282477140426636 -37.586706683039665 0
    endloop
  endfacet
  facet normal -0.6593458308664174 0.7518397936522605 0
    outer loop
      vertex -31.282477140426636 -37.586706683039665 0
      vertex -31.282477140426636 -37.586706683039665 3.1000000000000014
      vertex -31.085786439478397 -37.4142135605216 0
    endloop
  endfacet
  facet normal -0.7518397936522605 0.6593458308664174 0
    outer loop
      vertex -31.085786439478397 -37.4142135605216 0
      vertex -31.085786439478397 -37.4142135605216 3.1000000000000014
      vertex -30.913293316960335 -37.217522859573364 0
    endloop
  endfacet
  facet normal -0.8314696207458843 0.5555702203832522 0
    outer loop
      vertex -30.913293316960335 -37.217522859573364 0
      vertex -30.913293316960335 -37.217522859573364 3.1000000000000014
      vertex -30.76794919371605 -37 0
    endloop
  endfacet
  facet normal -0.8968727332159228 0.44228870708373325 0
    outer loop
      vertex -30.76794919371605 -37 0
      vertex -30.76794919371605 -37 3.1000000000000014
      vertex -30.652240931987762 -36.76536686718464 0
    endloop
  endfacet
  facet normal -0.9469301319984065 0.32143945792867507 0
    outer loop
      vertex -30.652240931987762 -36.76536686718464 0
      vertex -30.652240931987762 -36.76536686718464 3.1000000000000014
      vertex -30.568148344755173 -36.517638087272644 0
    endloop
  endfacet
  facet normal -0.9807852843656897 0.19509030209549946 0
    outer loop
      vertex -30.568148344755173 -36.517638087272644 0
      vertex -30.568148344755173 -36.517638087272644 3.1000000000000014
      vertex -30.517110280692577 -36.26105238497257 0
    endloop
  endfacet
  facet normal -0.9978589223891017 0.06540314219103631 0
    outer loop
      vertex -30.517110280692577 -36.26105238497257 0
      vertex -30.517110280692577 -36.26105238497257 3.1000000000000014
      vertex -30.5 -36 0
    endloop
  endfacet
  facet normal 0 0 -1
    outer loop
      vertex -54.5 -36 0
      vertex -54.5 38 0
      vertex -49.5 -36 0
    endloop
  endfacet
  facet normal 0 0 -1
    outer loop
      vertex -30.5 -36 0
      vertex -30.5 38 0
      vertex -25.5 -36 0
    endloop
  endfacet
  facet normal -1 0 0
    outer loop
      vertex -54.5 -36 0
      vertex -54.5 -36 3.1000000000000014
      vertex -54.5 38 0
    endloop
  endfacet
  facet normal -1 0 0
    outer loop
      vertex -30.5 -36 0
      vertex -30.5 -36 3.1000000000000014
      vertex -30.5 38 0
    endloop
  endfacet
  facet normal 0 1 0
    outer loop
      vertex -80.5 -38 0
      vertex -100 -38 3.1000000000000014
      vertex -80.5 -38 3.1000000000000014
    endloop
  endfacet
  facet normal -0.06540314219103631 0.9978589223891017 0
    outer loop
      vertex -80.23894761502743 -37.98288971930742 0
      vertex -80.5 -38 3.1000000000000014
      vertex -80.23894761502743 -37.98288971930742 3.1000000000000014
    endloop
  endfacet
  facet normal -0.19509030209549946 0.9807852843656897 0
    outer loop
      vertex -79.98236191272736 -37.93185165524483 0
      vertex -80.23894761502743 -37.98288971930742 3.1000000000000014
      vertex -79.98236191272736 -37.93185165524483 3.1000000000000014
    endloop
  endfacet
  facet normal -0.32143945792867507 0.9469301319984065 0
    outer loop
      vertex -79.73463313281536 -37.84775906801224 0
      vertex -79.98236191272736 -37.93185165524483 3.1000000000000014
      vertex -79.73463313281536 -37.84775906801224 3.1000000000000014
    endloop
  endfacet
  facet normal -0.44228870708373325 0.8968727332159228 0
    outer loop
      vertex -79.5 -37.73205080628395 0
      vertex -79.73463313281536 -37.84775906801224 3.1000000000000014
      vertex -79.5 -37.73205080628395 3.1000000000000014
    endloop
  endfacet
  facet normal -0.5555702203832522 0.8314696207458843 0
    outer loop
      vertex -79.28247714042664 -37.586706683039665 0
      vertex -79.5 -37.73205080628395 3.1000000000000014
      vertex -79.28247714042664 -37.586706683039665 3.1000000000000014
    endloop
  endfacet
  facet normal -0.6593458308664174 0.7518397936522605 0
    outer loop
      vertex -79.0857864394784 -37.4142135605216 0
      vertex -79.28247714042664 -37.586706683039665 3.1000000000000014
      vertex -79.0857864394784 -37.4142135605216 3.1000000000000014
    endloop
  endfacet
  facet normal -0.7518397936522605 0.6593458308664174 0
    outer loop
      vertex -78.91329331696033 -37.217522859573364 0
      vertex -79.0857864394784 -37.4142135605216 3.1000000000000014
      vertex -78.91329331696033 -37.217522859573364 3.1000000000000014
    endloop
  endfacet
  facet normal -0.8314696207458843 0.5555702203832522 0
    outer loop
      vertex -78.76794919371605 -37 0
      vertex -78.91329331696033 -37.217522859573364 3.1000000000000014
      vertex -78.76794919371605 -37 3.1000000000000014
    endloop
  endfacet
  facet normal -0.8968727332159228 0.44228870708373325 0
    outer loop
      vertex -78.65224093198776 -36.76536686718464 0
      vertex -78.76794919371605 -37 3.1000000000000014
      vertex -78.65224093198776 -36.76536686718464 3.1000000000000014
    endloop
  endfacet
  facet normal -0.9469301319984065 0.32143945792867507 0
    outer loop
      vertex -78.56814834475517 -36.517638087272644 0
      vertex -78.65224093198776 -36.76536686718464 3.1000000000000014
      vertex -78.56814834475517 -36.517638087272644 3.1000000000000014
    endloop
  endfacet
  facet normal -0.9807852843656897 0.19509030209549946 0
    outer loop
      vertex -78.51711028069258 -36.26105238497257 0
      vertex -78.56814834475517 -36.517638087272644 3.1000000000000014
      vertex -78.51711028069258 -36.26105238497257 3.1000000000000014
    endloop
  endfacet
  facet normal -0.9978589223891017 0.06540314219103631 0
    outer loop
      vertex -78.5 -36 0
      vertex -78.51711028069258 -36.26105238497257 3.1000000000000014
      vertex -78.5 -36 3.1000000000000014
    endloop
  endfacet
  facet normal 0.44228870708373325 0.8968727332159228 0
    outer loop
      vertex -72.26536686718464 -37.84775906801224 0
      vertex -72.5 -37.73205080628395 3.1000000000000014
      vertex -72.26536686718464 -37.84775906801224 3.1000000000000014
    endloop
  endfacet
  facet normal 0.5555702203832522 0.8314696207458843 0
    outer loop
      vertex -72.5 -37.73205080628395 0
      vertex -72.71752285957336 -37.586706683039665 3.1000000000000014
      vertex -72.5 -37.73205080628395 3.1000000000000014
    endloop
  endfacet
  facet normal 0.19509030209549946 0.9807852843656897 0
    outer loop
      vertex -71.76105238497257 -37.98288971930742 0
      vertex -72.01763808727264 -37.93185165524483 3.1000000000000014
      vertex -71.76105238497257 -37.98288971930742 3.1000000000000014
    endloop
  endfacet
  facet normal 0.32143945792867507 0.9469301319984065 0
    outer loop
      vertex -72.01763808727264 -37.93185165524483 0
      vertex -72.26536686718464 -37.84775906801224 3.1000000000000014
      vertex -72.01763808727264 -37.93185165524483 3.1000000000000014
    endloop
  endfacet
  facet normal 0.06540314219103631 0.9978589223891017 0
    outer loop
      vertex -71.5 -38 0
      vertex -71.76105238497257 -37.98288971930742 3.1000000000000014
      vertex -71.5 -38 3.1000000000000014
    endloop
  endfacet
  facet normal 0.7518397936522605 0.6593458308664174 0
    outer loop
      vertex -72.9142135605216 -37.4142135605216 0
      vertex -73.08670668303967 -37.217522859573364 3.1000000000000014
      vertex -72.9142135605216 -37.4142135605216 3.1000000000000014
    endloop
  endfacet
  facet normal 0.8968727332159228 0.44228870708373325 0
    outer loop
      vertex -73.23205080628395 -37 0
      vertex -73.34775906801224 -36.76536686718464 3.1000000000000014
      vertex -73.23205080628395 -37 3.1000000000000014
    endloop
  endfacet
  facet normal 0.8314696207458843 0.5555702203832522 0
    outer loop
      vertex -73.08670668303967 -37.217522859573364 0
      vertex -73.23205080628395 -37 3.1000000000000014
      vertex -73.08670668303967 -37.217522859573364 3.1000000000000014
    endloop
  endfacet
  facet normal 0.6593458308664174 0.7518397936522605 0
    outer loop
      vertex -72.71752285957336 -37.586706683039665 0
      vertex -72.9142135605216 -37.4142135605216 3.1000000000000014
      vertex -72.71752285957336 -37.586706683039665 3.1000000000000014
    endloop
  endfacet
  facet normal 0.9469301319984065 0.32143945792867507 0
    outer loop
      vertex -73.34775906801224 -36.76536686718464 0
      vertex -73.43185165524483 -36.517638087272644 3.1000000000000014
      vertex -73.34775906801224 -36.76536686718464 3.1000000000000014
    endloop
  endfacet
  facet normal 0.9807852843656897 0.19509030209549946 0
    outer loop
      vertex -73.43185165524483 -36.517638087272644 0
      vertex -73.48288971930742 -36.26105238497257 3.1000000000000014
      vertex -73.43185165524483 -36.517638087272644 3.1000000000000014
    endloop
  endfacet
  facet normal 0.9978589223891017 0.06540314219103631 0
    outer loop
      vertex -73.48288971930742 -36.26105238497257 0
      vertex -73.5 -36 3.1000000000000014
      vertex -73.48288971930742 -36.26105238497257 3.1000000000000014
    endloop
  endfacet
  facet normal 0 -1 0
    outer loop
      vertex -103 -41 2.5
      vertex -85 -41 2.5
      vertex -103 -41 3.1000000000000014
    endloop
  endfacet
  facet normal -1 0 0
    outer loop
      vertex -103 -41 2.5
      vertex -103 -41 3.1000000000000014
      vertex -103 -39.5 2.5
    endloop
  endfacet
  facet normal 0 0 1
    outer loop
      vertex -103 -41 3.1000000000000014
      vertex -80.5 -38 3.1000000000000014
      vertex -100 -38 3.1000000000000014
    endloop
  endfacet
  facet normal 0 0 1
    outer loop
      vertex -103 -41 3.1000000000000014
      vertex -71.5 -38 3.1000000000000014
      vertex -80.5 -38 3.1000000000000014
    endloop
  endfacet
  facet normal 0 0 1
    outer loop
      vertex -80.5 -38 3.1000000000000014
      vertex -71.5 -38 3.1000000000000014
      vertex -80.23894761502743 -37.98288971930742 3.1000000000000014
    endloop
  endfacet
  facet normal 0 0 1
    outer loop
      vertex -80.23894761502743 -37.98288971930742 3.1000000000000014
      vertex -71.76105238497257 -37.98288971930742 3.1000000000000014
      vertex -79.98236191272736 -37.93185165524483 3.1000000000000014
    endloop
  endfacet
  facet normal 0 0 1
    outer loop
      vertex -79.98236191272736 -37.93185165524483 3.1000000000000014
      vertex -72.01763808727264 -37.93185165524483 3.1000000000000014
      vertex -79.73463313281536 -37.84775906801224 3.1000000000000014
    endloop
  endfacet
  facet normal 0 0 1
    outer loop
      vertex -79.73463313281536 -37.84775906801224 3.1000000000000014
      vertex -72.26536686718464 -37.84775906801224 3.1000000000000014
      vertex -79.5 -37.73205080628395 3.1000000000000014
    endloop
  endfacet
  facet normal 0 0 1
    outer loop
      vertex -79.5 -37.73205080628395 3.1000000000000014
      vertex -72.5 -37.73205080628395 3.1000000000000014
      vertex -79.28247714042664 -37.586706683039665 3.1000000000000014
    endloop
  endfacet
  facet normal 0 0 1
    outer loop
      vertex -103 -41 3.1000000000000014
      vertex -56.5 -38 3.1000000000000014
      vertex -71.5 -38 3.1000000000000014
    endloop
  endfacet
  facet normal 0 0 1
    outer loop
      vertex -79.5 -37.73205080628395 3.1000000000000014
      vertex -72.26536686718464 -37.84775906801224 3.1000000000000014
      vertex -72.5 -37.73205080628395 3.1000000000000014
    endloop
  endfacet
  facet normal 0 0 1
    outer loop
      vertex -79.28247714042664 -37.586706683039665 3.1000000000000014
      vertex -72.5 -37.73205080628395 3.1000000000000014
      vertex -72.71752285957336 -37.586706683039665 3.1000000000000014
    endloop
  endfacet
  facet normal 0 0 1
    outer loop
      vertex -79.28247714042664 -37.586706683039665 3.1000000000000014
      vertex -72.71752285957336 -37.586706683039665 3.1000000000000014
      vertex -79.0857864394784 -37.4142135605216 3.1000000000000014
    endloop
  endfacet
  facet normal 0 0 1
    outer loop
      vertex -79.0857864394784 -37.4142135605216 3.1000000000000014
      vertex -72.9142135605216 -37.4142135605216 3.1000000000000014
      vertex -78.91329331696033 -37.217522859573364 3.1000000000000014
    endloop
  endfacet
  facet normal 0 0 1
    outer loop
      vertex -78.91329331696033 -37.217522859573364 3.1000000000000014
      vertex -73.08670668303967 -37.217522859573364 3.1000000000000014
      vertex -78.76794919371605 -37 3.1000000000000014
    endloop
  endfacet
  facet normal 0 0 1
    outer loop
      vertex -78.76794919371605 -37 3.1000000000000014
      vertex -73.23205080628395 -37 3.1000000000000014
      vertex -78.65224093198776 -36.76536686718464 3.1000000000000014
    endloop
  endfacet
  facet normal 0 0 1
    outer loop
      vertex -78.65224093198776 -36.76536686718464 3.1000000000000014
      vertex -73.34775906801224 -36.76536686718464 3.1000000000000014
      vertex -78.56814834475517 -36.517638087272644 3.1000000000000014
    endloop
  endfacet
  facet normal 0 0 1
    outer loop
      vertex -78.56814834475517 -36.517638087272644 3.1000000000000014
      vertex -73.43185165524483 -36.517638087272644 3.1000000000000014
      vertex -78.51711028069258 -36.26105238497257 3.1000000000000014
    endloop
  endfacet
  facet normal 0 0 1
    outer loop
      vertex -78.51711028069258 -36.26105238497257 3.1000000000000014
      vertex -73.48288971930742 -36.26105238497257 3.1000000000000014
      vertex -78.5 -36 3.1000000000000014
    endloop
  endfacet
  facet normal 0 0 1
    outer loop
      vertex -79.0857864394784 -37.4142135605216 3.1000000000000014
      vertex -72.71752285957336 -37.586706683039665 3.1000000000000014
      vertex -72.9142135605216 -37.4142135605216 3.1000000000000014
    endloop
  endfacet
  facet normal 0 0 1
    outer loop
      vertex -78.91329331696033 -37.217522859573364 3.1000000000000014
      vertex -72.9142135605216 -37.4142135605216 3.1000000000000014
      vertex -73.08670668303967 -37.217522859573364 3.1000000000000014
    endloop
  endfacet
  facet normal 0 0 1
    outer loop
      vertex -78.76794919371605 -37 3.1000000000000014
      vertex -73.08670668303967 -37.217522859573364 3.1000000000000014
      vertex -73.23205080628395 -37 3.1000000000000014
    endloop
  endfacet
  facet normal 0 0 1
    outer loop
      vertex -78.65224093198776 -36.76536686718464 3.1000000000000014
      vertex -73.23205080628395 -37 3.1000000000000014
      vertex -73.34775906801224 -36.76536686718464 3.1000000000000014
    endloop
  endfacet
  facet normal 0 0 1
    outer loop
      vertex -78.56814834475517 -36.517638087272644 3.1000000000000014
      vertex -73.34775906801224 -36.76536686718464 3.1000000000000014
      vertex -73.43185165524483 -36.517638087272644 3.1000000000000014
    endloop
  endfacet
  facet normal 0 0 1
    outer loop
      vertex -78.51711028069258 -36.26105238497257 3.1000000000000014
      vertex -73.43185165524483 -36.517638087272644 3.1000000000000014
      vertex -73.48288971930742 -36.26105238497257 3.1000000000000014
    endloop
  endfacet
  facet normal 0 0 1
    outer loop
      vertex -78.5 -36 3.1000000000000014
      vertex -73.48288971930742 -36.26105238497257 3.1000000000000014
      vertex -73.5 -36 3.1000000000000014
    endloop
  endfacet
  facet normal 0 0 1
    outer loop
      vertex -80.23894761502743 -37.98288971930742 3.1000000000000014
      vertex -71.5 -38 3.1000000000000014
      vertex -71.76105238497257 -37.98288971930742 3.1000000000000014
    endloop
  endfacet
  facet normal 0 0 1
    outer loop
      vertex -79.98236191272736 -37.93185165524483 3.1000000000000014
      vertex -71.76105238497257 -37.98288971930742 3.1000000000000014
      vertex -72.01763808727264 -37.93185165524483 3.1000000000000014
    endloop
  endfacet
  facet normal 0 0 1
    outer loop
      vertex -79.73463313281536 -37.84775906801224 3.1000000000000014
      vertex -72.01763808727264 -37.93185165524483 3.1000000000000014
      vertex -72.26536686718464 -37.84775906801224 3.1000000000000014
    endloop
  endfacet
  facet normal 0 0 1
    outer loop
      vertex -103 -41 3.1000000000000014
      vertex -47.5 -38 3.1000000000000014
      vertex -56.5 -38 3.1000000000000014
    endloop
  endfacet
  facet normal 1 0 0
    outer loop
      vertex -100 -38 0
      vertex -100 40 3.1000000000000014
      vertex -100 -38 3.1000000000000014
    endloop
  endfacet
  facet normal 1 0 0
    outer loop
      vertex -73.5 -36 0
      vertex -73.5 38 3.1000000000000014
      vertex -73.5 -36 3.1000000000000014
    endloop
  endfacet
  facet normal -1 0 0
    outer loop
      vertex -103 -39.5 2.5
      vertex -103 -41 3.1000000000000014
      vertex -103 43 3.1000000000000014
    endloop
  endfacet
  facet normal 0 0 1
    outer loop
      vertex -103 -41 3.1000000000000014
      vertex -100 -38 3.1000000000000014
      vertex -100 40 3.1000000000000014
    endloop
  endfacet
  facet normal 0 0 1
    outer loop
      vertex -78.5 -36 3.1000000000000014
      vertex -73.5 -36 3.1000000000000014
      vertex -78.5 38 3.1000000000000014
    endloop
  endfacet
  facet normal 0 -1 0
    outer loop
      vertex -85 -41 0
      vertex 30 -41 2.5
      vertex -85 -41 2.5
    endloop
  endfacet
  facet normal 0 1 0
    outer loop
      vertex -56.5 -38 0
      vertex -71.5 -38 3.1000000000000014
      vertex -56.5 -38 3.1000000000000014
    endloop
  endfacet
  facet normal -0.06540314219103631 0.9978589223891017 0
    outer loop
      vertex -56.23894761502743 -37.98288971930742 0
      vertex -56.5 -38 3.1000000000000014
      vertex -56.23894761502743 -37.98288971930742 3.1000000000000014
    endloop
  endfacet
  facet normal -0.19509030209549946 0.9807852843656897 0
    outer loop
      vertex -55.982361912727356 -37.93185165524483 0
      vertex -56.23894761502743 -37.98288971930742 3.1000000000000014
      vertex -55.982361912727356 -37.93185165524483 3.1000000000000014
    endloop
  endfacet
  facet normal -0.32143945792867507 0.9469301319984065 0
    outer loop
      vertex -55.73463313281536 -37.84775906801224 0
      vertex -55.982361912727356 -37.93185165524483 3.1000000000000014
      vertex -55.73463313281536 -37.84775906801224 3.1000000000000014
    endloop
  endfacet
  facet normal -0.44228870708373325 0.8968727332159228 0
    outer loop
      vertex -55.5 -37.73205080628395 0
      vertex -55.73463313281536 -37.84775906801224 3.1000000000000014
      vertex -55.5 -37.73205080628395 3.1000000000000014
    endloop
  endfacet
  facet normal -0.5555702203832522 0.8314696207458843 0
    outer loop
      vertex -55.282477140426636 -37.586706683039665 0
      vertex -55.5 -37.73205080628395 3.1000000000000014
      vertex -55.282477140426636 -37.586706683039665 3.1000000000000014
    endloop
  endfacet
  facet normal -0.6593458308664174 0.7518397936522605 0
    outer loop
      vertex -55.0857864394784 -37.4142135605216 0
      vertex -55.282477140426636 -37.586706683039665 3.1000000000000014
      vertex -55.0857864394784 -37.4142135605216 3.1000000000000014
    endloop
  endfacet
  facet normal -0.7518397936522605 0.6593458308664174 0
    outer loop
      vertex -54.913293316960335 -37.217522859573364 0
      vertex -55.0857864394784 -37.4142135605216 3.1000000000000014
      vertex -54.913293316960335 -37.217522859573364 3.1000000000000014
    endloop
  endfacet
  facet normal -0.8314696207458843 0.5555702203832522 0
    outer loop
      vertex -54.76794919371605 -37 0
      vertex -54.913293316960335 -37.217522859573364 3.1000000000000014
      vertex -54.76794919371605 -37 3.1000000000000014
    endloop
  endfacet
  facet normal -0.8968727332159228 0.44228870708373325 0
    outer loop
      vertex -54.65224093198776 -36.76536686718464 0
      vertex -54.76794919371605 -37 3.1000000000000014
      vertex -54.65224093198776 -36.76536686718464 3.1000000000000014
    endloop
  endfacet
  facet normal -0.9469301319984065 0.32143945792867507 0
    outer loop
      vertex -54.56814834475517 -36.517638087272644 0
      vertex -54.65224093198776 -36.76536686718464 3.1000000000000014
      vertex -54.56814834475517 -36.517638087272644 3.1000000000000014
    endloop
  endfacet
  facet normal -0.9807852843656897 0.19509030209549946 0
    outer loop
      vertex -54.51711028069258 -36.26105238497257 0
      vertex -54.56814834475517 -36.517638087272644 3.1000000000000014
      vertex -54.51711028069258 -36.26105238497257 3.1000000000000014
    endloop
  endfacet
  facet normal -0.9978589223891017 0.06540314219103631 0
    outer loop
      vertex -54.5 -36 0
      vertex -54.51711028069258 -36.26105238497257 3.1000000000000014
      vertex -54.5 -36 3.1000000000000014
    endloop
  endfacet
  facet normal 0.5555702203832522 0.8314696207458843 0
    outer loop
      vertex -48.5 -37.73205080628395 0
      vertex -48.717522859573364 -37.586706683039665 3.1000000000000014
      vertex -48.5 -37.73205080628395 3.1000000000000014
    endloop
  endfacet
  facet normal 0.44228870708373325 0.8968727332159228 0
    outer loop
      vertex -48.26536686718464 -37.84775906801224 0
      vertex -48.5 -37.73205080628395 3.1000000000000014
      vertex -48.26536686718464 -37.84775906801224 3.1000000000000014
    endloop
  endfacet
  facet normal 0.19509030209549946 0.9807852843656897 0
    outer loop
      vertex -47.76105238497257 -37.98288971930742 0
      vertex -48.017638087272644 -37.93185165524483 3.1000000000000014
      vertex -47.76105238497257 -37.98288971930742 3.1000000000000014
    endloop
  endfacet
  facet normal 0.06540314219103631 0.9978589223891017 0
    outer loop
      vertex -47.5 -38 0
      vertex -47.76105238497257 -37.98288971930742 3.1000000000000014
      vertex -47.5 -38 3.1000000000000014
    endloop
  endfacet
  facet normal 0.32143945792867507 0.9469301319984065 0
    outer loop
      vertex -48.017638087272644 -37.93185165524483 0
      vertex -48.26536686718464 -37.84775906801224 3.1000000000000014
      vertex -48.017638087272644 -37.93185165524483 3.1000000000000014
    endloop
  endfacet
  facet normal 0.6593458308664174 0.7518397936522605 0
    outer loop
      vertex -48.717522859573364 -37.586706683039665 0
      vertex -48.9142135605216 -37.4142135605216 3.1000000000000014
      vertex -48.717522859573364 -37.586706683039665 3.1000000000000014
    endloop
  endfacet
  facet normal 0.7518397936522605 0.6593458308664174 0
    outer loop
      vertex -48.9142135605216 -37.4142135605216 0
      vertex -49.086706683039665 -37.217522859573364 3.1000000000000014
      vertex -48.9142135605216 -37.4142135605216 3.1000000000000014
    endloop
  endfacet
  facet normal 0.8314696207458843 0.5555702203832522 0
    outer loop
      vertex -49.086706683039665 -37.217522859573364 0
      vertex -49.23205080628395 -37 3.1000000000000014
      vertex -49.086706683039665 -37.217522859573364 3.1000000000000014
    endloop
  endfacet
  facet normal 0.8968727332159228 0.44228870708373325 0
    outer loop
      vertex -49.23205080628395 -37 0
      vertex -49.34775906801224 -36.76536686718464 3.1000000000000014
      vertex -49.23205080628395 -37 3.1000000000000014
    endloop
  endfacet
  facet normal 0.9469301319984065 0.32143945792867507 0
    outer loop
      vertex -49.34775906801224 -36.76536686718464 0
      vertex -49.43185165524483 -36.517638087272644 3.1000000000000014
      vertex -49.34775906801224 -36.76536686718464 3.1000000000000014
    endloop
  endfacet
  facet normal 0.9807852843656897 0.19509030209549946 0
    outer loop
      vertex -49.43185165524483 -36.517638087272644 0
      vertex -49.48288971930742 -36.26105238497257 3.1000000000000014
      vertex -49.43185165524483 -36.517638087272644 3.1000000000000014
    endloop
  endfacet
  facet normal 0.9978589223891017 0.06540314219103631 0
    outer loop
      vertex -49.48288971930742 -36.26105238497257 0
      vertex -49.5 -36 3.1000000000000014
      vertex -49.48288971930742 -36.26105238497257 3.1000000000000014
    endloop
  endfacet
  facet normal 0 1 0
    outer loop
      vertex -32.5 -38 0
      vertex -47.5 -38 3.1000000000000014
      vertex -32.5 -38 3.1000000000000014
    endloop
  endfacet
  facet normal -0.06540314219103631 0.9978589223891017 0
    outer loop
      vertex -32.23894761502743 -37.98288971930742 0
      vertex -32.5 -38 3.1000000000000014
      vertex -32.23894761502743 -37.98288971930742 3.1000000000000014
    endloop
  endfacet
  facet normal -0.19509030209549946 0.9807852843656897 0
    outer loop
      vertex -31.982361912727356 -37.93185165524483 0
      vertex -32.23894761502743 -37.98288971930742 3.1000000000000014
      vertex -31.982361912727356 -37.93185165524483 3.1000000000000014
    endloop
  endfacet
  facet normal -0.32143945792867507 0.9469301319984065 0
    outer loop
      vertex -31.73463313281536 -37.84775906801224 0
      vertex -31.982361912727356 -37.93185165524483 3.1000000000000014
      vertex -31.73463313281536 -37.84775906801224 3.1000000000000014
    endloop
  endfacet
  facet normal -0.44228870708373325 0.8968727332159228 0
    outer loop
      vertex -31.5 -37.73205080628395 0
      vertex -31.73463313281536 -37.84775906801224 3.1000000000000014
      vertex -31.5 -37.73205080628395 3.1000000000000014
    endloop
  endfacet
  facet normal -0.5555702203832522 0.8314696207458843 0
    outer loop
      vertex -31.282477140426636 -37.586706683039665 0
      vertex -31.5 -37.73205080628395 3.1000000000000014
      vertex -31.282477140426636 -37.586706683039665 3.1000000000000014
    endloop
  endfacet
  facet normal -0.6593458308664174 0.7518397936522605 0
    outer loop
      vertex -31.085786439478397 -37.4142135605216 0
      vertex -31.282477140426636 -37.586706683039665 3.1000000000000014
      vertex -31.085786439478397 -37.4142135605216 3.1000000000000014
    endloop
  endfacet
  facet normal -0.7518397936522605 0.6593458308664174 0
    outer loop
      vertex -30.913293316960335 -37.217522859573364 0
      vertex -31.085786439478397 -37.4142135605216 3.1000000000000014
      vertex -30.913293316960335 -37.217522859573364 3.1000000000000014
    endloop
  endfacet
  facet normal -0.8314696207458843 0.5555702203832522 0
    outer loop
      vertex -30.76794919371605 -37 0
      vertex -30.913293316960335 -37.217522859573364 3.1000000000000014
      vertex -30.76794919371605 -37 3.1000000000000014
    endloop
  endfacet
  facet normal -0.8968727332159228 0.44228870708373325 0
    outer loop
      vertex -30.652240931987762 -36.76536686718464 0
      vertex -30.76794919371605 -37 3.1000000000000014
      vertex -30.652240931987762 -36.76536686718464 3.1000000000000014
    endloop
  endfacet
  facet normal -0.9469301319984065 0.32143945792867507 0
    outer loop
      vertex -30.568148344755173 -36.517638087272644 0
      vertex -30.652240931987762 -36.76536686718464 3.1000000000000014
      vertex -30.568148344755173 -36.517638087272644 3.1000000000000014
    endloop
  endfacet
  facet normal -0.9807852843656897 0.19509030209549946 0
    outer loop
      vertex -30.517110280692577 -36.26105238497257 0
      vertex -30.568148344755173 -36.517638087272644 3.1000000000000014
      vertex -30.517110280692577 -36.26105238497257 3.1000000000000014
    endloop
  endfacet
  facet normal -0.9978589223891017 0.06540314219103631 0
    outer loop
      vertex -30.5 -36 0
      vertex -30.517110280692577 -36.26105238497257 3.1000000000000014
      vertex -30.5 -36 3.1000000000000014
    endloop
  endfacet
  facet normal 0 -1 0
    outer loop
      vertex -85 -41 2.5
      vertex 30 -41 2.5
      vertex -103 -41 3.1000000000000014
    endloop
  endfacet
  facet normal 0 0 1
    outer loop
      vertex -103 -41 3.1000000000000014
      vertex -32.5 -38 3.1000000000000014
      vertex -47.5 -38 3.1000000000000014
    endloop
  endfacet
  facet normal 0 0 1
    outer loop
      vertex -103 -41 3.1000000000000014
      vertex -23.5 -38 3.1000000000000014
      vertex -32.5 -38 3.1000000000000014
    endloop
  endfacet
  facet normal 0 0 1
    outer loop
      vertex -56.23894761502743 -37.98288971930742 3.1000000000000014
      vertex -47.76105238497257 -37.98288971930742 3.1000000000000014
      vertex -55.982361912727356 -37.93185165524483 3.1000000000000014
    endloop
  endfacet
  facet normal 0 0 1
    outer loop
      vertex -56.5 -38 3.1000000000000014
      vertex -47.5 -38 3.1000000000000014
      vertex -56.23894761502743 -37.98288971930742 3.1000000000000014
    endloop
  endfacet
  facet normal 0 0 1
    outer loop
      vertex -55.982361912727356 -37.93185165524483 3.1000000000000014
      vertex -48.017638087272644 -37.93185165524483 3.1000000000000014
      vertex -55.73463313281536 -37.84775906801224 3.1000000000000014
    endloop
  endfacet
  facet normal 0 0 1
    outer loop
      vertex -55.73463313281536 -37.84775906801224 3.1000000000000014
      vertex -48.26536686718464 -37.84775906801224 3.1000000000000014
      vertex -55.5 -37.73205080628395 3.1000000000000014
    endloop
  endfacet
  facet normal 0 0 1
    outer loop
      vertex -55.5 -37.73205080628395 3.1000000000000014
      vertex -48.5 -37.73205080628395 3.1000000000000014
      vertex -55.282477140426636 -37.586706683039665 3.1000000000000014
    endloop
  endfacet
  facet normal 0 0 1
    outer loop
      vertex -55.282477140426636 -37.586706683039665 3.1000000000000014
      vertex -48.717522859573364 -37.586706683039665 3.1000000000000014
      vertex -55.0857864394784 -37.4142135605216 3.1000000000000014
    endloop
  endfacet
  facet normal 0 0 1
    outer loop
      vertex -55.0857864394784 -37.4142135605216 3.1000000000000014
      vertex -48.9142135605216 -37.4142135605216 3.1000000000000014
      vertex -54.913293316960335 -37.217522859573364 3.1000000000000014
    endloop
  endfacet
  facet normal 0 0 1
    outer loop
      vertex -54.913293316960335 -37.217522859573364 3.1000000000000014
      vertex -49.086706683039665 -37.217522859573364 3.1000000000000014
      vertex -54.76794919371605 -37 3.1000000000000014
    endloop
  endfacet
  facet normal 0 0 1
    outer loop
      vertex -54.76794919371605 -37 3.1000000000000014
      vertex -49.23205080628395 -37 3.1000000000000014
      vertex -54.65224093198776 -36.76536686718464 3.1000000000000014
    endloop
  endfacet
  facet normal 0 0 1
    outer loop
      vertex -54.65224093198776 -36.76536686718464 3.1000000000000014
      vertex -49.34775906801224 -36.76536686718464 3.1000000000000014
      vertex -54.56814834475517 -36.517638087272644 3.1000000000000014
    endloop
  endfacet
  facet normal 0 0 1
    outer loop
      vertex -54.56814834475517 -36.517638087272644 3.1000000000000014
      vertex -49.43185165524483 -36.517638087272644 3.1000000000000014
      vertex -54.51711028069258 -36.26105238497257 3.1000000000000014
    endloop
  endfacet
  facet normal 0 0 1
    outer loop
      vertex -54.51711028069258 -36.26105238497257 3.1000000000000014
      vertex -49.48288971930742 -36.26105238497257 3.1000000000000014
      vertex -54.5 -36 3.1000000000000014
    endloop
  endfacet
  facet normal 0 0 1
    outer loop
      vertex -54.56814834475517 -36.517638087272644 3.1000000000000014
      vertex -49.34775906801224 -36.76536686718464 3.1000000000000014
      vertex -49.43185165524483 -36.517638087272644 3.1000000000000014
    endloop
  endfacet
  facet normal 0 0 1
    outer loop
      vertex -54.51711028069258 -36.26105238497257 3.1000000000000014
      vertex -49.43185165524483 -36.517638087272644 3.1000000000000014
      vertex -49.48288971930742 -36.26105238497257 3.1000000000000014
    endloop
  endfacet
  facet normal 0 0 1
    outer loop
      vertex -54.5 -36 3.1000000000000014
      vertex -49.48288971930742 -36.26105238497257 3.1000000000000014
      vertex -49.5 -36 3.1000000000000014
    endloop
  endfacet
  facet normal 0 0 1
    outer loop
      vertex -55.282477140426636 -37.586706683039665 3.1000000000000014
      vertex -48.5 -37.73205080628395 3.1000000000000014
      vertex -48.717522859573364 -37.586706683039665 3.1000000000000014
    endloop
  endfacet
  facet normal 0 0 1
    outer loop
      vertex -55.73463313281536 -37.84775906801224 3.1000000000000014
      vertex -48.017638087272644 -37.93185165524483 3.1000000000000014
      vertex -48.26536686718464 -37.84775906801224 3.1000000000000014
    endloop
  endfacet
  facet normal 0 0 1
    outer loop
      vertex -55.982361912727356 -37.93185165524483 3.1000000000000014
      vertex -47.76105238497257 -37.98288971930742 3.1000000000000014
      vertex -48.017638087272644 -37.93185165524483 3.1000000000000014
    endloop
  endfacet
  facet normal 0 0 1
    outer loop
      vertex -55.5 -37.73205080628395 3.1000000000000014
      vertex -48.26536686718464 -37.84775906801224 3.1000000000000014
      vertex -48.5 -37.73205080628395 3.1000000000000014
    endloop
  endfacet
  facet normal 0 0 1
    outer loop
      vertex -56.23894761502743 -37.98288971930742 3.1000000000000014
      vertex -47.5 -38 3.1000000000000014
      vertex -47.76105238497257 -37.98288971930742 3.1000000000000014
    endloop
  endfacet
  facet normal 0 0 1
    outer loop
      vertex -55.0857864394784 -37.4142135605216 3.1000000000000014
      vertex -48.717522859573364 -37.586706683039665 3.1000000000000014
      vertex -48.9142135605216 -37.4142135605216 3.1000000000000014
    endloop
  endfacet
  facet normal 0 0 1
    outer loop
      vertex -54.913293316960335 -37.217522859573364 3.1000000000000014
      vertex -48.9142135605216 -37.4142135605216 3.1000000000000014
      vertex -49.086706683039665 -37.217522859573364 3.1000000000000014
    endloop
  endfacet
  facet normal 0 0 1
    outer loop
      vertex -54.76794919371605 -37 3.1000000000000014
      vertex -49.086706683039665 -37.217522859573364 3.1000000000000014
      vertex -49.23205080628395 -37 3.1000000000000014
    endloop
  endfacet
  facet normal 0 0 1
    outer loop
      vertex -54.65224093198776 -36.76536686718464 3.1000000000000014
      vertex -49.23205080628395 -37 3.1000000000000014
      vertex -49.34775906801224 -36.76536686718464 3.1000000000000014
    endloop
  endfacet
  facet normal 0 0 1
    outer loop
      vertex -103 -41 3.1000000000000014
      vertex -8.5 -38 3.1000000000000014
      vertex -23.5 -38 3.1000000000000014
    endloop
  endfacet
  facet normal 0 0 1
    outer loop
      vertex -103 -41 3.1000000000000014
      vertex 0.23894761502742767 -37.98288971930742 3.1000000000000014
      vertex -8.5 -38 3.1000000000000014
    endloop
  endfacet
  facet normal 0 0 1
    outer loop
      vertex -103 -41 3.1000000000000014
      vertex 0.5 -38 3.1000000000000014
      vertex 0.23894761502742767 -37.98288971930742 3.1000000000000014
    endloop
  endfacet
  facet normal 0 0 1
    outer loop
      vertex -103 -41 3.1000000000000014
      vertex 15.5 -38 3.1000000000000014
      vertex 0.5 -38 3.1000000000000014
    endloop
  endfacet
  facet normal 0 0 1
    outer loop
      vertex -32.23894761502743 -37.98288971930742 3.1000000000000014
      vertex -23.761052384972572 -37.98288971930742 3.1000000000000014
      vertex -31.982361912727356 -37.93185165524483 3.1000000000000014
    endloop
  endfacet
  facet normal 0 0 1
    outer loop
      vertex -32.5 -38 3.1000000000000014
      vertex -23.5 -38 3.1000000000000014
      vertex -32.23894761502743 -37.98288971930742 3.1000000000000014
    endloop
  endfacet
  facet normal 0 0 1
    outer loop
      vertex -31.982361912727356 -37.93185165524483 3.1000000000000014
      vertex -24.017638087272644 -37.93185165524483 3.1000000000000014
      vertex -31.73463313281536 -37.84775906801224 3.1000000000000014
    endloop
  endfacet
  facet normal 0 0 1
    outer loop
      vertex -31.73463313281536 -37.84775906801224 3.1000000000000014
      vertex -24.26536686718464 -37.84775906801224 3.1000000000000014
      vertex -31.5 -37.73205080628395 3.1000000000000014
    endloop
  endfacet
  facet normal 0 0 1
    outer loop
      vertex -31.5 -37.73205080628395 3.1000000000000014
      vertex -24.5 -37.73205080628395 3.1000000000000014
      vertex -31.282477140426636 -37.586706683039665 3.1000000000000014
    endloop
  endfacet
  facet normal 0 0 1
    outer loop
      vertex -31.282477140426636 -37.586706683039665 3.1000000000000014
      vertex -24.717522859573364 -37.586706683039665 3.1000000000000014
      vertex -31.085786439478397 -37.4142135605216 3.1000000000000014
    endloop
  endfacet
  facet normal 0 0 1
    outer loop
      vertex -31.085786439478397 -37.4142135605216 3.1000000000000014
      vertex -24.914213560521603 -37.4142135605216 3.1000000000000014
      vertex -30.913293316960335 -37.217522859573364 3.1000000000000014
    endloop
  endfacet
  facet normal 0 0 1
    outer loop
      vertex -30.913293316960335 -37.217522859573364 3.1000000000000014
      vertex -25.086706683039665 -37.217522859573364 3.1000000000000014
      vertex -30.76794919371605 -37 3.1000000000000014
    endloop
  endfacet
  facet normal 0 0 1
    outer loop
      vertex -30.76794919371605 -37 3.1000000000000014
      vertex -25.23205080628395 -37 3.1000000000000014
      vertex -30.652240931987762 -36.76536686718464 3.1000000000000014
    endloop
  endfacet
  facet normal 0 0 1
    outer loop
      vertex -30.652240931987762 -36.76536686718464 3.1000000000000014
      vertex -25.347759068012238 -36.76536686718464 3.1000000000000014
      vertex -30.568148344755173 -36.517638087272644 3.1000000000000014
    endloop
  endfacet
  facet normal 0 0 1
    outer loop
      vertex -30.568148344755173 -36.517638087272644 3.1000000000000014
      vertex -25.431851655244827 -36.517638087272644 3.1000000000000014
      vertex -30.517110280692577 -36.26105238497257 3.1000000000000014
    endloop
  endfacet
  facet normal 0 0 1
    outer loop
      vertex -30.517110280692577 -36.26105238497257 3.1000000000000014
      vertex -25.482889719307423 -36.26105238497257 3.1000000000000014
      vertex -30.5 -36 3.1000000000000014
    endloop
  endfacet
  facet normal 1 0 0
    outer loop
      vertex -49.5 -36 0
      vertex -49.5 38 3.1000000000000014
      vertex -49.5 -36 3.1000000000000014
    endloop
  endfacet
  facet normal 0 0 1
    outer loop
      vertex -54.5 -36 3.1000000000000014
      vertex -49.5 -36 3.1000000000000014
      vertex -54.5 38 3.1000000000000014
    endloop
  endfacet
  facet normal 0 0 1
    outer loop
      vertex -30.5 -36 3.1000000000000014
      vertex -25.5 -36 3.1000000000000014
      vertex -30.5 38 3.1000000000000014
    endloop
  endfacet
  facet normal 0 0 -1
    outer loop
      vertex -103 -39.5 0
      vertex -103 41.5 0
      vertex -100 40 0
    endloop
  endfacet
  facet normal 0 0 -1
    outer loop
      vertex -73.5 -36 0
      vertex -78.5 38 0
      vertex -73.5 38 0
    endloop
  endfacet
  facet normal 1 0 0
    outer loop
      vertex -100 -38 0
      vertex -100 40 0
      vertex -100 40 3.1000000000000014
    endloop
  endfacet
  facet normal 1 0 0
    outer loop
      vertex -73.5 -36 0
      vertex -73.5 38 0
      vertex -73.5 38 3.1000000000000014
    endloop
  endfacet
  facet normal 0 0 -1
    outer loop
      vertex -103 41.5 0
      vertex -87.25000000000001 41.5 0
      vertex -100 40 0
    endloop
  endfacet
  facet normal 0 0 -1
    outer loop
      vertex -100 40 0
      vertex -87.25000000000001 41.5 0
      vertex -80.5 40 0
    endloop
  endfacet
  facet normal 0 0 -1
    outer loop
      vertex -87.25000000000001 41.5 0
      vertex -71.5 40 0
      vertex -80.5 40 0
    endloop
  endfacet
  facet normal 0 0 -1
    outer loop
      vertex -87.25000000000001 41.5 0
      vertex -85 41.83870967741936 0
      vertex -71.5 40 0
    endloop
  endfacet
  facet normal 0 0 -1
    outer loop
      vertex -79.28247714042664 39.586706683039665 0
      vertex -72.9142135605216 39.4142135605216 0
      vertex -79.0857864394784 39.4142135605216 0
    endloop
  endfacet
  facet normal 0 0 -1
    outer loop
      vertex -78.5 38 0
      vertex -78.51711028069258 38.26105238497257 0
      vertex -73.5 38 0
    endloop
  endfacet
  facet normal 0 0 -1
    outer loop
      vertex -78.51711028069258 38.26105238497257 0
      vertex -78.56814834475517 38.517638087272644 0
      vertex -73.48288971930742 38.26105238497257 0
    endloop
  endfacet
  facet normal 0 0 -1
    outer loop
      vertex -78.56814834475517 38.517638087272644 0
      vertex -78.65224093198776 38.76536686718464 0
      vertex -73.43185165524483 38.517638087272644 0
    endloop
  endfacet
  facet normal 0 0 -1
    outer loop
      vertex -78.65224093198776 38.76536686718464 0
      vertex -78.76794919371605 39 0
      vertex -73.34775906801224 38.76536686718464 0
    endloop
  endfacet
  facet normal 0 0 -1
    outer loop
      vertex -78.91329331696033 39.217522859573364 0
      vertex -73.23205080628395 39 0
      vertex -78.76794919371605 39 0
    endloop
  endfacet
  facet normal 0 0 -1
    outer loop
      vertex -78.91329331696033 39.217522859573364 0
      vertex -79.0857864394784 39.4142135605216 0
      vertex -73.08670668303967 39.217522859573364 0
    endloop
  endfacet
  facet normal 0 0 -1
    outer loop
      vertex -78.51711028069258 38.26105238497257 0
      vertex -73.48288971930742 38.26105238497257 0
      vertex -73.5 38 0
    endloop
  endfacet
  facet normal 0 0 -1
    outer loop
      vertex -78.56814834475517 38.517638087272644 0
      vertex -73.43185165524483 38.517638087272644 0
      vertex -73.48288971930742 38.26105238497257 0
    endloop
  endfacet
  facet normal 0 0 -1
    outer loop
      vertex -78.65224093198776 38.76536686718464 0
      vertex -73.34775906801224 38.76536686718464 0
      vertex -73.43185165524483 38.517638087272644 0
    endloop
  endfacet
  facet normal 0 0 -1
    outer loop
      vertex -78.76794919371605 39 0
      vertex -73.23205080628395 39 0
      vertex -73.34775906801224 38.76536686718464 0
    endloop
  endfacet
  facet normal 0 0 -1
    outer loop
      vertex -78.91329331696033 39.217522859573364 0
      vertex -73.08670668303967 39.217522859573364 0
      vertex -73.23205080628395 39 0
    endloop
  endfacet
  facet normal 0 0 -1
    outer loop
      vertex -79.0857864394784 39.4142135605216 0
      vertex -72.9142135605216 39.4142135605216 0
      vertex -73.08670668303967 39.217522859573364 0
    endloop
  endfacet
  facet normal 0 0 -1
    outer loop
      vertex -79.28247714042664 39.586706683039665 0
      vertex -72.71752285957336 39.586706683039665 0
      vertex -72.9142135605216 39.4142135605216 0
    endloop
  endfacet
  facet normal 0 0 -1
    outer loop
      vertex -80.23894761502743 39.98288971930742 0
      vertex -72.01763808727264 39.93185165524483 0
      vertex -79.98236191272736 39.93185165524483 0
    endloop
  endfacet
  facet normal 0 0 -1
    outer loop
      vertex -79.73463313281536 39.84775906801224 0
      vertex -72.5 39.73205080628395 0
      vertex -79.5 39.73205080628395 0
    endloop
  endfacet
  facet normal 0 0 -1
    outer loop
      vertex -79.5 39.73205080628395 0
      vertex -72.71752285957336 39.586706683039665 0
      vertex -79.28247714042664 39.586706683039665 0
    endloop
  endfacet
  facet normal 0 0 -1
    outer loop
      vertex -79.98236191272736 39.93185165524483 0
      vertex -72.26536686718464 39.84775906801224 0
      vertex -79.73463313281536 39.84775906801224 0
    endloop
  endfacet
  facet normal 0 0 -1
    outer loop
      vertex -80.5 40 0
      vertex -71.76105238497257 39.98288971930742 0
      vertex -80.23894761502743 39.98288971930742 0
    endloop
  endfacet
  facet normal 0 0 -1
    outer loop
      vertex -79.5 39.73205080628395 0
      vertex -72.5 39.73205080628395 0
      vertex -72.71752285957336 39.586706683039665 0
    endloop
  endfacet
  facet normal 0 0 -1
    outer loop
      vertex -79.73463313281536 39.84775906801224 0
      vertex -72.26536686718464 39.84775906801224 0
      vertex -72.5 39.73205080628395 0
    endloop
  endfacet
  facet normal 0 0 -1
    outer loop
      vertex -79.98236191272736 39.93185165524483 0
      vertex -72.01763808727264 39.93185165524483 0
      vertex -72.26536686718464 39.84775906801224 0
    endloop
  endfacet
  facet normal 0 0 -1
    outer loop
      vertex -85 41.83870967741936 0
      vertex -85 42.576470588235296 0
      vertex -56.5 40 0
    endloop
  endfacet
  facet normal 0 0 -1
    outer loop
      vertex -80.23894761502743 39.98288971930742 0
      vertex -71.76105238497257 39.98288971930742 0
      vertex -72.01763808727264 39.93185165524483 0
    endloop
  endfacet
  facet normal 0 0 -1
    outer loop
      vertex -80.5 40 0
      vertex -71.5 40 0
      vertex -71.76105238497257 39.98288971930742 0
    endloop
  endfacet
  facet normal 0 0 -1
    outer loop
      vertex -85 41.83870967741936 0
      vertex -56.5 40 0
      vertex -71.5 40 0
    endloop
  endfacet
  facet normal 0 -1 0
    outer loop
      vertex -100 40 0
      vertex -80.5 40 0
      vertex -80.5 40 3.1000000000000014
    endloop
  endfacet
  facet normal -0.19509030209549946 -0.9807852843656897 0
    outer loop
      vertex -80.23894761502743 39.98288971930742 0
      vertex -79.98236191272736 39.93185165524483 0
      vertex -79.98236191272736 39.93185165524483 3.1000000000000014
    endloop
  endfacet
  facet normal -0.06540314219103631 -0.9978589223891017 0
    outer loop
      vertex -80.5 40 0
      vertex -80.23894761502743 39.98288971930742 0
      vertex -80.23894761502743 39.98288971930742 3.1000000000000014
    endloop
  endfacet
  facet normal -0.32143945792867507 -0.9469301319984065 0
    outer loop
      vertex -79.98236191272736 39.93185165524483 0
      vertex -79.73463313281536 39.84775906801224 0
      vertex -79.73463313281536 39.84775906801224 3.1000000000000014
    endloop
  endfacet
  facet normal -0.44228870708373325 -0.8968727332159228 0
    outer loop
      vertex -79.73463313281536 39.84775906801224 0
      vertex -79.5 39.73205080628395 0
      vertex -79.5 39.73205080628395 3.1000000000000014
    endloop
  endfacet
  facet normal -0.9978589223891017 -0.06540314219103631 0
    outer loop
      vertex -78.5 38 0
      vertex -78.5 38 3.1000000000000014
      vertex -78.51711028069258 38.26105238497257 0
    endloop
  endfacet
  facet normal -0.9807852843656897 -0.19509030209549946 0
    outer loop
      vertex -78.51711028069258 38.26105238497257 0
      vertex -78.51711028069258 38.26105238497257 3.1000000000000014
      vertex -78.56814834475517 38.517638087272644 0
    endloop
  endfacet
  facet normal -0.9469301319984065 -0.32143945792867507 0
    outer loop
      vertex -78.56814834475517 38.517638087272644 0
      vertex -78.56814834475517 38.517638087272644 3.1000000000000014
      vertex -78.65224093198776 38.76536686718464 0
    endloop
  endfacet
  facet normal -0.8968727332159228 -0.44228870708373325 0
    outer loop
      vertex -78.65224093198776 38.76536686718464 0
      vertex -78.65224093198776 38.76536686718464 3.1000000000000014
      vertex -78.76794919371605 39 0
    endloop
  endfacet
  facet normal -0.6593458308664174 -0.7518397936522605 0
    outer loop
      vertex -79.28247714042664 39.586706683039665 0
      vertex -79.0857864394784 39.4142135605216 0
      vertex -79.0857864394784 39.4142135605216 3.1000000000000014
    endloop
  endfacet
  facet normal -0.7518397936522605 -0.6593458308664174 0
    outer loop
      vertex -78.91329331696033 39.217522859573364 0
      vertex -78.91329331696033 39.217522859573364 3.1000000000000014
      vertex -79.0857864394784 39.4142135605216 0
    endloop
  endfacet
  facet normal -0.8314696207458843 -0.5555702203832522 0
    outer loop
      vertex -78.91329331696033 39.217522859573364 0
      vertex -78.76794919371605 39 0
      vertex -78.76794919371605 39 3.1000000000000014
    endloop
  endfacet
  facet normal -0.5555702203832522 -0.8314696207458843 0
    outer loop
      vertex -79.5 39.73205080628395 0
      vertex -79.28247714042664 39.586706683039665 0
      vertex -79.28247714042664 39.586706683039665 3.1000000000000014
    endloop
  endfacet
  facet normal 0.9978589223891017 -0.06540314219103631 0
    outer loop
      vertex -73.5 38 0
      vertex -73.48288971930742 38.26105238497257 0
      vertex -73.48288971930742 38.26105238497257 3.1000000000000014
    endloop
  endfacet
  facet normal 0.9807852843656897 -0.19509030209549946 0
    outer loop
      vertex -73.48288971930742 38.26105238497257 0
      vertex -73.43185165524483 38.517638087272644 0
      vertex -73.43185165524483 38.517638087272644 3.1000000000000014
    endloop
  endfacet
  facet normal 0.9469301319984065 -0.32143945792867507 0
    outer loop
      vertex -73.43185165524483 38.517638087272644 0
      vertex -73.34775906801224 38.76536686718464 0
      vertex -73.34775906801224 38.76536686718464 3.1000000000000014
    endloop
  endfacet
  facet normal 0.8968727332159228 -0.44228870708373325 0
    outer loop
      vertex -73.34775906801224 38.76536686718464 0
      vertex -73.23205080628395 39 0
      vertex -73.23205080628395 39 3.1000000000000014
    endloop
  endfacet
  facet normal 0.8314696207458843 -0.5555702203832522 0
    outer loop
      vertex -73.23205080628395 39 0
      vertex -73.08670668303967 39.217522859573364 0
      vertex -73.08670668303967 39.217522859573364 3.1000000000000014
    endloop
  endfacet
  facet normal 0.7518397936522605 -0.6593458308664174 0
    outer loop
      vertex -73.08670668303967 39.217522859573364 0
      vertex -72.9142135605216 39.4142135605216 0
      vertex -72.9142135605216 39.4142135605216 3.1000000000000014
    endloop
  endfacet
  facet normal 0.6593458308664174 -0.7518397936522605 0
    outer loop
      vertex -72.9142135605216 39.4142135605216 0
      vertex -72.71752285957336 39.586706683039665 0
      vertex -72.71752285957336 39.586706683039665 3.1000000000000014
    endloop
  endfacet
  facet normal 0.5555702203832522 -0.8314696207458843 0
    outer loop
      vertex -72.71752285957336 39.586706683039665 0
      vertex -72.5 39.73205080628395 0
      vertex -72.5 39.73205080628395 3.1000000000000014
    endloop
  endfacet
  facet normal 0.44228870708373325 -0.8968727332159228 0
    outer loop
      vertex -72.5 39.73205080628395 0
      vertex -72.26536686718464 39.84775906801224 0
      vertex -72.26536686718464 39.84775906801224 3.1000000000000014
    endloop
  endfacet
  facet normal 0.32143945792867507 -0.9469301319984065 0
    outer loop
      vertex -72.26536686718464 39.84775906801224 0
      vertex -72.01763808727264 39.93185165524483 0
      vertex -72.01763808727264 39.93185165524483 3.1000000000000014
    endloop
  endfacet
  facet normal 0.19509030209549946 -0.9807852843656897 0
    outer loop
      vertex -72.01763808727264 39.93185165524483 0
      vertex -71.76105238497257 39.98288971930742 0
      vertex -71.76105238497257 39.98288971930742 3.1000000000000014
    endloop
  endfacet
  facet normal 0.06540314219103631 -0.9978589223891017 0
    outer loop
      vertex -71.76105238497257 39.98288971930742 0
      vertex -71.5 40 0
      vertex -71.5 40 3.1000000000000014
    endloop
  endfacet
  facet normal 0 0 -1
    outer loop
      vertex -49.5 -36 0
      vertex -54.5 38 0
      vertex -49.5 38 0
    endloop
  endfacet
  facet normal 1 0 0
    outer loop
      vertex -49.5 -36 0
      vertex -49.5 38 0
      vertex -49.5 38 3.1000000000000014
    endloop
  endfacet
  facet normal 0 0 -1
    outer loop
      vertex -85 42.576470588235296 0
      vertex -47.5 40 0
      vertex -56.5 40 0
    endloop
  endfacet
  facet normal 0 0 -1
    outer loop
      vertex -54.5 38 0
      vertex -54.51711028069258 38.26105238497257 0
      vertex -49.5 38 0
    endloop
  endfacet
  facet normal 0 0 -1
    outer loop
      vertex -54.65224093198776 38.76536686718464 0
      vertex -49.43185165524483 38.517638087272644 0
      vertex -54.56814834475517 38.517638087272644 0
    endloop
  endfacet
  facet normal 0 0 -1
    outer loop
      vertex -54.65224093198776 38.76536686718464 0
      vertex -54.76794919371605 39 0
      vertex -49.34775906801224 38.76536686718464 0
    endloop
  endfacet
  facet normal 0 0 -1
    outer loop
      vertex -54.51711028069258 38.26105238497257 0
      vertex -54.56814834475517 38.517638087272644 0
      vertex -49.48288971930742 38.26105238497257 0
    endloop
  endfacet
  facet normal 0 0 -1
    outer loop
      vertex -54.76794919371605 39 0
      vertex -54.913293316960335 39.217522859573364 0
      vertex -49.23205080628395 39 0
    endloop
  endfacet
  facet normal 0 0 -1
    outer loop
      vertex -54.913293316960335 39.217522859573364 0
      vertex -55.0857864394784 39.4142135605216 0
      vertex -49.086706683039665 39.217522859573364 0
    endloop
  endfacet
  facet normal 0 0 -1
    outer loop
      vertex -55.282477140426636 39.586706683039665 0
      vertex -48.9142135605216 39.4142135605216 0
      vertex -55.0857864394784 39.4142135605216 0
    endloop
  endfacet
  facet normal 0 0 -1
    outer loop
      vertex -54.51711028069258 38.26105238497257 0
      vertex -49.48288971930742 38.26105238497257 0
      vertex -49.5 38 0
    endloop
  endfacet
  facet normal 0 0 -1
    outer loop
      vertex -54.56814834475517 38.517638087272644 0
      vertex -49.43185165524483 38.517638087272644 0
      vertex -49.48288971930742 38.26105238497257 0
    endloop
  endfacet
  facet normal 0 0 -1
    outer loop
      vertex -54.65224093198776 38.76536686718464 0
      vertex -49.34775906801224 38.76536686718464 0
      vertex -49.43185165524483 38.517638087272644 0
    endloop
  endfacet
  facet normal 0 0 -1
    outer loop
      vertex -54.76794919371605 39 0
      vertex -49.23205080628395 39 0
      vertex -49.34775906801224 38.76536686718464 0
    endloop
  endfacet
  facet normal 0 0 -1
    outer loop
      vertex -85 42.576470588235296 0
      vertex -32.5 40 0
      vertex -47.5 40 0
    endloop
  endfacet
  facet normal 0 0 -1
    outer loop
      vertex -56.5 40 0
      vertex -47.76105238497257 39.98288971930742 0
      vertex -56.23894761502743 39.98288971930742 0
    endloop
  endfacet
  facet normal 0 0 -1
    outer loop
      vertex -55.282477140426636 39.586706683039665 0
      vertex -55.5 39.73205080628395 0
      vertex -48.717522859573364 39.586706683039665 0
    endloop
  endfacet
  facet normal 0 0 -1
    outer loop
      vertex -55.73463313281536 39.84775906801224 0
      vertex -48.5 39.73205080628395 0
      vertex -55.5 39.73205080628395 0
    endloop
  endfacet
  facet normal 0 0 -1
    outer loop
      vertex -55.982361912727356 39.93185165524483 0
      vertex -48.26536686718464 39.84775906801224 0
      vertex -55.73463313281536 39.84775906801224 0
    endloop
  endfacet
  facet normal 0 0 -1
    outer loop
      vertex -55.982361912727356 39.93185165524483 0
      vertex -56.23894761502743 39.98288971930742 0
      vertex -48.017638087272644 39.93185165524483 0
    endloop
  endfacet
  facet normal 0 0 -1
    outer loop
      vertex -54.913293316960335 39.217522859573364 0
      vertex -49.086706683039665 39.217522859573364 0
      vertex -49.23205080628395 39 0
    endloop
  endfacet
  facet normal 0 0 -1
    outer loop
      vertex -55.0857864394784 39.4142135605216 0
      vertex -48.9142135605216 39.4142135605216 0
      vertex -49.086706683039665 39.217522859573364 0
    endloop
  endfacet
  facet normal 0 0 -1
    outer loop
      vertex -55.282477140426636 39.586706683039665 0
      vertex -48.717522859573364 39.586706683039665 0
      vertex -48.9142135605216 39.4142135605216 0
    endloop
  endfacet
  facet normal 0 0 -1
    outer loop
      vertex -55.5 39.73205080628395 0
      vertex -48.5 39.73205080628395 0
      vertex -48.717522859573364 39.586706683039665 0
    endloop
  endfacet
  facet normal 0 0 -1
    outer loop
      vertex -55.73463313281536 39.84775906801224 0
      vertex -48.26536686718464 39.84775906801224 0
      vertex -48.5 39.73205080628395 0
    endloop
  endfacet
  facet normal 0 0 -1
    outer loop
      vertex -55.982361912727356 39.93185165524483 0
      vertex -48.017638087272644 39.93185165524483 0
      vertex -48.26536686718464 39.84775906801224 0
    endloop
  endfacet
  facet normal 0 0 -1
    outer loop
      vertex -56.23894761502743 39.98288971930742 0
      vertex -47.76105238497257 39.98288971930742 0
      vertex -48.017638087272644 39.93185165524483 0
    endloop
  endfacet
  facet normal 0 0 -1
    outer loop
      vertex -56.5 40 0
      vertex -47.5 40 0
      vertex -47.76105238497257 39.98288971930742 0
    endloop
  endfacet
  facet normal 0 0 -1
    outer loop
      vertex -85 42.576470588235296 0
      vertex -23.5 40 0
      vertex -32.5 40 0
    endloop
  endfacet
  facet normal 0 0 -1
    outer loop
      vertex -85 42.576470588235296 0
      vertex -85 43 0
      vertex 24.5 40 0
    endloop
  endfacet
  facet normal 0 0 -1
    outer loop
      vertex -85 42.576470588235296 0
      vertex -8.5 40 0
      vertex -23.5 40 0
    endloop
  endfacet
  facet normal 0 0 -1
    outer loop
      vertex -30.5 38 0
      vertex -30.517110280692577 38.26105238497257 0
      vertex -25.5 38 0
    endloop
  endfacet
  facet normal 0 0 -1
    outer loop
      vertex -30.517110280692577 38.26105238497257 0
      vertex -30.568148344755173 38.517638087272644 0
      vertex -25.482889719307423 38.26105238497257 0
    endloop
  endfacet
  facet normal 0 0 -1
    outer loop
      vertex -30.568148344755173 38.517638087272644 0
      vertex -30.652240931987762 38.76536686718464 0
      vertex -25.431851655244827 38.517638087272644 0
    endloop
  endfacet
  facet normal 0 0 -1
    outer loop
      vertex -30.652240931987762 38.76536686718464 0
      vertex -30.76794919371605 39 0
      vertex -25.347759068012238 38.76536686718464 0
    endloop
  endfacet
  facet normal 0 0 -1
    outer loop
      vertex -30.76794919371605 39 0
      vertex -30.913293316960335 39.217522859573364 0
      vertex -25.23205080628395 39 0
    endloop
  endfacet
  facet normal 0 0 -1
    outer loop
      vertex -31.085786439478397 39.4142135605216 0
      vertex -25.086706683039665 39.217522859573364 0
      vertex -30.913293316960335 39.217522859573364 0
    endloop
  endfacet
  facet normal 0 0 -1
    outer loop
      vertex -31.282477140426636 39.586706683039665 0
      vertex -24.914213560521603 39.4142135605216 0
      vertex -31.085786439478397 39.4142135605216 0
    endloop
  endfacet
  facet normal 0 0 -1
    outer loop
      vertex -85 42.576470588235296 0
      vertex 0.5 40 0
      vertex -8.5 40 0
    endloop
  endfacet
  facet normal 0 0 -1
    outer loop
      vertex -31.982361912727356 39.93185165524483 0
      vertex -24.26536686718464 39.84775906801224 0
      vertex -31.73463313281536 39.84775906801224 0
    endloop
  endfacet
  facet normal 0 0 -1
    outer loop
      vertex -32.23894761502743 39.98288971930742 0
      vertex -24.017638087272644 39.93185165524483 0
      vertex -31.982361912727356 39.93185165524483 0
    endloop
  endfacet
  facet normal 0 0 -1
    outer loop
      vertex -32.5 40 0
      vertex -23.761052384972572 39.98288971930742 0
      vertex -32.23894761502743 39.98288971930742 0
    endloop
  endfacet
  facet normal 0 0 -1
    outer loop
      vertex -31.282477140426636 39.586706683039665 0
      vertex -31.5 39.73205080628395 0
      vertex -24.717522859573364 39.586706683039665 0
    endloop
  endfacet
  facet normal 0 0 -1
    outer loop
      vertex -31.73463313281536 39.84775906801224 0
      vertex -24.5 39.73205080628395 0
      vertex -31.5 39.73205080628395 0
    endloop
  endfacet
  facet normal 0 -1 0
    outer loop
      vertex -71.5 40 0
      vertex -56.5 40 0
      vertex -56.5 40 3.1000000000000014
    endloop
  endfacet
  facet normal -0.19509030209549946 -0.9807852843656897 0
    outer loop
      vertex -55.982361912727356 39.93185165524483 0
      vertex -55.982361912727356 39.93185165524483 3.1000000000000014
      vertex -56.23894761502743 39.98288971930742 0
    endloop
  endfacet
  facet normal -0.32143945792867507 -0.9469301319984065 0
    outer loop
      vertex -55.982361912727356 39.93185165524483 0
      vertex -55.73463313281536 39.84775906801224 0
      vertex -55.73463313281536 39.84775906801224 3.1000000000000014
    endloop
  endfacet
  facet normal -0.06540314219103631 -0.9978589223891017 0
    outer loop
      vertex -56.5 40 0
      vertex -56.23894761502743 39.98288971930742 0
      vertex -56.23894761502743 39.98288971930742 3.1000000000000014
    endloop
  endfacet
  facet normal -0.9978589223891017 -0.06540314219103631 0
    outer loop
      vertex -54.5 38 0
      vertex -54.5 38 3.1000000000000014
      vertex -54.51711028069258 38.26105238497257 0
    endloop
  endfacet
  facet normal -0.8968727332159228 -0.44228870708373325 0
    outer loop
      vertex -54.65224093198776 38.76536686718464 0
      vertex -54.65224093198776 38.76536686718464 3.1000000000000014
      vertex -54.76794919371605 39 0
    endloop
  endfacet
  facet normal -0.8314696207458843 -0.5555702203832522 0
    outer loop
      vertex -54.76794919371605 39 0
      vertex -54.76794919371605 39 3.1000000000000014
      vertex -54.913293316960335 39.217522859573364 0
    endloop
  endfacet
  facet normal -0.7518397936522605 -0.6593458308664174 0
    outer loop
      vertex -54.913293316960335 39.217522859573364 0
      vertex -54.913293316960335 39.217522859573364 3.1000000000000014
      vertex -55.0857864394784 39.4142135605216 0
    endloop
  endfacet
  facet normal -0.6593458308664174 -0.7518397936522605 0
    outer loop
      vertex -55.282477140426636 39.586706683039665 0
      vertex -55.0857864394784 39.4142135605216 0
      vertex -55.0857864394784 39.4142135605216 3.1000000000000014
    endloop
  endfacet
  facet normal -0.9807852843656897 -0.19509030209549946 0
    outer loop
      vertex -54.51711028069258 38.26105238497257 0
      vertex -54.51711028069258 38.26105238497257 3.1000000000000014
      vertex -54.56814834475517 38.517638087272644 0
    endloop
  endfacet
  facet normal -0.9469301319984065 -0.32143945792867507 0
    outer loop
      vertex -54.65224093198776 38.76536686718464 0
      vertex -54.56814834475517 38.517638087272644 0
      vertex -54.56814834475517 38.517638087272644 3.1000000000000014
    endloop
  endfacet
  facet normal -0.44228870708373325 -0.8968727332159228 0
    outer loop
      vertex -55.73463313281536 39.84775906801224 0
      vertex -55.5 39.73205080628395 0
      vertex -55.5 39.73205080628395 3.1000000000000014
    endloop
  endfacet
  facet normal -0.5555702203832522 -0.8314696207458843 0
    outer loop
      vertex -55.282477140426636 39.586706683039665 0
      vertex -55.282477140426636 39.586706683039665 3.1000000000000014
      vertex -55.5 39.73205080628395 0
    endloop
  endfacet
  facet normal 0.9978589223891017 -0.06540314219103631 0
    outer loop
      vertex -49.5 38 0
      vertex -49.48288971930742 38.26105238497257 0
      vertex -49.48288971930742 38.26105238497257 3.1000000000000014
    endloop
  endfacet
  facet normal 0.9807852843656897 -0.19509030209549946 0
    outer loop
      vertex -49.48288971930742 38.26105238497257 0
      vertex -49.43185165524483 38.517638087272644 0
      vertex -49.43185165524483 38.517638087272644 3.1000000000000014
    endloop
  endfacet
  facet normal 0.9469301319984065 -0.32143945792867507 0
    outer loop
      vertex -49.43185165524483 38.517638087272644 0
      vertex -49.34775906801224 38.76536686718464 0
      vertex -49.34775906801224 38.76536686718464 3.1000000000000014
    endloop
  endfacet
  facet normal 0.8968727332159228 -0.44228870708373325 0
    outer loop
      vertex -49.34775906801224 38.76536686718464 0
      vertex -49.23205080628395 39 0
      vertex -49.23205080628395 39 3.1000000000000014
    endloop
  endfacet
  facet normal 0.8314696207458843 -0.5555702203832522 0
    outer loop
      vertex -49.23205080628395 39 0
      vertex -49.086706683039665 39.217522859573364 0
      vertex -49.086706683039665 39.217522859573364 3.1000000000000014
    endloop
  endfacet
  facet normal 0.7518397936522605 -0.6593458308664174 0
    outer loop
      vertex -49.086706683039665 39.217522859573364 0
      vertex -48.9142135605216 39.4142135605216 0
      vertex -48.9142135605216 39.4142135605216 3.1000000000000014
    endloop
  endfacet
  facet normal 0.6593458308664174 -0.7518397936522605 0
    outer loop
      vertex -48.9142135605216 39.4142135605216 0
      vertex -48.717522859573364 39.586706683039665 0
      vertex -48.717522859573364 39.586706683039665 3.1000000000000014
    endloop
  endfacet
  facet normal 0.5555702203832522 -0.8314696207458843 0
    outer loop
      vertex -48.717522859573364 39.586706683039665 0
      vertex -48.5 39.73205080628395 0
      vertex -48.5 39.73205080628395 3.1000000000000014
    endloop
  endfacet
  facet normal 0.44228870708373325 -0.8968727332159228 0
    outer loop
      vertex -48.5 39.73205080628395 0
      vertex -48.26536686718464 39.84775906801224 0
      vertex -48.26536686718464 39.84775906801224 3.1000000000000014
    endloop
  endfacet
  facet normal 0.32143945792867507 -0.9469301319984065 0
    outer loop
      vertex -48.26536686718464 39.84775906801224 0
      vertex -48.017638087272644 39.93185165524483 0
      vertex -48.017638087272644 39.93185165524483 3.1000000000000014
    endloop
  endfacet
  facet normal 0.19509030209549946 -0.9807852843656897 0
    outer loop
      vertex -48.017638087272644 39.93185165524483 0
      vertex -47.76105238497257 39.98288971930742 0
      vertex -47.76105238497257 39.98288971930742 3.1000000000000014
    endloop
  endfacet
  facet normal 0.06540314219103631 -0.9978589223891017 0
    outer loop
      vertex -47.76105238497257 39.98288971930742 0
      vertex -47.5 40 0
      vertex -47.5 40 3.1000000000000014
    endloop
  endfacet
  facet normal 0 1 0
    outer loop
      vertex -85 43 0
      vertex -85 43 2.5
      vertex 30 43 0
    endloop
  endfacet
  facet normal 0 -1 0
    outer loop
      vertex -47.5 40 0
      vertex -32.5 40 0
      vertex -32.5 40 3.1000000000000014
    endloop
  endfacet
  facet normal -0.06540314219103631 -0.9978589223891017 0
    outer loop
      vertex -32.5 40 0
      vertex -32.23894761502743 39.98288971930742 0
      vertex -32.23894761502743 39.98288971930742 3.1000000000000014
    endloop
  endfacet
  facet normal -0.9978589223891017 -0.06540314219103631 0
    outer loop
      vertex -30.5 38 0
      vertex -30.5 38 3.1000000000000014
      vertex -30.517110280692577 38.26105238497257 0
    endloop
  endfacet
  facet normal -0.6593458308664174 -0.7518397936522605 0
    outer loop
      vertex -31.282477140426636 39.586706683039665 0
      vertex -31.085786439478397 39.4142135605216 0
      vertex -31.085786439478397 39.4142135605216 3.1000000000000014
    endloop
  endfacet
  facet normal -0.9807852843656897 -0.19509030209549946 0
    outer loop
      vertex -30.517110280692577 38.26105238497257 0
      vertex -30.517110280692577 38.26105238497257 3.1000000000000014
      vertex -30.568148344755173 38.517638087272644 0
    endloop
  endfacet
  facet normal -0.9469301319984065 -0.32143945792867507 0
    outer loop
      vertex -30.568148344755173 38.517638087272644 0
      vertex -30.568148344755173 38.517638087272644 3.1000000000000014
      vertex -30.652240931987762 38.76536686718464 0
    endloop
  endfacet
  facet normal -0.8968727332159228 -0.44228870708373325 0
    outer loop
      vertex -30.652240931987762 38.76536686718464 0
      vertex -30.652240931987762 38.76536686718464 3.1000000000000014
      vertex -30.76794919371605 39 0
    endloop
  endfacet
  facet normal -0.8314696207458843 -0.5555702203832522 0
    outer loop
      vertex -30.76794919371605 39 0
      vertex -30.76794919371605 39 3.1000000000000014
      vertex -30.913293316960335 39.217522859573364 0
    endloop
  endfacet
  facet normal -0.7518397936522605 -0.6593458308664174 0
    outer loop
      vertex -31.085786439478397 39.4142135605216 0
      vertex -30.913293316960335 39.217522859573364 0
      vertex -30.913293316960335 39.217522859573364 3.1000000000000014
    endloop
  endfacet
  facet normal -0.19509030209549946 -0.9807852843656897 0
    outer loop
      vertex -32.23894761502743 39.98288971930742 0
      vertex -31.982361912727356 39.93185165524483 0
      vertex -31.982361912727356 39.93185165524483 3.1000000000000014
    endloop
  endfacet
  facet normal -0.32143945792867507 -0.9469301319984065 0
    outer loop
      vertex -31.982361912727356 39.93185165524483 0
      vertex -31.73463313281536 39.84775906801224 0
      vertex -31.73463313281536 39.84775906801224 3.1000000000000014
    endloop
  endfacet
  facet normal -0.44228870708373325 -0.8968727332159228 0
    outer loop
      vertex -31.73463313281536 39.84775906801224 0
      vertex -31.5 39.73205080628395 0
      vertex -31.5 39.73205080628395 3.1000000000000014
    endloop
  endfacet
  facet normal -0.5555702203832522 -0.8314696207458843 0
    outer loop
      vertex -31.282477140426636 39.586706683039665 0
      vertex -31.282477140426636 39.586706683039665 3.1000000000000014
      vertex -31.5 39.73205080628395 0
    endloop
  endfacet
  facet normal -1 0 0
    outer loop
      vertex -103 -39.5 2.5
      vertex -103 41.5 2.5
      vertex -103 41.5 0
    endloop
  endfacet
  facet normal -1 0 0
    outer loop
      vertex -78.5 -36 3.1000000000000014
      vertex -78.5 38 3.1000000000000014
      vertex -78.5 38 0
    endloop
  endfacet
  facet normal -1 0 0
    outer loop
      vertex -103 -39.5 2.5
      vertex -103 43 3.1000000000000014
      vertex -103 41.5 2.5
    endloop
  endfacet
  facet normal 0 0 1
    outer loop
      vertex -103 -41 3.1000000000000014
      vertex -100 40 3.1000000000000014
      vertex -103 43 3.1000000000000014
    endloop
  endfacet
  facet normal 0 0 1
    outer loop
      vertex -73.5 -36 3.1000000000000014
      vertex -73.5 38 3.1000000000000014
      vertex -78.5 38 3.1000000000000014
    endloop
  endfacet
  facet normal 0 -1 0
    outer loop
      vertex -100 40 0
      vertex -80.5 40 3.1000000000000014
      vertex -100 40 3.1000000000000014
    endloop
  endfacet
  facet normal -0.06540314219103631 -0.9978589223891017 0
    outer loop
      vertex -80.5 40 0
      vertex -80.23894761502743 39.98288971930742 3.1000000000000014
      vertex -80.5 40 3.1000000000000014
    endloop
  endfacet
  facet normal -0.19509030209549946 -0.9807852843656897 0
    outer loop
      vertex -80.23894761502743 39.98288971930742 0
      vertex -79.98236191272736 39.93185165524483 3.1000000000000014
      vertex -80.23894761502743 39.98288971930742 3.1000000000000014
    endloop
  endfacet
  facet normal -0.32143945792867507 -0.9469301319984065 0
    outer loop
      vertex -79.98236191272736 39.93185165524483 0
      vertex -79.73463313281536 39.84775906801224 3.1000000000000014
      vertex -79.98236191272736 39.93185165524483 3.1000000000000014
    endloop
  endfacet
  facet normal -0.5555702203832522 -0.8314696207458843 0
    outer loop
      vertex -79.5 39.73205080628395 0
      vertex -79.28247714042664 39.586706683039665 3.1000000000000014
      vertex -79.5 39.73205080628395 3.1000000000000014
    endloop
  endfacet
  facet normal -0.44228870708373325 -0.8968727332159228 0
    outer loop
      vertex -79.73463313281536 39.84775906801224 0
      vertex -79.5 39.73205080628395 3.1000000000000014
      vertex -79.73463313281536 39.84775906801224 3.1000000000000014
    endloop
  endfacet
  facet normal -0.9807852843656897 -0.19509030209549946 0
    outer loop
      vertex -78.56814834475517 38.517638087272644 0
      vertex -78.51711028069258 38.26105238497257 3.1000000000000014
      vertex -78.56814834475517 38.517638087272644 3.1000000000000014
    endloop
  endfacet
  facet normal -0.9978589223891017 -0.06540314219103631 0
    outer loop
      vertex -78.51711028069258 38.26105238497257 0
      vertex -78.5 38 3.1000000000000014
      vertex -78.51711028069258 38.26105238497257 3.1000000000000014
    endloop
  endfacet
  facet normal -0.9469301319984065 -0.32143945792867507 0
    outer loop
      vertex -78.65224093198776 38.76536686718464 0
      vertex -78.56814834475517 38.517638087272644 3.1000000000000014
      vertex -78.65224093198776 38.76536686718464 3.1000000000000014
    endloop
  endfacet
  facet normal -0.8314696207458843 -0.5555702203832522 0
    outer loop
      vertex -78.91329331696033 39.217522859573364 0
      vertex -78.76794919371605 39 3.1000000000000014
      vertex -78.91329331696033 39.217522859573364 3.1000000000000014
    endloop
  endfacet
  facet normal -0.6593458308664174 -0.7518397936522605 0
    outer loop
      vertex -79.28247714042664 39.586706683039665 0
      vertex -79.0857864394784 39.4142135605216 3.1000000000000014
      vertex -79.28247714042664 39.586706683039665 3.1000000000000014
    endloop
  endfacet
  facet normal -0.7518397936522605 -0.6593458308664174 0
    outer loop
      vertex -79.0857864394784 39.4142135605216 0
      vertex -78.91329331696033 39.217522859573364 3.1000000000000014
      vertex -79.0857864394784 39.4142135605216 3.1000000000000014
    endloop
  endfacet
  facet normal -0.8968727332159228 -0.44228870708373325 0
    outer loop
      vertex -78.76794919371605 39 0
      vertex -78.65224093198776 38.76536686718464 3.1000000000000014
      vertex -78.76794919371605 39 3.1000000000000014
    endloop
  endfacet
  facet normal 0.9978589223891017 -0.06540314219103631 0
    outer loop
      vertex -73.5 38 0
      vertex -73.48288971930742 38.26105238497257 3.1000000000000014
      vertex -73.5 38 3.1000000000000014
    endloop
  endfacet
  facet normal 0.9807852843656897 -0.19509030209549946 0
    outer loop
      vertex -73.48288971930742 38.26105238497257 0
      vertex -73.43185165524483 38.517638087272644 3.1000000000000014
      vertex -73.48288971930742 38.26105238497257 3.1000000000000014
    endloop
  endfacet
  facet normal 0.9469301319984065 -0.32143945792867507 0
    outer loop
      vertex -73.43185165524483 38.517638087272644 0
      vertex -73.34775906801224 38.76536686718464 3.1000000000000014
      vertex -73.43185165524483 38.517638087272644 3.1000000000000014
    endloop
  endfacet
  facet normal 0.8968727332159228 -0.44228870708373325 0
    outer loop
      vertex -73.34775906801224 38.76536686718464 0
      vertex -73.23205080628395 39 3.1000000000000014
      vertex -73.34775906801224 38.76536686718464 3.1000000000000014
    endloop
  endfacet
  facet normal 0.8314696207458843 -0.5555702203832522 0
    outer loop
      vertex -73.23205080628395 39 0
      vertex -73.08670668303967 39.217522859573364 3.1000000000000014
      vertex -73.23205080628395 39 3.1000000000000014
    endloop
  endfacet
  facet normal 0.7518397936522605 -0.6593458308664174 0
    outer loop
      vertex -73.08670668303967 39.217522859573364 0
      vertex -72.9142135605216 39.4142135605216 3.1000000000000014
      vertex -73.08670668303967 39.217522859573364 3.1000000000000014
    endloop
  endfacet
  facet normal 0.6593458308664174 -0.7518397936522605 0
    outer loop
      vertex -72.9142135605216 39.4142135605216 0
      vertex -72.71752285957336 39.586706683039665 3.1000000000000014
      vertex -72.9142135605216 39.4142135605216 3.1000000000000014
    endloop
  endfacet
  facet normal 0.5555702203832522 -0.8314696207458843 0
    outer loop
      vertex -72.71752285957336 39.586706683039665 0
      vertex -72.5 39.73205080628395 3.1000000000000014
      vertex -72.71752285957336 39.586706683039665 3.1000000000000014
    endloop
  endfacet
  facet normal 0.44228870708373325 -0.8968727332159228 0
    outer loop
      vertex -72.5 39.73205080628395 0
      vertex -72.26536686718464 39.84775906801224 3.1000000000000014
      vertex -72.5 39.73205080628395 3.1000000000000014
    endloop
  endfacet
  facet normal 0.32143945792867507 -0.9469301319984065 0
    outer loop
      vertex -72.26536686718464 39.84775906801224 0
      vertex -72.01763808727264 39.93185165524483 3.1000000000000014
      vertex -72.26536686718464 39.84775906801224 3.1000000000000014
    endloop
  endfacet
  facet normal 0.19509030209549946 -0.9807852843656897 0
    outer loop
      vertex -72.01763808727264 39.93185165524483 0
      vertex -71.76105238497257 39.98288971930742 3.1000000000000014
      vertex -72.01763808727264 39.93185165524483 3.1000000000000014
    endloop
  endfacet
  facet normal 0.06540314219103631 -0.9978589223891017 0
    outer loop
      vertex -71.76105238497257 39.98288971930742 0
      vertex -71.5 40 3.1000000000000014
      vertex -71.76105238497257 39.98288971930742 3.1000000000000014
    endloop
  endfacet
  facet normal 0 -1 0
    outer loop
      vertex -71.5 40 0
      vertex -56.5 40 3.1000000000000014
      vertex -71.5 40 3.1000000000000014
    endloop
  endfacet
  facet normal -1 0 0
    outer loop
      vertex -103 41.5 2.5
      vertex -103 43 3.1000000000000014
      vertex -103 43 2.5
    endloop
  endfacet
  facet normal 0 0 1
    outer loop
      vertex -100 40 3.1000000000000014
      vertex -80.5 40 3.1000000000000014
      vertex -103 43 3.1000000000000014
    endloop
  endfacet
  facet normal 0 0 1
    outer loop
      vertex -103 43 3.1000000000000014
      vertex -80.5 40 3.1000000000000014
      vertex -71.5 40 3.1000000000000014
    endloop
  endfacet
  facet normal 0 0 1
    outer loop
      vertex -79.28247714042664 39.586706683039665 3.1000000000000014
      vertex -79.0857864394784 39.4142135605216 3.1000000000000014
      vertex -72.9142135605216 39.4142135605216 3.1000000000000014
    endloop
  endfacet
  facet normal 0 0 1
    outer loop
      vertex -78.5 38 3.1000000000000014
      vertex -73.5 38 3.1000000000000014
      vertex -78.51711028069258 38.26105238497257 3.1000000000000014
    endloop
  endfacet
  facet normal 0 0 1
    outer loop
      vertex -78.51711028069258 38.26105238497257 3.1000000000000014
      vertex -73.48288971930742 38.26105238497257 3.1000000000000014
      vertex -78.56814834475517 38.517638087272644 3.1000000000000014
    endloop
  endfacet
  facet normal 0 0 1
    outer loop
      vertex -78.56814834475517 38.517638087272644 3.1000000000000014
      vertex -73.43185165524483 38.517638087272644 3.1000000000000014
      vertex -78.65224093198776 38.76536686718464 3.1000000000000014
    endloop
  endfacet
  facet normal 0 0 1
    outer loop
      vertex -78.65224093198776 38.76536686718464 3.1000000000000014
      vertex -73.34775906801224 38.76536686718464 3.1000000000000014
      vertex -78.76794919371605 39 3.1000000000000014
    endloop
  endfacet
  facet normal 0 0 1
    outer loop
      vertex -78.91329331696033 39.217522859573364 3.1000000000000014
      vertex -78.76794919371605 39 3.1000000000000014
      vertex -73.23205080628395 39 3.1000000000000014
    endloop
  endfacet
  facet normal 0 0 1
    outer loop
      vertex -78.91329331696033 39.217522859573364 3.1000000000000014
      vertex -73.08670668303967 39.217522859573364 3.1000000000000014
      vertex -79.0857864394784 39.4142135605216 3.1000000000000014
    endloop
  endfacet
  facet normal 0 0 1
    outer loop
      vertex -78.51711028069258 38.26105238497257 3.1000000000000014
      vertex -73.5 38 3.1000000000000014
      vertex -73.48288971930742 38.26105238497257 3.1000000000000014
    endloop
  endfacet
  facet normal 0 0 1
    outer loop
      vertex -78.56814834475517 38.517638087272644 3.1000000000000014
      vertex -73.48288971930742 38.26105238497257 3.1000000000000014
      vertex -73.43185165524483 38.517638087272644 3.1000000000000014
    endloop
  endfacet
  facet normal 0 0 1
    outer loop
      vertex -78.65224093198776 38.76536686718464 3.1000000000000014
      vertex -73.43185165524483 38.517638087272644 3.1000000000000014
      vertex -73.34775906801224 38.76536686718464 3.1000000000000014
    endloop
  endfacet
  facet normal 0 0 1
    outer loop
      vertex -78.76794919371605 39 3.1000000000000014
      vertex -73.34775906801224 38.76536686718464 3.1000000000000014
      vertex -73.23205080628395 39 3.1000000000000014
    endloop
  endfacet
  facet normal 0 0 1
    outer loop
      vertex -78.91329331696033 39.217522859573364 3.1000000000000014
      vertex -73.23205080628395 39 3.1000000000000014
      vertex -73.08670668303967 39.217522859573364 3.1000000000000014
    endloop
  endfacet
  facet normal 0 0 1
    outer loop
      vertex -79.0857864394784 39.4142135605216 3.1000000000000014
      vertex -73.08670668303967 39.217522859573364 3.1000000000000014
      vertex -72.9142135605216 39.4142135605216 3.1000000000000014
    endloop
  endfacet
  facet normal 0 0 1
    outer loop
      vertex -79.28247714042664 39.586706683039665 3.1000000000000014
      vertex -72.9142135605216 39.4142135605216 3.1000000000000014
      vertex -72.71752285957336 39.586706683039665 3.1000000000000014
    endloop
  endfacet
  facet normal 0 0 1
    outer loop
      vertex -80.23894761502743 39.98288971930742 3.1000000000000014
      vertex -79.98236191272736 39.93185165524483 3.1000000000000014
      vertex -72.01763808727264 39.93185165524483 3.1000000000000014
    endloop
  endfacet
  facet normal 0 0 1
    outer loop
      vertex -79.73463313281536 39.84775906801224 3.1000000000000014
      vertex -79.5 39.73205080628395 3.1000000000000014
      vertex -72.5 39.73205080628395 3.1000000000000014
    endloop
  endfacet
  facet normal 0 0 1
    outer loop
      vertex -79.5 39.73205080628395 3.1000000000000014
      vertex -79.28247714042664 39.586706683039665 3.1000000000000014
      vertex -72.71752285957336 39.586706683039665 3.1000000000000014
    endloop
  endfacet
  facet normal 0 0 1
    outer loop
      vertex -79.98236191272736 39.93185165524483 3.1000000000000014
      vertex -79.73463313281536 39.84775906801224 3.1000000000000014
      vertex -72.26536686718464 39.84775906801224 3.1000000000000014
    endloop
  endfacet
  facet normal 0 0 1
    outer loop
      vertex -80.5 40 3.1000000000000014
      vertex -80.23894761502743 39.98288971930742 3.1000000000000014
      vertex -71.76105238497257 39.98288971930742 3.1000000000000014
    endloop
  endfacet
  facet normal 0 0 1
    outer loop
      vertex -103 43 3.1000000000000014
      vertex -71.5 40 3.1000000000000014
      vertex -56.5 40 3.1000000000000014
    endloop
  endfacet
  facet normal 0 0 1
    outer loop
      vertex -79.5 39.73205080628395 3.1000000000000014
      vertex -72.71752285957336 39.586706683039665 3.1000000000000014
      vertex -72.5 39.73205080628395 3.1000000000000014
    endloop
  endfacet
  facet normal 0 0 1
    outer loop
      vertex -79.73463313281536 39.84775906801224 3.1000000000000014
      vertex -72.5 39.73205080628395 3.1000000000000014
      vertex -72.26536686718464 39.84775906801224 3.1000000000000014
    endloop
  endfacet
  facet normal 0 0 1
    outer loop
      vertex -79.98236191272736 39.93185165524483 3.1000000000000014
      vertex -72.26536686718464 39.84775906801224 3.1000000000000014
      vertex -72.01763808727264 39.93185165524483 3.1000000000000014
    endloop
  endfacet
  facet normal 0 0 1
    outer loop
      vertex -80.23894761502743 39.98288971930742 3.1000000000000014
      vertex -72.01763808727264 39.93185165524483 3.1000000000000014
      vertex -71.76105238497257 39.98288971930742 3.1000000000000014
    endloop
  endfacet
  facet normal 0 0 1
    outer loop
      vertex -80.5 40 3.1000000000000014
      vertex -71.76105238497257 39.98288971930742 3.1000000000000014
      vertex -71.5 40 3.1000000000000014
    endloop
  endfacet
  facet normal 0 0 1
    outer loop
      vertex -103 43 3.1000000000000014
      vertex -56.5 40 3.1000000000000014
      vertex -47.5 40 3.1000000000000014
    endloop
  endfacet
  facet normal -1 0 0
    outer loop
      vertex -54.5 -36 3.1000000000000014
      vertex -54.5 38 3.1000000000000014
      vertex -54.5 38 0
    endloop
  endfacet
  facet normal -1 0 0
    outer loop
      vertex -30.5 -36 3.1000000000000014
      vertex -30.5 38 3.1000000000000014
      vertex -30.5 38 0
    endloop
  endfacet
  facet normal 0 0 1
    outer loop
      vertex -49.5 -36 3.1000000000000014
      vertex -49.5 38 3.1000000000000014
      vertex -54.5 38 3.1000000000000014
    endloop
  endfacet
  facet normal -0.06540314219103631 -0.9978589223891017 0
    outer loop
      vertex -56.5 40 0
      vertex -56.23894761502743 39.98288971930742 3.1000000000000014
      vertex -56.5 40 3.1000000000000014
    endloop
  endfacet
  facet normal -0.32143945792867507 -0.9469301319984065 0
    outer loop
      vertex -55.982361912727356 39.93185165524483 0
      vertex -55.73463313281536 39.84775906801224 3.1000000000000014
      vertex -55.982361912727356 39.93185165524483 3.1000000000000014
    endloop
  endfacet
  facet normal -0.19509030209549946 -0.9807852843656897 0
    outer loop
      vertex -56.23894761502743 39.98288971930742 0
      vertex -55.982361912727356 39.93185165524483 3.1000000000000014
      vertex -56.23894761502743 39.98288971930742 3.1000000000000014
    endloop
  endfacet
  facet normal -0.8968727332159228 -0.44228870708373325 0
    outer loop
      vertex -54.76794919371605 39 0
      vertex -54.65224093198776 38.76536686718464 3.1000000000000014
      vertex -54.76794919371605 39 3.1000000000000014
    endloop
  endfacet
  facet normal -0.8314696207458843 -0.5555702203832522 0
    outer loop
      vertex -54.913293316960335 39.217522859573364 0
      vertex -54.76794919371605 39 3.1000000000000014
      vertex -54.913293316960335 39.217522859573364 3.1000000000000014
    endloop
  endfacet
  facet normal -0.7518397936522605 -0.6593458308664174 0
    outer loop
      vertex -55.0857864394784 39.4142135605216 0
      vertex -54.913293316960335 39.217522859573364 3.1000000000000014
      vertex -55.0857864394784 39.4142135605216 3.1000000000000014
    endloop
  endfacet
  facet normal -0.6593458308664174 -0.7518397936522605 0
    outer loop
      vertex -55.282477140426636 39.586706683039665 0
      vertex -55.0857864394784 39.4142135605216 3.1000000000000014
      vertex -55.282477140426636 39.586706683039665 3.1000000000000014
    endloop
  endfacet
  facet normal -0.9978589223891017 -0.06540314219103631 0
    outer loop
      vertex -54.51711028069258 38.26105238497257 0
      vertex -54.5 38 3.1000000000000014
      vertex -54.51711028069258 38.26105238497257 3.1000000000000014
    endloop
  endfacet
  facet normal -0.9807852843656897 -0.19509030209549946 0
    outer loop
      vertex -54.56814834475517 38.517638087272644 0
      vertex -54.51711028069258 38.26105238497257 3.1000000000000014
      vertex -54.56814834475517 38.517638087272644 3.1000000000000014
    endloop
  endfacet
  facet normal -0.9469301319984065 -0.32143945792867507 0
    outer loop
      vertex -54.65224093198776 38.76536686718464 0
      vertex -54.56814834475517 38.517638087272644 3.1000000000000014
      vertex -54.65224093198776 38.76536686718464 3.1000000000000014
    endloop
  endfacet
  facet normal -0.44228870708373325 -0.8968727332159228 0
    outer loop
      vertex -55.73463313281536 39.84775906801224 0
      vertex -55.5 39.73205080628395 3.1000000000000014
      vertex -55.73463313281536 39.84775906801224 3.1000000000000014
    endloop
  endfacet
  facet normal -0.5555702203832522 -0.8314696207458843 0
    outer loop
      vertex -55.5 39.73205080628395 0
      vertex -55.282477140426636 39.586706683039665 3.1000000000000014
      vertex -55.5 39.73205080628395 3.1000000000000014
    endloop
  endfacet
  facet normal 0.9978589223891017 -0.06540314219103631 0
    outer loop
      vertex -49.5 38 0
      vertex -49.48288971930742 38.26105238497257 3.1000000000000014
      vertex -49.5 38 3.1000000000000014
    endloop
  endfacet
  facet normal 0.9807852843656897 -0.19509030209549946 0
    outer loop
      vertex -49.48288971930742 38.26105238497257 0
      vertex -49.43185165524483 38.517638087272644 3.1000000000000014
      vertex -49.48288971930742 38.26105238497257 3.1000000000000014
    endloop
  endfacet
  facet normal 0.9469301319984065 -0.32143945792867507 0
    outer loop
      vertex -49.43185165524483 38.517638087272644 0
      vertex -49.34775906801224 38.76536686718464 3.1000000000000014
      vertex -49.43185165524483 38.517638087272644 3.1000000000000014
    endloop
  endfacet
  facet normal 0.8968727332159228 -0.44228870708373325 0
    outer loop
      vertex -49.34775906801224 38.76536686718464 0
      vertex -49.23205080628395 39 3.1000000000000014
      vertex -49.34775906801224 38.76536686718464 3.1000000000000014
    endloop
  endfacet
  facet normal 0.8314696207458843 -0.5555702203832522 0
    outer loop
      vertex -49.23205080628395 39 0
      vertex -49.086706683039665 39.217522859573364 3.1000000000000014
      vertex -49.23205080628395 39 3.1000000000000014
    endloop
  endfacet
  facet normal 0.7518397936522605 -0.6593458308664174 0
    outer loop
      vertex -49.086706683039665 39.217522859573364 0
      vertex -48.9142135605216 39.4142135605216 3.1000000000000014
      vertex -49.086706683039665 39.217522859573364 3.1000000000000014
    endloop
  endfacet
  facet normal 0.6593458308664174 -0.7518397936522605 0
    outer loop
      vertex -48.9142135605216 39.4142135605216 0
      vertex -48.717522859573364 39.586706683039665 3.1000000000000014
      vertex -48.9142135605216 39.4142135605216 3.1000000000000014
    endloop
  endfacet
  facet normal 0.5555702203832522 -0.8314696207458843 0
    outer loop
      vertex -48.717522859573364 39.586706683039665 0
      vertex -48.5 39.73205080628395 3.1000000000000014
      vertex -48.717522859573364 39.586706683039665 3.1000000000000014
    endloop
  endfacet
  facet normal 0.44228870708373325 -0.8968727332159228 0
    outer loop
      vertex -48.5 39.73205080628395 0
      vertex -48.26536686718464 39.84775906801224 3.1000000000000014
      vertex -48.5 39.73205080628395 3.1000000000000014
    endloop
  endfacet
  facet normal 0.32143945792867507 -0.9469301319984065 0
    outer loop
      vertex -48.26536686718464 39.84775906801224 0
      vertex -48.017638087272644 39.93185165524483 3.1000000000000014
      vertex -48.26536686718464 39.84775906801224 3.1000000000000014
    endloop
  endfacet
  facet normal 0.19509030209549946 -0.9807852843656897 0
    outer loop
      vertex -48.017638087272644 39.93185165524483 0
      vertex -47.76105238497257 39.98288971930742 3.1000000000000014
      vertex -48.017638087272644 39.93185165524483 3.1000000000000014
    endloop
  endfacet
  facet normal 0.06540314219103631 -0.9978589223891017 0
    outer loop
      vertex -47.76105238497257 39.98288971930742 0
      vertex -47.5 40 3.1000000000000014
      vertex -47.76105238497257 39.98288971930742 3.1000000000000014
    endloop
  endfacet
  facet normal 0 -1 0
    outer loop
      vertex -47.5 40 0
      vertex -32.5 40 3.1000000000000014
      vertex -47.5 40 3.1000000000000014
    endloop
  endfacet
  facet normal -0.06540314219103631 -0.9978589223891017 0
    outer loop
      vertex -32.5 40 0
      vertex -32.23894761502743 39.98288971930742 3.1000000000000014
      vertex -32.5 40 3.1000000000000014
    endloop
  endfacet
  facet normal -0.6593458308664174 -0.7518397936522605 0
    outer loop
      vertex -31.282477140426636 39.586706683039665 0
      vertex -31.085786439478397 39.4142135605216 3.1000000000000014
      vertex -31.282477140426636 39.586706683039665 3.1000000000000014
    endloop
  endfacet
  facet normal -0.9978589223891017 -0.06540314219103631 0
    outer loop
      vertex -30.517110280692577 38.26105238497257 0
      vertex -30.5 38 3.1000000000000014
      vertex -30.517110280692577 38.26105238497257 3.1000000000000014
    endloop
  endfacet
  facet normal -0.9807852843656897 -0.19509030209549946 0
    outer loop
      vertex -30.568148344755173 38.517638087272644 0
      vertex -30.517110280692577 38.26105238497257 3.1000000000000014
      vertex -30.568148344755173 38.517638087272644 3.1000000000000014
    endloop
  endfacet
  facet normal -0.9469301319984065 -0.32143945792867507 0
    outer loop
      vertex -30.652240931987762 38.76536686718464 0
      vertex -30.568148344755173 38.517638087272644 3.1000000000000014
      vertex -30.652240931987762 38.76536686718464 3.1000000000000014
    endloop
  endfacet
  facet normal -0.8314696207458843 -0.5555702203832522 0
    outer loop
      vertex -30.913293316960335 39.217522859573364 0
      vertex -30.76794919371605 39 3.1000000000000014
      vertex -30.913293316960335 39.217522859573364 3.1000000000000014
    endloop
  endfacet
  facet normal -0.8968727332159228 -0.44228870708373325 0
    outer loop
      vertex -30.76794919371605 39 0
      vertex -30.652240931987762 38.76536686718464 3.1000000000000014
      vertex -30.76794919371605 39 3.1000000000000014
    endloop
  endfacet
  facet normal -0.7518397936522605 -0.6593458308664174 0
    outer loop
      vertex -31.085786439478397 39.4142135605216 0
      vertex -30.913293316960335 39.217522859573364 3.1000000000000014
      vertex -31.085786439478397 39.4142135605216 3.1000000000000014
    endloop
  endfacet
  facet normal -0.32143945792867507 -0.9469301319984065 0
    outer loop
      vertex -31.982361912727356 39.93185165524483 0
      vertex -31.73463313281536 39.84775906801224 3.1000000000000014
      vertex -31.982361912727356 39.93185165524483 3.1000000000000014
    endloop
  endfacet
  facet normal -0.44228870708373325 -0.8968727332159228 0
    outer loop
      vertex -31.73463313281536 39.84775906801224 0
      vertex -31.5 39.73205080628395 3.1000000000000014
      vertex -31.73463313281536 39.84775906801224 3.1000000000000014
    endloop
  endfacet
  facet normal -0.19509030209549946 -0.9807852843656897 0
    outer loop
      vertex -32.23894761502743 39.98288971930742 0
      vertex -31.982361912727356 39.93185165524483 3.1000000000000014
      vertex -32.23894761502743 39.98288971930742 3.1000000000000014
    endloop
  endfacet
  facet normal -0.5555702203832522 -0.8314696207458843 0
    outer loop
      vertex -31.5 39.73205080628395 0
      vertex -31.282477140426636 39.586706683039665 3.1000000000000014
      vertex -31.5 39.73205080628395 3.1000000000000014
    endloop
  endfacet
  facet normal 0 1 0
    outer loop
      vertex -103 43 2.5
      vertex 48 43 3.1000000000000014
      vertex -85 43 2.5
    endloop
  endfacet
  facet normal 0 0 1
    outer loop
      vertex -103 43 3.1000000000000014
      vertex -47.5 40 3.1000000000000014
      vertex -32.5 40 3.1000000000000014
    endloop
  endfacet
  facet normal 0 0 1
    outer loop
      vertex -54.5 38 3.1000000000000014
      vertex -49.5 38 3.1000000000000014
      vertex -54.51711028069258 38.26105238497257 3.1000000000000014
    endloop
  endfacet
  facet normal 0 0 1
    outer loop
      vertex -54.65224093198776 38.76536686718464 3.1000000000000014
      vertex -54.56814834475517 38.517638087272644 3.1000000000000014
      vertex -49.43185165524483 38.517638087272644 3.1000000000000014
    endloop
  endfacet
  facet normal 0 0 1
    outer loop
      vertex -54.65224093198776 38.76536686718464 3.1000000000000014
      vertex -49.34775906801224 38.76536686718464 3.1000000000000014
      vertex -54.76794919371605 39 3.1000000000000014
    endloop
  endfacet
  facet normal 0 0 1
    outer loop
      vertex -54.51711028069258 38.26105238497257 3.1000000000000014
      vertex -49.48288971930742 38.26105238497257 3.1000000000000014
      vertex -54.56814834475517 38.517638087272644 3.1000000000000014
    endloop
  endfacet
  facet normal 0 0 1
    outer loop
      vertex -54.76794919371605 39 3.1000000000000014
      vertex -49.23205080628395 39 3.1000000000000014
      vertex -54.913293316960335 39.217522859573364 3.1000000000000014
    endloop
  endfacet
  facet normal 0 0 1
    outer loop
      vertex -54.913293316960335 39.217522859573364 3.1000000000000014
      vertex -49.086706683039665 39.217522859573364 3.1000000000000014
      vertex -55.0857864394784 39.4142135605216 3.1000000000000014
    endloop
  endfacet
  facet normal 0 0 1
    outer loop
      vertex -55.282477140426636 39.586706683039665 3.1000000000000014
      vertex -55.0857864394784 39.4142135605216 3.1000000000000014
      vertex -48.9142135605216 39.4142135605216 3.1000000000000014
    endloop
  endfacet
  facet normal 0 0 1
    outer loop
      vertex -54.51711028069258 38.26105238497257 3.1000000000000014
      vertex -49.5 38 3.1000000000000014
      vertex -49.48288971930742 38.26105238497257 3.1000000000000014
    endloop
  endfacet
  facet normal 0 0 1
    outer loop
      vertex -54.56814834475517 38.517638087272644 3.1000000000000014
      vertex -49.48288971930742 38.26105238497257 3.1000000000000014
      vertex -49.43185165524483 38.517638087272644 3.1000000000000014
    endloop
  endfacet
  facet normal 0 0 1
    outer loop
      vertex -54.65224093198776 38.76536686718464 3.1000000000000014
      vertex -49.43185165524483 38.517638087272644 3.1000000000000014
      vertex -49.34775906801224 38.76536686718464 3.1000000000000014
    endloop
  endfacet
  facet normal 0 0 1
    outer loop
      vertex -54.76794919371605 39 3.1000000000000014
      vertex -49.34775906801224 38.76536686718464 3.1000000000000014
      vertex -49.23205080628395 39 3.1000000000000014
    endloop
  endfacet
  facet normal 0 0 1
    outer loop
      vertex -56.5 40 3.1000000000000014
      vertex -56.23894761502743 39.98288971930742 3.1000000000000014
      vertex -47.76105238497257 39.98288971930742 3.1000000000000014
    endloop
  endfacet
  facet normal 0 0 1
    outer loop
      vertex -55.282477140426636 39.586706683039665 3.1000000000000014
      vertex -48.717522859573364 39.586706683039665 3.1000000000000014
      vertex -55.5 39.73205080628395 3.1000000000000014
    endloop
  endfacet
  facet normal 0 0 1
    outer loop
      vertex -55.73463313281536 39.84775906801224 3.1000000000000014
      vertex -55.5 39.73205080628395 3.1000000000000014
      vertex -48.5 39.73205080628395 3.1000000000000014
    endloop
  endfacet
  facet normal 0 0 1
    outer loop
      vertex -55.982361912727356 39.93185165524483 3.1000000000000014
      vertex -55.73463313281536 39.84775906801224 3.1000000000000014
      vertex -48.26536686718464 39.84775906801224 3.1000000000000014
    endloop
  endfacet
  facet normal 0 0 1
    outer loop
      vertex -55.982361912727356 39.93185165524483 3.1000000000000014
      vertex -48.017638087272644 39.93185165524483 3.1000000000000014
      vertex -56.23894761502743 39.98288971930742 3.1000000000000014
    endloop
  endfacet
  facet normal 0 0 1
    outer loop
      vertex -103 43 3.1000000000000014
      vertex -32.5 40 3.1000000000000014
      vertex -23.5 40 3.1000000000000014
    endloop
  endfacet
  facet normal 0 0 1
    outer loop
      vertex -54.913293316960335 39.217522859573364 3.1000000000000014
      vertex -49.23205080628395 39 3.1000000000000014
      vertex -49.086706683039665 39.217522859573364 3.1000000000000014
    endloop
  endfacet
  facet normal 0 0 1
    outer loop
      vertex -55.0857864394784 39.4142135605216 3.1000000000000014
      vertex -49.086706683039665 39.217522859573364 3.1000000000000014
      vertex -48.9142135605216 39.4142135605216 3.1000000000000014
    endloop
  endfacet
  facet normal 0 0 1
    outer loop
      vertex -55.282477140426636 39.586706683039665 3.1000000000000014
      vertex -48.9142135605216 39.4142135605216 3.1000000000000014
      vertex -48.717522859573364 39.586706683039665 3.1000000000000014
    endloop
  endfacet
  facet normal 0 0 1
    outer loop
      vertex -55.5 39.73205080628395 3.1000000000000014
      vertex -48.717522859573364 39.586706683039665 3.1000000000000014
      vertex -48.5 39.73205080628395 3.1000000000000014
    endloop
  endfacet
  facet normal 0 0 1
    outer loop
      vertex -55.73463313281536 39.84775906801224 3.1000000000000014
      vertex -48.5 39.73205080628395 3.1000000000000014
      vertex -48.26536686718464 39.84775906801224 3.1000000000000014
    endloop
  endfacet
  facet normal 0 0 1
    outer loop
      vertex -55.982361912727356 39.93185165524483 3.1000000000000014
      vertex -48.26536686718464 39.84775906801224 3.1000000000000014
      vertex -48.017638087272644 39.93185165524483 3.1000000000000014
    endloop
  endfacet
  facet normal 0 0 1
    outer loop
      vertex -56.23894761502743 39.98288971930742 3.1000000000000014
      vertex -48.017638087272644 39.93185165524483 3.1000000000000014
      vertex -47.76105238497257 39.98288971930742 3.1000000000000014
    endloop
  endfacet
  facet normal 0 0 1
    outer loop
      vertex -56.5 40 3.1000000000000014
      vertex -47.76105238497257 39.98288971930742 3.1000000000000014
      vertex -47.5 40 3.1000000000000014
    endloop
  endfacet
  facet normal 0 1 0
    outer loop
      vertex -103 43 2.5
      vertex -103 43 3.1000000000000014
      vertex 48 43 3.1000000000000014
    endloop
  endfacet
  facet normal 0 0 1
    outer loop
      vertex -103 43 3.1000000000000014
      vertex -23.5 40 3.1000000000000014
      vertex -8.5 40 3.1000000000000014
    endloop
  endfacet
  facet normal 0 0 1
    outer loop
      vertex -103 43 3.1000000000000014
      vertex -8.5 40 3.1000000000000014
      vertex 0.5 40 3.1000000000000014
    endloop
  endfacet
  facet normal 0 0 1
    outer loop
      vertex -30.5 38 3.1000000000000014
      vertex -25.5 38 3.1000000000000014
      vertex -30.517110280692577 38.26105238497257 3.1000000000000014
    endloop
  endfacet
  facet normal 0 0 1
    outer loop
      vertex -30.517110280692577 38.26105238497257 3.1000000000000014
      vertex -25.482889719307423 38.26105238497257 3.1000000000000014
      vertex -30.568148344755173 38.517638087272644 3.1000000000000014
    endloop
  endfacet
  facet normal 0 0 1
    outer loop
      vertex -30.568148344755173 38.517638087272644 3.1000000000000014
      vertex -25.431851655244827 38.517638087272644 3.1000000000000014
      vertex -30.652240931987762 38.76536686718464 3.1000000000000014
    endloop
  endfacet
  facet normal 0 0 1
    outer loop
      vertex -30.652240931987762 38.76536686718464 3.1000000000000014
      vertex -25.347759068012238 38.76536686718464 3.1000000000000014
      vertex -30.76794919371605 39 3.1000000000000014
    endloop
  endfacet
  facet normal 0 0 1
    outer loop
      vertex -30.76794919371605 39 3.1000000000000014
      vertex -25.23205080628395 39 3.1000000000000014
      vertex -30.913293316960335 39.217522859573364 3.1000000000000014
    endloop
  endfacet
  facet normal 0 0 1
    outer loop
      vertex -31.085786439478397 39.4142135605216 3.1000000000000014
      vertex -30.913293316960335 39.217522859573364 3.1000000000000014
      vertex -25.086706683039665 39.217522859573364 3.1000000000000014
    endloop
  endfacet
  facet normal 0 0 1
    outer loop
      vertex -31.282477140426636 39.586706683039665 3.1000000000000014
      vertex -31.085786439478397 39.4142135605216 3.1000000000000014
      vertex -24.914213560521603 39.4142135605216 3.1000000000000014
    endloop
  endfacet
  facet normal 0 0 1
    outer loop
      vertex -31.982361912727356 39.93185165524483 3.1000000000000014
      vertex -31.73463313281536 39.84775906801224 3.1000000000000014
      vertex -24.26536686718464 39.84775906801224 3.1000000000000014
    endloop
  endfacet
  facet normal 0 0 1
    outer loop
      vertex -32.23894761502743 39.98288971930742 3.1000000000000014
      vertex -31.982361912727356 39.93185165524483 3.1000000000000014
      vertex -24.017638087272644 39.93185165524483 3.1000000000000014
    endloop
  endfacet
  facet normal 0 0 1
    outer loop
      vertex -32.5 40 3.1000000000000014
      vertex -32.23894761502743 39.98288971930742 3.1000000000000014
      vertex -23.761052384972572 39.98288971930742 3.1000000000000014
    endloop
  endfacet
  facet normal 0 0 1
    outer loop
      vertex -31.282477140426636 39.586706683039665 3.1000000000000014
      vertex -24.717522859573364 39.586706683039665 3.1000000000000014
      vertex -31.5 39.73205080628395 3.1000000000000014
    endloop
  endfacet
  facet normal 0 0 1
    outer loop
      vertex -31.73463313281536 39.84775906801224 3.1000000000000014
      vertex -31.5 39.73205080628395 3.1000000000000014
      vertex -24.5 39.73205080628395 3.1000000000000014
    endloop
  endfacet
  facet normal 0 0 1
    outer loop
      vertex -103 43 3.1000000000000014
      vertex 0.5 40 3.1000000000000014
      vertex 15.5 40 3.1000000000000014
    endloop
  endfacet
  facet normal 0 0 -1
    outer loop
      vertex -32.23894761502743 -37.98288971930742 0
      vertex -23.761052384972572 -37.98288971930742 0
      vertex -23.5 -38 0
    endloop
  endfacet
  facet normal 0 0 -1
    outer loop
      vertex -31.73463313281536 -37.84775906801224 0
      vertex -24.26536686718464 -37.84775906801224 0
      vertex -24.017638087272644 -37.93185165524483 0
    endloop
  endfacet
  facet normal 0 0 -1
    outer loop
      vertex -31.282477140426636 -37.586706683039665 0
      vertex -24.717522859573364 -37.586706683039665 0
      vertex -24.5 -37.73205080628395 0
    endloop
  endfacet
  facet normal 0 0 -1
    outer loop
      vertex -31.5 -37.73205080628395 0
      vertex -24.5 -37.73205080628395 0
      vertex -24.26536686718464 -37.84775906801224 0
    endloop
  endfacet
  facet normal 0 0 -1
    outer loop
      vertex -31.982361912727356 -37.93185165524483 0
      vertex -24.017638087272644 -37.93185165524483 0
      vertex -23.761052384972572 -37.98288971930742 0
    endloop
  endfacet
  facet normal 0 0 -1
    outer loop
      vertex -85 -39.83870967741935 0
      vertex 0.5 -38 0
      vertex 15.5 -38 0
    endloop
  endfacet
  facet normal 0 0 -1
    outer loop
      vertex -30.913293316960335 -37.217522859573364 0
      vertex -25.086706683039665 -37.217522859573364 0
      vertex -24.914213560521603 -37.4142135605216 0
    endloop
  endfacet
  facet normal 0 0 -1
    outer loop
      vertex -30.76794919371605 -37 0
      vertex -25.23205080628395 -37 0
      vertex -25.086706683039665 -37.217522859573364 0
    endloop
  endfacet
  facet normal 0 0 -1
    outer loop
      vertex -31.085786439478397 -37.4142135605216 0
      vertex -24.914213560521603 -37.4142135605216 0
      vertex -24.717522859573364 -37.586706683039665 0
    endloop
  endfacet
  facet normal 0 0 -1
    outer loop
      vertex -30.652240931987762 -36.76536686718464 0
      vertex -25.347759068012238 -36.76536686718464 0
      vertex -25.23205080628395 -37 0
    endloop
  endfacet
  facet normal 0 0 -1
    outer loop
      vertex -30.568148344755173 -36.517638087272644 0
      vertex -25.431851655244827 -36.517638087272644 0
      vertex -25.347759068012238 -36.76536686718464 0
    endloop
  endfacet
  facet normal 0 0 -1
    outer loop
      vertex -30.517110280692577 -36.26105238497257 0
      vertex -25.482889719307423 -36.26105238497257 0
      vertex -25.431851655244827 -36.517638087272644 0
    endloop
  endfacet
  facet normal 0 0 -1
    outer loop
      vertex -30.5 -36 0
      vertex -25.5 -36 0
      vertex -25.482889719307423 -36.26105238497257 0
    endloop
  endfacet
  facet normal 0 0 -1
    outer loop
      vertex -85 -39.83870967741935 0
      vertex 15.5 -38 0
      vertex 24.238947615027428 -37.98288971930742 0
    endloop
  endfacet
  facet normal 0 0 -1
    outer loop
      vertex -85 -40.576470588235296 0
      vertex 24.238947615027428 -37.98288971930742 0
      vertex 24.5 -38 0
    endloop
  endfacet
  facet normal 0 0 -1
    outer loop
      vertex -85 -41 0
      vertex 24.5 -38 0
      vertex 30 -41 0
    endloop
  endfacet
  facet normal 0 0 -1
    outer loop
      vertex -8.5 -38 0
      vertex -8.238947615027428 -37.98288971930742 0
      vertex 0.23894761502742767 -37.98288971930742 0
    endloop
  endfacet
  facet normal 0 0 -1
    outer loop
      vertex -8.238947615027428 -37.98288971930742 0
      vertex -7.982361912727356 -37.93185165524483 0
      vertex 0.23894761502742767 -37.98288971930742 0
    endloop
  endfacet
  facet normal 0 0 -1
    outer loop
      vertex -7.982361912727356 -37.93185165524483 0
      vertex -7.734633132815361 -37.84775906801224 0
      vertex -0.017638087272644043 -37.93185165524483 0
    endloop
  endfacet
  facet normal 0 0 -1
    outer loop
      vertex -7.734633132815361 -37.84775906801224 0
      vertex -7.5 -37.73205080628395 0
      vertex -0.265366867184639 -37.84775906801224 0
    endloop
  endfacet
  facet normal 0 0 -1
    outer loop
      vertex -7.5 -37.73205080628395 0
      vertex -7.282477140426636 -37.586706683039665 0
      vertex -0.5 -37.73205080628395 0
    endloop
  endfacet
  facet normal 0 0 -1
    outer loop
      vertex -7.282477140426636 -37.586706683039665 0
      vertex -7.085786439478397 -37.4142135605216 0
      vertex -0.7175228595733643 -37.586706683039665 0
    endloop
  endfacet
  facet normal 0 0 -1
    outer loop
      vertex -7.085786439478397 -37.4142135605216 0
      vertex -6.913293316960335 -37.217522859573364 0
      vertex -0.9142135605216026 -37.4142135605216 0
    endloop
  endfacet
  facet normal 0 0 -1
    outer loop
      vertex -6.913293316960335 -37.217522859573364 0
      vertex -6.767949193716049 -37 0
      vertex -1.0867066830396652 -37.217522859573364 0
    endloop
  endfacet
  facet normal 0 0 -1
    outer loop
      vertex -6.767949193716049 -37 0
      vertex -6.6522409319877625 -36.76536686718464 0
      vertex -1.2320508062839508 -37 0
    endloop
  endfacet
  facet normal 0 0 -1
    outer loop
      vertex -6.6522409319877625 -36.76536686718464 0
      vertex -6.568148344755173 -36.517638087272644 0
      vertex -1.3477590680122375 -36.76536686718464 0
    endloop
  endfacet
  facet normal 0 0 -1
    outer loop
      vertex -6.568148344755173 -36.517638087272644 0
      vertex -6.517110280692577 -36.26105238497257 0
      vertex -1.4318516552448273 -36.517638087272644 0
    endloop
  endfacet
  facet normal 0 0 -1
    outer loop
      vertex -6.517110280692577 -36.26105238497257 0
      vertex -6.5 -36 0
      vertex -1.4828897193074226 -36.26105238497257 0
    endloop
  endfacet
  facet normal 0 0 -1
    outer loop
      vertex -7.5 -37.73205080628395 0
      vertex -0.5 -37.73205080628395 0
      vertex -0.265366867184639 -37.84775906801224 0
    endloop
  endfacet
  facet normal 0 0 -1
    outer loop
      vertex -7.282477140426636 -37.586706683039665 0
      vertex -0.7175228595733643 -37.586706683039665 0
      vertex -0.5 -37.73205080628395 0
    endloop
  endfacet
  facet normal 0 0 -1
    outer loop
      vertex -7.982361912727356 -37.93185165524483 0
      vertex -0.017638087272644043 -37.93185165524483 0
      vertex 0.23894761502742767 -37.98288971930742 0
    endloop
  endfacet
  facet normal 0 0 -1
    outer loop
      vertex -7.734633132815361 -37.84775906801224 0
      vertex -0.265366867184639 -37.84775906801224 0
      vertex -0.017638087272644043 -37.93185165524483 0
    endloop
  endfacet
  facet normal 0 0 -1
    outer loop
      vertex -7.085786439478397 -37.4142135605216 0
      vertex -0.9142135605216026 -37.4142135605216 0
      vertex -0.7175228595733643 -37.586706683039665 0
    endloop
  endfacet
  facet normal 0 0 -1
    outer loop
      vertex -6.913293316960335 -37.217522859573364 0
      vertex -1.0867066830396652 -37.217522859573364 0
      vertex -0.9142135605216026 -37.4142135605216 0
    endloop
  endfacet
  facet normal 0 0 -1
    outer loop
      vertex -6.767949193716049 -37 0
      vertex -1.2320508062839508 -37 0
      vertex -1.0867066830396652 -37.217522859573364 0
    endloop
  endfacet
  facet normal 0 0 -1
    outer loop
      vertex -6.6522409319877625 -36.76536686718464 0
      vertex -1.3477590680122375 -36.76536686718464 0
      vertex -1.2320508062839508 -37 0
    endloop
  endfacet
  facet normal 0 0 -1
    outer loop
      vertex -6.568148344755173 -36.517638087272644 0
      vertex -1.4318516552448273 -36.517638087272644 0
      vertex -1.3477590680122375 -36.76536686718464 0
    endloop
  endfacet
  facet normal 0 0 -1
    outer loop
      vertex -6.517110280692577 -36.26105238497257 0
      vertex -1.4828897193074226 -36.26105238497257 0
      vertex -1.4318516552448273 -36.517638087272644 0
    endloop
  endfacet
  facet normal 0 0 -1
    outer loop
      vertex -6.5 -36 0
      vertex -1.5 -36 0
      vertex -1.4828897193074226 -36.26105238497257 0
    endloop
  endfacet
  facet normal 0.5555702203832522 0.8314696207458843 0
    outer loop
      vertex -24.5 -37.73205080628395 0
      vertex -24.717522859573364 -37.586706683039665 0
      vertex -24.717522859573364 -37.586706683039665 3.1000000000000014
    endloop
  endfacet
  facet normal 0.44228870708373325 0.8968727332159228 0
    outer loop
      vertex -24.26536686718464 -37.84775906801224 0
      vertex -24.5 -37.73205080628395 0
      vertex -24.5 -37.73205080628395 3.1000000000000014
    endloop
  endfacet
  facet normal 0.32143945792867507 0.9469301319984065 0
    outer loop
      vertex -24.26536686718464 -37.84775906801224 0
      vertex -24.26536686718464 -37.84775906801224 3.1000000000000014
      vertex -24.017638087272644 -37.93185165524483 0
    endloop
  endfacet
  facet normal 0.06540314219103631 0.9978589223891017 0
    outer loop
      vertex -23.761052384972572 -37.98288971930742 0
      vertex -23.761052384972572 -37.98288971930742 3.1000000000000014
      vertex -23.5 -38 0
    endloop
  endfacet
  facet normal 0.19509030209549946 0.9807852843656897 0
    outer loop
      vertex -24.017638087272644 -37.93185165524483 0
      vertex -24.017638087272644 -37.93185165524483 3.1000000000000014
      vertex -23.761052384972572 -37.98288971930742 0
    endloop
  endfacet
  facet normal 0.8314696207458843 0.5555702203832522 0
    outer loop
      vertex -25.23205080628395 -37 0
      vertex -25.23205080628395 -37 3.1000000000000014
      vertex -25.086706683039665 -37.217522859573364 0
    endloop
  endfacet
  facet normal 0.8968727332159228 0.44228870708373325 0
    outer loop
      vertex -25.23205080628395 -37 0
      vertex -25.347759068012238 -36.76536686718464 0
      vertex -25.347759068012238 -36.76536686718464 3.1000000000000014
    endloop
  endfacet
  facet normal 0.9469301319984065 0.32143945792867507 0
    outer loop
      vertex -25.347759068012238 -36.76536686718464 0
      vertex -25.431851655244827 -36.517638087272644 0
      vertex -25.431851655244827 -36.517638087272644 3.1000000000000014
    endloop
  endfacet
  facet normal 0.9807852843656897 0.19509030209549946 0
    outer loop
      vertex -25.431851655244827 -36.517638087272644 0
      vertex -25.482889719307423 -36.26105238497257 0
      vertex -25.482889719307423 -36.26105238497257 3.1000000000000014
    endloop
  endfacet
  facet normal 0.9978589223891017 0.06540314219103631 0
    outer loop
      vertex -25.482889719307423 -36.26105238497257 0
      vertex -25.5 -36 0
      vertex -25.5 -36 3.1000000000000014
    endloop
  endfacet
  facet normal 0.6593458308664174 0.7518397936522605 0
    outer loop
      vertex -24.914213560521603 -37.4142135605216 0
      vertex -24.914213560521603 -37.4142135605216 3.1000000000000014
      vertex -24.717522859573364 -37.586706683039665 0
    endloop
  endfacet
  facet normal 0.7518397936522605 0.6593458308664174 0
    outer loop
      vertex -24.914213560521603 -37.4142135605216 0
      vertex -25.086706683039665 -37.217522859573364 0
      vertex -25.086706683039665 -37.217522859573364 3.1000000000000014
    endloop
  endfacet
  facet normal 0 1 0
    outer loop
      vertex -23.5 -38 0
      vertex -23.5 -38 3.1000000000000014
      vertex -8.5 -38 0
    endloop
  endfacet
  facet normal 0 -1 0
    outer loop
      vertex -85 -41 0
      vertex 30 -41 0
      vertex 30 -41 2.5
    endloop
  endfacet
  facet normal -0.06540314219103631 0.9978589223891017 0
    outer loop
      vertex -8.5 -38 0
      vertex -8.5 -38 3.1000000000000014
      vertex -8.238947615027428 -37.98288971930742 0
    endloop
  endfacet
  facet normal -0.19509030209549946 0.9807852843656897 0
    outer loop
      vertex -8.238947615027428 -37.98288971930742 0
      vertex -8.238947615027428 -37.98288971930742 3.1000000000000014
      vertex -7.982361912727356 -37.93185165524483 0
    endloop
  endfacet
  facet normal -0.32143945792867507 0.9469301319984065 0
    outer loop
      vertex -7.982361912727356 -37.93185165524483 0
      vertex -7.982361912727356 -37.93185165524483 3.1000000000000014
      vertex -7.734633132815361 -37.84775906801224 0
    endloop
  endfacet
  facet normal -0.44228870708373325 0.8968727332159228 0
    outer loop
      vertex -7.734633132815361 -37.84775906801224 0
      vertex -7.734633132815361 -37.84775906801224 3.1000000000000014
      vertex -7.5 -37.73205080628395 0
    endloop
  endfacet
  facet normal -0.5555702203832522 0.8314696207458843 0
    outer loop
      vertex -7.5 -37.73205080628395 0
      vertex -7.5 -37.73205080628395 3.1000000000000014
      vertex -7.282477140426636 -37.586706683039665 0
    endloop
  endfacet
  facet normal -0.6593458308664174 0.7518397936522605 0
    outer loop
      vertex -7.282477140426636 -37.586706683039665 0
      vertex -7.282477140426636 -37.586706683039665 3.1000000000000014
      vertex -7.085786439478397 -37.4142135605216 0
    endloop
  endfacet
  facet normal -0.7518397936522605 0.6593458308664174 0
    outer loop
      vertex -7.085786439478397 -37.4142135605216 0
      vertex -7.085786439478397 -37.4142135605216 3.1000000000000014
      vertex -6.913293316960335 -37.217522859573364 0
    endloop
  endfacet
  facet normal -0.8314696207458843 0.5555702203832522 0
    outer loop
      vertex -6.913293316960335 -37.217522859573364 0
      vertex -6.913293316960335 -37.217522859573364 3.1000000000000014
      vertex -6.767949193716049 -37 0
    endloop
  endfacet
  facet normal -0.8968727332159228 0.44228870708373325 0
    outer loop
      vertex -6.767949193716049 -37 0
      vertex -6.767949193716049 -37 3.1000000000000014
      vertex -6.6522409319877625 -36.76536686718464 0
    endloop
  endfacet
  facet normal -0.9469301319984065 0.32143945792867507 0
    outer loop
      vertex -6.6522409319877625 -36.76536686718464 0
      vertex -6.6522409319877625 -36.76536686718464 3.1000000000000014
      vertex -6.568148344755173 -36.517638087272644 0
    endloop
  endfacet
  facet normal -0.9807852843656897 0.19509030209549946 0
    outer loop
      vertex -6.568148344755173 -36.517638087272644 0
      vertex -6.568148344755173 -36.517638087272644 3.1000000000000014
      vertex -6.517110280692577 -36.26105238497257 0
    endloop
  endfacet
  facet normal -0.9978589223891017 0.06540314219103631 0
    outer loop
      vertex -6.517110280692577 -36.26105238497257 0
      vertex -6.517110280692577 -36.26105238497257 3.1000000000000014
      vertex -6.5 -36 0
    endloop
  endfacet
  facet normal 0.5555702203832522 0.8314696207458843 0
    outer loop
      vertex -0.5 -37.73205080628395 0
      vertex -0.7175228595733643 -37.586706683039665 0
      vertex -0.7175228595733643 -37.586706683039665 3.1000000000000014
    endloop
  endfacet
  facet normal 0.44228870708373325 0.8968727332159228 0
    outer loop
      vertex -0.5 -37.73205080628395 0
      vertex -0.5 -37.73205080628395 3.1000000000000014
      vertex -0.265366867184639 -37.84775906801224 0
    endloop
  endfacet
  facet normal 0.32143945792867507 0.9469301319984065 0
    outer loop
      vertex -0.265366867184639 -37.84775906801224 0
      vertex -0.265366867184639 -37.84775906801224 3.1000000000000014
      vertex -0.017638087272644043 -37.93185165524483 0
    endloop
  endfacet
  facet normal 0.19509030209549946 0.9807852843656897 0
    outer loop
      vertex -0.017638087272644043 -37.93185165524483 0
      vertex -0.017638087272644043 -37.93185165524483 3.1000000000000014
      vertex 0.23894761502742767 -37.98288971930742 0
    endloop
  endfacet
  facet normal 0.06540314219103631 0.9978589223891017 0
    outer loop
      vertex 0.23894761502742767 -37.98288971930742 0
      vertex 0.23894761502742767 -37.98288971930742 3.1000000000000014
      vertex 0.5 -38 0
    endloop
  endfacet
  facet normal 0.7518397936522605 0.6593458308664174 0
    outer loop
      vertex -1.0867066830396652 -37.217522859573364 0
      vertex -1.0867066830396652 -37.217522859573364 3.1000000000000014
      vertex -0.9142135605216026 -37.4142135605216 0
    endloop
  endfacet
  facet normal 0.8314696207458843 0.5555702203832522 0
    outer loop
      vertex -1.0867066830396652 -37.217522859573364 0
      vertex -1.2320508062839508 -37 0
      vertex -1.2320508062839508 -37 3.1000000000000014
    endloop
  endfacet
  facet normal 0.6593458308664174 0.7518397936522605 0
    outer loop
      vertex -0.9142135605216026 -37.4142135605216 0
      vertex -0.9142135605216026 -37.4142135605216 3.1000000000000014
      vertex -0.7175228595733643 -37.586706683039665 0
    endloop
  endfacet
  facet normal 0.8968727332159228 0.44228870708373325 0
    outer loop
      vertex -1.2320508062839508 -37 0
      vertex -1.3477590680122375 -36.76536686718464 0
      vertex -1.3477590680122375 -36.76536686718464 3.1000000000000014
    endloop
  endfacet
  facet normal 0.9469301319984065 0.32143945792867507 0
    outer loop
      vertex -1.3477590680122375 -36.76536686718464 0
      vertex -1.4318516552448273 -36.517638087272644 0
      vertex -1.4318516552448273 -36.517638087272644 3.1000000000000014
    endloop
  endfacet
  facet normal 0.9807852843656897 0.19509030209549946 0
    outer loop
      vertex -1.4318516552448273 -36.517638087272644 0
      vertex -1.4828897193074226 -36.26105238497257 0
      vertex -1.4828897193074226 -36.26105238497257 3.1000000000000014
    endloop
  endfacet
  facet normal 0.9978589223891017 0.06540314219103631 0
    outer loop
      vertex -1.4828897193074226 -36.26105238497257 0
      vertex -1.5 -36 0
      vertex -1.5 -36 3.1000000000000014
    endloop
  endfacet
  facet normal 0 1 0
    outer loop
      vertex 0.5 -38 0
      vertex 0.5 -38 3.1000000000000014
      vertex 15.5 -38 0
    endloop
  endfacet
  facet normal 0 0 -1
    outer loop
      vertex -6.5 -36 0
      vertex -6.5 38 0
      vertex -1.5 -36 0
    endloop
  endfacet
  facet normal -1 0 0
    outer loop
      vertex -6.5 -36 0
      vertex -6.5 -36 3.1000000000000014
      vertex -6.5 38 0
    endloop
  endfacet
  facet normal 0 0 -1
    outer loop
      vertex 15.5 -38 0
      vertex 15.761052384972572 -37.98288971930742 0
      vertex 24.238947615027428 -37.98288971930742 0
    endloop
  endfacet
  facet normal 0 0 -1
    outer loop
      vertex 15.761052384972572 -37.98288971930742 0
      vertex 16.017638087272644 -37.93185165524483 0
      vertex 24.238947615027428 -37.98288971930742 0
    endloop
  endfacet
  facet normal 0 0 -1
    outer loop
      vertex 16.017638087272644 -37.93185165524483 0
      vertex 16.26536686718464 -37.84775906801224 0
      vertex 23.982361912727356 -37.93185165524483 0
    endloop
  endfacet
  facet normal 0 0 -1
    outer loop
      vertex 16.26536686718464 -37.84775906801224 0
      vertex 16.5 -37.73205080628395 0
      vertex 23.73463313281536 -37.84775906801224 0
    endloop
  endfacet
  facet normal 0 0 -1
    outer loop
      vertex 16.5 -37.73205080628395 0
      vertex 16.717522859573364 -37.586706683039665 0
      vertex 23.5 -37.73205080628395 0
    endloop
  endfacet
  facet normal 0 0 -1
    outer loop
      vertex 16.717522859573364 -37.586706683039665 0
      vertex 16.914213560521603 -37.4142135605216 0
      vertex 23.282477140426636 -37.586706683039665 0
    endloop
  endfacet
  facet normal 0 0 -1
    outer loop
      vertex 16.914213560521603 -37.4142135605216 0
      vertex 17.086706683039665 -37.217522859573364 0
      vertex 23.085786439478397 -37.4142135605216 0
    endloop
  endfacet
  facet normal 0 0 -1
    outer loop
      vertex 17.086706683039665 -37.217522859573364 0
      vertex 17.23205080628395 -37 0
      vertex 22.913293316960335 -37.217522859573364 0
    endloop
  endfacet
  facet normal 0 0 -1
    outer loop
      vertex 17.23205080628395 -37 0
      vertex 17.347759068012238 -36.76536686718464 0
      vertex 22.76794919371605 -37 0
    endloop
  endfacet
  facet normal 0 0 -1
    outer loop
      vertex 17.347759068012238 -36.76536686718464 0
      vertex 17.431851655244827 -36.517638087272644 0
      vertex 22.652240931987762 -36.76536686718464 0
    endloop
  endfacet
  facet normal 0 0 -1
    outer loop
      vertex 17.431851655244827 -36.517638087272644 0
      vertex 17.482889719307423 -36.26105238497257 0
      vertex 22.568148344755173 -36.517638087272644 0
    endloop
  endfacet
  facet normal 0 0 -1
    outer loop
      vertex 17.482889719307423 -36.26105238497257 0
      vertex 17.5 -36 0
      vertex 22.517110280692577 -36.26105238497257 0
    endloop
  endfacet
  facet normal 0 0 -1
    outer loop
      vertex 16.017638087272644 -37.93185165524483 0
      vertex 23.982361912727356 -37.93185165524483 0
      vertex 24.238947615027428 -37.98288971930742 0
    endloop
  endfacet
  facet normal 0 0 -1
    outer loop
      vertex 16.26536686718464 -37.84775906801224 0
      vertex 23.73463313281536 -37.84775906801224 0
      vertex 23.982361912727356 -37.93185165524483 0
    endloop
  endfacet
  facet normal 0 0 -1
    outer loop
      vertex 16.5 -37.73205080628395 0
      vertex 23.5 -37.73205080628395 0
      vertex 23.73463313281536 -37.84775906801224 0
    endloop
  endfacet
  facet normal 0 0 -1
    outer loop
      vertex 16.717522859573364 -37.586706683039665 0
      vertex 23.282477140426636 -37.586706683039665 0
      vertex 23.5 -37.73205080628395 0
    endloop
  endfacet
  facet normal 0 0 -1
    outer loop
      vertex 17.482889719307423 -36.26105238497257 0
      vertex 22.517110280692577 -36.26105238497257 0
      vertex 22.568148344755173 -36.517638087272644 0
    endloop
  endfacet
  facet normal 0 0 -1
    outer loop
      vertex 16.914213560521603 -37.4142135605216 0
      vertex 23.085786439478397 -37.4142135605216 0
      vertex 23.282477140426636 -37.586706683039665 0
    endloop
  endfacet
  facet normal 0 0 -1
    outer loop
      vertex 17.086706683039665 -37.217522859573364 0
      vertex 22.913293316960335 -37.217522859573364 0
      vertex 23.085786439478397 -37.4142135605216 0
    endloop
  endfacet
  facet normal 0 0 -1
    outer loop
      vertex 17.23205080628395 -37 0
      vertex 22.76794919371605 -37 0
      vertex 22.913293316960335 -37.217522859573364 0
    endloop
  endfacet
  facet normal 0 0 -1
    outer loop
      vertex 17.347759068012238 -36.76536686718464 0
      vertex 22.652240931987762 -36.76536686718464 0
      vertex 22.76794919371605 -37 0
    endloop
  endfacet
  facet normal 0 0 -1
    outer loop
      vertex 17.431851655244827 -36.517638087272644 0
      vertex 22.568148344755173 -36.517638087272644 0
      vertex 22.652240931987762 -36.76536686718464 0
    endloop
  endfacet
  facet normal 0 0 -1
    outer loop
      vertex 17.5 -36 0
      vertex 22.5 -36 0
      vertex 22.517110280692577 -36.26105238497257 0
    endloop
  endfacet
  facet normal 0 0 -1
    outer loop
      vertex 24.5 -38 0
      vertex 36.250000000000014 -39.5 0
      vertex 30 -41 0
    endloop
  endfacet
  facet normal 0 0 -1
    outer loop
      vertex 24.5 -38 0
      vertex 45 -38 0
      vertex 36.250000000000014 -39.5 0
    endloop
  endfacet
  facet normal 0 0 -1
    outer loop
      vertex 36.250000000000014 -39.5 0
      vertex 45 -38 0
      vertex 48 -39.5 0
    endloop
  endfacet
  facet normal -0.06540314219103631 0.9978589223891017 0
    outer loop
      vertex 15.5 -38 0
      vertex 15.5 -38 3.1000000000000014
      vertex 15.761052384972572 -37.98288971930742 0
    endloop
  endfacet
  facet normal -0.19509030209549946 0.9807852843656897 0
    outer loop
      vertex 15.761052384972572 -37.98288971930742 0
      vertex 15.761052384972572 -37.98288971930742 3.1000000000000014
      vertex 16.017638087272644 -37.93185165524483 0
    endloop
  endfacet
  facet normal -0.32143945792867507 0.9469301319984065 0
    outer loop
      vertex 16.017638087272644 -37.93185165524483 0
      vertex 16.017638087272644 -37.93185165524483 3.1000000000000014
      vertex 16.26536686718464 -37.84775906801224 0
    endloop
  endfacet
  facet normal -0.44228870708373325 0.8968727332159228 0
    outer loop
      vertex 16.26536686718464 -37.84775906801224 0
      vertex 16.26536686718464 -37.84775906801224 3.1000000000000014
      vertex 16.5 -37.73205080628395 0
    endloop
  endfacet
  facet normal -0.5555702203832522 0.8314696207458843 0
    outer loop
      vertex 16.5 -37.73205080628395 0
      vertex 16.5 -37.73205080628395 3.1000000000000014
      vertex 16.717522859573364 -37.586706683039665 0
    endloop
  endfacet
  facet normal -0.6593458308664174 0.7518397936522605 0
    outer loop
      vertex 16.717522859573364 -37.586706683039665 0
      vertex 16.717522859573364 -37.586706683039665 3.1000000000000014
      vertex 16.914213560521603 -37.4142135605216 0
    endloop
  endfacet
  facet normal -0.7518397936522605 0.6593458308664174 0
    outer loop
      vertex 16.914213560521603 -37.4142135605216 0
      vertex 16.914213560521603 -37.4142135605216 3.1000000000000014
      vertex 17.086706683039665 -37.217522859573364 0
    endloop
  endfacet
  facet normal -0.8314696207458843 0.5555702203832522 0
    outer loop
      vertex 17.086706683039665 -37.217522859573364 0
      vertex 17.086706683039665 -37.217522859573364 3.1000000000000014
      vertex 17.23205080628395 -37 0
    endloop
  endfacet
  facet normal -0.8968727332159228 0.44228870708373325 0
    outer loop
      vertex 17.23205080628395 -37 0
      vertex 17.23205080628395 -37 3.1000000000000014
      vertex 17.347759068012238 -36.76536686718464 0
    endloop
  endfacet
  facet normal -0.9469301319984065 0.32143945792867507 0
    outer loop
      vertex 17.347759068012238 -36.76536686718464 0
      vertex 17.347759068012238 -36.76536686718464 3.1000000000000014
      vertex 17.431851655244827 -36.517638087272644 0
    endloop
  endfacet
  facet normal -0.9807852843656897 0.19509030209549946 0
    outer loop
      vertex 17.431851655244827 -36.517638087272644 0
      vertex 17.431851655244827 -36.517638087272644 3.1000000000000014
      vertex 17.482889719307423 -36.26105238497257 0
    endloop
  endfacet
  facet normal -0.9978589223891017 0.06540314219103631 0
    outer loop
      vertex 17.482889719307423 -36.26105238497257 0
      vertex 17.482889719307423 -36.26105238497257 3.1000000000000014
      vertex 17.5 -36 0
    endloop
  endfacet
  facet normal 0.5555702203832522 0.8314696207458843 0
    outer loop
      vertex 23.5 -37.73205080628395 0
      vertex 23.282477140426636 -37.586706683039665 0
      vertex 23.282477140426636 -37.586706683039665 3.1000000000000014
    endloop
  endfacet
  facet normal 0.44228870708373325 0.8968727332159228 0
    outer loop
      vertex 23.5 -37.73205080628395 0
      vertex 23.5 -37.73205080628395 3.1000000000000014
      vertex 23.73463313281536 -37.84775906801224 0
    endloop
  endfacet
  facet normal 0.06540314219103631 0.9978589223891017 0
    outer loop
      vertex 24.238947615027428 -37.98288971930742 0
      vertex 24.238947615027428 -37.98288971930742 3.1000000000000014
      vertex 24.5 -38 0
    endloop
  endfacet
  facet normal 0.32143945792867507 0.9469301319984065 0
    outer loop
      vertex 23.73463313281536 -37.84775906801224 0
      vertex 23.73463313281536 -37.84775906801224 3.1000000000000014
      vertex 23.982361912727356 -37.93185165524483 0
    endloop
  endfacet
  facet normal 0.19509030209549946 0.9807852843656897 0
    outer loop
      vertex 24.238947615027428 -37.98288971930742 0
      vertex 23.982361912727356 -37.93185165524483 0
      vertex 23.982361912727356 -37.93185165524483 3.1000000000000014
    endloop
  endfacet
  facet normal 0.6593458308664174 0.7518397936522605 0
    outer loop
      vertex 23.085786439478397 -37.4142135605216 0
      vertex 23.085786439478397 -37.4142135605216 3.1000000000000014
      vertex 23.282477140426636 -37.586706683039665 0
    endloop
  endfacet
  facet normal 0.7518397936522605 0.6593458308664174 0
    outer loop
      vertex 23.085786439478397 -37.4142135605216 0
      vertex 22.913293316960335 -37.217522859573364 0
      vertex 22.913293316960335 -37.217522859573364 3.1000000000000014
    endloop
  endfacet
  facet normal 0.8314696207458843 0.5555702203832522 0
    outer loop
      vertex 22.913293316960335 -37.217522859573364 0
      vertex 22.76794919371605 -37 0
      vertex 22.76794919371605 -37 3.1000000000000014
    endloop
  endfacet
  facet normal 0.9469301319984065 0.32143945792867507 0
    outer loop
      vertex 22.568148344755173 -36.517638087272644 0
      vertex 22.568148344755173 -36.517638087272644 3.1000000000000014
      vertex 22.652240931987762 -36.76536686718464 0
    endloop
  endfacet
  facet normal 0.9807852843656897 0.19509030209549946 0
    outer loop
      vertex 22.568148344755173 -36.517638087272644 0
      vertex 22.517110280692577 -36.26105238497257 0
      vertex 22.517110280692577 -36.26105238497257 3.1000000000000014
    endloop
  endfacet
  facet normal 0.8968727332159228 0.44228870708373325 0
    outer loop
      vertex 22.76794919371605 -37 0
      vertex 22.652240931987762 -36.76536686718464 0
      vertex 22.652240931987762 -36.76536686718464 3.1000000000000014
    endloop
  endfacet
  facet normal 0.9978589223891017 0.06540314219103631 0
    outer loop
      vertex 22.517110280692577 -36.26105238497257 0
      vertex 22.5 -36 0
      vertex 22.5 -36 3.1000000000000014
    endloop
  endfacet
  facet normal 0 1 0
    outer loop
      vertex 24.5 -38 0
      vertex 24.5 -38 3.1000000000000014
      vertex 45 -38 0
    endloop
  endfacet
  facet normal 0 0 -1
    outer loop
      vertex 17.5 -36 0
      vertex 17.5 38 0
      vertex 22.5 -36 0
    endloop
  endfacet
  facet normal 0 0 -1
    outer loop
      vertex 45 -38 0
      vertex 45 40 0
      vertex 48 -39.5 0
    endloop
  endfacet
  facet normal -1 0 0
    outer loop
      vertex 17.5 -36 0
      vertex 17.5 -36 3.1000000000000014
      vertex 17.5 38 0
    endloop
  endfacet
  facet normal 1 0 0
    outer loop
      vertex 48 -39.5 0
      vertex 48 41.5 0.05535714285714022
      vertex 48 -39.5 2.5
    endloop
  endfacet
  facet normal -1 0 0
    outer loop
      vertex 45 -38 0
      vertex 45 -38 3.1000000000000014
      vertex 45 40 0
    endloop
  endfacet
  facet normal 0.5555702203832522 0.8314696207458843 0
    outer loop
      vertex -24.5 -37.73205080628395 0
      vertex -24.717522859573364 -37.586706683039665 3.1000000000000014
      vertex -24.5 -37.73205080628395 3.1000000000000014
    endloop
  endfacet
  facet normal 0.44228870708373325 0.8968727332159228 0
    outer loop
      vertex -24.26536686718464 -37.84775906801224 0
      vertex -24.5 -37.73205080628395 3.1000000000000014
      vertex -24.26536686718464 -37.84775906801224 3.1000000000000014
    endloop
  endfacet
  facet normal 0.32143945792867507 0.9469301319984065 0
    outer loop
      vertex -24.017638087272644 -37.93185165524483 0
      vertex -24.26536686718464 -37.84775906801224 3.1000000000000014
      vertex -24.017638087272644 -37.93185165524483 3.1000000000000014
    endloop
  endfacet
  facet normal 0.19509030209549946 0.9807852843656897 0
    outer loop
      vertex -23.761052384972572 -37.98288971930742 0
      vertex -24.017638087272644 -37.93185165524483 3.1000000000000014
      vertex -23.761052384972572 -37.98288971930742 3.1000000000000014
    endloop
  endfacet
  facet normal 0.06540314219103631 0.9978589223891017 0
    outer loop
      vertex -23.5 -38 0
      vertex -23.761052384972572 -37.98288971930742 3.1000000000000014
      vertex -23.5 -38 3.1000000000000014
    endloop
  endfacet
  facet normal 0.8968727332159228 0.44228870708373325 0
    outer loop
      vertex -25.23205080628395 -37 0
      vertex -25.347759068012238 -36.76536686718464 3.1000000000000014
      vertex -25.23205080628395 -37 3.1000000000000014
    endloop
  endfacet
  facet normal 0.9469301319984065 0.32143945792867507 0
    outer loop
      vertex -25.347759068012238 -36.76536686718464 0
      vertex -25.431851655244827 -36.517638087272644 3.1000000000000014
      vertex -25.347759068012238 -36.76536686718464 3.1000000000000014
    endloop
  endfacet
  facet normal 0.9807852843656897 0.19509030209549946 0
    outer loop
      vertex -25.431851655244827 -36.517638087272644 0
      vertex -25.482889719307423 -36.26105238497257 3.1000000000000014
      vertex -25.431851655244827 -36.517638087272644 3.1000000000000014
    endloop
  endfacet
  facet normal 0.9978589223891017 0.06540314219103631 0
    outer loop
      vertex -25.482889719307423 -36.26105238497257 0
      vertex -25.5 -36 3.1000000000000014
      vertex -25.482889719307423 -36.26105238497257 3.1000000000000014
    endloop
  endfacet
  facet normal 0.7518397936522605 0.6593458308664174 0
    outer loop
      vertex -24.914213560521603 -37.4142135605216 0
      vertex -25.086706683039665 -37.217522859573364 3.1000000000000014
      vertex -24.914213560521603 -37.4142135605216 3.1000000000000014
    endloop
  endfacet
  facet normal 0.6593458308664174 0.7518397936522605 0
    outer loop
      vertex -24.717522859573364 -37.586706683039665 0
      vertex -24.914213560521603 -37.4142135605216 3.1000000000000014
      vertex -24.717522859573364 -37.586706683039665 3.1000000000000014
    endloop
  endfacet
  facet normal 0.8314696207458843 0.5555702203832522 0
    outer loop
      vertex -25.086706683039665 -37.217522859573364 0
      vertex -25.23205080628395 -37 3.1000000000000014
      vertex -25.086706683039665 -37.217522859573364 3.1000000000000014
    endloop
  endfacet
  facet normal 0 1 0
    outer loop
      vertex -8.5 -38 0
      vertex -23.5 -38 3.1000000000000014
      vertex -8.5 -38 3.1000000000000014
    endloop
  endfacet
  facet normal -0.06540314219103631 0.9978589223891017 0
    outer loop
      vertex -8.238947615027428 -37.98288971930742 0
      vertex -8.5 -38 3.1000000000000014
      vertex -8.238947615027428 -37.98288971930742 3.1000000000000014
    endloop
  endfacet
  facet normal -0.19509030209549946 0.9807852843656897 0
    outer loop
      vertex -7.982361912727356 -37.93185165524483 0
      vertex -8.238947615027428 -37.98288971930742 3.1000000000000014
      vertex -7.982361912727356 -37.93185165524483 3.1000000000000014
    endloop
  endfacet
  facet normal -0.32143945792867507 0.9469301319984065 0
    outer loop
      vertex -7.734633132815361 -37.84775906801224 0
      vertex -7.982361912727356 -37.93185165524483 3.1000000000000014
      vertex -7.734633132815361 -37.84775906801224 3.1000000000000014
    endloop
  endfacet
  facet normal -0.44228870708373325 0.8968727332159228 0
    outer loop
      vertex -7.5 -37.73205080628395 0
      vertex -7.734633132815361 -37.84775906801224 3.1000000000000014
      vertex -7.5 -37.73205080628395 3.1000000000000014
    endloop
  endfacet
  facet normal -0.5555702203832522 0.8314696207458843 0
    outer loop
      vertex -7.282477140426636 -37.586706683039665 0
      vertex -7.5 -37.73205080628395 3.1000000000000014
      vertex -7.282477140426636 -37.586706683039665 3.1000000000000014
    endloop
  endfacet
  facet normal -0.6593458308664174 0.7518397936522605 0
    outer loop
      vertex -7.085786439478397 -37.4142135605216 0
      vertex -7.282477140426636 -37.586706683039665 3.1000000000000014
      vertex -7.085786439478397 -37.4142135605216 3.1000000000000014
    endloop
  endfacet
  facet normal -0.7518397936522605 0.6593458308664174 0
    outer loop
      vertex -6.913293316960335 -37.217522859573364 0
      vertex -7.085786439478397 -37.4142135605216 3.1000000000000014
      vertex -6.913293316960335 -37.217522859573364 3.1000000000000014
    endloop
  endfacet
  facet normal -0.8314696207458843 0.5555702203832522 0
    outer loop
      vertex -6.767949193716049 -37 0
      vertex -6.913293316960335 -37.217522859573364 3.1000000000000014
      vertex -6.767949193716049 -37 3.1000000000000014
    endloop
  endfacet
  facet normal -0.8968727332159228 0.44228870708373325 0
    outer loop
      vertex -6.6522409319877625 -36.76536686718464 0
      vertex -6.767949193716049 -37 3.1000000000000014
      vertex -6.6522409319877625 -36.76536686718464 3.1000000000000014
    endloop
  endfacet
  facet normal -0.9469301319984065 0.32143945792867507 0
    outer loop
      vertex -6.568148344755173 -36.517638087272644 0
      vertex -6.6522409319877625 -36.76536686718464 3.1000000000000014
      vertex -6.568148344755173 -36.517638087272644 3.1000000000000014
    endloop
  endfacet
  facet normal -0.9807852843656897 0.19509030209549946 0
    outer loop
      vertex -6.517110280692577 -36.26105238497257 0
      vertex -6.568148344755173 -36.517638087272644 3.1000000000000014
      vertex -6.517110280692577 -36.26105238497257 3.1000000000000014
    endloop
  endfacet
  facet normal -0.9978589223891017 0.06540314219103631 0
    outer loop
      vertex -6.5 -36 0
      vertex -6.517110280692577 -36.26105238497257 3.1000000000000014
      vertex -6.5 -36 3.1000000000000014
    endloop
  endfacet
  facet normal 0.5555702203832522 0.8314696207458843 0
    outer loop
      vertex -0.5 -37.73205080628395 0
      vertex -0.7175228595733643 -37.586706683039665 3.1000000000000014
      vertex -0.5 -37.73205080628395 3.1000000000000014
    endloop
  endfacet
  facet normal 0.19509030209549946 0.9807852843656897 0
    outer loop
      vertex 0.23894761502742767 -37.98288971930742 0
      vertex -0.017638087272644043 -37.93185165524483 3.1000000000000014
      vertex 0.23894761502742767 -37.98288971930742 3.1000000000000014
    endloop
  endfacet
  facet normal 0.44228870708373325 0.8968727332159228 0
    outer loop
      vertex -0.265366867184639 -37.84775906801224 0
      vertex -0.5 -37.73205080628395 3.1000000000000014
      vertex -0.265366867184639 -37.84775906801224 3.1000000000000014
    endloop
  endfacet
  facet normal 0.32143945792867507 0.9469301319984065 0
    outer loop
      vertex -0.017638087272644043 -37.93185165524483 0
      vertex -0.265366867184639 -37.84775906801224 3.1000000000000014
      vertex -0.017638087272644043 -37.93185165524483 3.1000000000000014
    endloop
  endfacet
  facet normal 0.06540314219103631 0.9978589223891017 0
    outer loop
      vertex 0.5 -38 0
      vertex 0.23894761502742767 -37.98288971930742 3.1000000000000014
      vertex 0.5 -38 3.1000000000000014
    endloop
  endfacet
  facet normal 0.7518397936522605 0.6593458308664174 0
    outer loop
      vertex -0.9142135605216026 -37.4142135605216 0
      vertex -1.0867066830396652 -37.217522859573364 3.1000000000000014
      vertex -0.9142135605216026 -37.4142135605216 3.1000000000000014
    endloop
  endfacet
  facet normal 0.8968727332159228 0.44228870708373325 0
    outer loop
      vertex -1.2320508062839508 -37 0
      vertex -1.3477590680122375 -36.76536686718464 3.1000000000000014
      vertex -1.2320508062839508 -37 3.1000000000000014
    endloop
  endfacet
  facet normal 0.8314696207458843 0.5555702203832522 0
    outer loop
      vertex -1.0867066830396652 -37.217522859573364 0
      vertex -1.2320508062839508 -37 3.1000000000000014
      vertex -1.0867066830396652 -37.217522859573364 3.1000000000000014
    endloop
  endfacet
  facet normal 0.6593458308664174 0.7518397936522605 0
    outer loop
      vertex -0.7175228595733643 -37.586706683039665 0
      vertex -0.9142135605216026 -37.4142135605216 3.1000000000000014
      vertex -0.7175228595733643 -37.586706683039665 3.1000000000000014
    endloop
  endfacet
  facet normal 0.9469301319984065 0.32143945792867507 0
    outer loop
      vertex -1.3477590680122375 -36.76536686718464 0
      vertex -1.4318516552448273 -36.517638087272644 3.1000000000000014
      vertex -1.3477590680122375 -36.76536686718464 3.1000000000000014
    endloop
  endfacet
  facet normal 0.9807852843656897 0.19509030209549946 0
    outer loop
      vertex -1.4318516552448273 -36.517638087272644 0
      vertex -1.4828897193074226 -36.26105238497257 3.1000000000000014
      vertex -1.4318516552448273 -36.517638087272644 3.1000000000000014
    endloop
  endfacet
  facet normal 0.9978589223891017 0.06540314219103631 0
    outer loop
      vertex -1.4828897193074226 -36.26105238497257 0
      vertex -1.5 -36 3.1000000000000014
      vertex -1.4828897193074226 -36.26105238497257 3.1000000000000014
    endloop
  endfacet
  facet normal 0 0 1
    outer loop
      vertex -32.23894761502743 -37.98288971930742 3.1000000000000014
      vertex -23.5 -38 3.1000000000000014
      vertex -23.761052384972572 -37.98288971930742 3.1000000000000014
    endloop
  endfacet
  facet normal 0 0 1
    outer loop
      vertex -31.73463313281536 -37.84775906801224 3.1000000000000014
      vertex -24.017638087272644 -37.93185165524483 3.1000000000000014
      vertex -24.26536686718464 -37.84775906801224 3.1000000000000014
    endloop
  endfacet
  facet normal 0 0 1
    outer loop
      vertex -31.282477140426636 -37.586706683039665 3.1000000000000014
      vertex -24.5 -37.73205080628395 3.1000000000000014
      vertex -24.717522859573364 -37.586706683039665 3.1000000000000014
    endloop
  endfacet
  facet normal 0 0 1
    outer loop
      vertex -31.5 -37.73205080628395 3.1000000000000014
      vertex -24.26536686718464 -37.84775906801224 3.1000000000000014
      vertex -24.5 -37.73205080628395 3.1000000000000014
    endloop
  endfacet
  facet normal 0 0 1
    outer loop
      vertex -31.982361912727356 -37.93185165524483 3.1000000000000014
      vertex -23.761052384972572 -37.98288971930742 3.1000000000000014
      vertex -24.017638087272644 -37.93185165524483 3.1000000000000014
    endloop
  endfacet
  facet normal 0 0 1
    outer loop
      vertex -30.913293316960335 -37.217522859573364 3.1000000000000014
      vertex -24.914213560521603 -37.4142135605216 3.1000000000000014
      vertex -25.086706683039665 -37.217522859573364 3.1000000000000014
    endloop
  endfacet
  facet normal 0 0 1
    outer loop
      vertex -30.76794919371605 -37 3.1000000000000014
      vertex -25.086706683039665 -37.217522859573364 3.1000000000000014
      vertex -25.23205080628395 -37 3.1000000000000014
    endloop
  endfacet
  facet normal 0 0 1
    outer loop
      vertex -31.085786439478397 -37.4142135605216 3.1000000000000014
      vertex -24.717522859573364 -37.586706683039665 3.1000000000000014
      vertex -24.914213560521603 -37.4142135605216 3.1000000000000014
    endloop
  endfacet
  facet normal 0 0 1
    outer loop
      vertex -30.652240931987762 -36.76536686718464 3.1000000000000014
      vertex -25.23205080628395 -37 3.1000000000000014
      vertex -25.347759068012238 -36.76536686718464 3.1000000000000014
    endloop
  endfacet
  facet normal 0 0 1
    outer loop
      vertex -30.568148344755173 -36.517638087272644 3.1000000000000014
      vertex -25.347759068012238 -36.76536686718464 3.1000000000000014
      vertex -25.431851655244827 -36.517638087272644 3.1000000000000014
    endloop
  endfacet
  facet normal 0 0 1
    outer loop
      vertex -30.517110280692577 -36.26105238497257 3.1000000000000014
      vertex -25.431851655244827 -36.517638087272644 3.1000000000000014
      vertex -25.482889719307423 -36.26105238497257 3.1000000000000014
    endloop
  endfacet
  facet normal 0 0 1
    outer loop
      vertex -30.5 -36 3.1000000000000014
      vertex -25.482889719307423 -36.26105238497257 3.1000000000000014
      vertex -25.5 -36 3.1000000000000014
    endloop
  endfacet
  facet normal 0 0 1
    outer loop
      vertex -103 -41 3.1000000000000014
      vertex 24.238947615027428 -37.98288971930742 3.1000000000000014
      vertex 15.5 -38 3.1000000000000014
    endloop
  endfacet
  facet normal 0 0 1
    outer loop
      vertex -103 -41 3.1000000000000014
      vertex 24.5 -38 3.1000000000000014
      vertex 24.238947615027428 -37.98288971930742 3.1000000000000014
    endloop
  endfacet
  facet normal 0 0 1
    outer loop
      vertex -103 -41 3.1000000000000014
      vertex 48 -41 3.1000000000000014
      vertex 24.5 -38 3.1000000000000014
    endloop
  endfacet
  facet normal 0 -1 0
    outer loop
      vertex -103 -41 3.1000000000000014
      vertex 30 -41 2.5
      vertex 48 -41 2.5
    endloop
  endfacet
  facet normal 0 -1 0
    outer loop
      vertex -103 -41 3.1000000000000014
      vertex 48 -41 2.5
      vertex 48 -41 3.1000000000000014
    endloop
  endfacet
  facet normal 0 0 1
    outer loop
      vertex -8.5 -38 3.1000000000000014
      vertex 0.23894761502742767 -37.98288971930742 3.1000000000000014
      vertex -8.238947615027428 -37.98288971930742 3.1000000000000014
    endloop
  endfacet
  facet normal 0 0 1
    outer loop
      vertex -8.238947615027428 -37.98288971930742 3.1000000000000014
      vertex 0.23894761502742767 -37.98288971930742 3.1000000000000014
      vertex -7.982361912727356 -37.93185165524483 3.1000000000000014
    endloop
  endfacet
  facet normal 0 0 1
    outer loop
      vertex -7.982361912727356 -37.93185165524483 3.1000000000000014
      vertex -0.017638087272644043 -37.93185165524483 3.1000000000000014
      vertex -7.734633132815361 -37.84775906801224 3.1000000000000014
    endloop
  endfacet
  facet normal 0 0 1
    outer loop
      vertex -7.734633132815361 -37.84775906801224 3.1000000000000014
      vertex -0.265366867184639 -37.84775906801224 3.1000000000000014
      vertex -7.5 -37.73205080628395 3.1000000000000014
    endloop
  endfacet
  facet normal 0 0 1
    outer loop
      vertex -7.5 -37.73205080628395 3.1000000000000014
      vertex -0.5 -37.73205080628395 3.1000000000000014
      vertex -7.282477140426636 -37.586706683039665 3.1000000000000014
    endloop
  endfacet
  facet normal 0 0 1
    outer loop
      vertex -7.282477140426636 -37.586706683039665 3.1000000000000014
      vertex -0.7175228595733643 -37.586706683039665 3.1000000000000014
      vertex -7.085786439478397 -37.4142135605216 3.1000000000000014
    endloop
  endfacet
  facet normal 0 0 1
    outer loop
      vertex -7.085786439478397 -37.4142135605216 3.1000000000000014
      vertex -0.9142135605216026 -37.4142135605216 3.1000000000000014
      vertex -6.913293316960335 -37.217522859573364 3.1000000000000014
    endloop
  endfacet
  facet normal 0 0 1
    outer loop
      vertex -6.913293316960335 -37.217522859573364 3.1000000000000014
      vertex -1.0867066830396652 -37.217522859573364 3.1000000000000014
      vertex -6.767949193716049 -37 3.1000000000000014
    endloop
  endfacet
  facet normal 0 0 1
    outer loop
      vertex -6.767949193716049 -37 3.1000000000000014
      vertex -1.2320508062839508 -37 3.1000000000000014
      vertex -6.6522409319877625 -36.76536686718464 3.1000000000000014
    endloop
  endfacet
  facet normal 0 0 1
    outer loop
      vertex -6.6522409319877625 -36.76536686718464 3.1000000000000014
      vertex -1.3477590680122375 -36.76536686718464 3.1000000000000014
      vertex -6.568148344755173 -36.517638087272644 3.1000000000000014
    endloop
  endfacet
  facet normal 0 0 1
    outer loop
      vertex -6.568148344755173 -36.517638087272644 3.1000000000000014
      vertex -1.4318516552448273 -36.517638087272644 3.1000000000000014
      vertex -6.517110280692577 -36.26105238497257 3.1000000000000014
    endloop
  endfacet
  facet normal 0 0 1
    outer loop
      vertex -6.517110280692577 -36.26105238497257 3.1000000000000014
      vertex -1.4828897193074226 -36.26105238497257 3.1000000000000014
      vertex -6.5 -36 3.1000000000000014
    endloop
  endfacet
  facet normal 0 0 1
    outer loop
      vertex -7.5 -37.73205080628395 3.1000000000000014
      vertex -0.265366867184639 -37.84775906801224 3.1000000000000014
      vertex -0.5 -37.73205080628395 3.1000000000000014
    endloop
  endfacet
  facet normal 0 0 1
    outer loop
      vertex -7.282477140426636 -37.586706683039665 3.1000000000000014
      vertex -0.5 -37.73205080628395 3.1000000000000014
      vertex -0.7175228595733643 -37.586706683039665 3.1000000000000014
    endloop
  endfacet
  facet normal 0 0 1
    outer loop
      vertex -7.982361912727356 -37.93185165524483 3.1000000000000014
      vertex 0.23894761502742767 -37.98288971930742 3.1000000000000014
      vertex -0.017638087272644043 -37.93185165524483 3.1000000000000014
    endloop
  endfacet
  facet normal 0 0 1
    outer loop
      vertex -7.734633132815361 -37.84775906801224 3.1000000000000014
      vertex -0.017638087272644043 -37.93185165524483 3.1000000000000014
      vertex -0.265366867184639 -37.84775906801224 3.1000000000000014
    endloop
  endfacet
  facet normal 0 0 1
    outer loop
      vertex -7.085786439478397 -37.4142135605216 3.1000000000000014
      vertex -0.7175228595733643 -37.586706683039665 3.1000000000000014
      vertex -0.9142135605216026 -37.4142135605216 3.1000000000000014
    endloop
  endfacet
  facet normal 0 0 1
    outer loop
      vertex -6.913293316960335 -37.217522859573364 3.1000000000000014
      vertex -0.9142135605216026 -37.4142135605216 3.1000000000000014
      vertex -1.0867066830396652 -37.217522859573364 3.1000000000000014
    endloop
  endfacet
  facet normal 0 0 1
    outer loop
      vertex -6.767949193716049 -37 3.1000000000000014
      vertex -1.0867066830396652 -37.217522859573364 3.1000000000000014
      vertex -1.2320508062839508 -37 3.1000000000000014
    endloop
  endfacet
  facet normal 0 0 1
    outer loop
      vertex -6.6522409319877625 -36.76536686718464 3.1000000000000014
      vertex -1.2320508062839508 -37 3.1000000000000014
      vertex -1.3477590680122375 -36.76536686718464 3.1000000000000014
    endloop
  endfacet
  facet normal 0 0 1
    outer loop
      vertex -6.568148344755173 -36.517638087272644 3.1000000000000014
      vertex -1.3477590680122375 -36.76536686718464 3.1000000000000014
      vertex -1.4318516552448273 -36.517638087272644 3.1000000000000014
    endloop
  endfacet
  facet normal 0 0 1
    outer loop
      vertex -6.517110280692577 -36.26105238497257 3.1000000000000014
      vertex -1.4318516552448273 -36.517638087272644 3.1000000000000014
      vertex -1.4828897193074226 -36.26105238497257 3.1000000000000014
    endloop
  endfacet
  facet normal 0 0 1
    outer loop
      vertex -6.5 -36 3.1000000000000014
      vertex -1.4828897193074226 -36.26105238497257 3.1000000000000014
      vertex -1.5 -36 3.1000000000000014
    endloop
  endfacet
  facet normal 1 0 0
    outer loop
      vertex -25.5 -36 0
      vertex -25.5 38 3.1000000000000014
      vertex -25.5 -36 3.1000000000000014
    endloop
  endfacet
  facet normal 1 0 0
    outer loop
      vertex -1.5 -36 0
      vertex -1.5 38 3.1000000000000014
      vertex -1.5 -36 3.1000000000000014
    endloop
  endfacet
  facet normal 0 0 1
    outer loop
      vertex -6.5 -36 3.1000000000000014
      vertex -1.5 -36 3.1000000000000014
      vertex -6.5 38 3.1000000000000014
    endloop
  endfacet
  facet normal 0 1 0
    outer loop
      vertex 15.5 -38 0
      vertex 0.5 -38 3.1000000000000014
      vertex 15.5 -38 3.1000000000000014
    endloop
  endfacet
  facet normal -0.06540314219103631 0.9978589223891017 0
    outer loop
      vertex 15.761052384972572 -37.98288971930742 0
      vertex 15.5 -38 3.1000000000000014
      vertex 15.761052384972572 -37.98288971930742 3.1000000000000014
    endloop
  endfacet
  facet normal -0.19509030209549946 0.9807852843656897 0
    outer loop
      vertex 16.017638087272644 -37.93185165524483 0
      vertex 15.761052384972572 -37.98288971930742 3.1000000000000014
      vertex 16.017638087272644 -37.93185165524483 3.1000000000000014
    endloop
  endfacet
  facet normal -0.32143945792867507 0.9469301319984065 0
    outer loop
      vertex 16.26536686718464 -37.84775906801224 0
      vertex 16.017638087272644 -37.93185165524483 3.1000000000000014
      vertex 16.26536686718464 -37.84775906801224 3.1000000000000014
    endloop
  endfacet
  facet normal -0.44228870708373325 0.8968727332159228 0
    outer loop
      vertex 16.5 -37.73205080628395 0
      vertex 16.26536686718464 -37.84775906801224 3.1000000000000014
      vertex 16.5 -37.73205080628395 3.1000000000000014
    endloop
  endfacet
  facet normal -0.5555702203832522 0.8314696207458843 0
    outer loop
      vertex 16.717522859573364 -37.586706683039665 0
      vertex 16.5 -37.73205080628395 3.1000000000000014
      vertex 16.717522859573364 -37.586706683039665 3.1000000000000014
    endloop
  endfacet
  facet normal -0.6593458308664174 0.7518397936522605 0
    outer loop
      vertex 16.914213560521603 -37.4142135605216 0
      vertex 16.717522859573364 -37.586706683039665 3.1000000000000014
      vertex 16.914213560521603 -37.4142135605216 3.1000000000000014
    endloop
  endfacet
  facet normal -0.7518397936522605 0.6593458308664174 0
    outer loop
      vertex 17.086706683039665 -37.217522859573364 0
      vertex 16.914213560521603 -37.4142135605216 3.1000000000000014
      vertex 17.086706683039665 -37.217522859573364 3.1000000000000014
    endloop
  endfacet
  facet normal -0.8314696207458843 0.5555702203832522 0
    outer loop
      vertex 17.23205080628395 -37 0
      vertex 17.086706683039665 -37.217522859573364 3.1000000000000014
      vertex 17.23205080628395 -37 3.1000000000000014
    endloop
  endfacet
  facet normal -0.8968727332159228 0.44228870708373325 0
    outer loop
      vertex 17.347759068012238 -36.76536686718464 0
      vertex 17.23205080628395 -37 3.1000000000000014
      vertex 17.347759068012238 -36.76536686718464 3.1000000000000014
    endloop
  endfacet
  facet normal -0.9469301319984065 0.32143945792867507 0
    outer loop
      vertex 17.431851655244827 -36.517638087272644 0
      vertex 17.347759068012238 -36.76536686718464 3.1000000000000014
      vertex 17.431851655244827 -36.517638087272644 3.1000000000000014
    endloop
  endfacet
  facet normal -0.9807852843656897 0.19509030209549946 0
    outer loop
      vertex 17.482889719307423 -36.26105238497257 0
      vertex 17.431851655244827 -36.517638087272644 3.1000000000000014
      vertex 17.482889719307423 -36.26105238497257 3.1000000000000014
    endloop
  endfacet
  facet normal -0.9978589223891017 0.06540314219103631 0
    outer loop
      vertex 17.5 -36 0
      vertex 17.482889719307423 -36.26105238497257 3.1000000000000014
      vertex 17.5 -36 3.1000000000000014
    endloop
  endfacet
  facet normal 0.5555702203832522 0.8314696207458843 0
    outer loop
      vertex 23.5 -37.73205080628395 0
      vertex 23.282477140426636 -37.586706683039665 3.1000000000000014
      vertex 23.5 -37.73205080628395 3.1000000000000014
    endloop
  endfacet
  facet normal 0.44228870708373325 0.8968727332159228 0
    outer loop
      vertex 23.73463313281536 -37.84775906801224 0
      vertex 23.5 -37.73205080628395 3.1000000000000014
      vertex 23.73463313281536 -37.84775906801224 3.1000000000000014
    endloop
  endfacet
  facet normal 0.19509030209549946 0.9807852843656897 0
    outer loop
      vertex 24.238947615027428 -37.98288971930742 0
      vertex 23.982361912727356 -37.93185165524483 3.1000000000000014
      vertex 24.238947615027428 -37.98288971930742 3.1000000000000014
    endloop
  endfacet
  facet normal 0.32143945792867507 0.9469301319984065 0
    outer loop
      vertex 23.982361912727356 -37.93185165524483 0
      vertex 23.73463313281536 -37.84775906801224 3.1000000000000014
      vertex 23.982361912727356 -37.93185165524483 3.1000000000000014
    endloop
  endfacet
  facet normal 0.6593458308664174 0.7518397936522605 0
    outer loop
      vertex 23.282477140426636 -37.586706683039665 0
      vertex 23.085786439478397 -37.4142135605216 3.1000000000000014
      vertex 23.282477140426636 -37.586706683039665 3.1000000000000014
    endloop
  endfacet
  facet normal 0.7518397936522605 0.6593458308664174 0
    outer loop
      vertex 23.085786439478397 -37.4142135605216 0
      vertex 22.913293316960335 -37.217522859573364 3.1000000000000014
      vertex 23.085786439478397 -37.4142135605216 3.1000000000000014
    endloop
  endfacet
  facet normal 0.8314696207458843 0.5555702203832522 0
    outer loop
      vertex 22.913293316960335 -37.217522859573364 0
      vertex 22.76794919371605 -37 3.1000000000000014
      vertex 22.913293316960335 -37.217522859573364 3.1000000000000014
    endloop
  endfacet
  facet normal 0.8968727332159228 0.44228870708373325 0
    outer loop
      vertex 22.76794919371605 -37 0
      vertex 22.652240931987762 -36.76536686718464 3.1000000000000014
      vertex 22.76794919371605 -37 3.1000000000000014
    endloop
  endfacet
  facet normal 0.9469301319984065 0.32143945792867507 0
    outer loop
      vertex 22.652240931987762 -36.76536686718464 0
      vertex 22.568148344755173 -36.517638087272644 3.1000000000000014
      vertex 22.652240931987762 -36.76536686718464 3.1000000000000014
    endloop
  endfacet
  facet normal 0.9807852843656897 0.19509030209549946 0
    outer loop
      vertex 22.568148344755173 -36.517638087272644 0
      vertex 22.517110280692577 -36.26105238497257 3.1000000000000014
      vertex 22.568148344755173 -36.517638087272644 3.1000000000000014
    endloop
  endfacet
  facet normal 0.9978589223891017 0.06540314219103631 0
    outer loop
      vertex 22.517110280692577 -36.26105238497257 0
      vertex 22.5 -36 3.1000000000000014
      vertex 22.517110280692577 -36.26105238497257 3.1000000000000014
    endloop
  endfacet
  facet normal 0.06540314219103631 0.9978589223891017 0
    outer loop
      vertex 24.5 -38 0
      vertex 24.238947615027428 -37.98288971930742 3.1000000000000014
      vertex 24.5 -38 3.1000000000000014
    endloop
  endfacet
  facet normal 0 1 0
    outer loop
      vertex 45 -38 0
      vertex 24.5 -38 3.1000000000000014
      vertex 45 -38 3.1000000000000014
    endloop
  endfacet
  facet normal 0 0 1
    outer loop
      vertex 15.5 -38 3.1000000000000014
      vertex 24.238947615027428 -37.98288971930742 3.1000000000000014
      vertex 15.761052384972572 -37.98288971930742 3.1000000000000014
    endloop
  endfacet
  facet normal 0 0 1
    outer loop
      vertex 15.761052384972572 -37.98288971930742 3.1000000000000014
      vertex 24.238947615027428 -37.98288971930742 3.1000000000000014
      vertex 16.017638087272644 -37.93185165524483 3.1000000000000014
    endloop
  endfacet
  facet normal 0 0 1
    outer loop
      vertex 16.017638087272644 -37.93185165524483 3.1000000000000014
      vertex 23.982361912727356 -37.93185165524483 3.1000000000000014
      vertex 16.26536686718464 -37.84775906801224 3.1000000000000014
    endloop
  endfacet
  facet normal 0 0 1
    outer loop
      vertex 16.26536686718464 -37.84775906801224 3.1000000000000014
      vertex 23.73463313281536 -37.84775906801224 3.1000000000000014
      vertex 16.5 -37.73205080628395 3.1000000000000014
    endloop
  endfacet
  facet normal 0 0 1
    outer loop
      vertex 16.5 -37.73205080628395 3.1000000000000014
      vertex 23.5 -37.73205080628395 3.1000000000000014
      vertex 16.717522859573364 -37.586706683039665 3.1000000000000014
    endloop
  endfacet
  facet normal 0 0 1
    outer loop
      vertex 16.717522859573364 -37.586706683039665 3.1000000000000014
      vertex 23.282477140426636 -37.586706683039665 3.1000000000000014
      vertex 16.914213560521603 -37.4142135605216 3.1000000000000014
    endloop
  endfacet
  facet normal 0 0 1
    outer loop
      vertex 16.914213560521603 -37.4142135605216 3.1000000000000014
      vertex 23.085786439478397 -37.4142135605216 3.1000000000000014
      vertex 17.086706683039665 -37.217522859573364 3.1000000000000014
    endloop
  endfacet
  facet normal 0 0 1
    outer loop
      vertex 17.086706683039665 -37.217522859573364 3.1000000000000014
      vertex 22.913293316960335 -37.217522859573364 3.1000000000000014
      vertex 17.23205080628395 -37 3.1000000000000014
    endloop
  endfacet
  facet normal 0 0 1
    outer loop
      vertex 17.23205080628395 -37 3.1000000000000014
      vertex 22.76794919371605 -37 3.1000000000000014
      vertex 17.347759068012238 -36.76536686718464 3.1000000000000014
    endloop
  endfacet
  facet normal 0 0 1
    outer loop
      vertex 17.347759068012238 -36.76536686718464 3.1000000000000014
      vertex 22.652240931987762 -36.76536686718464 3.1000000000000014
      vertex 17.431851655244827 -36.517638087272644 3.1000000000000014
    endloop
  endfacet
  facet normal 0 0 1
    outer loop
      vertex 17.431851655244827 -36.517638087272644 3.1000000000000014
      vertex 22.568148344755173 -36.517638087272644 3.1000000000000014
      vertex 17.482889719307423 -36.26105238497257 3.1000000000000014
    endloop
  endfacet
  facet normal 0 0 1
    outer loop
      vertex 17.482889719307423 -36.26105238497257 3.1000000000000014
      vertex 22.517110280692577 -36.26105238497257 3.1000000000000014
      vertex 17.5 -36 3.1000000000000014
    endloop
  endfacet
  facet normal 0 0 1
    outer loop
      vertex 16.017638087272644 -37.93185165524483 3.1000000000000014
      vertex 24.238947615027428 -37.98288971930742 3.1000000000000014
      vertex 23.982361912727356 -37.93185165524483 3.1000000000000014
    endloop
  endfacet
  facet normal 0 0 1
    outer loop
      vertex 16.26536686718464 -37.84775906801224 3.1000000000000014
      vertex 23.982361912727356 -37.93185165524483 3.1000000000000014
      vertex 23.73463313281536 -37.84775906801224 3.1000000000000014
    endloop
  endfacet
  facet normal 0 0 1
    outer loop
      vertex 16.5 -37.73205080628395 3.1000000000000014
      vertex 23.73463313281536 -37.84775906801224 3.1000000000000014
      vertex 23.5 -37.73205080628395 3.1000000000000014
    endloop
  endfacet
  facet normal 0 0 1
    outer loop
      vertex 16.717522859573364 -37.586706683039665 3.1000000000000014
      vertex 23.5 -37.73205080628395 3.1000000000000014
      vertex 23.282477140426636 -37.586706683039665 3.1000000000000014
    endloop
  endfacet
  facet normal 0 0 1
    outer loop
      vertex 17.482889719307423 -36.26105238497257 3.1000000000000014
      vertex 22.568148344755173 -36.517638087272644 3.1000000000000014
      vertex 22.517110280692577 -36.26105238497257 3.1000000000000014
    endloop
  endfacet
  facet normal 0 0 1
    outer loop
      vertex 16.914213560521603 -37.4142135605216 3.1000000000000014
      vertex 23.282477140426636 -37.586706683039665 3.1000000000000014
      vertex 23.085786439478397 -37.4142135605216 3.1000000000000014
    endloop
  endfacet
  facet normal 0 0 1
    outer loop
      vertex 17.086706683039665 -37.217522859573364 3.1000000000000014
      vertex 23.085786439478397 -37.4142135605216 3.1000000000000014
      vertex 22.913293316960335 -37.217522859573364 3.1000000000000014
    endloop
  endfacet
  facet normal 0 0 1
    outer loop
      vertex 17.23205080628395 -37 3.1000000000000014
      vertex 22.913293316960335 -37.217522859573364 3.1000000000000014
      vertex 22.76794919371605 -37 3.1000000000000014
    endloop
  endfacet
  facet normal 0 0 1
    outer loop
      vertex 17.347759068012238 -36.76536686718464 3.1000000000000014
      vertex 22.76794919371605 -37 3.1000000000000014
      vertex 22.652240931987762 -36.76536686718464 3.1000000000000014
    endloop
  endfacet
  facet normal 0 0 1
    outer loop
      vertex 17.431851655244827 -36.517638087272644 3.1000000000000014
      vertex 22.652240931987762 -36.76536686718464 3.1000000000000014
      vertex 22.568148344755173 -36.517638087272644 3.1000000000000014
    endloop
  endfacet
  facet normal 0 0 1
    outer loop
      vertex 17.5 -36 3.1000000000000014
      vertex 22.517110280692577 -36.26105238497257 3.1000000000000014
      vertex 22.5 -36 3.1000000000000014
    endloop
  endfacet
  facet normal 1 0 0
    outer loop
      vertex 48 -41 2.5
      vertex 48 -39.5 2.5
      vertex 48 -41 3.1000000000000014
    endloop
  endfacet
  facet normal 0 0 1
    outer loop
      vertex 24.5 -38 3.1000000000000014
      vertex 48 -41 3.1000000000000014
      vertex 45 -38 3.1000000000000014
    endloop
  endfacet
  facet normal 1 0 0
    outer loop
      vertex 22.5 -36 0
      vertex 22.5 38 3.1000000000000014
      vertex 22.5 -36 3.1000000000000014
    endloop
  endfacet
  facet normal 1 0 0
    outer loop
      vertex 48 -39.5 2.5
      vertex 48 41.5 0.05535714285714022
      vertex 48 -41 3.1000000000000014
    endloop
  endfacet
  facet normal 0 0 1
    outer loop
      vertex 17.5 -36 3.1000000000000014
      vertex 22.5 -36 3.1000000000000014
      vertex 17.5 38 3.1000000000000014
    endloop
  endfacet
  facet normal 0 0 1
    outer loop
      vertex 48 -41 3.1000000000000014
      vertex 45 40 3.1000000000000014
      vertex 45 -38 3.1000000000000014
    endloop
  endfacet
  facet normal 0 0 -1
    outer loop
      vertex -30.5 38 0
      vertex -25.5 38 0
      vertex -25.5 -36 0
    endloop
  endfacet
  facet normal 0 0 -1
    outer loop
      vertex -1.5 -36 0
      vertex -6.5 38 0
      vertex -1.5 38 0
    endloop
  endfacet
  facet normal 1 0 0
    outer loop
      vertex -25.5 -36 0
      vertex -25.5 38 0
      vertex -25.5 38 3.1000000000000014
    endloop
  endfacet
  facet normal 1 0 0
    outer loop
      vertex -1.5 -36 0
      vertex -1.5 38 0
      vertex -1.5 38 3.1000000000000014
    endloop
  endfacet
  facet normal 0 0 -1
    outer loop
      vertex -30.517110280692577 38.26105238497257 0
      vertex -25.482889719307423 38.26105238497257 0
      vertex -25.5 38 0
    endloop
  endfacet
  facet normal 0 0 -1
    outer loop
      vertex -30.568148344755173 38.517638087272644 0
      vertex -25.431851655244827 38.517638087272644 0
      vertex -25.482889719307423 38.26105238497257 0
    endloop
  endfacet
  facet normal 0 0 -1
    outer loop
      vertex -30.652240931987762 38.76536686718464 0
      vertex -25.347759068012238 38.76536686718464 0
      vertex -25.431851655244827 38.517638087272644 0
    endloop
  endfacet
  facet normal 0 0 -1
    outer loop
      vertex -30.76794919371605 39 0
      vertex -25.23205080628395 39 0
      vertex -25.347759068012238 38.76536686718464 0
    endloop
  endfacet
  facet normal 0 0 -1
    outer loop
      vertex -30.913293316960335 39.217522859573364 0
      vertex -25.086706683039665 39.217522859573364 0
      vertex -25.23205080628395 39 0
    endloop
  endfacet
  facet normal 0 0 -1
    outer loop
      vertex -31.085786439478397 39.4142135605216 0
      vertex -24.914213560521603 39.4142135605216 0
      vertex -25.086706683039665 39.217522859573364 0
    endloop
  endfacet
  facet normal 0 0 -1
    outer loop
      vertex -31.282477140426636 39.586706683039665 0
      vertex -24.717522859573364 39.586706683039665 0
      vertex -24.914213560521603 39.4142135605216 0
    endloop
  endfacet
  facet normal 0 0 -1
    outer loop
      vertex -31.5 39.73205080628395 0
      vertex -24.5 39.73205080628395 0
      vertex -24.717522859573364 39.586706683039665 0
    endloop
  endfacet
  facet normal 0 0 -1
    outer loop
      vertex -31.73463313281536 39.84775906801224 0
      vertex -24.26536686718464 39.84775906801224 0
      vertex -24.5 39.73205080628395 0
    endloop
  endfacet
  facet normal 0 0 -1
    outer loop
      vertex -31.982361912727356 39.93185165524483 0
      vertex -24.017638087272644 39.93185165524483 0
      vertex -24.26536686718464 39.84775906801224 0
    endloop
  endfacet
  facet normal 0 0 -1
    outer loop
      vertex -32.23894761502743 39.98288971930742 0
      vertex -23.761052384972572 39.98288971930742 0
      vertex -24.017638087272644 39.93185165524483 0
    endloop
  endfacet
  facet normal 0 0 -1
    outer loop
      vertex -32.5 40 0
      vertex -23.5 40 0
      vertex -23.761052384972572 39.98288971930742 0
    endloop
  endfacet
  facet normal 0 0 -1
    outer loop
      vertex -85 42.576470588235296 0
      vertex 15.5 40 0
      vertex 0.5 40 0
    endloop
  endfacet
  facet normal 0 0 -1
    outer loop
      vertex -85 42.576470588235296 0
      vertex 24.238947615027428 39.98288971930742 0
      vertex 15.5 40 0
    endloop
  endfacet
  facet normal 0 0 -1
    outer loop
      vertex -85 42.576470588235296 0
      vertex 24.5 40 0
      vertex 24.238947615027428 39.98288971930742 0
    endloop
  endfacet
  facet normal 0 0 -1
    outer loop
      vertex -85 43 0
      vertex 30 43 0
      vertex 24.5 40 0
    endloop
  endfacet
  facet normal 0 0 -1
    outer loop
      vertex -6.5 38 0
      vertex -6.517110280692577 38.26105238497257 0
      vertex -1.5 38 0
    endloop
  endfacet
  facet normal 0 0 -1
    outer loop
      vertex -7.282477140426636 39.586706683039665 0
      vertex -0.9142135605216026 39.4142135605216 0
      vertex -7.085786439478397 39.4142135605216 0
    endloop
  endfacet
  facet normal 0 0 -1
    outer loop
      vertex -6.517110280692577 38.26105238497257 0
      vertex -6.568148344755173 38.517638087272644 0
      vertex -1.4828897193074226 38.26105238497257 0
    endloop
  endfacet
  facet normal 0 0 -1
    outer loop
      vertex -6.568148344755173 38.517638087272644 0
      vertex -6.6522409319877625 38.76536686718464 0
      vertex -1.4318516552448273 38.517638087272644 0
    endloop
  endfacet
  facet normal 0 0 -1
    outer loop
      vertex -6.6522409319877625 38.76536686718464 0
      vertex -6.767949193716049 39 0
      vertex -1.3477590680122375 38.76536686718464 0
    endloop
  endfacet
  facet normal 0 0 -1
    outer loop
      vertex -6.913293316960335 39.217522859573364 0
      vertex -1.2320508062839508 39 0
      vertex -6.767949193716049 39 0
    endloop
  endfacet
  facet normal 0 0 -1
    outer loop
      vertex -6.913293316960335 39.217522859573364 0
      vertex -7.085786439478397 39.4142135605216 0
      vertex -1.0867066830396652 39.217522859573364 0
    endloop
  endfacet
  facet normal 0 0 -1
    outer loop
      vertex -8.238947615027428 39.98288971930742 0
      vertex -0.017638087272644043 39.93185165524483 0
      vertex -7.982361912727356 39.93185165524483 0
    endloop
  endfacet
  facet normal 0 0 -1
    outer loop
      vertex -7.5 39.73205080628395 0
      vertex -7.734633132815361 39.84775906801224 0
      vertex -0.5 39.73205080628395 0
    endloop
  endfacet
  facet normal 0 0 -1
    outer loop
      vertex -7.282477140426636 39.586706683039665 0
      vertex -7.5 39.73205080628395 0
      vertex -0.7175228595733643 39.586706683039665 0
    endloop
  endfacet
  facet normal 0 0 -1
    outer loop
      vertex -7.982361912727356 39.93185165524483 0
      vertex -0.265366867184639 39.84775906801224 0
      vertex -7.734633132815361 39.84775906801224 0
    endloop
  endfacet
  facet normal 0 0 -1
    outer loop
      vertex -8.5 40 0
      vertex 0.23894761502742767 39.98288971930742 0
      vertex -8.238947615027428 39.98288971930742 0
    endloop
  endfacet
  facet normal 0 0 -1
    outer loop
      vertex -6.517110280692577 38.26105238497257 0
      vertex -1.4828897193074226 38.26105238497257 0
      vertex -1.5 38 0
    endloop
  endfacet
  facet normal 0 0 -1
    outer loop
      vertex -6.568148344755173 38.517638087272644 0
      vertex -1.4318516552448273 38.517638087272644 0
      vertex -1.4828897193074226 38.26105238497257 0
    endloop
  endfacet
  facet normal 0 0 -1
    outer loop
      vertex -6.6522409319877625 38.76536686718464 0
      vertex -1.3477590680122375 38.76536686718464 0
      vertex -1.4318516552448273 38.517638087272644 0
    endloop
  endfacet
  facet normal 0 0 -1
    outer loop
      vertex -6.767949193716049 39 0
      vertex -1.2320508062839508 39 0
      vertex -1.3477590680122375 38.76536686718464 0
    endloop
  endfacet
  facet normal 0 0 -1
    outer loop
      vertex -6.913293316960335 39.217522859573364 0
      vertex -1.0867066830396652 39.217522859573364 0
      vertex -1.2320508062839508 39 0
    endloop
  endfacet
  facet normal 0 0 -1
    outer loop
      vertex -7.085786439478397 39.4142135605216 0
      vertex -0.9142135605216026 39.4142135605216 0
      vertex -1.0867066830396652 39.217522859573364 0
    endloop
  endfacet
  facet normal 0 0 -1
    outer loop
      vertex -7.282477140426636 39.586706683039665 0
      vertex -0.7175228595733643 39.586706683039665 0
      vertex -0.9142135605216026 39.4142135605216 0
    endloop
  endfacet
  facet normal 0 0 -1
    outer loop
      vertex -7.5 39.73205080628395 0
      vertex -0.5 39.73205080628395 0
      vertex -0.7175228595733643 39.586706683039665 0
    endloop
  endfacet
  facet normal 0 0 -1
    outer loop
      vertex -7.734633132815361 39.84775906801224 0
      vertex -0.265366867184639 39.84775906801224 0
      vertex -0.5 39.73205080628395 0
    endloop
  endfacet
  facet normal 0 0 -1
    outer loop
      vertex -7.982361912727356 39.93185165524483 0
      vertex -0.017638087272644043 39.93185165524483 0
      vertex -0.265366867184639 39.84775906801224 0
    endloop
  endfacet
  facet normal 0 0 -1
    outer loop
      vertex -8.238947615027428 39.98288971930742 0
      vertex 0.23894761502742767 39.98288971930742 0
      vertex -0.017638087272644043 39.93185165524483 0
    endloop
  endfacet
  facet normal 0 0 -1
    outer loop
      vertex -8.5 40 0
      vertex 0.5 40 0
      vertex 0.23894761502742767 39.98288971930742 0
    endloop
  endfacet
  facet normal 0.9978589223891017 -0.06540314219103631 0
    outer loop
      vertex -25.5 38 0
      vertex -25.482889719307423 38.26105238497257 0
      vertex -25.482889719307423 38.26105238497257 3.1000000000000014
    endloop
  endfacet
  facet normal 0.9807852843656897 -0.19509030209549946 0
    outer loop
      vertex -25.482889719307423 38.26105238497257 0
      vertex -25.431851655244827 38.517638087272644 0
      vertex -25.431851655244827 38.517638087272644 3.1000000000000014
    endloop
  endfacet
  facet normal 0.9469301319984065 -0.32143945792867507 0
    outer loop
      vertex -25.431851655244827 38.517638087272644 0
      vertex -25.347759068012238 38.76536686718464 0
      vertex -25.347759068012238 38.76536686718464 3.1000000000000014
    endloop
  endfacet
  facet normal 0.8968727332159228 -0.44228870708373325 0
    outer loop
      vertex -25.347759068012238 38.76536686718464 0
      vertex -25.23205080628395 39 0
      vertex -25.23205080628395 39 3.1000000000000014
    endloop
  endfacet
  facet normal 0.8314696207458843 -0.5555702203832522 0
    outer loop
      vertex -25.23205080628395 39 0
      vertex -25.086706683039665 39.217522859573364 0
      vertex -25.086706683039665 39.217522859573364 3.1000000000000014
    endloop
  endfacet
  facet normal 0.7518397936522605 -0.6593458308664174 0
    outer loop
      vertex -25.086706683039665 39.217522859573364 0
      vertex -24.914213560521603 39.4142135605216 0
      vertex -24.914213560521603 39.4142135605216 3.1000000000000014
    endloop
  endfacet
  facet normal 0.6593458308664174 -0.7518397936522605 0
    outer loop
      vertex -24.914213560521603 39.4142135605216 0
      vertex -24.717522859573364 39.586706683039665 0
      vertex -24.717522859573364 39.586706683039665 3.1000000000000014
    endloop
  endfacet
  facet normal 0.5555702203832522 -0.8314696207458843 0
    outer loop
      vertex -24.717522859573364 39.586706683039665 0
      vertex -24.5 39.73205080628395 0
      vertex -24.5 39.73205080628395 3.1000000000000014
    endloop
  endfacet
  facet normal 0.44228870708373325 -0.8968727332159228 0
    outer loop
      vertex -24.5 39.73205080628395 0
      vertex -24.26536686718464 39.84775906801224 0
      vertex -24.26536686718464 39.84775906801224 3.1000000000000014
    endloop
  endfacet
  facet normal 0.32143945792867507 -0.9469301319984065 0
    outer loop
      vertex -24.26536686718464 39.84775906801224 0
      vertex -24.017638087272644 39.93185165524483 0
      vertex -24.017638087272644 39.93185165524483 3.1000000000000014
    endloop
  endfacet
  facet normal 0.19509030209549946 -0.9807852843656897 0
    outer loop
      vertex -24.017638087272644 39.93185165524483 0
      vertex -23.761052384972572 39.98288971930742 0
      vertex -23.761052384972572 39.98288971930742 3.1000000000000014
    endloop
  endfacet
  facet normal 0.06540314219103631 -0.9978589223891017 0
    outer loop
      vertex -23.761052384972572 39.98288971930742 0
      vertex -23.5 40 0
      vertex -23.5 40 3.1000000000000014
    endloop
  endfacet
  facet normal 0 -1 0
    outer loop
      vertex -23.5 40 0
      vertex -8.5 40 0
      vertex -8.5 40 3.1000000000000014
    endloop
  endfacet
  facet normal -0.9978589223891017 -0.06540314219103631 0
    outer loop
      vertex -6.5 38 0
      vertex -6.5 38 3.1000000000000014
      vertex -6.517110280692577 38.26105238497257 0
    endloop
  endfacet
  facet normal -0.9807852843656897 -0.19509030209549946 0
    outer loop
      vertex -6.517110280692577 38.26105238497257 0
      vertex -6.517110280692577 38.26105238497257 3.1000000000000014
      vertex -6.568148344755173 38.517638087272644 0
    endloop
  endfacet
  facet normal -0.9469301319984065 -0.32143945792867507 0
    outer loop
      vertex -6.568148344755173 38.517638087272644 0
      vertex -6.568148344755173 38.517638087272644 3.1000000000000014
      vertex -6.6522409319877625 38.76536686718464 0
    endloop
  endfacet
  facet normal -0.8968727332159228 -0.44228870708373325 0
    outer loop
      vertex -6.6522409319877625 38.76536686718464 0
      vertex -6.6522409319877625 38.76536686718464 3.1000000000000014
      vertex -6.767949193716049 39 0
    endloop
  endfacet
  facet normal -0.6593458308664174 -0.7518397936522605 0
    outer loop
      vertex -7.282477140426636 39.586706683039665 0
      vertex -7.085786439478397 39.4142135605216 0
      vertex -7.085786439478397 39.4142135605216 3.1000000000000014
    endloop
  endfacet
  facet normal -0.7518397936522605 -0.6593458308664174 0
    outer loop
      vertex -6.913293316960335 39.217522859573364 0
      vertex -6.913293316960335 39.217522859573364 3.1000000000000014
      vertex -7.085786439478397 39.4142135605216 0
    endloop
  endfacet
  facet normal -0.8314696207458843 -0.5555702203832522 0
    outer loop
      vertex -6.913293316960335 39.217522859573364 0
      vertex -6.767949193716049 39 0
      vertex -6.767949193716049 39 3.1000000000000014
    endloop
  endfacet
  facet normal -0.19509030209549946 -0.9807852843656897 0
    outer loop
      vertex -8.238947615027428 39.98288971930742 0
      vertex -7.982361912727356 39.93185165524483 0
      vertex -7.982361912727356 39.93185165524483 3.1000000000000014
    endloop
  endfacet
  facet normal -0.06540314219103631 -0.9978589223891017 0
    outer loop
      vertex -8.5 40 0
      vertex -8.238947615027428 39.98288971930742 0
      vertex -8.238947615027428 39.98288971930742 3.1000000000000014
    endloop
  endfacet
  facet normal -0.32143945792867507 -0.9469301319984065 0
    outer loop
      vertex -7.982361912727356 39.93185165524483 0
      vertex -7.734633132815361 39.84775906801224 0
      vertex -7.734633132815361 39.84775906801224 3.1000000000000014
    endloop
  endfacet
  facet normal -0.44228870708373325 -0.8968727332159228 0
    outer loop
      vertex -7.5 39.73205080628395 0
      vertex -7.5 39.73205080628395 3.1000000000000014
      vertex -7.734633132815361 39.84775906801224 0
    endloop
  endfacet
  facet normal -0.5555702203832522 -0.8314696207458843 0
    outer loop
      vertex -7.282477140426636 39.586706683039665 0
      vertex -7.282477140426636 39.586706683039665 3.1000000000000014
      vertex -7.5 39.73205080628395 0
    endloop
  endfacet
  facet normal 0.9978589223891017 -0.06540314219103631 0
    outer loop
      vertex -1.5 38 0
      vertex -1.4828897193074226 38.26105238497257 0
      vertex -1.4828897193074226 38.26105238497257 3.1000000000000014
    endloop
  endfacet
  facet normal 0.9807852843656897 -0.19509030209549946 0
    outer loop
      vertex -1.4828897193074226 38.26105238497257 0
      vertex -1.4318516552448273 38.517638087272644 0
      vertex -1.4318516552448273 38.517638087272644 3.1000000000000014
    endloop
  endfacet
  facet normal 0.9469301319984065 -0.32143945792867507 0
    outer loop
      vertex -1.4318516552448273 38.517638087272644 0
      vertex -1.3477590680122375 38.76536686718464 0
      vertex -1.3477590680122375 38.76536686718464 3.1000000000000014
    endloop
  endfacet
  facet normal 0.8968727332159228 -0.44228870708373325 0
    outer loop
      vertex -1.3477590680122375 38.76536686718464 0
      vertex -1.2320508062839508 39 0
      vertex -1.2320508062839508 39 3.1000000000000014
    endloop
  endfacet
  facet normal 0.8314696207458843 -0.5555702203832522 0
    outer loop
      vertex -1.2320508062839508 39 0
      vertex -1.0867066830396652 39.217522859573364 0
      vertex -1.0867066830396652 39.217522859573364 3.1000000000000014
    endloop
  endfacet
  facet normal 0.7518397936522605 -0.6593458308664174 0
    outer loop
      vertex -1.0867066830396652 39.217522859573364 0
      vertex -0.9142135605216026 39.4142135605216 0
      vertex -0.9142135605216026 39.4142135605216 3.1000000000000014
    endloop
  endfacet
  facet normal 0.6593458308664174 -0.7518397936522605 0
    outer loop
      vertex -0.9142135605216026 39.4142135605216 0
      vertex -0.7175228595733643 39.586706683039665 0
      vertex -0.7175228595733643 39.586706683039665 3.1000000000000014
    endloop
  endfacet
  facet normal 0.5555702203832522 -0.8314696207458843 0
    outer loop
      vertex -0.7175228595733643 39.586706683039665 0
      vertex -0.5 39.73205080628395 0
      vertex -0.5 39.73205080628395 3.1000000000000014
    endloop
  endfacet
  facet normal 0.44228870708373325 -0.8968727332159228 0
    outer loop
      vertex -0.5 39.73205080628395 0
      vertex -0.265366867184639 39.84775906801224 0
      vertex -0.265366867184639 39.84775906801224 3.1000000000000014
    endloop
  endfacet
  facet normal 0.32143945792867507 -0.9469301319984065 0
    outer loop
      vertex -0.265366867184639 39.84775906801224 0
      vertex -0.017638087272644043 39.93185165524483 0
      vertex -0.017638087272644043 39.93185165524483 3.1000000000000014
    endloop
  endfacet
  facet normal 0.19509030209549946 -0.9807852843656897 0
    outer loop
      vertex -0.017638087272644043 39.93185165524483 0
      vertex 0.23894761502742767 39.98288971930742 0
      vertex 0.23894761502742767 39.98288971930742 3.1000000000000014
    endloop
  endfacet
  facet normal 0.06540314219103631 -0.9978589223891017 0
    outer loop
      vertex 0.23894761502742767 39.98288971930742 0
      vertex 0.5 40 0
      vertex 0.5 40 3.1000000000000014
    endloop
  endfacet
  facet normal 0 0 -1
    outer loop
      vertex 22.5 -36 0
      vertex 17.5 38 0
      vertex 22.5 38 0
    endloop
  endfacet
  facet normal 0 0 -1
    outer loop
      vertex 48 -39.5 0
      vertex 45 40 0
      vertex 48 41.5 0
    endloop
  endfacet
  facet normal 1 0 0
    outer loop
      vertex 48 -39.5 0
      vertex 48 41.5 0
      vertex 48 41.5 0.05535714285714022
    endloop
  endfacet
  facet normal 1 0 0
    outer loop
      vertex 22.5 -36 0
      vertex 22.5 38 0
      vertex 22.5 38 3.1000000000000014
    endloop
  endfacet
  facet normal 0 0 -1
    outer loop
      vertex 17.5 38 0
      vertex 17.482889719307423 38.26105238497257 0
      vertex 22.5 38 0
    endloop
  endfacet
  facet normal 0 0 -1
    outer loop
      vertex 17.23205080628395 39 0
      vertex 22.652240931987762 38.76536686718464 0
      vertex 17.347759068012238 38.76536686718464 0
    endloop
  endfacet
  facet normal 0 0 -1
    outer loop
      vertex 17.482889719307423 38.26105238497257 0
      vertex 17.431851655244827 38.517638087272644 0
      vertex 22.517110280692577 38.26105238497257 0
    endloop
  endfacet
  facet normal 0 0 -1
    outer loop
      vertex 17.431851655244827 38.517638087272644 0
      vertex 17.347759068012238 38.76536686718464 0
      vertex 22.568148344755173 38.517638087272644 0
    endloop
  endfacet
  facet normal 0 0 -1
    outer loop
      vertex 17.23205080628395 39 0
      vertex 17.086706683039665 39.217522859573364 0
      vertex 22.76794919371605 39 0
    endloop
  endfacet
  facet normal 0 0 -1
    outer loop
      vertex 17.086706683039665 39.217522859573364 0
      vertex 16.914213560521603 39.4142135605216 0
      vertex 22.913293316960335 39.217522859573364 0
    endloop
  endfacet
  facet normal 0 0 -1
    outer loop
      vertex 16.717522859573364 39.586706683039665 0
      vertex 23.085786439478397 39.4142135605216 0
      vertex 16.914213560521603 39.4142135605216 0
    endloop
  endfacet
  facet normal 0 0 -1
    outer loop
      vertex 15.5 40 0
      vertex 24.238947615027428 39.98288971930742 0
      vertex 15.761052384972572 39.98288971930742 0
    endloop
  endfacet
  facet normal 0 0 -1
    outer loop
      vertex 16.26536686718464 39.84775906801224 0
      vertex 23.5 39.73205080628395 0
      vertex 16.5 39.73205080628395 0
    endloop
  endfacet
  facet normal 0 0 -1
    outer loop
      vertex 16.017638087272644 39.93185165524483 0
      vertex 15.761052384972572 39.98288971930742 0
      vertex 23.982361912727356 39.93185165524483 0
    endloop
  endfacet
  facet normal 0 0 -1
    outer loop
      vertex 16.017638087272644 39.93185165524483 0
      vertex 23.73463313281536 39.84775906801224 0
      vertex 16.26536686718464 39.84775906801224 0
    endloop
  endfacet
  facet normal 0 0 -1
    outer loop
      vertex 16.717522859573364 39.586706683039665 0
      vertex 16.5 39.73205080628395 0
      vertex 23.282477140426636 39.586706683039665 0
    endloop
  endfacet
  facet normal 0 0 -1
    outer loop
      vertex 17.482889719307423 38.26105238497257 0
      vertex 22.517110280692577 38.26105238497257 0
      vertex 22.5 38 0
    endloop
  endfacet
  facet normal 0 0 -1
    outer loop
      vertex 17.431851655244827 38.517638087272644 0
      vertex 22.568148344755173 38.517638087272644 0
      vertex 22.517110280692577 38.26105238497257 0
    endloop
  endfacet
  facet normal 0 0 -1
    outer loop
      vertex 17.347759068012238 38.76536686718464 0
      vertex 22.652240931987762 38.76536686718464 0
      vertex 22.568148344755173 38.517638087272644 0
    endloop
  endfacet
  facet normal 0 0 -1
    outer loop
      vertex 17.23205080628395 39 0
      vertex 22.76794919371605 39 0
      vertex 22.652240931987762 38.76536686718464 0
    endloop
  endfacet
  facet normal 0 0 -1
    outer loop
      vertex 17.086706683039665 39.217522859573364 0
      vertex 22.913293316960335 39.217522859573364 0
      vertex 22.76794919371605 39 0
    endloop
  endfacet
  facet normal 0 0 -1
    outer loop
      vertex 16.914213560521603 39.4142135605216 0
      vertex 23.085786439478397 39.4142135605216 0
      vertex 22.913293316960335 39.217522859573364 0
    endloop
  endfacet
  facet normal 0 0 -1
    outer loop
      vertex 16.717522859573364 39.586706683039665 0
      vertex 23.282477140426636 39.586706683039665 0
      vertex 23.085786439478397 39.4142135605216 0
    endloop
  endfacet
  facet normal 0 0 -1
    outer loop
      vertex 16.5 39.73205080628395 0
      vertex 23.5 39.73205080628395 0
      vertex 23.282477140426636 39.586706683039665 0
    endloop
  endfacet
  facet normal 0 0 -1
    outer loop
      vertex 16.26536686718464 39.84775906801224 0
      vertex 23.73463313281536 39.84775906801224 0
      vertex 23.5 39.73205080628395 0
    endloop
  endfacet
  facet normal 0 0 -1
    outer loop
      vertex 16.017638087272644 39.93185165524483 0
      vertex 23.982361912727356 39.93185165524483 0
      vertex 23.73463313281536 39.84775906801224 0
    endloop
  endfacet
  facet normal 0 0 -1
    outer loop
      vertex 15.761052384972572 39.98288971930742 0
      vertex 24.238947615027428 39.98288971930742 0
      vertex 23.982361912727356 39.93185165524483 0
    endloop
  endfacet
  facet normal 0 0 -1
    outer loop
      vertex 24.5 40 0
      vertex 30 43 0
      vertex 36.250000000000014 41.5 0
    endloop
  endfacet
  facet normal 0 0 -1
    outer loop
      vertex 36.250000000000014 41.5 0
      vertex 30 43 0
      vertex 33.857142857142854 43 0
    endloop
  endfacet
  facet normal 0 0 -1
    outer loop
      vertex 24.5 40 0
      vertex 36.250000000000014 41.5 0
      vertex 45 40 0
    endloop
  endfacet
  facet normal 0 0 -1
    outer loop
      vertex 36.250000000000014 41.5 0
      vertex 48 41.5 0
      vertex 45 40 0
    endloop
  endfacet
  facet normal 0 -1 0
    outer loop
      vertex 0.5 40 0
      vertex 15.5 40 0
      vertex 15.5 40 3.1000000000000014
    endloop
  endfacet
  facet normal -0.8968727332159228 -0.44228870708373325 0
    outer loop
      vertex 17.23205080628395 39 0
      vertex 17.347759068012238 38.76536686718464 0
      vertex 17.347759068012238 38.76536686718464 3.1000000000000014
    endloop
  endfacet
  facet normal -0.8314696207458843 -0.5555702203832522 0
    outer loop
      vertex 17.23205080628395 39 0
      vertex 17.23205080628395 39 3.1000000000000014
      vertex 17.086706683039665 39.217522859573364 0
    endloop
  endfacet
  facet normal -0.7518397936522605 -0.6593458308664174 0
    outer loop
      vertex 17.086706683039665 39.217522859573364 0
      vertex 17.086706683039665 39.217522859573364 3.1000000000000014
      vertex 16.914213560521603 39.4142135605216 0
    endloop
  endfacet
  facet normal -0.6593458308664174 -0.7518397936522605 0
    outer loop
      vertex 16.717522859573364 39.586706683039665 0
      vertex 16.914213560521603 39.4142135605216 0
      vertex 16.914213560521603 39.4142135605216 3.1000000000000014
    endloop
  endfacet
  facet normal -0.9978589223891017 -0.06540314219103631 0
    outer loop
      vertex 17.5 38 0
      vertex 17.5 38 3.1000000000000014
      vertex 17.482889719307423 38.26105238497257 0
    endloop
  endfacet
  facet normal -0.9807852843656897 -0.19509030209549946 0
    outer loop
      vertex 17.482889719307423 38.26105238497257 0
      vertex 17.482889719307423 38.26105238497257 3.1000000000000014
      vertex 17.431851655244827 38.517638087272644 0
    endloop
  endfacet
  facet normal -0.9469301319984065 -0.32143945792867507 0
    outer loop
      vertex 17.431851655244827 38.517638087272644 0
      vertex 17.431851655244827 38.517638087272644 3.1000000000000014
      vertex 17.347759068012238 38.76536686718464 0
    endloop
  endfacet
  facet normal -0.19509030209549946 -0.9807852843656897 0
    outer loop
      vertex 16.017638087272644 39.93185165524483 0
      vertex 16.017638087272644 39.93185165524483 3.1000000000000014
      vertex 15.761052384972572 39.98288971930742 0
    endloop
  endfacet
  facet normal -0.06540314219103631 -0.9978589223891017 0
    outer loop
      vertex 15.5 40 0
      vertex 15.761052384972572 39.98288971930742 0
      vertex 15.761052384972572 39.98288971930742 3.1000000000000014
    endloop
  endfacet
  facet normal -0.44228870708373325 -0.8968727332159228 0
    outer loop
      vertex 16.26536686718464 39.84775906801224 0
      vertex 16.5 39.73205080628395 0
      vertex 16.5 39.73205080628395 3.1000000000000014
    endloop
  endfacet
  facet normal -0.32143945792867507 -0.9469301319984065 0
    outer loop
      vertex 16.017638087272644 39.93185165524483 0
      vertex 16.26536686718464 39.84775906801224 0
      vertex 16.26536686718464 39.84775906801224 3.1000000000000014
    endloop
  endfacet
  facet normal -0.5555702203832522 -0.8314696207458843 0
    outer loop
      vertex 16.717522859573364 39.586706683039665 0
      vertex 16.717522859573364 39.586706683039665 3.1000000000000014
      vertex 16.5 39.73205080628395 0
    endloop
  endfacet
  facet normal 0.9978589223891017 -0.06540314219103631 0
    outer loop
      vertex 22.5 38 0
      vertex 22.517110280692577 38.26105238497257 0
      vertex 22.517110280692577 38.26105238497257 3.1000000000000014
    endloop
  endfacet
  facet normal 0.9807852843656897 -0.19509030209549946 0
    outer loop
      vertex 22.517110280692577 38.26105238497257 0
      vertex 22.568148344755173 38.517638087272644 0
      vertex 22.568148344755173 38.517638087272644 3.1000000000000014
    endloop
  endfacet
  facet normal 0.9469301319984065 -0.32143945792867507 0
    outer loop
      vertex 22.568148344755173 38.517638087272644 0
      vertex 22.652240931987762 38.76536686718464 0
      vertex 22.652240931987762 38.76536686718464 3.1000000000000014
    endloop
  endfacet
  facet normal 0.8968727332159228 -0.44228870708373325 0
    outer loop
      vertex 22.652240931987762 38.76536686718464 0
      vertex 22.76794919371605 39 0
      vertex 22.76794919371605 39 3.1000000000000014
    endloop
  endfacet
  facet normal 0.8314696207458843 -0.5555702203832522 0
    outer loop
      vertex 22.76794919371605 39 0
      vertex 22.913293316960335 39.217522859573364 0
      vertex 22.913293316960335 39.217522859573364 3.1000000000000014
    endloop
  endfacet
  facet normal 0.7518397936522605 -0.6593458308664174 0
    outer loop
      vertex 22.913293316960335 39.217522859573364 0
      vertex 23.085786439478397 39.4142135605216 0
      vertex 23.085786439478397 39.4142135605216 3.1000000000000014
    endloop
  endfacet
  facet normal 0.6593458308664174 -0.7518397936522605 0
    outer loop
      vertex 23.085786439478397 39.4142135605216 0
      vertex 23.282477140426636 39.586706683039665 0
      vertex 23.282477140426636 39.586706683039665 3.1000000000000014
    endloop
  endfacet
  facet normal 0.5555702203832522 -0.8314696207458843 0
    outer loop
      vertex 23.282477140426636 39.586706683039665 0
      vertex 23.5 39.73205080628395 0
      vertex 23.5 39.73205080628395 3.1000000000000014
    endloop
  endfacet
  facet normal 0.44228870708373325 -0.8968727332159228 0
    outer loop
      vertex 23.5 39.73205080628395 0
      vertex 23.73463313281536 39.84775906801224 0
      vertex 23.73463313281536 39.84775906801224 3.1000000000000014
    endloop
  endfacet
  facet normal 0.32143945792867507 -0.9469301319984065 0
    outer loop
      vertex 23.73463313281536 39.84775906801224 0
      vertex 23.982361912727356 39.93185165524483 0
      vertex 23.982361912727356 39.93185165524483 3.1000000000000014
    endloop
  endfacet
  facet normal 0.19509030209549946 -0.9807852843656897 0
    outer loop
      vertex 23.982361912727356 39.93185165524483 0
      vertex 24.238947615027428 39.98288971930742 0
      vertex 24.238947615027428 39.98288971930742 3.1000000000000014
    endloop
  endfacet
  facet normal 0.06540314219103631 -0.9978589223891017 0
    outer loop
      vertex 24.238947615027428 39.98288971930742 0
      vertex 24.5 40 0
      vertex 24.5 40 3.1000000000000014
    endloop
  endfacet
  facet normal 0 -1 0
    outer loop
      vertex 24.5 40 0
      vertex 45 40 0
      vertex 45 40 3.1000000000000014
    endloop
  endfacet
  facet normal 1 0 0
    outer loop
      vertex 48 41.5 0.05535714285714022
      vertex 48 43 0
      vertex 48 43 2.5
    endloop
  endfacet
  facet normal -1 0 0
    outer loop
      vertex -6.5 -36 3.1000000000000014
      vertex -6.5 38 3.1000000000000014
      vertex -6.5 38 0
    endloop
  endfacet
  facet normal 0 0 1
    outer loop
      vertex -30.5 38 3.1000000000000014
      vertex -25.5 -36 3.1000000000000014
      vertex -25.5 38 3.1000000000000014
    endloop
  endfacet
  facet normal 0 0 1
    outer loop
      vertex -1.5 -36 3.1000000000000014
      vertex -1.5 38 3.1000000000000014
      vertex -6.5 38 3.1000000000000014
    endloop
  endfacet
  facet normal 0.9978589223891017 -0.06540314219103631 0
    outer loop
      vertex -25.5 38 0
      vertex -25.482889719307423 38.26105238497257 3.1000000000000014
      vertex -25.5 38 3.1000000000000014
    endloop
  endfacet
  facet normal 0.9807852843656897 -0.19509030209549946 0
    outer loop
      vertex -25.482889719307423 38.26105238497257 0
      vertex -25.431851655244827 38.517638087272644 3.1000000000000014
      vertex -25.482889719307423 38.26105238497257 3.1000000000000014
    endloop
  endfacet
  facet normal 0.9469301319984065 -0.32143945792867507 0
    outer loop
      vertex -25.431851655244827 38.517638087272644 0
      vertex -25.347759068012238 38.76536686718464 3.1000000000000014
      vertex -25.431851655244827 38.517638087272644 3.1000000000000014
    endloop
  endfacet
  facet normal 0.8968727332159228 -0.44228870708373325 0
    outer loop
      vertex -25.347759068012238 38.76536686718464 0
      vertex -25.23205080628395 39 3.1000000000000014
      vertex -25.347759068012238 38.76536686718464 3.1000000000000014
    endloop
  endfacet
  facet normal 0.8314696207458843 -0.5555702203832522 0
    outer loop
      vertex -25.23205080628395 39 0
      vertex -25.086706683039665 39.217522859573364 3.1000000000000014
      vertex -25.23205080628395 39 3.1000000000000014
    endloop
  endfacet
  facet normal 0.7518397936522605 -0.6593458308664174 0
    outer loop
      vertex -25.086706683039665 39.217522859573364 0
      vertex -24.914213560521603 39.4142135605216 3.1000000000000014
      vertex -25.086706683039665 39.217522859573364 3.1000000000000014
    endloop
  endfacet
  facet normal 0.6593458308664174 -0.7518397936522605 0
    outer loop
      vertex -24.914213560521603 39.4142135605216 0
      vertex -24.717522859573364 39.586706683039665 3.1000000000000014
      vertex -24.914213560521603 39.4142135605216 3.1000000000000014
    endloop
  endfacet
  facet normal 0.5555702203832522 -0.8314696207458843 0
    outer loop
      vertex -24.717522859573364 39.586706683039665 0
      vertex -24.5 39.73205080628395 3.1000000000000014
      vertex -24.717522859573364 39.586706683039665 3.1000000000000014
    endloop
  endfacet
  facet normal 0.44228870708373325 -0.8968727332159228 0
    outer loop
      vertex -24.5 39.73205080628395 0
      vertex -24.26536686718464 39.84775906801224 3.1000000000000014
      vertex -24.5 39.73205080628395 3.1000000000000014
    endloop
  endfacet
  facet normal 0.32143945792867507 -0.9469301319984065 0
    outer loop
      vertex -24.26536686718464 39.84775906801224 0
      vertex -24.017638087272644 39.93185165524483 3.1000000000000014
      vertex -24.26536686718464 39.84775906801224 3.1000000000000014
    endloop
  endfacet
  facet normal 0.19509030209549946 -0.9807852843656897 0
    outer loop
      vertex -24.017638087272644 39.93185165524483 0
      vertex -23.761052384972572 39.98288971930742 3.1000000000000014
      vertex -24.017638087272644 39.93185165524483 3.1000000000000014
    endloop
  endfacet
  facet normal 0.06540314219103631 -0.9978589223891017 0
    outer loop
      vertex -23.761052384972572 39.98288971930742 0
      vertex -23.5 40 3.1000000000000014
      vertex -23.761052384972572 39.98288971930742 3.1000000000000014
    endloop
  endfacet
  facet normal 0 -1 0
    outer loop
      vertex -23.5 40 0
      vertex -8.5 40 3.1000000000000014
      vertex -23.5 40 3.1000000000000014
    endloop
  endfacet
  facet normal 0 1 0
    outer loop
      vertex -85 43 2.5
      vertex 30 43 2.5
      vertex 30 43 0
    endloop
  endfacet
  facet normal -0.9978589223891017 -0.06540314219103631 0
    outer loop
      vertex -6.517110280692577 38.26105238497257 0
      vertex -6.5 38 3.1000000000000014
      vertex -6.517110280692577 38.26105238497257 3.1000000000000014
    endloop
  endfacet
  facet normal -0.9807852843656897 -0.19509030209549946 0
    outer loop
      vertex -6.568148344755173 38.517638087272644 0
      vertex -6.517110280692577 38.26105238497257 3.1000000000000014
      vertex -6.568148344755173 38.517638087272644 3.1000000000000014
    endloop
  endfacet
  facet normal -0.9469301319984065 -0.32143945792867507 0
    outer loop
      vertex -6.6522409319877625 38.76536686718464 0
      vertex -6.568148344755173 38.517638087272644 3.1000000000000014
      vertex -6.6522409319877625 38.76536686718464 3.1000000000000014
    endloop
  endfacet
  facet normal -0.8314696207458843 -0.5555702203832522 0
    outer loop
      vertex -6.913293316960335 39.217522859573364 0
      vertex -6.767949193716049 39 3.1000000000000014
      vertex -6.913293316960335 39.217522859573364 3.1000000000000014
    endloop
  endfacet
  facet normal -0.6593458308664174 -0.7518397936522605 0
    outer loop
      vertex -7.282477140426636 39.586706683039665 0
      vertex -7.085786439478397 39.4142135605216 3.1000000000000014
      vertex -7.282477140426636 39.586706683039665 3.1000000000000014
    endloop
  endfacet
  facet normal -0.7518397936522605 -0.6593458308664174 0
    outer loop
      vertex -7.085786439478397 39.4142135605216 0
      vertex -6.913293316960335 39.217522859573364 3.1000000000000014
      vertex -7.085786439478397 39.4142135605216 3.1000000000000014
    endloop
  endfacet
  facet normal -0.8968727332159228 -0.44228870708373325 0
    outer loop
      vertex -6.767949193716049 39 0
      vertex -6.6522409319877625 38.76536686718464 3.1000000000000014
      vertex -6.767949193716049 39 3.1000000000000014
    endloop
  endfacet
  facet normal -0.06540314219103631 -0.9978589223891017 0
    outer loop
      vertex -8.5 40 0
      vertex -8.238947615027428 39.98288971930742 3.1000000000000014
      vertex -8.5 40 3.1000000000000014
    endloop
  endfacet
  facet normal -0.19509030209549946 -0.9807852843656897 0
    outer loop
      vertex -8.238947615027428 39.98288971930742 0
      vertex -7.982361912727356 39.93185165524483 3.1000000000000014
      vertex -8.238947615027428 39.98288971930742 3.1000000000000014
    endloop
  endfacet
  facet normal -0.32143945792867507 -0.9469301319984065 0
    outer loop
      vertex -7.982361912727356 39.93185165524483 0
      vertex -7.734633132815361 39.84775906801224 3.1000000000000014
      vertex -7.982361912727356 39.93185165524483 3.1000000000000014
    endloop
  endfacet
  facet normal -0.44228870708373325 -0.8968727332159228 0
    outer loop
      vertex -7.734633132815361 39.84775906801224 0
      vertex -7.5 39.73205080628395 3.1000000000000014
      vertex -7.734633132815361 39.84775906801224 3.1000000000000014
    endloop
  endfacet
  facet normal -0.5555702203832522 -0.8314696207458843 0
    outer loop
      vertex -7.5 39.73205080628395 0
      vertex -7.282477140426636 39.586706683039665 3.1000000000000014
      vertex -7.5 39.73205080628395 3.1000000000000014
    endloop
  endfacet
  facet normal 0.9978589223891017 -0.06540314219103631 0
    outer loop
      vertex -1.5 38 0
      vertex -1.4828897193074226 38.26105238497257 3.1000000000000014
      vertex -1.5 38 3.1000000000000014
    endloop
  endfacet
  facet normal 0.9807852843656897 -0.19509030209549946 0
    outer loop
      vertex -1.4828897193074226 38.26105238497257 0
      vertex -1.4318516552448273 38.517638087272644 3.1000000000000014
      vertex -1.4828897193074226 38.26105238497257 3.1000000000000014
    endloop
  endfacet
  facet normal 0.9469301319984065 -0.32143945792867507 0
    outer loop
      vertex -1.4318516552448273 38.517638087272644 0
      vertex -1.3477590680122375 38.76536686718464 3.1000000000000014
      vertex -1.4318516552448273 38.517638087272644 3.1000000000000014
    endloop
  endfacet
  facet normal 0.8968727332159228 -0.44228870708373325 0
    outer loop
      vertex -1.3477590680122375 38.76536686718464 0
      vertex -1.2320508062839508 39 3.1000000000000014
      vertex -1.3477590680122375 38.76536686718464 3.1000000000000014
    endloop
  endfacet
  facet normal 0.8314696207458843 -0.5555702203832522 0
    outer loop
      vertex -1.2320508062839508 39 0
      vertex -1.0867066830396652 39.217522859573364 3.1000000000000014
      vertex -1.2320508062839508 39 3.1000000000000014
    endloop
  endfacet
  facet normal 0.7518397936522605 -0.6593458308664174 0
    outer loop
      vertex -1.0867066830396652 39.217522859573364 0
      vertex -0.9142135605216026 39.4142135605216 3.1000000000000014
      vertex -1.0867066830396652 39.217522859573364 3.1000000000000014
    endloop
  endfacet
  facet normal 0.6593458308664174 -0.7518397936522605 0
    outer loop
      vertex -0.9142135605216026 39.4142135605216 0
      vertex -0.7175228595733643 39.586706683039665 3.1000000000000014
      vertex -0.9142135605216026 39.4142135605216 3.1000000000000014
    endloop
  endfacet
  facet normal 0.5555702203832522 -0.8314696207458843 0
    outer loop
      vertex -0.7175228595733643 39.586706683039665 0
      vertex -0.5 39.73205080628395 3.1000000000000014
      vertex -0.7175228595733643 39.586706683039665 3.1000000000000014
    endloop
  endfacet
  facet normal 0.44228870708373325 -0.8968727332159228 0
    outer loop
      vertex -0.5 39.73205080628395 0
      vertex -0.265366867184639 39.84775906801224 3.1000000000000014
      vertex -0.5 39.73205080628395 3.1000000000000014
    endloop
  endfacet
  facet normal 0.32143945792867507 -0.9469301319984065 0
    outer loop
      vertex -0.265366867184639 39.84775906801224 0
      vertex -0.017638087272644043 39.93185165524483 3.1000000000000014
      vertex -0.265366867184639 39.84775906801224 3.1000000000000014
    endloop
  endfacet
  facet normal 0.19509030209549946 -0.9807852843656897 0
    outer loop
      vertex -0.017638087272644043 39.93185165524483 0
      vertex 0.23894761502742767 39.98288971930742 3.1000000000000014
      vertex -0.017638087272644043 39.93185165524483 3.1000000000000014
    endloop
  endfacet
  facet normal 0.06540314219103631 -0.9978589223891017 0
    outer loop
      vertex 0.23894761502742767 39.98288971930742 0
      vertex 0.5 40 3.1000000000000014
      vertex 0.23894761502742767 39.98288971930742 3.1000000000000014
    endloop
  endfacet
  facet normal 0 -1 0
    outer loop
      vertex 0.5 40 0
      vertex 15.5 40 3.1000000000000014
      vertex 0.5 40 3.1000000000000014
    endloop
  endfacet
  facet normal 0 0 1
    outer loop
      vertex -30.517110280692577 38.26105238497257 3.1000000000000014
      vertex -25.5 38 3.1000000000000014
      vertex -25.482889719307423 38.26105238497257 3.1000000000000014
    endloop
  endfacet
  facet normal 0 0 1
    outer loop
      vertex -30.568148344755173 38.517638087272644 3.1000000000000014
      vertex -25.482889719307423 38.26105238497257 3.1000000000000014
      vertex -25.431851655244827 38.517638087272644 3.1000000000000014
    endloop
  endfacet
  facet normal 0 0 1
    outer loop
      vertex -30.652240931987762 38.76536686718464 3.1000000000000014
      vertex -25.431851655244827 38.517638087272644 3.1000000000000014
      vertex -25.347759068012238 38.76536686718464 3.1000000000000014
    endloop
  endfacet
  facet normal 0 0 1
    outer loop
      vertex -30.76794919371605 39 3.1000000000000014
      vertex -25.347759068012238 38.76536686718464 3.1000000000000014
      vertex -25.23205080628395 39 3.1000000000000014
    endloop
  endfacet
  facet normal 0 0 1
    outer loop
      vertex -30.913293316960335 39.217522859573364 3.1000000000000014
      vertex -25.23205080628395 39 3.1000000000000014
      vertex -25.086706683039665 39.217522859573364 3.1000000000000014
    endloop
  endfacet
  facet normal 0 0 1
    outer loop
      vertex -31.085786439478397 39.4142135605216 3.1000000000000014
      vertex -25.086706683039665 39.217522859573364 3.1000000000000014
      vertex -24.914213560521603 39.4142135605216 3.1000000000000014
    endloop
  endfacet
  facet normal 0 0 1
    outer loop
      vertex -31.282477140426636 39.586706683039665 3.1000000000000014
      vertex -24.914213560521603 39.4142135605216 3.1000000000000014
      vertex -24.717522859573364 39.586706683039665 3.1000000000000014
    endloop
  endfacet
  facet normal 0 0 1
    outer loop
      vertex -31.5 39.73205080628395 3.1000000000000014
      vertex -24.717522859573364 39.586706683039665 3.1000000000000014
      vertex -24.5 39.73205080628395 3.1000000000000014
    endloop
  endfacet
  facet normal 0 0 1
    outer loop
      vertex -31.73463313281536 39.84775906801224 3.1000000000000014
      vertex -24.5 39.73205080628395 3.1000000000000014
      vertex -24.26536686718464 39.84775906801224 3.1000000000000014
    endloop
  endfacet
  facet normal 0 0 1
    outer loop
      vertex -31.982361912727356 39.93185165524483 3.1000000000000014
      vertex -24.26536686718464 39.84775906801224 3.1000000000000014
      vertex -24.017638087272644 39.93185165524483 3.1000000000000014
    endloop
  endfacet
  facet normal 0 0 1
    outer loop
      vertex -32.23894761502743 39.98288971930742 3.1000000000000014
      vertex -24.017638087272644 39.93185165524483 3.1000000000000014
      vertex -23.761052384972572 39.98288971930742 3.1000000000000014
    endloop
  endfacet
  facet normal 0 0 1
    outer loop
      vertex -32.5 40 3.1000000000000014
      vertex -23.761052384972572 39.98288971930742 3.1000000000000014
      vertex -23.5 40 3.1000000000000014
    endloop
  endfacet
  facet normal 0 0 1
    outer loop
      vertex -103 43 3.1000000000000014
      vertex 15.5 40 3.1000000000000014
      vertex 24.238947615027428 39.98288971930742 3.1000000000000014
    endloop
  endfacet
  facet normal 0 0 1
    outer loop
      vertex -103 43 3.1000000000000014
      vertex 24.238947615027428 39.98288971930742 3.1000000000000014
      vertex 24.5 40 3.1000000000000014
    endloop
  endfacet
  facet normal 0 0 1
    outer loop
      vertex -103 43 3.1000000000000014
      vertex 24.5 40 3.1000000000000014
      vertex 48 43 3.1000000000000014
    endloop
  endfacet
  facet normal 0 1 0
    outer loop
      vertex -85 43 2.5
      vertex 48 43 3.1000000000000014
      vertex 30 43 2.5
    endloop
  endfacet
  facet normal 0 0 1
    outer loop
      vertex -6.5 38 3.1000000000000014
      vertex -1.5 38 3.1000000000000014
      vertex -6.517110280692577 38.26105238497257 3.1000000000000014
    endloop
  endfacet
  facet normal 0 0 1
    outer loop
      vertex -7.282477140426636 39.586706683039665 3.1000000000000014
      vertex -7.085786439478397 39.4142135605216 3.1000000000000014
      vertex -0.9142135605216026 39.4142135605216 3.1000000000000014
    endloop
  endfacet
  facet normal 0 0 1
    outer loop
      vertex -6.517110280692577 38.26105238497257 3.1000000000000014
      vertex -1.4828897193074226 38.26105238497257 3.1000000000000014
      vertex -6.568148344755173 38.517638087272644 3.1000000000000014
    endloop
  endfacet
  facet normal 0 0 1
    outer loop
      vertex -6.568148344755173 38.517638087272644 3.1000000000000014
      vertex -1.4318516552448273 38.517638087272644 3.1000000000000014
      vertex -6.6522409319877625 38.76536686718464 3.1000000000000014
    endloop
  endfacet
  facet normal 0 0 1
    outer loop
      vertex -6.6522409319877625 38.76536686718464 3.1000000000000014
      vertex -1.3477590680122375 38.76536686718464 3.1000000000000014
      vertex -6.767949193716049 39 3.1000000000000014
    endloop
  endfacet
  facet normal 0 0 1
    outer loop
      vertex -6.913293316960335 39.217522859573364 3.1000000000000014
      vertex -6.767949193716049 39 3.1000000000000014
      vertex -1.2320508062839508 39 3.1000000000000014
    endloop
  endfacet
  facet normal 0 0 1
    outer loop
      vertex -6.913293316960335 39.217522859573364 3.1000000000000014
      vertex -1.0867066830396652 39.217522859573364 3.1000000000000014
      vertex -7.085786439478397 39.4142135605216 3.1000000000000014
    endloop
  endfacet
  facet normal 0 0 1
    outer loop
      vertex -8.238947615027428 39.98288971930742 3.1000000000000014
      vertex -7.982361912727356 39.93185165524483 3.1000000000000014
      vertex -0.017638087272644043 39.93185165524483 3.1000000000000014
    endloop
  endfacet
  facet normal 0 0 1
    outer loop
      vertex -7.5 39.73205080628395 3.1000000000000014
      vertex -0.5 39.73205080628395 3.1000000000000014
      vertex -7.734633132815361 39.84775906801224 3.1000000000000014
    endloop
  endfacet
  facet normal 0 0 1
    outer loop
      vertex -7.282477140426636 39.586706683039665 3.1000000000000014
      vertex -0.7175228595733643 39.586706683039665 3.1000000000000014
      vertex -7.5 39.73205080628395 3.1000000000000014
    endloop
  endfacet
  facet normal 0 0 1
    outer loop
      vertex -7.982361912727356 39.93185165524483 3.1000000000000014
      vertex -7.734633132815361 39.84775906801224 3.1000000000000014
      vertex -0.265366867184639 39.84775906801224 3.1000000000000014
    endloop
  endfacet
  facet normal 0 0 1
    outer loop
      vertex -8.5 40 3.1000000000000014
      vertex -8.238947615027428 39.98288971930742 3.1000000000000014
      vertex 0.23894761502742767 39.98288971930742 3.1000000000000014
    endloop
  endfacet
  facet normal 0 0 1
    outer loop
      vertex -6.517110280692577 38.26105238497257 3.1000000000000014
      vertex -1.5 38 3.1000000000000014
      vertex -1.4828897193074226 38.26105238497257 3.1000000000000014
    endloop
  endfacet
  facet normal 0 0 1
    outer loop
      vertex -6.568148344755173 38.517638087272644 3.1000000000000014
      vertex -1.4828897193074226 38.26105238497257 3.1000000000000014
      vertex -1.4318516552448273 38.517638087272644 3.1000000000000014
    endloop
  endfacet
  facet normal 0 0 1
    outer loop
      vertex -6.6522409319877625 38.76536686718464 3.1000000000000014
      vertex -1.4318516552448273 38.517638087272644 3.1000000000000014
      vertex -1.3477590680122375 38.76536686718464 3.1000000000000014
    endloop
  endfacet
  facet normal 0 0 1
    outer loop
      vertex -6.767949193716049 39 3.1000000000000014
      vertex -1.3477590680122375 38.76536686718464 3.1000000000000014
      vertex -1.2320508062839508 39 3.1000000000000014
    endloop
  endfacet
  facet normal 0 0 1
    outer loop
      vertex -6.913293316960335 39.217522859573364 3.1000000000000014
      vertex -1.2320508062839508 39 3.1000000000000014
      vertex -1.0867066830396652 39.217522859573364 3.1000000000000014
    endloop
  endfacet
  facet normal 0 0 1
    outer loop
      vertex -7.085786439478397 39.4142135605216 3.1000000000000014
      vertex -1.0867066830396652 39.217522859573364 3.1000000000000014
      vertex -0.9142135605216026 39.4142135605216 3.1000000000000014
    endloop
  endfacet
  facet normal 0 0 1
    outer loop
      vertex -7.282477140426636 39.586706683039665 3.1000000000000014
      vertex -0.9142135605216026 39.4142135605216 3.1000000000000014
      vertex -0.7175228595733643 39.586706683039665 3.1000000000000014
    endloop
  endfacet
  facet normal 0 0 1
    outer loop
      vertex -7.5 39.73205080628395 3.1000000000000014
      vertex -0.7175228595733643 39.586706683039665 3.1000000000000014
      vertex -0.5 39.73205080628395 3.1000000000000014
    endloop
  endfacet
  facet normal 0 0 1
    outer loop
      vertex -7.734633132815361 39.84775906801224 3.1000000000000014
      vertex -0.5 39.73205080628395 3.1000000000000014
      vertex -0.265366867184639 39.84775906801224 3.1000000000000014
    endloop
  endfacet
  facet normal 0 0 1
    outer loop
      vertex -7.982361912727356 39.93185165524483 3.1000000000000014
      vertex -0.265366867184639 39.84775906801224 3.1000000000000014
      vertex -0.017638087272644043 39.93185165524483 3.1000000000000014
    endloop
  endfacet
  facet normal 0 0 1
    outer loop
      vertex -8.238947615027428 39.98288971930742 3.1000000000000014
      vertex -0.017638087272644043 39.93185165524483 3.1000000000000014
      vertex 0.23894761502742767 39.98288971930742 3.1000000000000014
    endloop
  endfacet
  facet normal 0 0 1
    outer loop
      vertex -8.5 40 3.1000000000000014
      vertex 0.23894761502742767 39.98288971930742 3.1000000000000014
      vertex 0.5 40 3.1000000000000014
    endloop
  endfacet
  facet normal -1 0 0
    outer loop
      vertex 17.5 -36 3.1000000000000014
      vertex 17.5 38 3.1000000000000014
      vertex 17.5 38 0
    endloop
  endfacet
  facet normal -1 0 0
    outer loop
      vertex 45 -38 3.1000000000000014
      vertex 45 40 3.1000000000000014
      vertex 45 40 0
    endloop
  endfacet
  facet normal 1 0 0
    outer loop
      vertex 48 -41 3.1000000000000014
      vertex 48 41.5 0.05535714285714022
      vertex 48 43 3.1000000000000014
    endloop
  endfacet
  facet normal 0 0 1
    outer loop
      vertex 22.5 -36 3.1000000000000014
      vertex 22.5 38 3.1000000000000014
      vertex 17.5 38 3.1000000000000014
    endloop
  endfacet
  facet normal 0 0 1
    outer loop
      vertex 48 -41 3.1000000000000014
      vertex 48 43 3.1000000000000014
      vertex 45 40 3.1000000000000014
    endloop
  endfacet
  facet normal -0.8968727332159228 -0.44228870708373325 0
    outer loop
      vertex 17.23205080628395 39 0
      vertex 17.347759068012238 38.76536686718464 3.1000000000000014
      vertex 17.23205080628395 39 3.1000000000000014
    endloop
  endfacet
  facet normal -0.8314696207458843 -0.5555702203832522 0
    outer loop
      vertex 17.086706683039665 39.217522859573364 0
      vertex 17.23205080628395 39 3.1000000000000014
      vertex 17.086706683039665 39.217522859573364 3.1000000000000014
    endloop
  endfacet
  facet normal -0.7518397936522605 -0.6593458308664174 0
    outer loop
      vertex 16.914213560521603 39.4142135605216 0
      vertex 17.086706683039665 39.217522859573364 3.1000000000000014
      vertex 16.914213560521603 39.4142135605216 3.1000000000000014
    endloop
  endfacet
  facet normal -0.6593458308664174 -0.7518397936522605 0
    outer loop
      vertex 16.717522859573364 39.586706683039665 0
      vertex 16.914213560521603 39.4142135605216 3.1000000000000014
      vertex 16.717522859573364 39.586706683039665 3.1000000000000014
    endloop
  endfacet
  facet normal -0.9978589223891017 -0.06540314219103631 0
    outer loop
      vertex 17.482889719307423 38.26105238497257 0
      vertex 17.5 38 3.1000000000000014
      vertex 17.482889719307423 38.26105238497257 3.1000000000000014
    endloop
  endfacet
  facet normal -0.9807852843656897 -0.19509030209549946 0
    outer loop
      vertex 17.431851655244827 38.517638087272644 0
      vertex 17.482889719307423 38.26105238497257 3.1000000000000014
      vertex 17.431851655244827 38.517638087272644 3.1000000000000014
    endloop
  endfacet
  facet normal -0.9469301319984065 -0.32143945792867507 0
    outer loop
      vertex 17.347759068012238 38.76536686718464 0
      vertex 17.431851655244827 38.517638087272644 3.1000000000000014
      vertex 17.347759068012238 38.76536686718464 3.1000000000000014
    endloop
  endfacet
  facet normal -0.32143945792867507 -0.9469301319984065 0
    outer loop
      vertex 16.017638087272644 39.93185165524483 0
      vertex 16.26536686718464 39.84775906801224 3.1000000000000014
      vertex 16.017638087272644 39.93185165524483 3.1000000000000014
    endloop
  endfacet
  facet normal -0.06540314219103631 -0.9978589223891017 0
    outer loop
      vertex 15.5 40 0
      vertex 15.761052384972572 39.98288971930742 3.1000000000000014
      vertex 15.5 40 3.1000000000000014
    endloop
  endfacet
  facet normal -0.19509030209549946 -0.9807852843656897 0
    outer loop
      vertex 15.761052384972572 39.98288971930742 0
      vertex 16.017638087272644 39.93185165524483 3.1000000000000014
      vertex 15.761052384972572 39.98288971930742 3.1000000000000014
    endloop
  endfacet
  facet normal -0.44228870708373325 -0.8968727332159228 0
    outer loop
      vertex 16.26536686718464 39.84775906801224 0
      vertex 16.5 39.73205080628395 3.1000000000000014
      vertex 16.26536686718464 39.84775906801224 3.1000000000000014
    endloop
  endfacet
  facet normal -0.5555702203832522 -0.8314696207458843 0
    outer loop
      vertex 16.5 39.73205080628395 0
      vertex 16.717522859573364 39.586706683039665 3.1000000000000014
      vertex 16.5 39.73205080628395 3.1000000000000014
    endloop
  endfacet
  facet normal 0.9978589223891017 -0.06540314219103631 0
    outer loop
      vertex 22.5 38 0
      vertex 22.517110280692577 38.26105238497257 3.1000000000000014
      vertex 22.5 38 3.1000000000000014
    endloop
  endfacet
  facet normal 0.9807852843656897 -0.19509030209549946 0
    outer loop
      vertex 22.517110280692577 38.26105238497257 0
      vertex 22.568148344755173 38.517638087272644 3.1000000000000014
      vertex 22.517110280692577 38.26105238497257 3.1000000000000014
    endloop
  endfacet
  facet normal 0.9469301319984065 -0.32143945792867507 0
    outer loop
      vertex 22.568148344755173 38.517638087272644 0
      vertex 22.652240931987762 38.76536686718464 3.1000000000000014
      vertex 22.568148344755173 38.517638087272644 3.1000000000000014
    endloop
  endfacet
  facet normal 0.8968727332159228 -0.44228870708373325 0
    outer loop
      vertex 22.652240931987762 38.76536686718464 0
      vertex 22.76794919371605 39 3.1000000000000014
      vertex 22.652240931987762 38.76536686718464 3.1000000000000014
    endloop
  endfacet
  facet normal 0.8314696207458843 -0.5555702203832522 0
    outer loop
      vertex 22.76794919371605 39 0
      vertex 22.913293316960335 39.217522859573364 3.1000000000000014
      vertex 22.76794919371605 39 3.1000000000000014
    endloop
  endfacet
  facet normal 0.7518397936522605 -0.6593458308664174 0
    outer loop
      vertex 22.913293316960335 39.217522859573364 0
      vertex 23.085786439478397 39.4142135605216 3.1000000000000014
      vertex 22.913293316960335 39.217522859573364 3.1000000000000014
    endloop
  endfacet
  facet normal 0.6593458308664174 -0.7518397936522605 0
    outer loop
      vertex 23.085786439478397 39.4142135605216 0
      vertex 23.282477140426636 39.586706683039665 3.1000000000000014
      vertex 23.085786439478397 39.4142135605216 3.1000000000000014
    endloop
  endfacet
  facet normal 0.5555702203832522 -0.8314696207458843 0
    outer loop
      vertex 23.282477140426636 39.586706683039665 0
      vertex 23.5 39.73205080628395 3.1000000000000014
      vertex 23.282477140426636 39.586706683039665 3.1000000000000014
    endloop
  endfacet
  facet normal 0.44228870708373325 -0.8968727332159228 0
    outer loop
      vertex 23.5 39.73205080628395 0
      vertex 23.73463313281536 39.84775906801224 3.1000000000000014
      vertex 23.5 39.73205080628395 3.1000000000000014
    endloop
  endfacet
  facet normal 0.32143945792867507 -0.9469301319984065 0
    outer loop
      vertex 23.73463313281536 39.84775906801224 0
      vertex 23.982361912727356 39.93185165524483 3.1000000000000014
      vertex 23.73463313281536 39.84775906801224 3.1000000000000014
    endloop
  endfacet
  facet normal 0.19509030209549946 -0.9807852843656897 0
    outer loop
      vertex 23.982361912727356 39.93185165524483 0
      vertex 24.238947615027428 39.98288971930742 3.1000000000000014
      vertex 23.982361912727356 39.93185165524483 3.1000000000000014
    endloop
  endfacet
  facet normal 0.06540314219103631 -0.9978589223891017 0
    outer loop
      vertex 24.238947615027428 39.98288971930742 0
      vertex 24.5 40 3.1000000000000014
      vertex 24.238947615027428 39.98288971930742 3.1000000000000014
    endloop
  endfacet
  facet normal 1 0 0
    outer loop
      vertex 48 41.5 0.05535714285714022
      vertex 48 43 2.5
      vertex 48 43 3.1000000000000014
    endloop
  endfacet
  facet normal 0 -1 0
    outer loop
      vertex 24.5 40 0
      vertex 45 40 3.1000000000000014
      vertex 24.5 40 3.1000000000000014
    endloop
  endfacet
  facet normal 0 0 1
    outer loop
      vertex 17.5 38 3.1000000000000014
      vertex 22.5 38 3.1000000000000014
      vertex 17.482889719307423 38.26105238497257 3.1000000000000014
    endloop
  endfacet
  facet normal 0 0 1
    outer loop
      vertex 17.23205080628395 39 3.1000000000000014
      vertex 17.347759068012238 38.76536686718464 3.1000000000000014
      vertex 22.652240931987762 38.76536686718464 3.1000000000000014
    endloop
  endfacet
  facet normal 0 0 1
    outer loop
      vertex 17.482889719307423 38.26105238497257 3.1000000000000014
      vertex 22.517110280692577 38.26105238497257 3.1000000000000014
      vertex 17.431851655244827 38.517638087272644 3.1000000000000014
    endloop
  endfacet
  facet normal 0 0 1
    outer loop
      vertex 17.431851655244827 38.517638087272644 3.1000000000000014
      vertex 22.568148344755173 38.517638087272644 3.1000000000000014
      vertex 17.347759068012238 38.76536686718464 3.1000000000000014
    endloop
  endfacet
  facet normal 0 0 1
    outer loop
      vertex 17.23205080628395 39 3.1000000000000014
      vertex 22.76794919371605 39 3.1000000000000014
      vertex 17.086706683039665 39.217522859573364 3.1000000000000014
    endloop
  endfacet
  facet normal 0 0 1
    outer loop
      vertex 17.086706683039665 39.217522859573364 3.1000000000000014
      vertex 22.913293316960335 39.217522859573364 3.1000000000000014
      vertex 16.914213560521603 39.4142135605216 3.1000000000000014
    endloop
  endfacet
  facet normal 0 0 1
    outer loop
      vertex 16.717522859573364 39.586706683039665 3.1000000000000014
      vertex 16.914213560521603 39.4142135605216 3.1000000000000014
      vertex 23.085786439478397 39.4142135605216 3.1000000000000014
    endloop
  endfacet
  facet normal 0 0 1
    outer loop
      vertex 15.5 40 3.1000000000000014
      vertex 15.761052384972572 39.98288971930742 3.1000000000000014
      vertex 24.238947615027428 39.98288971930742 3.1000000000000014
    endloop
  endfacet
  facet normal 0 0 1
    outer loop
      vertex 16.26536686718464 39.84775906801224 3.1000000000000014
      vertex 16.5 39.73205080628395 3.1000000000000014
      vertex 23.5 39.73205080628395 3.1000000000000014
    endloop
  endfacet
  facet normal 0 0 1
    outer loop
      vertex 16.017638087272644 39.93185165524483 3.1000000000000014
      vertex 23.982361912727356 39.93185165524483 3.1000000000000014
      vertex 15.761052384972572 39.98288971930742 3.1000000000000014
    endloop
  endfacet
  facet normal 0 0 1
    outer loop
      vertex 16.017638087272644 39.93185165524483 3.1000000000000014
      vertex 16.26536686718464 39.84775906801224 3.1000000000000014
      vertex 23.73463313281536 39.84775906801224 3.1000000000000014
    endloop
  endfacet
  facet normal 0 0 1
    outer loop
      vertex 16.717522859573364 39.586706683039665 3.1000000000000014
      vertex 23.282477140426636 39.586706683039665 3.1000000000000014
      vertex 16.5 39.73205080628395 3.1000000000000014
    endloop
  endfacet
  facet normal 0 0 1
    outer loop
      vertex 17.482889719307423 38.26105238497257 3.1000000000000014
      vertex 22.5 38 3.1000000000000014
      vertex 22.517110280692577 38.26105238497257 3.1000000000000014
    endloop
  endfacet
  facet normal 0 0 1
    outer loop
      vertex 17.431851655244827 38.517638087272644 3.1000000000000014
      vertex 22.517110280692577 38.26105238497257 3.1000000000000014
      vertex 22.568148344755173 38.517638087272644 3.1000000000000014
    endloop
  endfacet
  facet normal 0 0 1
    outer loop
      vertex 17.347759068012238 38.76536686718464 3.1000000000000014
      vertex 22.568148344755173 38.517638087272644 3.1000000000000014
      vertex 22.652240931987762 38.76536686718464 3.1000000000000014
    endloop
  endfacet
  facet normal 0 0 1
    outer loop
      vertex 17.23205080628395 39 3.1000000000000014
      vertex 22.652240931987762 38.76536686718464 3.1000000000000014
      vertex 22.76794919371605 39 3.1000000000000014
    endloop
  endfacet
  facet normal 0 0 1
    outer loop
      vertex 17.086706683039665 39.217522859573364 3.1000000000000014
      vertex 22.76794919371605 39 3.1000000000000014
      vertex 22.913293316960335 39.217522859573364 3.1000000000000014
    endloop
  endfacet
  facet normal 0 0 1
    outer loop
      vertex 16.914213560521603 39.4142135605216 3.1000000000000014
      vertex 22.913293316960335 39.217522859573364 3.1000000000000014
      vertex 23.085786439478397 39.4142135605216 3.1000000000000014
    endloop
  endfacet
  facet normal 0 0 1
    outer loop
      vertex 16.717522859573364 39.586706683039665 3.1000000000000014
      vertex 23.085786439478397 39.4142135605216 3.1000000000000014
      vertex 23.282477140426636 39.586706683039665 3.1000000000000014
    endloop
  endfacet
  facet normal 0 0 1
    outer loop
      vertex 16.5 39.73205080628395 3.1000000000000014
      vertex 23.282477140426636 39.586706683039665 3.1000000000000014
      vertex 23.5 39.73205080628395 3.1000000000000014
    endloop
  endfacet
  facet normal 0 0 1
    outer loop
      vertex 16.26536686718464 39.84775906801224 3.1000000000000014
      vertex 23.5 39.73205080628395 3.1000000000000014
      vertex 23.73463313281536 39.84775906801224 3.1000000000000014
    endloop
  endfacet
  facet normal 0 0 1
    outer loop
      vertex 16.017638087272644 39.93185165524483 3.1000000000000014
      vertex 23.73463313281536 39.84775906801224 3.1000000000000014
      vertex 23.982361912727356 39.93185165524483 3.1000000000000014
    endloop
  endfacet
  facet normal 0 0 1
    outer loop
      vertex 15.761052384972572 39.98288971930742 3.1000000000000014
      vertex 23.982361912727356 39.93185165524483 3.1000000000000014
      vertex 24.238947615027428 39.98288971930742 3.1000000000000014
    endloop
  endfacet
  facet normal 0 1 0
    outer loop
      vertex 30 43 2.5
      vertex 48 43 3.1000000000000014
      vertex 48 43 2.5
    endloop
  endfacet
  facet normal 0 0 1
    outer loop
      vertex 24.5 40 3.1000000000000014
      vertex 45 40 3.1000000000000014
      vertex 48 43 3.1000000000000014
    endloop
  endfacet
  facet normal 0.7518398074789697 0.6593458151000776 0
    outer loop
      vertex -94.84852813742386 -43.848528137423855 1.3000000000000043
      vertex -94.95202400834948 -43.73051371481046 1.3000000000000043
      vertex -94.95202400834948 -43.73051371481046 2.5
    endloop
  endfacet
  facet normal 0.6593458151001002 0.7518398074789501 0
    outer loop
      vertex -94.84852813742386 -43.848528137423855 1.3000000000000043
      vertex -94.84852813742386 -43.848528137423855 2.5
      vertex -94.73051371481047 -43.95202400834948 1.3000000000000043
    endloop
  endfacet
  facet normal 0.8314696123025579 0.5555702330195834 0
    outer loop
      vertex -94.95202400834948 -43.73051371481046 1.3000000000000043
      vertex -95.03923048454132 -43.6 1.3000000000000043
      vertex -95.03923048454132 -43.6 2.5
    endloop
  endfacet
  facet normal 0.5555702330195729 0.8314696123025648 0
    outer loop
      vertex -94.6 -44.03923048454133 1.3000000000000043
      vertex -94.73051371481047 -43.95202400834948 1.3000000000000043
      vertex -94.73051371481047 -43.95202400834948 2.5
    endloop
  endfacet
  facet normal 0.4422886902190091 0.8968727415326844 0
    outer loop
      vertex -94.6 -44.03923048454133 1.3000000000000043
      vertex -94.6 -44.03923048454133 2.5
      vertex -94.4592201188381 -44.108655439013546 1.3000000000000043
    endloop
  endfacet
  facet normal 0.32143946530316114 0.9469301294951058 0
    outer loop
      vertex -94.4592201188381 -44.108655439013546 1.3000000000000043
      vertex -94.4592201188381 -44.108655439013546 2.5
      vertex -94.31058285412303 -44.15911099154688 1.3000000000000043
    endloop
  endfacet
  facet normal 0.19509032201614016 0.9807852804032281 0
    outer loop
      vertex -94.31058285412303 -44.15911099154688 1.3000000000000043
      vertex -94.31058285412303 -44.15911099154688 2.5
      vertex -94.15663143066406 -44.189733833648575 1.3000000000000043
    endloop
  endfacet
  facet normal 0.06540312923014742 0.9978589232386031 0
    outer loop
      vertex -94 -44.2 1.3000000000000043
      vertex -94.15663143066406 -44.189733833648575 1.3000000000000043
      vertex -94.15663143066406 -44.189733833648575 2.5
    endloop
  endfacet
  facet normal -0.06540312923014742 0.9978589232386031 0
    outer loop
      vertex -94 -44.2 1.3000000000000043
      vertex -94 -44.2 2.5
      vertex -93.84336856933594 -44.189733833648575 1.3000000000000043
    endloop
  endfacet
  facet normal -0.19509032201614016 0.9807852804032281 0
    outer loop
      vertex -93.84336856933594 -44.189733833648575 1.3000000000000043
      vertex -93.84336856933594 -44.189733833648575 2.5
      vertex -93.68941714587697 -44.15911099154688 1.3000000000000043
    endloop
  endfacet
  facet normal -0.32143946530316114 0.9469301294951058 0
    outer loop
      vertex -93.68941714587697 -44.15911099154688 1.3000000000000043
      vertex -93.68941714587697 -44.15911099154688 2.5
      vertex -93.5407798811619 -44.108655439013546 1.3000000000000043
    endloop
  endfacet
  facet normal 0.8968727415326664 0.4422886902190455 0
    outer loop
      vertex -95.03923048454132 -43.6 1.3000000000000043
      vertex -95.10865543901355 -43.45922011883811 1.3000000000000043
      vertex -95.10865543901355 -43.45922011883811 2.5
    endloop
  endfacet
  facet normal 0.9469301294951106 0.3214394653031473 0
    outer loop
      vertex -95.10865543901355 -43.45922011883811 1.3000000000000043
      vertex -95.15911099154688 -43.31058285412303 1.3000000000000043
      vertex -95.15911099154688 -43.31058285412303 2.5
    endloop
  endfacet
  facet normal 0.9807852804032281 0.19509032201614016 0
    outer loop
      vertex -95.15911099154688 -43.31058285412303 1.3000000000000043
      vertex -95.18973383364857 -43.15663143066406 1.3000000000000043
      vertex -95.18973383364857 -43.15663143066406 2.5
    endloop
  endfacet
  facet normal 0.9978589232386031 0.06540312923014742 0
    outer loop
      vertex -95.18973383364857 -43.15663143066406 1.3000000000000043
      vertex -95.2 -43 1.3000000000000043
      vertex -95.2 -43 2.5
    endloop
  endfacet
  facet normal 0.9978589232386031 -0.06540312923014742 0
    outer loop
      vertex -95.2 -43 1.3000000000000043
      vertex -95.18973383364857 -42.84336856933594 1.3000000000000043
      vertex -95.18973383364857 -42.84336856933594 2.5
    endloop
  endfacet
  facet normal 0.9807852804032281 -0.19509032201614016 0
    outer loop
      vertex -95.18973383364857 -42.84336856933594 1.3000000000000043
      vertex -95.15911099154688 -42.68941714587697 1.3000000000000043
      vertex -95.15911099154688 -42.68941714587697 2.5
    endloop
  endfacet
  facet normal 0.9469301294951106 -0.3214394653031473 0
    outer loop
      vertex -95.15911099154688 -42.68941714587697 1.3000000000000043
      vertex -95.10865543901355 -42.54077988116189 1.3000000000000043
      vertex -95.10865543901355 -42.54077988116189 2.5
    endloop
  endfacet
  facet normal 0.8968727415326664 -0.4422886902190455 0
    outer loop
      vertex -95.10865543901355 -42.54077988116189 1.3000000000000043
      vertex -95.03923048454132 -42.4 1.3000000000000043
      vertex -95.03923048454132 -42.4 2.5
    endloop
  endfacet
  facet normal 0.8314696123025579 -0.5555702330195834 0
    outer loop
      vertex -95.03923048454132 -42.4 1.3000000000000043
      vertex -94.95202400834948 -42.26948628518954 1.3000000000000043
      vertex -94.95202400834948 -42.26948628518954 2.5
    endloop
  endfacet
  facet normal 0.7518398074789697 -0.6593458151000776 0
    outer loop
      vertex -94.95202400834948 -42.26948628518954 1.3000000000000043
      vertex -94.84852813742386 -42.151471862576145 1.3000000000000043
      vertex -94.84852813742386 -42.151471862576145 2.5
    endloop
  endfacet
  facet normal 0.6593458151001002 -0.7518398074789501 0
    outer loop
      vertex -94.84852813742386 -42.151471862576145 1.3000000000000043
      vertex -94.73051371481047 -42.04797599165052 1.3000000000000043
      vertex -94.73051371481047 -42.04797599165052 2.5
    endloop
  endfacet
  facet normal 0.5555702330195729 -0.8314696123025648 0
    outer loop
      vertex -94.73051371481047 -42.04797599165052 1.3000000000000043
      vertex -94.6 -41.96076951545867 1.3000000000000043
      vertex -94.6 -41.96076951545867 2.5
    endloop
  endfacet
  facet normal 0.4422886902190091 -0.8968727415326844 0
    outer loop
      vertex -94.6 -41.96076951545867 1.3000000000000043
      vertex -94.4592201188381 -41.891344560986454 1.3000000000000043
      vertex -94.4592201188381 -41.891344560986454 2.5
    endloop
  endfacet
  facet normal 0.32143946530316114 -0.9469301294951058 0
    outer loop
      vertex -94.4592201188381 -41.891344560986454 1.3000000000000043
      vertex -94.31058285412303 -41.84088900845312 1.3000000000000043
      vertex -94.31058285412303 -41.84088900845312 2.5
    endloop
  endfacet
  facet normal 0.19509032201614016 -0.9807852804032281 0
    outer loop
      vertex -94.31058285412303 -41.84088900845312 1.3000000000000043
      vertex -94.15663143066406 -41.810266166351425 1.3000000000000043
      vertex -94.15663143066406 -41.810266166351425 2.5
    endloop
  endfacet
  facet normal 0.06540312923014742 -0.9978589232386031 0
    outer loop
      vertex -94.15663143066406 -41.810266166351425 1.3000000000000043
      vertex -94 -41.8 1.3000000000000043
      vertex -94 -41.8 2.5
    endloop
  endfacet
  facet normal -0.06540312923014742 -0.9978589232386031 0
    outer loop
      vertex -94 -41.8 1.3000000000000043
      vertex -93.84336856933594 -41.810266166351425 1.3000000000000043
      vertex -93.84336856933594 -41.810266166351425 2.5
    endloop
  endfacet
  facet normal -0.32143946530316114 -0.9469301294951058 0
    outer loop
      vertex -93.5407798811619 -41.891344560986454 1.3000000000000043
      vertex -93.5407798811619 -41.891344560986454 2.5
      vertex -93.68941714587697 -41.84088900845312 1.3000000000000043
    endloop
  endfacet
  facet normal -0.19509032201614016 -0.9807852804032281 0
    outer loop
      vertex -93.84336856933594 -41.810266166351425 1.3000000000000043
      vertex -93.68941714587697 -41.84088900845312 1.3000000000000043
      vertex -93.68941714587697 -41.84088900845312 2.5
    endloop
  endfacet
  facet normal -0.4422886902190091 0.8968727415326844 0
    outer loop
      vertex -93.5407798811619 -44.108655439013546 1.3000000000000043
      vertex -93.5407798811619 -44.108655439013546 2.5
      vertex -93.4 -44.03923048454133 1.3000000000000043
    endloop
  endfacet
  facet normal -0.5555702330195729 0.8314696123025648 0
    outer loop
      vertex -93.4 -44.03923048454133 1.3000000000000043
      vertex -93.4 -44.03923048454133 2.5
      vertex -93.26948628518953 -43.95202400834948 1.3000000000000043
    endloop
  endfacet
  facet normal -0.6593458151001002 0.7518398074789501 0
    outer loop
      vertex -93.26948628518953 -43.95202400834948 1.3000000000000043
      vertex -93.26948628518953 -43.95202400834948 2.5
      vertex -93.15147186257614 -43.848528137423855 1.3000000000000043
    endloop
  endfacet
  facet normal -0.7518398074789697 0.6593458151000776 0
    outer loop
      vertex -93.15147186257614 -43.848528137423855 1.3000000000000043
      vertex -93.15147186257614 -43.848528137423855 2.5
      vertex -93.04797599165052 -43.73051371481046 1.3000000000000043
    endloop
  endfacet
  facet normal -0.8314696123025579 0.5555702330195834 0
    outer loop
      vertex -93.04797599165052 -43.73051371481046 1.3000000000000043
      vertex -93.04797599165052 -43.73051371481046 2.5
      vertex -92.96076951545868 -43.6 1.3000000000000043
    endloop
  endfacet
  facet normal -0.8968727415326664 0.4422886902190455 0
    outer loop
      vertex -92.96076951545868 -43.6 1.3000000000000043
      vertex -92.96076951545868 -43.6 2.5
      vertex -92.89134456098645 -43.45922011883811 1.3000000000000043
    endloop
  endfacet
  facet normal -0.9469301294951106 0.3214394653031473 0
    outer loop
      vertex -92.89134456098645 -43.45922011883811 1.3000000000000043
      vertex -92.89134456098645 -43.45922011883811 2.5
      vertex -92.84088900845312 -43.31058285412303 1.3000000000000043
    endloop
  endfacet
  facet normal -0.9807852804032281 0.19509032201614016 0
    outer loop
      vertex -92.84088900845312 -43.31058285412303 1.3000000000000043
      vertex -92.84088900845312 -43.31058285412303 2.5
      vertex -92.81026616635143 -43.15663143066406 1.3000000000000043
    endloop
  endfacet
  facet normal -0.9978589232386031 0.06540312923014742 0
    outer loop
      vertex -92.81026616635143 -43.15663143066406 1.3000000000000043
      vertex -92.81026616635143 -43.15663143066406 2.5
      vertex -92.8 -43 1.3000000000000043
    endloop
  endfacet
  facet normal -0.9978589232386031 -0.06540312923014742 0
    outer loop
      vertex -92.8 -43 1.3000000000000043
      vertex -92.8 -43 2.5
      vertex -92.81026616635143 -42.84336856933594 1.3000000000000043
    endloop
  endfacet
  facet normal -0.9807852804032281 -0.19509032201614016 0
    outer loop
      vertex -92.81026616635143 -42.84336856933594 1.3000000000000043
      vertex -92.81026616635143 -42.84336856933594 2.5
      vertex -92.84088900845312 -42.68941714587697 1.3000000000000043
    endloop
  endfacet
  facet normal -0.8314696123025579 -0.5555702330195834 0
    outer loop
      vertex -92.96076951545868 -42.4 1.3000000000000043
      vertex -92.96076951545868 -42.4 2.5
      vertex -93.04797599165052 -42.26948628518954 1.3000000000000043
    endloop
  endfacet
  facet normal -0.6593458151001002 -0.7518398074789501 0
    outer loop
      vertex -93.26948628518953 -42.04797599165052 1.3000000000000043
      vertex -93.15147186257614 -42.151471862576145 1.3000000000000043
      vertex -93.15147186257614 -42.151471862576145 2.5
    endloop
  endfacet
  facet normal -0.7518398074789697 -0.6593458151000776 0
    outer loop
      vertex -93.04797599165052 -42.26948628518954 1.3000000000000043
      vertex -93.04797599165052 -42.26948628518954 2.5
      vertex -93.15147186257614 -42.151471862576145 1.3000000000000043
    endloop
  endfacet
  facet normal -0.9469301294951106 -0.3214394653031473 0
    outer loop
      vertex -92.89134456098645 -42.54077988116189 1.3000000000000043
      vertex -92.84088900845312 -42.68941714587697 1.3000000000000043
      vertex -92.84088900845312 -42.68941714587697 2.5
    endloop
  endfacet
  facet normal -0.8968727415326664 -0.4422886902190455 0
    outer loop
      vertex -92.89134456098645 -42.54077988116189 1.3000000000000043
      vertex -92.89134456098645 -42.54077988116189 2.5
      vertex -92.96076951545868 -42.4 1.3000000000000043
    endloop
  endfacet
  facet normal -0.4422886902190091 -0.8968727415326844 0
    outer loop
      vertex -93.5407798811619 -41.891344560986454 1.3000000000000043
      vertex -93.4 -41.96076951545867 1.3000000000000043
      vertex -93.4 -41.96076951545867 2.5
    endloop
  endfacet
  facet normal -0.5555702330195729 -0.8314696123025648 0
    outer loop
      vertex -93.26948628518953 -42.04797599165052 1.3000000000000043
      vertex -93.26948628518953 -42.04797599165052 2.5
      vertex -93.4 -41.96076951545867 1.3000000000000043
    endloop
  endfacet
  facet normal 0.6593458151001002 0.7518398074789501 0
    outer loop
      vertex -94.73051371481047 -43.95202400834948 1.3000000000000043
      vertex -94.84852813742386 -43.848528137423855 2.5
      vertex -94.73051371481047 -43.95202400834948 2.5
    endloop
  endfacet
  facet normal 0.8968727415326664 0.4422886902190455 0
    outer loop
      vertex -95.03923048454132 -43.6 1.3000000000000043
      vertex -95.10865543901355 -43.45922011883811 2.5
      vertex -95.03923048454132 -43.6 2.5
    endloop
  endfacet
  facet normal 0.7518398074789697 0.6593458151000776 0
    outer loop
      vertex -94.84852813742386 -43.848528137423855 1.3000000000000043
      vertex -94.95202400834948 -43.73051371481046 2.5
      vertex -94.84852813742386 -43.848528137423855 2.5
    endloop
  endfacet
  facet normal 0.8314696123025579 0.5555702330195834 0
    outer loop
      vertex -94.95202400834948 -43.73051371481046 1.3000000000000043
      vertex -95.03923048454132 -43.6 2.5
      vertex -94.95202400834948 -43.73051371481046 2.5
    endloop
  endfacet
  facet normal 0.5555702330195729 0.8314696123025648 0
    outer loop
      vertex -94.6 -44.03923048454133 1.3000000000000043
      vertex -94.73051371481047 -43.95202400834948 2.5
      vertex -94.6 -44.03923048454133 2.5
    endloop
  endfacet
  facet normal 0.4422886902190091 0.8968727415326844 0
    outer loop
      vertex -94.4592201188381 -44.108655439013546 1.3000000000000043
      vertex -94.6 -44.03923048454133 2.5
      vertex -94.4592201188381 -44.108655439013546 2.5
    endloop
  endfacet
  facet normal 0.32143946530316114 0.9469301294951058 0
    outer loop
      vertex -94.31058285412303 -44.15911099154688 1.3000000000000043
      vertex -94.4592201188381 -44.108655439013546 2.5
      vertex -94.31058285412303 -44.15911099154688 2.5
    endloop
  endfacet
  facet normal 0.19509032201614016 0.9807852804032281 0
    outer loop
      vertex -94.15663143066406 -44.189733833648575 1.3000000000000043
      vertex -94.31058285412303 -44.15911099154688 2.5
      vertex -94.15663143066406 -44.189733833648575 2.5
    endloop
  endfacet
  facet normal 0.06540312923014742 0.9978589232386031 0
    outer loop
      vertex -94 -44.2 1.3000000000000043
      vertex -94.15663143066406 -44.189733833648575 2.5
      vertex -94 -44.2 2.5
    endloop
  endfacet
  facet normal -0.06540312923014742 0.9978589232386031 0
    outer loop
      vertex -93.84336856933594 -44.189733833648575 1.3000000000000043
      vertex -94 -44.2 2.5
      vertex -93.84336856933594 -44.189733833648575 2.5
    endloop
  endfacet
  facet normal -0.19509032201614016 0.9807852804032281 0
    outer loop
      vertex -93.68941714587697 -44.15911099154688 1.3000000000000043
      vertex -93.84336856933594 -44.189733833648575 2.5
      vertex -93.68941714587697 -44.15911099154688 2.5
    endloop
  endfacet
  facet normal -0.32143946530316114 0.9469301294951058 0
    outer loop
      vertex -93.5407798811619 -44.108655439013546 1.3000000000000043
      vertex -93.68941714587697 -44.15911099154688 2.5
      vertex -93.5407798811619 -44.108655439013546 2.5
    endloop
  endfacet
  facet normal 0.9469301294951106 0.3214394653031473 0
    outer loop
      vertex -95.10865543901355 -43.45922011883811 1.3000000000000043
      vertex -95.15911099154688 -43.31058285412303 2.5
      vertex -95.10865543901355 -43.45922011883811 2.5
    endloop
  endfacet
  facet normal 0.9807852804032281 0.19509032201614016 0
    outer loop
      vertex -95.15911099154688 -43.31058285412303 1.3000000000000043
      vertex -95.18973383364857 -43.15663143066406 2.5
      vertex -95.15911099154688 -43.31058285412303 2.5
    endloop
  endfacet
  facet normal 0.9978589232386031 0.06540312923014742 0
    outer loop
      vertex -95.18973383364857 -43.15663143066406 1.3000000000000043
      vertex -95.2 -43 2.5
      vertex -95.18973383364857 -43.15663143066406 2.5
    endloop
  endfacet
  facet normal 0.9978589232386031 -0.06540312923014742 0
    outer loop
      vertex -95.2 -43 1.3000000000000043
      vertex -95.18973383364857 -42.84336856933594 2.5
      vertex -95.2 -43 2.5
    endloop
  endfacet
  facet normal 0.9807852804032281 -0.19509032201614016 0
    outer loop
      vertex -95.18973383364857 -42.84336856933594 1.3000000000000043
      vertex -95.15911099154688 -42.68941714587697 2.5
      vertex -95.18973383364857 -42.84336856933594 2.5
    endloop
  endfacet
  facet normal 0.9469301294951106 -0.3214394653031473 0
    outer loop
      vertex -95.15911099154688 -42.68941714587697 1.3000000000000043
      vertex -95.10865543901355 -42.54077988116189 2.5
      vertex -95.15911099154688 -42.68941714587697 2.5
    endloop
  endfacet
  facet normal 0.8968727415326664 -0.4422886902190455 0
    outer loop
      vertex -95.10865543901355 -42.54077988116189 1.3000000000000043
      vertex -95.03923048454132 -42.4 2.5
      vertex -95.10865543901355 -42.54077988116189 2.5
    endloop
  endfacet
  facet normal 0.8314696123025579 -0.5555702330195834 0
    outer loop
      vertex -95.03923048454132 -42.4 1.3000000000000043
      vertex -94.95202400834948 -42.26948628518954 2.5
      vertex -95.03923048454132 -42.4 2.5
    endloop
  endfacet
  facet normal 0.7518398074789697 -0.6593458151000776 0
    outer loop
      vertex -94.95202400834948 -42.26948628518954 1.3000000000000043
      vertex -94.84852813742386 -42.151471862576145 2.5
      vertex -94.95202400834948 -42.26948628518954 2.5
    endloop
  endfacet
  facet normal 0.6593458151001002 -0.7518398074789501 0
    outer loop
      vertex -94.84852813742386 -42.151471862576145 1.3000000000000043
      vertex -94.73051371481047 -42.04797599165052 2.5
      vertex -94.84852813742386 -42.151471862576145 2.5
    endloop
  endfacet
  facet normal 0.5555702330195729 -0.8314696123025648 0
    outer loop
      vertex -94.73051371481047 -42.04797599165052 1.3000000000000043
      vertex -94.6 -41.96076951545867 2.5
      vertex -94.73051371481047 -42.04797599165052 2.5
    endloop
  endfacet
  facet normal 0.4422886902190091 -0.8968727415326844 0
    outer loop
      vertex -94.6 -41.96076951545867 1.3000000000000043
      vertex -94.4592201188381 -41.891344560986454 2.5
      vertex -94.6 -41.96076951545867 2.5
    endloop
  endfacet
  facet normal 0.32143946530316114 -0.9469301294951058 0
    outer loop
      vertex -94.4592201188381 -41.891344560986454 1.3000000000000043
      vertex -94.31058285412303 -41.84088900845312 2.5
      vertex -94.4592201188381 -41.891344560986454 2.5
    endloop
  endfacet
  facet normal 0.19509032201614016 -0.9807852804032281 0
    outer loop
      vertex -94.31058285412303 -41.84088900845312 1.3000000000000043
      vertex -94.15663143066406 -41.810266166351425 2.5
      vertex -94.31058285412303 -41.84088900845312 2.5
    endloop
  endfacet
  facet normal 0.06540312923014742 -0.9978589232386031 0
    outer loop
      vertex -94.15663143066406 -41.810266166351425 1.3000000000000043
      vertex -94 -41.8 2.5
      vertex -94.15663143066406 -41.810266166351425 2.5
    endloop
  endfacet
  facet normal -0.06540312923014742 -0.9978589232386031 0
    outer loop
      vertex -94 -41.8 1.3000000000000043
      vertex -93.84336856933594 -41.810266166351425 2.5
      vertex -94 -41.8 2.5
    endloop
  endfacet
  facet normal -0.19509032201614016 -0.9807852804032281 0
    outer loop
      vertex -93.84336856933594 -41.810266166351425 1.3000000000000043
      vertex -93.68941714587697 -41.84088900845312 2.5
      vertex -93.84336856933594 -41.810266166351425 2.5
    endloop
  endfacet
  facet normal -0.32143946530316114 -0.9469301294951058 0
    outer loop
      vertex -93.68941714587697 -41.84088900845312 1.3000000000000043
      vertex -93.5407798811619 -41.891344560986454 2.5
      vertex -93.68941714587697 -41.84088900845312 2.5
    endloop
  endfacet
  facet normal -0.4422886902190091 0.8968727415326844 0
    outer loop
      vertex -93.4 -44.03923048454133 1.3000000000000043
      vertex -93.5407798811619 -44.108655439013546 2.5
      vertex -93.4 -44.03923048454133 2.5
    endloop
  endfacet
  facet normal -0.5555702330195729 0.8314696123025648 0
    outer loop
      vertex -93.26948628518953 -43.95202400834948 1.3000000000000043
      vertex -93.4 -44.03923048454133 2.5
      vertex -93.26948628518953 -43.95202400834948 2.5
    endloop
  endfacet
  facet normal -0.6593458151001002 0.7518398074789501 0
    outer loop
      vertex -93.15147186257614 -43.848528137423855 1.3000000000000043
      vertex -93.26948628518953 -43.95202400834948 2.5
      vertex -93.15147186257614 -43.848528137423855 2.5
    endloop
  endfacet
  facet normal -0.7518398074789697 0.6593458151000776 0
    outer loop
      vertex -93.04797599165052 -43.73051371481046 1.3000000000000043
      vertex -93.15147186257614 -43.848528137423855 2.5
      vertex -93.04797599165052 -43.73051371481046 2.5
    endloop
  endfacet
  facet normal -0.8314696123025579 0.5555702330195834 0
    outer loop
      vertex -92.96076951545868 -43.6 1.3000000000000043
      vertex -93.04797599165052 -43.73051371481046 2.5
      vertex -92.96076951545868 -43.6 2.5
    endloop
  endfacet
  facet normal -0.8968727415326664 0.4422886902190455 0
    outer loop
      vertex -92.89134456098645 -43.45922011883811 1.3000000000000043
      vertex -92.96076951545868 -43.6 2.5
      vertex -92.89134456098645 -43.45922011883811 2.5
    endloop
  endfacet
  facet normal -0.9469301294951106 0.3214394653031473 0
    outer loop
      vertex -92.84088900845312 -43.31058285412303 1.3000000000000043
      vertex -92.89134456098645 -43.45922011883811 2.5
      vertex -92.84088900845312 -43.31058285412303 2.5
    endloop
  endfacet
  facet normal -0.9807852804032281 0.19509032201614016 0
    outer loop
      vertex -92.81026616635143 -43.15663143066406 1.3000000000000043
      vertex -92.84088900845312 -43.31058285412303 2.5
      vertex -92.81026616635143 -43.15663143066406 2.5
    endloop
  endfacet
  facet normal -0.9978589232386031 0.06540312923014742 0
    outer loop
      vertex -92.8 -43 1.3000000000000043
      vertex -92.81026616635143 -43.15663143066406 2.5
      vertex -92.8 -43 2.5
    endloop
  endfacet
  facet normal -0.9978589232386031 -0.06540312923014742 0
    outer loop
      vertex -92.81026616635143 -42.84336856933594 1.3000000000000043
      vertex -92.8 -43 2.5
      vertex -92.81026616635143 -42.84336856933594 2.5
    endloop
  endfacet
  facet normal -0.8314696123025579 -0.5555702330195834 0
    outer loop
      vertex -93.04797599165052 -42.26948628518954 1.3000000000000043
      vertex -92.96076951545868 -42.4 2.5
      vertex -93.04797599165052 -42.26948628518954 2.5
    endloop
  endfacet
  facet normal -0.6593458151001002 -0.7518398074789501 0
    outer loop
      vertex -93.26948628518953 -42.04797599165052 1.3000000000000043
      vertex -93.15147186257614 -42.151471862576145 2.5
      vertex -93.26948628518953 -42.04797599165052 2.5
    endloop
  endfacet
  facet normal -0.7518398074789697 -0.6593458151000776 0
    outer loop
      vertex -93.15147186257614 -42.151471862576145 1.3000000000000043
      vertex -93.04797599165052 -42.26948628518954 2.5
      vertex -93.15147186257614 -42.151471862576145 2.5
    endloop
  endfacet
  facet normal -0.9807852804032281 -0.19509032201614016 0
    outer loop
      vertex -92.84088900845312 -42.68941714587697 1.3000000000000043
      vertex -92.81026616635143 -42.84336856933594 2.5
      vertex -92.84088900845312 -42.68941714587697 2.5
    endloop
  endfacet
  facet normal -0.9469301294951106 -0.3214394653031473 0
    outer loop
      vertex -92.89134456098645 -42.54077988116189 1.3000000000000043
      vertex -92.84088900845312 -42.68941714587697 2.5
      vertex -92.89134456098645 -42.54077988116189 2.5
    endloop
  endfacet
  facet normal -0.8968727415326664 -0.4422886902190455 0
    outer loop
      vertex -92.96076951545868 -42.4 1.3000000000000043
      vertex -92.89134456098645 -42.54077988116189 2.5
      vertex -92.96076951545868 -42.4 2.5
    endloop
  endfacet
  facet normal -0.4422886902190091 -0.8968727415326844 0
    outer loop
      vertex -93.5407798811619 -41.891344560986454 1.3000000000000043
      vertex -93.4 -41.96076951545867 2.5
      vertex -93.5407798811619 -41.891344560986454 2.5
    endloop
  endfacet
  facet normal -0.5555702330195729 -0.8314696123025648 0
    outer loop
      vertex -93.4 -41.96076951545867 1.3000000000000043
      vertex -93.26948628518953 -42.04797599165052 2.5
      vertex -93.4 -41.96076951545867 2.5
    endloop
  endfacet
  facet normal 0.5438226936267513 0.6201109340733295 -0.5654372709145086
    outer loop
      vertex -94.84852813742386 -43.848528137423855 1.3000000000000043
      vertex -95.27421667049 -44.66059149547982 0
      vertex -95.48006625497214 -44.48006625497215 0
    endloop
  endfacet
  facet normal 0.45822949611611213 0.6857889045106592 -0.5654372709145055
    outer loop
      vertex -94.73051371481047 -43.95202400834948 1.3000000000000043
      vertex -95.04656488549618 -44.812703555096896 0
      vertex -95.27421667049 -44.66059149547982 0
    endloop
  endfacet
  facet normal 0.36479586488168975 0.7397328366552156 -0.565437270914509
    outer loop
      vertex -94.6 -44.03923048454133 1.3000000000000043
      vertex -94.80100608514891 -44.93379975430989 0
      vertex -95.04656488549618 -44.812703555096896 0
    endloop
  endfacet
  facet normal 0.620110934073319 0.5438226936267632 -0.5654372709145087
    outer loop
      vertex -94.95202400834948 -43.73051371481046 1.3000000000000043
      vertex -95.48006625497214 -44.48006625497215 0
      vertex -95.66059149547982 -44.27421667049001 0
    endloop
  endfacet
  facet normal 0.6857889045106742 0.45822949611608665 -0.5654372709145079
    outer loop
      vertex -95.03923048454132 -43.6 1.3000000000000043
      vertex -95.66059149547982 -44.27421667049001 0
      vertex -95.81270355509689 -44.04656488549618 0
    endloop
  endfacet
  facet normal 0.7810197348719191 0.265120475258608 -0.5654372709145081
    outer loop
      vertex -95.15911099154688 -43.31058285412303 1.3000000000000043
      vertex -95.93379975430989 -43.80100608514891 0
      vertex -96.02180810357605 -43.541741848603905 0
    endloop
  endfacet
  facet normal 0.7397328366552083 0.3647958648817075 -0.5654372709145072
    outer loop
      vertex -95.10865543901355 -43.45922011883811 1.3000000000000043
      vertex -95.81270355509689 -44.04656488549618 0
      vertex -95.93379975430989 -43.80100608514891 0
    endloop
  endfacet
  facet normal 0.2651204752586266 0.7810197348719119 -0.5654372709145095
    outer loop
      vertex -94.4592201188381 -44.108655439013546 1.3000000000000043
      vertex -94.5417418486039 -45.021808103576056 0
      vertex -94.80100608514891 -44.93379975430989 0
    endloop
  endfacet
  facet normal 0.16090880079858458 0.8089431688853748 -0.5654372709145106
    outer loop
      vertex -94.31058285412303 -44.15911099154688 1.3000000000000043
      vertex -94.27320825883007 -45.075222755638926 0
      vertex -94.5417418486039 -45.021808103576056 0
    endloop
  endfacet
  facet normal 0.053943932144555 0.8230253609977862 -0.5654372709145086
    outer loop
      vertex -94.15663143066406 -44.189733833648575 1.3000000000000043
      vertex -94 -45.09312977099237 0
      vertex -94.27320825883007 -45.075222755638926 0
    endloop
  endfacet
  facet normal -0.05394393214455502 0.8230253609977864 -0.5654372709145082
    outer loop
      vertex -94 -44.2 1.3000000000000043
      vertex -93.72679174116993 -45.075222755638926 0
      vertex -94 -45.09312977099237 0
    endloop
  endfacet
  facet normal -0.16090880079858474 0.8089431688853758 -0.565437270914509
    outer loop
      vertex -93.84336856933594 -44.189733833648575 1.3000000000000043
      vertex -93.4582581513961 -45.021808103576056 0
      vertex -93.72679174116993 -45.075222755638926 0
    endloop
  endfacet
  facet normal 0.8089431688853674 0.16090880079862155 -0.5654372709145103
    outer loop
      vertex -95.18973383364857 -43.15663143066406 1.3000000000000043
      vertex -96.02180810357605 -43.541741848603905 0
      vertex -96.07522275563893 -43.27320825883006 0
    endloop
  endfacet
  facet normal 0.8230253609977904 0.05394393214451398 -0.5654372709145065
    outer loop
      vertex -95.2 -43 1.3000000000000043
      vertex -96.07522275563893 -43.27320825883006 0
      vertex -96.09312977099236 -43 0
    endloop
  endfacet
  facet normal 0.8230253609977878 -0.053943932144513804 -0.5654372709145102
    outer loop
      vertex -95.18973383364857 -42.84336856933594 1.3000000000000043
      vertex -96.09312977099236 -43 0
      vertex -96.07522275563893 -42.72679174116994 0
    endloop
  endfacet
  facet normal 0.8089431688853685 -0.16090880079862177 -0.5654372709145087
    outer loop
      vertex -95.15911099154688 -42.68941714587697 1.3000000000000043
      vertex -96.07522275563893 -42.72679174116994 0
      vertex -96.02180810357605 -42.458258151396095 0
    endloop
  endfacet
  facet normal 0.7810197348719194 -0.265120475258608 -0.5654372709145078
    outer loop
      vertex -95.10865543901355 -42.54077988116189 1.3000000000000043
      vertex -96.02180810357605 -42.458258151396095 0
      vertex -95.93379975430989 -42.19899391485109 0
    endloop
  endfacet
  facet normal 0.7397328366552077 -0.36479586488170734 -0.5654372709145081
    outer loop
      vertex -95.03923048454132 -42.4 1.3000000000000043
      vertex -95.93379975430989 -42.19899391485109 0
      vertex -95.81270355509689 -41.95343511450382 0
    endloop
  endfacet
  facet normal 0.6857889045106741 -0.45822949611608677 -0.565437270914508
    outer loop
      vertex -94.95202400834948 -42.26948628518954 1.3000000000000043
      vertex -95.81270355509689 -41.95343511450382 0
      vertex -95.66059149547982 -41.72578332950999 0
    endloop
  endfacet
  facet normal 0.620110934073319 -0.5438226936267633 -0.5654372709145088
    outer loop
      vertex -94.84852813742386 -42.151471862576145 1.3000000000000043
      vertex -95.66059149547982 -41.72578332950999 0
      vertex -95.48006625497214 -41.51993374502785 0
    endloop
  endfacet
  facet normal 0.5438226936267527 -0.6201109340733315 -0.565437270914505
    outer loop
      vertex -94.73051371481047 -42.04797599165052 1.3000000000000043
      vertex -95.48006625497214 -41.51993374502785 0
      vertex -95.27421667049 -41.33940850452018 0
    endloop
  endfacet
  facet normal 0.4582294961161109 -0.6857889045106573 -0.5654372709145087
    outer loop
      vertex -94.6 -41.96076951545867 1.3000000000000043
      vertex -95.27421667049 -41.33940850452018 0
      vertex -95.04656488549618 -41.187296444903104 0
    endloop
  endfacet
  facet normal 0.3647958648816898 -0.7397328366552156 -0.565437270914509
    outer loop
      vertex -94.4592201188381 -41.891344560986454 1.3000000000000043
      vertex -95.04656488549618 -41.187296444903104 0
      vertex -94.80100608514891 -41.06620024569011 0
    endloop
  endfacet
  facet normal 0.2651204752586264 -0.7810197348719112 -0.5654372709145105
    outer loop
      vertex -94.31058285412303 -41.84088900845312 1.3000000000000043
      vertex -94.80100608514891 -41.06620024569011 0
      vertex -94.5417418486039 -40.978191896423944 0
    endloop
  endfacet
  facet normal 0.16090880079858474 -0.8089431688853758 -0.565437270914509
    outer loop
      vertex -94.15663143066406 -41.810266166351425 1.3000000000000043
      vertex -94.5417418486039 -40.978191896423944 0
      vertex -94.27320825883007 -40.924777244361074 0
    endloop
  endfacet
  facet normal 0.05394393214455502 -0.8230253609977864 -0.5654372709145082
    outer loop
      vertex -94 -41.8 1.3000000000000043
      vertex -94.27320825883007 -40.924777244361074 0
      vertex -94 -40.90687022900763 0
    endloop
  endfacet
  facet normal -0.053943932144555 -0.8230253609977862 -0.5654372709145086
    outer loop
      vertex -93.84336856933594 -41.810266166351425 1.3000000000000043
      vertex -94 -40.90687022900763 0
      vertex -93.72679174116993 -40.924777244361074 0
    endloop
  endfacet
  facet normal -0.16090880079858458 -0.8089431688853748 -0.5654372709145106
    outer loop
      vertex -93.68941714587697 -41.84088900845312 1.3000000000000043
      vertex -93.72679174116993 -40.924777244361074 0
      vertex -93.4582581513961 -40.978191896423944 0
    endloop
  endfacet
  facet normal -0.2651204752586264 0.7810197348719112 -0.5654372709145105
    outer loop
      vertex -93.68941714587697 -44.15911099154688 1.3000000000000043
      vertex -93.19899391485109 -44.93379975430989 0
      vertex -93.4582581513961 -45.021808103576056 0
    endloop
  endfacet
  facet normal -0.3647958648816898 0.7397328366552156 -0.565437270914509
    outer loop
      vertex -93.5407798811619 -44.108655439013546 1.3000000000000043
      vertex -92.95343511450382 -44.812703555096896 0
      vertex -93.19899391485109 -44.93379975430989 0
    endloop
  endfacet
  facet normal -0.4582294961161109 0.6857889045106573 -0.5654372709145087
    outer loop
      vertex -93.4 -44.03923048454133 1.3000000000000043
      vertex -92.72578332951 -44.66059149547982 0
      vertex -92.95343511450382 -44.812703555096896 0
    endloop
  endfacet
  facet normal -0.5438226936267527 0.6201109340733315 -0.565437270914505
    outer loop
      vertex -93.26948628518953 -43.95202400834948 1.3000000000000043
      vertex -92.51993374502786 -44.48006625497215 0
      vertex -92.72578332951 -44.66059149547982 0
    endloop
  endfacet
  facet normal -0.620110934073319 0.5438226936267633 -0.5654372709145088
    outer loop
      vertex -93.15147186257614 -43.848528137423855 1.3000000000000043
      vertex -92.33940850452018 -44.27421667049001 0
      vertex -92.51993374502786 -44.48006625497215 0
    endloop
  endfacet
  facet normal -0.6857889045106741 0.45822949611608677 -0.565437270914508
    outer loop
      vertex -93.04797599165052 -43.73051371481046 1.3000000000000043
      vertex -92.18729644490311 -44.04656488549618 0
      vertex -92.33940850452018 -44.27421667049001 0
    endloop
  endfacet
  facet normal -0.7397328366552077 0.36479586488170734 -0.5654372709145081
    outer loop
      vertex -92.96076951545868 -43.6 1.3000000000000043
      vertex -92.06620024569011 -43.80100608514891 0
      vertex -92.18729644490311 -44.04656488549618 0
    endloop
  endfacet
  facet normal -0.7810197348719194 0.265120475258608 -0.5654372709145078
    outer loop
      vertex -92.89134456098645 -43.45922011883811 1.3000000000000043
      vertex -91.97819189642395 -43.541741848603905 0
      vertex -92.06620024569011 -43.80100608514891 0
    endloop
  endfacet
  facet normal -0.8089431688853685 0.16090880079862177 -0.5654372709145087
    outer loop
      vertex -92.84088900845312 -43.31058285412303 1.3000000000000043
      vertex -91.92477724436107 -43.27320825883006 0
      vertex -91.97819189642395 -43.541741848603905 0
    endloop
  endfacet
  facet normal -0.8230253609977878 0.053943932144513804 -0.5654372709145102
    outer loop
      vertex -92.81026616635143 -43.15663143066406 1.3000000000000043
      vertex -91.90687022900764 -43 0
      vertex -91.92477724436107 -43.27320825883006 0
    endloop
  endfacet
  facet normal -0.8230253609977904 -0.05394393214451398 -0.5654372709145065
    outer loop
      vertex -92.8 -43 1.3000000000000043
      vertex -91.92477724436107 -42.72679174116994 0
      vertex -91.90687022900764 -43 0
    endloop
  endfacet
  facet normal -0.8089431688853674 -0.16090880079862155 -0.5654372709145103
    outer loop
      vertex -92.81026616635143 -42.84336856933594 1.3000000000000043
      vertex -91.97819189642395 -42.458258151396095 0
      vertex -91.92477724436107 -42.72679174116994 0
    endloop
  endfacet
  facet normal -0.7810197348719191 -0.265120475258608 -0.5654372709145081
    outer loop
      vertex -92.84088900845312 -42.68941714587697 1.3000000000000043
      vertex -92.06620024569011 -42.19899391485109 0
      vertex -91.97819189642395 -42.458258151396095 0
    endloop
  endfacet
  facet normal -0.7397328366552083 -0.3647958648817075 -0.5654372709145072
    outer loop
      vertex -92.89134456098645 -42.54077988116189 1.3000000000000043
      vertex -92.18729644490311 -41.95343511450382 0
      vertex -92.06620024569011 -42.19899391485109 0
    endloop
  endfacet
  facet normal -0.2651204752586266 -0.7810197348719119 -0.5654372709145095
    outer loop
      vertex -93.5407798811619 -41.891344560986454 1.3000000000000043
      vertex -93.4582581513961 -40.978191896423944 0
      vertex -93.19899391485109 -41.06620024569011 0
    endloop
  endfacet
  facet normal -0.45822949611611213 -0.6857889045106592 -0.5654372709145055
    outer loop
      vertex -93.26948628518953 -42.04797599165052 1.3000000000000043
      vertex -92.95343511450382 -41.187296444903104 0
      vertex -92.72578332951 -41.33940850452018 0
    endloop
  endfacet
  facet normal -0.36479586488168975 -0.7397328366552156 -0.565437270914509
    outer loop
      vertex -93.4 -41.96076951545867 1.3000000000000043
      vertex -93.19899391485109 -41.06620024569011 0
      vertex -92.95343511450382 -41.187296444903104 0
    endloop
  endfacet
  facet normal -0.6857889045106742 -0.45822949611608665 -0.5654372709145079
    outer loop
      vertex -92.96076951545868 -42.4 1.3000000000000043
      vertex -92.33940850452018 -41.72578332950999 0
      vertex -92.18729644490311 -41.95343511450382 0
    endloop
  endfacet
  facet normal -0.620110934073319 -0.5438226936267632 -0.5654372709145087
    outer loop
      vertex -93.04797599165052 -42.26948628518954 1.3000000000000043
      vertex -92.51993374502786 -41.51993374502785 0
      vertex -92.33940850452018 -41.72578332950999 0
    endloop
  endfacet
  facet normal -0.5438226936267513 -0.6201109340733295 -0.5654372709145086
    outer loop
      vertex -93.15147186257614 -42.151471862576145 1.3000000000000043
      vertex -92.72578332951 -41.33940850452018 0
      vertex -92.51993374502786 -41.51993374502785 0
    endloop
  endfacet
  facet normal 0.6201109340733172 0.543822693626765 -0.565437270914509
    outer loop
      vertex -94.84852813742386 -43.848528137423855 1.3000000000000043
      vertex -95.48006625497214 -44.48006625497215 0
      vertex -94.95202400834948 -43.73051371481046 1.3000000000000043
    endloop
  endfacet
  facet normal 0.5438226936267859 0.6201109340733035 -0.5654372709145038
    outer loop
      vertex -94.84852813742386 -43.848528137423855 1.3000000000000043
      vertex -94.73051371481047 -43.95202400834948 1.3000000000000043
      vertex -95.27421667049 -44.66059149547982 0
    endloop
  endfacet
  facet normal 0.45822949611607816 0.6857889045106783 -0.5654372709145099
    outer loop
      vertex -94.6 -44.03923048454133 1.3000000000000043
      vertex -95.04656488549618 -44.812703555096896 0
      vertex -94.73051371481047 -43.95202400834948 1.3000000000000043
    endloop
  endfacet
  facet normal 0.6857889045106735 0.4582294961160876 -0.565437270914508
    outer loop
      vertex -94.95202400834948 -43.73051371481046 1.3000000000000043
      vertex -95.66059149547982 -44.27421667049001 0
      vertex -95.03923048454132 -43.6 1.3000000000000043
    endloop
  endfacet
  facet normal 0.7397328366552012 0.3647958648817197 -0.5654372709145088
    outer loop
      vertex -95.03923048454132 -43.6 1.3000000000000043
      vertex -95.81270355509689 -44.04656488549618 0
      vertex -95.10865543901355 -43.45922011883811 1.3000000000000043
    endloop
  endfacet
  facet normal 0.3647958648816895 0.7397328366552157 -0.5654372709145091
    outer loop
      vertex -94.6 -44.03923048454133 1.3000000000000043
      vertex -94.4592201188381 -44.108655439013546 1.3000000000000043
      vertex -94.80100608514891 -44.93379975430989 0
    endloop
  endfacet
  facet normal 0.1609088007986022 0.8089431688853727 -0.5654372709145086
    outer loop
      vertex -94.31058285412303 -44.15911099154688 1.3000000000000043
      vertex -94.15663143066406 -44.189733833648575 1.3000000000000043
      vertex -94.27320825883007 -45.075222755638926 0
    endloop
  endfacet
  facet normal 0.26512047525861565 0.7810197348719148 -0.5654372709145107
    outer loop
      vertex -94.4592201188381 -44.108655439013546 1.3000000000000043
      vertex -94.31058285412303 -44.15911099154688 1.3000000000000043
      vertex -94.5417418486039 -45.021808103576056 0
    endloop
  endfacet
  facet normal 0.05394393214456003 0.8230253609977862 -0.565437270914508
    outer loop
      vertex -94 -44.2 1.3000000000000043
      vertex -94 -45.09312977099237 0
      vertex -94.15663143066406 -44.189733833648575 1.3000000000000043
    endloop
  endfacet
  facet normal -0.053943932144559996 0.8230253609977857 -0.5654372709145088
    outer loop
      vertex -94 -44.2 1.3000000000000043
      vertex -93.84336856933594 -44.189733833648575 1.3000000000000043
      vertex -93.72679174116993 -45.075222755638926 0
    endloop
  endfacet
  facet normal -0.16090880079860184 0.8089431688853708 -0.5654372709145111
    outer loop
      vertex -93.84336856933594 -44.189733833648575 1.3000000000000043
      vertex -93.68941714587697 -44.15911099154688 1.3000000000000043
      vertex -93.4582581513961 -45.021808103576056 0
    endloop
  endfacet
  facet normal 0.7810197348719204 0.26512047525860494 -0.5654372709145079
    outer loop
      vertex -95.10865543901355 -43.45922011883811 1.3000000000000043
      vertex -95.93379975430989 -43.80100608514891 0
      vertex -95.15911099154688 -43.31058285412303 1.3000000000000043
    endloop
  endfacet
  facet normal 0.8089431688853729 0.16090880079860226 -0.5654372709145081
    outer loop
      vertex -95.15911099154688 -43.31058285412303 1.3000000000000043
      vertex -96.02180810357605 -43.541741848603905 0
      vertex -95.18973383364857 -43.15663143066406 1.3000000000000043
    endloop
  endfacet
  facet normal 0.8230253609977839 0.05394393214455987 -0.5654372709145117
    outer loop
      vertex -95.18973383364857 -43.15663143066406 1.3000000000000043
      vertex -96.07522275563893 -43.27320825883006 0
      vertex -95.2 -43 1.3000000000000043
    endloop
  endfacet
  facet normal 0.8230253609977883 -0.05394393214456017 -0.565437270914505
    outer loop
      vertex -95.2 -43 1.3000000000000043
      vertex -96.09312977099236 -43 0
      vertex -95.18973383364857 -42.84336856933594 1.3000000000000043
    endloop
  endfacet
  facet normal 0.8089431688853709 -0.16090880079860184 -0.565437270914511
    outer loop
      vertex -95.18973383364857 -42.84336856933594 1.3000000000000043
      vertex -96.07522275563893 -42.72679174116994 0
      vertex -95.15911099154688 -42.68941714587697 1.3000000000000043
    endloop
  endfacet
  facet normal 0.7810197348719202 -0.2651204752586049 -0.5654372709145082
    outer loop
      vertex -95.15911099154688 -42.68941714587697 1.3000000000000043
      vertex -96.02180810357605 -42.458258151396095 0
      vertex -95.10865543901355 -42.54077988116189 1.3000000000000043
    endloop
  endfacet
  facet normal 0.7397328366552025 -0.3647958648817204 -0.5654372709145068
    outer loop
      vertex -95.10865543901355 -42.54077988116189 1.3000000000000043
      vertex -95.93379975430989 -42.19899391485109 0
      vertex -95.03923048454132 -42.4 1.3000000000000043
    endloop
  endfacet
  facet normal 0.6857889045106735 -0.45822949611608765 -0.5654372709145079
    outer loop
      vertex -95.03923048454132 -42.4 1.3000000000000043
      vertex -95.81270355509689 -41.95343511450382 0
      vertex -94.95202400834948 -42.26948628518954 1.3000000000000043
    endloop
  endfacet
  facet normal 0.6201109340733174 -0.5438226936267653 -0.5654372709145087
    outer loop
      vertex -94.95202400834948 -42.26948628518954 1.3000000000000043
      vertex -95.66059149547982 -41.72578332950999 0
      vertex -94.84852813742386 -42.151471862576145 1.3000000000000043
    endloop
  endfacet
  facet normal 0.543822693626783 -0.6201109340733003 -0.56543727091451
    outer loop
      vertex -94.84852813742386 -42.151471862576145 1.3000000000000043
      vertex -95.48006625497214 -41.51993374502785 0
      vertex -94.73051371481047 -42.04797599165052 1.3000000000000043
    endloop
  endfacet
  facet normal 0.4582294961160803 -0.6857889045106815 -0.5654372709145044
    outer loop
      vertex -94.73051371481047 -42.04797599165052 1.3000000000000043
      vertex -95.27421667049 -41.33940850452018 0
      vertex -94.6 -41.96076951545867 1.3000000000000043
    endloop
  endfacet
  facet normal 0.3647958648816896 -0.7397328366552158 -0.5654372709145091
    outer loop
      vertex -94.6 -41.96076951545867 1.3000000000000043
      vertex -95.04656488549618 -41.187296444903104 0
      vertex -94.4592201188381 -41.891344560986454 1.3000000000000043
    endloop
  endfacet
  facet normal 0.26512047525861604 -0.7810197348719158 -0.5654372709145091
    outer loop
      vertex -94.4592201188381 -41.891344560986454 1.3000000000000043
      vertex -94.80100608514891 -41.06620024569011 0
      vertex -94.31058285412303 -41.84088900845312 1.3000000000000043
    endloop
  endfacet
  facet normal 0.16090880079860184 -0.8089431688853709 -0.5654372709145111
    outer loop
      vertex -94.31058285412303 -41.84088900845312 1.3000000000000043
      vertex -94.5417418486039 -40.978191896423944 0
      vertex -94.15663143066406 -41.810266166351425 1.3000000000000043
    endloop
  endfacet
  facet normal 0.053943932144559996 -0.8230253609977858 -0.5654372709145088
    outer loop
      vertex -94.15663143066406 -41.810266166351425 1.3000000000000043
      vertex -94.27320825883007 -40.924777244361074 0
      vertex -94 -41.8 1.3000000000000043
    endloop
  endfacet
  facet normal -0.05394393214456003 -0.8230253609977862 -0.565437270914508
    outer loop
      vertex -94 -41.8 1.3000000000000043
      vertex -94 -40.90687022900763 0
      vertex -93.84336856933594 -41.810266166351425 1.3000000000000043
    endloop
  endfacet
  facet normal -0.1609088007986022 -0.8089431688853727 -0.5654372709145086
    outer loop
      vertex -93.84336856933594 -41.810266166351425 1.3000000000000043
      vertex -93.72679174116993 -40.924777244361074 0
      vertex -93.68941714587697 -41.84088900845312 1.3000000000000043
    endloop
  endfacet
  facet normal -0.26512047525861565 -0.7810197348719148 -0.5654372709145107
    outer loop
      vertex -93.5407798811619 -41.891344560986454 1.3000000000000043
      vertex -93.68941714587697 -41.84088900845312 1.3000000000000043
      vertex -93.4582581513961 -40.978191896423944 0
    endloop
  endfacet
  facet normal -0.26512047525861604 0.7810197348719158 -0.5654372709145091
    outer loop
      vertex -93.68941714587697 -44.15911099154688 1.3000000000000043
      vertex -93.5407798811619 -44.108655439013546 1.3000000000000043
      vertex -93.19899391485109 -44.93379975430989 0
    endloop
  endfacet
  facet normal -0.3647958648816896 0.7397328366552158 -0.5654372709145091
    outer loop
      vertex -93.5407798811619 -44.108655439013546 1.3000000000000043
      vertex -93.4 -44.03923048454133 1.3000000000000043
      vertex -92.95343511450382 -44.812703555096896 0
    endloop
  endfacet
  facet normal -0.4582294961160803 0.6857889045106815 -0.5654372709145044
    outer loop
      vertex -93.4 -44.03923048454133 1.3000000000000043
      vertex -93.26948628518953 -43.95202400834948 1.3000000000000043
      vertex -92.72578332951 -44.66059149547982 0
    endloop
  endfacet
  facet normal -0.543822693626783 0.6201109340733003 -0.56543727091451
    outer loop
      vertex -93.26948628518953 -43.95202400834948 1.3000000000000043
      vertex -93.15147186257614 -43.848528137423855 1.3000000000000043
      vertex -92.51993374502786 -44.48006625497215 0
    endloop
  endfacet
  facet normal -0.6201109340733174 0.5438226936267653 -0.5654372709145087
    outer loop
      vertex -93.15147186257614 -43.848528137423855 1.3000000000000043
      vertex -93.04797599165052 -43.73051371481046 1.3000000000000043
      vertex -92.33940850452018 -44.27421667049001 0
    endloop
  endfacet
  facet normal -0.6857889045106735 0.45822949611608765 -0.5654372709145079
    outer loop
      vertex -93.04797599165052 -43.73051371481046 1.3000000000000043
      vertex -92.96076951545868 -43.6 1.3000000000000043
      vertex -92.18729644490311 -44.04656488549618 0
    endloop
  endfacet
  facet normal -0.7397328366552025 0.3647958648817204 -0.5654372709145068
    outer loop
      vertex -92.96076951545868 -43.6 1.3000000000000043
      vertex -92.89134456098645 -43.45922011883811 1.3000000000000043
      vertex -92.06620024569011 -43.80100608514891 0
    endloop
  endfacet
  facet normal -0.7810197348719202 0.2651204752586049 -0.5654372709145082
    outer loop
      vertex -92.89134456098645 -43.45922011883811 1.3000000000000043
      vertex -92.84088900845312 -43.31058285412303 1.3000000000000043
      vertex -91.97819189642395 -43.541741848603905 0
    endloop
  endfacet
  facet normal -0.8089431688853709 0.16090880079860184 -0.565437270914511
    outer loop
      vertex -92.84088900845312 -43.31058285412303 1.3000000000000043
      vertex -92.81026616635143 -43.15663143066406 1.3000000000000043
      vertex -91.92477724436107 -43.27320825883006 0
    endloop
  endfacet
  facet normal -0.8230253609977883 0.05394393214456017 -0.565437270914505
    outer loop
      vertex -92.81026616635143 -43.15663143066406 1.3000000000000043
      vertex -92.8 -43 1.3000000000000043
      vertex -91.90687022900764 -43 0
    endloop
  endfacet
  facet normal -0.8230253609977839 -0.05394393214455987 -0.5654372709145117
    outer loop
      vertex -92.8 -43 1.3000000000000043
      vertex -92.81026616635143 -42.84336856933594 1.3000000000000043
      vertex -91.92477724436107 -42.72679174116994 0
    endloop
  endfacet
  facet normal -0.8089431688853729 -0.16090880079860226 -0.5654372709145081
    outer loop
      vertex -92.81026616635143 -42.84336856933594 1.3000000000000043
      vertex -92.84088900845312 -42.68941714587697 1.3000000000000043
      vertex -91.97819189642395 -42.458258151396095 0
    endloop
  endfacet
  facet normal -0.7810197348719204 -0.26512047525860494 -0.5654372709145079
    outer loop
      vertex -92.89134456098645 -42.54077988116189 1.3000000000000043
      vertex -92.06620024569011 -42.19899391485109 0
      vertex -92.84088900845312 -42.68941714587697 1.3000000000000043
    endloop
  endfacet
  facet normal -0.7397328366552012 -0.3647958648817197 -0.5654372709145088
    outer loop
      vertex -92.89134456098645 -42.54077988116189 1.3000000000000043
      vertex -92.96076951545868 -42.4 1.3000000000000043
      vertex -92.18729644490311 -41.95343511450382 0
    endloop
  endfacet
  facet normal -0.6857889045106735 -0.4582294961160876 -0.565437270914508
    outer loop
      vertex -92.96076951545868 -42.4 1.3000000000000043
      vertex -93.04797599165052 -42.26948628518954 1.3000000000000043
      vertex -92.33940850452018 -41.72578332950999 0
    endloop
  endfacet
  facet normal -0.45822949611607816 -0.6857889045106783 -0.5654372709145099
    outer loop
      vertex -93.26948628518953 -42.04797599165052 1.3000000000000043
      vertex -93.4 -41.96076951545867 1.3000000000000043
      vertex -92.95343511450382 -41.187296444903104 0
    endloop
  endfacet
  facet normal -0.5438226936267859 -0.6201109340733035 -0.5654372709145037
    outer loop
      vertex -93.26948628518953 -42.04797599165052 1.3000000000000043
      vertex -92.72578332951 -41.33940850452018 0
      vertex -93.15147186257614 -42.151471862576145 1.3000000000000043
    endloop
  endfacet
  facet normal -0.3647958648816895 -0.7397328366552157 -0.5654372709145091
    outer loop
      vertex -93.5407798811619 -41.891344560986454 1.3000000000000043
      vertex -93.19899391485109 -41.06620024569011 0
      vertex -93.4 -41.96076951545867 1.3000000000000043
    endloop
  endfacet
  facet normal -0.6201109340733172 -0.543822693626765 -0.565437270914509
    outer loop
      vertex -93.04797599165052 -42.26948628518954 1.3000000000000043
      vertex -93.15147186257614 -42.151471862576145 1.3000000000000043
      vertex -92.51993374502786 -41.51993374502785 0
    endloop
  endfacet
  facet normal 0.5555702330196147 0.8314696123025369 0
    outer loop
      vertex 38.4 -44.03923048454133 1.3000000000000043
      vertex 38.26948628518954 -43.95202400834948 1.3000000000000043
      vertex 38.26948628518954 -43.95202400834948 2.5
    endloop
  endfacet
  facet normal 0.4422886902190091 0.8968727415326844 0
    outer loop
      vertex 38.4 -44.03923048454133 1.3000000000000043
      vertex 38.4 -44.03923048454133 2.5
      vertex 38.54077988116189 -44.108655439013546 1.3000000000000043
    endloop
  endfacet
  facet normal 0.7518398074789697 0.6593458151000776 0
    outer loop
      vertex 38.151471862576145 -43.848528137423855 1.3000000000000043
      vertex 38.04797599165052 -43.73051371481046 1.3000000000000043
      vertex 38.04797599165052 -43.73051371481046 2.5
    endloop
  endfacet
  facet normal 0.6593458151000776 0.7518398074789697 0
    outer loop
      vertex 38.151471862576145 -43.848528137423855 1.3000000000000043
      vertex 38.151471862576145 -43.848528137423855 2.5
      vertex 38.26948628518954 -43.95202400834948 1.3000000000000043
    endloop
  endfacet
  facet normal 0.8314696123025369 0.5555702330196147 0
    outer loop
      vertex 38.04797599165052 -43.73051371481046 1.3000000000000043
      vertex 37.96076951545867 -43.6 1.3000000000000043
      vertex 37.96076951545867 -43.6 2.5
    endloop
  endfacet
  facet normal 0.8968727415326844 0.4422886902190091 0
    outer loop
      vertex 37.96076951545867 -43.6 1.3000000000000043
      vertex 37.891344560986454 -43.45922011883811 1.3000000000000043
      vertex 37.891344560986454 -43.45922011883811 2.5
    endloop
  endfacet
  facet normal 0.9469301294951106 0.3214394653031473 0
    outer loop
      vertex 37.84088900845312 -43.31058285412303 1.3000000000000043
      vertex 37.84088900845312 -43.31058285412303 2.5
      vertex 37.891344560986454 -43.45922011883811 1.3000000000000043
    endloop
  endfacet
  facet normal 0.9807852804032281 0.19509032201614016 0
    outer loop
      vertex 37.84088900845312 -43.31058285412303 1.3000000000000043
      vertex 37.810266166351425 -43.15663143066406 1.3000000000000043
      vertex 37.810266166351425 -43.15663143066406 2.5
    endloop
  endfacet
  facet normal 0.9978589232386031 0.06540312923014742 0
    outer loop
      vertex 37.810266166351425 -43.15663143066406 1.3000000000000043
      vertex 37.8 -43 1.3000000000000043
      vertex 37.8 -43 2.5
    endloop
  endfacet
  facet normal 0.9978589232386031 -0.06540312923014742 0
    outer loop
      vertex 37.8 -43 1.3000000000000043
      vertex 37.810266166351425 -42.84336856933594 1.3000000000000043
      vertex 37.810266166351425 -42.84336856933594 2.5
    endloop
  endfacet
  facet normal 0.9807852804032281 -0.19509032201614016 0
    outer loop
      vertex 37.810266166351425 -42.84336856933594 1.3000000000000043
      vertex 37.84088900845312 -42.68941714587697 1.3000000000000043
      vertex 37.84088900845312 -42.68941714587697 2.5
    endloop
  endfacet
  facet normal 0.9469301294951106 -0.3214394653031473 0
    outer loop
      vertex 37.84088900845312 -42.68941714587697 1.3000000000000043
      vertex 37.891344560986454 -42.54077988116189 1.3000000000000043
      vertex 37.891344560986454 -42.54077988116189 2.5
    endloop
  endfacet
  facet normal 0.8968727415326844 -0.4422886902190091 0
    outer loop
      vertex 37.891344560986454 -42.54077988116189 1.3000000000000043
      vertex 37.96076951545867 -42.4 1.3000000000000043
      vertex 37.96076951545867 -42.4 2.5
    endloop
  endfacet
  facet normal 0.8314696123025369 -0.5555702330196147 0
    outer loop
      vertex 37.96076951545867 -42.4 1.3000000000000043
      vertex 38.04797599165052 -42.26948628518954 1.3000000000000043
      vertex 38.04797599165052 -42.26948628518954 2.5
    endloop
  endfacet
  facet normal 0.7518398074789697 -0.6593458151000776 0
    outer loop
      vertex 38.04797599165052 -42.26948628518954 1.3000000000000043
      vertex 38.151471862576145 -42.151471862576145 1.3000000000000043
      vertex 38.151471862576145 -42.151471862576145 2.5
    endloop
  endfacet
  facet normal 0.6593458151000776 -0.7518398074789697 0
    outer loop
      vertex 38.151471862576145 -42.151471862576145 1.3000000000000043
      vertex 38.26948628518954 -42.04797599165052 1.3000000000000043
      vertex 38.26948628518954 -42.04797599165052 2.5
    endloop
  endfacet
  facet normal 0.5555702330196147 -0.8314696123025369 0
    outer loop
      vertex 38.26948628518954 -42.04797599165052 1.3000000000000043
      vertex 38.4 -41.96076951545867 1.3000000000000043
      vertex 38.4 -41.96076951545867 2.5
    endloop
  endfacet
  facet normal 0.4422886902190091 -0.8968727415326844 0
    outer loop
      vertex 38.4 -41.96076951545867 1.3000000000000043
      vertex 38.54077988116189 -41.891344560986454 1.3000000000000043
      vertex 38.54077988116189 -41.891344560986454 2.5
    endloop
  endfacet
  facet normal 0.3214394653031473 0.9469301294951106 0
    outer loop
      vertex 38.54077988116189 -44.108655439013546 1.3000000000000043
      vertex 38.54077988116189 -44.108655439013546 2.5
      vertex 38.68941714587697 -44.15911099154688 1.3000000000000043
    endloop
  endfacet
  facet normal 0.19509032201614016 0.9807852804032281 0
    outer loop
      vertex 38.68941714587697 -44.15911099154688 1.3000000000000043
      vertex 38.68941714587697 -44.15911099154688 2.5
      vertex 38.84336856933594 -44.189733833648575 1.3000000000000043
    endloop
  endfacet
  facet normal 0.06540312923014742 0.9978589232386031 0
    outer loop
      vertex 38.84336856933594 -44.189733833648575 1.3000000000000043
      vertex 38.84336856933594 -44.189733833648575 2.5
      vertex 39 -44.2 1.3000000000000043
    endloop
  endfacet
  facet normal -0.06540312923014742 0.9978589232386031 0
    outer loop
      vertex 39 -44.2 1.3000000000000043
      vertex 39 -44.2 2.5
      vertex 39.15663143066406 -44.189733833648575 1.3000000000000043
    endloop
  endfacet
  facet normal -0.19509032201614016 0.9807852804032281 0
    outer loop
      vertex 39.15663143066406 -44.189733833648575 1.3000000000000043
      vertex 39.15663143066406 -44.189733833648575 2.5
      vertex 39.31058285412303 -44.15911099154688 1.3000000000000043
    endloop
  endfacet
  facet normal -0.3214394653031473 0.9469301294951106 0
    outer loop
      vertex 39.31058285412303 -44.15911099154688 1.3000000000000043
      vertex 39.31058285412303 -44.15911099154688 2.5
      vertex 39.45922011883811 -44.108655439013546 1.3000000000000043
    endloop
  endfacet
  facet normal -0.4422886902190091 0.8968727415326844 0
    outer loop
      vertex 39.45922011883811 -44.108655439013546 1.3000000000000043
      vertex 39.45922011883811 -44.108655439013546 2.5
      vertex 39.6 -44.03923048454133 1.3000000000000043
    endloop
  endfacet
  facet normal -0.5555702330196147 0.8314696123025369 0
    outer loop
      vertex 39.6 -44.03923048454133 1.3000000000000043
      vertex 39.6 -44.03923048454133 2.5
      vertex 39.73051371481046 -43.95202400834948 1.3000000000000043
    endloop
  endfacet
  facet normal -0.6593458151000776 0.7518398074789697 0
    outer loop
      vertex 39.73051371481046 -43.95202400834948 1.3000000000000043
      vertex 39.73051371481046 -43.95202400834948 2.5
      vertex 39.848528137423855 -43.848528137423855 1.3000000000000043
    endloop
  endfacet
  facet normal -0.7518398074789697 0.6593458151000776 0
    outer loop
      vertex 39.848528137423855 -43.848528137423855 1.3000000000000043
      vertex 39.848528137423855 -43.848528137423855 2.5
      vertex 39.95202400834948 -43.73051371481046 1.3000000000000043
    endloop
  endfacet
  facet normal -0.8314696123025369 0.5555702330196147 0
    outer loop
      vertex 39.95202400834948 -43.73051371481046 1.3000000000000043
      vertex 39.95202400834948 -43.73051371481046 2.5
      vertex 40.03923048454133 -43.6 1.3000000000000043
    endloop
  endfacet
  facet normal -0.8968727415326844 0.4422886902190091 0
    outer loop
      vertex 40.03923048454133 -43.6 1.3000000000000043
      vertex 40.03923048454133 -43.6 2.5
      vertex 40.108655439013546 -43.45922011883811 1.3000000000000043
    endloop
  endfacet
  facet normal -0.9469301294951106 0.3214394653031473 0
    outer loop
      vertex 40.108655439013546 -43.45922011883811 1.3000000000000043
      vertex 40.108655439013546 -43.45922011883811 2.5
      vertex 40.15911099154688 -43.31058285412303 1.3000000000000043
    endloop
  endfacet
  facet normal -0.9807852804032281 0.19509032201614016 0
    outer loop
      vertex 40.15911099154688 -43.31058285412303 1.3000000000000043
      vertex 40.15911099154688 -43.31058285412303 2.5
      vertex 40.189733833648575 -43.15663143066406 1.3000000000000043
    endloop
  endfacet
  facet normal -0.9978589232386031 0.06540312923014742 0
    outer loop
      vertex 40.189733833648575 -43.15663143066406 1.3000000000000043
      vertex 40.189733833648575 -43.15663143066406 2.5
      vertex 40.2 -43 1.3000000000000043
    endloop
  endfacet
  facet normal -0.9807852804032281 -0.19509032201614016 0
    outer loop
      vertex 40.189733833648575 -42.84336856933594 1.3000000000000043
      vertex 40.189733833648575 -42.84336856933594 2.5
      vertex 40.15911099154688 -42.68941714587697 1.3000000000000043
    endloop
  endfacet
  facet normal -0.9978589232386031 -0.06540312923014742 0
    outer loop
      vertex 40.2 -43 1.3000000000000043
      vertex 40.2 -43 2.5
      vertex 40.189733833648575 -42.84336856933594 1.3000000000000043
    endloop
  endfacet
  facet normal -0.9469301294951106 -0.3214394653031473 0
    outer loop
      vertex 40.15911099154688 -42.68941714587697 1.3000000000000043
      vertex 40.15911099154688 -42.68941714587697 2.5
      vertex 40.108655439013546 -42.54077988116189 1.3000000000000043
    endloop
  endfacet
  facet normal -0.8968727415326844 -0.4422886902190091 0
    outer loop
      vertex 40.108655439013546 -42.54077988116189 1.3000000000000043
      vertex 40.108655439013546 -42.54077988116189 2.5
      vertex 40.03923048454133 -42.4 1.3000000000000043
    endloop
  endfacet
  facet normal -0.8314696123025369 -0.5555702330196147 0
    outer loop
      vertex 39.95202400834948 -42.26948628518954 1.3000000000000043
      vertex 40.03923048454133 -42.4 1.3000000000000043
      vertex 40.03923048454133 -42.4 2.5
    endloop
  endfacet
  facet normal -0.6593458151000776 -0.7518398074789697 0
    outer loop
      vertex 39.73051371481046 -42.04797599165052 1.3000000000000043
      vertex 39.848528137423855 -42.151471862576145 1.3000000000000043
      vertex 39.848528137423855 -42.151471862576145 2.5
    endloop
  endfacet
  facet normal -0.7518398074789697 -0.6593458151000776 0
    outer loop
      vertex 39.95202400834948 -42.26948628518954 1.3000000000000043
      vertex 39.95202400834948 -42.26948628518954 2.5
      vertex 39.848528137423855 -42.151471862576145 1.3000000000000043
    endloop
  endfacet
  facet normal 0.3214394653031473 -0.9469301294951106 0
    outer loop
      vertex 38.54077988116189 -41.891344560986454 1.3000000000000043
      vertex 38.68941714587697 -41.84088900845312 1.3000000000000043
      vertex 38.68941714587697 -41.84088900845312 2.5
    endloop
  endfacet
  facet normal 0.19509032201614016 -0.9807852804032281 0
    outer loop
      vertex 38.68941714587697 -41.84088900845312 1.3000000000000043
      vertex 38.84336856933594 -41.810266166351425 1.3000000000000043
      vertex 38.84336856933594 -41.810266166351425 2.5
    endloop
  endfacet
  facet normal 0.06540312923014742 -0.9978589232386031 0
    outer loop
      vertex 38.84336856933594 -41.810266166351425 1.3000000000000043
      vertex 39 -41.8 1.3000000000000043
      vertex 39 -41.8 2.5
    endloop
  endfacet
  facet normal -0.06540312923014742 -0.9978589232386031 0
    outer loop
      vertex 39 -41.8 1.3000000000000043
      vertex 39.15663143066406 -41.810266166351425 1.3000000000000043
      vertex 39.15663143066406 -41.810266166351425 2.5
    endloop
  endfacet
  facet normal -0.3214394653031473 -0.9469301294951106 0
    outer loop
      vertex 39.45922011883811 -41.891344560986454 1.3000000000000043
      vertex 39.45922011883811 -41.891344560986454 2.5
      vertex 39.31058285412303 -41.84088900845312 1.3000000000000043
    endloop
  endfacet
  facet normal -0.19509032201614016 -0.9807852804032281 0
    outer loop
      vertex 39.15663143066406 -41.810266166351425 1.3000000000000043
      vertex 39.31058285412303 -41.84088900845312 1.3000000000000043
      vertex 39.31058285412303 -41.84088900845312 2.5
    endloop
  endfacet
  facet normal -0.4422886902190091 -0.8968727415326844 0
    outer loop
      vertex 39.45922011883811 -41.891344560986454 1.3000000000000043
      vertex 39.6 -41.96076951545867 1.3000000000000043
      vertex 39.6 -41.96076951545867 2.5
    endloop
  endfacet
  facet normal -0.5555702330196147 -0.8314696123025369 0
    outer loop
      vertex 39.73051371481046 -42.04797599165052 1.3000000000000043
      vertex 39.73051371481046 -42.04797599165052 2.5
      vertex 39.6 -41.96076951545867 1.3000000000000043
    endloop
  endfacet
  facet normal 0.8968727415326844 0.4422886902190091 0
    outer loop
      vertex 37.96076951545867 -43.6 1.3000000000000043
      vertex 37.891344560986454 -43.45922011883811 2.5
      vertex 37.96076951545867 -43.6 2.5
    endloop
  endfacet
  facet normal 0.6593458151000776 0.7518398074789697 0
    outer loop
      vertex 38.26948628518954 -43.95202400834948 1.3000000000000043
      vertex 38.151471862576145 -43.848528137423855 2.5
      vertex 38.26948628518954 -43.95202400834948 2.5
    endloop
  endfacet
  facet normal 0.5555702330196147 0.8314696123025369 0
    outer loop
      vertex 38.4 -44.03923048454133 1.3000000000000043
      vertex 38.26948628518954 -43.95202400834948 2.5
      vertex 38.4 -44.03923048454133 2.5
    endloop
  endfacet
  facet normal 0.4422886902190091 0.8968727415326844 0
    outer loop
      vertex 38.54077988116189 -44.108655439013546 1.3000000000000043
      vertex 38.4 -44.03923048454133 2.5
      vertex 38.54077988116189 -44.108655439013546 2.5
    endloop
  endfacet
  facet normal 0.7518398074789697 0.6593458151000776 0
    outer loop
      vertex 38.151471862576145 -43.848528137423855 1.3000000000000043
      vertex 38.04797599165052 -43.73051371481046 2.5
      vertex 38.151471862576145 -43.848528137423855 2.5
    endloop
  endfacet
  facet normal 0.8314696123025369 0.5555702330196147 0
    outer loop
      vertex 38.04797599165052 -43.73051371481046 1.3000000000000043
      vertex 37.96076951545867 -43.6 2.5
      vertex 38.04797599165052 -43.73051371481046 2.5
    endloop
  endfacet
  facet normal 0.9469301294951106 0.3214394653031473 0
    outer loop
      vertex 37.891344560986454 -43.45922011883811 1.3000000000000043
      vertex 37.84088900845312 -43.31058285412303 2.5
      vertex 37.891344560986454 -43.45922011883811 2.5
    endloop
  endfacet
  facet normal 0.9807852804032281 0.19509032201614016 0
    outer loop
      vertex 37.84088900845312 -43.31058285412303 1.3000000000000043
      vertex 37.810266166351425 -43.15663143066406 2.5
      vertex 37.84088900845312 -43.31058285412303 2.5
    endloop
  endfacet
  facet normal 0.9978589232386031 0.06540312923014742 0
    outer loop
      vertex 37.810266166351425 -43.15663143066406 1.3000000000000043
      vertex 37.8 -43 2.5
      vertex 37.810266166351425 -43.15663143066406 2.5
    endloop
  endfacet
  facet normal 0.9978589232386031 -0.06540312923014742 0
    outer loop
      vertex 37.8 -43 1.3000000000000043
      vertex 37.810266166351425 -42.84336856933594 2.5
      vertex 37.8 -43 2.5
    endloop
  endfacet
  facet normal 0.9807852804032281 -0.19509032201614016 0
    outer loop
      vertex 37.810266166351425 -42.84336856933594 1.3000000000000043
      vertex 37.84088900845312 -42.68941714587697 2.5
      vertex 37.810266166351425 -42.84336856933594 2.5
    endloop
  endfacet
  facet normal 0.9469301294951106 -0.3214394653031473 0
    outer loop
      vertex 37.84088900845312 -42.68941714587697 1.3000000000000043
      vertex 37.891344560986454 -42.54077988116189 2.5
      vertex 37.84088900845312 -42.68941714587697 2.5
    endloop
  endfacet
  facet normal 0.8968727415326844 -0.4422886902190091 0
    outer loop
      vertex 37.891344560986454 -42.54077988116189 1.3000000000000043
      vertex 37.96076951545867 -42.4 2.5
      vertex 37.891344560986454 -42.54077988116189 2.5
    endloop
  endfacet
  facet normal 0.8314696123025369 -0.5555702330196147 0
    outer loop
      vertex 37.96076951545867 -42.4 1.3000000000000043
      vertex 38.04797599165052 -42.26948628518954 2.5
      vertex 37.96076951545867 -42.4 2.5
    endloop
  endfacet
  facet normal 0.7518398074789697 -0.6593458151000776 0
    outer loop
      vertex 38.04797599165052 -42.26948628518954 1.3000000000000043
      vertex 38.151471862576145 -42.151471862576145 2.5
      vertex 38.04797599165052 -42.26948628518954 2.5
    endloop
  endfacet
  facet normal 0.6593458151000776 -0.7518398074789697 0
    outer loop
      vertex 38.151471862576145 -42.151471862576145 1.3000000000000043
      vertex 38.26948628518954 -42.04797599165052 2.5
      vertex 38.151471862576145 -42.151471862576145 2.5
    endloop
  endfacet
  facet normal 0.5555702330196147 -0.8314696123025369 0
    outer loop
      vertex 38.26948628518954 -42.04797599165052 1.3000000000000043
      vertex 38.4 -41.96076951545867 2.5
      vertex 38.26948628518954 -42.04797599165052 2.5
    endloop
  endfacet
  facet normal 0.4422886902190091 -0.8968727415326844 0
    outer loop
      vertex 38.4 -41.96076951545867 1.3000000000000043
      vertex 38.54077988116189 -41.891344560986454 2.5
      vertex 38.4 -41.96076951545867 2.5
    endloop
  endfacet
  facet normal 0.3214394653031473 0.9469301294951106 0
    outer loop
      vertex 38.68941714587697 -44.15911099154688 1.3000000000000043
      vertex 38.54077988116189 -44.108655439013546 2.5
      vertex 38.68941714587697 -44.15911099154688 2.5
    endloop
  endfacet
  facet normal 0.19509032201614016 0.9807852804032281 0
    outer loop
      vertex 38.84336856933594 -44.189733833648575 1.3000000000000043
      vertex 38.68941714587697 -44.15911099154688 2.5
      vertex 38.84336856933594 -44.189733833648575 2.5
    endloop
  endfacet
  facet normal 0.06540312923014742 0.9978589232386031 0
    outer loop
      vertex 39 -44.2 1.3000000000000043
      vertex 38.84336856933594 -44.189733833648575 2.5
      vertex 39 -44.2 2.5
    endloop
  endfacet
  facet normal -0.06540312923014742 0.9978589232386031 0
    outer loop
      vertex 39.15663143066406 -44.189733833648575 1.3000000000000043
      vertex 39 -44.2 2.5
      vertex 39.15663143066406 -44.189733833648575 2.5
    endloop
  endfacet
  facet normal -0.19509032201614016 0.9807852804032281 0
    outer loop
      vertex 39.31058285412303 -44.15911099154688 1.3000000000000043
      vertex 39.15663143066406 -44.189733833648575 2.5
      vertex 39.31058285412303 -44.15911099154688 2.5
    endloop
  endfacet
  facet normal -0.3214394653031473 0.9469301294951106 0
    outer loop
      vertex 39.45922011883811 -44.108655439013546 1.3000000000000043
      vertex 39.31058285412303 -44.15911099154688 2.5
      vertex 39.45922011883811 -44.108655439013546 2.5
    endloop
  endfacet
  facet normal -0.4422886902190091 0.8968727415326844 0
    outer loop
      vertex 39.6 -44.03923048454133 1.3000000000000043
      vertex 39.45922011883811 -44.108655439013546 2.5
      vertex 39.6 -44.03923048454133 2.5
    endloop
  endfacet
  facet normal -0.5555702330196147 0.8314696123025369 0
    outer loop
      vertex 39.73051371481046 -43.95202400834948 1.3000000000000043
      vertex 39.6 -44.03923048454133 2.5
      vertex 39.73051371481046 -43.95202400834948 2.5
    endloop
  endfacet
  facet normal -0.6593458151000776 0.7518398074789697 0
    outer loop
      vertex 39.848528137423855 -43.848528137423855 1.3000000000000043
      vertex 39.73051371481046 -43.95202400834948 2.5
      vertex 39.848528137423855 -43.848528137423855 2.5
    endloop
  endfacet
  facet normal -0.7518398074789697 0.6593458151000776 0
    outer loop
      vertex 39.95202400834948 -43.73051371481046 1.3000000000000043
      vertex 39.848528137423855 -43.848528137423855 2.5
      vertex 39.95202400834948 -43.73051371481046 2.5
    endloop
  endfacet
  facet normal -0.8314696123025369 0.5555702330196147 0
    outer loop
      vertex 40.03923048454133 -43.6 1.3000000000000043
      vertex 39.95202400834948 -43.73051371481046 2.5
      vertex 40.03923048454133 -43.6 2.5
    endloop
  endfacet
  facet normal -0.8968727415326844 0.4422886902190091 0
    outer loop
      vertex 40.108655439013546 -43.45922011883811 1.3000000000000043
      vertex 40.03923048454133 -43.6 2.5
      vertex 40.108655439013546 -43.45922011883811 2.5
    endloop
  endfacet
  facet normal -0.9469301294951106 0.3214394653031473 0
    outer loop
      vertex 40.15911099154688 -43.31058285412303 1.3000000000000043
      vertex 40.108655439013546 -43.45922011883811 2.5
      vertex 40.15911099154688 -43.31058285412303 2.5
    endloop
  endfacet
  facet normal -0.9807852804032281 0.19509032201614016 0
    outer loop
      vertex 40.189733833648575 -43.15663143066406 1.3000000000000043
      vertex 40.15911099154688 -43.31058285412303 2.5
      vertex 40.189733833648575 -43.15663143066406 2.5
    endloop
  endfacet
  facet normal -0.9978589232386031 0.06540312923014742 0
    outer loop
      vertex 40.2 -43 1.3000000000000043
      vertex 40.189733833648575 -43.15663143066406 2.5
      vertex 40.2 -43 2.5
    endloop
  endfacet
  facet normal -0.9978589232386031 -0.06540312923014742 0
    outer loop
      vertex 40.189733833648575 -42.84336856933594 1.3000000000000043
      vertex 40.2 -43 2.5
      vertex 40.189733833648575 -42.84336856933594 2.5
    endloop
  endfacet
  facet normal -0.9807852804032281 -0.19509032201614016 0
    outer loop
      vertex 40.15911099154688 -42.68941714587697 1.3000000000000043
      vertex 40.189733833648575 -42.84336856933594 2.5
      vertex 40.15911099154688 -42.68941714587697 2.5
    endloop
  endfacet
  facet normal -0.9469301294951106 -0.3214394653031473 0
    outer loop
      vertex 40.108655439013546 -42.54077988116189 1.3000000000000043
      vertex 40.15911099154688 -42.68941714587697 2.5
      vertex 40.108655439013546 -42.54077988116189 2.5
    endloop
  endfacet
  facet normal -0.8968727415326844 -0.4422886902190091 0
    outer loop
      vertex 40.03923048454133 -42.4 1.3000000000000043
      vertex 40.108655439013546 -42.54077988116189 2.5
      vertex 40.03923048454133 -42.4 2.5
    endloop
  endfacet
  facet normal -0.8314696123025369 -0.5555702330196147 0
    outer loop
      vertex 39.95202400834948 -42.26948628518954 1.3000000000000043
      vertex 40.03923048454133 -42.4 2.5
      vertex 39.95202400834948 -42.26948628518954 2.5
    endloop
  endfacet
  facet normal -0.7518398074789697 -0.6593458151000776 0
    outer loop
      vertex 39.848528137423855 -42.151471862576145 1.3000000000000043
      vertex 39.95202400834948 -42.26948628518954 2.5
      vertex 39.848528137423855 -42.151471862576145 2.5
    endloop
  endfacet
  facet normal -0.6593458151000776 -0.7518398074789697 0
    outer loop
      vertex 39.73051371481046 -42.04797599165052 1.3000000000000043
      vertex 39.848528137423855 -42.151471862576145 2.5
      vertex 39.73051371481046 -42.04797599165052 2.5
    endloop
  endfacet
  facet normal 0.3214394653031473 -0.9469301294951106 0
    outer loop
      vertex 38.54077988116189 -41.891344560986454 1.3000000000000043
      vertex 38.68941714587697 -41.84088900845312 2.5
      vertex 38.54077988116189 -41.891344560986454 2.5
    endloop
  endfacet
  facet normal 0.19509032201614016 -0.9807852804032281 0
    outer loop
      vertex 38.68941714587697 -41.84088900845312 1.3000000000000043
      vertex 38.84336856933594 -41.810266166351425 2.5
      vertex 38.68941714587697 -41.84088900845312 2.5
    endloop
  endfacet
  facet normal 0.06540312923014742 -0.9978589232386031 0
    outer loop
      vertex 38.84336856933594 -41.810266166351425 1.3000000000000043
      vertex 39 -41.8 2.5
      vertex 38.84336856933594 -41.810266166351425 2.5
    endloop
  endfacet
  facet normal -0.06540312923014742 -0.9978589232386031 0
    outer loop
      vertex 39 -41.8 1.3000000000000043
      vertex 39.15663143066406 -41.810266166351425 2.5
      vertex 39 -41.8 2.5
    endloop
  endfacet
  facet normal -0.19509032201614016 -0.9807852804032281 0
    outer loop
      vertex 39.15663143066406 -41.810266166351425 1.3000000000000043
      vertex 39.31058285412303 -41.84088900845312 2.5
      vertex 39.15663143066406 -41.810266166351425 2.5
    endloop
  endfacet
  facet normal -0.3214394653031473 -0.9469301294951106 0
    outer loop
      vertex 39.31058285412303 -41.84088900845312 1.3000000000000043
      vertex 39.45922011883811 -41.891344560986454 2.5
      vertex 39.31058285412303 -41.84088900845312 2.5
    endloop
  endfacet
  facet normal -0.4422886902190091 -0.8968727415326844 0
    outer loop
      vertex 39.45922011883811 -41.891344560986454 1.3000000000000043
      vertex 39.6 -41.96076951545867 2.5
      vertex 39.45922011883811 -41.891344560986454 2.5
    endloop
  endfacet
  facet normal -0.5555702330196147 -0.8314696123025369 0
    outer loop
      vertex 39.6 -41.96076951545867 1.3000000000000043
      vertex 39.73051371481046 -42.04797599165052 2.5
      vertex 39.6 -41.96076951545867 2.5
    endloop
  endfacet
  facet normal 0.7397328366552165 0.3647958648816902 -0.5654372709145078
    outer loop
      vertex 37.891344560986454 -43.45922011883811 1.3000000000000043
      vertex 37.187296444903104 -44.04656488549618 0
      vertex 37.06620024569011 -43.80100608514891 0
    endloop
  endfacet
  facet normal 0.7810197348719112 0.2651204752586264 -0.5654372709145105
    outer loop
      vertex 37.84088900845312 -43.31058285412303 1.3000000000000043
      vertex 37.06620024569011 -43.80100608514891 0
      vertex 36.978191896423944 -43.541741848603905 0
    endloop
  endfacet
  facet normal 0.5438226936267504 0.6201109340733285 -0.5654372709145106
    outer loop
      vertex 38.151471862576145 -43.848528137423855 1.3000000000000043
      vertex 37.72578332950999 -44.66059149547982 0
      vertex 37.51993374502785 -44.48006625497215 0
    endloop
  endfacet
  facet normal 0.26512047525862675 0.7810197348719126 -0.5654372709145085
    outer loop
      vertex 38.54077988116189 -44.108655439013546 1.3000000000000043
      vertex 38.458258151396095 -45.021808103576056 0
      vertex 38.19899391485109 -44.93379975430989 0
    endloop
  endfacet
  facet normal 0.45822949611610114 0.685788904510664 -0.5654372709145086
    outer loop
      vertex 38.26948628518954 -43.95202400834948 1.3000000000000043
      vertex 37.95343511450382 -44.812703555096896 0
      vertex 37.72578332950999 -44.66059149547982 0
    endloop
  endfacet
  facet normal 0.3647958648816902 0.7397328366552166 -0.5654372709145077
    outer loop
      vertex 38.4 -44.03923048454133 1.3000000000000043
      vertex 38.19899391485109 -44.93379975430989 0
      vertex 37.95343511450382 -44.812703555096896 0
    endloop
  endfacet
  facet normal 0.6201109340733294 0.5438226936267508 -0.5654372709145091
    outer loop
      vertex 38.04797599165052 -43.73051371481046 1.3000000000000043
      vertex 37.51993374502785 -44.48006625497215 0
      vertex 37.33940850452018 -44.27421667049001 0
    endloop
  endfacet
  facet normal 0.6857889045106647 0.4582294961161016 -0.5654372709145075
    outer loop
      vertex 37.96076951545867 -43.6 1.3000000000000043
      vertex 37.33940850452018 -44.27421667049001 0
      vertex 37.187296444903104 -44.04656488549618 0
    endloop
  endfacet
  facet normal 0.8089431688853768 0.1609088007985807 -0.5654372709145086
    outer loop
      vertex 37.810266166351425 -43.15663143066406 1.3000000000000043
      vertex 36.978191896423944 -43.541741848603905 0
      vertex 36.924777244361074 -43.27320825883006 0
    endloop
  endfacet
  facet normal 0.8230253609977863 0.053943932144556415 -0.5654372709145082
    outer loop
      vertex 37.8 -43 1.3000000000000043
      vertex 36.924777244361074 -43.27320825883006 0
      vertex 36.90687022900763 -43 0
    endloop
  endfacet
  facet normal 0.8230253609977862 -0.0539439321445564 -0.5654372709145085
    outer loop
      vertex 37.810266166351425 -42.84336856933594 1.3000000000000043
      vertex 36.90687022900763 -43 0
      vertex 36.924777244361074 -42.72679174116994 0
    endloop
  endfacet
  facet normal 0.8089431688853755 -0.16090880079858044 -0.5654372709145103
    outer loop
      vertex 37.84088900845312 -42.68941714587697 1.3000000000000043
      vertex 36.924777244361074 -42.72679174116994 0
      vertex 36.978191896423944 -42.458258151396095 0
    endloop
  endfacet
  facet normal 0.7810197348719126 -0.26512047525862675 -0.5654372709145085
    outer loop
      vertex 37.891344560986454 -42.54077988116189 1.3000000000000043
      vertex 36.978191896423944 -42.458258151396095 0
      vertex 37.06620024569011 -42.19899391485109 0
    endloop
  endfacet
  facet normal 0.7397328366552166 -0.3647958648816902 -0.5654372709145077
    outer loop
      vertex 37.96076951545867 -42.4 1.3000000000000043
      vertex 37.06620024569011 -42.19899391485109 0
      vertex 37.187296444903104 -41.95343511450382 0
    endloop
  endfacet
  facet normal 0.685788904510664 -0.45822949611610114 -0.5654372709145086
    outer loop
      vertex 38.04797599165052 -42.26948628518954 1.3000000000000043
      vertex 37.187296444903104 -41.95343511450382 0
      vertex 37.33940850452018 -41.72578332950999 0
    endloop
  endfacet
  facet normal 0.6201109340733285 -0.5438226936267504 -0.5654372709145106
    outer loop
      vertex 38.151471862576145 -42.151471862576145 1.3000000000000043
      vertex 37.33940850452018 -41.72578332950999 0
      vertex 37.51993374502785 -41.51993374502785 0
    endloop
  endfacet
  facet normal 0.5438226936267508 -0.6201109340733294 -0.5654372709145091
    outer loop
      vertex 38.26948628518954 -42.04797599165052 1.3000000000000043
      vertex 37.51993374502785 -41.51993374502785 0
      vertex 37.72578332950999 -41.33940850452018 0
    endloop
  endfacet
  facet normal 0.4582294961161016 -0.6857889045106647 -0.5654372709145075
    outer loop
      vertex 38.4 -41.96076951545867 1.3000000000000043
      vertex 37.72578332950999 -41.33940850452018 0
      vertex 37.95343511450382 -41.187296444903104 0
    endloop
  endfacet
  facet normal 0.3647958648816902 -0.7397328366552165 -0.5654372709145078
    outer loop
      vertex 38.54077988116189 -41.891344560986454 1.3000000000000043
      vertex 37.95343511450382 -41.187296444903104 0
      vertex 38.19899391485109 -41.06620024569011 0
    endloop
  endfacet
  facet normal 0.2651204752586264 -0.7810197348719112 -0.5654372709145105
    outer loop
      vertex 38.68941714587697 -41.84088900845312 1.3000000000000043
      vertex 38.19899391485109 -41.06620024569011 0
      vertex 38.458258151396095 -40.978191896423944 0
    endloop
  endfacet
  facet normal 0.16090880079858044 0.8089431688853755 -0.5654372709145103
    outer loop
      vertex 38.68941714587697 -44.15911099154688 1.3000000000000043
      vertex 38.72679174116994 -45.075222755638926 0
      vertex 38.458258151396095 -45.021808103576056 0
    endloop
  endfacet
  facet normal 0.0539439321445564 0.8230253609977862 -0.5654372709145085
    outer loop
      vertex 38.84336856933594 -44.189733833648575 1.3000000000000043
      vertex 39 -45.09312977099237 0
      vertex 38.72679174116994 -45.075222755638926 0
    endloop
  endfacet
  facet normal -0.053943932144556415 0.8230253609977863 -0.5654372709145082
    outer loop
      vertex 39 -44.2 1.3000000000000043
      vertex 39.27320825883006 -45.075222755638926 0
      vertex 39 -45.09312977099237 0
    endloop
  endfacet
  facet normal -0.1609088007985807 0.8089431688853768 -0.5654372709145086
    outer loop
      vertex 39.15663143066406 -44.189733833648575 1.3000000000000043
      vertex 39.541741848603905 -45.021808103576056 0
      vertex 39.27320825883006 -45.075222755638926 0
    endloop
  endfacet
  facet normal -0.2651204752586264 0.7810197348719112 -0.5654372709145105
    outer loop
      vertex 39.31058285412303 -44.15911099154688 1.3000000000000043
      vertex 39.80100608514891 -44.93379975430989 0
      vertex 39.541741848603905 -45.021808103576056 0
    endloop
  endfacet
  facet normal -0.3647958648816902 0.7397328366552165 -0.5654372709145078
    outer loop
      vertex 39.45922011883811 -44.108655439013546 1.3000000000000043
      vertex 40.04656488549618 -44.812703555096896 0
      vertex 39.80100608514891 -44.93379975430989 0
    endloop
  endfacet
  facet normal -0.4582294961161016 0.6857889045106647 -0.5654372709145075
    outer loop
      vertex 39.6 -44.03923048454133 1.3000000000000043
      vertex 40.27421667049001 -44.66059149547982 0
      vertex 40.04656488549618 -44.812703555096896 0
    endloop
  endfacet
  facet normal -0.5438226936267508 0.6201109340733294 -0.5654372709145091
    outer loop
      vertex 39.73051371481046 -43.95202400834948 1.3000000000000043
      vertex 40.48006625497215 -44.48006625497215 0
      vertex 40.27421667049001 -44.66059149547982 0
    endloop
  endfacet
  facet normal -0.6201109340733285 0.5438226936267504 -0.5654372709145106
    outer loop
      vertex 39.848528137423855 -43.848528137423855 1.3000000000000043
      vertex 40.66059149547982 -44.27421667049001 0
      vertex 40.48006625497215 -44.48006625497215 0
    endloop
  endfacet
  facet normal -0.685788904510664 0.45822949611610114 -0.5654372709145086
    outer loop
      vertex 39.95202400834948 -43.73051371481046 1.3000000000000043
      vertex 40.812703555096896 -44.04656488549618 0
      vertex 40.66059149547982 -44.27421667049001 0
    endloop
  endfacet
  facet normal -0.7397328366552166 0.3647958648816902 -0.5654372709145077
    outer loop
      vertex 40.03923048454133 -43.6 1.3000000000000043
      vertex 40.93379975430989 -43.80100608514891 0
      vertex 40.812703555096896 -44.04656488549618 0
    endloop
  endfacet
  facet normal -0.7810197348719126 0.26512047525862675 -0.5654372709145085
    outer loop
      vertex 40.108655439013546 -43.45922011883811 1.3000000000000043
      vertex 41.021808103576056 -43.541741848603905 0
      vertex 40.93379975430989 -43.80100608514891 0
    endloop
  endfacet
  facet normal -0.8089431688853755 0.16090880079858044 -0.5654372709145103
    outer loop
      vertex 40.15911099154688 -43.31058285412303 1.3000000000000043
      vertex 41.075222755638926 -43.27320825883006 0
      vertex 41.021808103576056 -43.541741848603905 0
    endloop
  endfacet
  facet normal -0.8230253609977862 0.0539439321445564 -0.5654372709145085
    outer loop
      vertex 40.189733833648575 -43.15663143066406 1.3000000000000043
      vertex 41.09312977099237 -43 0
      vertex 41.075222755638926 -43.27320825883006 0
    endloop
  endfacet
  facet normal -0.8230253609977863 -0.053943932144556415 -0.5654372709145082
    outer loop
      vertex 40.2 -43 1.3000000000000043
      vertex 41.075222755638926 -42.72679174116994 0
      vertex 41.09312977099237 -43 0
    endloop
  endfacet
  facet normal -0.8089431688853768 -0.1609088007985807 -0.5654372709145086
    outer loop
      vertex 40.189733833648575 -42.84336856933594 1.3000000000000043
      vertex 41.021808103576056 -42.458258151396095 0
      vertex 41.075222755638926 -42.72679174116994 0
    endloop
  endfacet
  facet normal -0.7810197348719112 -0.2651204752586264 -0.5654372709145105
    outer loop
      vertex 40.15911099154688 -42.68941714587697 1.3000000000000043
      vertex 40.93379975430989 -42.19899391485109 0
      vertex 41.021808103576056 -42.458258151396095 0
    endloop
  endfacet
  facet normal -0.7397328366552165 -0.3647958648816902 -0.5654372709145078
    outer loop
      vertex 40.108655439013546 -42.54077988116189 1.3000000000000043
      vertex 40.812703555096896 -41.95343511450382 0
      vertex 40.93379975430989 -42.19899391485109 0
    endloop
  endfacet
  facet normal -0.26512047525862675 -0.7810197348719126 -0.5654372709145085
    outer loop
      vertex 39.45922011883811 -41.891344560986454 1.3000000000000043
      vertex 39.541741848603905 -40.978191896423944 0
      vertex 39.80100608514891 -41.06620024569011 0
    endloop
  endfacet
  facet normal 0.1609088007985807 -0.8089431688853768 -0.5654372709145086
    outer loop
      vertex 38.84336856933594 -41.810266166351425 1.3000000000000043
      vertex 38.458258151396095 -40.978191896423944 0
      vertex 38.72679174116994 -40.924777244361074 0
    endloop
  endfacet
  facet normal 0.053943932144556415 -0.8230253609977863 -0.5654372709145082
    outer loop
      vertex 39 -41.8 1.3000000000000043
      vertex 38.72679174116994 -40.924777244361074 0
      vertex 39 -40.90687022900763 0
    endloop
  endfacet
  facet normal -0.0539439321445564 -0.8230253609977862 -0.5654372709145085
    outer loop
      vertex 39.15663143066406 -41.810266166351425 1.3000000000000043
      vertex 39 -40.90687022900763 0
      vertex 39.27320825883006 -40.924777244361074 0
    endloop
  endfacet
  facet normal -0.16090880079858044 -0.8089431688853755 -0.5654372709145103
    outer loop
      vertex 39.31058285412303 -41.84088900845312 1.3000000000000043
      vertex 39.27320825883006 -40.924777244361074 0
      vertex 39.541741848603905 -40.978191896423944 0
    endloop
  endfacet
  facet normal -0.45822949611610114 -0.685788904510664 -0.5654372709145086
    outer loop
      vertex 39.73051371481046 -42.04797599165052 1.3000000000000043
      vertex 40.04656488549618 -41.187296444903104 0
      vertex 40.27421667049001 -41.33940850452018 0
    endloop
  endfacet
  facet normal -0.3647958648816902 -0.7397328366552166 -0.5654372709145077
    outer loop
      vertex 39.6 -41.96076951545867 1.3000000000000043
      vertex 39.80100608514891 -41.06620024569011 0
      vertex 40.04656488549618 -41.187296444903104 0
    endloop
  endfacet
  facet normal -0.5438226936267504 -0.6201109340733285 -0.5654372709145106
    outer loop
      vertex 39.848528137423855 -42.151471862576145 1.3000000000000043
      vertex 40.27421667049001 -41.33940850452018 0
      vertex 40.48006625497215 -41.51993374502785 0
    endloop
  endfacet
  facet normal -0.6857889045106647 -0.4582294961161016 -0.5654372709145075
    outer loop
      vertex 40.03923048454133 -42.4 1.3000000000000043
      vertex 40.66059149547982 -41.72578332950999 0
      vertex 40.812703555096896 -41.95343511450382 0
    endloop
  endfacet
  facet normal -0.6201109340733294 -0.5438226936267508 -0.5654372709145091
    outer loop
      vertex 39.95202400834948 -42.26948628518954 1.3000000000000043
      vertex 40.48006625497215 -41.51993374502785 0
      vertex 40.66059149547982 -41.72578332950999 0
    endloop
  endfacet
  facet normal 0.36479586488168997 0.7397328366552166 -0.5654372709145078
    outer loop
      vertex 38.4 -44.03923048454133 1.3000000000000043
      vertex 38.54077988116189 -44.108655439013546 1.3000000000000043
      vertex 38.19899391485109 -44.93379975430989 0
    endloop
  endfacet
  facet normal 0.620110934073316 0.543822693626764 -0.5654372709145112
    outer loop
      vertex 38.151471862576145 -43.848528137423855 1.3000000000000043
      vertex 37.51993374502785 -44.48006625497215 0
      vertex 38.04797599165052 -43.73051371481046 1.3000000000000043
    endloop
  endfacet
  facet normal 0.6857889045106558 0.458229496116113 -0.565437270914509
    outer loop
      vertex 38.04797599165052 -43.73051371481046 1.3000000000000043
      vertex 37.33940850452018 -44.27421667049001 0
      vertex 37.96076951545867 -43.6 1.3000000000000043
    endloop
  endfacet
  facet normal 0.7397328366552166 0.36479586488168997 -0.5654372709145077
    outer loop
      vertex 37.96076951545867 -43.6 1.3000000000000043
      vertex 37.187296444903104 -44.04656488549618 0
      vertex 37.891344560986454 -43.45922011883811 1.3000000000000043
    endloop
  endfacet
  facet normal 0.5438226936267653 0.6201109340733174 -0.5654372709145087
    outer loop
      vertex 38.151471862576145 -43.848528137423855 1.3000000000000043
      vertex 38.26948628518954 -43.95202400834948 1.3000000000000043
      vertex 37.72578332950999 -44.66059149547982 0
    endloop
  endfacet
  facet normal 0.4582294961161138 0.685788904510657 -0.565437270914507
    outer loop
      vertex 38.4 -44.03923048454133 1.3000000000000043
      vertex 37.95343511450382 -44.812703555096896 0
      vertex 38.26948628518954 -43.95202400834948 1.3000000000000043
    endloop
  endfacet
  facet normal 0.7810197348719206 0.265120475258605 -0.5654372709145078
    outer loop
      vertex 37.84088900845312 -43.31058285412303 1.3000000000000043
      vertex 37.891344560986454 -43.45922011883811 1.3000000000000043
      vertex 37.06620024569011 -43.80100608514891 0
    endloop
  endfacet
  facet normal 0.8089431688853709 0.16090880079860184 -0.5654372709145111
    outer loop
      vertex 37.84088900845312 -43.31058285412303 1.3000000000000043
      vertex 36.978191896423944 -43.541741848603905 0
      vertex 37.810266166351425 -43.15663143066406 1.3000000000000043
    endloop
  endfacet
  facet normal 0.8230253609977859 0.05394393214456 -0.5654372709145086
    outer loop
      vertex 37.810266166351425 -43.15663143066406 1.3000000000000043
      vertex 36.924777244361074 -43.27320825883006 0
      vertex 37.8 -43 1.3000000000000043
    endloop
  endfacet
  facet normal 0.8230253609977862 -0.05394393214456003 -0.565437270914508
    outer loop
      vertex 37.8 -43 1.3000000000000043
      vertex 36.90687022900763 -43 0
      vertex 37.810266166351425 -42.84336856933594 1.3000000000000043
    endloop
  endfacet
  facet normal 0.808943168885373 -0.16090880079860226 -0.5654372709145079
    outer loop
      vertex 37.810266166351425 -42.84336856933594 1.3000000000000043
      vertex 36.924777244361074 -42.72679174116994 0
      vertex 37.84088900845312 -42.68941714587697 1.3000000000000043
    endloop
  endfacet
  facet normal 0.7810197348719183 -0.2651204752586042 -0.5654372709145111
    outer loop
      vertex 37.84088900845312 -42.68941714587697 1.3000000000000043
      vertex 36.978191896423944 -42.458258151396095 0
      vertex 37.891344560986454 -42.54077988116189 1.3000000000000043
    endloop
  endfacet
  facet normal 0.7397328366552166 -0.36479586488168997 -0.5654372709145078
    outer loop
      vertex 37.891344560986454 -42.54077988116189 1.3000000000000043
      vertex 37.06620024569011 -42.19899391485109 0
      vertex 37.96076951545867 -42.4 1.3000000000000043
    endloop
  endfacet
  facet normal 0.685788904510657 -0.4582294961161138 -0.565437270914507
    outer loop
      vertex 37.96076951545867 -42.4 1.3000000000000043
      vertex 37.187296444903104 -41.95343511450382 0
      vertex 38.04797599165052 -42.26948628518954 1.3000000000000043
    endloop
  endfacet
  facet normal 0.6201109340733174 -0.5438226936267653 -0.5654372709145087
    outer loop
      vertex 38.04797599165052 -42.26948628518954 1.3000000000000043
      vertex 37.33940850452018 -41.72578332950999 0
      vertex 38.151471862576145 -42.151471862576145 1.3000000000000043
    endloop
  endfacet
  facet normal 0.543822693626764 -0.620110934073316 -0.5654372709145112
    outer loop
      vertex 38.151471862576145 -42.151471862576145 1.3000000000000043
      vertex 37.51993374502785 -41.51993374502785 0
      vertex 38.26948628518954 -42.04797599165052 1.3000000000000043
    endloop
  endfacet
  facet normal 0.458229496116113 -0.6857889045106558 -0.565437270914509
    outer loop
      vertex 38.26948628518954 -42.04797599165052 1.3000000000000043
      vertex 37.72578332950999 -41.33940850452018 0
      vertex 38.4 -41.96076951545867 1.3000000000000043
    endloop
  endfacet
  facet normal 0.36479586488168997 -0.7397328366552166 -0.5654372709145077
    outer loop
      vertex 38.4 -41.96076951545867 1.3000000000000043
      vertex 37.95343511450382 -41.187296444903104 0
      vertex 38.54077988116189 -41.891344560986454 1.3000000000000043
    endloop
  endfacet
  facet normal 0.26512047525860494 -0.7810197348719204 -0.5654372709145079
    outer loop
      vertex 38.54077988116189 -41.891344560986454 1.3000000000000043
      vertex 38.19899391485109 -41.06620024569011 0
      vertex 38.68941714587697 -41.84088900845312 1.3000000000000043
    endloop
  endfacet
  facet normal 0.16090880079860226 0.808943168885373 -0.5654372709145079
    outer loop
      vertex 38.68941714587697 -44.15911099154688 1.3000000000000043
      vertex 38.84336856933594 -44.189733833648575 1.3000000000000043
      vertex 38.72679174116994 -45.075222755638926 0
    endloop
  endfacet
  facet normal 0.2651204752586042 0.7810197348719183 -0.5654372709145111
    outer loop
      vertex 38.54077988116189 -44.108655439013546 1.3000000000000043
      vertex 38.68941714587697 -44.15911099154688 1.3000000000000043
      vertex 38.458258151396095 -45.021808103576056 0
    endloop
  endfacet
  facet normal 0.05394393214456003 0.8230253609977862 -0.565437270914508
    outer loop
      vertex 38.84336856933594 -44.189733833648575 1.3000000000000043
      vertex 39 -44.2 1.3000000000000043
      vertex 39 -45.09312977099237 0
    endloop
  endfacet
  facet normal -0.05394393214456 0.8230253609977859 -0.5654372709145086
    outer loop
      vertex 39 -44.2 1.3000000000000043
      vertex 39.15663143066406 -44.189733833648575 1.3000000000000043
      vertex 39.27320825883006 -45.075222755638926 0
    endloop
  endfacet
  facet normal -0.16090880079860184 0.8089431688853708 -0.5654372709145111
    outer loop
      vertex 39.15663143066406 -44.189733833648575 1.3000000000000043
      vertex 39.31058285412303 -44.15911099154688 1.3000000000000043
      vertex 39.541741848603905 -45.021808103576056 0
    endloop
  endfacet
  facet normal -0.265120475258605 0.7810197348719206 -0.5654372709145078
    outer loop
      vertex 39.31058285412303 -44.15911099154688 1.3000000000000043
      vertex 39.45922011883811 -44.108655439013546 1.3000000000000043
      vertex 39.80100608514891 -44.93379975430989 0
    endloop
  endfacet
  facet normal -0.36479586488168997 0.7397328366552166 -0.5654372709145077
    outer loop
      vertex 39.45922011883811 -44.108655439013546 1.3000000000000043
      vertex 39.6 -44.03923048454133 1.3000000000000043
      vertex 40.04656488549618 -44.812703555096896 0
    endloop
  endfacet
  facet normal -0.458229496116113 0.6857889045106558 -0.565437270914509
    outer loop
      vertex 39.6 -44.03923048454133 1.3000000000000043
      vertex 39.73051371481046 -43.95202400834948 1.3000000000000043
      vertex 40.27421667049001 -44.66059149547982 0
    endloop
  endfacet
  facet normal -0.543822693626764 0.620110934073316 -0.5654372709145112
    outer loop
      vertex 39.73051371481046 -43.95202400834948 1.3000000000000043
      vertex 39.848528137423855 -43.848528137423855 1.3000000000000043
      vertex 40.48006625497215 -44.48006625497215 0
    endloop
  endfacet
  facet normal -0.6201109340733174 0.5438226936267653 -0.5654372709145087
    outer loop
      vertex 39.848528137423855 -43.848528137423855 1.3000000000000043
      vertex 39.95202400834948 -43.73051371481046 1.3000000000000043
      vertex 40.66059149547982 -44.27421667049001 0
    endloop
  endfacet
  facet normal -0.685788904510657 0.4582294961161138 -0.565437270914507
    outer loop
      vertex 39.95202400834948 -43.73051371481046 1.3000000000000043
      vertex 40.03923048454133 -43.6 1.3000000000000043
      vertex 40.812703555096896 -44.04656488549618 0
    endloop
  endfacet
  facet normal -0.7397328366552166 0.36479586488168997 -0.5654372709145078
    outer loop
      vertex 40.03923048454133 -43.6 1.3000000000000043
      vertex 40.108655439013546 -43.45922011883811 1.3000000000000043
      vertex 40.93379975430989 -43.80100608514891 0
    endloop
  endfacet
  facet normal -0.7810197348719183 0.2651204752586042 -0.5654372709145111
    outer loop
      vertex 40.108655439013546 -43.45922011883811 1.3000000000000043
      vertex 40.15911099154688 -43.31058285412303 1.3000000000000043
      vertex 41.021808103576056 -43.541741848603905 0
    endloop
  endfacet
  facet normal -0.808943168885373 0.16090880079860226 -0.5654372709145079
    outer loop
      vertex 40.15911099154688 -43.31058285412303 1.3000000000000043
      vertex 40.189733833648575 -43.15663143066406 1.3000000000000043
      vertex 41.075222755638926 -43.27320825883006 0
    endloop
  endfacet
  facet normal -0.8230253609977862 0.05394393214456003 -0.565437270914508
    outer loop
      vertex 40.189733833648575 -43.15663143066406 1.3000000000000043
      vertex 40.2 -43 1.3000000000000043
      vertex 41.09312977099237 -43 0
    endloop
  endfacet
  facet normal -0.8230253609977859 -0.05394393214456 -0.5654372709145086
    outer loop
      vertex 40.2 -43 1.3000000000000043
      vertex 40.189733833648575 -42.84336856933594 1.3000000000000043
      vertex 41.075222755638926 -42.72679174116994 0
    endloop
  endfacet
  facet normal -0.7397328366552166 -0.36479586488168997 -0.5654372709145077
    outer loop
      vertex 40.108655439013546 -42.54077988116189 1.3000000000000043
      vertex 40.03923048454133 -42.4 1.3000000000000043
      vertex 40.812703555096896 -41.95343511450382 0
    endloop
  endfacet
  facet normal -0.6857889045106558 -0.458229496116113 -0.565437270914509
    outer loop
      vertex 39.95202400834948 -42.26948628518954 1.3000000000000043
      vertex 40.66059149547982 -41.72578332950999 0
      vertex 40.03923048454133 -42.4 1.3000000000000043
    endloop
  endfacet
  facet normal -0.8089431688853708 -0.16090880079860184 -0.5654372709145111
    outer loop
      vertex 40.189733833648575 -42.84336856933594 1.3000000000000043
      vertex 40.15911099154688 -42.68941714587697 1.3000000000000043
      vertex 41.021808103576056 -42.458258151396095 0
    endloop
  endfacet
  facet normal -0.7810197348719206 -0.265120475258605 -0.5654372709145078
    outer loop
      vertex 40.15911099154688 -42.68941714587697 1.3000000000000043
      vertex 40.108655439013546 -42.54077988116189 1.3000000000000043
      vertex 40.93379975430989 -42.19899391485109 0
    endloop
  endfacet
  facet normal 0.16090880079860184 -0.8089431688853709 -0.5654372709145111
    outer loop
      vertex 38.68941714587697 -41.84088900845312 1.3000000000000043
      vertex 38.458258151396095 -40.978191896423944 0
      vertex 38.84336856933594 -41.810266166351425 1.3000000000000043
    endloop
  endfacet
  facet normal 0.05394393214456 -0.8230253609977859 -0.5654372709145086
    outer loop
      vertex 38.84336856933594 -41.810266166351425 1.3000000000000043
      vertex 38.72679174116994 -40.924777244361074 0
      vertex 39 -41.8 1.3000000000000043
    endloop
  endfacet
  facet normal -0.05394393214456003 -0.8230253609977862 -0.565437270914508
    outer loop
      vertex 39 -41.8 1.3000000000000043
      vertex 39 -40.90687022900763 0
      vertex 39.15663143066406 -41.810266166351425 1.3000000000000043
    endloop
  endfacet
  facet normal -0.16090880079860226 -0.808943168885373 -0.5654372709145079
    outer loop
      vertex 39.15663143066406 -41.810266166351425 1.3000000000000043
      vertex 39.27320825883006 -40.924777244361074 0
      vertex 39.31058285412303 -41.84088900845312 1.3000000000000043
    endloop
  endfacet
  facet normal -0.2651204752586042 -0.7810197348719183 -0.5654372709145111
    outer loop
      vertex 39.45922011883811 -41.891344560986454 1.3000000000000043
      vertex 39.31058285412303 -41.84088900845312 1.3000000000000043
      vertex 39.541741848603905 -40.978191896423944 0
    endloop
  endfacet
  facet normal -0.36479586488168997 -0.7397328366552166 -0.5654372709145078
    outer loop
      vertex 39.45922011883811 -41.891344560986454 1.3000000000000043
      vertex 39.80100608514891 -41.06620024569011 0
      vertex 39.6 -41.96076951545867 1.3000000000000043
    endloop
  endfacet
  facet normal -0.4582294961161138 -0.685788904510657 -0.565437270914507
    outer loop
      vertex 39.73051371481046 -42.04797599165052 1.3000000000000043
      vertex 39.6 -41.96076951545867 1.3000000000000043
      vertex 40.04656488549618 -41.187296444903104 0
    endloop
  endfacet
  facet normal -0.5438226936267653 -0.6201109340733174 -0.5654372709145087
    outer loop
      vertex 39.73051371481046 -42.04797599165052 1.3000000000000043
      vertex 40.27421667049001 -41.33940850452018 0
      vertex 39.848528137423855 -42.151471862576145 1.3000000000000043
    endloop
  endfacet
  facet normal -0.620110934073316 -0.543822693626764 -0.5654372709145112
    outer loop
      vertex 39.95202400834948 -42.26948628518954 1.3000000000000043
      vertex 39.848528137423855 -42.151471862576145 1.3000000000000043
      vertex 40.48006625497215 -41.51993374502785 0
    endloop
  endfacet
  facet normal 0.5555702330195416 0.8314696123025858 0
    outer loop
      vertex -94.6 43.96076951545868 1.3000000000000043
      vertex -94.73051371481047 44.04797599165052 1.3000000000000043
      vertex -94.73051371481047 44.04797599165052 2.5
    endloop
  endfacet
  facet normal 0.4422886902190455 0.8968727415326664 0
    outer loop
      vertex -94.6 43.96076951545868 1.3000000000000043
      vertex -94.6 43.96076951545868 2.5
      vertex -94.4592201188381 43.891344560986454 1.3000000000000043
    endloop
  endfacet
  facet normal 0.19509032201614016 0.9807852804032281 0
    outer loop
      vertex -94.31058285412303 43.84088900845312 1.3000000000000043
      vertex -94.31058285412303 43.84088900845312 2.5
      vertex -94.15663143066406 43.810266166351425 1.3000000000000043
    endloop
  endfacet
  facet normal 0.32143946530316114 0.9469301294951058 0
    outer loop
      vertex -94.31058285412303 43.84088900845312 1.3000000000000043
      vertex -94.4592201188381 43.891344560986454 1.3000000000000043
      vertex -94.4592201188381 43.891344560986454 2.5
    endloop
  endfacet
  facet normal 0.06540312923014742 0.9978589232386031 0
    outer loop
      vertex -94.15663143066406 43.810266166351425 1.3000000000000043
      vertex -94.15663143066406 43.810266166351425 2.5
      vertex -94 43.8 1.3000000000000043
    endloop
  endfacet
  facet normal -0.06540312923014742 0.9978589232386031 0
    outer loop
      vertex -94 43.8 1.3000000000000043
      vertex -94 43.8 2.5
      vertex -93.84336856933594 43.810266166351425 1.3000000000000043
    endloop
  endfacet
  facet normal -0.19509032201614016 0.9807852804032281 0
    outer loop
      vertex -93.84336856933594 43.810266166351425 1.3000000000000043
      vertex -93.84336856933594 43.810266166351425 2.5
      vertex -93.68941714587697 43.84088900845312 1.3000000000000043
    endloop
  endfacet
  facet normal -0.32143946530316114 0.9469301294951058 0
    outer loop
      vertex -93.68941714587697 43.84088900845312 1.3000000000000043
      vertex -93.68941714587697 43.84088900845312 2.5
      vertex -93.5407798811619 43.891344560986454 1.3000000000000043
    endloop
  endfacet
  facet normal 0.7518398074789895 0.6593458151000552 0
    outer loop
      vertex -94.84852813742386 44.151471862576145 1.3000000000000043
      vertex -94.95202400834948 44.269486285189544 1.3000000000000043
      vertex -94.95202400834948 44.269486285189544 2.5
    endloop
  endfacet
  facet normal 0.6593458151001002 0.7518398074789501 0
    outer loop
      vertex -94.84852813742386 44.151471862576145 1.3000000000000043
      vertex -94.84852813742386 44.151471862576145 2.5
      vertex -94.73051371481047 44.04797599165052 1.3000000000000043
    endloop
  endfacet
  facet normal 0.8314696123025579 0.5555702330195834 0
    outer loop
      vertex -95.03923048454132 44.400000000000006 1.3000000000000043
      vertex -95.03923048454132 44.400000000000006 2.5
      vertex -94.95202400834948 44.269486285189544 1.3000000000000043
    endloop
  endfacet
  facet normal 0.8968727415326487 0.44228869021908146 0
    outer loop
      vertex -95.03923048454132 44.400000000000006 1.3000000000000043
      vertex -95.10865543901355 44.54077988116188 1.3000000000000043
      vertex -95.10865543901355 44.54077988116188 2.5
    endloop
  endfacet
  facet normal 0.9469301294951151 0.32143946530313355 0
    outer loop
      vertex -95.10865543901355 44.54077988116188 1.3000000000000043
      vertex -95.15911099154688 44.68941714587697 1.3000000000000043
      vertex -95.15911099154688 44.68941714587697 2.5
    endloop
  endfacet
  facet normal 0.9978589232386031 0.06540312923014742 0
    outer loop
      vertex -95.18973383364857 44.84336856933594 1.3000000000000043
      vertex -95.2 45 1.3000000000000043
      vertex -95.2 45 2.5
    endloop
  endfacet
  facet normal 0.9807852804032281 0.19509032201614016 0
    outer loop
      vertex -95.15911099154688 44.68941714587697 1.3000000000000043
      vertex -95.18973383364857 44.84336856933594 1.3000000000000043
      vertex -95.18973383364857 44.84336856933594 2.5
    endloop
  endfacet
  facet normal 0.9978589232386031 -0.06540312923014742 0
    outer loop
      vertex -95.2 45 1.3000000000000043
      vertex -95.18973383364857 45.15663143066406 1.3000000000000043
      vertex -95.18973383364857 45.15663143066406 2.5
    endloop
  endfacet
  facet normal 0.9807852804032281 -0.19509032201614016 0
    outer loop
      vertex -95.18973383364857 45.15663143066406 1.3000000000000043
      vertex -95.15911099154688 45.31058285412303 1.3000000000000043
      vertex -95.15911099154688 45.31058285412303 2.5
    endloop
  endfacet
  facet normal 0.9469301294951151 -0.32143946530313355 0
    outer loop
      vertex -95.15911099154688 45.31058285412303 1.3000000000000043
      vertex -95.10865543901355 45.45922011883812 1.3000000000000043
      vertex -95.10865543901355 45.45922011883812 2.5
    endloop
  endfacet
  facet normal 0.8968727415326487 -0.44228869021908146 0
    outer loop
      vertex -95.10865543901355 45.45922011883812 1.3000000000000043
      vertex -95.03923048454132 45.599999999999994 1.3000000000000043
      vertex -95.03923048454132 45.599999999999994 2.5
    endloop
  endfacet
  facet normal 0.8314696123025579 -0.5555702330195834 0
    outer loop
      vertex -95.03923048454132 45.599999999999994 1.3000000000000043
      vertex -94.95202400834948 45.730513714810456 1.3000000000000043
      vertex -94.95202400834948 45.730513714810456 2.5
    endloop
  endfacet
  facet normal 0.7518398074789895 -0.6593458151000552 0
    outer loop
      vertex -94.95202400834948 45.730513714810456 1.3000000000000043
      vertex -94.84852813742386 45.848528137423855 1.3000000000000043
      vertex -94.84852813742386 45.848528137423855 2.5
    endloop
  endfacet
  facet normal 0.6593458151001002 -0.7518398074789501 0
    outer loop
      vertex -94.84852813742386 45.848528137423855 1.3000000000000043
      vertex -94.73051371481047 45.95202400834948 1.3000000000000043
      vertex -94.73051371481047 45.95202400834948 2.5
    endloop
  endfacet
  facet normal 0.5555702330195416 -0.8314696123025858 0
    outer loop
      vertex -94.73051371481047 45.95202400834948 1.3000000000000043
      vertex -94.6 46.03923048454132 1.3000000000000043
      vertex -94.6 46.03923048454132 2.5
    endloop
  endfacet
  facet normal 0.4422886902190455 -0.8968727415326664 0
    outer loop
      vertex -94.6 46.03923048454132 1.3000000000000043
      vertex -94.4592201188381 46.108655439013546 1.3000000000000043
      vertex -94.4592201188381 46.108655439013546 2.5
    endloop
  endfacet
  facet normal 0.32143946530316114 -0.9469301294951058 0
    outer loop
      vertex -94.4592201188381 46.108655439013546 1.3000000000000043
      vertex -94.31058285412303 46.15911099154688 1.3000000000000043
      vertex -94.31058285412303 46.15911099154688 2.5
    endloop
  endfacet
  facet normal 0.19509032201614016 -0.9807852804032281 0
    outer loop
      vertex -94.31058285412303 46.15911099154688 1.3000000000000043
      vertex -94.15663143066406 46.189733833648575 1.3000000000000043
      vertex -94.15663143066406 46.189733833648575 2.5
    endloop
  endfacet
  facet normal 0.06540312923014742 -0.9978589232386031 0
    outer loop
      vertex -94.15663143066406 46.189733833648575 1.3000000000000043
      vertex -94 46.2 1.3000000000000043
      vertex -94 46.2 2.5
    endloop
  endfacet
  facet normal -0.06540312923014742 -0.9978589232386031 0
    outer loop
      vertex -94 46.2 1.3000000000000043
      vertex -93.84336856933594 46.189733833648575 1.3000000000000043
      vertex -93.84336856933594 46.189733833648575 2.5
    endloop
  endfacet
  facet normal -0.19509032201614016 -0.9807852804032281 0
    outer loop
      vertex -93.84336856933594 46.189733833648575 1.3000000000000043
      vertex -93.68941714587697 46.15911099154688 1.3000000000000043
      vertex -93.68941714587697 46.15911099154688 2.5
    endloop
  endfacet
  facet normal -0.32143946530316114 -0.9469301294951058 0
    outer loop
      vertex -93.68941714587697 46.15911099154688 1.3000000000000043
      vertex -93.5407798811619 46.108655439013546 1.3000000000000043
      vertex -93.5407798811619 46.108655439013546 2.5
    endloop
  endfacet
  facet normal -0.4422886902190455 0.8968727415326664 0
    outer loop
      vertex -93.5407798811619 43.891344560986454 1.3000000000000043
      vertex -93.5407798811619 43.891344560986454 2.5
      vertex -93.4 43.96076951545868 1.3000000000000043
    endloop
  endfacet
  facet normal -0.5555702330195416 0.8314696123025858 0
    outer loop
      vertex -93.4 43.96076951545868 1.3000000000000043
      vertex -93.4 43.96076951545868 2.5
      vertex -93.26948628518953 44.04797599165052 1.3000000000000043
    endloop
  endfacet
  facet normal -0.6593458151001002 0.7518398074789501 0
    outer loop
      vertex -93.26948628518953 44.04797599165052 1.3000000000000043
      vertex -93.26948628518953 44.04797599165052 2.5
      vertex -93.15147186257614 44.151471862576145 1.3000000000000043
    endloop
  endfacet
  facet normal -0.7518398074789895 0.6593458151000552 0
    outer loop
      vertex -93.15147186257614 44.151471862576145 1.3000000000000043
      vertex -93.15147186257614 44.151471862576145 2.5
      vertex -93.04797599165052 44.269486285189544 1.3000000000000043
    endloop
  endfacet
  facet normal -0.8314696123025579 0.5555702330195834 0
    outer loop
      vertex -93.04797599165052 44.269486285189544 1.3000000000000043
      vertex -93.04797599165052 44.269486285189544 2.5
      vertex -92.96076951545868 44.400000000000006 1.3000000000000043
    endloop
  endfacet
  facet normal -0.8968727415326487 0.44228869021908146 0
    outer loop
      vertex -92.96076951545868 44.400000000000006 1.3000000000000043
      vertex -92.96076951545868 44.400000000000006 2.5
      vertex -92.89134456098645 44.54077988116188 1.3000000000000043
    endloop
  endfacet
  facet normal -0.9469301294951151 0.32143946530313355 0
    outer loop
      vertex -92.89134456098645 44.54077988116188 1.3000000000000043
      vertex -92.89134456098645 44.54077988116188 2.5
      vertex -92.84088900845312 44.68941714587697 1.3000000000000043
    endloop
  endfacet
  facet normal -0.9807852804032281 0.19509032201614016 0
    outer loop
      vertex -92.84088900845312 44.68941714587697 1.3000000000000043
      vertex -92.84088900845312 44.68941714587697 2.5
      vertex -92.81026616635143 44.84336856933594 1.3000000000000043
    endloop
  endfacet
  facet normal -0.9978589232386031 0.06540312923014742 0
    outer loop
      vertex -92.81026616635143 44.84336856933594 1.3000000000000043
      vertex -92.81026616635143 44.84336856933594 2.5
      vertex -92.8 45 1.3000000000000043
    endloop
  endfacet
  facet normal -0.9978589232386031 -0.06540312923014742 0
    outer loop
      vertex -92.8 45 1.3000000000000043
      vertex -92.8 45 2.5
      vertex -92.81026616635143 45.15663143066406 1.3000000000000043
    endloop
  endfacet
  facet normal -0.9807852804032281 -0.19509032201614016 0
    outer loop
      vertex -92.81026616635143 45.15663143066406 1.3000000000000043
      vertex -92.81026616635143 45.15663143066406 2.5
      vertex -92.84088900845312 45.31058285412303 1.3000000000000043
    endloop
  endfacet
  facet normal -0.9469301294951151 -0.32143946530313355 0
    outer loop
      vertex -92.89134456098645 45.45922011883812 1.3000000000000043
      vertex -92.84088900845312 45.31058285412303 1.3000000000000043
      vertex -92.84088900845312 45.31058285412303 2.5
    endloop
  endfacet
  facet normal -0.8968727415326487 -0.44228869021908146 0
    outer loop
      vertex -92.89134456098645 45.45922011883812 1.3000000000000043
      vertex -92.89134456098645 45.45922011883812 2.5
      vertex -92.96076951545868 45.599999999999994 1.3000000000000043
    endloop
  endfacet
  facet normal -0.8314696123025579 -0.5555702330195834 0
    outer loop
      vertex -92.96076951545868 45.599999999999994 1.3000000000000043
      vertex -92.96076951545868 45.599999999999994 2.5
      vertex -93.04797599165052 45.730513714810456 1.3000000000000043
    endloop
  endfacet
  facet normal -0.6593458151001002 -0.7518398074789501 0
    outer loop
      vertex -93.26948628518953 45.95202400834948 1.3000000000000043
      vertex -93.15147186257614 45.848528137423855 1.3000000000000043
      vertex -93.15147186257614 45.848528137423855 2.5
    endloop
  endfacet
  facet normal -0.7518398074789895 -0.6593458151000552 0
    outer loop
      vertex -93.04797599165052 45.730513714810456 1.3000000000000043
      vertex -93.04797599165052 45.730513714810456 2.5
      vertex -93.15147186257614 45.848528137423855 1.3000000000000043
    endloop
  endfacet
  facet normal -0.4422886902190455 -0.8968727415326664 0
    outer loop
      vertex -93.5407798811619 46.108655439013546 1.3000000000000043
      vertex -93.4 46.03923048454132 1.3000000000000043
      vertex -93.4 46.03923048454132 2.5
    endloop
  endfacet
  facet normal -0.5555702330195416 -0.8314696123025858 0
    outer loop
      vertex -93.26948628518953 45.95202400834948 1.3000000000000043
      vertex -93.26948628518953 45.95202400834948 2.5
      vertex -93.4 46.03923048454132 1.3000000000000043
    endloop
  endfacet
  facet normal 0.5555702330195416 0.8314696123025858 0
    outer loop
      vertex -94.6 43.96076951545868 1.3000000000000043
      vertex -94.73051371481047 44.04797599165052 2.5
      vertex -94.6 43.96076951545868 2.5
    endloop
  endfacet
  facet normal 0.4422886902190455 0.8968727415326664 0
    outer loop
      vertex -94.4592201188381 43.891344560986454 1.3000000000000043
      vertex -94.6 43.96076951545868 2.5
      vertex -94.4592201188381 43.891344560986454 2.5
    endloop
  endfacet
  facet normal 0.32143946530316114 0.9469301294951058 0
    outer loop
      vertex -94.31058285412303 43.84088900845312 1.3000000000000043
      vertex -94.4592201188381 43.891344560986454 2.5
      vertex -94.31058285412303 43.84088900845312 2.5
    endloop
  endfacet
  facet normal 0.19509032201614016 0.9807852804032281 0
    outer loop
      vertex -94.15663143066406 43.810266166351425 1.3000000000000043
      vertex -94.31058285412303 43.84088900845312 2.5
      vertex -94.15663143066406 43.810266166351425 2.5
    endloop
  endfacet
  facet normal 0.06540312923014742 0.9978589232386031 0
    outer loop
      vertex -94 43.8 1.3000000000000043
      vertex -94.15663143066406 43.810266166351425 2.5
      vertex -94 43.8 2.5
    endloop
  endfacet
  facet normal -0.06540312923014742 0.9978589232386031 0
    outer loop
      vertex -93.84336856933594 43.810266166351425 1.3000000000000043
      vertex -94 43.8 2.5
      vertex -93.84336856933594 43.810266166351425 2.5
    endloop
  endfacet
  facet normal -0.19509032201614016 0.9807852804032281 0
    outer loop
      vertex -93.68941714587697 43.84088900845312 1.3000000000000043
      vertex -93.84336856933594 43.810266166351425 2.5
      vertex -93.68941714587697 43.84088900845312 2.5
    endloop
  endfacet
  facet normal -0.32143946530316114 0.9469301294951058 0
    outer loop
      vertex -93.5407798811619 43.891344560986454 1.3000000000000043
      vertex -93.68941714587697 43.84088900845312 2.5
      vertex -93.5407798811619 43.891344560986454 2.5
    endloop
  endfacet
  facet normal 0.6593458151001002 0.7518398074789501 0
    outer loop
      vertex -94.73051371481047 44.04797599165052 1.3000000000000043
      vertex -94.84852813742386 44.151471862576145 2.5
      vertex -94.73051371481047 44.04797599165052 2.5
    endloop
  endfacet
  facet normal 0.7518398074789895 0.6593458151000552 0
    outer loop
      vertex -94.84852813742386 44.151471862576145 1.3000000000000043
      vertex -94.95202400834948 44.269486285189544 2.5
      vertex -94.84852813742386 44.151471862576145 2.5
    endloop
  endfacet
  facet normal 0.8314696123025579 0.5555702330195834 0
    outer loop
      vertex -94.95202400834948 44.269486285189544 1.3000000000000043
      vertex -95.03923048454132 44.400000000000006 2.5
      vertex -94.95202400834948 44.269486285189544 2.5
    endloop
  endfacet
  facet normal 0.8968727415326487 0.44228869021908146 0
    outer loop
      vertex -95.03923048454132 44.400000000000006 1.3000000000000043
      vertex -95.10865543901355 44.54077988116188 2.5
      vertex -95.03923048454132 44.400000000000006 2.5
    endloop
  endfacet
  facet normal 0.9469301294951151 0.32143946530313355 0
    outer loop
      vertex -95.10865543901355 44.54077988116188 1.3000000000000043
      vertex -95.15911099154688 44.68941714587697 2.5
      vertex -95.10865543901355 44.54077988116188 2.5
    endloop
  endfacet
  facet normal 0.9807852804032281 0.19509032201614016 0
    outer loop
      vertex -95.15911099154688 44.68941714587697 1.3000000000000043
      vertex -95.18973383364857 44.84336856933594 2.5
      vertex -95.15911099154688 44.68941714587697 2.5
    endloop
  endfacet
  facet normal 0.9978589232386031 0.06540312923014742 0
    outer loop
      vertex -95.18973383364857 44.84336856933594 1.3000000000000043
      vertex -95.2 45 2.5
      vertex -95.18973383364857 44.84336856933594 2.5
    endloop
  endfacet
  facet normal 0.9978589232386031 -0.06540312923014742 0
    outer loop
      vertex -95.2 45 1.3000000000000043
      vertex -95.18973383364857 45.15663143066406 2.5
      vertex -95.2 45 2.5
    endloop
  endfacet
  facet normal 0.9807852804032281 -0.19509032201614016 0
    outer loop
      vertex -95.18973383364857 45.15663143066406 1.3000000000000043
      vertex -95.15911099154688 45.31058285412303 2.5
      vertex -95.18973383364857 45.15663143066406 2.5
    endloop
  endfacet
  facet normal 0.9469301294951151 -0.32143946530313355 0
    outer loop
      vertex -95.15911099154688 45.31058285412303 1.3000000000000043
      vertex -95.10865543901355 45.45922011883812 2.5
      vertex -95.15911099154688 45.31058285412303 2.5
    endloop
  endfacet
  facet normal 0.8968727415326487 -0.44228869021908146 0
    outer loop
      vertex -95.10865543901355 45.45922011883812 1.3000000000000043
      vertex -95.03923048454132 45.599999999999994 2.5
      vertex -95.10865543901355 45.45922011883812 2.5
    endloop
  endfacet
  facet normal 0.8314696123025579 -0.5555702330195834 0
    outer loop
      vertex -95.03923048454132 45.599999999999994 1.3000000000000043
      vertex -94.95202400834948 45.730513714810456 2.5
      vertex -95.03923048454132 45.599999999999994 2.5
    endloop
  endfacet
  facet normal 0.7518398074789895 -0.6593458151000552 0
    outer loop
      vertex -94.95202400834948 45.730513714810456 1.3000000000000043
      vertex -94.84852813742386 45.848528137423855 2.5
      vertex -94.95202400834948 45.730513714810456 2.5
    endloop
  endfacet
  facet normal 0.6593458151001002 -0.7518398074789501 0
    outer loop
      vertex -94.84852813742386 45.848528137423855 1.3000000000000043
      vertex -94.73051371481047 45.95202400834948 2.5
      vertex -94.84852813742386 45.848528137423855 2.5
    endloop
  endfacet
  facet normal 0.5555702330195416 -0.8314696123025858 0
    outer loop
      vertex -94.73051371481047 45.95202400834948 1.3000000000000043
      vertex -94.6 46.03923048454132 2.5
      vertex -94.73051371481047 45.95202400834948 2.5
    endloop
  endfacet
  facet normal 0.4422886902190455 -0.8968727415326664 0
    outer loop
      vertex -94.6 46.03923048454132 1.3000000000000043
      vertex -94.4592201188381 46.108655439013546 2.5
      vertex -94.6 46.03923048454132 2.5
    endloop
  endfacet
  facet normal 0.32143946530316114 -0.9469301294951058 0
    outer loop
      vertex -94.4592201188381 46.108655439013546 1.3000000000000043
      vertex -94.31058285412303 46.15911099154688 2.5
      vertex -94.4592201188381 46.108655439013546 2.5
    endloop
  endfacet
  facet normal 0.19509032201614016 -0.9807852804032281 0
    outer loop
      vertex -94.31058285412303 46.15911099154688 1.3000000000000043
      vertex -94.15663143066406 46.189733833648575 2.5
      vertex -94.31058285412303 46.15911099154688 2.5
    endloop
  endfacet
  facet normal 0.06540312923014742 -0.9978589232386031 0
    outer loop
      vertex -94.15663143066406 46.189733833648575 1.3000000000000043
      vertex -94 46.2 2.5
      vertex -94.15663143066406 46.189733833648575 2.5
    endloop
  endfacet
  facet normal -0.06540312923014742 -0.9978589232386031 0
    outer loop
      vertex -94 46.2 1.3000000000000043
      vertex -93.84336856933594 46.189733833648575 2.5
      vertex -94 46.2 2.5
    endloop
  endfacet
  facet normal -0.19509032201614016 -0.9807852804032281 0
    outer loop
      vertex -93.84336856933594 46.189733833648575 1.3000000000000043
      vertex -93.68941714587697 46.15911099154688 2.5
      vertex -93.84336856933594 46.189733833648575 2.5
    endloop
  endfacet
  facet normal -0.32143946530316114 -0.9469301294951058 0
    outer loop
      vertex -93.68941714587697 46.15911099154688 1.3000000000000043
      vertex -93.5407798811619 46.108655439013546 2.5
      vertex -93.68941714587697 46.15911099154688 2.5
    endloop
  endfacet
  facet normal -0.4422886902190455 0.8968727415326664 0
    outer loop
      vertex -93.4 43.96076951545868 1.3000000000000043
      vertex -93.5407798811619 43.891344560986454 2.5
      vertex -93.4 43.96076951545868 2.5
    endloop
  endfacet
  facet normal -0.5555702330195416 0.8314696123025858 0
    outer loop
      vertex -93.26948628518953 44.04797599165052 1.3000000000000043
      vertex -93.4 43.96076951545868 2.5
      vertex -93.26948628518953 44.04797599165052 2.5
    endloop
  endfacet
  facet normal -0.6593458151001002 0.7518398074789501 0
    outer loop
      vertex -93.15147186257614 44.151471862576145 1.3000000000000043
      vertex -93.26948628518953 44.04797599165052 2.5
      vertex -93.15147186257614 44.151471862576145 2.5
    endloop
  endfacet
  facet normal -0.7518398074789895 0.6593458151000552 0
    outer loop
      vertex -93.04797599165052 44.269486285189544 1.3000000000000043
      vertex -93.15147186257614 44.151471862576145 2.5
      vertex -93.04797599165052 44.269486285189544 2.5
    endloop
  endfacet
  facet normal -0.8314696123025579 0.5555702330195834 0
    outer loop
      vertex -92.96076951545868 44.400000000000006 1.3000000000000043
      vertex -93.04797599165052 44.269486285189544 2.5
      vertex -92.96076951545868 44.400000000000006 2.5
    endloop
  endfacet
  facet normal -0.8968727415326487 0.44228869021908146 0
    outer loop
      vertex -92.89134456098645 44.54077988116188 1.3000000000000043
      vertex -92.96076951545868 44.400000000000006 2.5
      vertex -92.89134456098645 44.54077988116188 2.5
    endloop
  endfacet
  facet normal -0.9469301294951151 0.32143946530313355 0
    outer loop
      vertex -92.84088900845312 44.68941714587697 1.3000000000000043
      vertex -92.89134456098645 44.54077988116188 2.5
      vertex -92.84088900845312 44.68941714587697 2.5
    endloop
  endfacet
  facet normal -0.9807852804032281 0.19509032201614016 0
    outer loop
      vertex -92.81026616635143 44.84336856933594 1.3000000000000043
      vertex -92.84088900845312 44.68941714587697 2.5
      vertex -92.81026616635143 44.84336856933594 2.5
    endloop
  endfacet
  facet normal -0.9978589232386031 0.06540312923014742 0
    outer loop
      vertex -92.8 45 1.3000000000000043
      vertex -92.81026616635143 44.84336856933594 2.5
      vertex -92.8 45 2.5
    endloop
  endfacet
  facet normal -0.9978589232386031 -0.06540312923014742 0
    outer loop
      vertex -92.81026616635143 45.15663143066406 1.3000000000000043
      vertex -92.8 45 2.5
      vertex -92.81026616635143 45.15663143066406 2.5
    endloop
  endfacet
  facet normal -0.9807852804032281 -0.19509032201614016 0
    outer loop
      vertex -92.84088900845312 45.31058285412303 1.3000000000000043
      vertex -92.81026616635143 45.15663143066406 2.5
      vertex -92.84088900845312 45.31058285412303 2.5
    endloop
  endfacet
  facet normal -0.9469301294951151 -0.32143946530313355 0
    outer loop
      vertex -92.89134456098645 45.45922011883812 1.3000000000000043
      vertex -92.84088900845312 45.31058285412303 2.5
      vertex -92.89134456098645 45.45922011883812 2.5
    endloop
  endfacet
  facet normal -0.8314696123025579 -0.5555702330195834 0
    outer loop
      vertex -93.04797599165052 45.730513714810456 1.3000000000000043
      vertex -92.96076951545868 45.599999999999994 2.5
      vertex -93.04797599165052 45.730513714810456 2.5
    endloop
  endfacet
  facet normal -0.7518398074789895 -0.6593458151000552 0
    outer loop
      vertex -93.15147186257614 45.848528137423855 1.3000000000000043
      vertex -93.04797599165052 45.730513714810456 2.5
      vertex -93.15147186257614 45.848528137423855 2.5
    endloop
  endfacet
  facet normal -0.4422886902190455 -0.8968727415326664 0
    outer loop
      vertex -93.5407798811619 46.108655439013546 1.3000000000000043
      vertex -93.4 46.03923048454132 2.5
      vertex -93.5407798811619 46.108655439013546 2.5
    endloop
  endfacet
  facet normal -0.5555702330195416 -0.8314696123025858 0
    outer loop
      vertex -93.4 46.03923048454132 1.3000000000000043
      vertex -93.26948628518953 45.95202400834948 2.5
      vertex -93.4 46.03923048454132 2.5
    endloop
  endfacet
  facet normal -0.6593458151001002 -0.7518398074789501 0
    outer loop
      vertex -93.26948628518953 45.95202400834948 1.3000000000000043
      vertex -93.15147186257614 45.848528137423855 2.5
      vertex -93.26948628518953 45.95202400834948 2.5
    endloop
  endfacet
  facet normal -0.8968727415326487 -0.44228869021908146 0
    outer loop
      vertex -92.96076951545868 45.599999999999994 1.3000000000000043
      vertex -92.89134456098645 45.45922011883812 2.5
      vertex -92.96076951545868 45.599999999999994 2.5
    endloop
  endfacet
  facet normal 0.620110934073319 0.5438226936267632 -0.5654372709145087
    outer loop
      vertex -94.95202400834948 44.269486285189544 1.3000000000000043
      vertex -95.48006625497214 43.519933745027856 0
      vertex -95.66059149547982 43.725783329509994 0
    endloop
  endfacet
  facet normal 0.6857889045106669 0.458229496116096 -0.5654372709145093
    outer loop
      vertex -95.03923048454132 44.400000000000006 1.3000000000000043
      vertex -95.66059149547982 43.725783329509994 0
      vertex -95.81270355509689 43.95343511450382 0
    endloop
  endfacet
  facet normal 0.5438226936267642 0.6201109340733199 -0.5654372709145067
    outer loop
      vertex -94.84852813742386 44.151471862576145 1.3000000000000043
      vertex -95.27421667049 43.33940850452018 0
      vertex -95.48006625497214 43.519933745027856 0
    endloop
  endfacet
  facet normal 0.3647958648816714 0.7397328366552212 -0.565437270914514
    outer loop
      vertex -94.6 43.96076951545868 1.3000000000000043
      vertex -94.80100608514891 43.06620024569011 0
      vertex -95.04656488549618 43.1872964449031 0
    endloop
  endfacet
  facet normal 0.4582294961161269 0.685788904510649 -0.565437270914506
    outer loop
      vertex -94.73051371481047 44.04797599165052 1.3000000000000043
      vertex -95.04656488549618 43.1872964449031 0
      vertex -95.27421667049 43.33940850452018 0
    endloop
  endfacet
  facet normal 0.16090880079854325 0.8089431688853818 -0.5654372709145122
    outer loop
      vertex -94.31058285412303 43.84088900845312 1.3000000000000043
      vertex -94.27320825883007 42.92477724436108 0
      vertex -94.5417418486039 42.97819189642394 0
    endloop
  endfacet
  facet normal 0.05394393214455513 0.8230253609977883 -0.5654372709145056
    outer loop
      vertex -94.15663143066406 43.810266166351425 1.3000000000000043
      vertex -94 42.90687022900764 0
      vertex -94.27320825883007 42.92477724436108 0
    endloop
  endfacet
  facet normal -0.05394393214455515 0.8230253609977884 -0.5654372709145051
    outer loop
      vertex -94 43.8 1.3000000000000043
      vertex -93.72679174116993 42.92477724436108 0
      vertex -94 42.90687022900764 0
    endloop
  endfacet
  facet normal -0.16090880079854386 0.808943168885385 -0.5654372709145072
    outer loop
      vertex -93.84336856933594 43.810266166351425 1.3000000000000043
      vertex -93.4582581513961 42.97819189642394 0
      vertex -93.72679174116993 42.92477724436108 0
    endloop
  endfacet
  facet normal 0.26512047525864585 0.7810197348719049 -0.5654372709145101
    outer loop
      vertex -94.4592201188381 43.891344560986454 1.3000000000000043
      vertex -94.5417418486039 42.97819189642394 0
      vertex -94.80100608514891 43.06620024569011 0
    endloop
  endfacet
  facet normal 0.7397328366552093 0.36479586488170795 -0.5654372709145058
    outer loop
      vertex -95.10865543901355 44.54077988116188 1.3000000000000043
      vertex -95.81270355509689 43.95343511450382 0
      vertex -95.93379975430989 44.19899391485109 0
    endloop
  endfacet
  facet normal 0.7810197348719191 0.265120475258608 -0.5654372709145081
    outer loop
      vertex -95.15911099154688 44.68941714587697 1.3000000000000043
      vertex -95.93379975430989 44.19899391485109 0
      vertex -96.02180810357605 44.458258151396095 0
    endloop
  endfacet
  facet normal 0.8089431688853663 0.16090880079862557 -0.5654372709145107
    outer loop
      vertex -95.18973383364857 44.84336856933594 1.3000000000000043
      vertex -96.02180810357605 44.458258151396095 0
      vertex -96.07522275563893 44.72679174116993 0
    endloop
  endfacet
  facet normal 0.8230253609977903 0.053943932144512576 -0.5654372709145065
    outer loop
      vertex -95.2 45 1.3000000000000043
      vertex -96.07522275563893 44.72679174116993 0
      vertex -96.09312977099236 45 0
    endloop
  endfacet
  facet normal 0.8230253609977879 -0.0539439321445124 -0.5654372709145105
    outer loop
      vertex -95.18973383364857 45.15663143066406 1.3000000000000043
      vertex -96.09312977099236 45 0
      vertex -96.07522275563893 45.27320825883007 0
    endloop
  endfacet
  facet normal 0.8089431688853677 -0.16090880079862588 -0.5654372709145089
    outer loop
      vertex -95.15911099154688 45.31058285412303 1.3000000000000043
      vertex -96.07522275563893 45.27320825883007 0
      vertex -96.02180810357605 45.541741848603905 0
    endloop
  endfacet
  facet normal 0.78101973487192 -0.2651204752586082 -0.565437270914507
    outer loop
      vertex -95.10865543901355 45.45922011883812 1.3000000000000043
      vertex -96.02180810357605 45.541741848603905 0
      vertex -95.93379975430989 45.80100608514891 0
    endloop
  endfacet
  facet normal 0.7397328366552067 -0.36479586488170695 -0.5654372709145096
    outer loop
      vertex -95.03923048454132 45.599999999999994 1.3000000000000043
      vertex -95.93379975430989 45.80100608514891 0
      vertex -95.81270355509689 46.04656488549618 0
    endloop
  endfacet
  facet normal 0.6857889045106673 -0.45822949611609654 -0.5654372709145083
    outer loop
      vertex -94.95202400834948 45.730513714810456 1.3000000000000043
      vertex -95.81270355509689 46.04656488549618 0
      vertex -95.66059149547982 46.274216670490006 0
    endloop
  endfacet
  facet normal 0.6201109340733199 -0.5438226936267642 -0.5654372709145067
    outer loop
      vertex -94.84852813742386 45.848528137423855 1.3000000000000043
      vertex -95.66059149547982 46.274216670490006 0
      vertex -95.48006625497214 46.480066254972144 0
    endloop
  endfacet
  facet normal 0.5438226936267649 -0.6201109340733211 -0.5654372709145046
    outer loop
      vertex -94.73051371481047 45.95202400834948 1.3000000000000043
      vertex -95.48006625497214 46.480066254972144 0
      vertex -95.27421667049 46.66059149547982 0
    endloop
  endfacet
  facet normal 0.45822949611612396 -0.6857889045106449 -0.5654372709145132
    outer loop
      vertex -94.6 46.03923048454132 1.3000000000000043
      vertex -95.27421667049 46.66059149547982 0
      vertex -95.04656488549618 46.8127035550969 0
    endloop
  endfacet
  facet normal 0.3647958648816725 -0.7397328366552238 -0.5654372709145097
    outer loop
      vertex -94.4592201188381 46.108655439013546 1.3000000000000043
      vertex -95.04656488549618 46.8127035550969 0
      vertex -94.80100608514891 46.93379975430989 0
    endloop
  endfacet
  facet normal 0.2651204752586453 -0.7810197348719032 -0.5654372709145128
    outer loop
      vertex -94.31058285412303 46.15911099154688 1.3000000000000043
      vertex -94.80100608514891 46.93379975430989 0
      vertex -94.5417418486039 47.02180810357606 0
    endloop
  endfacet
  facet normal 0.16090880079854386 -0.808943168885385 -0.5654372709145072
    outer loop
      vertex -94.15663143066406 46.189733833648575 1.3000000000000043
      vertex -94.5417418486039 47.02180810357606 0
      vertex -94.27320825883007 47.07522275563892 0
    endloop
  endfacet
  facet normal 0.05394393214455515 -0.8230253609977884 -0.5654372709145051
    outer loop
      vertex -94 46.2 1.3000000000000043
      vertex -94.27320825883007 47.07522275563892 0
      vertex -94 47.09312977099236 0
    endloop
  endfacet
  facet normal -0.05394393214455513 -0.8230253609977883 -0.5654372709145056
    outer loop
      vertex -93.84336856933594 46.189733833648575 1.3000000000000043
      vertex -94 47.09312977099236 0
      vertex -93.72679174116993 47.07522275563892 0
    endloop
  endfacet
  facet normal -0.16090880079854325 -0.8089431688853818 -0.5654372709145122
    outer loop
      vertex -93.68941714587697 46.15911099154688 1.3000000000000043
      vertex -93.72679174116993 47.07522275563892 0
      vertex -93.4582581513961 47.02180810357606 0
    endloop
  endfacet
  facet normal -0.2651204752586453 0.7810197348719032 -0.5654372709145128
    outer loop
      vertex -93.68941714587697 43.84088900845312 1.3000000000000043
      vertex -93.19899391485109 43.06620024569011 0
      vertex -93.4582581513961 42.97819189642394 0
    endloop
  endfacet
  facet normal -0.3647958648816725 0.7397328366552238 -0.5654372709145097
    outer loop
      vertex -93.5407798811619 43.891344560986454 1.3000000000000043
      vertex -92.95343511450382 43.1872964449031 0
      vertex -93.19899391485109 43.06620024569011 0
    endloop
  endfacet
  facet normal -0.45822949611612396 0.6857889045106449 -0.5654372709145132
    outer loop
      vertex -93.4 43.96076951545868 1.3000000000000043
      vertex -92.72578332951 43.33940850452018 0
      vertex -92.95343511450382 43.1872964449031 0
    endloop
  endfacet
  facet normal -0.5438226936267649 0.6201109340733211 -0.5654372709145046
    outer loop
      vertex -93.26948628518953 44.04797599165052 1.3000000000000043
      vertex -92.51993374502786 43.519933745027856 0
      vertex -92.72578332951 43.33940850452018 0
    endloop
  endfacet
  facet normal -0.6201109340733199 0.5438226936267642 -0.5654372709145067
    outer loop
      vertex -93.15147186257614 44.151471862576145 1.3000000000000043
      vertex -92.33940850452018 43.725783329509994 0
      vertex -92.51993374502786 43.519933745027856 0
    endloop
  endfacet
  facet normal -0.6857889045106673 0.45822949611609654 -0.5654372709145083
    outer loop
      vertex -93.04797599165052 44.269486285189544 1.3000000000000043
      vertex -92.18729644490311 43.95343511450382 0
      vertex -92.33940850452018 43.725783329509994 0
    endloop
  endfacet
  facet normal -0.7397328366552067 0.36479586488170695 -0.5654372709145096
    outer loop
      vertex -92.96076951545868 44.400000000000006 1.3000000000000043
      vertex -92.06620024569011 44.19899391485109 0
      vertex -92.18729644490311 43.95343511450382 0
    endloop
  endfacet
  facet normal -0.78101973487192 0.2651204752586082 -0.565437270914507
    outer loop
      vertex -92.89134456098645 44.54077988116188 1.3000000000000043
      vertex -91.97819189642395 44.458258151396095 0
      vertex -92.06620024569011 44.19899391485109 0
    endloop
  endfacet
  facet normal -0.8089431688853677 0.16090880079862588 -0.5654372709145089
    outer loop
      vertex -92.84088900845312 44.68941714587697 1.3000000000000043
      vertex -91.92477724436107 44.72679174116993 0
      vertex -91.97819189642395 44.458258151396095 0
    endloop
  endfacet
  facet normal -0.8230253609977879 0.0539439321445124 -0.5654372709145105
    outer loop
      vertex -92.81026616635143 44.84336856933594 1.3000000000000043
      vertex -91.90687022900764 45 0
      vertex -91.92477724436107 44.72679174116993 0
    endloop
  endfacet
  facet normal -0.8230253609977903 -0.053943932144512576 -0.5654372709145065
    outer loop
      vertex -92.8 45 1.3000000000000043
      vertex -91.92477724436107 45.27320825883007 0
      vertex -91.90687022900764 45 0
    endloop
  endfacet
  facet normal -0.8089431688853663 -0.16090880079862557 -0.5654372709145107
    outer loop
      vertex -92.81026616635143 45.15663143066406 1.3000000000000043
      vertex -91.97819189642395 45.541741848603905 0
      vertex -91.92477724436107 45.27320825883007 0
    endloop
  endfacet
  facet normal -0.6857889045106669 -0.458229496116096 -0.5654372709145093
    outer loop
      vertex -92.96076951545868 45.599999999999994 1.3000000000000043
      vertex -92.33940850452018 46.274216670490006 0
      vertex -92.18729644490311 46.04656488549618 0
    endloop
  endfacet
  facet normal -0.620110934073319 -0.5438226936267632 -0.5654372709145087
    outer loop
      vertex -93.04797599165052 45.730513714810456 1.3000000000000043
      vertex -92.51993374502786 46.480066254972144 0
      vertex -92.33940850452018 46.274216670490006 0
    endloop
  endfacet
  facet normal -0.3647958648816714 -0.7397328366552212 -0.565437270914514
    outer loop
      vertex -93.4 46.03923048454132 1.3000000000000043
      vertex -93.19899391485109 46.93379975430989 0
      vertex -92.95343511450382 46.8127035550969 0
    endloop
  endfacet
  facet normal -0.4582294961161269 -0.685788904510649 -0.565437270914506
    outer loop
      vertex -93.26948628518953 45.95202400834948 1.3000000000000043
      vertex -92.95343511450382 46.8127035550969 0
      vertex -92.72578332951 46.66059149547982 0
    endloop
  endfacet
  facet normal -0.26512047525864585 -0.7810197348719049 -0.5654372709145101
    outer loop
      vertex -93.5407798811619 46.108655439013546 1.3000000000000043
      vertex -93.4582581513961 47.02180810357606 0
      vertex -93.19899391485109 46.93379975430989 0
    endloop
  endfacet
  facet normal -0.5438226936267642 -0.6201109340733199 -0.5654372709145067
    outer loop
      vertex -93.15147186257614 45.848528137423855 1.3000000000000043
      vertex -92.72578332951 46.66059149547982 0
      vertex -92.51993374502786 46.480066254972144 0
    endloop
  endfacet
  facet normal -0.7810197348719191 -0.265120475258608 -0.5654372709145081
    outer loop
      vertex -92.84088900845312 45.31058285412303 1.3000000000000043
      vertex -92.06620024569011 45.80100608514891 0
      vertex -91.97819189642395 45.541741848603905 0
    endloop
  endfacet
  facet normal -0.7397328366552093 -0.36479586488170795 -0.5654372709145058
    outer loop
      vertex -92.89134456098645 45.45922011883812 1.3000000000000043
      vertex -92.18729644490311 46.04656488549618 0
      vertex -92.06620024569011 45.80100608514891 0
    endloop
  endfacet
  facet normal 0.6201109340733347 0.5438226936267478 -0.5654372709145062
    outer loop
      vertex -94.84852813742386 44.151471862576145 1.3000000000000043
      vertex -95.48006625497214 43.519933745027856 0
      vertex -94.95202400834948 44.269486285189544 1.3000000000000043
    endloop
  endfacet
  facet normal 0.5438226936267859 0.6201109340733035 -0.5654372709145038
    outer loop
      vertex -94.84852813742386 44.151471862576145 1.3000000000000043
      vertex -94.73051371481047 44.04797599165052 1.3000000000000043
      vertex -95.27421667049 43.33940850452018 0
    endloop
  endfacet
  facet normal 0.4582294961160501 0.6857889045106921 -0.5654372709145159
    outer loop
      vertex -94.6 43.96076951545868 1.3000000000000043
      vertex -95.04656488549618 43.1872964449031 0
      vertex -94.73051371481047 44.04797599165052 1.3000000000000043
    endloop
  endfacet
  facet normal 0.3647958648817199 0.7397328366552016 -0.5654372709145081
    outer loop
      vertex -94.6 43.96076951545868 1.3000000000000043
      vertex -94.4592201188381 43.891344560986454 1.3000000000000043
      vertex -94.80100608514891 43.06620024569011 0
    endloop
  endfacet
  facet normal 0.265120475258615 0.7810197348719128 -0.5654372709145136
    outer loop
      vertex -94.31058285412303 43.84088900845312 1.3000000000000043
      vertex -94.5417418486039 42.97819189642394 0
      vertex -94.4592201188381 43.891344560986454 1.3000000000000043
    endloop
  endfacet
  facet normal 0.16090880079860256 0.8089431688853745 -0.5654372709145056
    outer loop
      vertex -94.31058285412303 43.84088900845312 1.3000000000000043
      vertex -94.15663143066406 43.810266166351425 1.3000000000000043
      vertex -94.27320825883007 42.92477724436108 0
    endloop
  endfacet
  facet normal 0.05394393214456017 0.8230253609977883 -0.565437270914505
    outer loop
      vertex -94.15663143066406 43.810266166351425 1.3000000000000043
      vertex -94 43.8 1.3000000000000043
      vertex -94 42.90687022900764 0
    endloop
  endfacet
  facet normal -0.053943932144560135 0.8230253609977878 -0.5654372709145058
    outer loop
      vertex -94 43.8 1.3000000000000043
      vertex -93.84336856933594 43.810266166351425 1.3000000000000043
      vertex -93.72679174116993 42.92477724436108 0
    endloop
  endfacet
  facet normal -0.16090880079860145 0.8089431688853688 -0.5654372709145141
    outer loop
      vertex -93.84336856933594 43.810266166351425 1.3000000000000043
      vertex -93.68941714587697 43.84088900845312 1.3000000000000043
      vertex -93.4582581513961 42.97819189642394 0
    endloop
  endfacet
  facet normal 0.7810197348719252 0.2651204752585939 -0.5654372709145065
    outer loop
      vertex -95.10865543901355 44.54077988116188 1.3000000000000043
      vertex -95.93379975430989 44.19899391485109 0
      vertex -95.15911099154688 44.68941714587697 1.3000000000000043
    endloop
  endfacet
  facet normal 0.8089431688853729 0.16090880079860226 -0.5654372709145081
    outer loop
      vertex -95.15911099154688 44.68941714587697 1.3000000000000043
      vertex -96.02180810357605 44.458258151396095 0
      vertex -95.18973383364857 44.84336856933594 1.3000000000000043
    endloop
  endfacet
  facet normal 0.6857889045106735 0.4582294961160876 -0.565437270914508
    outer loop
      vertex -95.03923048454132 44.400000000000006 1.3000000000000043
      vertex -94.95202400834948 44.269486285189544 1.3000000000000043
      vertex -95.66059149547982 43.725783329509994 0
    endloop
  endfacet
  facet normal 0.7397328366551852 0.3647958648817486 -0.565437270914511
    outer loop
      vertex -95.03923048454132 44.400000000000006 1.3000000000000043
      vertex -95.81270355509689 43.95343511450382 0
      vertex -95.10865543901355 44.54077988116188 1.3000000000000043
    endloop
  endfacet
  facet normal 0.8230253609977837 0.05394393214455986 -0.5654372709145118
    outer loop
      vertex -95.18973383364857 44.84336856933594 1.3000000000000043
      vertex -96.07522275563893 44.72679174116993 0
      vertex -95.2 45 1.3000000000000043
    endloop
  endfacet
  facet normal 0.8230253609977883 -0.05394393214456017 -0.565437270914505
    outer loop
      vertex -95.2 45 1.3000000000000043
      vertex -96.09312977099236 45 0
      vertex -95.18973383364857 45.15663143066406 1.3000000000000043
    endloop
  endfacet
  facet normal 0.8089431688853705 -0.1609088007986018 -0.5654372709145116
    outer loop
      vertex -95.18973383364857 45.15663143066406 1.3000000000000043
      vertex -96.07522275563893 45.27320825883007 0
      vertex -95.15911099154688 45.31058285412303 1.3000000000000043
    endloop
  endfacet
  facet normal 0.7810197348719238 -0.2651204752585934 -0.5654372709145086
    outer loop
      vertex -95.15911099154688 45.31058285412303 1.3000000000000043
      vertex -96.02180810357605 45.541741848603905 0
      vertex -95.10865543901355 45.45922011883812 1.3000000000000043
    endloop
  endfacet
  facet normal 0.7397328366551893 -0.36479586488175064 -0.5654372709145044
    outer loop
      vertex -95.10865543901355 45.45922011883812 1.3000000000000043
      vertex -95.93379975430989 45.80100608514891 0
      vertex -95.03923048454132 45.599999999999994 1.3000000000000043
    endloop
  endfacet
  facet normal 0.6857889045106726 -0.458229496116087 -0.5654372709145096
    outer loop
      vertex -95.03923048454132 45.599999999999994 1.3000000000000043
      vertex -95.81270355509689 46.04656488549618 0
      vertex -94.95202400834948 45.730513714810456 1.3000000000000043
    endloop
  endfacet
  facet normal 0.6201109340733332 -0.5438226936267464 -0.5654372709145093
    outer loop
      vertex -94.95202400834948 45.730513714810456 1.3000000000000043
      vertex -95.66059149547982 46.274216670490006 0
      vertex -94.84852813742386 45.848528137423855 1.3000000000000043
    endloop
  endfacet
  facet normal 0.5438226936267841 -0.6201109340733015 -0.5654372709145077
    outer loop
      vertex -94.84852813742386 45.848528137423855 1.3000000000000043
      vertex -95.48006625497214 46.480066254972144 0
      vertex -94.73051371481047 45.95202400834948 1.3000000000000043
    endloop
  endfacet
  facet normal 0.45822949611605485 -0.6857889045106992 -0.5654372709145034
    outer loop
      vertex -94.73051371481047 45.95202400834948 1.3000000000000043
      vertex -95.27421667049 46.66059149547982 0
      vertex -94.6 46.03923048454132 1.3000000000000043
    endloop
  endfacet
  facet normal 0.36479586488171767 -0.7397328366551971 -0.5654372709145156
    outer loop
      vertex -94.6 46.03923048454132 1.3000000000000043
      vertex -95.04656488549618 46.8127035550969 0
      vertex -94.4592201188381 46.108655439013546 1.3000000000000043
    endloop
  endfacet
  facet normal 0.26512047525861604 -0.7810197348719158 -0.5654372709145091
    outer loop
      vertex -94.4592201188381 46.108655439013546 1.3000000000000043
      vertex -94.80100608514891 46.93379975430989 0
      vertex -94.31058285412303 46.15911099154688 1.3000000000000043
    endloop
  endfacet
  facet normal 0.16090880079860145 -0.8089431688853688 -0.5654372709145141
    outer loop
      vertex -94.31058285412303 46.15911099154688 1.3000000000000043
      vertex -94.5417418486039 47.02180810357606 0
      vertex -94.15663143066406 46.189733833648575 1.3000000000000043
    endloop
  endfacet
  facet normal 0.053943932144560135 -0.8230253609977879 -0.5654372709145057
    outer loop
      vertex -94.15663143066406 46.189733833648575 1.3000000000000043
      vertex -94.27320825883007 47.07522275563892 0
      vertex -94 46.2 1.3000000000000043
    endloop
  endfacet
  facet normal -0.05394393214456017 -0.8230253609977883 -0.565437270914505
    outer loop
      vertex -94 46.2 1.3000000000000043
      vertex -94 47.09312977099236 0
      vertex -93.84336856933594 46.189733833648575 1.3000000000000043
    endloop
  endfacet
  facet normal -0.265120475258615 -0.7810197348719128 -0.5654372709145136
    outer loop
      vertex -93.68941714587697 46.15911099154688 1.3000000000000043
      vertex -93.4582581513961 47.02180810357606 0
      vertex -93.5407798811619 46.108655439013546 1.3000000000000043
    endloop
  endfacet
  facet normal -0.16090880079860256 -0.8089431688853745 -0.5654372709145056
    outer loop
      vertex -93.84336856933594 46.189733833648575 1.3000000000000043
      vertex -93.72679174116993 47.07522275563892 0
      vertex -93.68941714587697 46.15911099154688 1.3000000000000043
    endloop
  endfacet
  facet normal -0.26512047525861604 0.7810197348719158 -0.5654372709145091
    outer loop
      vertex -93.68941714587697 43.84088900845312 1.3000000000000043
      vertex -93.5407798811619 43.891344560986454 1.3000000000000043
      vertex -93.19899391485109 43.06620024569011 0
    endloop
  endfacet
  facet normal -0.3647958648817176 0.739732836655197 -0.5654372709145157
    outer loop
      vertex -93.5407798811619 43.891344560986454 1.3000000000000043
      vertex -93.4 43.96076951545868 1.3000000000000043
      vertex -92.95343511450382 43.1872964449031 0
    endloop
  endfacet
  facet normal -0.45822949611605485 0.6857889045106992 -0.5654372709145034
    outer loop
      vertex -93.4 43.96076951545868 1.3000000000000043
      vertex -93.26948628518953 44.04797599165052 1.3000000000000043
      vertex -92.72578332951 43.33940850452018 0
    endloop
  endfacet
  facet normal -0.5438226936267841 0.6201109340733015 -0.5654372709145077
    outer loop
      vertex -93.26948628518953 44.04797599165052 1.3000000000000043
      vertex -93.15147186257614 44.151471862576145 1.3000000000000043
      vertex -92.51993374502786 43.519933745027856 0
    endloop
  endfacet
  facet normal -0.6201109340733332 0.5438226936267464 -0.5654372709145093
    outer loop
      vertex -93.15147186257614 44.151471862576145 1.3000000000000043
      vertex -93.04797599165052 44.269486285189544 1.3000000000000043
      vertex -92.33940850452018 43.725783329509994 0
    endloop
  endfacet
  facet normal -0.6857889045106726 0.458229496116087 -0.5654372709145096
    outer loop
      vertex -93.04797599165052 44.269486285189544 1.3000000000000043
      vertex -92.96076951545868 44.400000000000006 1.3000000000000043
      vertex -92.18729644490311 43.95343511450382 0
    endloop
  endfacet
  facet normal -0.7397328366551893 0.36479586488175064 -0.5654372709145044
    outer loop
      vertex -92.96076951545868 44.400000000000006 1.3000000000000043
      vertex -92.89134456098645 44.54077988116188 1.3000000000000043
      vertex -92.06620024569011 44.19899391485109 0
    endloop
  endfacet
  facet normal -0.7810197348719238 0.2651204752585934 -0.5654372709145086
    outer loop
      vertex -92.89134456098645 44.54077988116188 1.3000000000000043
      vertex -92.84088900845312 44.68941714587697 1.3000000000000043
      vertex -91.97819189642395 44.458258151396095 0
    endloop
  endfacet
  facet normal -0.8089431688853705 0.1609088007986018 -0.5654372709145116
    outer loop
      vertex -92.84088900845312 44.68941714587697 1.3000000000000043
      vertex -92.81026616635143 44.84336856933594 1.3000000000000043
      vertex -91.92477724436107 44.72679174116993 0
    endloop
  endfacet
  facet normal -0.8230253609977883 0.05394393214456017 -0.565437270914505
    outer loop
      vertex -92.81026616635143 44.84336856933594 1.3000000000000043
      vertex -92.8 45 1.3000000000000043
      vertex -91.90687022900764 45 0
    endloop
  endfacet
  facet normal -0.8230253609977837 -0.05394393214455986 -0.5654372709145119
    outer loop
      vertex -92.8 45 1.3000000000000043
      vertex -92.81026616635143 45.15663143066406 1.3000000000000043
      vertex -91.92477724436107 45.27320825883007 0
    endloop
  endfacet
  facet normal -0.8089431688853729 -0.16090880079860226 -0.5654372709145081
    outer loop
      vertex -92.81026616635143 45.15663143066406 1.3000000000000043
      vertex -92.84088900845312 45.31058285412303 1.3000000000000043
      vertex -91.97819189642395 45.541741848603905 0
    endloop
  endfacet
  facet normal -0.7810197348719252 -0.2651204752585939 -0.5654372709145065
    outer loop
      vertex -92.89134456098645 45.45922011883812 1.3000000000000043
      vertex -92.06620024569011 45.80100608514891 0
      vertex -92.84088900845312 45.31058285412303 1.3000000000000043
    endloop
  endfacet
  facet normal -0.4582294961160501 -0.6857889045106921 -0.5654372709145159
    outer loop
      vertex -93.26948628518953 45.95202400834948 1.3000000000000043
      vertex -93.4 46.03923048454132 1.3000000000000043
      vertex -92.95343511450382 46.8127035550969 0
    endloop
  endfacet
  facet normal -0.5438226936267859 -0.6201109340733035 -0.5654372709145037
    outer loop
      vertex -93.26948628518953 45.95202400834948 1.3000000000000043
      vertex -92.72578332951 46.66059149547982 0
      vertex -93.15147186257614 45.848528137423855 1.3000000000000043
    endloop
  endfacet
  facet normal -0.7397328366551852 -0.3647958648817486 -0.565437270914511
    outer loop
      vertex -92.89134456098645 45.45922011883812 1.3000000000000043
      vertex -92.96076951545868 45.599999999999994 1.3000000000000043
      vertex -92.18729644490311 46.04656488549618 0
    endloop
  endfacet
  facet normal -0.6857889045106735 -0.4582294961160876 -0.565437270914508
    outer loop
      vertex -92.96076951545868 45.599999999999994 1.3000000000000043
      vertex -93.04797599165052 45.730513714810456 1.3000000000000043
      vertex -92.33940850452018 46.274216670490006 0
    endloop
  endfacet
  facet normal -0.6201109340733347 -0.5438226936267478 -0.5654372709145062
    outer loop
      vertex -93.04797599165052 45.730513714810456 1.3000000000000043
      vertex -93.15147186257614 45.848528137423855 1.3000000000000043
      vertex -92.51993374502786 46.480066254972144 0
    endloop
  endfacet
  facet normal -0.3647958648817199 -0.7397328366552016 -0.5654372709145081
    outer loop
      vertex -93.5407798811619 46.108655439013546 1.3000000000000043
      vertex -93.19899391485109 46.93379975430989 0
      vertex -93.4 46.03923048454132 1.3000000000000043
    endloop
  endfacet
  facet normal 0.5555702330195834 0.8314696123025579 0
    outer loop
      vertex 38.4 43.96076951545868 1.3000000000000043
      vertex 38.26948628518954 44.04797599165052 1.3000000000000043
      vertex 38.26948628518954 44.04797599165052 2.5
    endloop
  endfacet
  facet normal 0.4422886902190455 0.8968727415326664 0
    outer loop
      vertex 38.4 43.96076951545868 1.3000000000000043
      vertex 38.4 43.96076951545868 2.5
      vertex 38.54077988116189 43.891344560986454 1.3000000000000043
    endloop
  endfacet
  facet normal 0.8968727415326667 0.44228869021904504 0
    outer loop
      vertex 37.96076951545867 44.400000000000006 1.3000000000000043
      vertex 37.891344560986454 44.54077988116188 1.3000000000000043
      vertex 37.891344560986454 44.54077988116188 2.5
    endloop
  endfacet
  facet normal 0.9469301294951151 0.32143946530313355 0
    outer loop
      vertex 37.84088900845312 44.68941714587697 1.3000000000000043
      vertex 37.84088900845312 44.68941714587697 2.5
      vertex 37.891344560986454 44.54077988116188 1.3000000000000043
    endloop
  endfacet
  facet normal 0.7518398074789895 0.6593458151000552 0
    outer loop
      vertex 38.151471862576145 44.151471862576145 1.3000000000000043
      vertex 38.04797599165052 44.269486285189544 1.3000000000000043
      vertex 38.04797599165052 44.269486285189544 2.5
    endloop
  endfacet
  facet normal 0.6593458151000776 0.7518398074789697 0
    outer loop
      vertex 38.151471862576145 44.151471862576145 1.3000000000000043
      vertex 38.151471862576145 44.151471862576145 2.5
      vertex 38.26948628518954 44.04797599165052 1.3000000000000043
    endloop
  endfacet
  facet normal 0.8314696123025369 0.5555702330196147 0
    outer loop
      vertex 38.04797599165052 44.269486285189544 1.3000000000000043
      vertex 37.96076951545867 44.400000000000006 1.3000000000000043
      vertex 37.96076951545867 44.400000000000006 2.5
    endloop
  endfacet
  facet normal 0.9807852804032281 0.19509032201614016 0
    outer loop
      vertex 37.84088900845312 44.68941714587697 1.3000000000000043
      vertex 37.810266166351425 44.84336856933594 1.3000000000000043
      vertex 37.810266166351425 44.84336856933594 2.5
    endloop
  endfacet
  facet normal 0.9978589232386031 0.06540312923014742 0
    outer loop
      vertex 37.810266166351425 44.84336856933594 1.3000000000000043
      vertex 37.8 45 1.3000000000000043
      vertex 37.8 45 2.5
    endloop
  endfacet
  facet normal 0.9978589232386031 -0.06540312923014742 0
    outer loop
      vertex 37.8 45 1.3000000000000043
      vertex 37.810266166351425 45.15663143066406 1.3000000000000043
      vertex 37.810266166351425 45.15663143066406 2.5
    endloop
  endfacet
  facet normal 0.9807852804032281 -0.19509032201614016 0
    outer loop
      vertex 37.810266166351425 45.15663143066406 1.3000000000000043
      vertex 37.84088900845312 45.31058285412303 1.3000000000000043
      vertex 37.84088900845312 45.31058285412303 2.5
    endloop
  endfacet
  facet normal 0.9469301294951151 -0.32143946530313355 0
    outer loop
      vertex 37.84088900845312 45.31058285412303 1.3000000000000043
      vertex 37.891344560986454 45.45922011883812 1.3000000000000043
      vertex 37.891344560986454 45.45922011883812 2.5
    endloop
  endfacet
  facet normal 0.8968727415326667 -0.44228869021904504 0
    outer loop
      vertex 37.891344560986454 45.45922011883812 1.3000000000000043
      vertex 37.96076951545867 45.599999999999994 1.3000000000000043
      vertex 37.96076951545867 45.599999999999994 2.5
    endloop
  endfacet
  facet normal 0.8314696123025369 -0.5555702330196147 0
    outer loop
      vertex 37.96076951545867 45.599999999999994 1.3000000000000043
      vertex 38.04797599165052 45.730513714810456 1.3000000000000043
      vertex 38.04797599165052 45.730513714810456 2.5
    endloop
  endfacet
  facet normal 0.7518398074789895 -0.6593458151000552 0
    outer loop
      vertex 38.04797599165052 45.730513714810456 1.3000000000000043
      vertex 38.151471862576145 45.848528137423855 1.3000000000000043
      vertex 38.151471862576145 45.848528137423855 2.5
    endloop
  endfacet
  facet normal 0.6593458151000776 -0.7518398074789697 0
    outer loop
      vertex 38.151471862576145 45.848528137423855 1.3000000000000043
      vertex 38.26948628518954 45.95202400834948 1.3000000000000043
      vertex 38.26948628518954 45.95202400834948 2.5
    endloop
  endfacet
  facet normal 0.5555702330195834 -0.8314696123025579 0
    outer loop
      vertex 38.26948628518954 45.95202400834948 1.3000000000000043
      vertex 38.4 46.03923048454132 1.3000000000000043
      vertex 38.4 46.03923048454132 2.5
    endloop
  endfacet
  facet normal 0.4422886902190455 -0.8968727415326664 0
    outer loop
      vertex 38.4 46.03923048454132 1.3000000000000043
      vertex 38.54077988116189 46.108655439013546 1.3000000000000043
      vertex 38.54077988116189 46.108655439013546 2.5
    endloop
  endfacet
  facet normal 0.19509032201614016 0.9807852804032281 0
    outer loop
      vertex 38.68941714587697 43.84088900845312 1.3000000000000043
      vertex 38.68941714587697 43.84088900845312 2.5
      vertex 38.84336856933594 43.810266166351425 1.3000000000000043
    endloop
  endfacet
  facet normal 0.3214394653031473 0.9469301294951106 0
    outer loop
      vertex 38.68941714587697 43.84088900845312 1.3000000000000043
      vertex 38.54077988116189 43.891344560986454 1.3000000000000043
      vertex 38.54077988116189 43.891344560986454 2.5
    endloop
  endfacet
  facet normal 0.06540312923014742 0.9978589232386031 0
    outer loop
      vertex 38.84336856933594 43.810266166351425 1.3000000000000043
      vertex 38.84336856933594 43.810266166351425 2.5
      vertex 39 43.8 1.3000000000000043
    endloop
  endfacet
  facet normal -0.06540312923014742 0.9978589232386031 0
    outer loop
      vertex 39 43.8 1.3000000000000043
      vertex 39 43.8 2.5
      vertex 39.15663143066406 43.810266166351425 1.3000000000000043
    endloop
  endfacet
  facet normal -0.19509032201614016 0.9807852804032281 0
    outer loop
      vertex 39.15663143066406 43.810266166351425 1.3000000000000043
      vertex 39.15663143066406 43.810266166351425 2.5
      vertex 39.31058285412303 43.84088900845312 1.3000000000000043
    endloop
  endfacet
  facet normal -0.3214394653031473 0.9469301294951106 0
    outer loop
      vertex 39.31058285412303 43.84088900845312 1.3000000000000043
      vertex 39.31058285412303 43.84088900845312 2.5
      vertex 39.45922011883811 43.891344560986454 1.3000000000000043
    endloop
  endfacet
  facet normal -0.4422886902190455 0.8968727415326664 0
    outer loop
      vertex 39.45922011883811 43.891344560986454 1.3000000000000043
      vertex 39.45922011883811 43.891344560986454 2.5
      vertex 39.6 43.96076951545868 1.3000000000000043
    endloop
  endfacet
  facet normal -0.5555702330195834 0.8314696123025579 0
    outer loop
      vertex 39.6 43.96076951545868 1.3000000000000043
      vertex 39.6 43.96076951545868 2.5
      vertex 39.73051371481046 44.04797599165052 1.3000000000000043
    endloop
  endfacet
  facet normal -0.6593458151000776 0.7518398074789697 0
    outer loop
      vertex 39.73051371481046 44.04797599165052 1.3000000000000043
      vertex 39.73051371481046 44.04797599165052 2.5
      vertex 39.848528137423855 44.151471862576145 1.3000000000000043
    endloop
  endfacet
  facet normal -0.7518398074789895 0.6593458151000552 0
    outer loop
      vertex 39.848528137423855 44.151471862576145 1.3000000000000043
      vertex 39.848528137423855 44.151471862576145 2.5
      vertex 39.95202400834948 44.269486285189544 1.3000000000000043
    endloop
  endfacet
  facet normal -0.8314696123025369 0.5555702330196147 0
    outer loop
      vertex 39.95202400834948 44.269486285189544 1.3000000000000043
      vertex 39.95202400834948 44.269486285189544 2.5
      vertex 40.03923048454133 44.400000000000006 1.3000000000000043
    endloop
  endfacet
  facet normal -0.8968727415326667 0.44228869021904504 0
    outer loop
      vertex 40.03923048454133 44.400000000000006 1.3000000000000043
      vertex 40.03923048454133 44.400000000000006 2.5
      vertex 40.108655439013546 44.54077988116188 1.3000000000000043
    endloop
  endfacet
  facet normal -0.9469301294951151 0.32143946530313355 0
    outer loop
      vertex 40.108655439013546 44.54077988116188 1.3000000000000043
      vertex 40.108655439013546 44.54077988116188 2.5
      vertex 40.15911099154688 44.68941714587697 1.3000000000000043
    endloop
  endfacet
  facet normal -0.9807852804032281 0.19509032201614016 0
    outer loop
      vertex 40.15911099154688 44.68941714587697 1.3000000000000043
      vertex 40.15911099154688 44.68941714587697 2.5
      vertex 40.189733833648575 44.84336856933594 1.3000000000000043
    endloop
  endfacet
  facet normal -0.9978589232386031 0.06540312923014742 0
    outer loop
      vertex 40.189733833648575 44.84336856933594 1.3000000000000043
      vertex 40.189733833648575 44.84336856933594 2.5
      vertex 40.2 45 1.3000000000000043
    endloop
  endfacet
  facet normal -0.9978589232386031 -0.06540312923014742 0
    outer loop
      vertex 40.2 45 1.3000000000000043
      vertex 40.2 45 2.5
      vertex 40.189733833648575 45.15663143066406 1.3000000000000043
    endloop
  endfacet
  facet normal -0.9807852804032281 -0.19509032201614016 0
    outer loop
      vertex 40.189733833648575 45.15663143066406 1.3000000000000043
      vertex 40.189733833648575 45.15663143066406 2.5
      vertex 40.15911099154688 45.31058285412303 1.3000000000000043
    endloop
  endfacet
  facet normal -0.9469301294951151 -0.32143946530313355 0
    outer loop
      vertex 40.15911099154688 45.31058285412303 1.3000000000000043
      vertex 40.15911099154688 45.31058285412303 2.5
      vertex 40.108655439013546 45.45922011883812 1.3000000000000043
    endloop
  endfacet
  facet normal -0.8968727415326667 -0.44228869021904504 0
    outer loop
      vertex 40.108655439013546 45.45922011883812 1.3000000000000043
      vertex 40.108655439013546 45.45922011883812 2.5
      vertex 40.03923048454133 45.599999999999994 1.3000000000000043
    endloop
  endfacet
  facet normal 0.3214394653031473 -0.9469301294951106 0
    outer loop
      vertex 38.54077988116189 46.108655439013546 1.3000000000000043
      vertex 38.68941714587697 46.15911099154688 1.3000000000000043
      vertex 38.68941714587697 46.15911099154688 2.5
    endloop
  endfacet
  facet normal 0.19509032201614016 -0.9807852804032281 0
    outer loop
      vertex 38.68941714587697 46.15911099154688 1.3000000000000043
      vertex 38.84336856933594 46.189733833648575 1.3000000000000043
      vertex 38.84336856933594 46.189733833648575 2.5
    endloop
  endfacet
  facet normal 0.06540312923014742 -0.9978589232386031 0
    outer loop
      vertex 38.84336856933594 46.189733833648575 1.3000000000000043
      vertex 39 46.2 1.3000000000000043
      vertex 39 46.2 2.5
    endloop
  endfacet
  facet normal -0.06540312923014742 -0.9978589232386031 0
    outer loop
      vertex 39.15663143066406 46.189733833648575 1.3000000000000043
      vertex 39.15663143066406 46.189733833648575 2.5
      vertex 39 46.2 1.3000000000000043
    endloop
  endfacet
  facet normal -0.19509032201614016 -0.9807852804032281 0
    outer loop
      vertex 39.15663143066406 46.189733833648575 1.3000000000000043
      vertex 39.31058285412303 46.15911099154688 1.3000000000000043
      vertex 39.31058285412303 46.15911099154688 2.5
    endloop
  endfacet
  facet normal -0.3214394653031473 -0.9469301294951106 0
    outer loop
      vertex 39.31058285412303 46.15911099154688 1.3000000000000043
      vertex 39.45922011883811 46.108655439013546 1.3000000000000043
      vertex 39.45922011883811 46.108655439013546 2.5
    endloop
  endfacet
  facet normal -0.4422886902190455 -0.8968727415326664 0
    outer loop
      vertex 39.45922011883811 46.108655439013546 1.3000000000000043
      vertex 39.6 46.03923048454132 1.3000000000000043
      vertex 39.6 46.03923048454132 2.5
    endloop
  endfacet
  facet normal -0.5555702330195834 -0.8314696123025579 0
    outer loop
      vertex 39.73051371481046 45.95202400834948 1.3000000000000043
      vertex 39.73051371481046 45.95202400834948 2.5
      vertex 39.6 46.03923048454132 1.3000000000000043
    endloop
  endfacet
  facet normal -0.8314696123025369 -0.5555702330196147 0
    outer loop
      vertex 40.03923048454133 45.599999999999994 1.3000000000000043
      vertex 40.03923048454133 45.599999999999994 2.5
      vertex 39.95202400834948 45.730513714810456 1.3000000000000043
    endloop
  endfacet
  facet normal -0.6593458151000776 -0.7518398074789697 0
    outer loop
      vertex 39.73051371481046 45.95202400834948 1.3000000000000043
      vertex 39.848528137423855 45.848528137423855 1.3000000000000043
      vertex 39.848528137423855 45.848528137423855 2.5
    endloop
  endfacet
  facet normal -0.7518398074789895 -0.6593458151000552 0
    outer loop
      vertex 39.95202400834948 45.730513714810456 1.3000000000000043
      vertex 39.95202400834948 45.730513714810456 2.5
      vertex 39.848528137423855 45.848528137423855 1.3000000000000043
    endloop
  endfacet
  facet normal 0.5555702330195834 0.8314696123025579 0
    outer loop
      vertex 38.4 43.96076951545868 1.3000000000000043
      vertex 38.26948628518954 44.04797599165052 2.5
      vertex 38.4 43.96076951545868 2.5
    endloop
  endfacet
  facet normal 0.4422886902190455 0.8968727415326664 0
    outer loop
      vertex 38.54077988116189 43.891344560986454 1.3000000000000043
      vertex 38.4 43.96076951545868 2.5
      vertex 38.54077988116189 43.891344560986454 2.5
    endloop
  endfacet
  facet normal 0.8968727415326667 0.44228869021904504 0
    outer loop
      vertex 37.96076951545867 44.400000000000006 1.3000000000000043
      vertex 37.891344560986454 44.54077988116188 2.5
      vertex 37.96076951545867 44.400000000000006 2.5
    endloop
  endfacet
  facet normal 0.9469301294951151 0.32143946530313355 0
    outer loop
      vertex 37.891344560986454 44.54077988116188 1.3000000000000043
      vertex 37.84088900845312 44.68941714587697 2.5
      vertex 37.891344560986454 44.54077988116188 2.5
    endloop
  endfacet
  facet normal 0.9807852804032281 0.19509032201614016 0
    outer loop
      vertex 37.84088900845312 44.68941714587697 1.3000000000000043
      vertex 37.810266166351425 44.84336856933594 2.5
      vertex 37.84088900845312 44.68941714587697 2.5
    endloop
  endfacet
  facet normal 0.7518398074789895 0.6593458151000552 0
    outer loop
      vertex 38.151471862576145 44.151471862576145 1.3000000000000043
      vertex 38.04797599165052 44.269486285189544 2.5
      vertex 38.151471862576145 44.151471862576145 2.5
    endloop
  endfacet
  facet normal 0.6593458151000776 0.7518398074789697 0
    outer loop
      vertex 38.26948628518954 44.04797599165052 1.3000000000000043
      vertex 38.151471862576145 44.151471862576145 2.5
      vertex 38.26948628518954 44.04797599165052 2.5
    endloop
  endfacet
  facet normal 0.8314696123025369 0.5555702330196147 0
    outer loop
      vertex 38.04797599165052 44.269486285189544 1.3000000000000043
      vertex 37.96076951545867 44.400000000000006 2.5
      vertex 38.04797599165052 44.269486285189544 2.5
    endloop
  endfacet
  facet normal 0.9978589232386031 0.06540312923014742 0
    outer loop
      vertex 37.810266166351425 44.84336856933594 1.3000000000000043
      vertex 37.8 45 2.5
      vertex 37.810266166351425 44.84336856933594 2.5
    endloop
  endfacet
  facet normal 0.9978589232386031 -0.06540312923014742 0
    outer loop
      vertex 37.8 45 1.3000000000000043
      vertex 37.810266166351425 45.15663143066406 2.5
      vertex 37.8 45 2.5
    endloop
  endfacet
  facet normal 0.9807852804032281 -0.19509032201614016 0
    outer loop
      vertex 37.810266166351425 45.15663143066406 1.3000000000000043
      vertex 37.84088900845312 45.31058285412303 2.5
      vertex 37.810266166351425 45.15663143066406 2.5
    endloop
  endfacet
  facet normal 0.9469301294951151 -0.32143946530313355 0
    outer loop
      vertex 37.84088900845312 45.31058285412303 1.3000000000000043
      vertex 37.891344560986454 45.45922011883812 2.5
      vertex 37.84088900845312 45.31058285412303 2.5
    endloop
  endfacet
  facet normal 0.8968727415326667 -0.44228869021904504 0
    outer loop
      vertex 37.891344560986454 45.45922011883812 1.3000000000000043
      vertex 37.96076951545867 45.599999999999994 2.5
      vertex 37.891344560986454 45.45922011883812 2.5
    endloop
  endfacet
  facet normal 0.8314696123025369 -0.5555702330196147 0
    outer loop
      vertex 37.96076951545867 45.599999999999994 1.3000000000000043
      vertex 38.04797599165052 45.730513714810456 2.5
      vertex 37.96076951545867 45.599999999999994 2.5
    endloop
  endfacet
  facet normal 0.7518398074789895 -0.6593458151000552 0
    outer loop
      vertex 38.04797599165052 45.730513714810456 1.3000000000000043
      vertex 38.151471862576145 45.848528137423855 2.5
      vertex 38.04797599165052 45.730513714810456 2.5
    endloop
  endfacet
  facet normal 0.6593458151000776 -0.7518398074789697 0
    outer loop
      vertex 38.151471862576145 45.848528137423855 1.3000000000000043
      vertex 38.26948628518954 45.95202400834948 2.5
      vertex 38.151471862576145 45.848528137423855 2.5
    endloop
  endfacet
  facet normal 0.5555702330195834 -0.8314696123025579 0
    outer loop
      vertex 38.26948628518954 45.95202400834948 1.3000000000000043
      vertex 38.4 46.03923048454132 2.5
      vertex 38.26948628518954 45.95202400834948 2.5
    endloop
  endfacet
  facet normal 0.4422886902190455 -0.8968727415326664 0
    outer loop
      vertex 38.4 46.03923048454132 1.3000000000000043
      vertex 38.54077988116189 46.108655439013546 2.5
      vertex 38.4 46.03923048454132 2.5
    endloop
  endfacet
  facet normal 0.3214394653031473 0.9469301294951106 0
    outer loop
      vertex 38.68941714587697 43.84088900845312 1.3000000000000043
      vertex 38.54077988116189 43.891344560986454 2.5
      vertex 38.68941714587697 43.84088900845312 2.5
    endloop
  endfacet
  facet normal 0.19509032201614016 0.9807852804032281 0
    outer loop
      vertex 38.84336856933594 43.810266166351425 1.3000000000000043
      vertex 38.68941714587697 43.84088900845312 2.5
      vertex 38.84336856933594 43.810266166351425 2.5
    endloop
  endfacet
  facet normal 0.06540312923014742 0.9978589232386031 0
    outer loop
      vertex 39 43.8 1.3000000000000043
      vertex 38.84336856933594 43.810266166351425 2.5
      vertex 39 43.8 2.5
    endloop
  endfacet
  facet normal -0.06540312923014742 0.9978589232386031 0
    outer loop
      vertex 39.15663143066406 43.810266166351425 1.3000000000000043
      vertex 39 43.8 2.5
      vertex 39.15663143066406 43.810266166351425 2.5
    endloop
  endfacet
  facet normal -0.19509032201614016 0.9807852804032281 0
    outer loop
      vertex 39.31058285412303 43.84088900845312 1.3000000000000043
      vertex 39.15663143066406 43.810266166351425 2.5
      vertex 39.31058285412303 43.84088900845312 2.5
    endloop
  endfacet
  facet normal -0.3214394653031473 0.9469301294951106 0
    outer loop
      vertex 39.45922011883811 43.891344560986454 1.3000000000000043
      vertex 39.31058285412303 43.84088900845312 2.5
      vertex 39.45922011883811 43.891344560986454 2.5
    endloop
  endfacet
  facet normal -0.4422886902190455 0.8968727415326664 0
    outer loop
      vertex 39.6 43.96076951545868 1.3000000000000043
      vertex 39.45922011883811 43.891344560986454 2.5
      vertex 39.6 43.96076951545868 2.5
    endloop
  endfacet
  facet normal -0.5555702330195834 0.8314696123025579 0
    outer loop
      vertex 39.73051371481046 44.04797599165052 1.3000000000000043
      vertex 39.6 43.96076951545868 2.5
      vertex 39.73051371481046 44.04797599165052 2.5
    endloop
  endfacet
  facet normal -0.6593458151000776 0.7518398074789697 0
    outer loop
      vertex 39.848528137423855 44.151471862576145 1.3000000000000043
      vertex 39.73051371481046 44.04797599165052 2.5
      vertex 39.848528137423855 44.151471862576145 2.5
    endloop
  endfacet
  facet normal -0.7518398074789895 0.6593458151000552 0
    outer loop
      vertex 39.95202400834948 44.269486285189544 1.3000000000000043
      vertex 39.848528137423855 44.151471862576145 2.5
      vertex 39.95202400834948 44.269486285189544 2.5
    endloop
  endfacet
  facet normal -0.8314696123025369 0.5555702330196147 0
    outer loop
      vertex 40.03923048454133 44.400000000000006 1.3000000000000043
      vertex 39.95202400834948 44.269486285189544 2.5
      vertex 40.03923048454133 44.400000000000006 2.5
    endloop
  endfacet
  facet normal -0.8968727415326667 0.44228869021904504 0
    outer loop
      vertex 40.108655439013546 44.54077988116188 1.3000000000000043
      vertex 40.03923048454133 44.400000000000006 2.5
      vertex 40.108655439013546 44.54077988116188 2.5
    endloop
  endfacet
  facet normal -0.9469301294951151 0.32143946530313355 0
    outer loop
      vertex 40.15911099154688 44.68941714587697 1.3000000000000043
      vertex 40.108655439013546 44.54077988116188 2.5
      vertex 40.15911099154688 44.68941714587697 2.5
    endloop
  endfacet
  facet normal -0.9807852804032281 0.19509032201614016 0
    outer loop
      vertex 40.189733833648575 44.84336856933594 1.3000000000000043
      vertex 40.15911099154688 44.68941714587697 2.5
      vertex 40.189733833648575 44.84336856933594 2.5
    endloop
  endfacet
  facet normal -0.9978589232386031 0.06540312923014742 0
    outer loop
      vertex 40.2 45 1.3000000000000043
      vertex 40.189733833648575 44.84336856933594 2.5
      vertex 40.2 45 2.5
    endloop
  endfacet
  facet normal -0.9978589232386031 -0.06540312923014742 0
    outer loop
      vertex 40.189733833648575 45.15663143066406 1.3000000000000043
      vertex 40.2 45 2.5
      vertex 40.189733833648575 45.15663143066406 2.5
    endloop
  endfacet
  facet normal -0.9807852804032281 -0.19509032201614016 0
    outer loop
      vertex 40.15911099154688 45.31058285412303 1.3000000000000043
      vertex 40.189733833648575 45.15663143066406 2.5
      vertex 40.15911099154688 45.31058285412303 2.5
    endloop
  endfacet
  facet normal -0.9469301294951151 -0.32143946530313355 0
    outer loop
      vertex 40.108655439013546 45.45922011883812 1.3000000000000043
      vertex 40.15911099154688 45.31058285412303 2.5
      vertex 40.108655439013546 45.45922011883812 2.5
    endloop
  endfacet
  facet normal 0.3214394653031473 -0.9469301294951106 0
    outer loop
      vertex 38.54077988116189 46.108655439013546 1.3000000000000043
      vertex 38.68941714587697 46.15911099154688 2.5
      vertex 38.54077988116189 46.108655439013546 2.5
    endloop
  endfacet
  facet normal 0.19509032201614016 -0.9807852804032281 0
    outer loop
      vertex 38.68941714587697 46.15911099154688 1.3000000000000043
      vertex 38.84336856933594 46.189733833648575 2.5
      vertex 38.68941714587697 46.15911099154688 2.5
    endloop
  endfacet
  facet normal 0.06540312923014742 -0.9978589232386031 0
    outer loop
      vertex 38.84336856933594 46.189733833648575 1.3000000000000043
      vertex 39 46.2 2.5
      vertex 38.84336856933594 46.189733833648575 2.5
    endloop
  endfacet
  facet normal -0.06540312923014742 -0.9978589232386031 0
    outer loop
      vertex 39 46.2 1.3000000000000043
      vertex 39.15663143066406 46.189733833648575 2.5
      vertex 39 46.2 2.5
    endloop
  endfacet
  facet normal -0.19509032201614016 -0.9807852804032281 0
    outer loop
      vertex 39.15663143066406 46.189733833648575 1.3000000000000043
      vertex 39.31058285412303 46.15911099154688 2.5
      vertex 39.15663143066406 46.189733833648575 2.5
    endloop
  endfacet
  facet normal -0.3214394653031473 -0.9469301294951106 0
    outer loop
      vertex 39.31058285412303 46.15911099154688 1.3000000000000043
      vertex 39.45922011883811 46.108655439013546 2.5
      vertex 39.31058285412303 46.15911099154688 2.5
    endloop
  endfacet
  facet normal -0.4422886902190455 -0.8968727415326664 0
    outer loop
      vertex 39.45922011883811 46.108655439013546 1.3000000000000043
      vertex 39.6 46.03923048454132 2.5
      vertex 39.45922011883811 46.108655439013546 2.5
    endloop
  endfacet
  facet normal -0.5555702330195834 -0.8314696123025579 0
    outer loop
      vertex 39.6 46.03923048454132 1.3000000000000043
      vertex 39.73051371481046 45.95202400834948 2.5
      vertex 39.6 46.03923048454132 2.5
    endloop
  endfacet
  facet normal -0.8314696123025369 -0.5555702330196147 0
    outer loop
      vertex 39.95202400834948 45.730513714810456 1.3000000000000043
      vertex 40.03923048454133 45.599999999999994 2.5
      vertex 39.95202400834948 45.730513714810456 2.5
    endloop
  endfacet
  facet normal -0.7518398074789895 -0.6593458151000552 0
    outer loop
      vertex 39.848528137423855 45.848528137423855 1.3000000000000043
      vertex 39.95202400834948 45.730513714810456 2.5
      vertex 39.848528137423855 45.848528137423855 2.5
    endloop
  endfacet
  facet normal -0.8968727415326667 -0.44228869021904504 0
    outer loop
      vertex 40.03923048454133 45.599999999999994 1.3000000000000043
      vertex 40.108655439013546 45.45922011883812 2.5
      vertex 40.03923048454133 45.599999999999994 2.5
    endloop
  endfacet
  facet normal -0.6593458151000776 -0.7518398074789697 0
    outer loop
      vertex 39.73051371481046 45.95202400834948 1.3000000000000043
      vertex 39.848528137423855 45.848528137423855 2.5
      vertex 39.73051371481046 45.95202400834948 2.5
    endloop
  endfacet
  facet normal 0.5438226936267633 0.620110934073319 -0.5654372709145088
    outer loop
      vertex 38.151471862576145 44.151471862576145 1.3000000000000043
      vertex 37.72578332950999 43.33940850452018 0
      vertex 37.51993374502785 43.519933745027856 0
    endloop
  endfacet
  facet normal 0.6201109340733294 0.5438226936267508 -0.5654372709145091
    outer loop
      vertex 38.04797599165052 44.269486285189544 1.3000000000000043
      vertex 37.51993374502785 43.519933745027856 0
      vertex 37.33940850452018 43.725783329509994 0
    endloop
  endfacet
  facet normal 0.6857889045106573 0.4582294961161109 -0.5654372709145087
    outer loop
      vertex 37.96076951545867 44.400000000000006 1.3000000000000043
      vertex 37.33940850452018 43.725783329509994 0
      vertex 37.187296444903104 43.95343511450382 0
    endloop
  endfacet
  facet normal 0.3647958648816717 0.7397328366552219 -0.5654372709145125
    outer loop
      vertex 38.4 43.96076951545868 1.3000000000000043
      vertex 38.19899391485109 43.06620024569011 0
      vertex 37.95343511450382 43.1872964449031 0
    endloop
  endfacet
  facet normal 0.45822949611611585 0.6857889045106537 -0.5654372709145091
    outer loop
      vertex 38.26948628518954 44.04797599165052 1.3000000000000043
      vertex 37.95343511450382 43.1872964449031 0
      vertex 37.72578332950999 43.33940850452018 0
    endloop
  endfacet
  facet normal 0.265120475258646 0.7810197348719057 -0.5654372709145091
    outer loop
      vertex 38.54077988116189 43.891344560986454 1.3000000000000043
      vertex 38.458258151396095 42.97819189642394 0
      vertex 38.19899391485109 43.06620024569011 0
    endloop
  endfacet
  facet normal 0.7397328366552174 0.3647958648816906 -0.5654372709145064
    outer loop
      vertex 37.891344560986454 44.54077988116188 1.3000000000000043
      vertex 37.187296444903104 43.95343511450382 0
      vertex 37.06620024569011 44.19899391485109 0
    endloop
  endfacet
  facet normal 0.7810197348719112 0.2651204752586264 -0.5654372709145105
    outer loop
      vertex 37.84088900845312 44.68941714587697 1.3000000000000043
      vertex 37.06620024569011 44.19899391485109 0
      vertex 36.978191896423944 44.458258151396095 0
    endloop
  endfacet
  facet normal 0.8089431688853758 0.16090880079858474 -0.565437270914509
    outer loop
      vertex 37.810266166351425 44.84336856933594 1.3000000000000043
      vertex 36.978191896423944 44.458258151396095 0
      vertex 36.924777244361074 44.72679174116993 0
    endloop
  endfacet
  facet normal 0.8230253609977864 0.05394393214455502 -0.5654372709145082
    outer loop
      vertex 37.8 45 1.3000000000000043
      vertex 36.924777244361074 44.72679174116993 0
      vertex 36.90687022900763 45 0
    endloop
  endfacet
  facet normal 0.8230253609977862 -0.053943932144555 -0.5654372709145086
    outer loop
      vertex 37.810266166351425 45.15663143066406 1.3000000000000043
      vertex 36.90687022900763 45 0
      vertex 36.924777244361074 45.27320825883007 0
    endloop
  endfacet
  facet normal 0.8089431688853748 -0.16090880079858458 -0.5654372709145106
    outer loop
      vertex 37.84088900845312 45.31058285412303 1.3000000000000043
      vertex 36.924777244361074 45.27320825883007 0
      vertex 36.978191896423944 45.541741848603905 0
    endloop
  endfacet
  facet normal 0.7810197348719131 -0.26512047525862703 -0.5654372709145076
    outer loop
      vertex 37.891344560986454 45.45922011883812 1.3000000000000043
      vertex 36.978191896423944 45.541741848603905 0
      vertex 37.06620024569011 45.80100608514891 0
    endloop
  endfacet
  facet normal 0.7397328366552156 -0.36479586488168975 -0.565437270914509
    outer loop
      vertex 37.96076951545867 45.599999999999994 1.3000000000000043
      vertex 37.06620024569011 45.80100608514891 0
      vertex 37.187296444903104 46.04656488549618 0
    endloop
  endfacet
  facet normal 0.6857889045106572 -0.45822949611611086 -0.5654372709145089
    outer loop
      vertex 38.04797599165052 45.730513714810456 1.3000000000000043
      vertex 37.187296444903104 46.04656488549618 0
      vertex 37.33940850452018 46.274216670490006 0
    endloop
  endfacet
  facet normal 0.6201109340733295 -0.5438226936267513 -0.5654372709145086
    outer loop
      vertex 38.151471862576145 45.848528137423855 1.3000000000000043
      vertex 37.33940850452018 46.274216670490006 0
      vertex 37.51993374502785 46.480066254972144 0
    endloop
  endfacet
  facet normal 0.5438226936267632 -0.620110934073319 -0.5654372709145087
    outer loop
      vertex 38.26948628518954 45.95202400834948 1.3000000000000043
      vertex 37.51993374502785 46.480066254972144 0
      vertex 37.72578332950999 46.66059149547982 0
    endloop
  endfacet
  facet normal 0.4582294961161147 -0.6857889045106523 -0.5654372709145119
    outer loop
      vertex 38.4 46.03923048454132 1.3000000000000043
      vertex 37.72578332950999 46.66059149547982 0
      vertex 37.95343511450382 46.8127035550969 0
    endloop
  endfacet
  facet normal 0.36479586488167287 -0.7397328366552246 -0.5654372709145083
    outer loop
      vertex 38.54077988116189 46.108655439013546 1.3000000000000043
      vertex 37.95343511450382 46.8127035550969 0
      vertex 38.19899391485109 46.93379975430989 0
    endloop
  endfacet
  facet normal 0.2651204752586453 -0.7810197348719032 -0.5654372709145128
    outer loop
      vertex 38.68941714587697 46.15911099154688 1.3000000000000043
      vertex 38.19899391485109 46.93379975430989 0
      vertex 38.458258151396095 47.02180810357606 0
    endloop
  endfacet
  facet normal 0.16090880079853914 0.8089431688853826 -0.565437270914512
    outer loop
      vertex 38.68941714587697 43.84088900845312 1.3000000000000043
      vertex 38.72679174116994 42.92477724436108 0
      vertex 38.458258151396095 42.97819189642394 0
    endloop
  endfacet
  facet normal 0.05394393214455654 0.8230253609977883 -0.5654372709145055
    outer loop
      vertex 38.84336856933594 43.810266166351425 1.3000000000000043
      vertex 39 42.90687022900764 0
      vertex 38.72679174116994 42.92477724436108 0
    endloop
  endfacet
  facet normal -0.053943932144556554 0.8230253609977886 -0.5654372709145051
    outer loop
      vertex 39 43.8 1.3000000000000043
      vertex 39.27320825883006 42.92477724436108 0
      vertex 39 42.90687022900764 0
    endloop
  endfacet
  facet normal -0.16090880079853986 0.8089431688853862 -0.5654372709145068
    outer loop
      vertex 39.15663143066406 43.810266166351425 1.3000000000000043
      vertex 39.541741848603905 42.97819189642394 0
      vertex 39.27320825883006 42.92477724436108 0
    endloop
  endfacet
  facet normal -0.2651204752586453 0.7810197348719032 -0.5654372709145128
    outer loop
      vertex 39.31058285412303 43.84088900845312 1.3000000000000043
      vertex 39.80100608514891 43.06620024569011 0
      vertex 39.541741848603905 42.97819189642394 0
    endloop
  endfacet
  facet normal -0.36479586488167287 0.7397328366552246 -0.5654372709145083
    outer loop
      vertex 39.45922011883811 43.891344560986454 1.3000000000000043
      vertex 40.04656488549618 43.1872964449031 0
      vertex 39.80100608514891 43.06620024569011 0
    endloop
  endfacet
  facet normal -0.4582294961161147 0.6857889045106523 -0.5654372709145119
    outer loop
      vertex 39.6 43.96076951545868 1.3000000000000043
      vertex 40.27421667049001 43.33940850452018 0
      vertex 40.04656488549618 43.1872964449031 0
    endloop
  endfacet
  facet normal -0.5438226936267632 0.620110934073319 -0.5654372709145087
    outer loop
      vertex 39.73051371481046 44.04797599165052 1.3000000000000043
      vertex 40.48006625497215 43.519933745027856 0
      vertex 40.27421667049001 43.33940850452018 0
    endloop
  endfacet
  facet normal -0.6201109340733295 0.5438226936267513 -0.5654372709145086
    outer loop
      vertex 39.848528137423855 44.151471862576145 1.3000000000000043
      vertex 40.66059149547982 43.725783329509994 0
      vertex 40.48006625497215 43.519933745027856 0
    endloop
  endfacet
  facet normal -0.6857889045106572 0.45822949611611086 -0.5654372709145089
    outer loop
      vertex 39.95202400834948 44.269486285189544 1.3000000000000043
      vertex 40.812703555096896 43.95343511450382 0
      vertex 40.66059149547982 43.725783329509994 0
    endloop
  endfacet
  facet normal -0.7397328366552156 0.36479586488168975 -0.565437270914509
    outer loop
      vertex 40.03923048454133 44.400000000000006 1.3000000000000043
      vertex 40.93379975430989 44.19899391485109 0
      vertex 40.812703555096896 43.95343511450382 0
    endloop
  endfacet
  facet normal -0.7810197348719131 0.26512047525862703 -0.5654372709145076
    outer loop
      vertex 40.108655439013546 44.54077988116188 1.3000000000000043
      vertex 41.021808103576056 44.458258151396095 0
      vertex 40.93379975430989 44.19899391485109 0
    endloop
  endfacet
  facet normal -0.8089431688853748 0.16090880079858458 -0.5654372709145106
    outer loop
      vertex 40.15911099154688 44.68941714587697 1.3000000000000043
      vertex 41.075222755638926 44.72679174116993 0
      vertex 41.021808103576056 44.458258151396095 0
    endloop
  endfacet
  facet normal -0.8230253609977862 0.053943932144555 -0.5654372709145086
    outer loop
      vertex 40.189733833648575 44.84336856933594 1.3000000000000043
      vertex 41.09312977099237 45 0
      vertex 41.075222755638926 44.72679174116993 0
    endloop
  endfacet
  facet normal -0.8230253609977864 -0.05394393214455502 -0.5654372709145082
    outer loop
      vertex 40.2 45 1.3000000000000043
      vertex 41.075222755638926 45.27320825883007 0
      vertex 41.09312977099237 45 0
    endloop
  endfacet
  facet normal -0.8089431688853758 -0.16090880079858474 -0.565437270914509
    outer loop
      vertex 40.189733833648575 45.15663143066406 1.3000000000000043
      vertex 41.021808103576056 45.541741848603905 0
      vertex 41.075222755638926 45.27320825883007 0
    endloop
  endfacet
  facet normal 0.16090880079853986 -0.8089431688853862 -0.5654372709145068
    outer loop
      vertex 38.84336856933594 46.189733833648575 1.3000000000000043
      vertex 38.458258151396095 47.02180810357606 0
      vertex 38.72679174116994 47.07522275563892 0
    endloop
  endfacet
  facet normal 0.053943932144556554 -0.8230253609977886 -0.5654372709145051
    outer loop
      vertex 39 46.2 1.3000000000000043
      vertex 38.72679174116994 47.07522275563892 0
      vertex 39 47.09312977099236 0
    endloop
  endfacet
  facet normal -0.05394393214455654 -0.8230253609977883 -0.5654372709145055
    outer loop
      vertex 39.15663143066406 46.189733833648575 1.3000000000000043
      vertex 39 47.09312977099236 0
      vertex 39.27320825883006 47.07522275563892 0
    endloop
  endfacet
  facet normal -0.16090880079853914 -0.8089431688853826 -0.565437270914512
    outer loop
      vertex 39.31058285412303 46.15911099154688 1.3000000000000043
      vertex 39.27320825883006 47.07522275563892 0
      vertex 39.541741848603905 47.02180810357606 0
    endloop
  endfacet
  facet normal -0.265120475258646 -0.7810197348719057 -0.5654372709145091
    outer loop
      vertex 39.45922011883811 46.108655439013546 1.3000000000000043
      vertex 39.541741848603905 47.02180810357606 0
      vertex 39.80100608514891 46.93379975430989 0
    endloop
  endfacet
  facet normal -0.7397328366552174 -0.3647958648816906 -0.5654372709145064
    outer loop
      vertex 40.108655439013546 45.45922011883812 1.3000000000000043
      vertex 40.812703555096896 46.04656488549618 0
      vertex 40.93379975430989 45.80100608514891 0
    endloop
  endfacet
  facet normal -0.7810197348719112 -0.2651204752586264 -0.5654372709145105
    outer loop
      vertex 40.15911099154688 45.31058285412303 1.3000000000000043
      vertex 40.93379975430989 45.80100608514891 0
      vertex 41.021808103576056 45.541741848603905 0
    endloop
  endfacet
  facet normal -0.6857889045106573 -0.4582294961161109 -0.5654372709145087
    outer loop
      vertex 40.03923048454133 45.599999999999994 1.3000000000000043
      vertex 40.66059149547982 46.274216670490006 0
      vertex 40.812703555096896 46.04656488549618 0
    endloop
  endfacet
  facet normal -0.6201109340733294 -0.5438226936267508 -0.5654372709145091
    outer loop
      vertex 39.95202400834948 45.730513714810456 1.3000000000000043
      vertex 40.48006625497215 46.480066254972144 0
      vertex 40.66059149547982 46.274216670490006 0
    endloop
  endfacet
  facet normal -0.3647958648816717 -0.7397328366552219 -0.5654372709145125
    outer loop
      vertex 39.6 46.03923048454132 1.3000000000000043
      vertex 39.80100608514891 46.93379975430989 0
      vertex 40.04656488549618 46.8127035550969 0
    endloop
  endfacet
  facet normal -0.45822949611611585 -0.6857889045106537 -0.5654372709145091
    outer loop
      vertex 39.73051371481046 45.95202400834948 1.3000000000000043
      vertex 40.04656488549618 46.8127035550969 0
      vertex 40.27421667049001 46.66059149547982 0
    endloop
  endfacet
  facet normal -0.5438226936267633 -0.620110934073319 -0.5654372709145088
    outer loop
      vertex 39.848528137423855 45.848528137423855 1.3000000000000043
      vertex 40.27421667049001 46.66059149547982 0
      vertex 40.48006625497215 46.480066254972144 0
    endloop
  endfacet
  facet normal 0.6201109340733336 0.5438226936267468 -0.5654372709145086
    outer loop
      vertex 38.151471862576145 44.151471862576145 1.3000000000000043
      vertex 37.51993374502785 43.519933745027856 0
      vertex 38.04797599165052 44.269486285189544 1.3000000000000043
    endloop
  endfacet
  facet normal 0.3647958648817204 0.7397328366552025 -0.5654372709145068
    outer loop
      vertex 38.4 43.96076951545868 1.3000000000000043
      vertex 38.54077988116189 43.891344560986454 1.3000000000000043
      vertex 38.19899391485109 43.06620024569011 0
    endloop
  endfacet
  facet normal 0.5438226936267653 0.6201109340733174 -0.5654372709145087
    outer loop
      vertex 38.151471862576145 44.151471862576145 1.3000000000000043
      vertex 38.26948628518954 44.04797599165052 1.3000000000000043
      vertex 37.72578332950999 43.33940850452018 0
    endloop
  endfacet
  facet normal 0.45822949611608566 0.6857889045106706 -0.5654372709145129
    outer loop
      vertex 38.4 43.96076951545868 1.3000000000000043
      vertex 37.95343511450382 43.1872964449031 0
      vertex 38.26948628518954 44.04797599165052 1.3000000000000043
    endloop
  endfacet
  facet normal 0.6857889045106558 0.458229496116113 -0.565437270914509
    outer loop
      vertex 38.04797599165052 44.269486285189544 1.3000000000000043
      vertex 37.33940850452018 43.725783329509994 0
      vertex 37.96076951545867 44.400000000000006 1.3000000000000043
    endloop
  endfacet
  facet normal 0.7397328366552006 0.36479586488171883 -0.56543727091451
    outer loop
      vertex 37.96076951545867 44.400000000000006 1.3000000000000043
      vertex 37.187296444903104 43.95343511450382 0
      vertex 37.891344560986454 44.54077988116188 1.3000000000000043
    endloop
  endfacet
  facet normal 0.7810197348719252 0.2651204752585939 -0.5654372709145065
    outer loop
      vertex 37.84088900845312 44.68941714587697 1.3000000000000043
      vertex 37.891344560986454 44.54077988116188 1.3000000000000043
      vertex 37.06620024569011 44.19899391485109 0
    endloop
  endfacet
  facet normal 0.8089431688853709 0.16090880079860184 -0.5654372709145111
    outer loop
      vertex 37.84088900845312 44.68941714587697 1.3000000000000043
      vertex 36.978191896423944 44.458258151396095 0
      vertex 37.810266166351425 44.84336856933594 1.3000000000000043
    endloop
  endfacet
  facet normal 0.8230253609977858 0.053943932144559996 -0.5654372709145088
    outer loop
      vertex 37.810266166351425 44.84336856933594 1.3000000000000043
      vertex 36.924777244361074 44.72679174116993 0
      vertex 37.8 45 1.3000000000000043
    endloop
  endfacet
  facet normal 0.8230253609977862 -0.05394393214456003 -0.565437270914508
    outer loop
      vertex 37.8 45 1.3000000000000043
      vertex 36.90687022900763 45 0
      vertex 37.810266166351425 45.15663143066406 1.3000000000000043
    endloop
  endfacet
  facet normal 0.8089431688853727 -0.1609088007986022 -0.5654372709145086
    outer loop
      vertex 37.810266166351425 45.15663143066406 1.3000000000000043
      vertex 36.924777244361074 45.27320825883007 0
      vertex 37.84088900845312 45.31058285412303 1.3000000000000043
    endloop
  endfacet
  facet normal 0.781019734871922 -0.2651204752585928 -0.5654372709145116
    outer loop
      vertex 37.84088900845312 45.31058285412303 1.3000000000000043
      vertex 36.978191896423944 45.541741848603905 0
      vertex 37.891344560986454 45.45922011883812 1.3000000000000043
    endloop
  endfacet
  facet normal 0.7397328366552034 -0.3647958648817202 -0.5654372709145054
    outer loop
      vertex 37.891344560986454 45.45922011883812 1.3000000000000043
      vertex 37.06620024569011 45.80100608514891 0
      vertex 37.96076951545867 45.599999999999994 1.3000000000000043
    endloop
  endfacet
  facet normal 0.685788904510656 -0.45822949611611313 -0.5654372709145087
    outer loop
      vertex 37.96076951545867 45.599999999999994 1.3000000000000043
      vertex 37.187296444903104 46.04656488549618 0
      vertex 38.04797599165052 45.730513714810456 1.3000000000000043
    endloop
  endfacet
  facet normal 0.6201109340733332 -0.5438226936267464 -0.5654372709145093
    outer loop
      vertex 38.04797599165052 45.730513714810456 1.3000000000000043
      vertex 37.33940850452018 46.274216670490006 0
      vertex 38.151471862576145 45.848528137423855 1.3000000000000043
    endloop
  endfacet
  facet normal 0.543822693626765 -0.6201109340733172 -0.565437270914509
    outer loop
      vertex 38.151471862576145 45.848528137423855 1.3000000000000043
      vertex 37.51993374502785 46.480066254972144 0
      vertex 38.26948628518954 45.95202400834948 1.3000000000000043
    endloop
  endfacet
  facet normal 0.4582294961160876 -0.6857889045106735 -0.565437270914508
    outer loop
      vertex 38.26948628518954 45.95202400834948 1.3000000000000043
      vertex 37.72578332950999 46.66059149547982 0
      vertex 38.4 46.03923048454132 1.3000000000000043
    endloop
  endfacet
  facet normal 0.36479586488171806 -0.7397328366551977 -0.5654372709145142
    outer loop
      vertex 38.4 46.03923048454132 1.3000000000000043
      vertex 37.95343511450382 46.8127035550969 0
      vertex 38.54077988116189 46.108655439013546 1.3000000000000043
    endloop
  endfacet
  facet normal 0.26512047525860494 -0.7810197348719204 -0.5654372709145079
    outer loop
      vertex 38.54077988116189 46.108655439013546 1.3000000000000043
      vertex 38.19899391485109 46.93379975430989 0
      vertex 38.68941714587697 46.15911099154688 1.3000000000000043
    endloop
  endfacet
  facet normal 0.2651204752586036 0.7810197348719164 -0.565437270914514
    outer loop
      vertex 38.68941714587697 43.84088900845312 1.3000000000000043
      vertex 38.458258151396095 42.97819189642394 0
      vertex 38.54077988116189 43.891344560986454 1.3000000000000043
    endloop
  endfacet
  facet normal 0.16090880079860267 0.808943168885375 -0.565437270914505
    outer loop
      vertex 38.68941714587697 43.84088900845312 1.3000000000000043
      vertex 38.84336856933594 43.810266166351425 1.3000000000000043
      vertex 38.72679174116994 42.92477724436108 0
    endloop
  endfacet
  facet normal 0.05394393214456017 0.8230253609977883 -0.565437270914505
    outer loop
      vertex 38.84336856933594 43.810266166351425 1.3000000000000043
      vertex 39 43.8 1.3000000000000043
      vertex 39 42.90687022900764 0
    endloop
  endfacet
  facet normal -0.05394393214456014 0.823025360997788 -0.5654372709145056
    outer loop
      vertex 39 43.8 1.3000000000000043
      vertex 39.15663143066406 43.810266166351425 1.3000000000000043
      vertex 39.27320825883006 42.92477724436108 0
    endloop
  endfacet
  facet normal -0.16090880079860145 0.8089431688853688 -0.5654372709145141
    outer loop
      vertex 39.15663143066406 43.810266166351425 1.3000000000000043
      vertex 39.31058285412303 43.84088900845312 1.3000000000000043
      vertex 39.541741848603905 42.97819189642394 0
    endloop
  endfacet
  facet normal -0.265120475258605 0.7810197348719206 -0.5654372709145078
    outer loop
      vertex 39.31058285412303 43.84088900845312 1.3000000000000043
      vertex 39.45922011883811 43.891344560986454 1.3000000000000043
      vertex 39.80100608514891 43.06620024569011 0
    endloop
  endfacet
  facet normal -0.36479586488171806 0.7397328366551977 -0.5654372709145142
    outer loop
      vertex 39.45922011883811 43.891344560986454 1.3000000000000043
      vertex 39.6 43.96076951545868 1.3000000000000043
      vertex 40.04656488549618 43.1872964449031 0
    endloop
  endfacet
  facet normal -0.4582294961160876 0.6857889045106735 -0.565437270914508
    outer loop
      vertex 39.6 43.96076951545868 1.3000000000000043
      vertex 39.73051371481046 44.04797599165052 1.3000000000000043
      vertex 40.27421667049001 43.33940850452018 0
    endloop
  endfacet
  facet normal -0.543822693626765 0.6201109340733172 -0.565437270914509
    outer loop
      vertex 39.73051371481046 44.04797599165052 1.3000000000000043
      vertex 39.848528137423855 44.151471862576145 1.3000000000000043
      vertex 40.48006625497215 43.519933745027856 0
    endloop
  endfacet
  facet normal -0.6201109340733332 0.5438226936267464 -0.5654372709145093
    outer loop
      vertex 39.848528137423855 44.151471862576145 1.3000000000000043
      vertex 39.95202400834948 44.269486285189544 1.3000000000000043
      vertex 40.66059149547982 43.725783329509994 0
    endloop
  endfacet
  facet normal -0.685788904510656 0.45822949611611313 -0.5654372709145087
    outer loop
      vertex 39.95202400834948 44.269486285189544 1.3000000000000043
      vertex 40.03923048454133 44.400000000000006 1.3000000000000043
      vertex 40.812703555096896 43.95343511450382 0
    endloop
  endfacet
  facet normal -0.7397328366552034 0.3647958648817202 -0.5654372709145054
    outer loop
      vertex 40.03923048454133 44.400000000000006 1.3000000000000043
      vertex 40.108655439013546 44.54077988116188 1.3000000000000043
      vertex 40.93379975430989 44.19899391485109 0
    endloop
  endfacet
  facet normal -0.781019734871922 0.2651204752585928 -0.5654372709145116
    outer loop
      vertex 40.108655439013546 44.54077988116188 1.3000000000000043
      vertex 40.15911099154688 44.68941714587697 1.3000000000000043
      vertex 41.021808103576056 44.458258151396095 0
    endloop
  endfacet
  facet normal -0.8089431688853727 0.1609088007986022 -0.5654372709145086
    outer loop
      vertex 40.15911099154688 44.68941714587697 1.3000000000000043
      vertex 40.189733833648575 44.84336856933594 1.3000000000000043
      vertex 41.075222755638926 44.72679174116993 0
    endloop
  endfacet
  facet normal -0.8230253609977862 0.05394393214456003 -0.565437270914508
    outer loop
      vertex 40.189733833648575 44.84336856933594 1.3000000000000043
      vertex 40.2 45 1.3000000000000043
      vertex 41.09312977099237 45 0
    endloop
  endfacet
  facet normal -0.8230253609977857 -0.053943932144559996 -0.5654372709145088
    outer loop
      vertex 40.2 45 1.3000000000000043
      vertex 40.189733833648575 45.15663143066406 1.3000000000000043
      vertex 41.075222755638926 45.27320825883007 0
    endloop
  endfacet
  facet normal -0.8089431688853708 -0.16090880079860184 -0.5654372709145111
    outer loop
      vertex 40.189733833648575 45.15663143066406 1.3000000000000043
      vertex 40.15911099154688 45.31058285412303 1.3000000000000043
      vertex 41.021808103576056 45.541741848603905 0
    endloop
  endfacet
  facet normal -0.7810197348719252 -0.2651204752585939 -0.5654372709145065
    outer loop
      vertex 40.15911099154688 45.31058285412303 1.3000000000000043
      vertex 40.108655439013546 45.45922011883812 1.3000000000000043
      vertex 40.93379975430989 45.80100608514891 0
    endloop
  endfacet
  facet normal 0.16090880079860145 -0.8089431688853688 -0.5654372709145141
    outer loop
      vertex 38.68941714587697 46.15911099154688 1.3000000000000043
      vertex 38.458258151396095 47.02180810357606 0
      vertex 38.84336856933594 46.189733833648575 1.3000000000000043
    endloop
  endfacet
  facet normal 0.05394393214456014 -0.823025360997788 -0.5654372709145056
    outer loop
      vertex 38.84336856933594 46.189733833648575 1.3000000000000043
      vertex 38.72679174116994 47.07522275563892 0
      vertex 39 46.2 1.3000000000000043
    endloop
  endfacet
  facet normal -0.05394393214456017 -0.8230253609977883 -0.565437270914505
    outer loop
      vertex 39.15663143066406 46.189733833648575 1.3000000000000043
      vertex 39 46.2 1.3000000000000043
      vertex 39 47.09312977099236 0
    endloop
  endfacet
  facet normal -0.2651204752586036 -0.7810197348719164 -0.565437270914514
    outer loop
      vertex 39.31058285412303 46.15911099154688 1.3000000000000043
      vertex 39.541741848603905 47.02180810357606 0
      vertex 39.45922011883811 46.108655439013546 1.3000000000000043
    endloop
  endfacet
  facet normal -0.16090880079860267 -0.808943168885375 -0.565437270914505
    outer loop
      vertex 39.15663143066406 46.189733833648575 1.3000000000000043
      vertex 39.27320825883006 47.07522275563892 0
      vertex 39.31058285412303 46.15911099154688 1.3000000000000043
    endloop
  endfacet
  facet normal -0.3647958648817204 -0.7397328366552025 -0.5654372709145068
    outer loop
      vertex 39.45922011883811 46.108655439013546 1.3000000000000043
      vertex 39.80100608514891 46.93379975430989 0
      vertex 39.6 46.03923048454132 1.3000000000000043
    endloop
  endfacet
  facet normal -0.7397328366552006 -0.36479586488171883 -0.56543727091451
    outer loop
      vertex 40.108655439013546 45.45922011883812 1.3000000000000043
      vertex 40.03923048454133 45.599999999999994 1.3000000000000043
      vertex 40.812703555096896 46.04656488549618 0
    endloop
  endfacet
  facet normal -0.6857889045106558 -0.458229496116113 -0.565437270914509
    outer loop
      vertex 40.03923048454133 45.599999999999994 1.3000000000000043
      vertex 39.95202400834948 45.730513714810456 1.3000000000000043
      vertex 40.66059149547982 46.274216670490006 0
    endloop
  endfacet
  facet normal -0.45822949611608566 -0.6857889045106706 -0.5654372709145129
    outer loop
      vertex 39.73051371481046 45.95202400834948 1.3000000000000043
      vertex 39.6 46.03923048454132 1.3000000000000043
      vertex 40.04656488549618 46.8127035550969 0
    endloop
  endfacet
  facet normal -0.5438226936267653 -0.6201109340733174 -0.5654372709145087
    outer loop
      vertex 39.73051371481046 45.95202400834948 1.3000000000000043
      vertex 40.27421667049001 46.66059149547982 0
      vertex 39.848528137423855 45.848528137423855 1.3000000000000043
    endloop
  endfacet
  facet normal -0.6201109340733336 -0.5438226936267468 -0.5654372709145086
    outer loop
      vertex 39.95202400834948 45.730513714810456 1.3000000000000043
      vertex 39.848528137423855 45.848528137423855 1.3000000000000043
      vertex 40.48006625497215 46.480066254972144 0
    endloop
  endfacet
endsolid OpenSCAD_Model
